trial,family,n,n_call,r_call,t_call,disc_call,val_call,yrs_pos_call,n_put,r_put,t_put,disc_put,val_put,yrs_pos_put
"price_ma(18,)",price_ma,52049,28701,-0.04509716695118747,-8.37209587134433,-0.036193809837528595,-0.057300215430914514,0.0,23348,-0.061182548742361724,-12.06840612839114,-0.07307542120016176,-0.03812579424676773,1.0
"price_ma(20,)",price_ma,49160,27135,-0.04283496021814256,-7.9649088922123035,-0.034523724649259735,-0.05414657135261271,1.0,22025,-0.060991814179733025,-12.211007892811645,-0.07276588066305818,-0.038354546494369715,1.0
"price_ma(22,)",price_ma,46720,25801,-0.04239964489688844,-7.893551491763138,-0.0344309240527009,-0.05323990461265723,1.0,20919,-0.0599169558379018,-12.12434212995924,-0.07203222850635771,-0.036601026360205166,1.0
"price_ma(24,)",price_ma,44603,24626,-0.04347827584646749,-8.058684296524866,-0.03441727619016599,-0.055704833673096824,0.0,19977,-0.05822510097559722,-11.853372264593448,-0.07052254302955842,-0.03451169578359198,1.0
"price_ma(10,)",price_ma,69021,37960,-0.04522844963415025,-8.657358415440727,-0.038345115870190925,-0.05480856175765207,0.0,31061,-0.0638896239218756,-11.88915486130962,-0.0771798066708485,-0.03735669588888366,1.0
"price_ma(12,)",price_ma,63913,35167,-0.046314253529443364,-8.797574622045504,-0.03892618528574015,-0.05657914057357211,0.0,28746,-0.06412228496259642,-11.89170499291299,-0.07631996330234235,-0.04017208066787466,1.0
"price_ma(14,)",price_ma,59179,32574,-0.04727432506796968,-8.728504351851461,-0.038421748957044345,-0.059448715140308306,0.0,26605,-0.06350583674509849,-11.686326542657248,-0.07650405822233071,-0.03796425186974372,1.0
"price_ma(16,)",price_ma,55333,30445,-0.04609410367811906,-8.531153937345548,-0.036594885927323524,-0.05917128596034226,0.0,24888,-0.06239222431234391,-11.84862681503385,-0.07452489449855877,-0.0387563686048706,1.0
"price_ma(34,)",price_ma,37462,20651,-0.04304172326175985,-7.5439171773613865,-0.03609428867011396,-0.05245736710899159,0.0,16811,-0.05796834376532127,-12.345993559776597,-0.06975011855496525,-0.035322269434731414,1.0
"price_ma(36,)",price_ma,36298,19984,-0.04298803980773838,-7.802831145447155,-0.036585810246271666,-0.05169292508348395,0.0,16314,-0.0591128340596862,-12.299613536102934,-0.07113456870189111,-0.03596824649408569,1.0
"price_ma(38,)",price_ma,35246,19418,-0.043558793763659634,-7.886423180466952,-0.035931215770141516,-0.05391692426778994,0.0,15828,-0.058082080898922694,-12.190710696150887,-0.07077153706684755,-0.03370774075278324,1.0
"price_ma(40,)",price_ma,34405,18913,-0.04344211704483261,-8.026064892044186,-0.035400033109086994,-0.05442917529309261,0.0,15492,-0.058040592265150105,-12.495320121743596,-0.07016960641984196,-0.03485619027917551,1.0
"price_ma(26,)",price_ma,42853,23672,-0.04456068449604016,-7.9611504230416665,-0.035857199946148964,-0.056337208521201096,0.0,19181,-0.057405241798543755,-11.7276205889854,-0.06920065552683269,-0.03470639867025245,1.0
"price_ma(28,)",price_ma,41271,22771,-0.0448465488117136,-7.736280376319514,-0.037929334955362236,-0.05416097930026917,0.0,18500,-0.05657784152762151,-11.896535916644668,-0.06764165510757096,-0.03527085782320202,1.0
"price_ma(30,)",price_ma,40130,22143,-0.044635053785844626,-7.788301682182025,-0.03747220800343726,-0.05427912695647809,0.0,17987,-0.05667458501069802,-12.037580084388292,-0.06719773584127318,-0.036579826752053575,1.0
"price_ma(32,)",price_ma,38742,21391,-0.045004678330935174,-7.836004226389707,-0.0381096839586357,-0.05432637715466189,0.0,17351,-0.05581051271883073,-11.807508042503322,-0.06730304560038011,-0.03380616368743482,1.0
"price_ma(42,)",price_ma,33612,18486,-0.044347784595703744,-8.172126333020996,-0.03680738441037325,-0.05468500885900984,0.0,15126,-0.05735212366098925,-12.347074759624283,-0.06982145837567727,-0.03363359250952779,1.0
"price_ma(44,)",price_ma,32814,18039,-0.044863576205635074,-8.091393408820412,-0.03751244505988107,-0.05497912771771254,0.0,14775,-0.05761767349419485,-12.347963181410172,-0.07093297201987335,-0.03232749012880197,1.0
"price_ma(46,)",price_ma,32056,17599,-0.04482220958340922,-8.061290751416392,-0.03703353896849394,-0.05547465482371982,0.0,14457,-0.057585267461010184,-11.965258685250117,-0.07124270733335103,-0.03187169871232778,1.0
"price_ma(48,)",price_ma,31361,17191,-0.04380198030760154,-7.918500266187457,-0.0368325406495532,-0.0532834039148984,0.0,14170,-0.05868897191149227,-12.254167263428366,-0.07158643343324039,-0.034784776211498364,1.0
"price_ma(50,)",price_ma,30730,16827,-0.043061542419873054,-7.76076051091036,-0.03640371259334934,-0.05209217394202803,0.0,13903,-0.059304053730613704,-11.899285512372892,-0.0731419885567241,-0.033555814094293465,1.0
"price_ma(52,)",price_ma,30218,16571,-0.042636472698430544,-7.680078130640332,-0.03556115102162756,-0.05217752793578605,0.0,13647,-0.0588028729847197,-12.001257694462266,-0.07320575918221006,-0.032068005323450985,1.0
"price_ma(54,)",price_ma,29629,16226,-0.04202423248997972,-7.666183884215748,-0.034843740331903225,-0.05169027962585193,0.0,13403,-0.05876994344307529,-12.076143615763788,-0.07383263289450727,-0.030933094705484148,1.0
"price_ma(56,)",price_ma,29093,15924,-0.0413335244890783,-7.722887172331812,-0.03501396249630228,-0.04978248394816101,0.0,13169,-0.05813434577122709,-11.785679694504442,-0.07280265451342023,-0.031189781220455653,1.0
"price_ma(58,)",price_ma,28671,15694,-0.04216427925134207,-7.764262305208709,-0.0375933827328026,-0.04826198028812064,0.0,12977,-0.057824067911203834,-12.062863472774726,-0.07174267583060125,-0.03248560672170751,1.0
"price_ma(60,)",price_ma,28206,15428,-0.04127517693166583,-7.78902538911939,-0.03665289591495747,-0.047444746932780814,0.0,12778,-0.05812069608662058,-11.875563639208798,-0.07234107481438183,-0.0323789020887752,1.0
"price_ma(62,)",price_ma,27800,15184,-0.04114846993164163,-7.921650783179241,-0.036246408963771765,-0.047673012239199494,0.0,12616,-0.05873542332156149,-12.023658187302807,-0.07344867349412416,-0.03216256046542072,1.0
"price_ma(64,)",price_ma,27336,14945,-0.041488808963353885,-7.84311166544734,-0.037378012812610814,-0.04695193340990787,0.0,12391,-0.05865276194363496,-11.9351969734772,-0.07248135540712577,-0.03375816860348406,1.0
"price_ma(66,)",price_ma,26933,14709,-0.041673965457994455,-8.032110667435415,-0.03840503710900263,-0.046013054052882515,0.0,12224,-0.05772997231384391,-12.030560348802432,-0.0719647529008086,-0.03209171030340796,1.0
"price_ma(68,)",price_ma,26611,14553,-0.042614097341078065,-8.26564184672052,-0.03925011810792051,-0.04704814132871406,0.0,12058,-0.0559387952672193,-12.204360134819407,-0.06987818785568638,-0.031167640681173243,1.0
"price_ma(70,)",price_ma,26251,14382,-0.04330181831211481,-8.34713072358002,-0.03964192633399085,-0.048133064651361204,0.0,11869,-0.055003634841081124,-11.692074004552214,-0.06867343155439241,-0.030827194747699713,1.0
"price_ma(72,)",price_ma,25939,14204,-0.04324836565715613,-8.424364760060513,-0.04131554844002858,-0.04578611280284894,0.0,11735,-0.05393504158145052,-11.306870128240716,-0.06693034032198146,-0.031056468122468272,1.0
"price_ma(82,)",price_ma,24379,13326,-0.046416284250340965,-8.357357378610333,-0.040053899752192444,-0.0545644484125257,0.0,11053,-0.05640437701161491,-11.713505613100105,-0.06836887124667619,-0.03519186302285975,2.0
"price_ma(84,)",price_ma,24149,13192,-0.046720211173509295,-8.09822271242881,-0.03887727172829812,-0.05674671165251675,0.0,10957,-0.05630563366840763,-12.015395347095144,-0.06810732153249358,-0.0355352575710856,1.0
"price_ma(86,)",price_ma,23864,13016,-0.04733349828918452,-8.309181803280856,-0.03854315519217888,-0.05858784786047345,0.0,10848,-0.05613200929209682,-12.235329223806207,-0.06812295792268984,-0.03512503535935322,2.0
"price_ma(88,)",price_ma,23557,12860,-0.048564010427589385,-8.391897848932278,-0.04055631673819915,-0.05888323271000168,0.0,10697,-0.05577826035675372,-11.792490620113794,-0.068430583202142,-0.033718632066692275,2.0
"price_ma(74,)",price_ma,25547,13988,-0.04418958010489341,-8.439026708404205,-0.04232767885494689,-0.046618333662896146,0.0,11559,-0.05441061094755851,-11.536088484695922,-0.06743958173087437,-0.03136727675258741,1.0
"price_ma(76,)",price_ma,25189,13770,-0.043930951819727324,-8.245451482806832,-0.04126331287482622,-0.04739781325413286,0.0,11419,-0.055093249302670386,-11.806515227280856,-0.06772389668798637,-0.03269976786503273,1.0
"price_ma(78,)",price_ma,24898,13604,-0.04457270113786108,-8.31061750676501,-0.04010203554669869,-0.0503391900160091,0.0,11294,-0.05630698529757458,-11.942875864288254,-0.06824108105266795,-0.035189664314554996,1.0
"price_ma(80,)",price_ma,24680,13504,-0.046272653286920304,-8.48504269100461,-0.04057115278413502,-0.0535965398234875,0.0,11176,-0.05546355835894092,-11.71216400457114,-0.06758788996845082,-0.033956336216184095,2.0
"price_ma(90,)",price_ma,23266,12668,-0.04797093299187833,-8.044829077035693,-0.03968702154768148,-0.058660189180132334,0.0,10598,-0.057080608889744464,-11.789585455185867,-0.07023706100594501,-0.034124116295379495,2.0
"price_ma(92,)",price_ma,23053,12543,-0.04941088042266611,-8.368013027104457,-0.040195970356039216,-0.06133397638487997,0.0,10510,-0.05765165788037523,-11.912103944673122,-0.0709634611505709,-0.03453881851330029,2.0
"price_ma(94,)",price_ma,22796,12417,-0.05005966277548596,-8.14546364499107,-0.04065910402746359,-0.06220732960881739,0.0,10379,-0.057594220758208685,-11.745846224176741,-0.0712013934929134,-0.03396731866731359,2.0
"price_ma(96,)",price_ma,22539,12274,-0.05027134415964942,-8.215405835385194,-0.04054623244632202,-0.0628659821040222,0.0,10265,-0.058013212115820445,-11.777989903602885,-0.07231471136361216,-0.0330620670377881,2.0
"price_ma(98,)",price_ma,22295,12151,-0.051149357515399535,-8.393494933422147,-0.04155519062455335,-0.06363031311852647,0.0,10144,-0.05789853202554901,-11.64221002701375,-0.07208356421219182,-0.03304586304526161,2.0
"price_ma(100,)",price_ma,22034,12001,-0.050504174087142584,-8.200088537541225,-0.03993318663933244,-0.06424564742146537,0.0,10033,-0.05823874364194191,-11.745918118295457,-0.07299792546015814,-0.03257235320185525,2.0
"price_ma(102,)",price_ma,21847,11903,-0.05092815622626654,-8.144640799942982,-0.04071772083376133,-0.0642163311348034,0.0,9944,-0.057558174118932555,-11.49436581817299,-0.07193940728204948,-0.03244562584762949,2.0
"price_ma(104,)",price_ma,21618,11786,-0.050405893188360834,-8.089490354949204,-0.040554414696048896,-0.0633478040777506,0.0,9832,-0.05728234215327723,-11.419010173716027,-0.07186982749574844,-0.03168373730600987,2.0
"price_ma(106,)",price_ma,21425,11669,-0.05100942834520466,-8.150758632295926,-0.04085763240917259,-0.06441795595283971,0.0,9756,-0.05776322284577698,-11.613789794704655,-0.07171902548398343,-0.03344159772510173,1.0
"price_ma(108,)",price_ma,21223,11567,-0.05086847266053007,-8.027027449303276,-0.040814147814640614,-0.06419540545283994,0.0,9656,-0.05784248971263418,-11.770729258623511,-0.07259102645802508,-0.032121611620430715,2.0
"price_ma(110,)",price_ma,21110,11499,-0.05131692084741778,-8.207816895608115,-0.041345123690826296,-0.06448653549781831,0.0,9611,-0.058271406192277664,-11.897346340834329,-0.07297337736173622,-0.03281974141127694,2.0
"price_ma(112,)",price_ma,20870,11373,-0.05104135715876028,-8.120839314215686,-0.040949032405159104,-0.06426882302334402,0.0,9497,-0.05788419679174587,-11.972259508539045,-0.07192959279173335,-0.03352212783006302,1.0
"price_ma(114,)",price_ma,20674,11260,-0.050358552071378244,-8.061989062305962,-0.04174677592910476,-0.0616622820621915,0.0,9414,-0.05777607478627932,-12.00767423698814,-0.07113976926778538,-0.03458956013097597,1.0
"price_ma(116,)",price_ma,20505,11181,-0.0511754113256713,-8.072877267135752,-0.04142144259563376,-0.06386620990795107,0.0,9324,-0.056893287165328654,-11.701707398246636,-0.07086298126521738,-0.03279944304564914,1.0
"price_ma(118,)",price_ma,20289,11056,-0.0503824927402492,-8.037919662231559,-0.04095504270119003,-0.06270585397661539,0.0,9233,-0.05722372192570791,-11.729368153130311,-0.07120590182994176,-0.033000081452377095,2.0
"price_ma(120,)",price_ma,20085,10944,-0.049689274726767624,-7.803195068976015,-0.03882605308921369,-0.06388657113335161,0.0,9141,-0.057280826759460016,-11.754141258551,-0.07076852475726288,-0.0339762098071238,2.0
"price_ma(122,)",price_ma,19955,10871,-0.05080061109846224,-8.026920537723008,-0.03945227666438115,-0.06560059027881429,0.0,9084,-0.05579219279605364,-11.599555015878531,-0.0699713800412031,-0.03127996011481749,2.0
"price_ma(124,)",price_ma,19749,10763,-0.05041280364254474,-7.757978207906893,-0.039770008464359886,-0.06425662763982024,0.0,8986,-0.05570423154739673,-11.540830230128414,-0.06934893326168551,-0.032148906075824164,2.0
"price_ma(126,)",price_ma,19598,10670,-0.05044310899636338,-7.956477548067449,-0.039753967286688605,-0.06440877533732194,0.0,8928,-0.057368422853685506,-11.664465655705646,-0.07025724252577784,-0.035077975625001256,1.0
"price_ma(128,)",price_ma,19438,10561,-0.050689300365329495,-8.052087601131854,-0.04016496966597027,-0.06453941188437658,0.0,8877,-0.05682003420398921,-11.467522332968741,-0.06932263084106423,-0.03519423282528471,1.0
"price_ma(130,)",price_ma,19187,10438,-0.0490697560521656,-7.953579595019757,-0.03830306502498815,-0.0632271548324129,0.0,8749,-0.05660630804776062,-11.664895552552448,-0.06967462109127735,-0.03404524408357154,1.0
"price_ma(132,)",price_ma,19078,10372,-0.049076876017207886,-7.937924001783947,-0.03756428522497076,-0.064259700314862,0.0,8706,-0.05702853090955291,-11.743844969568407,-0.0703719927556516,-0.03388701196666441,1.0
"price_ma(134,)",price_ma,18927,10290,-0.04783992288664222,-7.664296283959996,-0.03536150487474844,-0.06444483926713507,0.0,8637,-0.05740485234552948,-11.892686357018656,-0.0711648680759949,-0.03348406406076669,1.0
"price_ma(136,)",price_ma,18742,10193,-0.04710866450444963,-7.507615580556526,-0.03379529853190748,-0.06483444294135902,0.0,8549,-0.05748158756660105,-11.722908335210965,-0.07169631853222003,-0.032908659730727326,1.0
"price_ma(138,)",price_ma,18562,10095,-0.04623881926165788,-7.49664787073966,-0.03375727101848623,-0.06293097546739057,0.0,8467,-0.057019540923642933,-11.767664589813739,-0.07102800371105972,-0.03275447856712365,1.0
"price_ma(140,)",price_ma,18402,10018,-0.046070965233933205,-7.529170593923204,-0.03391557576731521,-0.06222822205342988,0.0,8384,-0.05706877471289089,-11.842530519680732,-0.07155516844952761,-0.031929091748724235,1.0
"price_ma(142,)",price_ma,18201,9889,-0.04606621523430422,-7.582442236667875,-0.03378003941733525,-0.06228731127421141,0.0,8312,-0.057417994534404736,-11.823445629910772,-0.07202648068419033,-0.03217556605438466,1.0
"price_ma(144,)",price_ma,18098,9821,-0.04464714062263854,-7.4617285441475385,-0.03159370338909393,-0.061957940023542435,0.0,8277,-0.058137174641735886,-12.137422809532895,-0.07282811871545547,-0.03273680842921182,1.0
"price_ma(146,)",price_ma,17875,9719,-0.04556250172057878,-7.550559354983764,-0.03365820702117732,-0.061304046969440834,0.0,8156,-0.056233308040001706,-11.981727922082943,-0.0708510853567287,-0.03091051859115906,1.0
"price_ma(148,)",price_ma,17685,9612,-0.04622498133685258,-7.616471393285167,-0.034090814569345644,-0.06214797381141364,0.0,8073,-0.05643497976187297,-12.180392315104365,-0.07132091274042421,-0.030748955638518698,1.0
"price_ma(150,)",price_ma,17546,9519,-0.04617750255488479,-7.458930346486639,-0.03525434526785251,-0.06056533217517001,0.0,8027,-0.05700655419768803,-12.316781973403717,-0.07215671087844368,-0.030834825837184554,1.0
"price_ma(152,)",price_ma,17414,9456,-0.04695795187515977,-7.5883924922620585,-0.03575461404024433,-0.06176462203606074,0.0,7958,-0.05667521824772615,-12.12006001761399,-0.07190368461444871,-0.0303866803847885,1.0
"price_ma(154,)",price_ma,17295,9395,-0.045983061641708435,-7.601894529050506,-0.03385830982479168,-0.06201254692808699,0.0,7900,-0.05597186702917222,-11.92425043655179,-0.07155445086052661,-0.02888463724953884,1.0
"price_ma(156,)",price_ma,17154,9320,-0.04603776161970264,-7.569108869713013,-0.03279226702101848,-0.0635619603559478,0.0,7834,-0.05477050113196089,-11.803900698750201,-0.07041529604556003,-0.027636474630853013,2.0
"price_ma(158,)",price_ma,17009,9218,-0.04646374099206075,-7.512621070296684,-0.033397311411744096,-0.06374408588172618,0.0,7791,-0.05521958023067351,-11.76412138786875,-0.07191122452654052,-0.026281540067207267,2.0
"price_ma(160,)",price_ma,16881,9168,-0.047612046445247365,-7.570350357836043,-0.034161838321535375,-0.06536414299719114,0.0,7713,-0.05468776114419559,-11.648946728257894,-0.07063238658774336,-0.02705304709586386,2.0
"price_ma(162,)",price_ma,16800,9113,-0.04729129049295619,-7.687009612680592,-0.0351327812770626,-0.06339821354350093,0.0,7687,-0.05549651959147718,-11.81439526345333,-0.07103871041555725,-0.02846108359278338,2.0
"price_ma(164,)",price_ma,16631,9022,-0.04709512229665587,-7.57385973444627,-0.03487929439339094,-0.06335028363215514,0.0,7609,-0.0552918252740794,-11.74883516642836,-0.07141868287341886,-0.027007079734304152,2.0
"price_ma(166,)",price_ma,16548,8977,-0.04751165941614498,-7.56908386471477,-0.034487061163086946,-0.0648642548543579,0.0,7571,-0.056125974503350565,-11.639277247561358,-0.07170256003190559,-0.028927685517328137,1.0
"price_ma(168,)",price_ma,16417,8915,-0.04602749345984319,-7.395293524079283,-0.032401909887005996,-0.06425090767196762,0.0,7502,-0.05629125402830104,-11.48025087647886,-0.07263081043932865,-0.027548297678928118,1.0
"price_ma(178,)",price_ma,15852,8586,-0.04521384650920195,-7.3533957373751075,-0.03327486632981446,-0.06127488922525863,0.0,7266,-0.056029410429591385,-11.51965797885477,-0.07125953268806084,-0.029735304421629676,1.0
"price_ma(180,)",price_ma,15711,8509,-0.045306928818384135,-7.3894060002822455,-0.034263283746711067,-0.06016471040461244,0.0,7202,-0.05596660198930822,-11.464022407105553,-0.07113099883281862,-0.02976206471654518,1.0
"price_ma(182,)",price_ma,15658,8480,-0.047193111181751755,-7.683487973457103,-0.03615990904155511,-0.06210598617657107,0.0,7178,-0.05631821701301305,-11.563879848315526,-0.0715448219180922,-0.029764787511112802,1.0
"price_ma(184,)",price_ma,15492,8380,-0.047352200471372126,-7.510066480301175,-0.03653752509928436,-0.06193746333305551,0.0,7112,-0.05558976922990512,-11.236685125308489,-0.07084109801529209,-0.029170928855986634,1.0
"price_ma(170,)",price_ma,16314,8857,-0.04643846393405695,-7.452936393583642,-0.03352588852850371,-0.06378963035623196,0.0,7457,-0.055593374480003094,-11.556390703485041,-0.07146889007603537,-0.027704113810004816,1.0
"price_ma(172,)",price_ma,16183,8781,-0.045844860556772886,-7.471744141724895,-0.033734417703712535,-0.06208467062099404,0.0,7402,-0.05570365629509814,-11.793160276032669,-0.07103824603059988,-0.028951989737613638,1.0
"price_ma(174,)",price_ma,16141,8757,-0.04701936176275391,-7.5388057321579645,-0.034777769862644796,-0.06343310807950006,0.0,7384,-0.05632366202922521,-11.75653086852402,-0.07235958967187696,-0.02847178770251425,1.0
"price_ma(176,)",price_ma,16024,8686,-0.04712017081802557,-7.489747242750245,-0.03550333042250956,-0.06272315121437685,0.0,7338,-0.055666255214441074,-11.579933553726706,-0.07107067208386687,-0.02889245902870028,1.0
"price_ma(186,)",price_ma,15352,8305,-0.047412656238814646,-7.519963821068836,-0.036454457313938336,-0.062112151723607845,0.0,7047,-0.05482043530511994,-10.802380720345315,-0.07033489115013454,-0.027892977198341877,1.0
"price_ma(188,)",price_ma,15246,8258,-0.047503555897573255,-7.600781580838792,-0.03733094269668722,-0.06109485777813471,0.0,6988,-0.05529560010003148,-10.916080110302813,-0.07100924105774957,-0.028031971776914355,1.0
"price_ma(190,)",price_ma,15141,8196,-0.047128048548311714,-7.5306089306884045,-0.03828046243619625,-0.05899898122902437,0.0,6945,-0.05563375327841535,-11.04768730114159,-0.0710021006559706,-0.02908019471051843,1.0
"price_ma(192,)",price_ma,15033,8140,-0.04648896437844789,-7.466025421407362,-0.038127847026010776,-0.057781180912478615,0.0,6893,-0.05498325962292872,-11.193162486112103,-0.07071579093518048,-0.027682323341787093,1.0
"price_ma(194,)",price_ma,14983,8106,-0.045263006654196025,-7.197291350594499,-0.035800463160491916,-0.05805267597162202,0.0,6877,-0.05511844900417441,-11.167342617890993,-0.07141532257660375,-0.02669321580980545,1.0
"price_ma(196,)",price_ma,14894,8049,-0.04474229826944679,-6.9821544784149845,-0.03585436432797553,-0.056815096907788645,0.0,6845,-0.05538585647814555,-11.21100645409047,-0.07208900698083014,-0.026098232567766576,1.0
"price_ma(198,)",price_ma,14782,7989,-0.04579162988600047,-7.226888943158789,-0.03660592119419582,-0.05830450982187983,0.0,6793,-0.05492788355844518,-11.200368059082498,-0.07243222510151003,-0.02425273073277443,1.0
"price_ma(200,)",price_ma,14682,7950,-0.04492437394402579,-7.35176779301559,-0.036361618892808145,-0.05647207758030602,0.0,6732,-0.054524529163214305,-10.99947493525822,-0.07159547664679063,-0.024841360105116186,1.0
"price_ma(210,)",price_ma,14247,7737,-0.046577668762550616,-7.321573868431992,-0.0359349666983215,-0.06072948216683722,0.0,6510,-0.05488081767490914,-10.936102328650776,-0.07297690315653212,-0.02389127128762979,1.0
"price_ma(212,)",price_ma,14227,7731,-0.04688539289471032,-7.400132501280319,-0.03576158679292962,-0.06175075118485063,0.0,6496,-0.05577610310705694,-11.214598794402814,-0.07443070968839642,-0.023642644159317945,1.0
"price_ma(214,)",price_ma,14160,7704,-0.047130747817124605,-7.463273034376704,-0.036477735788603464,-0.0615069534365836,0.0,6456,-0.056397722616647473,-11.343752155598725,-0.07628370084063488,-0.022067537236723268,1.0
"price_ma(216,)",price_ma,14109,7674,-0.04857422251899322,-7.622780422527103,-0.03797731822306772,-0.06286123608320612,0.0,6435,-0.0567114962328607,-11.393686199076807,-0.07593195647382714,-0.02363442512049987,1.0
"price_ma(202,)",price_ma,14578,7909,-0.04535941234382582,-7.498326927993056,-0.03735207085119555,-0.05616111862821153,1.0,6669,-0.05347746910827927,-10.714417664009122,-0.07030649177507481,-0.02438474375344653,1.0
"price_ma(204,)",price_ma,14465,7866,-0.04665237176903012,-7.573631536904926,-0.03741454050574049,-0.05907965103556644,1.0,6599,-0.05300351114388186,-10.757574943888667,-0.07090267947861766,-0.022295020284822786,1.0
"price_ma(206,)",price_ma,14420,7836,-0.04751552874498789,-7.46910793281624,-0.03808007094269397,-0.06015718271897797,0.0,6584,-0.05286980290163684,-10.597948790185407,-0.07058827469788562,-0.02250154002908848,1.0
"price_ma(208,)",price_ma,14322,7769,-0.04674683640111589,-7.372283554411191,-0.03629910490319639,-0.06064476357366326,0.0,6553,-0.05415121255895911,-11.012051261572692,-0.07275212730403392,-0.0222793346230918,1.0
"price_ma(218,)",price_ma,14057,7643,-0.04815197991527357,-7.556359142437188,-0.037834716167222754,-0.062067920477718266,0.0,6414,-0.056205326646025594,-11.131899206291584,-0.0755547187556152,-0.022743228972250198,1.0
"price_ma(220,)",price_ma,13969,7579,-0.046646042393057356,-7.31855647864117,-0.03707373819689949,-0.05970271308856526,0.0,6390,-0.05591173884669489,-11.245576487705264,-0.07500484263937193,-0.02284369119208408,1.0
"price_ma(222,)",price_ma,13884,7525,-0.046978745762246206,-7.604459039150435,-0.03715679985022515,-0.06046494964144508,0.0,6359,-0.05670740548588897,-11.324394099810323,-0.07455301135171276,-0.025869953565023168,1.0
"price_ma(224,)",price_ma,13857,7502,-0.047461163124203655,-7.647962970101997,-0.036295244507409216,-0.06281209207410496,0.0,6355,-0.05793933455561756,-11.41597618714788,-0.07746497833023346,-0.023864344987821362,1.0
"price_ma(226,)",price_ma,13789,7468,-0.0486321819010822,-7.817426094068253,-0.03721416693861866,-0.06437013373469436,0.0,6321,-0.05732320471203338,-11.358984400244907,-0.07728401777591196,-0.022259028950453365,1.0
"price_ma(228,)",price_ma,13699,7429,-0.049224435487445185,-7.610520469425322,-0.037004289564995074,-0.06597157228927138,0.0,6270,-0.05661970759323896,-11.537519588564907,-0.0766184127797645,-0.0215495144400565,1.0
"price_ma(230,)",price_ma,13650,7391,-0.048774728160968416,-7.66198477625852,-0.03652107853657909,-0.06553027916882172,0.0,6259,-0.05665918496384342,-11.789716621562496,-0.07612289339488922,-0.022456218914750206,1.0
"price_ma(232,)",price_ma,13557,7327,-0.04855833232501433,-7.527657083339203,-0.03719872360788545,-0.06400447338901373,1.0,6230,-0.05590407281739976,-12.043834333270878,-0.07487353630745965,-0.02288068213100866,1.0
"price_ma(234,)",price_ma,13478,7296,-0.04846933836532947,-7.487241006389015,-0.03676002527718491,-0.06456059419716625,1.0,6182,-0.05569189110609455,-11.694527545552262,-0.07559540613029488,-0.02083638081671837,1.0
"price_ma(236,)",price_ma,13463,7293,-0.0486127399839257,-7.633634667289993,-0.0375349012276596,-0.06385108300272431,1.0,6170,-0.05473889768978006,-11.863799095434954,-0.07387080794146149,-0.02136018238413301,1.0
"price_ma(238,)",price_ma,13436,7278,-0.049223932815067414,-7.471609515383401,-0.03843525894124217,-0.06404516385112478,1.0,6158,-0.05536830504111554,-11.650329358782566,-0.0747367611319191,-0.021727448862066536,1.0
"price_ma(240,)",price_ma,13359,7235,-0.05024569631427327,-7.6000741694470015,-0.03902583982533877,-0.06567576159074949,1.0,6124,-0.054424834956034764,-11.450053425354254,-0.07418061180430781,-0.02004889931266389,1.0
"price_ma(242,)",price_ma,13271,7182,-0.05109781140797572,-7.724906370302332,-0.040021517100472984,-0.0663103293002366,1.0,6089,-0.05325676250074187,-11.187816109952147,-0.07307328979640988,-0.01896439531061501,1.0
"price_ma(244,)",price_ma,13235,7172,-0.050650958177974624,-7.5292902263633765,-0.04017683725949043,-0.06510892993369176,1.0,6063,-0.05304301478580889,-11.275560922484676,-0.07274971142936985,-0.01892912505553646,1.0
"price_ma(246,)",price_ma,13201,7164,-0.05083754068950811,-7.382589546328111,-0.03999787239158566,-0.06574567865362692,1.0,6037,-0.05251473760182481,-11.248552641148587,-0.07206763865877111,-0.018896078442201356,1.0
"price_ma(248,)",price_ma,13211,7177,-0.05103684939754663,-7.393404086021521,-0.04012466078095579,-0.06598031535384205,1.0,6034,-0.05218703316862737,-11.235875455841246,-0.07119999776032289,-0.01961536271253026,1.0
"price_ma(250,)",price_ma,13184,7166,-0.05049752723005275,-7.258543482992686,-0.0387967495027428,-0.06649670761106889,1.0,6018,-0.05231934206590704,-11.153377999563217,-0.07277679751228147,-0.01719532262456984,1.0
"ma_cross(5, 20)",ma_cross,36240,19882,-0.040577808272225374,-7.536976036620563,-0.03334609699587407,-0.05065241423184141,1.0,16358,-0.058014284839267224,-12.346374683891451,-0.06646685447270169,-0.04151339227026153,0.0
"ma_cross(5, 30)",ma_cross,28162,15387,-0.044066888062617465,-7.792570188101963,-0.04030833762348497,-0.04935885649780917,0.0,12775,-0.054994617893165086,-11.63323410749888,-0.06430431784240663,-0.03669080104380884,0.0
"ma_cross(5, 40)",ma_cross,23733,12865,-0.04641593835140372,-6.868933349152244,-0.04533767707201987,-0.04794958280714946,0.0,10868,-0.05749825324291647,-11.162285334084121,-0.06809829823244956,-0.03738614442113376,1.0
"ma_cross(5, 50)",ma_cross,20949,11350,-0.041723499967884485,-6.801238826431163,-0.04316532183685841,-0.03965358831478672,0.0,9599,-0.05823186421551179,-10.499187471089137,-0.0712657661109152,-0.034085253690713906,1.0
"ma_cross(5, 60)",ma_cross,18987,10229,-0.03905694436318549,-6.732119256299321,-0.04403242565844411,-0.0321800273889517,1.0,8758,-0.057031043183539396,-11.196488927738113,-0.07195452297315325,-0.029793285554624804,2.0
"ma_cross(5, 80)",ma_cross,16370,8774,-0.05155151061773431,-8.151001448006499,-0.04880745800152822,-0.05525704751521486,0.0,7596,-0.0559491275829942,-11.13881583868084,-0.06734409968490772,-0.03568491603964986,1.0
"ma_cross(5, 100)",ma_cross,14805,7901,-0.05683910295685175,-7.617890284729272,-0.05020160566491899,-0.06606934124844721,0.0,6904,-0.055513222762966725,-10.818293045359114,-0.07323930999454564,-0.02455955412866623,1.0
"ma_cross(5, 120)",ma_cross,13306,7128,-0.05763506780194864,-8.387312970261544,-0.054225512101660954,-0.06241120190686495,0.0,6178,-0.05468803131668736,-10.391998376093428,-0.06990528186930864,-0.028563076981844165,1.0
"ma_cross(5, 150)",ma_cross,11602,6208,-0.052249468051309964,-7.862633759553908,-0.04435309972001904,-0.06318546798765409,0.0,5394,-0.05269369096933893,-9.749503136075017,-0.07243913078338951,-0.01960832604281967,1.0
"ma_cross(5, 200)",ma_cross,9799,5256,-0.046205427822368875,-6.183007007712616,-0.042774591245947624,-0.051073016025363224,0.0,4543,-0.04937987090471628,-9.861307127979046,-0.07208953625670711,-0.011791459287628028,1.0
"ma_cross(8, 20)",ma_cross,33878,18527,-0.04115824881050698,-6.644857027585816,-0.04100803955423563,-0.04136782325054324,2.0,15351,-0.058588509922273616,-12.36710512321823,-0.065979343084121,-0.04429419784950345,0.0
"ma_cross(8, 30)",ma_cross,25074,13541,-0.041953200398877635,-7.062687732350168,-0.042456206292035,-0.04122962556103484,0.0,11533,-0.05823644668967568,-11.148517955645335,-0.0674653618275029,-0.040655014652550406,0.0
"ma_cross(8, 40)",ma_cross,20669,11095,-0.043650292011103244,-7.2715638798795315,-0.04548069990803868,-0.040972736397162174,0.0,9574,-0.05731950126906147,-10.442341992117083,-0.07096708312023405,-0.0325483978385151,0.0
"ma_cross(8, 50)",ma_cross,18032,9680,-0.03911394636333089,-5.631715671219473,-0.042645676728405635,-0.03403213429103513,0.0,8352,-0.054808589681864195,-10.912375193706001,-0.07255691316695248,-0.02307961084804148,1.0
"ma_cross(8, 60)",ma_cross,16310,8742,-0.035276460229790606,-6.335545115569325,-0.04233107269622347,-0.02544404581189813,1.0,7568,-0.05672104940873463,-10.986485846176722,-0.07545174869570791,-0.023086055232902677,1.0
"ma_cross(8, 80)",ma_cross,13891,7412,-0.04859689130968775,-7.553776479589614,-0.04422867638583679,-0.05459601836969312,0.0,6479,-0.056722611597225164,-11.137189655801768,-0.07192389263945755,-0.030261836855775822,1.0
"ma_cross(8, 100)",ma_cross,12536,6667,-0.0512754680355341,-6.7143398506749845,-0.04233131252428026,-0.06383534598750759,0.0,5869,-0.05666787447845368,-10.338369053661195,-0.07753965721931971,-0.021193524327809722,1.0
"ma_cross(8, 120)",ma_cross,11226,5952,-0.05308983794383395,-6.61082595132556,-0.050288754878683825,-0.05710758776366277,0.0,5274,-0.05394982790985824,-10.334842280764455,-0.07359426152891209,-0.0210030214746532,1.0
"ma_cross(8, 150)",ma_cross,9829,5273,-0.051056314841516834,-7.359183612000032,-0.04764885606230308,-0.055902200179342186,0.0,4556,-0.050731517444202956,-8.554018414775545,-0.0769879134589036,-0.006036466102452746,1.0
"ma_cross(8, 200)",ma_cross,8320,4429,-0.049079692560028074,-6.480070617571814,-0.04341539130161123,-0.057352719231349124,0.0,3891,-0.05103644584352975,-10.318223898089244,-0.08140326613928617,-0.0018360622532335134,1.0
"ma_cross(10, 20)",ma_cross,33467,18290,-0.03989551669424815,-6.285186547259379,-0.03824156704331175,-0.04222140379053273,1.0,15177,-0.057694469983737236,-11.239077535503366,-0.065695701736912,-0.042111569999111774,0.0
"ma_cross(10, 30)",ma_cross,23731,12756,-0.04264048415631858,-5.637261709795089,-0.04136213382986547,-0.044516222178847265,0.0,10975,-0.058533372406781865,-11.219585534292563,-0.07014440429328417,-0.03628018028202646,0.0
"ma_cross(10, 40)",ma_cross,19386,10353,-0.042986646467767405,-6.230031407182411,-0.044244483393845374,-0.04111485453162829,0.0,9033,-0.05719346013983583,-10.25096390767262,-0.07248836903982706,-0.029300212711718045,1.0
"ma_cross(10, 50)",ma_cross,16790,9020,-0.03728657074087438,-5.4048177575585274,-0.0413252030355875,-0.03141808764306306,0.0,7770,-0.055996897269762216,-10.543704932165937,-0.07398443410776423,-0.023836188240783398,1.0
"ma_cross(10, 60)",ma_cross,15135,8088,-0.03392615850927045,-6.4633822238344285,-0.04201464742835308,-0.022590746484902873,1.0,7047,-0.05515129718577388,-9.728111188210022,-0.07366731711276733,-0.022597887592014747,1.0
"ma_cross(10, 80)",ma_cross,12866,6853,-0.04544654310856773,-6.210337599340071,-0.04275387421969991,-0.0490972430390231,0.0,6013,-0.05233182852834933,-10.499815939187213,-0.07038668041743304,-0.021942314326821557,1.0
"ma_cross(10, 100)",ma_cross,11408,6068,-0.05156837693290476,-6.5581082228880385,-0.04316821507286949,-0.06341133745837149,0.0,5340,-0.053682576394400494,-10.576736394439147,-0.0763426510658256,-0.015566760184153074,1.0
"ma_cross(10, 120)",ma_cross,10221,5418,-0.0516790640175449,-6.961860504524454,-0.048450892924754504,-0.05645191350148753,0.0,4803,-0.05150599215633174,-9.325629127568574,-0.07606290051446729,-0.009800635995295933,1.0
"ma_cross(10, 150)",ma_cross,8997,4800,-0.04948759652230276,-7.287395367986773,-0.04705780611559394,-0.05305728860129473,0.0,4197,-0.04999201210862174,-8.475580192376599,-0.07867264914682164,-0.0016095034046161331,1.0
"ma_cross(10, 200)",ma_cross,7617,4049,-0.04802688786450525,-6.423111713309607,-0.04276535371662257,-0.05580326789335267,1.0,3568,-0.0540837337897839,-9.821383265897158,-0.08604329446161924,-0.0028084678359926196,1.0
"ma_cross(12, 20)",ma_cross,33929,18484,-0.03824857300622094,-5.654891640267551,-0.03216199940218775,-0.046755880125621326,1.0,15445,-0.05918524482187816,-11.642750236204757,-0.0670187339990891,-0.04399966239672552,0.0
"ma_cross(12, 30)",ma_cross,22830,12242,-0.0391565465846556,-5.653229231046978,-0.03825512379575504,-0.040490330962398895,0.0,10588,-0.05933270407035715,-11.588828977169507,-0.06999692863093296,-0.038951338956097474,1.0
"ma_cross(12, 40)",ma_cross,18373,9814,-0.04063239697776203,-5.676656046827648,-0.04143078567757903,-0.03942274193078148,0.0,8559,-0.056414630868820204,-10.48545956525778,-0.07186591783265497,-0.028263027913940232,1.0
"ma_cross(12, 50)",ma_cross,15835,8489,-0.03451808151469321,-5.120838998384783,-0.03994578634523099,-0.026682750563298004,0.0,7346,-0.055468375589266296,-10.982476558362368,-0.07448094717065694,-0.02179654474255597,1.0
"ma_cross(12, 60)",ma_cross,14226,7580,-0.032373788423408614,-6.014281361887869,-0.03877716077104296,-0.023412310376909284,1.0,6646,-0.05497618732079291,-10.517873409762426,-0.0757205515836116,-0.019055099511810097,1.0
"ma_cross(12, 80)",ma_cross,11967,6401,-0.04760950521488387,-7.734120400927424,-0.0413648617674395,-0.056017340765640175,0.0,5566,-0.05226770355832452,-10.389459123379284,-0.07184808774285124,-0.019802042675479838,1.0
"ma_cross(12, 100)",ma_cross,10625,5644,-0.05043230062145573,-6.374608926855381,-0.04078543156508764,-0.06419339758148553,0.0,4981,-0.05762757133654658,-11.112085485000026,-0.08446686855467182,-0.0123597814762027,1.0
"ma_cross(12, 120)",ma_cross,9484,5044,-0.04880696439771626,-7.3297866361527815,-0.04574853524560102,-0.05331807236202361,0.0,4440,-0.05177451658040231,-9.116590018442215,-0.07982313666372919,-0.004936862959597303,1.0
"ma_cross(12, 150)",ma_cross,8317,4443,-0.04657822185453522,-6.938566574234377,-0.043391194993377354,-0.051355177189172846,0.0,3874,-0.048682283479582325,-8.664858400350763,-0.08015535867720136,0.003990047337689027,1.0
"ma_cross(15, 50)",ma_cross,14932,7994,-0.033141837480640715,-4.9547162634453406,-0.0399664238165702,-0.023076100853901358,0.0,6938,-0.05931049223537615,-10.394637585055111,-0.08098175782917344,-0.021007589225357857,1.0
"ma_cross(15, 60)",ma_cross,13236,7070,-0.03334649953868148,-6.200105997795547,-0.04067874070849718,-0.023248026158868066,1.0,6166,-0.05913120170037445,-10.29928258842891,-0.08257522642556363,-0.019339943636623773,1.0
"ma_cross(15, 80)",ma_cross,11069,5924,-0.044070544003391096,-6.41081932743229,-0.033500455552320334,-0.05841776712579552,0.0,5145,-0.054184039938248954,-9.906804693699257,-0.07718801402861461,-0.01636815447315147,1.0
"ma_cross(15, 100)",ma_cross,9764,5189,-0.05198462233636619,-6.276579069648637,-0.042014463874466654,-0.06659173335608028,0.0,4575,-0.0582058877314285,-9.841507933835107,-0.09135260763631123,-0.0026705938557039168,1.0
"ma_cross(12, 200)",ma_cross,7040,3723,-0.04997213147303373,-6.277860384453844,-0.043308202339048286,-0.059981460515007835,0.0,3317,-0.05176570334322277,-8.901709566986645,-0.08801569112266916,0.00584942165205659,1.0
"ma_cross(15, 20)",ma_cross,36288,19753,-0.036216564581816206,-5.1441923197628245,-0.030068135475846035,-0.04482869941972411,1.0,16535,-0.05864711666912804,-10.72195986113758,-0.06745566247102251,-0.04158544846847808,1.0
"ma_cross(15, 30)",ma_cross,22216,11875,-0.03747922241839689,-5.7571503996721844,-0.03577737032220271,-0.04004097657585373,0.0,10341,-0.05926683514894092,-10.987542730190116,-0.07330783459391926,-0.03209353562698173,1.0
"ma_cross(15, 40)",ma_cross,17437,9340,-0.041830937003528336,-6.427646659527714,-0.04401728178472628,-0.0384937599409641,0.0,8097,-0.061618502517317625,-10.705602451445147,-0.08270528193253042,-0.022838643459536727,2.0
"ma_cross(15, 120)",ma_cross,8650,4624,-0.047655442171353805,-6.883050778836486,-0.042956122613529275,-0.05459493013114076,0.0,4026,-0.05474814968618131,-9.101335892890123,-0.08792459724877341,-0.0005679079832431324,1.0
"ma_cross(15, 150)",ma_cross,7623,4093,-0.04547089811213271,-5.931663352873333,-0.03904335835168314,-0.055114170959820026,1.0,3530,-0.0495698175222982,-9.230769647572245,-0.0844306055044172,0.007748107287253258,1.0
"ma_cross(15, 200)",ma_cross,6402,3404,-0.04676911397767607,-5.641276163538112,-0.04442654514411053,-0.05039072189015174,0.0,2998,-0.04843610282870906,-7.79773414670543,-0.08081076853355523,0.0030779503801257073,1.0
"ma_cross(20, 30)",ma_cross,23134,12409,-0.04086778224450064,-6.3750792480421286,-0.04418865652943466,-0.03562135320266828,0.0,10725,-0.06027115673315188,-10.944338842098226,-0.07645101586553196,-0.028646886610772596,0.0
"ma_cross(20, 40)",ma_cross,16980,9091,-0.04251155694404504,-5.328199675840079,-0.046947998802056835,-0.03551287180143725,0.0,7889,-0.06400432320608318,-11.271208169722568,-0.08585391628102211,-0.02380516186482583,2.0
"ma_cross(20, 50)",ma_cross,14145,7636,-0.0355521704425683,-5.358821608280194,-0.04534177805994499,-0.021015893332874246,0.0,6509,-0.05966270454732696,-10.386974134596501,-0.08327505080029597,-0.018425784234652413,1.0
"ma_cross(20, 60)",ma_cross,12303,6618,-0.03734259777613169,-6.768708799507109,-0.05037379340442965,-0.01916117933708404,1.0,5685,-0.0566658122712525,-10.006983729889269,-0.08085624098385773,-0.016170169849727533,1.0
"ma_cross(20, 80)",ma_cross,10194,5489,-0.051002229997272,-6.570826868319921,-0.04252882974097936,-0.06286573136178841,0.0,4705,-0.05440864143379161,-9.959354285741602,-0.07884459344603323,-0.013742014613871952,1.0
"ma_cross(20, 100)",ma_cross,8842,4756,-0.054022048836461584,-6.884877378207773,-0.04104565411895687,-0.07303929500877149,0.0,4086,-0.05600876609903634,-9.03831333382963,-0.09098187809407941,0.0011523163686839569,1.0
"ma_cross(20, 120)",ma_cross,7785,4209,-0.0525113759737333,-6.978069653478635,-0.048211968149895985,-0.059022127965028155,0.0,3576,-0.055931654624561886,-9.8107896964359,-0.09243090400963344,0.0034701362556243532,1.0
"ma_cross(20, 150)",ma_cross,6842,3680,-0.05427087095338253,-6.294329975336066,-0.04906951969357347,-0.06220676927222644,0.0,3162,-0.0510614439150572,-8.41856259068992,-0.08748029447877056,0.007926835167013766,1.0
"ma_cross(20, 200)",ma_cross,5701,3050,-0.05126261001895513,-6.8538055943010665,-0.05148173034584421,-0.050910030605030104,0.0,2651,-0.05610275790943542,-7.760462784847306,-0.09040379828380869,-0.0020344513134845587,1.0
"ma_cross(25, 30)",ma_cross,27394,14799,-0.042507294195664375,-5.370373088648775,-0.04724826970224146,-0.035199206243228205,0.0,12595,-0.06728025452702886,-11.285089037376862,-0.07963430037216929,-0.043615965321348975,0.0
"ma_cross(25, 40)",ma_cross,17563,9534,-0.04667301272585537,-6.0056099783769685,-0.053695229520070616,-0.03572212484462144,0.0,8029,-0.06617090793686939,-10.867428190206239,-0.08701008924262223,-0.027908080516416123,2.0
"ma_cross(25, 50)",ma_cross,14010,7675,-0.03629622656680911,-5.65679009038504,-0.04047130872573664,-0.030197581386920094,1.0,6335,-0.06237869237360116,-9.9839042482924,-0.08619128089066967,-0.02119655953968778,2.0
"ma_cross(25, 60)",ma_cross,11887,6479,-0.0424503172466442,-7.385737035514316,-0.04646285931890595,-0.03685204228149969,1.0,5408,-0.0642931687718826,-9.701805545557521,-0.08770138160302669,-0.024783083893868026,1.0
"ma_cross(25, 80)",ma_cross,9601,5212,-0.05732110101859723,-7.250947483790426,-0.04350460163859562,-0.07635660655126367,0.0,4389,-0.05729301801853439,-9.729858353866545,-0.0808158641286847,-0.018016732998849087,1.0
"ma_cross(25, 100)",ma_cross,8165,4441,-0.06266548527103365,-6.563118059739877,-0.04989329176706488,-0.08123103284503463,0.0,3724,-0.05958253092822659,-10.108839368450804,-0.09153979755933785,-0.006289897176631312,1.0
"ma_cross(25, 120)",ma_cross,7162,3881,-0.060684882319876794,-7.359295541591244,-0.04712064543600749,-0.08108374436910219,0.0,3281,-0.05765748937455594,-8.317450536644794,-0.09329587330984143,0.0027842726981057078,1.0
"ma_cross(25, 150)",ma_cross,6372,3445,-0.055958065958948755,-5.743961885394767,-0.045863770523692345,-0.07099010562084432,0.0,2927,-0.05753050777651663,-8.674804557807441,-0.08956087901494697,-0.006298981488405608,1.0
"ma_cross(25, 200)",ma_cross,5190,2777,-0.0526313725670093,-4.605020727436091,-0.04800625703419104,-0.06002117362412211,0.0,2413,-0.05883868781714593,-9.164451157442057,-0.0930106805165693,-0.005754576406824776,1.0
"ma_cross(30, 40)",ma_cross,19380,10706,-0.039706374519934286,-6.135979432954594,-0.045194667217463985,-0.03143086735338507,0.0,8674,-0.06783548293550606,-10.657359726818889,-0.08686707662683062,-0.03207781553205823,2.0
"ma_cross(30, 50)",ma_cross,14211,7886,-0.03499125406086993,-5.966169237085068,-0.036861791351051956,-0.03239177405699876,1.0,6325,-0.06118292745238601,-9.636726741195979,-0.08384576008646608,-0.021846445029997025,2.0
"ma_cross(30, 60)",ma_cross,11673,6392,-0.04050403394678066,-6.842898484197146,-0.04341635489579825,-0.03660993606357871,1.0,5281,-0.06319052623652059,-10.024795460375858,-0.09065274172873608,-0.01725802512226339,1.0
"ma_cross(30, 80)",ma_cross,9172,4998,-0.06370806025574453,-6.0508177085630726,-0.040007908854984245,-0.09520518597567385,0.0,4174,-0.05391149177582101,-9.215693293958156,-0.07506401301727571,-0.01835841015161613,1.0
"ma_cross(30, 100)",ma_cross,7750,4223,-0.06852374579161201,-8.005670508994278,-0.05031929334712534,-0.09437511149788019,0.0,3527,-0.06199843850191954,-10.707644582449701,-0.08913902615438302,-0.016233578591367995,1.0
"ma_cross(30, 120)",ma_cross,6802,3701,-0.06267672971143257,-6.995520422166766,-0.04845879786256656,-0.08330685466564806,0.0,3101,-0.056280361324415794,-8.826728885123243,-0.08963260549400091,-0.0005496518593037133,1.0
"ma_cross(30, 150)",ma_cross,5892,3195,-0.06188153570986242,-5.808706491120237,-0.04722811442730604,-0.08304883439499361,0.0,2697,-0.05324671222070672,-8.37181665246781,-0.08316543069223459,-0.0049008490067732145,1.0
"ma_cross(30, 200)",ma_cross,4826,2607,-0.05552160120105943,-5.899489799856384,-0.05101007660541281,-0.06245126787083178,0.0,2219,-0.05488171211386909,-8.958235655304623,-0.08706765291964025,-0.004404918373336738,1.0
"ma_cross(40, 50)",ma_cross,16759,9294,-0.033843547349279954,-4.545074696932653,-0.03194352389696889,-0.03642204734758493,1.0,7465,-0.06182023158634428,-9.70256146294106,-0.07523502587900391,-0.03791059822536838,1.0
"ma_cross(40, 60)",ma_cross,12002,6565,-0.041770945479784494,-5.646341332892204,-0.03811920108079498,-0.04636325265554262,1.0,5437,-0.067750113963174,-9.867203212916966,-0.08630743274977494,-0.03496079547611118,1.0
"ma_cross(40, 80)",ma_cross,8780,4805,-0.07144392820092826,-6.798052493950258,-0.04627298446730467,-0.10428084280786168,0.0,3975,-0.06487273825875653,-10.171354299780017,-0.07677077450169831,-0.04351149597448764,1.0
"ma_cross(40, 100)",ma_cross,7253,3921,-0.07240525910637677,-6.168988754315937,-0.054076570497427125,-0.09865894520939458,0.0,3332,-0.06699733806821384,-10.39240621243678,-0.08846156944088321,-0.028361721597409014,1.0
"ma_cross(40, 120)",ma_cross,6213,3354,-0.06783936681267577,-7.104079481507404,-0.05245851754860946,-0.09078494283217439,0.0,2859,-0.057347923855898514,-9.086594402990903,-0.08270729731203222,-0.011276313360223089,1.0
"ma_cross(40, 150)",ma_cross,5303,2868,-0.06548919315447228,-5.871428662782867,-0.05012005125102566,-0.08792339514389436,0.0,2435,-0.054884645559494044,-7.959950642338655,-0.07996976788090637,-0.012920072104134695,1.0
"ma_cross(40, 200)",ma_cross,4270,2307,-0.06807688486979506,-7.737257911969617,-0.06300525162660985,-0.07583448177137772,0.0,1963,-0.05990981374864779,-8.161736989949237,-0.0841910752750605,-0.02021239557526432,1.0
"ma_cross(50, 60)",ma_cross,14441,7810,-0.0534816489018826,-6.975794847600151,-0.0480549005733993,-0.06052046070441538,0.0,6631,-0.06851667708159566,-10.343450732269087,-0.08726826001286099,-0.03392559745721085,1.0
"ma_cross(50, 80)",ma_cross,9110,4925,-0.07730613914703757,-6.905226325738528,-0.05683025047838475,-0.1052197666459064,0.0,4185,-0.06412349305514015,-10.693909814022492,-0.07796892144781867,-0.03795295610019465,1.0
"ma_cross(50, 100)",ma_cross,7094,3804,-0.07037857611206272,-6.672460617600348,-0.056050293660937216,-0.09144301213111992,0.0,3290,-0.0649713550155979,-10.938289877978848,-0.08464963943838756,-0.02917272791227104,1.0
"ma_cross(50, 120)",ma_cross,5977,3215,-0.06643744767244444,-6.78348068140577,-0.051666011489491265,-0.08923734640103755,0.0,2762,-0.06649911647731693,-10.09289760699211,-0.08800808549493919,-0.02500938726941144,1.0
"ma_cross(50, 150)",ma_cross,4925,2675,-0.06372701253006628,-6.466872113502022,-0.051731369496814894,-0.08111630091984372,0.0,2250,-0.06479681323456567,-8.649704376240738,-0.08100932002719376,-0.03630571673869715,1.0
"ma_cross(50, 200)",ma_cross,3884,2108,-0.05435418223684869,-5.449198740151501,-0.04616702090102841,-0.06708645859303951,0.0,1776,-0.06310183097606807,-8.525018271808474,-0.08136675399732146,-0.032142925035643165,1.0
"rsi_revert(2, 10)",rsi_revert,56220,28911,-0.04405137762609804,-5.272638023338141,-0.03830204162757967,-0.051963507317820845,0.0,27309,-0.06364400449798463,-10.82381040582644,-0.07370424465046019,-0.04246659845103376,1.0
"rsi_revert(2, 15)",rsi_revert,68621,35978,-0.04254044971370242,-5.793210506297893,-0.03582630157435453,-0.05177938714808709,0.0,32643,-0.06613750179075017,-11.194523676725781,-0.07593861377607514,-0.04594257978611054,0.0
"rsi_revert(2, 20)",rsi_revert,77006,40882,-0.042348075234533454,-6.00708701158219,-0.035568952028406396,-0.051712955926168744,0.0,36124,-0.06692883379885146,-11.456153982102009,-0.07613399559189155,-0.04827947518547673,0.0
"rsi_revert(2, 25)",rsi_revert,82903,44389,-0.042862385170495385,-6.26703655590008,-0.03658570517321301,-0.05151927157720977,0.0,38514,-0.06681193506506479,-11.718178332512382,-0.07653654389653858,-0.047280678833628,0.0
"rsi_revert(2, 30)",rsi_revert,87226,47003,-0.04274287284763197,-6.361564077793942,-0.036614993061500074,-0.05124019533567282,0.0,40223,-0.06681496528270106,-12.034095680417032,-0.07721287694741473,-0.04611501086891244,0.0
"rsi_revert(2, 35)",rsi_revert,90311,48940,-0.043236782634217895,-6.614439665307458,-0.03710426796702631,-0.05172669270818858,0.0,41371,-0.06694068064145467,-11.877625809021527,-0.07759186202195367,-0.04576678438995711,0.0
"rsi_revert(2, 40)",rsi_revert,92268,50206,-0.04226142101713413,-6.566801457625284,-0.03679685912413319,-0.04982163098133054,0.0,42062,-0.0674025303013448,-12.10361372516831,-0.07781328860073634,-0.04690143517782181,0.0
"rsi_revert(3, 10)",rsi_revert,27695,13674,-0.04802273414911595,-4.485568672345519,-0.038342371803431655,-0.06125155745848308,0.0,14021,-0.0632180490005349,-10.004486838408276,-0.07118983042544044,-0.0447410970230267,0.0
"rsi_revert(3, 15)",rsi_revert,42410,21356,-0.04611891323002882,-5.0232831302443115,-0.039402145739884514,-0.05532790198719459,0.0,21054,-0.062033494416777565,-10.723040936523926,-0.07165793569109853,-0.04104409876867017,1.0
"rsi_revert(3, 20)",rsi_revert,54643,27941,-0.04359634121041742,-5.165645137174702,-0.035986761591862065,-0.053993135585938566,0.0,26702,-0.06370237179909717,-10.996524591620982,-0.07355561708270363,-0.04280510801738578,1.0
"rsi_revert(3, 25)",rsi_revert,64158,33424,-0.04118379481960543,-5.466759458949993,-0.0324029320126589,-0.05311510974444302,0.0,30734,-0.06578562476046126,-11.050803526788691,-0.07552134845778385,-0.045668237401861246,0.0
"rsi_revert(3, 30)",rsi_revert,71606,37827,-0.041531613960956726,-5.997140388886078,-0.03396218181450392,-0.051856620274842044,0.0,33779,-0.06715858702510993,-11.58105057617295,-0.07737901363040005,-0.04638836818155849,0.0
"rsi_revert(3, 35)",rsi_revert,77167,41205,-0.041438490713116775,-6.41440418122748,-0.03385222662716536,-0.05186386659614421,0.0,35962,-0.06613704729302056,-11.608987048707995,-0.0769891776287654,-0.044396534307063674,0.0
"rsi_revert(3, 40)",rsi_revert,80951,43620,-0.04242914546852802,-6.732671652873868,-0.0344477917163258,-0.05339042464907846,0.0,37331,-0.06588952037399345,-11.864513418340524,-0.07765473745731478,-0.04252377289664703,0.0
"rsi_revert(4, 10)",rsi_revert,13765,6651,-0.050473676046309326,-4.761085500931338,-0.03610731660550539,-0.07044100566076483,0.0,7114,-0.06792882248518786,-10.009342021182006,-0.072743080045293,-0.05555862029487252,0.0
"rsi_revert(4, 15)",rsi_revert,26069,12857,-0.044323716002771775,-4.127787730367879,-0.032630483049135975,-0.060286828907284526,0.0,13212,-0.0653161039787125,-10.368299881465534,-0.07262241508072197,-0.04825820955832187,0.0
"rsi_revert(4, 20)",rsi_revert,38505,19363,-0.042817129457998274,-4.792538599215955,-0.03448635623684886,-0.0541509620982552,0.0,19142,-0.0637099600748219,-10.720180896299768,-0.07221120852003397,-0.044833870407946265,1.0
"rsi_revert(4, 25)",rsi_revert,49888,25355,-0.04176608375539573,-4.990492690567007,-0.03308765337024373,-0.05346187581612605,0.0,24533,-0.06475558631435611,-11.014850054557032,-0.07473113205279115,-0.043435727500230226,1.0
"rsi_revert(5, 15)",rsi_revert,16389,7939,-0.04646185135119121,-3.9325446352876203,-0.03261699524304826,-0.06590418865387408,0.0,8450,-0.06890461452531167,-10.324693437362573,-0.07430072572733466,-0.05547449135198612,0.0
"rsi_revert(5, 20)",rsi_revert,27581,13559,-0.042597044596788446,-4.672467393489888,-0.02930735850995013,-0.06058575699136668,0.0,14022,-0.06777556638174669,-10.653705890928505,-0.0754890241962734,-0.050034068800817115,0.0
"rsi_revert(5, 25)",rsi_revert,38941,19513,-0.04156594292151203,-4.892297801831217,-0.03180782500941362,-0.0547460438768725,0.0,19428,-0.06465948662271763,-10.933331988294697,-0.07263383203574135,-0.04703898936529285,1.0
"rsi_revert(5, 30)",rsi_revert,49606,25249,-0.03957763710445533,-5.365965083765499,-0.029278520138388348,-0.053318679542680235,0.0,24357,-0.06378707696456422,-10.789636428623465,-0.07396727116248876,-0.041993191203901,1.0
"rsi_revert(4, 30)",rsi_revert,59455,30749,-0.039256761356968345,-5.242968547228288,-0.02933329254529838,-0.0525764935271722,0.0,28706,-0.0641793363416528,-10.771463701098961,-0.07491882671677867,-0.041815872705357755,1.0
"rsi_revert(4, 35)",rsi_revert,66776,35152,-0.04021279299458041,-6.089996688888575,-0.030373720449792162,-0.05351921185676507,0.0,31624,-0.06547658004579554,-11.569981967104354,-0.07591271517292039,-0.04414217827840782,1.0
"rsi_revert(4, 40)",rsi_revert,72189,38596,-0.04146044149985724,-6.957103964191653,-0.033201939950094884,-0.052728105461895165,0.0,33593,-0.06571290551787101,-11.435780928559613,-0.07680469154103048,-0.04345587136059585,1.0
"rsi_revert(5, 10)",rsi_revert,6989,3274,-0.05086723172040184,-2.621324842273692,-0.020670306661554467,-0.09246749812318578,1.0,3715,-0.06669959919810346,-7.830749594718156,-0.07129009112117962,-0.05511013144923657,0.0
"rsi_revert(7, 20)",rsi_revert,14660,6977,-0.04116455304793161,-4.476251525661655,-0.022160360685277613,-0.06713737904153165,1.0,7683,-0.0671194010481122,-10.057892582813617,-0.07225113280288738,-0.054394658585524294,1.0
"rsi_revert(7, 25)",rsi_revert,24801,12061,-0.041110643488241595,-4.84538565331466,-0.027601456623032393,-0.059165637712007245,0.0,12740,-0.0678366711529321,-10.197423673221238,-0.0748263605664107,-0.05179256772426962,0.0
"rsi_revert(7, 30)",rsi_revert,35697,17723,-0.03698844522830571,-5.505485514169123,-0.026409931568113554,-0.051062528228151105,0.0,17974,-0.06662070030377104,-11.087151866602847,-0.07399312486155238,-0.050147172188966097,1.0
"rsi_revert(7, 35)",rsi_revert,45894,23328,-0.0378695639516957,-5.8113726148386755,-0.026306334766205693,-0.05315217577328283,0.0,22566,-0.0634293766352202,-10.878721702271298,-0.07345358753009283,-0.041900184955996664,1.0
"rsi_revert(5, 35)",rsi_revert,58671,30465,-0.03979151284152783,-5.837286850055274,-0.028628206900239,-0.05460514820037373,0.0,28206,-0.06363962708550197,-10.981821445372965,-0.07448009889751007,-0.04113225857364699,1.0
"rsi_revert(5, 40)",rsi_revert,65079,34519,-0.040616881753601605,-6.763521782047833,-0.03152498386218717,-0.052844406680863557,0.0,30560,-0.06468025242513237,-11.439794453170151,-0.07550460610490785,-0.042739922224763374,1.0
"rsi_revert(7, 10)",rsi_revert,1946,823,-0.04728494854305088,-1.1129249227926679,0.02761132521599081,-0.14750126939676858,2.0,1123,-0.05704828146403836,-6.155927446238335,-0.06321304249119943,-0.03794652193097364,2.0
"rsi_revert(7, 15)",rsi_revert,6637,3034,-0.04938828314278284,-4.777085508530715,-0.011663420405479212,-0.10087404670709978,1.0,3603,-0.06686233321527106,-8.456803022031343,-0.07290332710743494,-0.05170984999597782,1.0
"rsi_revert(7, 40)",rsi_revert,54543,28505,-0.039107179398652665,-6.266097513712648,-0.028775116077323668,-0.052688356169438226,0.0,26038,-0.06291940470339535,-11.276040706308578,-0.07349223711389816,-0.04127887293127798,1.0
"rsi_revert(9, 10)",rsi_revert,531,203,-0.07058854300161856,-0.6054959842964068,0.04800505177384388,-0.2863630001625294,2.0,328,-0.059562644319695456,-2.7768902736580343,-0.06735219085751044,-0.03541505005246898,2.0
"rsi_revert(9, 15)",rsi_revert,2824,1227,-0.04872099047737938,-2.3088760909706925,0.01503690545336613,-0.13340889778577,3.0,1597,-0.061883317691361656,-6.646370260617992,-0.07030039692512506,-0.03852244057448642,2.0
"rsi_revert(9, 20)",rsi_revert,8041,3655,-0.0428116889524249,-4.698810543925673,-0.011946258494105277,-0.08520154961433789,1.0,4386,-0.06416509222666107,-8.664307573580023,-0.06970462319394531,-0.05040646368440705,1.0
"rsi_revert(9, 25)",rsi_revert,16356,7686,-0.03593175721500559,-4.775426144097457,-0.01321158691385995,-0.06650033544440784,1.0,8670,-0.06628443911795746,-9.1955137814255,-0.07184735854587691,-0.05324708417639692,1.0
"rsi_revert(9, 30)",rsi_revert,26610,12863,-0.037150333654364424,-4.727500207300439,-0.020676104239023024,-0.05910004131418829,0.0,13747,-0.06679270341306248,-10.8549267180817,-0.07371994886911094,-0.051084141100083545,1.0
"rsi_revert(9, 35)",rsi_revert,37186,18573,-0.033851248159725636,-5.645615792320986,-0.022716154219699525,-0.0485708985312516,0.0,18613,-0.06402186130948247,-10.617721308107535,-0.07152726463788207,-0.047756961396176835,0.0
"rsi_revert(9, 40)",rsi_revert,46687,24064,-0.03745401477168249,-6.4851538883943824,-0.025351289315337335,-0.0533094332513544,0.0,22623,-0.06173134195013051,-11.104321599567688,-0.07213980533753307,-0.04008553536568332,1.0
"rsi_revert(11, 10)",rsi_revert,182,60,-0.1949334252756304,-0.36072001920440316,0.009064569359250964,-0.3857702589663259,5.0,122,-0.07849252061625653,-3.622589147230857,-0.0815034333111126,-0.06619796044559421,3.0
"rsi_revert(11, 15)",rsi_revert,1230,502,-0.061008358471285724,-1.2782876087238013,0.032756926028763914,-0.1755181749403729,3.0,728,-0.05371347994475921,-4.641566860356735,-0.058279177868599506,-0.038611556042825936,2.0
"rsi_revert(11, 20)",rsi_revert,4450,1921,-0.04875216758526561,-3.5036180003580553,8.733301962743347e-05,-0.11391106389653241,2.0,2529,-0.060867580663309544,-7.110923226169678,-0.07015764165103083,-0.03659397845396355,3.0
"rsi_revert(11, 25)",rsi_revert,10889,4967,-0.04161955312245426,-4.567295475453696,-0.012981065069190863,-0.08036494482312706,1.0,5922,-0.063567063048135,-8.883567392008368,-0.07077213216625203,-0.04634830885916039,1.0
"rsi_revert(11, 30)",rsi_revert,20262,9525,-0.03577557223679328,-4.804508716927407,-0.016281303382670215,-0.0614047325043038,0.0,10737,-0.06550882147254694,-10.043699067740821,-0.07279969157422687,-0.04895501527762699,1.0
"rsi_revert(11, 35)",rsi_revert,30844,15143,-0.03359049076342066,-5.408257210872064,-0.019103947461256113,-0.05288431783770788,1.0,15701,-0.06435248274485997,-10.558541001538362,-0.07152157764033143,-0.04884592112264456,1.0
"rsi_revert(11, 40)",rsi_revert,40744,20757,-0.0365084642340121,-6.443942489236873,-0.024006994317033264,-0.052897331777145666,1.0,19987,-0.062271840662169106,-10.461465349043838,-0.07222069137836204,-0.04125717856856004,1.0
"rsi_revert(14, 10)",rsi_revert,42,15,-0.35374846145992567,,,,,27,-0.0708746731307122,,,,
"rsi_revert(14, 15)",rsi_revert,389,142,-0.10043549944279241,-0.05454218709051915,0.04592465099124572,-0.2552802962788038,4.0,247,-0.059259647543067756,-4.539991433190709,-0.07051513986068503,-0.020870379102623175,2.0
"rsi_revert(14, 20)",rsi_revert,1929,810,-0.057473220756460636,-2.6162109978013106,0.02663096152118767,-0.16103952785868872,2.0,1119,-0.053527367049025644,-5.850161291463591,-0.06088968842988827,-0.03136123816040697,2.0
"rsi_revert(14, 25)",rsi_revert,6076,2609,-0.038795133352851535,-3.350957957384604,0.0013846225185706077,-0.09196264646499162,2.0,3467,-0.06139477421399333,-8.137166870171676,-0.0701934934300882,-0.03925519776862682,2.0
"rsi_revert(14, 30)",rsi_revert,13671,6162,-0.037039039469049025,-4.735139532079766,-0.009316353540527582,-0.07334453595864944,1.0,7509,-0.06413538483048514,-9.601066284134841,-0.0707835490458242,-0.04873360863373006,1.0
"rsi_revert(14, 35)",rsi_revert,23986,11341,-0.031561070971095125,-5.114909425444019,-0.01440416996913929,-0.05430909496158825,1.0,12645,-0.06421438528094542,-10.18222926474773,-0.07092565129077327,-0.04959768981948067,1.0
"rsi_revert(14, 40)",rsi_revert,34167,17158,-0.03441745139216766,-6.422930666123091,-0.019738131534414748,-0.053806543561917046,1.0,17009,-0.06246265132754056,-10.131774684267542,-0.07201539949170378,-0.0424300583547314,0.0
"rsi_revert(17, 10)",rsi_revert,10,1,-0.6181137828227727,,,,,9,-0.08048064591600355,,,,
"rsi_revert(17, 15)",rsi_revert,148,57,-0.1725934586386269,0.3060772050990316,0.02397031551086295,-0.3374533982478765,3.0,91,-0.066546666939377,-1.7395442104958152,-0.08236748085902577,-0.002384477154134738,2.0
"rsi_revert(17, 20)",rsi_revert,915,365,-0.07581506793244316,-1.2798396543229424,0.04263892929601076,-0.20025831221177398,4.0,550,-0.042198402819915735,-4.203873783509195,-0.04841410087450128,-0.02149572347275287,3.0
"rsi_revert(17, 25)",rsi_revert,3451,1414,-0.055750324776290196,-3.215781859761236,0.006987338002310264,-0.13563493718891328,2.0,2037,-0.0475049884665372,-5.629159805093207,-0.057682005215019004,-0.019713904268759998,3.0
"rsi_revert(17, 30)",rsi_revert,9378,4055,-0.041825870417311325,-4.229137543427052,-0.007858520104936944,-0.08585263421404123,2.0,5323,-0.06163056142278052,-9.492537756224587,-0.07025615421307332,-0.04141568284201263,3.0
"rsi_revert(17, 35)",rsi_revert,18929,8744,-0.028533087844642195,-5.470132644100692,-0.0045838622383068935,-0.05976489746934664,2.0,10185,-0.06477660431424692,-9.472449120172245,-0.07251916146192373,-0.04776776643710003,1.0
"rsi_revert(17, 40)",rsi_revert,29392,14466,-0.033032556122254,-6.229853730271781,-0.016250571819690994,-0.05511835678941185,2.0,14926,-0.0631507870675597,-9.802318424427225,-0.07251465626575963,-0.04360770452794529,1.0
"rsi_revert(21, 10)",rsi_revert,2,0,,,,,,2,0.16323076012855048,,,,
"rsi_revert(21, 15)",rsi_revert,51,21,-0.35418868725510094,,,,,30,-0.09558178236073961,,,,
"rsi_revert(21, 20)",rsi_revert,371,145,-0.12955089944964784,-1.7683857688651083,0.010530134992381089,-0.2126759088987639,3.0,226,-0.06113441965168916,-3.4916108308192246,-0.07477957255216366,-0.013103481442018833,2.0
"rsi_revert(21, 25)",rsi_revert,1716,688,-0.06856021593741018,-1.7739933724413177,0.04328563661779787,-0.18919154331568597,4.0,1028,-0.053615090953859364,-4.607790958299161,-0.05824922224995173,-0.03911714605564274,2.0
"rsi_revert(21, 30)",rsi_revert,5738,2355,-0.041509365011151066,-3.5911735962577023,0.011064639529072396,-0.1074155333821489,3.0,3383,-0.06366009355183612,-8.803462644143927,-0.07302238005840653,-0.0405709300054068,3.0
"rsi_revert(21, 35)",rsi_revert,13943,6101,-0.033825396881156246,-4.378798835439639,-0.0034747144646789137,-0.07274875614927608,2.0,7842,-0.06241400214971552,-8.698810737672355,-0.07141473618059764,-0.04245135650469382,2.0
"rsi_revert(21, 40)",rsi_revert,24660,11682,-0.031842420442576194,-5.679033545334222,-0.012639413035573834,-0.057415766833697875,2.0,12978,-0.06301988314984042,-9.483402624531815,-0.07340732351974447,-0.041777055776756465,1.0
"rsi_revert(25, 10)",rsi_revert,0,0,,,,,,0,,,,,
"rsi_revert(25, 15)",rsi_revert,21,5,-0.5012725666647226,,,,,16,-0.05185265427617731,,,,
"rsi_revert(25, 20)",rsi_revert,172,75,-0.10862149119281066,0.3368023975672984,0.018441934926601174,-0.18009466838497978,4.0,97,-0.08940984007784239,-3.2439056231897645,-0.10377962887183452,-0.043176606566737365,2.0
"rsi_revert(25, 25)",rsi_revert,946,391,-0.08718325079778186,-2.014153596217116,0.04574524650396565,-0.200581968875102,3.0,555,-0.047298473578679674,-4.755369742870827,-0.05346193732142171,-0.02673754374937615,2.0
"rsi_revert(25, 30)",rsi_revert,3683,1441,-0.044347807260645335,-3.3715573036999626,0.0253919291625086,-0.13187717910942381,4.0,2242,-0.05600297668324259,-7.632801708475737,-0.06459528207691642,-0.03392020454090248,3.0
"rsi_revert(25, 35)",rsi_revert,10254,4253,-0.04329269984247996,-4.602075649090306,-0.0033858269207312085,-0.0943418454288756,4.0,6001,-0.06258783173216467,-9.158067970621744,-0.07225896041439733,-0.04056237755143821,3.0
"rsi_revert(25, 40)",rsi_revert,20921,9602,-0.0282251563844587,-5.428384874021864,-0.005591497857644675,-0.05762127740623654,2.0,11319,-0.06232073403791983,-9.33316255260364,-0.07348338821318277,-0.03925145036170585,1.0
"rsi_momo(5, 55)",rsi_momo,69490,38926,-0.04751629942230849,-9.161764321077422,-0.039778226392664616,-0.058238251565914466,0.0,30564,-0.0627753901052536,-11.986561652867199,-0.07565464433410848,-0.03819351697869158,0.0
"rsi_momo(5, 60)",rsi_momo,65475,37344,-0.04968062822675739,-9.68456059983726,-0.04272758417048176,-0.05948164774239796,0.0,28131,-0.06047832098062505,-12.039275108307983,-0.07522130017915832,-0.032788852068462666,1.0
"rsi_momo(5, 65)",rsi_momo,59079,34262,-0.05223588829287929,-9.935116560607751,-0.04549817282975457,-0.06189127091224139,0.0,24817,-0.059109328831741054,-12.391105751494345,-0.07535633851455271,-0.029433554995379963,2.0
"rsi_momo(5, 70)",rsi_momo,49989,29438,-0.05460291824432113,-10.482904673658702,-0.048583350074925265,-0.06347194424150865,0.0,20551,-0.05572577484918993,-12.232407261581889,-0.07129979276565454,-0.02784857878231701,1.0
"rsi_momo(5, 75)",rsi_momo,39255,23295,-0.05509101033525423,-10.219782125298208,-0.04855786792436464,-0.06498415529205738,0.0,15960,-0.053778844651257394,-12.178661957016812,-0.06798303597773457,-0.02921783529877154,1.0
"rsi_momo(7, 55)",rsi_momo,60303,34062,-0.047956906862242084,-9.346539257359574,-0.041329672607528595,-0.057196464846514396,0.0,26241,-0.0610027515981736,-11.908508606446494,-0.07468674979062634,-0.035425674285689504,1.0
"rsi_momo(7, 60)",rsi_momo,54966,31763,-0.050941026932008374,-9.589606700735443,-0.04556299556354073,-0.05862580892720501,0.0,23203,-0.058701820930219764,-12.237399001460236,-0.07366319625870636,-0.031389841199418164,2.0
"rsi_momo(7, 65)",rsi_momo,46608,27462,-0.05381623341443427,-10.146187890182176,-0.04843935336584409,-0.061770870149374574,0.0,19146,-0.05664870490411878,-12.437211053676233,-0.07240670240355379,-0.028776533188198367,1.0
"rsi_momo(7, 70)",rsi_momo,36114,21529,-0.05403221416723962,-10.098636904277974,-0.04880177933135936,-0.06201224760701235,0.0,14585,-0.0568572374954763,-12.38011500518444,-0.07081898509112891,-0.033165122538874214,1.0
"rsi_momo(7, 75)",rsi_momo,25052,15076,-0.05609041001123236,-10.204365561907093,-0.04879637872205444,-0.06751379416301553,0.0,9976,-0.05625909901775014,-12.080356224035128,-0.07167487794219034,-0.03077386449798411,1.0
"rsi_momo(9, 55)",rsi_momo,53668,30461,-0.04959087119938517,-9.174684974937609,-0.04378108623598857,-0.05771478120252853,0.0,23207,-0.059954009738850955,-12.210891460341696,-0.07341158239312655,-0.035152377616969065,1.0
"rsi_momo(9, 60)",rsi_momo,47446,27584,-0.05187634552970443,-9.796284714648072,-0.047549053780486204,-0.05819419920191095,0.0,19862,-0.058492623787579454,-12.654915091457946,-0.07327357750468652,-0.03242491982704903,1.0
"rsi_momo(9, 65)",rsi_momo,37894,22573,-0.05502999876064784,-10.599175594045331,-0.05138545058102814,-0.060504092352093905,0.0,15321,-0.05752318413720735,-12.621127917077272,-0.07140815870955769,-0.033756531201065726,1.0
"rsi_momo(9, 70)",rsi_momo,26956,16254,-0.05633265549283119,-10.359524574788516,-0.05138279926889663,-0.06395781694064287,0.0,10702,-0.058716275989569966,-12.320661505763248,-0.07510471017262106,-0.031486450379780276,1.0
"rsi_momo(9, 75)",rsi_momo,16508,10133,-0.05931710320514619,-9.872116011382095,-0.05163891716381252,-0.07145630360212987,0.0,6375,-0.05705125032426244,-10.797550765596105,-0.08135649122900647,-0.018087438240952894,1.0
"rsi_momo(14, 55)",rsi_momo,42962,24713,-0.049291898250341644,-9.01281214083317,-0.043775513457269925,-0.0570756517393364,0.0,18249,-0.05978647328858751,-12.615150913741356,-0.07282327470408956,-0.036677940606323386,1.0
"rsi_momo(14, 60)",rsi_momo,34993,20686,-0.053314120862986064,-10.174317336815697,-0.048947470685171995,-0.05970086658734599,0.0,14307,-0.06087346691674116,-12.789663841070293,-0.07528746939541901,-0.03620823243077169,1.0
"rsi_momo(14, 65)",rsi_momo,24485,14998,-0.059195945938463675,-9.889082128802817,-0.0544756598533677,-0.06629449970383001,0.0,9487,-0.06269556763419812,-12.066928411055297,-0.07796564876647723,-0.037623888894037234,1.0
"rsi_momo(14, 70)",rsi_momo,13825,8720,-0.06534186534223568,-10.471626861346897,-0.05498486625683219,-0.08172051812915856,0.0,5105,-0.055621997003366584,-9.99369641363069,-0.08348636737483583,-0.012184306850349349,1.0
"rsi_momo(14, 75)",rsi_momo,6084,3972,-0.07336616567559956,-9.498492114454695,-0.06112117026479969,-0.09387344081813105,0.0,2112,-0.03760399860375519,-7.5109700955336,-0.08604917209213543,0.03460673169024553,1.0
"rsi_momo(21, 55)",rsi_momo,34604,20111,-0.050339146234695244,-9.544242866705943,-0.04593395148293191,-0.05647319388748964,0.0,14493,-0.06095187553808809,-12.309947697936076,-0.0741657212557518,-0.037984299380425864,1.0
"rsi_momo(21, 60)",rsi_momo,25221,15444,-0.05533340301367901,-9.781973346992146,-0.04905139085314697,-0.06458941068134315,0.0,9777,-0.06680849028962164,-12.895414305949668,-0.08333753566861586,-0.03963702818607758,1.0
"rsi_momo(21, 65)",rsi_momo,14204,9198,-0.06711345937465653,-11.636119477364709,-0.05741849553675219,-0.08220289725466323,0.0,5006,-0.05720502697854925,-9.625964721720875,-0.08068580421466971,-0.02012693206422199,1.0
"rsi_momo(21, 70)",rsi_momo,5743,3883,-0.06685035407747546,-8.964579949836686,-0.05496078627526345,-0.0873134084027962,0.0,1860,-0.03441331621512748,-7.487129999439256,-0.08924659028739512,0.047286060013030345,1.0
"rsi_momo(21, 75)",rsi_momo,1685,1149,-0.06086977925271503,-6.814581798463901,-0.057302209581545915,-0.06847152171280835,0.0,536,0.03281266118138781,-3.3608837928383353,-0.09957569347523637,0.19983425629670692,2.0
"rsi_momo(30, 55)",rsi_momo,27859,16450,-0.05141666826052128,-9.214772772243125,-0.043928918908473495,-0.0618424553891579,0.0,11409,-0.06377641845115281,-12.193695329804335,-0.07754252173866284,-0.040430642625429856,1.0
"rsi_momo(30, 60)",rsi_momo,17510,11241,-0.06202877535377426,-10.617725371218318,-0.05326906508832011,-0.07547653082895388,0.0,6269,-0.06203830274342952,-10.806499899195213,-0.08047276513180111,-0.03355208112339611,1.0
"rsi_momo(30, 65)",rsi_momo,7303,5043,-0.06181734424609477,-10.552082830437728,-0.05396027592072847,-0.0749693933994253,0.0,2260,-0.030452766730140326,-8.706435676466246,-0.07792084842208777,0.040618228510289275,1.0
"rsi_momo(30, 70)",rsi_momo,2152,1507,-0.05874105615351641,-6.47798130584257,-0.054023804586960184,-0.0684434762113014,0.0,645,0.0063995585846834254,-4.641244594419054,-0.11046388154950107,0.15778138139195444,1.0
"rsi_momo(30, 75)",rsi_momo,458,338,-0.06518272696784863,-3.6251453350599228,-0.05702012745407356,-0.08433654958928123,0.0,120,0.12218336168132016,-0.7918949397550312,-0.11291351154410419,0.2844333164425285,2.0
"macd(5, 17, 5)",macd,68044,37492,-0.041645006835919415,-7.767597066633716,-0.036071628112117185,-0.049312684769666985,0.0,30552,-0.06432443448102221,-12.395408807601854,-0.07860441494119406,-0.03558706500832378,1.0
"macd(5, 17, 7)",macd,63205,34867,-0.04342876391218365,-8.214339228317378,-0.03684605128766948,-0.052512907334013204,0.0,28338,-0.0639133911647858,-12.281175373195266,-0.07770791280817389,-0.036015383549392765,1.0
"macd(5, 17, 9)",macd,59544,32884,-0.045086368384799465,-8.585424803576458,-0.03809899036721455,-0.05473835156138231,0.0,26660,-0.06335527608394198,-12.371947034067883,-0.0767454366835942,-0.036298837818114,1.0
"macd(5, 17, 12)",macd,55638,30730,-0.045987620183372366,-8.886102175701735,-0.03806471968028585,-0.056958925210306675,0.0,24908,-0.06316795310231418,-12.417919535972091,-0.07616190882491859,-0.03679758759667358,1.0
"macd(5, 21, 5)",macd,66448,36620,-0.04243581189238994,-8.101715476455674,-0.03644926060648368,-0.05066450558702366,0.0,29828,-0.06461207177737809,-12.244407830076076,-0.07894227001177631,-0.03583171500061845,1.0
"macd(5, 21, 7)",macd,61337,33838,-0.044660822317069915,-8.554849284927158,-0.037528976963725424,-0.05451907715145218,0.0,27499,-0.06328752530183557,-12.099052891933272,-0.07685503906683304,-0.03592327153818077,2.0
"macd(5, 21, 9)",macd,57533,31803,-0.04578062648601947,-8.893018922873056,-0.03883559992479857,-0.05542759810136921,0.0,25730,-0.06289421713933407,-12.392983925874775,-0.07591865108643012,-0.03633458712956961,1.0
"macd(5, 21, 12)",macd,53539,29542,-0.04697250190867511,-9.031594121362664,-0.037516067866959706,-0.06010354963121879,0.0,23997,-0.06253870981973271,-12.304277442805033,-0.07624371844455848,-0.0346292565984312,1.0
"macd(5, 26, 5)",macd,65059,35870,-0.043317369348188625,-8.288721333812958,-0.036477031716774834,-0.05271977703908469,0.0,29189,-0.0635985665020061,-12.117300818938393,-0.07792751229370315,-0.03476915931528553,1.0
"macd(5, 26, 7)",macd,59664,32962,-0.045711619216708355,-8.694752148530739,-0.03842915205473546,-0.05581235739856562,0.0,26702,-0.06273867766196016,-12.2777511805428,-0.07579349996252374,-0.03639145801953191,1.0
"macd(5, 26, 9)",macd,55849,30821,-0.04648259198762221,-8.944867092689142,-0.03854675033132409,-0.057527859728248205,0.0,25028,-0.06306998215870453,-12.598323358574067,-0.07637451835837528,-0.036022369545316756,1.0
"macd(5, 26, 12)",macd,51672,28476,-0.04763890961479558,-8.84590367472472,-0.03739359453098169,-0.06185043016906404,0.0,23196,-0.061430699572803,-12.067203869674282,-0.07463180228963462,-0.03468232040840481,1.0
"macd(5, 30, 5)",macd,64205,35440,-0.043662968731673586,-8.322579423759622,-0.03659364659155467,-0.053378905645943955,0.0,28765,-0.06306798989695231,-12.007940112784777,-0.07733182540820197,-0.03431901185530374,2.0
"macd(5, 30, 7)",macd,58723,32392,-0.045928592983824394,-8.82223709348432,-0.03896612216629442,-0.05562626508728363,0.0,26331,-0.06289319091900969,-12.37505145453136,-0.0763343567207976,-0.0357100067751046,1.0
"macd(5, 30, 9)",macd,54804,30234,-0.047015114698580295,-9.098580200210076,-0.038305741565819326,-0.059162706896187245,0.0,24570,-0.06200311636946082,-12.153480126421671,-0.07557175992539403,-0.03435757125321216,1.0
"macd(5, 30, 12)",macd,50535,27823,-0.046590103147731314,-8.765208707322234,-0.03647051709178682,-0.06065097422288813,0.0,22712,-0.062330408310733255,-12.422024503320204,-0.07528719128589165,-0.03612370247410068,1.0
"macd(5, 35, 5)",macd,63272,34889,-0.04466115623766855,-8.569976356641973,-0.03776872262538237,-0.05418530620669398,0.0,28383,-0.06322272836706513,-12.026491119137495,-0.07720224016463857,-0.03507669781932302,1.0
"macd(5, 35, 7)",macd,57888,31945,-0.04693256913763199,-8.980101127274311,-0.039328852705074774,-0.05749916400355175,0.0,25943,-0.0624168233866402,-12.234502196658253,-0.07589010336684476,-0.03514199162442845,1.0
"macd(5, 35, 9)",macd,53819,29675,-0.047123864259365544,-8.971522583402395,-0.03792783723866513,-0.06000112865978337,0.0,24144,-0.06186248483674562,-12.132918650407014,-0.0751099861023455,-0.03483704848503959,1.0
"macd(5, 35, 12)",macd,49454,27200,-0.04582492483755821,-8.633488750598207,-0.03467482812363264,-0.061325322905598854,0.0,22254,-0.061467779101423564,-12.319668791120298,-0.074365494437516,-0.035287787549918875,1.0
"macd(5, 40, 5)",macd,62658,34574,-0.044847015798722856,-8.473922699881586,-0.03844897746071577,-0.053720346290419406,0.0,28084,-0.06334755815574696,-11.946397782039702,-0.07719928290011037,-0.03549114119101827,1.0
"macd(5, 40, 7)",macd,57189,31541,-0.046923832169237664,-9.055273980774302,-0.038557474595151464,-0.058592649163844254,0.0,25648,-0.06264869896546266,-12.497970507906725,-0.07671156889359762,-0.034122775893620595,1.0
"macd(5, 40, 9)",macd,53029,29237,-0.04726715975597134,-8.935672291344884,-0.03756818718531605,-0.0607982077512412,0.0,23792,-0.061684966515367534,-12.244876140525509,-0.07524722527379141,-0.03411615320490408,1.0
"macd(5, 40, 12)",macd,48600,26745,-0.04680089500178153,-8.709415451932937,-0.035584445290746995,-0.06242384293963477,0.0,21855,-0.060728124403637354,-12.124300842485997,-0.07313125888794139,-0.03561804214915578,1.0
"macd(8, 17, 5)",macd,61275,33800,-0.044396316427161776,-8.482245355729619,-0.03742224971884031,-0.05402249301047873,0.0,27475,-0.06359580331028204,-12.190165174251444,-0.07718352181976433,-0.03616807839545914,1.0
"macd(8, 17, 7)",macd,56383,31158,-0.04667208512538931,-8.993522883998166,-0.03897972746184455,-0.057337454183714026,0.0,25225,-0.06280782353904824,-12.383890410928185,-0.07564326612975979,-0.036653136150147696,1.0
"macd(8, 17, 9)",macd,52868,29177,-0.046282267235374236,-8.605579336010011,-0.03657829807873239,-0.05966290534194796,0.0,23691,-0.06248937154162121,-12.369351705518442,-0.075406255547122,-0.036274043402068384,1.0
"macd(8, 17, 12)",macd,49099,27069,-0.04691605131616106,-8.9644115658937,-0.036777335232744734,-0.06095324306061618,0.0,22030,-0.061359832223495746,-11.944248033667435,-0.07429183490694302,-0.0349584068914324,1.0
"macd(8, 21, 5)",macd,59339,32790,-0.04566437823889487,-8.703352652068158,-0.037933351460919064,-0.05634296424594643,0.0,26549,-0.06326502854537243,-12.494576619591285,-0.0763396899900184,-0.0367954673090084,0.0
"macd(8, 21, 7)",macd,54419,30041,-0.046389236245309544,-8.830154849408448,-0.037768881712490376,-0.05831017389305835,0.0,24378,-0.0627393861226376,-12.418961046684126,-0.07588226992124032,-0.03603186926920832,1.0
"macd(8, 21, 9)",macd,50803,28037,-0.04691642161832309,-8.697767090060124,-0.03715578032220807,-0.06040041635543465,0.0,22766,-0.06183216317896868,-12.077623176824025,-0.0751274102795328,-0.0347216439610916,1.0
"macd(8, 21, 12)",macd,46939,25876,-0.046426783662546205,-8.608517254182457,-0.03576065405297738,-0.061221610674490556,0.0,21063,-0.061361232060191576,-12.316408264044036,-0.07352976524886295,-0.03669363208516864,1.0
"macd(8, 26, 5)",macd,57598,31815,-0.04629170805601785,-8.862220146872444,-0.03885028319695466,-0.05663891734610901,0.0,25783,-0.06253333351183482,-12.371078060295615,-0.07617387545826115,-0.034759121218422485,1.0
"macd(8, 26, 7)",macd,52675,29048,-0.04777585902354052,-8.925018001920611,-0.03811986525590726,-0.061210941814910366,0.0,23627,-0.06229185561635536,-12.247579570568897,-0.07559582024676732,-0.03516716785799003,1.0
"macd(8, 26, 9)",macd,49033,27041,-0.047200233900147937,-8.93569473441659,-0.03681093687774102,-0.06162430737614286,0.0,21992,-0.061675996122172755,-12.210750423762764,-0.07448361329113273,-0.03568676524984241,1.0
"macd(8, 26, 12)",macd,44988,24744,-0.04647442407355848,-8.442605195553114,-0.03671265412498921,-0.06006615268511664,0.0,20244,-0.061141335571697146,-12.101484537129647,-0.07267765391250264,-0.03777386845572992,1.0
"macd(8, 30, 5)",macd,56673,31280,-0.046294483571429575,-8.884590622513175,-0.03814949389803134,-0.05762177125846367,0.0,25393,-0.06267329666386692,-12.442192555478,-0.07590977842328213,-0.035791136585512966,1.0
"macd(8, 30, 7)",macd,51677,28485,-0.04773300605043389,-8.949078405242194,-0.03769339490385172,-0.061700977468525424,0.0,23192,-0.06168232966020367,-12.176701956137736,-0.07527321244893337,-0.0341136729299703,1.0
"macd(8, 30, 9)",macd,47913,26394,-0.04677442997204729,-8.770720483775651,-0.03511149747025267,-0.06293429577578118,0.0,21519,-0.061880511496773365,-12.0565024141806,-0.07375626882102047,-0.03786379384061686,1.0
"macd(8, 30, 12)",macd,43810,24056,-0.04562848365359301,-8.50254924760119,-0.035799058846947444,-0.0593387943520411,0.0,19754,-0.060596162782268134,-12.198199693821065,-0.07146136487802876,-0.03872323153457921,1.0
"macd(8, 35, 5)",macd,55724,30759,-0.04697102200251028,-9.07241859932119,-0.038726502273599896,-0.058470599310469606,0.0,24965,-0.06246529309573879,-12.178419571063841,-0.0760001724892217,-0.03489832793767068,1.0
"macd(8, 35, 7)",macd,50634,27918,-0.04746143234028818,-8.807702664649453,-0.03714689100826862,-0.06184976180755848,0.0,22716,-0.06202099821182702,-12.367690242587589,-0.07488063610192162,-0.035946938339508065,1.0
"macd(8, 35, 9)",macd,46891,25773,-0.046580005322331974,-8.673070330988624,-0.03543122431064847,-0.062068614967375924,0.0,21118,-0.06111213266283463,-11.713382565113815,-0.07284857267842523,-0.03742116555303328,1.0
"macd(8, 35, 12)",macd,42648,23399,-0.04439952572928647,-8.17160253865112,-0.03451962487160387,-0.05826690788844157,0.0,19249,-0.059679207336332314,-12.024131814448335,-0.07029395055183264,-0.03826837184412637,1.0
"macd(8, 40, 5)",macd,54937,30296,-0.047231690484542864,-8.99010032892366,-0.03865709007877314,-0.059249725345772705,0.0,24641,-0.062055290464496364,-12.207038236535821,-0.0758480208253724,-0.03388917282261356,1.0
"macd(8, 40, 7)",macd,49791,27422,-0.04690044674282183,-8.96585047915176,-0.03629158301511611,-0.0617235491958265,0.0,22369,-0.061457843475941555,-12.293781333614925,-0.0738407987747605,-0.036378758325845,1.0
"macd(8, 40, 9)",macd,46061,25264,-0.04665347982929921,-8.732910191879823,-0.03531743094540318,-0.06249984732759275,0.0,20797,-0.06069537020126908,-12.16173751526607,-0.07232186281635941,-0.037222985342700875,1.0
"macd(8, 40, 12)",macd,41778,22955,-0.04457079712115152,-8.643839034009243,-0.0340839455526049,-0.059301385082878064,0.0,18823,-0.05932593513309747,-12.198661970479419,-0.07041098798289594,-0.03709033167632349,2.0
"macd(12, 17, 5)",macd,55638,30730,-0.045987620183372366,-8.886102175701735,-0.03806471968028585,-0.056958925210306675,0.0,24908,-0.06316795310231418,-12.417919535972091,-0.07616190882491859,-0.03679758759667358,1.0
"macd(12, 17, 7)",macd,50927,28093,-0.046997722574307496,-8.644209323758291,-0.03762396594224929,-0.05994633137959871,0.0,22834,-0.06167271401864301,-11.923813338299704,-0.07506071258571358,-0.03434393591010231,1.0
"macd(12, 17, 9)",macd,47517,26193,-0.04698041257824518,-8.800720450566153,-0.03635579034504275,-0.06170795670691497,0.0,21324,-0.06079062045448124,-12.235541171991287,-0.07374179603506688,-0.03436756334610077,1.0
"macd(12, 17, 12)",macd,43700,24037,-0.04454798606056012,-8.234822821704183,-0.03515925741104657,-0.05760573349502877,0.0,19663,-0.061336924108621196,-12.290969419177124,-0.07244108278929777,-0.038844979982997775,0.0
"macd(12, 21, 5)",macd,53539,29542,-0.04697250190867511,-9.031594121362664,-0.037516067866959706,-0.06010354963121879,0.0,23997,-0.06253870981973271,-12.304277442805033,-0.07624371844455848,-0.0346292565984312,1.0
"macd(12, 21, 7)",macd,48819,26926,-0.04678007087930419,-8.960456161237145,-0.03634142536899563,-0.06121936562484341,0.0,21893,-0.061165846802050464,-12.159202574995769,-0.07422777393617933,-0.034576530072135625,1.0
"macd(12, 21, 9)",macd,45274,24956,-0.04533158841246988,-8.575832774989694,-0.03507474909471417,-0.05961642522260599,0.0,20318,-0.06056270737323321,-11.975998901864665,-0.07219943761523188,-0.03698420302230231,1.0
"macd(12, 21, 12)",macd,41467,22753,-0.043836850078536445,-8.259421609833858,-0.033546726319305664,-0.05822068415403831,1.0,18714,-0.061374441719392214,-12.123497209128924,-0.07206219891564818,-0.03981281352855785,1.0
"macd(12, 26, 5)",macd,51672,28476,-0.04763890961479558,-8.84590367472472,-0.03739359453098169,-0.06185043016906404,0.0,23196,-0.061430699572803,-12.067203869674282,-0.07463180228963462,-0.03468232040840481,1.0
"macd(12, 26, 7)",macd,46811,25784,-0.04604591360674756,-8.728658864590253,-0.03546282951148926,-0.060719608511132,0.0,21027,-0.06166712844052189,-12.018316597679165,-0.07344266957770776,-0.03791328179013319,1.0
"macd(12, 26, 9)",macd,43359,23840,-0.04558968012766374,-8.29257472638209,-0.03543148655589608,-0.059755646334013916,0.0,19519,-0.06026286689084562,-11.899651088234666,-0.07147461484923431,-0.03754034466784357,0.0
"macd(12, 26, 12)",macd,39472,21632,-0.042660362821591975,-8.001052807563637,-0.03288273200759839,-0.056483458382102864,1.0,17840,-0.059702079126971334,-12.475311955036215,-0.06983912706677105,-0.039171849595849045,1.0
"macd(12, 30, 5)",macd,50535,27823,-0.046590103147731314,-8.765208707322234,-0.03647051709178682,-0.06065097422288813,0.0,22712,-0.062330408310733255,-12.422024503320204,-0.07528719128589165,-0.03612370247410068,1.0
"macd(12, 30, 7)",macd,45718,25123,-0.04647784890241319,-8.462743972170994,-0.03581684008872393,-0.061312939510553076,0.0,20595,-0.060779508351610195,-11.985990072460426,-0.07287517840857416,-0.036230529273067726,1.0
"macd(12, 30, 9)",macd,42143,23128,-0.04360154319254092,-8.17027092549055,-0.03416193059928864,-0.05683503892380195,0.0,19015,-0.05975593718573442,-11.978828351594249,-0.07016082890321702,-0.0387562231876723,1.0
"macd(12, 30, 12)",macd,38435,21032,-0.042713102980765576,-8.399964215963987,-0.03315348176020028,-0.05626359135915767,1.0,17403,-0.05974819055457411,-12.816434130959424,-0.07039949901167901,-0.03825718566349162,1.0
"macd(12, 35, 5)",macd,49454,27200,-0.04582492483755821,-8.633488750598207,-0.03467482812363264,-0.061325322905598854,0.0,22254,-0.061467779101423564,-12.319668791120298,-0.074365494437516,-0.035287787549918875,1.0
"macd(12, 35, 7)",macd,44565,24454,-0.045939537106950507,-8.399658664202034,-0.034937969634284145,-0.061277536011470665,0.0,20111,-0.060509436831103144,-12.173893872504076,-0.07150932084932111,-0.03834807553521803,1.0
"macd(12, 35, 9)",macd,40999,22499,-0.04444530007414468,-8.735907375920743,-0.034271594527944274,-0.05878677082482364,1.0,18500,-0.059598999307867516,-12.021905755185644,-0.07015774954136973,-0.0383076143188373,1.0
"macd(12, 35, 12)",macd,37327,20437,-0.042689411197760214,-8.179014381408415,-0.03419099857101067,-0.05473536323305,1.0,16890,-0.05791895003460425,-12.446028426364027,-0.06733554591170464,-0.03894962687471988,1.0
"macd(12, 40, 5)",macd,48600,26745,-0.04680089500178153,-8.709415451932937,-0.035584445290746995,-0.06242384293963477,0.0,21855,-0.060728124403637354,-12.124300842485997,-0.07313125888794139,-0.03561804214915578,1.0
"macd(12, 40, 7)",macd,43727,24007,-0.045569856100950705,-8.326491650140628,-0.034901434153119124,-0.060569584654381184,0.0,19720,-0.05935079981520834,-11.932791902087242,-0.07032264022072175,-0.03729490509681327,1.0
"macd(12, 40, 9)",macd,40166,22010,-0.04412351872982168,-8.470766870937329,-0.03387935354044656,-0.05855909038569026,1.0,18156,-0.0592278069132262,-12.10623636893237,-0.0705939981293667,-0.036371018407932686,2.0
"macd(12, 40, 12)",macd,36519,19995,-0.041461451732352744,-7.828204086724015,-0.033805102374607265,-0.05228291835627544,1.0,16524,-0.057354702748126235,-12.357936562723538,-0.06687392933703498,-0.038170334418215955,1.0
"macd(16, 17, 5)",macd,52077,28730,-0.04677225205930553,-8.66397778788931,-0.03746773877762595,-0.05967581941089459,0.0,23347,-0.06174203854035064,-11.790262047320404,-0.07522146066497672,-0.03431361348654893,1.0
"macd(16, 17, 7)",macd,47459,26169,-0.046512274796321536,-8.855673223867399,-0.03603200265602134,-0.06102819675368044,0.0,21290,-0.061613047736578774,-12.389102590860453,-0.0738619021995782,-0.036703436608632393,1.0
"macd(16, 17, 9)",macd,43967,24182,-0.044644287375645846,-8.28240343724187,-0.034899430964218006,-0.05821265986619149,0.0,19785,-0.060904362624636534,-12.07745083534966,-0.07197126282232723,-0.03855266996345812,0.0
"macd(16, 17, 12)",macd,40311,22109,-0.042796681608061,-8.388420656144335,-0.03280114596114394,-0.056803676385569844,1.0,18202,-0.06060669255497411,-12.270148660194243,-0.0707699573534315,-0.039953407984529045,1.0
"macd(16, 21, 5)",macd,49848,27471,-0.046833015640339384,-8.871821416007652,-0.0360487675872072,-0.061789846592124595,0.0,22377,-0.06168062156606222,-12.224046652534543,-0.07459531770122574,-0.03546829963778758,1.0
"macd(16, 21, 7)",macd,45132,24832,-0.045947026732807726,-8.399107917076293,-0.03594027662883114,-0.05987935356350806,0.0,20300,-0.06071199451492486,-12.0543485337253,-0.07232037570237153,-0.03723772896943011,1.0
"macd(16, 21, 9)",macd,41690,22870,-0.04371149696778134,-8.169487855837723,-0.03299050919490845,-0.05869974589047338,1.0,18820,-0.06138667286859694,-12.07749576055646,-0.07212582865597743,-0.03977773135788192,1.0
"macd(16, 21, 12)",macd,38063,20849,-0.04311332372322494,-8.645386514210582,-0.03437140180998325,-0.05548834422328137,1.0,17214,-0.05928275006581122,-12.707582511797268,-0.06947021272162174,-0.03862289835801184,1.0
"macd(16, 26, 5)",macd,47711,26225,-0.04681812270590123,-8.636556154210336,-0.03565136088932152,-0.062346741804526894,0.0,21486,-0.06112617020668331,-12.085311743869488,-0.07307043713876388,-0.03699079151769216,1.0
"macd(16, 26, 7)",macd,43109,23652,-0.04501943940537292,-8.369450348117606,-0.03519031045248564,-0.05877304102599848,0.0,19457,-0.06026391623208188,-11.949551597749299,-0.07098529610101174,-0.038653323362361956,1.0
"macd(16, 26, 9)",macd,39687,21763,-0.04351530772074847,-8.193305145470823,-0.03328137186137017,-0.05794048901235002,1.0,17924,-0.05946159115619491,-12.159348423204486,-0.06995846276790964,-0.038219946106577876,1.0
"macd(16, 26, 12)",macd,36216,19782,-0.04225915205412722,-8.48732730596187,-0.03461757380523235,-0.05311331599532636,1.0,16434,-0.05848918092947101,-12.731530734229274,-0.06753110474168134,-0.04023592180085387,1.0
"macd(16, 30, 5)",macd,46560,25584,-0.046289819450645336,-8.41541567910293,-0.035288158464574435,-0.061630366669313576,0.0,20976,-0.060949850049134835,-12.170642175857017,-0.07263342372352367,-0.037330248645162926,1.0
"macd(16, 30, 7)",macd,41773,22907,-0.04421608686001865,-8.393046536553486,-0.03471530177169849,-0.05760251220582929,0.0,18866,-0.059643020561493267,-12.146687207566742,-0.07033830316951056,-0.03803327568266228,1.0
"macd(16, 30, 9)",macd,38588,21131,-0.04281185512425246,-8.436813483734174,-0.03345712345369512,-0.056084737342265094,1.0,17457,-0.058929412782041016,-12.699377863548284,-0.06935583843979773,-0.03786550752155225,1.0
"macd(16, 30, 12)",macd,35093,19186,-0.040796596349683,-7.888579573111572,-0.03449041216140354,-0.04976505549385269,1.0,15907,-0.05678486913345751,-11.995730555259273,-0.06558528816319689,-0.039057286361782365,0.0
"macd(16, 35, 5)",macd,45394,24939,-0.04681932651230971,-8.566438060335797,-0.03562528029984452,-0.06249422336939883,0.0,20455,-0.05977937207975779,-12.315007842020341,-0.07138712591783312,-0.03637730510423375,1.0
"macd(16, 35, 7)",macd,40701,22310,-0.04423441978744871,-8.62179986336225,-0.03348066901492776,-0.059409144075442434,1.0,18391,-0.05958826888365391,-12.281513850953376,-0.07105490839628889,-0.036625036187820294,2.0
"macd(16, 35, 9)",macd,37430,20506,-0.04247320251213847,-8.120785316600694,-0.03395206798339867,-0.0545405426677793,1.0,16924,-0.05777913528443727,-12.266660958680454,-0.06732188129213781,-0.038569623247928425,0.0
"macd(16, 35, 12)",macd,34007,18596,-0.03983631724577278,-7.75402604678492,-0.03390163864134775,-0.0482997186580324,1.0,15411,-0.056449977665466354,-11.447056948472898,-0.06497173434842833,-0.03926132083215447,0.0
"macd(16, 40, 5)",macd,44424,24415,-0.0465033394839116,-8.556864618252684,-0.03534807733632087,-0.062162660907594654,0.0,20009,-0.05918759422502362,-12.057502130157392,-0.07049265856431532,-0.036472049094487126,1.0
"macd(16, 40, 7)",macd,39847,21856,-0.044217566905612966,-8.105611827104093,-0.03415971771523832,-0.05836944810123261,1.0,17991,-0.05917990664629375,-12.062874027006165,-0.07033942215120176,-0.03678814483689694,1.0
"macd(16, 40, 9)",macd,36628,20050,-0.04159827793808162,-7.974952397201771,-0.03387447006233148,-0.05253033657344947,1.0,16578,-0.0571275592037354,-12.233160508695567,-0.06655696736204426,-0.03819689326036713,0.0
"macd(16, 40, 12)",macd,33158,18190,-0.04068975547079431,-7.72895089565014,-0.034077624694769174,-0.05006521725304343,1.0,14968,-0.05538836437630814,-11.160861644836507,-0.06394521727439044,-0.03827808818050347,0.0
"macd(20, 21, 5)",macd,47171,25934,-0.04660390823856564,-8.726591658054137,-0.03584664124663825,-0.06154714444043326,0.0,21237,-0.06077844979084707,-12.075880620270476,-0.07286027750271092,-0.03639328274477285,1.0
"macd(20, 21, 7)",macd,42520,23340,-0.04406812462807711,-8.184143688942473,-0.03429118335869238,-0.05774860618223675,0.0,19180,-0.0599200974951037,-11.864916173465431,-0.07066522107134868,-0.03830161080244499,1.0
"macd(20, 21, 9)",macd,39241,21502,-0.042721118861664194,-8.295658940581905,-0.032545678726800545,-0.05707946587412485,1.0,17739,-0.05950592506512291,-12.383492186503494,-0.0696599198517636,-0.038995685340320045,1.0
"macd(20, 21, 12)",macd,35809,19567,-0.04200528808608699,-8.372323198780977,-0.034875619643765524,-0.052115637242740334,1.0,16242,-0.0586015470711319,-12.426994632862478,-0.06788350990696647,-0.03988766211130723,1.0
"macd(20, 26, 5)",macd,44995,24710,-0.046197187508447056,-8.478984074730791,-0.035277568874873794,-0.061458800820885374,0.0,20285,-0.06003875645855124,-12.400007630812944,-0.07170300392130062,-0.03643556320258378,1.0
"macd(20, 26, 7)",macd,40407,22153,-0.04400092923867842,-8.40485596290282,-0.03290709966544573,-0.059658118119328814,1.0,18254,-0.059848588408628015,-12.408968394884953,-0.07100633967703165,-0.037396836103856725,1.0
"macd(20, 26, 9)",macd,37251,20389,-0.04283133209163127,-8.390614638126614,-0.034310728665958225,-0.05492375467996484,1.0,16862,-0.05861869840156958,-12.680992951841164,-0.06866039479408974,-0.038375457471486435,1.0
"macd(20, 26, 12)",macd,33943,18535,-0.040857871841555427,-8.314756369207915,-0.034901106324310885,-0.04937144038225685,1.0,15408,-0.05669830819639662,-11.616906142618458,-0.06572777018384234,-0.038399946514118585,1.0
"macd(20, 30, 5)",macd,43716,23980,-0.0456707312955748,-8.328784311306721,-0.034567163342498444,-0.06125222643277416,0.0,19736,-0.059264045118055976,-12.133287508761496,-0.07062770803080355,-0.03643971241403732,1.0
"macd(20, 30, 7)",macd,39227,21500,-0.04366814509070518,-8.389637175333434,-0.0341308125371191,-0.05714974494642543,1.0,17727,-0.05915857974214331,-12.120183006515985,-0.06994885681091151,-0.03748462707600756,1.0
"macd(20, 30, 9)",macd,36097,19735,-0.041402606255515395,-7.820663096016903,-0.03432254864611976,-0.051431026290471776,1.0,16362,-0.057089213204923064,-12.268418720748262,-0.0661687768075338,-0.03870855136096874,1.0
"macd(20, 30, 12)",macd,32835,17946,-0.0408950406546969,-8.221862648472735,-0.03450289841146868,-0.050002612598331754,1.0,14889,-0.05579215412977316,-11.328621308478136,-0.06423374057059515,-0.0388987717100028,0.0
"macd(20, 35, 5)",macd,42423,23317,-0.04580689338913144,-8.415777250904682,-0.03497591839638088,-0.06108964437156077,0.0,19106,-0.05933481396559523,-12.17585592402099,-0.07064444525658811,-0.03672265319289734,1.0
"macd(20, 35, 7)",macd,38032,20815,-0.04249461135576264,-7.942988611310896,-0.033829366327982766,-0.05477062666157595,1.0,17217,-0.05759956135137339,-12.073982879960639,-0.06754667102287461,-0.03770014135849042,1.0
"macd(20, 35, 9)",macd,35009,19161,-0.041649706105886544,-8.148300131890066,-0.03519533105482994,-0.05080460536421977,1.0,15848,-0.05579089991202216,-11.344045195997015,-0.06462232134876165,-0.03810965475860297,0.0
"macd(20, 35, 12)",macd,31728,17353,-0.0418239851553404,-8.645518279522658,-0.03480841884674595,-0.051797132515883464,1.0,14375,-0.05451297164755541,-10.770282575517275,-0.06280547698779834,-0.037862023489997086,0.0
"macd(20, 40, 5)",macd,41450,22781,-0.04496506687263326,-8.448744311231259,-0.034029187350855264,-0.06036709531000787,1.0,18669,-0.05864907603118053,-12.026537694363402,-0.0697194157687875,-0.03644423100604648,1.0
"macd(20, 40, 7)",macd,37162,20362,-0.042678235990392374,-7.905283076722598,-0.03466005484165027,-0.054038832829862334,1.0,16800,-0.05609667290987108,-11.983506408908353,-0.06539114013752802,-0.03758717834539188,0.0
"macd(20, 40, 9)",macd,34082,18673,-0.04119237014578095,-7.904496584943216,-0.03412072403752968,-0.05115049548186498,1.0,15409,-0.055465456554487716,-11.196595570115218,-0.06432230088214239,-0.037827423335096956,0.0
"bb_revert(10, 2.0)",bb_revert,29387,16092,-0.04404121391094637,-4.536759419524057,-0.033352276676655225,-0.05948512048920661,0.0,13295,-0.06733121156347753,-10.817768616543884,-0.07456592089929796,-0.050404790374371386,0.0
"bb_break(10, 2.5)",bb_break,3633,1790,-0.04982189379464648,-6.221229338512668,-0.04913088604902073,-0.05111947747131991,0.0,1843,-0.05715314831077771,-8.193479149883578,-0.08980594064028072,0.022259415529689585,2.0
"bb_revert(10, 2.5)",bb_revert,4522,2722,-0.05042656158278161,-4.915593661606174,-0.033520525059836596,-0.08511047059285937,0.0,1800,-0.07127650276521823,-8.480735627717875,-0.07212324711084465,-0.06837843182306187,0.0
"bb_break(10, 3.0)",bb_break,0,0,,,,,,0,,,,,
"macd(20, 40, 12)",macd,30973,16941,-0.04141961805904213,-8.807207635747622,-0.034490569120837346,-0.05128865413258995,1.0,14032,-0.05638715666323178,-11.071500301494005,-0.06292271878367964,-0.043360643767868114,0.0
"bb_break(10, 1.5)",bb_break,54259,31393,-0.054366789196326606,-10.323827093063109,-0.04646230132597308,-0.06571929245696861,0.0,22866,-0.0578411172236339,-12.272869476522272,-0.073406325201118,-0.029601519587191663,1.0
"bb_revert(10, 1.5)",bb_revert,54913,28540,-0.0401696674651542,-4.8074193637240015,-0.03320259650913757,-0.04962074571933611,0.0,26373,-0.06646114831905621,-11.492842242835414,-0.07569832178339392,-0.0467106997254479,1.0
"bb_break(10, 2.0)",bb_break,27924,15330,-0.05545846060472054,-10.148550448183222,-0.046107520575594585,-0.06940508447068655,0.0,12594,-0.06124095421826589,-11.511909750272356,-0.07895632391376577,-0.028445260761145116,2.0
"bb_revert(15, 2.0)",bb_revert,30046,15866,-0.03987591220404263,-3.876128995420553,-0.03180956568060882,-0.05121821808291411,0.0,14180,-0.06727513177626661,-11.198488894898391,-0.07276470535775734,-0.05478314994414253,0.0
"bb_break(15, 2.5)",bb_break,10151,5243,-0.04832264720396072,-8.250178379417838,-0.040527455203322675,-0.060601223208895015,0.0,4908,-0.06524171823462027,-10.653072344775245,-0.08905764251798408,-0.01960514318182865,1.0
"bb_revert(15, 2.5)",bb_revert,11283,6472,-0.04090082384879656,-4.7900730774764755,-0.036846660435673216,-0.047401184011592074,0.0,4811,-0.06589061296669353,-8.814507438941162,-0.07149684378285415,-0.0512782707269705,0.0
"bb_break(15, 3.0)",bb_break,1589,795,-0.046869800854386585,-4.176675421763259,-0.04111607184656174,-0.05857490604969436,0.0,794,-0.05132026043534481,-6.402941710588298,-0.08244209064074512,0.04625964468783742,1.0
"bb_revert(10, 3.0)",bb_revert,0,0,,,,,,0,,,,,
"bb_break(15, 1.5)",bb_break,46129,27032,-0.05052112680063884,-9.908791812055393,-0.0429730340411666,-0.061478388972606254,0.0,19097,-0.06025525748100409,-12.55569444305554,-0.07610756650421863,-0.03206748134036528,1.0
"bb_revert(15, 1.5)",bb_revert,46730,23861,-0.03685004402659328,-4.7894846156801245,-0.027995424170910235,-0.048782524168593536,0.0,22869,-0.06843737061067576,-11.846701099788799,-0.07683817558604489,-0.050077065545410124,0.0
"bb_break(15, 2.0)",bb_break,28985,16462,-0.051243765628636244,-8.841972697141903,-0.04562249502959392,-0.05955255021571989,0.0,12523,-0.06178781813301647,-11.772479651844783,-0.07898910764182546,-0.031268294943815944,1.0
"bb_revert(20, 2.0)",bb_revert,27149,14047,-0.03938002759190142,-5.809717683825125,-0.027576875025016177,-0.05488685428824087,0.0,13102,-0.0683279275728484,-11.506740102671124,-0.07322794028810341,-0.057109445034457675,0.0
"bb_break(20, 2.5)",bb_break,11409,6066,-0.05067382916268312,-7.563897321782343,-0.0478156095273601,-0.05493299881630486,0.0,5343,-0.06072423292608137,-10.78876473490801,-0.07830925151819271,-0.030224935071083738,1.0
"bb_revert(20, 2.5)",bb_revert,12465,6954,-0.04395574576632481,-5.784561732813664,-0.03431213736945355,-0.058143570486668426,1.0,5511,-0.06545135346368454,-9.343888197764695,-0.06588539482019054,-0.06440976131266149,0.0
"bb_break(20, 3.0)",bb_break,3134,1543,-0.04540877935133666,-6.529599695150432,-0.03731103251390508,-0.05885383142796875,0.0,1591,-0.05932836086154929,-7.988677573643089,-0.08766323096123942,0.0017827577859966636,1.0
"bb_revert(15, 3.0)",bb_revert,2153,1276,-0.057784710138826446,-3.979177846600699,-0.051913992805829166,-0.07350199083725438,0.0,877,-0.06927361200794308,-7.780133195129673,-0.06967813474352959,-0.06771809916833968,0.0
"bb_break(20, 1.5)",bb_break,40299,23855,-0.050686685892993945,-9.645976531902237,-0.04666133189206146,-0.05658842996838157,0.0,16444,-0.058999377380948057,-12.223832741864863,-0.07548960921027795,-0.0307502308566233,1.0
"bb_revert(20, 1.5)",bb_revert,40777,20598,-0.03425866850849756,-5.231195814744644,-0.0241480311650874,-0.04751640055462539,0.0,20179,-0.06768930723447694,-11.052019896950197,-0.07430633503769785,-0.053138769400222476,0.0
"bb_break(20, 2.0)",bb_break,26452,15267,-0.05241995708631717,-9.376975723265057,-0.0481609694750788,-0.05873364652561151,0.0,11185,-0.05615227025717988,-10.817311124669594,-0.07431137070965423,-0.02634029405379084,1.0
"bb_revert(25, 2.0)",bb_revert,24670,12744,-0.03682229823430539,-4.813874465197855,-0.021655572206316833,-0.05632548368626053,1.0,11926,-0.07121650015427279,-11.051175050109448,-0.0747614017652285,-0.06341505270128385,0.0
"bb_break(25, 2.5)",bb_break,11594,6169,-0.050741458914103185,-8.138153265214608,-0.04695486431664044,-0.05591172860795471,0.0,5425,-0.05535203358041054,-9.504674144954897,-0.07679743519996217,-0.021131739608542262,1.0
"bb_revert(25, 2.5)",bb_revert,12452,6935,-0.04587047138217605,-5.980314933410453,-0.03178972402605064,-0.06490263786624385,1.0,5517,-0.06947899942689476,-8.627256710663678,-0.07000520554288456,-0.06831540394689169,0.0
"bb_break(25, 3.0)",bb_break,3893,1904,-0.04642375384893591,-5.859903369836849,-0.040887931828120845,-0.05503585817393547,0.0,1989,-0.057106899005886815,-7.044509814667257,-0.09099379207381329,0.0032733831878730903,1.0
"bb_revert(20, 3.0)",bb_revert,3841,2257,-0.05219052656017788,-4.4935456804071805,-0.04245810551390203,-0.0710225714455595,1.0,1584,-0.06700324791185557,-7.791378668302738,-0.07034247185538237,-0.057184932734620046,0.0
"bb_break(25, 1.5)",bb_break,36518,21814,-0.05046991865237975,-9.430550456834808,-0.0483364133491097,-0.05358512031714091,0.0,14704,-0.05868503633587557,-12.33020494463249,-0.07501907343849872,-0.0312552830673306,1.0
"bb_revert(25, 1.5)",bb_revert,36674,18264,-0.03122340693165985,-5.68587292941643,-0.0186213825623767,-0.047467525322194656,0.0,18410,-0.0680383343939732,-10.816858902122307,-0.07355506384285848,-0.05594094848490181,0.0
"bb_break(25, 2.0)",bb_break,23971,13798,-0.05068574267328845,-8.602421036561845,-0.0471477051918824,-0.05573785848564287,0.0,10173,-0.05544155886109185,-11.498467202243486,-0.07347855351128553,-0.02650201828946775,1.0
"bb_revert(30, 2.0)",bb_revert,22780,11673,-0.03290424370239581,-5.04980617816156,-0.021473119072030245,-0.04735277729744864,0.0,11107,-0.07073306302610853,-10.196894296345278,-0.07329848722206506,-0.06530573363314805,0.0
"bb_break(30, 2.5)",bb_break,11141,5953,-0.051919071789427666,-9.705669407571898,-0.049950201708033465,-0.05446858397269793,0.0,5188,-0.05452933593952263,-8.747235779794261,-0.07907657593366103,-0.016954097353373214,1.0
"bb_revert(30, 2.5)",bb_revert,11780,6528,-0.04462784402066594,-5.126930918295817,-0.025682748918503532,-0.06963213798279501,1.0,5252,-0.07356978682379414,-9.600119258336301,-0.07425152462283983,-0.07212281658444032,0.0
"bb_break(30, 3.0)",bb_break,4025,1966,-0.049528299840501146,-7.295613061255556,-0.042001262427985346,-0.059309046700507045,1.0,2059,-0.05458956399102666,-7.184456572361229,-0.09554275490771097,0.008687925064418803,1.0
"bb_revert(25, 3.0)",bb_revert,4597,2709,-0.05442870803784735,-4.795463077417148,-0.0389995517577871,-0.07950108699294524,2.0,1888,-0.07105250805824556,-7.967376899368884,-0.07151686745038652,-0.06980454219186677,0.0
"bb_break(30, 1.5)",bb_break,33795,20245,-0.05157939182928336,-9.09919597585956,-0.05037855224145857,-0.053336094510985664,0.0,13550,-0.06133819247002762,-12.359505190121787,-0.07606082681522072,-0.03689873506465796,1.0
"bb_revert(30, 1.5)",bb_revert,33776,16701,-0.028638105906841054,-6.257132351224671,-0.016272320715604367,-0.04438571283088397,0.0,17075,-0.06607933913872133,-10.451777853078816,-0.07184934946001259,-0.05358406836322943,0.0
"bb_break(30, 2.0)",bb_break,22256,12866,-0.05101517076406658,-8.979123425790107,-0.04989957648041906,-0.052559060648180604,0.0,9390,-0.0564897063158662,-11.601162533073717,-0.0747955495777006,-0.027932990082437513,1.0
"bb_revert(40, 2.0)",bb_revert,19866,9971,-0.02680594464051852,-4.546383169822142,-0.01101183344566757,-0.046787181633731814,1.0,9895,-0.06869661702522983,-10.451383939162705,-0.07515908537143351,-0.05590400428571075,0.0
"bb_break(40, 2.5)",bb_break,10062,5497,-0.06010940291887146,-10.011684854454666,-0.050330472739316325,-0.07177234716971703,0.0,4565,-0.052601776769016076,-9.229382024442442,-0.09055839885704435,0.0020508902032705003,1.0
"bb_revert(40, 2.5)",bb_revert,10473,5727,-0.03524782304463366,-3.5072283609049713,-0.0048870942545388716,-0.07304698989580617,2.0,4746,-0.06618502609575543,-8.275517951913193,-0.0731933626695032,-0.052287287635557955,0.0
"bb_break(40, 3.0)",bb_break,4021,2070,-0.05247684629929847,-7.840068779361067,-0.04078973828987275,-0.06658111737250734,0.0,1951,-0.028241768924702332,-6.265272270429613,-0.08954867504478449,0.05166711461316155,1.0
"bb_revert(30, 3.0)",bb_revert,4683,2783,-0.052816782859557,-4.575741820796151,-0.027648018096848893,-0.08761777180799331,2.0,1900,-0.07100400254198586,-7.981166236429099,-0.07190463140717052,-0.06888131896220438,0.0
"bb_break(40, 1.5)",bb_break,29958,18047,-0.05067176195955385,-9.523161982412383,-0.04984323858148407,-0.0518548572286017,0.0,11911,-0.06544083126782935,-11.656052691171022,-0.08126358809361883,-0.0393638867703688,1.0
"bb_revert(40, 1.5)",bb_revert,29598,14453,-0.02937092643729017,-6.264146051819842,-0.01546914508129685,-0.04723051813507039,1.0,15145,-0.06431737554076937,-10.007279036988026,-0.07355395470521404,-0.04513298935667394,0.0
"bb_break(40, 2.0)",bb_break,19699,11584,-0.053837771985741675,-9.755093963741745,-0.05071375241310277,-0.05791260714344873,0.0,8115,-0.061544083053163855,-10.854790476671944,-0.0836242873779344,-0.02741950127520134,1.0
"bb_revert(40, 3.0)",bb_revert,4542,2634,-0.06459593842381796,-5.001164568672793,-0.009874992832258182,-0.12968793604769333,2.0,1908,-0.06963977295436757,-7.64876914378605,-0.07388250936272579,-0.05999719020809884,0.0
"bb_break(50, 1.5)",bb_break,27146,16532,-0.05228225379120066,-9.528603963200814,-0.049375480229393594,-0.056349037118639624,0.0,10614,-0.06818557303077577,-12.818543959866991,-0.08129303848020321,-0.04728603816726677,1.0
"bb_revert(50, 1.5)",bb_revert,26761,12868,-0.02891413336177412,-5.458085493407863,-0.013914317899900035,-0.04816158996579708,1.0,13893,-0.06235919485001017,-10.403089220768232,-0.07218371093490267,-0.042414462959458485,1.0
"bb_break(50, 2.0)",bb_break,17695,10559,-0.05389511409678557,-10.112299761145255,-0.0475254808630484,-0.062271579813943115,0.0,7136,-0.0648112881340693,-10.754290368966448,-0.08759848429265239,-0.029105882930188745,1.0
"bb_revert(50, 2.0)",bb_revert,17657,8717,-0.02066182119704116,-4.799592688801922,-0.003807970250593782,-0.042087026712339964,2.0,8940,-0.06774090289111843,-9.977456139554015,-0.07430397208493576,-0.05464115754313716,0.0
"bb_break(50, 2.5)",bb_break,9031,4996,-0.056549765712198864,-9.150067984693509,-0.046388789358585265,-0.06901099874479451,0.0,4035,-0.049262035767535794,-9.063257243722797,-0.0919993882535586,0.009141501647380996,1.0
"bb_revert(50, 2.5)",bb_revert,9384,5053,-0.029064956896041768,-4.255891179529007,0.0008390855307824412,-0.06359806857699697,3.0,4331,-0.06651328243494263,-8.23298326795592,-0.0777806705415056,-0.04414934187884247,0.0
"bb_break(50, 3.0)",bb_break,3792,1964,-0.052951707318959804,-6.806975197889241,-0.042199561768358575,-0.06681169913593528,1.0,1828,-0.013926290457657092,-5.734838914452776,-0.0891031302343946,0.07257129695604797,1.0
"donchian(25,)",donchian,30065,18529,-0.05616490233903673,-10.23958598989536,-0.05085273953442065,-0.0640293211417475,0.0,11536,-0.06132253555173291,-12.299984299660792,-0.07737550462788811,-0.03631407419273812,1.0
"donchian(30,)",donchian,27565,17116,-0.05712807727994139,-10.879143696619906,-0.05311075726537144,-0.06304293253178474,0.0,10449,-0.06347259495475094,-12.269532586332863,-0.08041875403414092,-0.037710018814520595,1.0
"donchian(35,)",donchian,25536,16060,-0.058343558798739314,-10.51819631498221,-0.05402101559210208,-0.06466010277962607,0.0,9476,-0.06499282159462708,-11.547343632569874,-0.08634430474988383,-0.032491056312510105,1.0
"donchian(40,)",donchian,23935,15194,-0.059798806795245685,-10.680168434777684,-0.0538907486775425,-0.06843263026516314,0.0,8741,-0.06417789086984531,-11.320160442258704,-0.08736404408255506,-0.029507873590891943,1.0
"bb_revert(50, 3.0)",bb_revert,4242,2461,-0.06751732864847407,-3.9285753463885054,-0.008180054913015045,-0.12916516730983746,3.0,1781,-0.0770696461523734,-8.310590963864895,-0.08157755138753027,-0.06637190891818474,0.0
"donchian(10,)",donchian,46516,27535,-0.05133335521423029,-10.42111573707009,-0.04453278992763414,-0.06132833797377504,0.0,18981,-0.05990801938901741,-12.13338835355531,-0.07624056002289924,-0.03144172277265197,1.0
"donchian(15,)",donchian,38344,23119,-0.05170589125063019,-10.134671729606367,-0.04408555264622597,-0.06291366082141261,0.0,15225,-0.06174192613649298,-12.089603415936189,-0.07898319071283326,-0.03291470121216972,1.0
"donchian(20,)",donchian,33353,20375,-0.053519491617576874,-10.07608076302194,-0.04749615464349411,-0.06246632917959271,0.0,12978,-0.06134572440096166,-11.892505901206071,-0.07718622427556118,-0.03598822680611176,1.0
"donchian(65,)",donchian,18791,12424,-0.06363458369889367,-11.3408797343775,-0.05460255749364102,-0.07763969433906476,0.0,6367,-0.059691700997991114,-10.568058630202303,-0.08533337241722046,-0.0218572752452791,1.0
"donchian(70,)",donchian,18059,12023,-0.06178778226294533,-11.235383115040465,-0.053697275592748846,-0.07448192552774294,0.0,6036,-0.059044091938207054,-10.196950062021168,-0.08685517585598122,-0.018505134110181173,1.0
"donchian(75,)",donchian,17429,11688,-0.06141804337733958,-11.29114508559645,-0.05455975876007177,-0.07232957268306583,0.0,5741,-0.05871623169067945,-9.904107562291511,-0.08594199179449322,-0.019655694612137474,1.0
"donchian(80,)",donchian,16878,11401,-0.06056800773314545,-11.24255433928104,-0.054568202285393344,-0.07018550409128871,0.0,5477,-0.05633001664138326,-10.399021662203015,-0.08606003841668852,-0.01388303076449575,1.0
"donchian(45,)",donchian,22570,14434,-0.060589702535651546,-10.995973134791123,-0.053809629416237945,-0.07063334875706928,0.0,8136,-0.0660953616202585,-11.116144727598199,-0.08786770435851983,-0.03384520343796657,1.0
"donchian(50,)",donchian,21381,13802,-0.060743554688409404,-10.653580341835093,-0.054480161710919864,-0.07003943994621695,0.0,7579,-0.06713931846019643,-11.298392394167008,-0.0900733276120277,-0.03310287354394206,1.0
"donchian(55,)",donchian,20342,13291,-0.06169899506718525,-10.839351049393647,-0.05405306462272698,-0.07311554099438237,0.0,7051,-0.06254819972750002,-10.551087079533144,-0.08704736300415958,-0.026647502772087373,1.0
"donchian(60,)",donchian,19564,12884,-0.06405838861108488,-11.294509285244786,-0.05376283045138182,-0.0795798743068926,0.0,6680,-0.05928883579862701,-10.59165648828737,-0.08422983594662187,-0.02252395409899014,1.0
"donchian(85,)",donchian,16419,11175,-0.06083063195234694,-11.730573366588695,-0.05443135963532155,-0.07106589514189487,0.0,5244,-0.05456123415549335,-10.388378431665476,-0.08273976602196893,-0.014956178357841434,1.0
"donchian(90,)",donchian,15951,10922,-0.060841792804042324,-11.57208740460221,-0.05432381979674827,-0.07119732090735878,0.0,5029,-0.05365442117385286,-9.933568738752284,-0.08114817344248576,-0.015805035371146057,1.0
"donchian(95,)",donchian,15510,10712,-0.060100134023315,-11.55208321254742,-0.0534401856291927,-0.07060605839094396,0.0,4798,-0.05277567839810346,-10.052609225933317,-0.07850181220394636,-0.018083804372113658,1.0
"donchian(100,)",donchian,15112,10519,-0.05907036478054035,-11.449653843801002,-0.05233565416431035,-0.0695890445618075,0.0,4593,-0.05273085270486699,-10.027933124478853,-0.07836746490537473,-0.018687302798465425,1.0
"stoch_revert(5, 3, 10)",stoch_revert,23867,10917,-0.03951203215948461,-3.769839221111461,-0.03168726221596898,-0.04853598282215441,0.0,12950,-0.055739313074644345,-9.034274389759215,-0.06907408827505718,-0.027889891078456554,3.0
"stoch_revert(5, 3, 20)",stoch_revert,49640,24770,-0.04269896409379763,-5.982021188582214,-0.03320154030580022,-0.05504676151749082,0.0,24870,-0.06390698088790178,-10.735923343683744,-0.07485573331164491,-0.041201614812263886,0.0
"stoch_revert(5, 3, 30)",stoch_revert,62447,32563,-0.04087625054071779,-6.610614076035332,-0.03256910654616971,-0.05220368082899394,0.0,29884,-0.06350173306722512,-11.49557858838992,-0.07440870693768759,-0.04144844734168189,0.0
"stoch_revert(5, 5, 10)",stoch_revert,10545,4479,-0.03855906403766021,-2.6040544546182525,-0.014361606084731018,-0.06414590290198866,1.0,6066,-0.059266320822676445,-8.225448129848237,-0.07017679286765258,-0.033182425385916856,2.0
"stoch_revert(5, 5, 20)",stoch_revert,33713,15993,-0.04075940209283703,-5.871603518170491,-0.029867371524788237,-0.054402053901521225,0.0,17720,-0.0607273734233286,-9.797538682817972,-0.07109324672333713,-0.03812191754075753,2.0
"stoch_revert(5, 5, 30)",stoch_revert,49810,25245,-0.04153747065490001,-6.4171221148958635,-0.03030280152645782,-0.05645487364702243,0.0,24565,-0.061479465831705105,-10.899309219172181,-0.07117811523076914,-0.041217435843444214,1.0
"stoch_revert(9, 3, 10)",stoch_revert,25345,11663,-0.03874308661800636,-4.943384125334025,-0.027027292646167527,-0.05256295048461947,0.0,13682,-0.06415984438428056,-9.692065557686739,-0.07430490181988447,-0.04191930316521048,0.0
"stoch_revert(9, 3, 20)",stoch_revert,44333,22173,-0.039993611460394915,-5.950416780774163,-0.024462262929469233,-0.060185975686338024,0.0,22160,-0.06305953219899804,-10.72970977861772,-0.07432991377961766,-0.03913379542751358,1.0
"stoch_revert(9, 3, 30)",stoch_revert,52636,27481,-0.04300611517766685,-7.060411346686021,-0.03025573237967202,-0.05997778426462376,0.0,25155,-0.062075528916268906,-10.916733217326719,-0.07384033574864478,-0.038098341078546344,1.0
"stoch_revert(9, 5, 10)",stoch_revert,14670,6371,-0.04227679246079455,-5.583907146740362,-0.021630511539941805,-0.06511396798514936,1.0,8299,-0.06277236184370664,-9.691957809354578,-0.07336439856981805,-0.03868853553628807,2.0
"stoch_revert(9, 5, 20)",stoch_revert,33672,16300,-0.042072458626354635,-6.804630672737932,-0.02542198288385059,-0.0629240907466136,0.0,17372,-0.06128130433667686,-10.762027102985883,-0.07184658987215366,-0.03826807901918933,1.0
"stoch_revert(9, 5, 30)",stoch_revert,43935,22478,-0.04739751111731489,-7.28252567585266,-0.030777611452672445,-0.0691606490219556,0.0,21457,-0.059774935331891606,-11.785729433076048,-0.07059933359050415,-0.03686525756507939,1.0
"stoch_revert(14, 3, 10)",stoch_revert,24909,11443,-0.03229848571855052,-5.140445994878663,-0.019651610454881327,-0.04679305712445495,0.0,13466,-0.06719592597711141,-9.539650535345087,-0.07745531320084169,-0.04484131217280774,0.0
"stoch_revert(14, 3, 20)",stoch_revert,38109,19089,-0.03867265095132655,-6.200926408583312,-0.020593721017488124,-0.06164388082562917,0.0,19020,-0.06342636544423949,-10.504968691054572,-0.07508296866798506,-0.03870748165967653,1.0
"stoch_revert(14, 3, 30)",stoch_revert,42896,22519,-0.043670313840493656,-7.301834738235006,-0.0264708854464534,-0.06596450510643019,0.0,20377,-0.06268146589626868,-12.200746823781431,-0.07386896176123534,-0.0394171553171631,1.0
"stoch_revert(14, 5, 10)",stoch_revert,16038,7009,-0.03942458343824098,-5.7002781513033005,-0.014943169101232875,-0.06658031417739593,1.0,9029,-0.065672488385121,-10.118100362434658,-0.07675284052891679,-0.04083021952125715,1.0
"stoch_revert(14, 5, 20)",stoch_revert,30188,14775,-0.04382706239713856,-6.431167307703779,-0.019152474882969946,-0.0738020072651977,0.0,15413,-0.06017238000302057,-10.727018964446039,-0.07153703527086872,-0.03570896579994552,1.0
"stoch_revert(14, 5, 30)",stoch_revert,36463,18729,-0.04460231901180301,-7.550957143534937,-0.025511266754308825,-0.0692597456152667,1.0,17734,-0.05993255269411337,-11.02273509347518,-0.07007073815410104,-0.03863332235633543,1.0
"stoch_revert(21, 3, 10)",stoch_revert,24207,10954,-0.02953987495631638,-5.081729361151665,-0.013507150978402658,-0.04829765384172813,0.0,13253,-0.06339627377812201,-9.604430012938712,-0.07053138134933792,-0.04743377982483266,0.0
"stoch_revert(21, 3, 20)",stoch_revert,32875,16420,-0.03752798943370271,-6.047322359961699,-0.01865743870805832,-0.06082024220718485,1.0,16455,-0.0606689948068599,-10.749587280270026,-0.0698878373663332,-0.04067619586505591,1.0
"stoch_revert(21, 3, 30)",stoch_revert,35105,18364,-0.0406469748512439,-7.428678947271929,-0.021275500836840287,-0.06562629859279438,1.0,16741,-0.05900320745726304,-11.799527671232292,-0.06891330545640377,-0.03817878329937989,1.0
"stoch_revert(21, 5, 10)",stoch_revert,16855,7245,-0.03327456448013762,-5.886666790119744,-0.006408772963452594,-0.06498315139811495,2.0,9610,-0.0613741718689967,-10.49285313417404,-0.06748911673470469,-0.04779587941585283,0.0
"stoch_revert(21, 5, 20)",stoch_revert,26829,13161,-0.04333273971305861,-7.258343972243842,-0.019352249823769468,-0.07285406834096464,1.0,13668,-0.056059551903385504,-10.824853868822396,-0.06508017317570225,-0.036192204208967196,1.0
"stoch_revert(21, 5, 30)",stoch_revert,29872,15362,-0.0417200489020903,-7.479529837912262,-0.02474267808190694,-0.06378554792317292,1.0,14510,-0.057252974894052,-10.874793300245752,-0.06443125963932161,-0.042312569545063364,0.0
"cci_momo(10, 100)",cci_momo,60723,35205,-0.05190018519788776,-9.897899953572184,-0.04610545195528734,-0.060307873551343316,0.0,25518,-0.06016393118461355,-12.242854685445884,-0.0748523576951135,-0.032723632541135986,1.0
"cci_revert(10, 100)",cci_revert,61163,31812,-0.03975730630712508,-5.487249559584023,-0.0320471291383046,-0.050303634988287264,0.0,29351,-0.06715846102346648,-11.332376259867534,-0.07635087459224246,-0.047482210922528814,0.0
"cci_momo(10, 150)",cci_momo,42415,24347,-0.05216371463074731,-10.05101669646154,-0.044086016228461956,-0.06411531890698742,0.0,18068,-0.062443654745422995,-11.937197704728968,-0.07867844237495664,-0.03290282706746382,1.0
"cci_revert(10, 150)",cci_revert,43462,22822,-0.0410727096414954,-4.941249071212869,-0.035219662494526176,-0.049206912964487606,0.0,20640,-0.06834532991504184,-10.835017388034139,-0.0776173438225103,-0.047891595600989816,0.0
"cci_momo(10, 200)",cci_momo,16875,9005,-0.05031309259766821,-9.367515610061883,-0.04217478266479511,-0.06311947570438421,0.0,7870,-0.06491605318717902,-9.913374251154874,-0.0865832096514937,-0.02513437312026612,1.0
"cci_revert(10, 200)",cci_revert,18297,10263,-0.04121401720274796,-4.7751287394542,-0.03265980071536685,-0.05383999946325402,0.0,8034,-0.06888843776308455,-10.20353696489879,-0.07582950536590113,-0.051584054443714854,0.0
"cci_momo(14, 100)",cci_momo,51999,30347,-0.04848728824085863,-9.581664852365968,-0.04388995105047841,-0.055210576798325604,0.0,21652,-0.06161358468991544,-12.507721575578064,-0.07574403526997556,-0.036020260151894336,1.0
"cci_revert(14, 100)",cci_revert,52298,27046,-0.0343571094605615,-5.836056495991088,-0.02937613142471114,-0.04107120321545763,0.0,25252,-0.06849543783371978,-11.780205391613276,-0.07795107869143061,-0.047969430909045645,0.0
"cci_momo(14, 150)",cci_momo,37287,21589,-0.049444121503443635,-9.240981980793974,-0.04353193040264775,-0.05821819132487559,0.0,15698,-0.0636471351231106,-11.194446981964193,-0.0801453096345571,-0.03473265954150304,1.0
"cci_revert(14, 150)",cci_revert,38079,19765,-0.03654591033588442,-4.721157646100078,-0.028655979442921187,-0.047280664036187435,0.0,18314,-0.06883570863342763,-11.464199906031038,-0.07634108110819326,-0.05201735229862718,0.0
"cci_momo(14, 200)",cci_momo,17757,9860,-0.050548300803704295,-8.09384885653653,-0.04277857351529,-0.0623968862076754,0.0,7897,-0.06607103587167329,-10.837754486782579,-0.08598002246485466,-0.0294052591952061,1.0
"cci_revert(14, 200)",cci_revert,18830,10212,-0.03841329455713612,-4.461639909553379,-0.03362103041852599,-0.045580610424265644,1.0,8618,-0.06742216527043486,-10.281982515800905,-0.07360550807925346,-0.052459457156079366,0.0
"cci_momo(20, 100)",cci_momo,43540,25761,-0.046995992720058895,-9.32629504525289,-0.04386092318173147,-0.0516310334739051,0.0,17779,-0.0630013977819744,-12.714107903098025,-0.07675828874389161,-0.03849424550047389,1.0
"cci_revert(20, 100)",cci_revert,43977,22406,-0.0323742561481945,-5.903247935255793,-0.025808077909314657,-0.0411125395363137,0.0,21571,-0.0683662979680177,-10.955470900371427,-0.07520020798471887,-0.05316848283597263,0.0
"cci_momo(20, 150)",cci_momo,30915,18203,-0.050874796081668325,-9.21350364215603,-0.04791119615289934,-0.05528495360278752,0.0,12712,-0.05818363064587711,-10.463594310898976,-0.07316079283022048,-0.03317975845655962,1.0
"cci_revert(20, 150)",cci_revert,31645,16082,-0.03389126147434319,-5.268425014597605,-0.027122657832681082,-0.04273549256664693,0.0,15563,-0.06916204803971387,-10.909316703216573,-0.07523554188188422,-0.055315250066141936,0.0
"cci_momo(20, 200)",cci_momo,15892,8966,-0.05314101482671549,-7.9550613700409505,-0.0509242795155501,-0.05648534521222298,0.0,6926,-0.06116804916094362,-9.086176142076214,-0.07626566598071409,-0.035371612756728836,1.0
"cci_revert(20, 200)",cci_revert,16753,8899,-0.03629061545402512,-6.258964390364407,-0.027570968304043802,-0.048514595831083966,1.0,7854,-0.06584416910639354,-9.982663302179699,-0.06799562708876371,-0.06083564785421487,0.0
"cci_momo(30, 100)",cci_momo,35897,21454,-0.049871955105384405,-9.333444229803986,-0.04998160195142811,-0.049707975868489684,0.0,14443,-0.06327553236734118,-12.435654671805317,-0.07500760394688692,-0.04294586131237807,1.0
"cci_revert(30, 100)",cci_revert,35860,17863,-0.03431120738429142,-6.926459477161834,-0.02395479225161591,-0.04795850880993725,0.0,17997,-0.06262867038835493,-10.169850134797622,-0.06991376785116869,-0.04692816142791142,0.0
"cci_momo(30, 150)",cci_momo,24460,14381,-0.0511768550516482,-9.40599432013015,-0.0513616492477348,-0.050911450139836875,0.0,10079,-0.05930694480495856,-10.745986471494152,-0.07664699952535854,-0.03183407349281718,1.0
"cci_revert(30, 150)",cci_revert,25087,12695,-0.02871972998566974,-5.425949208844189,-0.020702444443542273,-0.03884494710972912,1.0,12392,-0.07133630938825998,-10.365763135791097,-0.07395029453209304,-0.06562745180280755,0.0
"cci_momo(30, 200)",cci_momo,13163,7368,-0.054226777749811744,-9.145811063143185,-0.05213288598598371,-0.05704619634136107,0.0,5795,-0.05935039717929517,-7.45095572335828,-0.07659772650763386,-0.032664419493250246,1.0
"cci_revert(30, 200)",cci_revert,13677,7306,-0.033673297862351834,-4.470668179301429,-0.023938245449491996,-0.04629031739429211,1.0,6371,-0.07561455001425076,-9.751189989886118,-0.07701512932605398,-0.07257357094103736,0.0
"cci_momo(40, 200)",cci_momo,11087,6269,-0.056240554795171746,-9.836065822194161,-0.047995667941292716,-0.0662920203968565,0.0,4818,-0.05792917639315008,-9.016099402691719,-0.08620500324607344,-0.016804629442005805,1.0
"cci_revert(40, 200)",cci_revert,11448,6070,-0.026763466203664193,-4.7379536221674305,-0.00850532322882493,-0.04943107206829107,2.0,5378,-0.07181488622768452,-9.54872921215179,-0.07838152189259978,-0.05864123871433582,0.0
"willr(7, 10)",willr,54879,27492,-0.03938364035564312,-5.094877234132195,-0.029836233190019944,-0.05147492385756422,0.0,27387,-0.062446843289210754,-10.249001314704456,-0.07229677946212407,-0.042610392099124546,1.0
"willr(7, 20)",willr,67684,35127,-0.04092421665959897,-5.793064043785479,-0.03177172533734473,-0.05319217724465533,0.0,32557,-0.06637951752570338,-11.381288281467691,-0.07634890302674058,-0.04621490583453301,0.0
"willr(10, 10)",willr,49338,24477,-0.03853080343005732,-4.6091839467899245,-0.02787463096097195,-0.051938763586288184,0.0,24861,-0.06658603192244429,-10.1576724194211,-0.074853511994621,-0.049459661973075976,0.0
"willr(10, 20)",willr,59955,30821,-0.03981250301910708,-5.734177998054421,-0.02796838063590939,-0.05536202433788569,0.0,29134,-0.06681235185620983,-10.869985052909806,-0.07711854914492904,-0.0455121542176085,1.0
"willr(14, 10)",willr,43930,21534,-0.03567866763629245,-4.538172697646564,-0.02523838274869197,-0.04880947676940794,0.0,22396,-0.06827604625860458,-10.00760746646337,-0.07606383657633836,-0.05179904081173539,0.0
"willr(14, 20)",willr,51891,26439,-0.038574340536888234,-5.889875869263326,-0.025933603577659958,-0.054899494066916014,0.0,25452,-0.06635221447181928,-11.050868478739757,-0.07715776323583028,-0.04380549217815285,1.0
"willr(21, 10)",willr,38405,18392,-0.03242957126489392,-4.817126555814458,-0.022156506984341046,-0.04516176672474387,1.0,20013,-0.06855620709034707,-10.30496702250204,-0.07515101023934813,-0.05428102361364317,0.0
"willr(21, 20)",willr,43686,22118,-0.03700018367125081,-5.938465606587778,-0.022481006056632266,-0.05521649744094757,1.0,21568,-0.06398120973137388,-10.922373786631526,-0.073386651724625,-0.04423221468661981,1.0
"willr(28, 10)",willr,34684,16332,-0.0293385680338996,-5.121798197954694,-0.019180241769896425,-0.041789370216843806,1.0,18352,-0.06686848596992519,-9.759052679073202,-0.0723831731261582,-0.05492792326565658,0.0
"willr(28, 20)",willr,38702,19446,-0.035818125920582124,-6.451222367933189,-0.02069987727643685,-0.054495654162751254,1.0,19256,-0.060233104430503934,-10.440434046138368,-0.06874495994780823,-0.042499277026877655,1.0
"mfi(7, 10)",mfi,13183,6061,-0.05011930915619471,-4.2390657520719275,-0.02694121275579447,-0.0819030446348343,1.0,7122,-0.06245487237897945,-9.636836316918314,-0.06813849804571773,-0.048807656594662296,1.0
"mfi(7, 20)",mfi,31551,15344,-0.042245382795420255,-5.576557447386085,-0.03219072325571556,-0.0555911018356077,0.0,16207,-0.0627864390040291,-11.646098976114905,-0.07163741319452284,-0.04293638504219547,2.0
"mfi(7, 30)",mfi,49873,25535,-0.04203391217181021,-6.768051660524732,-0.03741035095989047,-0.04822590936465142,0.0,24338,-0.06334456471776935,-11.412706424519277,-0.0715970840954285,-0.045570154380063954,1.0
"mfi(10, 10)",mfi,6248,2708,-0.05383035795450789,-3.3063008093099246,-0.026959131846468323,-0.08416611321484188,1.0,3540,-0.07149686744813569,-9.689156134960099,-0.08011434492439344,-0.0507817773609776,0.0
"cci_momo(40, 100)",cci_momo,31515,18921,-0.050205612170649304,-9.717326836636339,-0.05000913624209934,-0.05049553177318584,0.0,12594,-0.06734536769007178,-12.58013733678972,-0.08090322628004167,-0.04454298967823575,1.0
"cci_revert(40, 100)",cci_revert,30997,15297,-0.0330514746103159,-6.871693602334597,-0.019292027243439806,-0.05074424875735247,1.0,15700,-0.0622730378741269,-10.246388505665719,-0.07264231154922375,-0.04042430309899211,1.0
"cci_momo(40, 150)",cci_momo,21124,12636,-0.05265021757254759,-9.833331572402617,-0.05105212460892057,-0.054784749874796944,0.0,8488,-0.0638084027560273,-10.470476061068247,-0.080997869339544,-0.03710370797946886,1.0
"cci_revert(40, 150)",cci_revert,21313,10589,-0.021936296277035094,-4.997964233773195,-0.01368091507198274,-0.03229992073338837,1.0,10724,-0.06940854059958008,-9.966794294021012,-0.07631318252772548,-0.05521763265951146,0.0
"mfi(10, 20)",mfi,18831,8896,-0.04861421361202387,-5.908704593229098,-0.03894673181362728,-0.060479510501292806,0.0,9935,-0.06977894263939845,-11.247939689655793,-0.07886938823451674,-0.048954324641439485,0.0
"mfi(10, 30)",mfi,35959,17867,-0.03700121386745306,-6.1966425336096025,-0.03293650362425058,-0.04227483176045975,0.0,18092,-0.06859842520279154,-10.81339753585733,-0.07815437082096256,-0.047479039358231855,0.0
"mfi(14, 10)",mfi,1514,591,-0.027826301786191533,-1.9564330537921972,0.021012449586187695,-0.09398237934240244,2.0,923,-0.07677688822368538,-7.157478631832618,-0.07799342040680865,-0.07351987775731549,0.0
"mfi(14, 20)",mfi,9032,4075,-0.0344883630244355,-5.161388747992793,-0.009424227898426465,-0.06386791160764119,1.0,4957,-0.0702478830490996,-10.53838864529041,-0.07234021549670723,-0.06539798528064894,0.0
"mfi(14, 30)",mfi,23782,11440,-0.03856569645217371,-6.413498870820536,-0.02101867872295851,-0.06051068793449143,0.0,12342,-0.07071889383664726,-11.902867440859348,-0.07498527364502004,-0.06112122425193506,0.0
"mfi(21, 10)",mfi,180,52,-0.03322563383955143,-1.186622684168966,-0.004395173662117653,-0.06686117071322417,2.0,128,-0.0527333111314935,-3.3447736914604347,-0.07584371926686255,0.0227606887773787,3.0
"mfi(21, 20)",mfi,2858,1030,-0.033977506671217315,-2.5823920099535047,-0.0014797896066551417,-0.07914254732475035,1.0,1828,-0.06420093238049733,-8.712449652295511,-0.0717889553997227,-0.04426731635380213,1.0
"mfi(21, 30)",mfi,13443,5853,-0.030534984452197406,-5.70459105523954,-0.012154932898230986,-0.05330965430043659,1.0,7590,-0.06223922192652775,-9.618006350694174,-0.06736036010614396,-0.050678197538209596,1.0
"adx_di(7, 15)",adx_di,55097,30304,-0.0444026966535811,-8.119226091454092,-0.03791734914816836,-0.053417938374765696,0.0,24793,-0.06450289466912165,-12.127158110729722,-0.07798842345480968,-0.037763842706065316,1.0
"adx_di(7, 20)",adx_di,45987,25152,-0.045530818943524266,-8.285148014608687,-0.037206927337558066,-0.05718808038902416,0.0,20835,-0.062026389842770875,-11.953703275148095,-0.07533465750243015,-0.03551306383748675,1.0
"adx_di(7, 25)",adx_di,31787,17279,-0.04682161688326806,-7.9978826948054405,-0.03619656535937294,-0.06177692836360643,0.0,14508,-0.06009056747211883,-11.256871157292974,-0.0736612167493878,-0.03250674774549603,1.0
"adx_di(7, 30)",adx_di,18651,9958,-0.04827250480278568,-7.319551949121468,-0.03425260741949157,-0.06840381538006954,1.0,8693,-0.06186063264940281,-11.117655887814818,-0.07399204264553677,-0.03683265325286844,1.0
"adx_di(10, 15)",adx_di,42560,23438,-0.04679367761926785,-8.297301286933271,-0.039385399321827705,-0.05720510649910624,0.0,19122,-0.059737942093270005,-11.599315545079131,-0.07279498072675704,-0.0341034120378466,1.0
"adx_di(10, 20)",adx_di,28875,15796,-0.04887782895831699,-8.044221994161347,-0.03832022995173064,-0.06429652806824745,1.0,13079,-0.05742216157105827,-11.179154521869387,-0.07117085942162715,-0.029766480147487097,2.0
"adx_di(10, 25)",adx_di,16095,8698,-0.051930994483957334,-7.986242700832455,-0.03755045699970869,-0.07377458530494896,1.0,7397,-0.059714353314019336,-10.917667681688453,-0.07172054066304467,-0.03449934710866897,1.0
"adx_di(10, 30)",adx_di,7960,4115,-0.050433186157501114,-6.528270080823038,-0.03372226903196913,-0.07656676994883148,1.0,3845,-0.056985769021605126,-9.225152840074045,-0.07212141673177719,-0.026043375998909723,1.0
"adx_di(14, 15)",adx_di,29762,16332,-0.04906772948283242,-8.35443356962843,-0.041404188614498766,-0.060174576956074206,0.0,13430,-0.05912740917446065,-11.299756938207478,-0.07296106159887601,-0.031258266523702435,2.0
"adx_di(14, 20)",adx_di,16291,8844,-0.05027677574325733,-6.858386005786834,-0.03874452389261928,-0.06785992080013939,1.0,7447,-0.059402631763835034,-11.181857474710524,-0.07282921133841358,-0.03134052333348145,1.0
"adx_di(14, 25)",adx_di,7614,4009,-0.05105441990284114,-7.3017542349777855,-0.038930025708792115,-0.07065763427533422,1.0,3605,-0.058368411905918946,-9.55464956463394,-0.07151586370460855,-0.03185346727425204,1.0
"adx_di(14, 30)",adx_di,3108,1555,-0.062056315809381105,-7.1377975703614895,-0.049140937138968624,-0.08318062160081846,1.0,1553,-0.055300773299441594,-6.789002510240675,-0.07629599757313402,-0.01371330410471881,1.0
"adx_di(20, 15)",adx_di,18056,9830,-0.04685841879886841,-7.440030451038734,-0.04218012093982393,-0.05388777571436752,0.0,8226,-0.05732200160302934,-10.34196820636321,-0.0688340416451585,-0.0338901149342528,1.0
"adx_di(20, 20)",adx_di,7855,4150,-0.055301664527728764,-7.554052849696534,-0.048204431510181146,-0.06654410587059374,0.0,3705,-0.06000051626883348,-9.440827813179368,-0.07305997255868463,-0.03394494785868587,1.0
"adx_di(20, 25)",adx_di,2901,1451,-0.06835808011566721,-4.903831022481369,-0.054822747666011765,-0.09059645874879876,0.0,1450,-0.05630289936543247,-6.922962450733195,-0.07344871299110009,-0.02132831517722576,1.0
"adx_di(20, 30)",adx_di,958,451,-0.0896574298174489,-3.607898238103152,-0.0664695112330236,-0.1294680129292634,0.0,507,-0.06105884900175197,-5.424283766389453,-0.0924884453494387,0.0035043579534358355,2.0
"adx_di(28, 15)",adx_di,10033,5384,-0.053413657980069085,-8.900826842552114,-0.053990490452243224,-0.05252900055568529,0.0,4649,-0.055830304546339624,-10.00399818980992,-0.07380736059759252,-0.018751146116515637,1.0
"adx_di(28, 20)",adx_di,3360,1711,-0.06184251218884357,-7.576564961197254,-0.0613575577405376,-0.06260157132532247,0.0,1649,-0.06598579158044163,-7.927797330451375,-0.08892928577104567,-0.01617193592430325,1.0
"adx_di(28, 25)",adx_di,1003,454,-0.08899213491727319,-5.498108727464902,-0.08722536157662307,-0.09230203940355444,1.0,549,-0.056928010055578085,-5.210673737492727,-0.09175846450325448,0.020065626091917046,1.0
"adx_di(28, 30)",adx_di,258,91,-0.0625734121888986,-2.2367209291252417,-0.06229556463038634,-0.06362630820010304,2.0,167,-0.057815637423308155,-2.442086051955104,-0.10995011803623209,0.09734650725801305,3.0
"roc(5, 0.05)",roc,31663,19417,-0.05231797034654698,-9.06434958884698,-0.036389313056616905,-0.06578919315153821,0.0,12246,-0.04996340504062296,-11.587158020887456,-0.06553367431811631,-0.029469078598013496,1.0
"roc(5, 0.1)",roc,8102,5061,-0.043697579584959054,-6.450244256482862,-0.02151498463344687,-0.055177987047120985,1.0,3041,-0.031653638278845354,-8.842110046692866,-0.07045888630587119,0.0015403566777685712,1.0
"roc(5, 0.15)",roc,2740,1895,-0.053491243343788464,-6.08670319065061,-0.042261860666794465,-0.057353832420626825,1.0,845,0.02729207084891833,-6.116904245813602,-0.08619649772354515,0.08116448036324654,1.0
"roc(10, 0.05)",roc,34355,21131,-0.05029853704371074,-9.012544945849434,-0.04695415975552933,-0.053914667632665274,0.0,13224,-0.06313364752920139,-12.13978438204711,-0.07119862390976572,-0.05198218289056163,0.0
"aroon(10,)",aroon,52473,28931,-0.04721571990448632,-7.451592352526432,-0.040264623407533034,-0.05700500239307832,0.0,23542,-0.06241955307497301,-12.31948398141485,-0.07214814579038287,-0.04319725087113386,0.0
"aroon(14,)",aroon,40411,22290,-0.03986244746663634,-6.874404096830933,-0.037468266912901095,-0.043205343298921166,2.0,18121,-0.06249636212349243,-11.852952164183911,-0.07204450170696337,-0.04362902504542993,0.0
"aroon(25,)",aroon,23614,12769,-0.03798931779287175,-6.529778990298858,-0.03976766625714805,-0.03528617197249359,0.0,10845,-0.05891520580657796,-11.407771440412123,-0.06940288783380189,-0.03833517092988397,0.0
"aroon(50,)",aroon,12649,6817,-0.03446630007770548,-5.87278582067088,-0.0459952235762656,-0.019344605912757863,1.0,5832,-0.06438949590358525,-10.509793813573513,-0.08316091589731744,-0.03435355013563837,1.0
"roc(10, 0.1)",roc,12522,7922,-0.04213533220500013,-8.00635910263333,-0.03544772140866861,-0.046710317651980325,0.0,4600,-0.043715834692199446,-10.438597531399267,-0.0625811704288955,-0.02480122076028348,1.0
"roc(10, 0.15)",roc,4691,3169,-0.03525759125182517,-7.591890329818541,-0.05121382319112375,-0.027485386299693812,0.0,1522,0.010323263202055753,-6.698475705515237,-0.04946510303218986,0.055856532857302986,1.0
"roc(20, 0.05)",roc,31294,19294,-0.048475041696076755,-8.129457744070654,-0.04829135648951798,-0.04870957956897808,0.0,12000,-0.06143478437114246,-12.284846319915422,-0.07805960348105286,-0.036314922727982195,0.0
"roc(20, 0.1)",roc,16184,10535,-0.05196615101643739,-9.378552120922516,-0.05384130132829598,-0.05026708230614467,0.0,5649,-0.053296817338491946,-10.743724606871833,-0.08658940042901282,-0.012575310748433354,1.0
"roc(20, 0.15)",roc,7423,5071,-0.05631747762299455,-7.765591391644667,-0.051244750047807056,-0.05968154950132486,0.0,2352,-0.02253805214039394,-8.987686452918197,-0.09067442983794956,0.0449065856820596,1.0
"roc(40, 0.05)",roc,25975,15927,-0.04834055796409913,-8.090432190711127,-0.04398851938609651,-0.054060434299181045,0.0,10048,-0.05925473172670764,-11.087706840087192,-0.07507918920066627,-0.03402467107561171,1.0
"roc(40, 0.1)",roc,18238,12027,-0.0550341563212925,-8.891478334096984,-0.04830215751745266,-0.062225760202539795,0.0,6211,-0.06118325988381031,-11.473400405116509,-0.08467528149960045,-0.029781020304840262,1.0
"roc(40, 0.15)",roc,11044,7720,-0.06313502256775205,-10.862960540217676,-0.059520489570414226,-0.06610011577636754,0.0,3324,-0.04964463927538185,-10.304127123251837,-0.08345673380590095,-0.015008864001122913,1.0
"roc(60, 0.05)",roc,22311,13503,-0.057991429957607074,-8.205999155296631,-0.0400657209801953,-0.08128691449552078,0.0,8808,-0.05676421906118856,-11.756276291695245,-0.07210923499875252,-0.03255439145820135,1.0
"roc(60, 0.1)",roc,17673,11671,-0.07249337679433523,-9.434382520066746,-0.05500176608500953,-0.09320962470161823,0.0,6002,-0.056405620239646265,-12.044221998641353,-0.07683888638516474,-0.02746671915271631,1.0
"roc(60, 0.15)",roc,12157,8556,-0.07980266403018724,-9.88535014735402,-0.05670491389806985,-0.1025361639283102,0.0,3601,-0.05649385159885791,-10.684771570840736,-0.08879088424904576,-0.015321765756735956,1.0
"keltner(10, 1.5)",keltner,23147,13068,-0.05540938863592571,-10.09545242348846,-0.04842008257513288,-0.06543186346588362,0.0,10079,-0.05415771299078765,-10.775632546120214,-0.0762124617510714,-0.01805186186752876,1.0
"keltner(10, 2.0)",keltner,9813,5082,-0.05837233268071625,-9.325573964326402,-0.0489330697082402,-0.07153925935297317,0.0,4731,-0.0486440680005887,-9.759945365648752,-0.09024644524966671,0.01416779706618904,1.0
"keltner(10, 2.5)",keltner,3255,1593,-0.06701812090126072,-7.805914569739183,-0.05308965325662259,-0.0863052954091803,0.0,1662,-0.003573191800705637,-6.1291565240734895,-0.08862509173444104,0.10213908868373471,1.0
"keltner(20, 1.5)",keltner,32244,19213,-0.05383158891787172,-9.842293504519352,-0.049374202098536366,-0.0603367946433252,0.0,13031,-0.05948076511007265,-12.555738857894843,-0.07596781047487566,-0.03137613589024553,1.0
"keltner(20, 2.0)",keltner,21975,12950,-0.05887912421969294,-10.940025255570164,-0.05364561101391778,-0.06644039976505774,0.0,9025,-0.0608932091923304,-11.433422331240612,-0.07937980630443911,-0.030467012714060628,1.0
"keltner(20, 2.5)",keltner,13375,7621,-0.061705139940095806,-10.40958725029351,-0.05301680330675522,-0.07387811820363252,0.0,5754,-0.05723614187669147,-10.080106227330202,-0.08652581241664346,-0.011555721541695143,1.0
"keltner(30, 1.5)",keltner,32369,19383,-0.05297813185341741,-10.279788988177856,-0.04792110491901643,-0.06026002146854993,0.0,12986,-0.06174438688570685,-12.399535954793304,-0.07594483253018909,-0.03743042418865898,1.0
"keltner(30, 2.0)",keltner,25513,15465,-0.05521926179197433,-10.158290536871379,-0.051469092177264406,-0.06069096737069564,0.0,10048,-0.06407347014582085,-11.852948684582948,-0.08066987882843628,-0.03605759567088679,1.0
"keltner(30, 2.5)",keltner,18431,11136,-0.06317038242878943,-10.847228338151742,-0.05828676041576691,-0.07015840737866122,0.0,7295,-0.06417141445897731,-11.470771680980882,-0.08249076705972082,-0.03474525894167011,1.0
"obv_ma(10,)",obv_ma,72300,39888,-0.04266211157403677,-7.803134334908537,-0.03716293314816195,-0.05030245807036721,0.0,32412,-0.06511355077994561,-12.252947974339872,-0.07503556892496939,-0.04534645776207148,0.0
"obv_ma(20,)",obv_ma,52318,28873,-0.043414153345744895,-7.903748086652923,-0.037894225822425215,-0.05118449161468751,0.0,23445,-0.06288490877060851,-12.014816938351858,-0.0721835317352981,-0.04505145763359962,0.0
"obv_ma(50,)",obv_ma,33314,18311,-0.04507388361158993,-7.932252974592961,-0.039118470142135736,-0.05317487334388563,0.0,15003,-0.06321137770334426,-12.60403413551573,-0.07299437968220505,-0.045311547036250996,0.0
"obv_ma(100,)",obv_ma,23256,12748,-0.05059025812350478,-8.329355625580533,-0.040336140132906574,-0.06367057357527464,0.0,10508,-0.06087817293833717,-12.620572502384604,-0.07122926161159368,-0.04328238602614159,1.0
"cmf(10, 0.05)",cmf,57895,32666,-0.054464697964418385,-8.754348076264963,-0.04629403131192822,-0.06543784115773539,0.0,25229,-0.06652170668332756,-12.25582399285266,-0.07223075814371403,-0.056164538479007896,0.0
"cmf(10, 0.1)",cmf,53805,30915,-0.056471704538284526,-8.877289536081435,-0.04910503758834152,-0.06677852111755833,0.0,22890,-0.06662927829714943,-12.574673965600498,-0.07205159717668602,-0.057072490351608454,0.0
"cmf(10, 0.2)",cmf,40045,23834,-0.06042199466210395,-8.286996118144605,-0.053973772496560705,-0.07026279497600507,0.0,16211,-0.0704019018468255,-12.12452177451021,-0.07776346793944158,-0.05783388411723063,0.0
"cmf(20, 0.05)",cmf,38827,22116,-0.05704324986115043,-9.01001852443685,-0.04930028379682282,-0.06717165068042431,0.0,16711,-0.06591638537825044,-12.857257884861637,-0.07624436335360904,-0.04827177989393031,0.0
"cmf(40, 0.2)",cmf,6305,4582,-0.08198064335121298,-7.993858149303982,-0.07055490459181729,-0.11048834089658549,0.0,1723,-0.08354322782858924,-9.624878426712403,-0.0841819285688732,-0.0825270693575811,1.0
"cmf(20, 0.1)",cmf,33251,19566,-0.06166271754986285,-9.680229226810203,-0.054406008271717335,-0.07200888128637083,0.0,13685,-0.06906244232018752,-12.410948471565996,-0.08110001807497505,-0.048640072418961774,0.0
"cmf(20, 0.2)",cmf,18032,11403,-0.06460320195767996,-9.474211727752134,-0.053577862538763094,-0.08482865682012254,0.0,6629,-0.07931477390115857,-12.93154619632519,-0.0937333343454414,-0.05514607670105269,1.0
"cmf(40, 0.05)",cmf,25670,15127,-0.055074854380095586,-8.420876044038636,-0.04165673248797971,-0.07262178662406464,0.0,10543,-0.06892102258144181,-11.793413797622657,-0.0748716171252262,-0.05937331715607628,0.0
"cmf(40, 0.1)",cmf,19140,12072,-0.05985704501568863,-8.775017968894833,-0.04352303609471679,-0.08517579395149162,0.0,7068,-0.07153451499445941,-10.954162617532928,-0.07381784246050827,-0.06785385187291279,0.0
