seg_id,ticker_raw,cik,filing_date,accepted
AABA__0,AABA,1011006,2026-05-07,2026-05-07T20:00:09.000Z
AABA__0,AABA,1011006,2025-11-10,2025-11-10T21:10:17.000Z
AABA__0,AABA,1011006,2025-05-06,2025-05-06T20:21:12.000Z
AABA__0,AABA,1011006,2024-11-08,2024-11-08T21:30:56.000Z
AABA__0,AABA,1011006,2024-05-10,2024-05-10T20:15:30.000Z
AABA__0,AABA,1011006,2023-11-06,2023-11-06T21:36:25.000Z
AABA__0,AABA,1011006,2023-05-05,2023-05-05T20:19:28.000Z
AABA__0,AABA,1011006,2022-11-04,2022-11-04T20:20:01.000Z
AABA__0,AABA,1011006,2022-05-03,2022-05-03T20:22:05.000Z
AABA__0,AABA,1011006,2021-11-12,2021-11-12T21:10:04.000Z
AABA__0,AABA,1011006,2021-05-25,2021-05-25T20:21:14.000Z
AABA__0,AABA,1011006,2020-11-03,2020-11-03T14:09:59.000Z
AABA__0,AABA,1011006,2020-05-28,2020-05-28T20:46:03.000Z
AABA__0,AABA,1011006,2019-11-01,2019-11-01T20:15:56.000Z
AABA__0,AABA,1011006,2019-05-03,2019-05-03T20:10:56.000Z
AABA__0,AABA,1011006,2018-10-31,2018-10-31T12:35:35.000Z
AABA__0,AABA,1011006,2018-04-23,2018-04-23T20:21:55.000Z
AABA__0,AABA,1011006,2017-11-20,2017-11-20T13:30:32.000Z
AABA__0,AABA,1011006,2017-04-18,2017-04-18T20:20:55.000Z
AABA__0,AABA,1011006,2017-01-23,2017-01-23T21:23:14.000Z
AABA__0,AABA,1011006,2016-10-18,2016-10-18T20:10:23.000Z
AABA__0,AABA,1011006,2016-07-18,2016-07-18T20:50:57.000Z
AABA__0,AABA,1011006,2016-04-19,2016-04-19T20:10:40.000Z
AABA__0,AABA,1011006,2016-02-02,2016-02-02T21:35:33.000Z
AABA__0,AABA,1011006,2015-10-20,2015-10-20T20:15:36.000Z
AABA__0,AABA,1011006,2015-07-21,2015-07-21T20:15:38.000Z
AABA__0,AABA,1011006,2015-04-21,2015-04-21T20:15:55.000Z
AABA__0,AABA,1011006,2015-01-27,2015-01-27T21:22:23.000Z
ADS__1,ADS,1101215,2026-07-23,2026-07-23T10:51:32.000Z
ADS__1,ADS,1101215,2026-04-23,2026-04-23T10:51:17.000Z
ADS__1,ADS,1101215,2026-01-29,2026-01-29T11:46:38.000Z
ADS__1,ADS,1101215,2025-10-23,2025-10-23T11:13:40.000Z
ADS__1,ADS,1101215,2025-07-24,2025-07-24T10:52:49.000Z
ADS__1,ADS,1101215,2025-04-24,2025-04-24T10:52:07.000Z
ADS__1,ADS,1101215,2025-01-30,2025-01-30T11:52:28.000Z
ADS__1,ADS,1101215,2024-10-24,2024-10-24T10:55:21.000Z
ADS__1,ADS,1101215,2024-07-25,2024-07-25T10:52:25.000Z
ADS__1,ADS,1101215,2024-04-25,2024-04-25T10:54:19.000Z
ADS__1,ADS,1101215,2024-01-25,2024-01-25T11:52:58.000Z
ADS__1,ADS,1101215,2023-10-26,2023-10-26T10:54:14.000Z
ADS__1,ADS,1101215,2023-07-27,2023-07-27T10:56:55.000Z
ADS__1,ADS,1101215,2023-04-27,2023-04-27T10:54:59.000Z
ADS__1,ADS,1101215,2023-01-26,2023-01-26T12:04:02.000Z
ADS__1,ADS,1101215,2022-10-27,2022-10-27T11:03:50.000Z
ADS__1,ADS,1101215,2022-07-28,2022-07-28T11:03:38.000Z
ADS__1,ADS,1101215,2022-04-28,2022-04-28T11:04:48.000Z
ADS__1,ADS,1101215,2022-01-27,2022-01-27T12:06:07.000Z
ADS__1,ADS,1101215,2021-10-28,2021-10-28T11:07:51.000Z
ADS__1,ADS,1101215,2021-07-29,2021-07-29T11:06:35.000Z
ADS__1,ADS,1101215,2021-04-29,2021-04-29T11:41:32.000Z
ADS__1,ADS,1101215,2021-01-28,2021-01-28T12:42:03.000Z
ADS__1,ADS,1101215,2020-10-29,2020-10-29T11:40:49.000Z
ADS__1,ADS,1101215,2020-07-23,2020-07-23T11:41:54.000Z
ADS__1,ADS,1101215,2020-04-23,2020-04-23T11:43:50.000Z
ADS__1,ADS,1101215,2020-01-30,2020-01-30T12:41:48.000Z
ADS__1,ADS,1101215,2019-10-24,2019-10-24T11:46:38.000Z
ADS__1,ADS,1101215,2019-07-18,2019-07-18T11:53:38.000Z
ADS__1,ADS,1101215,2019-04-25,2019-04-25T11:38:22.000Z
ADS__1,ADS,1101215,2019-02-07,2019-02-07T12:51:42.000Z
ADS__1,ADS,1101215,2018-10-18,2018-10-18T11:45:40.000Z
ADS__1,ADS,1101215,2018-07-19,2018-07-19T11:42:20.000Z
ADS__1,ADS,1101215,2018-04-19,2018-04-19T11:43:11.000Z
ADS__1,ADS,1101215,2018-01-25,2018-01-25T12:53:59.000Z
ADS__1,ADS,1101215,2017-10-19,2017-10-19T11:38:36.000Z
ADS__1,ADS,1101215,2017-07-20,2017-07-20T11:40:55.000Z
ADS__1,ADS,1101215,2017-04-20,2017-04-20T12:03:00.000Z
ADS__1,ADS,1101215,2017-01-26,2017-01-26T12:54:38.000Z
ADS__1,ADS,1101215,2016-10-20,2016-10-20T12:04:20.000Z
ADS__1,ADS,1101215,2016-07-21,2016-07-21T11:53:57.000Z
ADS__1,ADS,1101215,2016-04-21,2016-04-21T11:52:07.000Z
ADS__1,ADS,1101215,2016-01-28,2016-01-28T12:32:01.000Z
ADS__1,ADS,1101215,2015-10-22,2015-10-22T11:30:59.000Z
ADS__1,ADS,1101215,2015-07-23,2015-07-23T11:31:14.000Z
ADS__1,ADS,1101215,2015-04-16,2015-04-16T11:30:52.000Z
ADS__1,ADS,1101215,2015-02-05,2015-02-05T12:31:08.000Z
ADT__2,ADT,1546640,2016-02-02,2016-02-02T07:28:39.000Z
ADT__2,ADT,1546640,2015-11-10,2015-11-10T17:10:58.000Z
ADT__2,ADT,1546640,2015-07-29,2015-07-29T08:27:38.000Z
ADT__2,ADT,1546640,2015-04-29,2015-04-29T07:11:31.000Z
ADT__2,ADT,1546640,2015-01-28,2015-01-28T07:30:54.000Z
AET__3,AET,1122304,2018-10-30,2018-10-30T06:33:21.000Z
AET__3,AET,1122304,2018-08-02,2018-08-02T06:36:15.000Z
AET__3,AET,1122304,2018-05-01,2018-05-01T06:33:11.000Z
AET__3,AET,1122304,2018-01-30,2018-01-30T06:49:21.000Z
AET__3,AET,1122304,2017-10-31,2017-10-31T06:47:52.000Z
AET__3,AET,1122304,2017-08-03,2017-08-03T06:54:15.000Z
AET__3,AET,1122304,2017-05-02,2017-05-02T06:51:57.000Z
AET__3,AET,1122304,2017-01-31,2017-01-31T06:49:15.000Z
AET__3,AET,1122304,2016-10-27,2016-10-27T06:51:41.000Z
AET__3,AET,1122304,2016-08-02,2016-08-02T06:50:42.000Z
AET__3,AET,1122304,2016-04-28,2016-04-28T06:29:35.000Z
AET__3,AET,1122304,2016-02-01,2016-02-01T06:27:14.000Z
AET__3,AET,1122304,2016-01-11,2016-01-11T17:19:54.000Z
AET__3,AET,1122304,2015-10-29,2015-10-29T06:40:25.000Z
AET__3,AET,1122304,2015-08-04,2015-08-04T06:25:13.000Z
AET__3,AET,1122304,2015-04-28,2015-04-28T06:36:37.000Z
AET__3,AET,1122304,2015-02-03,2015-02-03T06:28:55.000Z
AET__3,AET,1122304,2015-01-13,2015-01-13T07:48:30.000Z
AGN__4,AGN,1578845,2020-02-10,2020-02-10T07:25:10.000Z
AGN__4,AGN,1578845,2019-11-05,2019-11-05T08:11:14.000Z
AGN__4,AGN,1578845,2019-11-05,2019-11-05T07:17:10.000Z
AGN__4,AGN,1578845,2019-08-06,2019-08-06T08:52:03.000Z
AGN__4,AGN,1578845,2019-08-06,2019-08-06T07:15:29.000Z
AGN__4,AGN,1578845,2019-05-07,2019-05-07T07:16:35.000Z
AGN__4,AGN,1578845,2019-01-29,2019-01-29T07:15:37.000Z
AGN__4,AGN,1578845,2018-10-30,2018-10-30T06:45:30.000Z
AGN__4,AGN,1578845,2018-07-26,2018-07-26T06:45:28.000Z
AGN__4,AGN,1578845,2018-04-30,2018-04-30T07:15:33.000Z
AGN__4,AGN,1578845,2018-02-06,2018-02-06T07:15:34.000Z
AGN__4,AGN,1578845,2018-02-01,2018-02-01T08:00:56.000Z
AGN__4,AGN,1578845,2018-01-08,2018-01-08T16:47:55.000Z
AGN__4,AGN,1578845,2018-01-03,2018-01-03T11:22:34.000Z
AGN__4,AGN,1578845,2017-11-01,2017-11-01T07:15:44.000Z
AGN__4,AGN,1578845,2017-08-03,2017-08-03T08:10:33.000Z
AGN__4,AGN,1578845,2017-05-09,2017-05-09T07:15:28.000Z
AGN__4,AGN,1578845,2017-02-08,2017-02-08T07:15:44.000Z
AGN__4,AGN,1578845,2016-11-02,2016-11-02T06:50:24.000Z
AGN__4,AGN,1578845,2016-10-06,2016-10-06T16:32:02.000Z
AGN__4,AGN,1578845,2016-08-08,2016-08-08T07:30:34.000Z
AGN__4,AGN,1578845,2016-08-08,2016-08-08T07:15:37.000Z
AGN__4,AGN,1578845,2016-08-03,2016-08-03T07:11:03.000Z
AGN__4,AGN,1578845,2016-05-10,2016-05-10T07:45:26.000Z
AGN__4,AGN,1578845,2016-02-22,2016-02-22T07:45:15.000Z
AGN__4,AGN,1578845,2015-11-04,2015-11-04T07:45:36.000Z
AGN__4,AGN,1578845,2015-08-06,2015-08-06T07:15:22.000Z
AGN__4,AGN,1578845,2015-05-11,2015-05-11T06:36:10.000Z
AGN__4,AGN,1578845,2015-02-18,2015-02-18T06:35:16.000Z
AGN__4,AGN,1578845,2015-01-12,2015-01-12T08:45:41.000Z
ALXN__5,ALXN,899866,2021-07-20,2021-07-20T08:20:50.000Z
ALXN__5,ALXN,899866,2021-04-30,2021-04-30T08:13:32.000Z
ALXN__5,ALXN,899866,2021-02-04,2021-02-04T08:13:06.000Z
ALXN__5,ALXN,899866,2021-01-12,2021-01-12T07:14:58.000Z
ALXN__5,ALXN,899866,2020-10-29,2020-10-29T06:49:05.000Z
ALXN__5,ALXN,899866,2020-07-30,2020-07-30T07:06:49.000Z
ALXN__5,ALXN,899866,2020-05-06,2020-05-06T06:54:20.000Z
ALXN__5,ALXN,899866,2020-01-30,2020-01-30T06:34:09.000Z
ALXN__5,ALXN,899866,2020-01-13,2020-01-13T06:18:50.000Z
ALXN__5,ALXN,899866,2019-10-23,2019-10-23T07:13:30.000Z
ALXN__5,ALXN,899866,2019-07-24,2019-07-24T06:46:36.000Z
ALXN__5,ALXN,899866,2019-04-25,2019-04-25T06:54:28.000Z
ALXN__5,ALXN,899866,2019-02-04,2019-02-04T06:37:51.000Z
ALXN__5,ALXN,899866,2018-10-24,2018-10-24T06:46:41.000Z
ALXN__5,ALXN,899866,2018-07-26,2018-07-26T06:55:15.000Z
ALXN__5,ALXN,899866,2018-04-26,2018-04-26T09:15:56.000Z
ALXN__5,ALXN,899866,2018-02-08,2018-02-08T09:19:25.000Z
ALXN__5,ALXN,899866,2017-10-26,2017-10-26T09:12:25.000Z
ALXN__5,ALXN,899866,2017-07-27,2017-07-27T09:06:47.000Z
ALXN__5,ALXN,899866,2017-04-27,2017-04-27T09:14:03.000Z
ALXN__5,ALXN,899866,2017-02-16,2017-02-16T09:04:59.000Z
ALXN__5,ALXN,899866,2017-01-05,2017-01-05T08:51:36.000Z
ALXN__5,ALXN,899866,2016-10-27,2016-10-27T09:26:35.000Z
ALXN__5,ALXN,899866,2016-07-28,2016-07-28T09:18:23.000Z
ALXN__5,ALXN,899866,2016-04-28,2016-04-28T17:14:24.000Z
ALXN__5,ALXN,899866,2016-02-03,2016-02-03T16:51:41.000Z
ALXN__5,ALXN,899866,2015-10-29,2015-10-29T16:46:31.000Z
ALXN__5,ALXN,899866,2015-07-30,2015-07-30T17:09:02.000Z
ALXN__5,ALXN,899866,2015-04-23,2015-04-23T17:01:06.000Z
ALXN__5,ALXN,899866,2015-01-29,2015-01-29T17:23:05.000Z
ANDV__6,ANDV,1507615,2019-08-01,2019-08-01T07:01:42.000Z
ANDV__6,ANDV,1507615,2019-05-08,2019-05-08T07:03:33.000Z
ANDV__6,ANDV,1507615,2019-02-07,2019-02-07T07:04:14.000Z
ANDV__6,ANDV,1507615,2018-11-07,2018-11-07T06:47:46.000Z
ANDV__6,ANDV,1507615,2018-08-06,2018-08-06T16:56:36.000Z
ANDV__6,ANDV,1507615,2018-05-07,2018-05-07T17:00:55.000Z
ANDV__6,ANDV,1507615,2018-02-15,2018-02-15T17:01:04.000Z
ANDV__6,ANDV,1507615,2018-01-30,2018-01-30T17:28:43.000Z
ANDV__6,ANDV,1507615,2017-11-08,2017-11-08T17:19:38.000Z
ANDV__6,ANDV,1507615,2017-08-08,2017-08-08T16:51:25.000Z
ANDV__6,ANDV,1507615,2017-05-08,2017-05-08T17:28:07.000Z
ANDV__6,ANDV,1507615,2017-02-06,2017-02-06T16:39:46.000Z
ANDV__6,ANDV,1507615,2016-10-31,2016-10-31T17:10:33.000Z
ANDV__6,ANDV,1507615,2016-08-03,2016-08-03T17:15:07.000Z
ANDV__6,ANDV,1507615,2016-05-04,2016-05-04T17:16:09.000Z
ANDV__6,ANDV,1507615,2016-02-02,2016-02-01T19:25:35.000Z
ANDV__6,ANDV,1507615,2015-10-28,2015-10-28T17:15:41.000Z
ANDV__6,ANDV,1507615,2015-08-05,2015-08-05T16:52:09.000Z
ANDV__6,ANDV,1507615,2015-05-07,2015-05-07T17:04:33.000Z
ANDV__6,ANDV,1507615,2015-02-11,2015-02-11T17:21:34.000Z
ANTM__7,ANTM,1156039,2026-07-15,2026-07-15T10:01:33.000Z
ANTM__7,ANTM,1156039,2026-04-22,2026-04-22T10:02:28.000Z
ANTM__7,ANTM,1156039,2026-01-28,2026-01-28T11:03:02.000Z
ANTM__7,ANTM,1156039,2025-10-21,2025-10-21T10:01:35.000Z
ANTM__7,ANTM,1156039,2025-07-17,2025-07-17T10:03:40.000Z
ANTM__7,ANTM,1156039,2025-04-22,2025-04-22T10:05:39.000Z
ANTM__7,ANTM,1156039,2025-04-17,2025-04-17T14:24:15.000Z
ANTM__7,ANTM,1156039,2025-01-23,2025-01-23T11:03:24.000Z
ANTM__7,ANTM,1156039,2024-10-17,2024-10-17T10:02:29.000Z
ANTM__7,ANTM,1156039,2024-07-17,2024-07-17T10:09:34.000Z
ANTM__7,ANTM,1156039,2024-04-18,2024-04-18T10:07:53.000Z
ANTM__7,ANTM,1156039,2024-01-24,2024-01-24T11:04:59.000Z
ANTM__7,ANTM,1156039,2023-10-18,2023-10-18T10:05:00.000Z
ANTM__7,ANTM,1156039,2023-07-19,2023-07-19T10:04:51.000Z
ANTM__7,ANTM,1156039,2023-04-19,2023-04-19T10:05:02.000Z
ANTM__7,ANTM,1156039,2023-01-25,2023-01-25T11:04:03.000Z
ANTM__7,ANTM,1156039,2022-10-19,2022-10-19T10:04:34.000Z
ANTM__7,ANTM,1156039,2022-07-20,2022-07-20T10:06:32.000Z
ANTM__7,ANTM,1156039,2022-01-26,2022-01-26T11:08:54.000Z
ANTM__7,ANTM,1156039,2021-10-20,2021-10-20T10:06:07.000Z
ANTM__7,ANTM,1156039,2021-07-21,2021-07-21T10:05:02.000Z
ANTM__7,ANTM,1156039,2021-04-21,2021-04-21T10:06:12.000Z
ANTM__7,ANTM,1156039,2021-01-27,2021-01-27T11:04:31.000Z
ANTM__7,ANTM,1156039,2020-10-28,2020-10-28T10:05:02.000Z
ANTM__7,ANTM,1156039,2020-07-29,2020-07-29T10:15:02.000Z
ANTM__7,ANTM,1156039,2020-04-29,2020-04-29T10:15:20.000Z
ANTM__7,ANTM,1156039,2020-01-29,2020-01-29T11:12:45.000Z
ANTM__7,ANTM,1156039,2019-10-23,2019-10-23T10:08:09.000Z
ANTM__7,ANTM,1156039,2019-07-24,2019-07-24T10:05:03.000Z
ANTM__7,ANTM,1156039,2019-04-24,2019-04-24T10:07:03.000Z
ANTM__7,ANTM,1156039,2019-01-30,2019-01-30T11:05:35.000Z
ANTM__7,ANTM,1156039,2018-10-31,2018-10-31T10:06:59.000Z
ANTM__7,ANTM,1156039,2018-07-25,2018-07-25T10:07:36.000Z
ANTM__7,ANTM,1156039,2018-04-25,2018-04-25T10:07:03.000Z
ANTM__7,ANTM,1156039,2018-01-31,2018-01-31T11:02:34.000Z
ANTM__7,ANTM,1156039,2017-10-25,2017-10-25T10:06:43.000Z
ANTM__7,ANTM,1156039,2017-07-26,2017-07-26T10:05:05.000Z
ANTM__7,ANTM,1156039,2017-04-26,2017-04-26T10:08:57.000Z
ANTM__7,ANTM,1156039,2017-02-01,2017-02-01T11:06:56.000Z
ANTM__7,ANTM,1156039,2017-01-10,2017-01-10T11:05:03.000Z
ANTM__7,ANTM,1156039,2016-11-02,2016-11-02T10:11:56.000Z
ANTM__7,ANTM,1156039,2016-07-27,2016-07-27T10:07:57.000Z
ANTM__7,ANTM,1156039,2016-04-27,2016-04-27T10:11:03.000Z
ANTM__7,ANTM,1156039,2016-01-27,2016-01-27T11:07:02.000Z
ANTM__7,ANTM,1156039,2016-01-12,2016-01-12T11:07:00.000Z
ANTM__7,ANTM,1156039,2015-10-28,2015-10-28T10:06:31.000Z
ANTM__7,ANTM,1156039,2015-07-29,2015-07-29T10:07:11.000Z
ANTM__7,ANTM,1156039,2015-07-24,2015-07-24T10:20:06.000Z
ANTM__7,ANTM,1156039,2015-04-29,2015-04-29T10:08:30.000Z
ANTM__7,ANTM,1156039,2015-01-28,2015-01-28T11:13:35.000Z
ANTM__7,ANTM,1156039,2015-01-13,2015-01-13T13:15:52.000Z
APC__8,APC,773910,2019-07-26,2019-07-26T16:22:02.000Z
APC__8,APC,773910,2019-04-25,2019-04-25T16:29:00.000Z
APC__8,APC,773910,2019-02-05,2019-02-05T16:23:58.000Z
APC__8,APC,773910,2018-10-30,2018-10-30T16:36:00.000Z
APC__8,APC,773910,2018-07-31,2018-07-31T16:49:02.000Z
APC__8,APC,773910,2018-05-01,2018-05-01T16:31:05.000Z
APC__8,APC,773910,2018-02-06,2018-02-06T16:28:55.000Z
APC__8,APC,773910,2017-10-31,2017-10-31T16:16:12.000Z
APC__8,APC,773910,2017-07-24,2017-07-24T16:18:49.000Z
APC__8,APC,773910,2017-05-02,2017-05-02T16:28:50.000Z
APC__8,APC,773910,2017-01-31,2017-01-31T16:22:39.000Z
APC__8,APC,773910,2016-10-31,2016-10-31T16:53:50.000Z
APC__8,APC,773910,2016-07-26,2016-07-26T16:57:31.000Z
APC__8,APC,773910,2016-05-02,2016-05-02T16:36:44.000Z
APC__8,APC,773910,2016-02-01,2016-02-01T16:30:07.000Z
APC__8,APC,773910,2015-10-27,2015-10-27T16:27:08.000Z
APC__8,APC,773910,2015-07-28,2015-07-28T16:24:13.000Z
APC__8,APC,773910,2015-05-04,2015-05-04T16:33:11.000Z
APC__8,APC,773910,2015-02-02,2015-02-02T17:04:41.000Z
ARG__9,ARG,804212,2016-01-28,2016-01-28T07:38:10.000Z
ARG__9,ARG,804212,2015-10-27,2015-10-27T07:34:39.000Z
ARG__9,ARG,804212,2015-07-28,2015-07-28T07:35:18.000Z
ARG__9,ARG,804212,2015-04-30,2015-04-30T07:35:14.000Z
ARG__9,ARG,804212,2015-02-03,2015-02-03T07:35:31.000Z
ARNC__10,ARNC,4281,2026-08-06,2026-08-06T11:00:35.000Z
ARNC__10,ARNC,4281,2026-05-07,2026-05-07T11:00:25.000Z
ARNC__10,ARNC,4281,2026-02-12,2026-02-12T12:00:36.000Z
ARNC__10,ARNC,4281,2025-10-30,2025-10-30T11:05:46.000Z
ARNC__10,ARNC,4281,2025-07-31,2025-07-31T11:05:37.000Z
ARNC__10,ARNC,4281,2025-05-01,2025-05-01T11:00:27.000Z
ARNC__10,ARNC,4281,2025-02-13,2025-02-13T12:05:23.000Z
ARNC__10,ARNC,4281,2024-11-06,2024-11-06T12:07:06.000Z
ARNC__10,ARNC,4281,2024-07-30,2024-07-30T11:05:15.000Z
ARNC__10,ARNC,4281,2024-05-02,2024-05-02T11:05:19.000Z
ARNC__10,ARNC,4281,2024-02-13,2024-02-13T12:05:25.000Z
ARNC__10,ARNC,4281,2023-11-02,2023-11-02T11:10:27.000Z
ARNC__10,ARNC,4281,2023-08-01,2023-08-01T11:10:24.000Z
ARNC__10,ARNC,4281,2023-05-02,2023-05-02T11:15:34.000Z
ARNC__10,ARNC,4281,2023-02-14,2023-02-14T12:10:25.000Z
ARNC__10,ARNC,4281,2022-10-31,2022-10-31T11:15:35.000Z
ARNC__10,ARNC,4281,2022-08-04,2022-08-04T11:15:31.000Z
ARNC__10,ARNC,4281,2022-05-03,2022-05-03T11:10:17.000Z
ARNC__10,ARNC,4281,2022-02-02,2022-02-02T12:05:30.000Z
ARNC__10,ARNC,4281,2021-11-04,2021-11-04T11:05:21.000Z
ARNC__10,ARNC,4281,2021-08-04,2021-08-04T11:15:50.000Z
ARNC__10,ARNC,4281,2021-05-06,2021-05-06T11:10:16.000Z
ARNC__10,ARNC,4281,2021-02-03,2021-02-03T12:15:29.000Z
ARNC__10,ARNC,4281,2020-11-09,2020-11-09T12:09:27.000Z
ARNC__10,ARNC,4281,2020-08-06,2020-08-06T11:40:44.000Z
ARNC__10,ARNC,4281,2020-05-05,2020-05-05T11:05:39.000Z
ARNC__10,ARNC,4281,2020-04-14,2020-04-14T20:26:38.000Z
ARNC__10,ARNC,4281,2020-01-27,2020-01-27T11:55:41.000Z
ARNC__10,ARNC,4281,2019-11-05,2019-11-05T11:40:35.000Z
ARNC__10,ARNC,4281,2019-10-29,2019-10-29T23:24:33.000Z
ARNC__10,ARNC,4281,2019-08-02,2019-08-02T12:05:16.000Z
ARNC__10,ARNC,4281,2019-04-30,2019-04-30T12:05:39.000Z
ARNC__10,ARNC,4281,2019-02-08,2019-02-08T13:05:35.000Z
ARNC__10,ARNC,4281,2019-02-06,2019-02-06T21:58:04.000Z
ARNC__10,ARNC,4281,2018-10-30,2018-10-30T12:05:54.000Z
ARNC__10,ARNC,4281,2018-07-31,2018-07-31T12:15:29.000Z
ARNC__10,ARNC,4281,2018-04-30,2018-04-30T12:18:03.000Z
ARNC__10,ARNC,4281,2018-02-05,2018-02-05T13:10:43.000Z
ARNC__10,ARNC,4281,2017-10-23,2017-10-23T12:17:38.000Z
ARNC__10,ARNC,4281,2017-07-24,2017-07-24T12:36:33.000Z
ARNC__10,ARNC,4281,2017-04-25,2017-04-25T20:49:20.000Z
ARNC__10,ARNC,4281,2017-01-31,2017-01-31T21:10:28.000Z
ARNC__10,ARNC,4281,2016-12-14,2016-12-14T12:30:55.000Z
ARNC__10,ARNC,4281,2016-10-11,2016-10-11T12:22:07.000Z
ARNC__10,ARNC,4281,2016-07-11,2016-07-11T20:53:19.000Z
ARNC__10,ARNC,4281,2016-04-15,2016-04-14T22:25:35.000Z
ARNC__10,ARNC,4281,2016-04-12,2016-04-12T11:13:05.000Z
ARNC__10,ARNC,4281,2016-01-14,2016-01-14T22:31:10.000Z
ARNC__10,ARNC,4281,2016-01-12,2016-01-12T22:29:00.000Z
ARNC__10,ARNC,4281,2015-10-13,2015-10-13T21:24:13.000Z
ARNC__10,ARNC,4281,2015-10-09,2015-10-09T20:18:35.000Z
ARNC__10,ARNC,4281,2015-07-13,2015-07-13T21:08:58.000Z
ARNC__10,ARNC,4281,2015-07-09,2015-07-09T20:13:35.000Z
ARNC__10,ARNC,4281,2015-04-14,2015-04-13T23:27:05.000Z
ARNC__10,ARNC,4281,2015-04-09,2015-04-09T20:25:00.000Z
ARNC__10,ARNC,4281,2015-01-15,2015-01-15T22:29:35.000Z
ARNC__10,ARNC,4281,2015-01-13,2015-01-13T21:54:33.000Z
BCR__11,BCR,9892,2017-10-25,2017-10-25T16:22:33.000Z
BCR__11,BCR,9892,2017-07-27,2017-07-27T16:21:04.000Z
BCR__11,BCR,9892,2017-04-24,2017-04-24T07:56:47.000Z
BCR__11,BCR,9892,2017-01-26,2017-01-26T16:18:55.000Z
BCR__11,BCR,9892,2016-10-25,2016-10-25T16:32:32.000Z
BCR__11,BCR,9892,2016-07-26,2016-07-26T16:23:32.000Z
BCR__11,BCR,9892,2016-04-27,2016-04-27T16:20:37.000Z
BCR__11,BCR,9892,2016-01-28,2016-01-28T16:23:59.000Z
BCR__11,BCR,9892,2015-10-22,2015-10-22T16:23:35.000Z
BCR__11,BCR,9892,2015-07-23,2015-07-23T16:18:57.000Z
BCR__11,BCR,9892,2015-04-23,2015-04-23T16:19:33.000Z
BCR__11,BCR,9892,2015-01-29,2015-01-29T16:11:00.000Z
BHGE__12,BHGE,808362,2023-10-25,2023-10-25T21:04:58.000Z
BHGE__12,BHGE,808362,2023-07-19,2023-07-19T11:04:34.000Z
BHGE__12,BHGE,808362,2023-04-19,2023-04-19T11:06:22.000Z
BHGE__12,BHGE,808362,2023-01-23,2023-01-23T12:06:12.000Z
BHGE__12,BHGE,808362,2022-10-19,2022-10-19T11:08:30.000Z
BHGE__12,BHGE,808362,2022-07-20,2022-07-20T11:07:40.000Z
BHGE__12,BHGE,808362,2022-04-20,2022-04-20T11:04:51.000Z
BHGE__12,BHGE,808362,2022-01-20,2022-01-20T12:06:08.000Z
BHGE__12,BHGE,808362,2021-10-20,2021-10-20T11:06:21.000Z
BHGE__12,BHGE,808362,2021-07-21,2021-07-21T11:04:47.000Z
BHGE__12,BHGE,808362,2021-04-21,2021-04-21T10:34:07.000Z
BHGE__12,BHGE,808362,2021-01-21,2021-01-21T12:04:32.000Z
BHGE__12,BHGE,808362,2020-10-21,2020-10-21T11:04:14.000Z
BHGE__12,BHGE,808362,2020-07-22,2020-07-22T11:04:09.000Z
BHGE__12,BHGE,808362,2020-04-22,2020-04-22T11:06:13.000Z
BHGE__12,BHGE,808362,2020-04-13,2020-04-13T12:09:16.000Z
BHGE__12,BHGE,808362,2020-01-22,2020-01-22T12:05:48.000Z
BHGE__12,BHGE,808362,2019-10-30,2019-10-30T10:48:41.000Z
BHGE__12,BHGE,808362,2019-07-31,2019-07-31T10:49:08.000Z
BHGE__12,BHGE,808362,2019-04-30,2019-04-30T10:50:11.000Z
BHGE__12,BHGE,808362,2019-01-31,2019-01-31T11:47:41.000Z
BHGE__12,BHGE,808362,2018-10-30,2018-10-30T10:54:45.000Z
BHGE__12,BHGE,808362,2018-07-20,2018-07-20T10:49:12.000Z
BHGE__12,BHGE,808362,2018-04-20,2018-04-20T11:12:27.000Z
BHGE__12,BHGE,808362,2018-01-24,2018-01-24T11:58:33.000Z
BHGE__12,BHGE,808362,2017-10-20,2017-10-20T11:07:25.000Z
BHGE__12,BHGE,808362,2017-07-28,2017-07-28T21:30:37.000Z
BHGE__12,BHGE,808362,2017-07-28,2017-07-28T11:59:22.000Z
BHGE__12,BHGE,808362,2017-04-25,2017-04-25T10:38:05.000Z
BHGE__12,BHGE,808362,2017-01-26,2017-01-26T12:35:57.000Z
BHGE__12,BHGE,808362,2016-10-25,2016-10-25T10:38:08.000Z
BHGE__12,BHGE,808362,2016-07-28,2016-07-28T11:08:15.000Z
BHGE__12,BHGE,808362,2016-04-27,2016-04-27T13:20:48.000Z
BHGE__12,BHGE,808362,2016-01-28,2016-01-28T13:41:04.000Z
BHGE__12,BHGE,808362,2015-10-21,2015-10-21T14:23:15.000Z
BHGE__12,BHGE,808362,2015-07-21,2015-07-21T12:22:19.000Z
BHGE__12,BHGE,808362,2015-04-21,2015-04-21T12:14:26.000Z
BHGE__12,BHGE,808362,2015-01-20,2015-01-20T11:21:44.000Z
BHGE__13,BHGE,1701605,2026-07-27,2026-07-27T14:07:10.000Z
BHGE__13,BHGE,1701605,2026-04-23,2026-04-24T01:14:17.000Z
BHGE__13,BHGE,1701605,2026-01-26,2026-01-26T16:09:09.000Z
BHGE__13,BHGE,1701605,2025-10-23,2025-10-24T01:25:57.000Z
BHGE__13,BHGE,1701605,2025-07-22,2025-07-23T01:10:30.000Z
BHGE__13,BHGE,1701605,2025-04-22,2025-04-23T01:08:24.000Z
BHGE__13,BHGE,1701605,2025-01-30,2025-01-31T03:10:06.000Z
BHGE__13,BHGE,1701605,2024-10-22,2024-10-23T01:14:31.000Z
BHGE__13,BHGE,1701605,2024-07-25,2024-07-26T01:10:57.000Z
BHGE__13,BHGE,1701605,2024-04-23,2024-04-24T01:14:10.000Z
BHGE__13,BHGE,1701605,2024-01-23,2024-01-24T03:25:40.000Z
BHGE__13,BHGE,1701605,2023-10-25,2023-10-26T01:04:58.000Z
BHGE__13,BHGE,1701605,2023-07-19,2023-07-19T15:04:34.000Z
BHGE__13,BHGE,1701605,2023-04-19,2023-04-19T15:06:22.000Z
BHGE__13,BHGE,1701605,2023-01-23,2023-01-23T17:06:12.000Z
BHGE__13,BHGE,1701605,2022-10-19,2022-10-19T15:08:30.000Z
BHGE__13,BHGE,1701605,2022-07-20,2022-07-20T15:07:40.000Z
BHGE__13,BHGE,1701605,2022-04-20,2022-04-20T15:04:51.000Z
BHGE__13,BHGE,1701605,2022-01-20,2022-01-20T17:06:08.000Z
BHGE__13,BHGE,1701605,2021-10-20,2021-10-20T15:06:21.000Z
BHGE__13,BHGE,1701605,2021-07-21,2021-07-21T15:04:47.000Z
BHGE__13,BHGE,1701605,2021-04-21,2021-04-21T14:34:07.000Z
BHGE__13,BHGE,1701605,2021-01-21,2021-01-21T17:04:32.000Z
BHGE__13,BHGE,1701605,2020-10-21,2020-10-21T15:04:14.000Z
BHGE__13,BHGE,1701605,2020-07-22,2020-07-22T15:04:09.000Z
BHGE__13,BHGE,1701605,2020-04-22,2020-04-22T15:06:13.000Z
BHGE__13,BHGE,1701605,2020-04-13,2020-04-13T16:09:16.000Z
BHGE__13,BHGE,1701605,2020-01-22,2020-01-22T17:05:48.000Z
BHGE__13,BHGE,1701605,2019-10-30,2019-10-30T14:48:41.000Z
BHGE__13,BHGE,1701605,2019-07-31,2019-07-31T14:49:08.000Z
BHGE__13,BHGE,1701605,2019-04-30,2019-04-30T14:50:11.000Z
BHGE__13,BHGE,1701605,2019-01-31,2019-01-31T16:47:41.000Z
BHGE__13,BHGE,1701605,2018-10-30,2018-10-30T14:54:45.000Z
BHGE__13,BHGE,1701605,2018-07-20,2018-07-20T14:49:12.000Z
BHGE__13,BHGE,1701605,2018-04-20,2018-04-20T15:12:27.000Z
BHGE__13,BHGE,1701605,2018-01-24,2018-01-24T16:58:33.000Z
BHGE__13,BHGE,1701605,2017-10-20,2017-10-20T15:07:25.000Z
BHGE__13,BHGE,1701605,2017-07-28,2017-07-29T01:30:37.000Z
BHGE__13,BHGE,1701605,2017-07-28,2017-07-28T15:59:22.000Z
BLL__14,BLL,9389,2026-08-04,2026-08-04T11:43:45.000Z
BLL__14,BLL,9389,2026-05-05,2026-05-05T12:13:25.000Z
BLL__14,BLL,9389,2026-02-03,2026-02-03T13:05:18.000Z
BLL__14,BLL,9389,2025-11-04,2025-11-04T13:05:10.000Z
BLL__14,BLL,9389,2025-08-05,2025-08-05T10:31:44.000Z
BLL__14,BLL,9389,2025-05-06,2025-05-06T12:08:49.000Z
BLL__14,BLL,9389,2025-02-04,2025-02-04T13:17:14.000Z
BLL__14,BLL,9389,2024-10-31,2024-10-31T12:11:35.000Z
BLL__14,BLL,9389,2024-08-01,2024-08-01T12:09:29.000Z
BLL__14,BLL,9389,2024-04-26,2024-04-26T12:23:06.000Z
BLL__14,BLL,9389,2024-02-01,2024-02-01T13:16:58.000Z
BLL__14,BLL,9389,2023-11-02,2023-11-02T12:11:21.000Z
BLL__14,BLL,9389,2023-08-03,2023-08-03T12:37:04.000Z
BLL__14,BLL,9389,2023-05-04,2023-05-04T12:30:46.000Z
BLL__14,BLL,9389,2023-02-02,2023-02-02T13:14:09.000Z
BLL__14,BLL,9389,2022-11-03,2022-11-03T12:28:37.000Z
BLL__14,BLL,9389,2022-08-04,2022-08-04T12:38:03.000Z
BLL__14,BLL,9389,2022-05-05,2022-05-05T12:22:30.000Z
BLL__14,BLL,9389,2022-01-27,2022-01-27T13:46:20.000Z
BLL__14,BLL,9389,2021-11-04,2021-11-04T12:54:40.000Z
BLL__14,BLL,9389,2021-08-05,2021-08-05T12:48:06.000Z
BLL__14,BLL,9389,2021-05-06,2021-05-06T12:36:38.000Z
BLL__14,BLL,9389,2021-02-04,2021-02-04T13:47:12.000Z
BLL__14,BLL,9389,2020-11-05,2020-11-05T13:38:17.000Z
BLL__14,BLL,9389,2020-08-06,2020-08-06T12:29:15.000Z
BLL__14,BLL,9389,2020-05-07,2020-05-07T12:56:26.000Z
BLL__14,BLL,9389,2020-02-06,2020-02-06T13:52:53.000Z
BLL__14,BLL,9389,2019-10-31,2019-10-31T12:37:38.000Z
BLL__14,BLL,9389,2019-08-01,2019-08-01T13:00:23.000Z
BLL__14,BLL,9389,2019-05-02,2019-05-02T13:03:36.000Z
BLL__14,BLL,9389,2019-01-31,2019-01-31T14:46:17.000Z
BLL__14,BLL,9389,2018-11-01,2018-11-01T14:04:06.000Z
BLL__14,BLL,9389,2018-08-02,2018-08-02T14:32:33.000Z
BLL__14,BLL,9389,2018-05-03,2018-05-03T14:48:30.000Z
BLL__14,BLL,9389,2018-02-07,2018-02-07T15:38:24.000Z
BLL__14,BLL,9389,2017-11-02,2017-11-02T14:29:13.000Z
BLL__14,BLL,9389,2017-08-03,2017-08-03T14:42:28.000Z
BLL__14,BLL,9389,2017-05-04,2017-05-04T14:52:43.000Z
BLL__14,BLL,9389,2017-02-02,2017-02-02T15:51:39.000Z
BLL__14,BLL,9389,2016-11-03,2016-11-03T14:48:37.000Z
BLL__14,BLL,9389,2016-08-04,2016-08-04T14:45:01.000Z
BLL__14,BLL,9389,2016-04-28,2016-04-28T14:47:41.000Z
BLL__14,BLL,9389,2016-01-28,2016-01-28T15:45:52.000Z
BLL__14,BLL,9389,2015-10-29,2015-10-29T14:55:36.000Z
BLL__14,BLL,9389,2015-07-30,2015-07-30T14:32:42.000Z
BLL__14,BLL,9389,2015-04-30,2015-04-30T14:34:46.000Z
BLL__14,BLL,9389,2015-02-05,2015-02-05T15:47:47.000Z
BRCM__15,BRCM,1054374,2016-02-02,2016-02-02T09:01:06.000Z
BRCM__15,BRCM,1054374,2015-10-26,2015-10-26T16:11:05.000Z
BRCM__15,BRCM,1054374,2015-07-30,2015-07-30T16:07:44.000Z
BRCM__15,BRCM,1054374,2015-04-21,2015-04-21T16:06:19.000Z
BRCM__15,BRCM,1054374,2015-01-29,2015-01-29T16:07:16.000Z
BXLT__16,BXLT,1620546,2016-04-28,2016-04-28T08:07:34.000Z
BXLT__16,BXLT,1620546,2016-02-16,2016-02-16T06:49:06.000Z
BXLT__16,BXLT,1620546,2015-10-29,2015-10-29T06:46:33.000Z
BXLT__16,BXLT,1620546,2015-08-13,2015-08-13T16:09:54.000Z
BXLT__16,BXLT,1620546,2015-07-30,2015-07-30T07:07:38.000Z
CA__17,CA,356028,2018-08-06,2018-08-06T16:15:31.000Z
CA__17,CA,356028,2018-05-08,2018-05-08T16:15:48.000Z
CA__17,CA,356028,2018-01-30,2018-01-30T16:15:30.000Z
CA__17,CA,356028,2017-10-25,2017-10-25T16:15:25.000Z
CA__17,CA,356028,2017-08-02,2017-08-02T16:15:34.000Z
CA__17,CA,356028,2017-05-11,2017-05-11T16:17:30.000Z
CA__17,CA,356028,2017-01-24,2017-01-24T16:15:21.000Z
CA__17,CA,356028,2016-10-27,2016-10-27T16:19:01.000Z
CA__17,CA,356028,2016-07-27,2016-07-27T16:15:53.000Z
CA__17,CA,356028,2016-05-11,2016-05-11T16:15:35.000Z
CA__17,CA,356028,2016-01-26,2016-01-26T16:16:18.000Z
CA__17,CA,356028,2015-10-21,2015-10-21T16:15:47.000Z
CA__17,CA,356028,2015-07-23,2015-07-23T16:15:48.000Z
CA__17,CA,356028,2015-05-07,2015-05-07T16:15:33.000Z
CA__17,CA,356028,2015-04-08,2015-04-08T17:05:40.000Z
CA__17,CA,356028,2015-01-20,2015-01-20T16:16:00.000Z
CAM__18,CAM,941548,2016-01-28,2016-01-28T07:38:18.000Z
CAM__18,CAM,941548,2015-10-22,2015-10-22T07:36:36.000Z
CAM__18,CAM,941548,2015-07-23,2015-07-23T07:47:29.000Z
CAM__18,CAM,941548,2015-04-23,2015-04-23T07:47:01.000Z
CAM__18,CAM,941548,2015-01-29,2015-01-29T07:50:11.000Z
CAM__18,CAM,941548,2015-01-20,2015-01-20T07:31:32.000Z
CBS__19,CBS,813828,2025-07-31,2025-07-31T20:08:45.000Z
CBS__19,CBS,813828,2025-05-08,2025-05-08T20:06:32.000Z
CBS__19,CBS,813828,2025-02-26,2025-02-26T21:12:38.000Z
CBS__19,CBS,813828,2024-11-08,2024-11-08T12:12:58.000Z
CBS__19,CBS,813828,2024-08-08,2024-08-08T20:12:09.000Z
CBS__19,CBS,813828,2024-04-29,2024-04-29T20:19:06.000Z
CBS__19,CBS,813828,2024-02-28,2024-02-28T21:06:05.000Z
CBS__19,CBS,813828,2023-11-02,2023-11-02T20:04:12.000Z
CBS__19,CBS,813828,2023-08-07,2023-08-07T20:13:37.000Z
CBS__19,CBS,813828,2023-05-04,2023-05-04T11:10:03.000Z
CBS__19,CBS,813828,2023-02-16,2023-02-16T12:20:06.000Z
CBS__19,CBS,813828,2022-11-02,2022-11-02T11:09:13.000Z
CBS__19,CBS,813828,2022-08-04,2022-08-04T11:06:10.000Z
CBS__19,CBS,813828,2022-05-03,2022-05-03T11:19:02.000Z
CBS__19,CBS,813828,2022-02-15,2022-02-15T21:07:04.000Z
CBS__19,CBS,813828,2021-11-04,2021-11-04T11:08:06.000Z
CBS__19,CBS,813828,2021-08-05,2021-08-05T11:11:04.000Z
CBS__19,CBS,813828,2021-05-06,2021-05-06T11:14:12.000Z
CBS__19,CBS,813828,2021-02-24,2021-02-24T21:04:14.000Z
CBS__19,CBS,813828,2020-11-06,2020-11-06T12:26:08.000Z
CBS__19,CBS,813828,2020-08-06,2020-08-06T11:08:59.000Z
CBS__19,CBS,813828,2020-05-07,2020-05-07T11:10:23.000Z
CBS__19,CBS,813828,2020-02-20,2020-02-20T12:14:56.000Z
CBS__19,CBS,813828,2019-11-12,2019-11-12T13:03:35.000Z
CBS__19,CBS,813828,2019-08-08,2019-08-08T20:09:23.000Z
CBS__19,CBS,813828,2019-05-02,2019-05-02T20:10:25.000Z
CBS__19,CBS,813828,2019-02-14,2019-02-14T21:09:23.000Z
CBS__19,CBS,813828,2018-11-01,2018-11-01T20:11:29.000Z
CBS__19,CBS,813828,2018-08-02,2018-08-02T20:10:40.000Z
CBS__19,CBS,813828,2018-05-03,2018-05-03T20:07:58.000Z
CBS__19,CBS,813828,2018-02-15,2018-02-15T21:10:56.000Z
CBS__19,CBS,813828,2017-11-02,2017-11-02T20:09:30.000Z
CBS__19,CBS,813828,2017-08-07,2017-08-07T20:08:46.000Z
CBS__19,CBS,813828,2017-05-04,2017-05-04T20:09:31.000Z
CBS__19,CBS,813828,2017-02-15,2017-02-15T21:08:56.000Z
CBS__19,CBS,813828,2016-11-03,2016-11-03T20:12:42.000Z
CBS__19,CBS,813828,2016-10-14,2016-10-14T16:20:00.000Z
CBS__19,CBS,813828,2016-07-28,2016-07-28T20:10:53.000Z
CBS__19,CBS,813828,2016-05-03,2016-05-03T20:08:51.000Z
CBS__19,CBS,813828,2016-02-11,2016-02-11T21:10:45.000Z
CBS__19,CBS,813828,2015-11-03,2015-11-03T21:12:33.000Z
CBS__19,CBS,813828,2015-08-05,2015-08-05T20:04:29.000Z
CBS__19,CBS,813828,2015-05-07,2015-05-07T20:07:24.000Z
CBS__19,CBS,813828,2015-02-12,2015-02-12T21:06:11.000Z
CCE__20,CCE,1491675,2016-04-28,2016-04-28T09:18:23.000Z
CCE__20,CCE,1491675,2016-02-11,2016-02-11T11:25:12.000Z
CCE__20,CCE,1491675,2015-10-29,2015-10-29T09:18:37.000Z
CCE__20,CCE,1491675,2015-07-30,2015-07-30T07:33:48.000Z
CCE__20,CCE,1491675,2015-04-30,2015-04-30T09:18:34.000Z
CCE__20,CCE,1491675,2015-02-12,2015-02-12T07:32:23.000Z
CCEP__21,CCEP,1491675,2016-04-28,2016-04-28T09:18:23.000Z
CCEP__21,CCEP,1491675,2016-02-11,2016-02-11T11:25:12.000Z
CCEP__21,CCEP,1491675,2015-10-29,2015-10-29T09:18:37.000Z
CCEP__21,CCEP,1491675,2015-07-30,2015-07-30T07:33:48.000Z
CCEP__21,CCEP,1491675,2015-04-30,2015-04-30T09:18:34.000Z
CCEP__21,CCEP,1491675,2015-02-12,2015-02-12T07:32:23.000Z
CDAY__22,CDAY,1725057,2025-10-29,2025-10-29T20:18:35.000Z
CDAY__22,CDAY,1725057,2025-08-06,2025-08-06T11:11:58.000Z
CDAY__22,CDAY,1725057,2025-05-07,2025-05-07T11:11:19.000Z
CDAY__22,CDAY,1725057,2025-02-05,2025-02-05T12:15:10.000Z
CDAY__22,CDAY,1725057,2024-10-30,2024-10-30T11:18:09.000Z
CDAY__22,CDAY,1725057,2024-07-31,2024-07-31T11:00:12.000Z
CDAY__22,CDAY,1725057,2024-05-01,2024-05-01T11:00:42.000Z
CDAY__22,CDAY,1725057,2024-02-07,2024-02-07T12:17:41.000Z
CDAY__22,CDAY,1725057,2023-11-01,2023-11-01T12:04:10.000Z
CDAY__22,CDAY,1725057,2023-08-02,2023-08-02T20:15:54.000Z
CDAY__22,CDAY,1725057,2023-05-03,2023-05-03T20:16:10.000Z
CDAY__22,CDAY,1725057,2023-02-08,2023-02-08T21:15:45.000Z
CDAY__22,CDAY,1725057,2022-11-02,2022-11-02T20:15:53.000Z
CDAY__22,CDAY,1725057,2022-08-03,2022-08-03T20:20:31.000Z
CDAY__22,CDAY,1725057,2022-05-04,2022-05-04T20:22:41.000Z
CDAY__22,CDAY,1725057,2022-02-09,2022-02-09T21:23:32.000Z
CDAY__22,CDAY,1725057,2021-11-03,2021-11-03T20:16:00.000Z
CDAY__22,CDAY,1725057,2021-08-04,2021-08-04T20:17:37.000Z
CDAY__22,CDAY,1725057,2021-05-05,2021-05-05T20:16:11.000Z
CDAY__22,CDAY,1725057,2021-02-09,2021-02-09T21:18:36.000Z
CDAY__22,CDAY,1725057,2020-11-05,2020-11-05T21:21:48.000Z
CDAY__22,CDAY,1725057,2020-08-05,2020-08-05T20:15:41.000Z
CDAY__22,CDAY,1725057,2020-05-06,2020-05-06T20:24:38.000Z
CDAY__22,CDAY,1725057,2020-02-05,2020-02-05T21:15:51.000Z
CDAY__22,CDAY,1725057,2019-12-17,2019-12-17T21:15:33.000Z
CDAY__22,CDAY,1725057,2019-11-07,2019-11-07T21:15:36.000Z
CDAY__22,CDAY,1725057,2019-07-30,2019-07-30T20:15:22.000Z
CDAY__22,CDAY,1725057,2019-05-07,2019-05-07T10:26:55.000Z
CDAY__22,CDAY,1725057,2019-05-01,2019-05-01T20:15:17.000Z
CDAY__22,CDAY,1725057,2019-02-06,2019-02-06T21:15:22.000Z
CDAY__22,CDAY,1725057,2018-10-29,2018-10-29T10:07:14.000Z
CDAY__22,CDAY,1725057,2018-08-08,2018-08-08T20:34:36.000Z
CDAY__22,CDAY,1725057,2018-05-22,2018-05-22T10:54:05.000Z
CDAY__22,CDAY,1725057,2018-05-09,2018-05-09T20:15:56.000Z
CELG__23,CELG,816284,2019-10-31,2019-10-31T07:37:04.000Z
CELG__23,CELG,816284,2019-07-30,2019-07-30T07:42:49.000Z
CELG__23,CELG,816284,2019-04-25,2019-04-25T16:53:43.000Z
CELG__23,CELG,816284,2019-01-31,2019-01-31T07:34:56.000Z
CELG__23,CELG,816284,2019-01-07,2019-01-07T07:34:35.000Z
CELG__23,CELG,816284,2018-10-25,2018-10-25T07:36:49.000Z
CELG__23,CELG,816284,2018-07-26,2018-07-26T07:38:17.000Z
CELG__23,CELG,816284,2018-05-04,2018-05-04T07:37:26.000Z
CELG__23,CELG,816284,2018-01-25,2018-01-25T07:36:05.000Z
CELG__23,CELG,816284,2018-01-08,2018-01-08T10:38:53.000Z
CELG__23,CELG,816284,2017-10-26,2017-10-26T07:39:24.000Z
CELG__23,CELG,816284,2017-07-27,2017-07-27T07:35:29.000Z
CELG__23,CELG,816284,2017-04-27,2017-04-27T07:32:45.000Z
CELG__23,CELG,816284,2017-01-26,2017-01-26T07:36:22.000Z
CELG__23,CELG,816284,2017-01-09,2017-01-09T10:50:41.000Z
CELG__23,CELG,816284,2016-10-27,2016-10-27T07:38:17.000Z
CELG__23,CELG,816284,2016-07-28,2016-07-28T07:35:27.000Z
CELG__23,CELG,816284,2016-04-28,2016-04-28T07:35:15.000Z
CELG__23,CELG,816284,2016-01-28,2016-01-28T07:34:35.000Z
CELG__23,CELG,816284,2016-01-11,2016-01-11T11:13:21.000Z
CELG__23,CELG,816284,2015-11-05,2015-11-05T07:49:01.000Z
CELG__23,CELG,816284,2015-07-23,2015-07-23T07:40:19.000Z
CELG__23,CELG,816284,2015-04-30,2015-04-30T07:35:13.000Z
CELG__23,CELG,816284,2015-01-29,2015-01-29T07:33:52.000Z
CELG__23,CELG,816284,2015-01-12,2015-01-12T11:01:58.000Z
CERN__24,CERN,804753,2022-05-03,2022-05-03T09:05:47.000Z
CERN__24,CERN,804753,2022-02-22,2022-02-22T16:25:33.000Z
CERN__24,CERN,804753,2021-10-29,2021-10-29T07:34:07.000Z
CERN__24,CERN,804753,2021-07-30,2021-07-30T07:35:46.000Z
CERN__24,CERN,804753,2021-05-05,2021-05-05T07:39:25.000Z
CERN__24,CERN,804753,2021-02-10,2021-02-10T16:12:30.000Z
CERN__24,CERN,804753,2020-10-28,2020-10-28T15:40:45.000Z
CERN__24,CERN,804753,2020-07-29,2020-07-29T16:11:35.000Z
CERN__24,CERN,804753,2020-04-28,2020-04-28T16:13:09.000Z
CERN__24,CERN,804753,2020-02-04,2020-02-04T16:05:34.000Z
CERN__24,CERN,804753,2019-10-24,2019-10-24T16:09:29.000Z
CERN__24,CERN,804753,2019-07-24,2019-07-24T16:07:06.000Z
CERN__24,CERN,804753,2019-04-25,2019-04-25T16:05:34.000Z
CERN__24,CERN,804753,2019-02-05,2019-02-05T16:01:18.000Z
CERN__24,CERN,804753,2018-10-25,2018-10-25T16:07:07.000Z
CERN__24,CERN,804753,2018-08-02,2018-08-02T16:06:34.000Z
CERN__24,CERN,804753,2018-05-02,2018-05-02T16:06:19.000Z
CERN__24,CERN,804753,2018-02-06,2018-02-06T16:07:05.000Z
CERN__24,CERN,804753,2017-10-26,2017-10-26T16:06:49.000Z
CERN__24,CERN,804753,2017-07-27,2017-07-27T16:12:27.000Z
CERN__24,CERN,804753,2017-04-27,2017-04-27T16:08:37.000Z
CERN__24,CERN,804753,2017-02-09,2017-02-09T16:04:55.000Z
CERN__24,CERN,804753,2016-11-01,2016-11-01T16:05:46.000Z
CERN__24,CERN,804753,2016-08-02,2016-08-02T16:07:50.000Z
CERN__24,CERN,804753,2016-05-05,2016-05-05T16:05:29.000Z
CERN__24,CERN,804753,2016-02-16,2016-02-16T16:06:04.000Z
CERN__24,CERN,804753,2015-11-03,2015-11-03T16:05:51.000Z
CERN__24,CERN,804753,2015-08-04,2015-08-04T16:06:27.000Z
CERN__24,CERN,804753,2015-05-07,2015-05-07T16:07:43.000Z
CERN__24,CERN,804753,2015-02-10,2015-02-10T16:03:01.000Z
COG__25,COG,858470,2026-02-26,2026-02-26T22:16:33.000Z
COG__25,COG,858470,2026-01-21,2026-01-21T22:19:42.000Z
COG__25,COG,858470,2025-11-03,2025-11-03T22:04:17.000Z
COG__25,COG,858470,2025-10-22,2025-10-22T12:10:54.000Z
COG__25,COG,858470,2025-08-04,2025-08-04T21:05:46.000Z
COG__25,COG,858470,2025-07-21,2025-07-21T21:19:25.000Z
COG__25,COG,858470,2025-05-05,2025-05-05T21:22:33.000Z
COG__25,COG,858470,2025-02-25,2025-02-24T23:10:09.000Z
COG__25,COG,858470,2024-10-31,2024-10-31T20:57:07.000Z
COG__25,COG,858470,2024-08-01,2024-08-01T20:47:30.000Z
COG__25,COG,858470,2024-05-02,2024-05-02T21:01:12.000Z
COG__25,COG,858470,2024-02-23,2024-02-22T23:31:03.000Z
COG__25,COG,858470,2023-11-07,2023-11-06T23:42:53.000Z
COG__25,COG,858470,2023-08-07,2023-08-07T21:20:07.000Z
COG__25,COG,858470,2023-05-04,2023-05-04T21:10:26.000Z
COG__25,COG,858470,2023-02-23,2023-02-23T00:14:52.000Z
COG__25,COG,858470,2022-11-04,2022-11-03T23:23:12.000Z
COG__25,COG,858470,2022-08-03,2022-08-02T22:11:21.000Z
COG__25,COG,858470,2022-05-03,2022-05-02T22:54:33.000Z
COG__25,COG,858470,2022-02-24,2022-02-24T00:44:18.000Z
COG__25,COG,858470,2021-11-03,2021-11-03T11:45:11.000Z
COG__25,COG,858470,2021-07-30,2021-07-30T11:37:58.000Z
COG__25,COG,858470,2021-04-30,2021-04-29T22:19:07.000Z
COG__25,COG,858470,2021-02-24,2021-02-24T00:35:57.000Z
COG__25,COG,858470,2021-02-05,2021-02-05T17:31:34.000Z
COG__25,COG,858470,2020-10-29,2020-10-29T21:06:50.000Z
COG__25,COG,858470,2020-10-09,2020-10-09T15:59:00.000Z
COG__25,COG,858470,2020-07-31,2020-07-30T23:46:06.000Z
COG__25,COG,858470,2020-05-01,2020-05-01T11:30:40.000Z
COG__25,COG,858470,2020-02-21,2020-02-20T22:49:27.000Z
COG__25,COG,858470,2020-02-04,2020-02-04T15:01:55.000Z
COG__25,COG,858470,2020-02-04,2020-02-04T14:52:17.000Z
COG__25,COG,858470,2019-10-24,2019-10-24T23:18:12.000Z
COG__25,COG,858470,2019-07-26,2019-07-26T10:38:36.000Z
COG__25,COG,858470,2019-04-26,2019-04-26T10:43:57.000Z
COG__25,COG,858470,2019-02-22,2019-02-22T11:43:38.000Z
COG__25,COG,858470,2018-10-09,2018-10-09T16:05:47.000Z
COG__25,COG,858470,2018-07-27,2018-07-27T10:36:55.000Z
COG__25,COG,858470,2018-04-27,2018-04-27T10:37:47.000Z
COG__25,COG,858470,2018-02-23,2018-02-23T11:51:21.000Z
COG__25,COG,858470,2017-10-27,2017-10-27T10:47:43.000Z
COG__25,COG,858470,2017-07-28,2017-07-28T11:13:39.000Z
COG__25,COG,858470,2017-04-28,2017-04-28T10:56:09.000Z
COG__25,COG,858470,2017-02-24,2017-02-24T11:33:30.000Z
COG__25,COG,858470,2016-10-28,2016-10-28T10:49:19.000Z
COG__25,COG,858470,2016-07-29,2016-07-29T10:33:38.000Z
COG__25,COG,858470,2016-04-29,2016-04-29T11:13:12.000Z
COG__25,COG,858470,2016-02-19,2016-02-19T11:33:22.000Z
COG__25,COG,858470,2016-02-05,2016-02-05T21:24:16.000Z
COG__25,COG,858470,2015-10-23,2015-10-23T10:34:48.000Z
COG__25,COG,858470,2015-07-24,2015-07-24T11:33:34.000Z
COG__25,COG,858470,2015-04-24,2015-04-24T11:32:42.000Z
COG__25,COG,858470,2015-02-20,2015-02-20T12:35:23.000Z
COL__26,COL,1137411,2018-07-27,2018-07-27T08:34:03.000Z
COL__26,COL,1137411,2018-04-27,2018-04-27T08:50:13.000Z
COL__26,COL,1137411,2018-01-26,2018-01-26T08:59:51.000Z
COL__26,COL,1137411,2017-10-27,2017-10-27T08:51:26.000Z
COL__26,COL,1137411,2017-07-28,2017-07-28T08:20:08.000Z
COL__26,COL,1137411,2017-04-21,2017-04-21T08:36:04.000Z
COL__26,COL,1137411,2017-01-20,2017-01-20T08:17:26.000Z
COL__26,COL,1137411,2016-10-24,2016-10-24T07:01:26.000Z
COL__26,COL,1137411,2016-07-25,2016-07-25T08:08:20.000Z
COL__26,COL,1137411,2016-04-21,2016-04-21T08:13:33.000Z
COL__26,COL,1137411,2016-01-22,2016-01-22T08:40:18.000Z
COL__26,COL,1137411,2015-10-30,2015-10-30T08:22:15.000Z
COL__26,COL,1137411,2015-07-24,2015-07-24T08:16:17.000Z
COL__26,COL,1137411,2015-04-23,2015-04-23T09:09:32.000Z
COL__26,COL,1137411,2015-01-23,2015-01-23T08:10:46.000Z
CPGX__27,CPGX,1629995,2016-05-03,2016-05-03T06:34:55.000Z
CPGX__27,CPGX,1629995,2016-02-18,2016-02-18T06:31:35.000Z
CPGX__27,CPGX,1629995,2015-11-03,2015-11-03T06:32:23.000Z
CPGX__27,CPGX,1629995,2015-08-03,2015-08-03T06:32:39.000Z
CSRA__28,CSRA,1646383,2018-02-07,2018-02-07T16:24:44.000Z
CSRA__28,CSRA,1646383,2017-11-07,2017-11-07T16:22:34.000Z
CSRA__28,CSRA,1646383,2017-05-24,2017-05-24T16:19:22.000Z
CSRA__28,CSRA,1646383,2017-02-07,2017-02-07T16:22:16.000Z
CSRA__28,CSRA,1646383,2016-08-10,2016-08-10T16:38:28.000Z
CSRA__28,CSRA,1646383,2016-05-25,2016-05-25T17:05:15.000Z
CSRA__28,CSRA,1646383,2016-02-10,2016-02-10T17:25:59.000Z
CTL__29,CTL,18926,2026-08-04,2026-08-04T20:16:53.000Z
CTL__29,CTL,18926,2026-05-05,2026-05-05T20:17:08.000Z
CTL__29,CTL,18926,2026-02-03,2026-02-03T21:17:04.000Z
CTL__29,CTL,18926,2025-10-30,2025-10-30T20:16:54.000Z
CTL__29,CTL,18926,2025-07-31,2025-07-31T20:15:23.000Z
CTL__29,CTL,18926,2025-05-01,2025-05-01T20:11:50.000Z
CTL__29,CTL,18926,2025-02-04,2025-02-04T21:04:46.000Z
CTL__29,CTL,18926,2024-11-05,2024-11-05T21:02:30.000Z
CTL__29,CTL,18926,2024-08-06,2024-08-06T20:10:48.000Z
CTL__29,CTL,18926,2024-04-30,2024-04-30T20:07:12.000Z
CTL__29,CTL,18926,2024-02-06,2024-02-06T21:11:13.000Z
CTL__29,CTL,18926,2023-10-31,2023-10-31T20:34:37.000Z
CTL__29,CTL,18926,2023-08-01,2023-08-01T20:15:42.000Z
CTL__29,CTL,18926,2023-05-02,2023-05-02T20:09:19.000Z
CTL__29,CTL,18926,2023-02-07,2023-02-07T21:15:59.000Z
CTL__29,CTL,18926,2022-11-02,2022-11-02T20:11:07.000Z
CTL__29,CTL,18926,2022-08-03,2022-08-03T20:22:55.000Z
CTL__29,CTL,18926,2022-05-04,2022-05-04T20:21:06.000Z
CTL__29,CTL,18926,2022-02-09,2022-02-09T21:25:59.000Z
CTL__29,CTL,18926,2021-11-03,2021-11-03T20:17:59.000Z
CTL__29,CTL,18926,2021-08-03,2021-08-03T20:38:42.000Z
CTL__29,CTL,18926,2021-05-05,2021-05-05T20:19:35.000Z
CTL__29,CTL,18926,2021-02-10,2021-02-10T21:23:46.000Z
CTL__29,CTL,18926,2020-11-04,2020-11-04T21:20:19.000Z
CTL__29,CTL,18926,2020-08-05,2020-08-05T20:21:37.000Z
CTL__29,CTL,18926,2020-05-06,2020-05-06T20:23:12.000Z
CTL__29,CTL,18926,2020-02-12,2020-02-12T21:23:08.000Z
CTL__29,CTL,18926,2019-11-06,2019-11-06T21:21:06.000Z
CTL__29,CTL,18926,2019-08-07,2019-08-07T20:22:04.000Z
CTL__29,CTL,18926,2019-05-08,2019-05-08T20:24:50.000Z
CTL__29,CTL,18926,2019-02-13,2019-02-13T21:23:16.000Z
CTL__29,CTL,18926,2018-11-08,2018-11-08T21:23:55.000Z
CTL__29,CTL,18926,2018-08-08,2018-08-08T20:27:02.000Z
CTL__29,CTL,18926,2018-05-09,2018-05-09T20:27:28.000Z
CTL__29,CTL,18926,2018-02-14,2018-02-14T21:57:50.000Z
CTL__29,CTL,18926,2017-11-08,2017-11-08T21:29:42.000Z
CTL__29,CTL,18926,2017-08-02,2017-08-02T20:18:56.000Z
CTL__29,CTL,18926,2017-05-03,2017-05-03T20:21:35.000Z
CTL__29,CTL,18926,2017-02-08,2017-02-08T21:18:56.000Z
CTL__29,CTL,18926,2016-10-31,2016-10-31T11:01:53.000Z
CTL__29,CTL,18926,2016-08-03,2016-08-03T20:41:53.000Z
CTL__29,CTL,18926,2016-05-04,2016-05-04T20:28:47.000Z
CTL__29,CTL,18926,2016-02-10,2016-02-10T21:28:45.000Z
CTL__29,CTL,18926,2015-11-04,2015-11-04T21:31:33.000Z
CTL__29,CTL,18926,2015-09-01,2015-09-01T20:44:50.000Z
CTL__29,CTL,18926,2015-08-05,2015-08-05T20:38:10.000Z
CTL__29,CTL,18926,2015-05-05,2015-05-05T20:30:36.000Z
CTL__29,CTL,18926,2015-02-11,2015-02-11T21:20:28.000Z
CVC__30,CVC,784681,2016-05-05,2016-05-05T09:15:32.000Z
CVC__30,CVC,784681,2016-02-25,2016-02-25T09:01:18.000Z
CVC__30,CVC,784681,2015-11-03,2015-11-03T16:35:32.000Z
CVC__30,CVC,784681,2015-08-07,2015-08-07T16:40:35.000Z
CVC__30,CVC,784681,2015-05-05,2015-05-04T17:31:48.000Z
CVC__30,CVC,784681,2015-02-25,2015-02-25T16:08:44.000Z
CXO__31,CXO,1358071,2020-10-27,2020-10-27T16:06:35.000Z
CXO__31,CXO,1358071,2020-10-19,2020-10-19T07:24:31.000Z
CXO__31,CXO,1358071,2020-10-08,2020-10-08T16:38:26.000Z
CXO__31,CXO,1358071,2020-07-29,2020-07-29T16:18:59.000Z
CXO__31,CXO,1358071,2020-07-13,2020-07-10T19:22:40.000Z
CXO__31,CXO,1358071,2020-04-30,2020-04-30T16:16:51.000Z
CXO__31,CXO,1358071,2020-04-09,2020-04-09T16:06:38.000Z
CXO__31,CXO,1358071,2020-02-18,2020-02-18T16:17:06.000Z
CXO__31,CXO,1358071,2020-01-17,2020-01-17T16:06:09.000Z
CXO__31,CXO,1358071,2019-10-30,2019-10-29T21:42:47.000Z
CXO__31,CXO,1358071,2019-10-10,2019-10-10T16:12:03.000Z
CXO__31,CXO,1358071,2019-07-31,2019-07-31T16:48:56.000Z
CXO__31,CXO,1358071,2019-07-18,2019-07-18T16:34:03.000Z
CXO__31,CXO,1358071,2019-04-30,2019-04-30T16:10:52.000Z
CXO__31,CXO,1358071,2019-02-19,2019-02-19T16:55:42.000Z
CXO__31,CXO,1358071,2018-10-30,2018-10-30T16:51:37.000Z
CXO__31,CXO,1358071,2018-08-01,2018-08-01T16:19:45.000Z
CXO__31,CXO,1358071,2018-05-01,2018-05-01T16:18:24.000Z
CXO__31,CXO,1358071,2018-02-20,2018-02-20T16:30:26.000Z
CXO__31,CXO,1358071,2017-10-31,2017-10-31T16:05:51.000Z
CXO__31,CXO,1358071,2017-08-02,2017-08-02T16:23:48.000Z
CXO__31,CXO,1358071,2017-05-03,2017-05-03T16:22:42.000Z
CXO__31,CXO,1358071,2017-02-21,2017-02-21T16:48:15.000Z
CXO__31,CXO,1358071,2016-11-08,2016-11-08T16:23:53.000Z
CXO__31,CXO,1358071,2016-08-02,2016-08-02T17:02:40.000Z
CXO__31,CXO,1358071,2016-05-04,2016-05-04T16:41:34.000Z
CXO__31,CXO,1358071,2016-02-24,2016-02-24T16:40:49.000Z
CXO__31,CXO,1358071,2015-11-04,2015-11-04T16:47:23.000Z
CXO__31,CXO,1358071,2015-07-29,2015-07-29T16:38:34.000Z
CXO__31,CXO,1358071,2015-05-04,2015-05-04T17:00:32.000Z
CXO__31,CXO,1358071,2015-02-25,2015-02-25T16:52:51.000Z
DAY__32,DAY,1725057,2025-10-29,2025-10-29T20:18:35.000Z
DAY__32,DAY,1725057,2025-08-06,2025-08-06T11:11:58.000Z
DAY__32,DAY,1725057,2025-05-07,2025-05-07T11:11:19.000Z
DAY__32,DAY,1725057,2025-02-05,2025-02-05T12:15:10.000Z
DAY__32,DAY,1725057,2024-10-30,2024-10-30T11:18:09.000Z
DAY__32,DAY,1725057,2024-07-31,2024-07-31T11:00:12.000Z
DAY__32,DAY,1725057,2024-05-01,2024-05-01T11:00:42.000Z
DAY__32,DAY,1725057,2024-02-07,2024-02-07T12:17:41.000Z
DAY__32,DAY,1725057,2023-11-01,2023-11-01T12:04:10.000Z
DAY__32,DAY,1725057,2023-08-02,2023-08-02T20:15:54.000Z
DAY__32,DAY,1725057,2023-05-03,2023-05-03T20:16:10.000Z
DAY__32,DAY,1725057,2023-02-08,2023-02-08T21:15:45.000Z
DAY__32,DAY,1725057,2022-11-02,2022-11-02T20:15:53.000Z
DAY__32,DAY,1725057,2022-08-03,2022-08-03T20:20:31.000Z
DAY__32,DAY,1725057,2022-05-04,2022-05-04T20:22:41.000Z
DAY__32,DAY,1725057,2022-02-09,2022-02-09T21:23:32.000Z
DAY__32,DAY,1725057,2021-11-03,2021-11-03T20:16:00.000Z
DAY__32,DAY,1725057,2021-08-04,2021-08-04T20:17:37.000Z
DAY__32,DAY,1725057,2021-05-05,2021-05-05T20:16:11.000Z
DAY__32,DAY,1725057,2021-02-09,2021-02-09T21:18:36.000Z
DAY__32,DAY,1725057,2020-11-05,2020-11-05T21:21:48.000Z
DAY__32,DAY,1725057,2020-08-05,2020-08-05T20:15:41.000Z
DAY__32,DAY,1725057,2020-05-06,2020-05-06T20:24:38.000Z
DAY__32,DAY,1725057,2020-02-05,2020-02-05T21:15:51.000Z
DAY__32,DAY,1725057,2019-12-17,2019-12-17T21:15:33.000Z
DAY__32,DAY,1725057,2019-11-07,2019-11-07T21:15:36.000Z
DAY__32,DAY,1725057,2019-07-30,2019-07-30T20:15:22.000Z
DAY__32,DAY,1725057,2019-05-07,2019-05-07T10:26:55.000Z
DAY__32,DAY,1725057,2019-05-01,2019-05-01T20:15:17.000Z
DAY__32,DAY,1725057,2019-02-06,2019-02-06T21:15:22.000Z
DAY__32,DAY,1725057,2018-10-29,2018-10-29T10:07:14.000Z
DAY__32,DAY,1725057,2018-08-08,2018-08-08T20:34:36.000Z
DAY__32,DAY,1725057,2018-05-22,2018-05-22T10:54:05.000Z
DAY__32,DAY,1725057,2018-05-09,2018-05-09T20:15:56.000Z
DISCA__33,DISCA,1437107,2026-08-06,2026-08-06T15:04:14.000Z
DISCA__33,DISCA,1437107,2026-05-06,2026-05-07T00:02:42.000Z
DISCA__33,DISCA,1437107,2026-02-26,2026-02-26T17:06:38.000Z
DISCA__33,DISCA,1437107,2025-11-06,2025-11-06T17:04:02.000Z
DISCA__33,DISCA,1437107,2025-08-07,2025-08-07T15:06:04.000Z
DISCA__33,DISCA,1437107,2025-05-08,2025-05-08T15:05:41.000Z
DISCA__33,DISCA,1437107,2025-02-27,2025-02-27T17:05:54.000Z
DISCA__33,DISCA,1437107,2024-11-07,2024-11-07T17:05:48.000Z
DISCA__33,DISCA,1437107,2024-08-07,2024-08-08T00:02:26.000Z
DISCA__33,DISCA,1437107,2024-05-09,2024-05-09T15:06:55.000Z
DISCA__33,DISCA,1437107,2024-02-23,2024-02-23T17:05:29.000Z
DISCA__33,DISCA,1437107,2023-11-08,2023-11-08T17:04:21.000Z
DISCA__33,DISCA,1437107,2023-08-03,2023-08-03T15:08:50.000Z
DISCA__33,DISCA,1437107,2023-05-05,2023-05-05T15:03:29.000Z
DISCA__33,DISCA,1437107,2023-02-23,2023-02-24T02:03:38.000Z
DISCA__33,DISCA,1437107,2022-11-03,2022-11-04T00:06:05.000Z
DISCA__33,DISCA,1437107,2022-10-24,2022-10-25T01:19:15.000Z
DISCA__33,DISCA,1437107,2022-08-04,2022-08-05T00:53:30.000Z
DISCA__33,DISCA,1437107,2022-04-26,2022-04-26T15:10:00.000Z
DISCA__33,DISCA,1437107,2022-02-24,2022-02-24T17:05:33.000Z
DISCA__33,DISCA,1437107,2021-11-03,2021-11-03T15:09:16.000Z
DISCA__33,DISCA,1437107,2021-08-03,2021-08-03T15:10:44.000Z
DISCA__33,DISCA,1437107,2021-04-28,2021-04-28T15:05:59.000Z
DISCA__33,DISCA,1437107,2021-02-22,2021-02-22T17:07:25.000Z
DISCA__33,DISCA,1437107,2020-11-05,2020-11-05T17:09:50.000Z
DISCA__33,DISCA,1437107,2020-08-05,2020-08-05T15:21:08.000Z
DISCA__33,DISCA,1437107,2020-05-06,2020-05-06T15:07:15.000Z
DISCA__33,DISCA,1437107,2020-02-27,2020-02-27T17:21:00.000Z
DISCA__33,DISCA,1437107,2019-11-07,2019-11-07T18:00:15.000Z
DISCA__33,DISCA,1437107,2019-08-06,2019-08-06T15:58:53.000Z
DISCA__33,DISCA,1437107,2019-05-02,2019-05-02T15:58:34.000Z
DISCA__33,DISCA,1437107,2019-02-26,2019-02-26T17:51:52.000Z
DISCA__33,DISCA,1437107,2018-11-08,2018-11-08T17:55:51.000Z
DISCA__33,DISCA,1437107,2018-08-07,2018-08-07T15:55:26.000Z
DISCA__33,DISCA,1437107,2018-05-08,2018-05-08T15:59:02.000Z
DISCA__33,DISCA,1437107,2018-02-27,2018-02-27T17:54:18.000Z
DISCA__33,DISCA,1437107,2017-11-02,2017-11-02T15:52:21.000Z
DISCA__33,DISCA,1437107,2017-07-31,2017-07-31T15:51:27.000Z
DISCA__33,DISCA,1437107,2017-05-09,2017-05-09T15:51:24.000Z
DISCA__33,DISCA,1437107,2017-02-14,2017-02-14T17:52:43.000Z
DISCA__33,DISCA,1437107,2016-11-01,2016-11-01T15:54:18.000Z
DISCA__33,DISCA,1437107,2016-08-02,2016-08-02T15:51:34.000Z
DISCA__33,DISCA,1437107,2016-05-05,2016-05-05T15:50:09.000Z
DISCA__33,DISCA,1437107,2016-02-18,2016-02-18T17:51:30.000Z
DISCA__33,DISCA,1437107,2015-11-03,2015-11-03T17:48:42.000Z
DISCA__33,DISCA,1437107,2015-08-05,2015-08-05T15:49:14.000Z
DISCA__33,DISCA,1437107,2015-05-05,2015-05-05T15:46:25.000Z
DISCA__33,DISCA,1437107,2015-02-19,2015-02-19T17:39:26.000Z
DISCK__34,DISCK,1437107,2026-08-06,2026-08-06T15:04:14.000Z
DISCK__34,DISCK,1437107,2026-05-06,2026-05-07T00:02:42.000Z
DISCK__34,DISCK,1437107,2026-02-26,2026-02-26T17:06:38.000Z
DISCK__34,DISCK,1437107,2025-11-06,2025-11-06T17:04:02.000Z
DISCK__34,DISCK,1437107,2025-08-07,2025-08-07T15:06:04.000Z
DISCK__34,DISCK,1437107,2025-05-08,2025-05-08T15:05:41.000Z
DISCK__34,DISCK,1437107,2025-02-27,2025-02-27T17:05:54.000Z
DISCK__34,DISCK,1437107,2024-11-07,2024-11-07T17:05:48.000Z
DISCK__34,DISCK,1437107,2024-08-07,2024-08-08T00:02:26.000Z
DISCK__34,DISCK,1437107,2024-05-09,2024-05-09T15:06:55.000Z
DISCK__34,DISCK,1437107,2024-02-23,2024-02-23T17:05:29.000Z
DISCK__34,DISCK,1437107,2023-11-08,2023-11-08T17:04:21.000Z
DISCK__34,DISCK,1437107,2023-08-03,2023-08-03T15:08:50.000Z
DISCK__34,DISCK,1437107,2023-05-05,2023-05-05T15:03:29.000Z
DISCK__34,DISCK,1437107,2023-02-23,2023-02-24T02:03:38.000Z
DISCK__34,DISCK,1437107,2022-11-03,2022-11-04T00:06:05.000Z
DISCK__34,DISCK,1437107,2022-10-24,2022-10-25T01:19:15.000Z
DISCK__34,DISCK,1437107,2022-08-04,2022-08-05T00:53:30.000Z
DISCK__34,DISCK,1437107,2022-04-26,2022-04-26T15:10:00.000Z
DISCK__34,DISCK,1437107,2022-02-24,2022-02-24T17:05:33.000Z
DISCK__34,DISCK,1437107,2021-11-03,2021-11-03T15:09:16.000Z
DISCK__34,DISCK,1437107,2021-08-03,2021-08-03T15:10:44.000Z
DISCK__34,DISCK,1437107,2021-04-28,2021-04-28T15:05:59.000Z
DISCK__34,DISCK,1437107,2021-02-22,2021-02-22T17:07:25.000Z
DISCK__34,DISCK,1437107,2020-11-05,2020-11-05T17:09:50.000Z
DISCK__34,DISCK,1437107,2020-08-05,2020-08-05T15:21:08.000Z
DISCK__34,DISCK,1437107,2020-05-06,2020-05-06T15:07:15.000Z
DISCK__34,DISCK,1437107,2020-02-27,2020-02-27T17:21:00.000Z
DISCK__34,DISCK,1437107,2019-11-07,2019-11-07T18:00:15.000Z
DISCK__34,DISCK,1437107,2019-08-06,2019-08-06T15:58:53.000Z
DISCK__34,DISCK,1437107,2019-05-02,2019-05-02T15:58:34.000Z
DISCK__34,DISCK,1437107,2019-02-26,2019-02-26T17:51:52.000Z
DISCK__34,DISCK,1437107,2018-11-08,2018-11-08T17:55:51.000Z
DISCK__34,DISCK,1437107,2018-08-07,2018-08-07T15:55:26.000Z
DISCK__34,DISCK,1437107,2018-05-08,2018-05-08T15:59:02.000Z
DISCK__34,DISCK,1437107,2018-02-27,2018-02-27T17:54:18.000Z
DISCK__34,DISCK,1437107,2017-11-02,2017-11-02T15:52:21.000Z
DISCK__34,DISCK,1437107,2017-07-31,2017-07-31T15:51:27.000Z
DISCK__34,DISCK,1437107,2017-05-09,2017-05-09T15:51:24.000Z
DISCK__34,DISCK,1437107,2017-02-14,2017-02-14T17:52:43.000Z
DISCK__34,DISCK,1437107,2016-11-01,2016-11-01T15:54:18.000Z
DISCK__34,DISCK,1437107,2016-08-02,2016-08-02T15:51:34.000Z
DISCK__34,DISCK,1437107,2016-05-05,2016-05-05T15:50:09.000Z
DISCK__34,DISCK,1437107,2016-02-18,2016-02-18T17:51:30.000Z
DISCK__34,DISCK,1437107,2015-11-03,2015-11-03T17:48:42.000Z
DISCK__34,DISCK,1437107,2015-08-05,2015-08-05T15:49:14.000Z
DISCK__34,DISCK,1437107,2015-05-05,2015-05-05T15:46:25.000Z
DISCK__34,DISCK,1437107,2015-02-19,2015-02-19T17:39:26.000Z
DNB__35,DNB,1059556,2026-07-22,2026-07-22T14:59:12.000Z
DNB__35,DNB,1059556,2026-04-22,2026-04-22T14:59:06.000Z
DNB__35,DNB,1059556,2026-02-18,2026-02-18T16:58:24.000Z
DNB__35,DNB,1059556,2025-10-22,2025-10-22T14:56:01.000Z
DNB__35,DNB,1059556,2025-07-23,2025-07-23T14:59:13.000Z
DNB__35,DNB,1059556,2025-04-22,2025-04-22T14:57:52.000Z
DNB__35,DNB,1059556,2025-02-13,2025-02-13T16:57:38.000Z
DNB__35,DNB,1059556,2024-10-22,2024-10-22T14:58:04.000Z
DNB__35,DNB,1059556,2024-07-23,2024-07-23T14:58:05.000Z
DNB__35,DNB,1059556,2024-05-02,2024-05-02T15:00:11.000Z
DNB__35,DNB,1059556,2024-02-13,2024-02-13T17:00:40.000Z
DNB__35,DNB,1059556,2023-10-25,2023-10-25T14:51:20.000Z
DNB__35,DNB,1059556,2023-07-25,2023-07-25T14:58:11.000Z
DNB__35,DNB,1059556,2023-04-25,2023-04-25T14:58:45.000Z
DNB__35,DNB,1059556,2023-01-31,2023-01-31T16:56:49.000Z
DNB__35,DNB,1059556,2022-10-25,2022-10-25T15:03:11.000Z
DNB__35,DNB,1059556,2022-07-26,2022-07-26T15:16:34.000Z
DNB__35,DNB,1059556,2022-05-02,2022-05-02T15:15:33.000Z
DNB__35,DNB,1059556,2022-02-10,2022-02-10T17:15:32.000Z
DNB__35,DNB,1059556,2021-10-28,2021-10-28T15:17:25.000Z
DNB__35,DNB,1059556,2021-08-05,2021-08-05T16:20:05.000Z
DNB__35,DNB,1059556,2021-07-28,2021-07-28T15:15:47.000Z
DNB__35,DNB,1059556,2021-04-28,2021-04-28T15:30:32.000Z
DNB__35,DNB,1059556,2021-02-12,2021-02-12T17:30:27.000Z
DNB__35,DNB,1059556,2020-10-29,2020-10-29T15:00:53.000Z
DNB__35,DNB,1059556,2020-07-30,2020-07-30T15:32:47.000Z
DNB__35,DNB,1059556,2020-04-30,2020-04-30T15:30:50.000Z
DNB__35,DNB,1059556,2020-02-12,2020-02-12T17:30:39.000Z
DNB__35,DNB,1059556,2019-10-30,2019-10-30T15:30:52.000Z
DNB__35,DNB,1059556,2019-07-31,2019-07-31T15:30:12.000Z
DNB__35,DNB,1059556,2019-04-24,2019-04-24T15:30:49.000Z
DNB__35,DNB,1059556,2019-02-15,2019-02-15T17:30:35.000Z
DNB__35,DNB,1059556,2018-10-26,2018-10-26T15:30:57.000Z
DNB__35,DNB,1059556,2018-07-27,2018-07-27T15:30:44.000Z
DNB__35,DNB,1059556,2018-04-27,2018-04-27T15:30:27.000Z
DNB__35,DNB,1059556,2018-02-09,2018-02-09T18:00:37.000Z
DNB__35,DNB,1059556,2017-11-03,2017-11-03T16:01:34.000Z
DNB__35,DNB,1059556,2017-07-21,2017-07-21T16:01:29.000Z
DNB__35,DNB,1059556,2017-05-05,2017-05-05T16:00:18.000Z
DNB__35,DNB,1059556,2017-02-17,2017-02-17T18:00:31.000Z
DNB__35,DNB,1059556,2017-01-17,2017-01-17T16:07:02.000Z
DNB__35,DNB,1059556,2016-10-21,2016-10-21T16:00:22.000Z
DNB__35,DNB,1059556,2016-07-22,2016-07-22T16:00:21.000Z
DNB__35,DNB,1059556,2016-04-29,2016-04-29T16:00:22.000Z
DNB__35,DNB,1059556,2016-02-05,2016-02-05T18:00:32.000Z
DNB__35,DNB,1059556,2015-10-30,2015-10-30T16:00:30.000Z
DNB__35,DNB,1059556,2015-07-24,2015-07-24T16:01:34.000Z
DNB__35,DNB,1059556,2015-05-01,2015-05-01T16:00:17.000Z
DNB__35,DNB,1059556,2015-02-06,2015-02-06T18:00:32.000Z
DO__36,DO,949039,2024-08-07,2024-08-07T06:01:57.000Z
DO__36,DO,949039,2024-05-08,2024-05-08T06:06:57.000Z
DO__36,DO,949039,2024-02-28,2024-02-28T06:08:59.000Z
DO__36,DO,949039,2023-11-07,2023-11-07T06:01:56.000Z
DO__36,DO,949039,2023-08-08,2023-08-08T06:04:01.000Z
DO__36,DO,949039,2023-05-09,2023-05-09T06:05:03.000Z
DO__36,DO,949039,2023-02-28,2023-02-28T06:06:04.000Z
DO__36,DO,949039,2022-11-08,2022-11-08T06:02:02.000Z
DO__36,DO,949039,2022-08-10,2022-08-10T06:06:58.000Z
DO__36,DO,949039,2022-05-10,2022-05-10T06:01:58.000Z
DO__36,DO,949039,2020-02-10,2020-02-10T06:15:48.000Z
DO__36,DO,949039,2019-10-28,2019-10-28T06:19:10.000Z
DO__36,DO,949039,2019-08-05,2019-08-05T06:06:03.000Z
DO__36,DO,949039,2019-04-29,2019-04-29T06:17:03.000Z
DO__36,DO,949039,2019-02-11,2019-02-11T06:11:33.000Z
DO__36,DO,949039,2018-11-05,2018-11-05T06:09:06.000Z
DO__36,DO,949039,2018-07-30,2018-07-30T06:13:05.000Z
DO__36,DO,949039,2018-04-30,2018-04-30T06:14:55.000Z
DO__36,DO,949039,2018-02-12,2018-02-12T06:12:56.000Z
DO__36,DO,949039,2017-10-30,2017-10-30T06:10:04.000Z
DO__36,DO,949039,2017-07-31,2017-07-31T06:07:33.000Z
DO__36,DO,949039,2017-05-01,2017-05-01T06:09:03.000Z
DO__36,DO,949039,2017-02-06,2017-02-06T06:01:56.000Z
DO__36,DO,949039,2016-10-31,2016-10-31T06:28:33.000Z
DO__36,DO,949039,2016-08-01,2016-08-01T06:10:34.000Z
DO__36,DO,949039,2016-05-02,2016-05-02T06:09:02.000Z
DO__36,DO,949039,2016-02-08,2016-02-08T06:08:55.000Z
DO__36,DO,949039,2015-11-02,2015-11-02T06:07:59.000Z
DO__36,DO,949039,2015-08-03,2015-08-03T06:05:59.000Z
DO__36,DO,949039,2015-05-04,2015-05-04T06:03:33.000Z
DO__36,DO,949039,2015-02-09,2015-02-09T06:05:30.000Z
DOW__37,DOW,29915,2017-07-27,2017-07-27T11:49:49.000Z
DOW__37,DOW,29915,2017-04-27,2017-04-27T12:19:56.000Z
DOW__37,DOW,29915,2017-01-26,2017-01-26T13:22:12.000Z
DOW__37,DOW,29915,2016-10-27,2016-10-27T11:51:57.000Z
DOW__37,DOW,29915,2016-07-28,2016-07-28T11:58:51.000Z
DOW__37,DOW,29915,2016-04-28,2016-04-28T12:31:55.000Z
DOW__37,DOW,29915,2016-02-02,2016-02-02T13:03:41.000Z
DOW__37,DOW,29915,2015-10-22,2015-10-22T11:43:55.000Z
DOW__37,DOW,29915,2015-07-23,2015-07-23T12:05:21.000Z
DOW__37,DOW,29915,2015-04-23,2015-04-23T11:56:04.000Z
DOW__37,DOW,29915,2015-01-29,2015-01-29T12:45:19.000Z
DOW__38,DOW,1751788,2026-07-23,2026-07-23T10:59:27.000Z
DOW__38,DOW,1751788,2026-04-23,2026-04-23T10:58:21.000Z
DOW__38,DOW,1751788,2026-01-29,2026-01-29T11:09:25.000Z
DOW__38,DOW,1751788,2025-10-23,2025-10-23T11:01:53.000Z
DOW__38,DOW,1751788,2025-07-24,2025-07-24T10:03:16.000Z
DOW__38,DOW,1751788,2025-04-24,2025-04-24T11:02:55.000Z
DOW__38,DOW,1751788,2025-01-30,2025-01-30T11:04:16.000Z
DOW__38,DOW,1751788,2024-10-24,2024-10-24T10:59:45.000Z
DOW__38,DOW,1751788,2024-07-25,2024-07-25T11:04:43.000Z
DOW__38,DOW,1751788,2024-04-25,2024-04-25T11:05:41.000Z
DOW__38,DOW,1751788,2024-01-25,2024-01-25T12:06:59.000Z
DOW__38,DOW,1751788,2023-10-24,2023-10-24T11:08:46.000Z
DOW__38,DOW,1751788,2023-07-25,2023-07-25T11:03:15.000Z
DOW__38,DOW,1751788,2023-04-25,2023-04-25T11:00:51.000Z
DOW__38,DOW,1751788,2023-01-26,2023-01-26T11:16:19.000Z
DOW__38,DOW,1751788,2022-10-20,2022-10-20T11:04:35.000Z
DOW__38,DOW,1751788,2022-07-21,2022-07-21T11:02:14.000Z
DOW__38,DOW,1751788,2022-04-21,2022-04-21T11:03:15.000Z
DOW__38,DOW,1751788,2022-01-27,2022-01-27T11:09:09.000Z
DOW__38,DOW,1751788,2021-10-21,2021-10-21T11:02:22.000Z
DOW__38,DOW,1751788,2021-07-22,2021-07-22T11:03:46.000Z
DOW__38,DOW,1751788,2021-04-22,2021-04-22T11:10:14.000Z
DOW__38,DOW,1751788,2021-01-28,2021-01-28T12:09:40.000Z
DOW__38,DOW,1751788,2020-10-22,2020-10-22T11:06:49.000Z
DOW__38,DOW,1751788,2020-07-23,2020-07-23T11:12:12.000Z
DOW__38,DOW,1751788,2020-04-30,2020-04-30T11:13:53.000Z
DOW__38,DOW,1751788,2020-01-29,2020-01-29T12:17:17.000Z
DOW__38,DOW,1751788,2019-10-24,2019-10-24T11:21:20.000Z
DOW__38,DOW,1751788,2019-07-25,2019-07-25T11:07:20.000Z
DWDP__39,DWDP,1666700,2026-08-04,2026-08-04T10:08:03.000Z
DWDP__39,DWDP,1666700,2026-05-05,2026-05-05T10:08:04.000Z
DWDP__39,DWDP,1666700,2026-02-10,2026-02-10T11:06:47.000Z
DWDP__39,DWDP,1666700,2025-11-06,2025-11-06T11:05:02.000Z
DWDP__39,DWDP,1666700,2025-08-05,2025-08-05T10:06:07.000Z
DWDP__39,DWDP,1666700,2025-05-02,2025-05-02T10:05:47.000Z
DWDP__39,DWDP,1666700,2025-02-11,2025-02-11T11:08:56.000Z
DWDP__39,DWDP,1666700,2024-11-05,2024-11-05T11:08:57.000Z
DWDP__39,DWDP,1666700,2024-07-31,2024-07-31T10:07:06.000Z
DWDP__39,DWDP,1666700,2024-05-01,2024-05-01T10:09:04.000Z
DWDP__39,DWDP,1666700,2024-02-06,2024-02-06T11:06:07.000Z
DWDP__39,DWDP,1666700,2024-01-24,2024-01-24T11:51:49.000Z
DWDP__39,DWDP,1666700,2023-11-01,2023-11-01T10:08:39.000Z
DWDP__39,DWDP,1666700,2023-08-02,2023-08-02T10:09:03.000Z
DWDP__39,DWDP,1666700,2023-05-02,2023-05-02T10:10:21.000Z
DWDP__39,DWDP,1666700,2023-02-07,2023-02-07T11:12:46.000Z
DWDP__39,DWDP,1666700,2022-11-08,2022-11-08T11:07:53.000Z
DWDP__39,DWDP,1666700,2022-08-02,2022-08-02T10:06:06.000Z
DWDP__39,DWDP,1666700,2022-05-03,2022-05-03T10:10:08.000Z
DWDP__39,DWDP,1666700,2022-02-08,2022-02-08T11:06:01.000Z
DWDP__39,DWDP,1666700,2021-11-02,2021-11-02T10:05:06.000Z
DWDP__39,DWDP,1666700,2021-08-03,2021-08-03T10:08:47.000Z
DWDP__39,DWDP,1666700,2021-05-04,2021-05-04T10:08:53.000Z
DWDP__39,DWDP,1666700,2021-02-09,2021-02-09T11:09:14.000Z
DWDP__39,DWDP,1666700,2021-02-01,2021-02-01T21:05:57.000Z
DWDP__39,DWDP,1666700,2021-01-26,2021-01-26T11:38:31.000Z
DWDP__39,DWDP,1666700,2020-10-29,2020-10-29T10:11:44.000Z
DWDP__39,DWDP,1666700,2020-07-30,2020-07-30T10:17:31.000Z
DWDP__39,DWDP,1666700,2020-05-05,2020-05-05T10:12:44.000Z
DWDP__39,DWDP,1666700,2020-04-20,2020-04-20T10:53:42.000Z
DWDP__39,DWDP,1666700,2020-01-30,2020-01-30T12:01:33.000Z
DWDP__39,DWDP,1666700,2019-10-31,2019-10-31T10:29:20.000Z
DWDP__39,DWDP,1666700,2019-08-01,2019-08-01T10:22:37.000Z
DWDP__39,DWDP,1666700,2019-05-02,2019-05-02T10:21:38.000Z
DWDP__39,DWDP,1666700,2019-04-18,2019-04-18T19:38:27.000Z
DWDP__39,DWDP,1666700,2019-01-31,2019-01-31T11:48:40.000Z
DWDP__39,DWDP,1666700,2018-11-01,2018-11-01T10:37:11.000Z
DWDP__39,DWDP,1666700,2018-08-02,2018-08-02T10:38:49.000Z
DWDP__39,DWDP,1666700,2018-05-03,2018-05-03T10:46:33.000Z
DWDP__39,DWDP,1666700,2018-02-01,2018-02-01T11:33:09.000Z
DWDP__39,DWDP,1666700,2017-11-02,2017-11-02T10:36:06.000Z
DWDP__39,DWDP,1666700,2017-10-26,2017-10-26T10:44:35.000Z
EMC__40,EMC,790070,2016-07-18,2016-07-18T20:18:19.000Z
EMC__40,EMC,790070,2016-04-20,2016-04-20T10:53:49.000Z
EMC__40,EMC,790070,2016-01-27,2016-01-27T12:01:44.000Z
EMC__40,EMC,790070,2015-10-21,2015-10-21T10:57:18.000Z
EMC__40,EMC,790070,2015-10-13,2015-10-13T13:26:09.000Z
EMC__40,EMC,790070,2015-07-22,2015-07-22T10:50:59.000Z
EMC__40,EMC,790070,2015-04-22,2015-04-22T10:52:05.000Z
EMC__40,EMC,790070,2015-01-29,2015-01-29T11:54:24.000Z
ENDP__41,ENDP,1593034,2024-03-06,2024-03-06T16:54:16.000Z
ENDP__41,ENDP,1593034,2023-11-06,2023-11-06T16:57:32.000Z
ENDP__41,ENDP,1593034,2023-08-08,2023-08-08T07:50:01.000Z
ENDP__41,ENDP,1593034,2023-05-08,2023-05-08T07:36:32.000Z
ENDP__41,ENDP,1593034,2023-03-06,2023-03-06T08:55:57.000Z
ENDP__41,ENDP,1593034,2022-11-09,2022-11-09T08:33:01.000Z
ENDP__41,ENDP,1593034,2022-08-09,2022-08-09T08:51:04.000Z
ENDP__41,ENDP,1593034,2022-05-05,2022-05-05T16:34:17.000Z
ENDP__41,ENDP,1593034,2022-04-29,2022-04-29T07:02:41.000Z
ENDP__41,ENDP,1593034,2022-02-28,2022-02-28T16:23:01.000Z
ENDP__41,ENDP,1593034,2021-11-04,2021-11-04T16:19:36.000Z
ENDP__41,ENDP,1593034,2021-08-05,2021-08-05T16:30:27.000Z
ENDP__41,ENDP,1593034,2021-05-06,2021-05-06T16:27:23.000Z
ENDP__41,ENDP,1593034,2021-02-25,2021-02-25T16:33:58.000Z
ENDP__41,ENDP,1593034,2020-11-05,2020-11-05T16:54:34.000Z
ENDP__41,ENDP,1593034,2020-08-05,2020-08-05T16:44:37.000Z
ENDP__41,ENDP,1593034,2020-05-07,2020-05-07T06:05:01.000Z
ENDP__41,ENDP,1593034,2020-02-26,2020-02-26T06:04:48.000Z
ENDP__41,ENDP,1593034,2019-11-04,2019-11-04T17:27:10.000Z
ENDP__41,ENDP,1593034,2019-08-05,2019-08-05T16:44:31.000Z
ENDP__41,ENDP,1593034,2019-05-09,2019-05-09T06:33:46.000Z
ENDP__41,ENDP,1593034,2019-02-28,2019-02-28T06:34:56.000Z
ENDP__41,ENDP,1593034,2018-11-08,2018-11-08T07:06:54.000Z
ENDP__41,ENDP,1593034,2018-08-08,2018-08-08T07:05:44.000Z
ENDP__41,ENDP,1593034,2018-05-08,2018-05-08T06:35:02.000Z
ENDP__41,ENDP,1593034,2018-02-27,2018-02-27T06:04:16.000Z
ENDP__41,ENDP,1593034,2017-11-09,2017-11-09T16:07:42.000Z
ENDP__41,ENDP,1593034,2017-10-30,2017-10-30T08:43:25.000Z
ENDP__41,ENDP,1593034,2017-08-08,2017-08-08T06:34:14.000Z
ENDP__41,ENDP,1593034,2017-05-09,2017-05-09T06:37:03.000Z
ENDP__41,ENDP,1593034,2017-04-10,2017-04-10T08:00:55.000Z
ENDP__41,ENDP,1593034,2017-02-28,2017-02-28T06:59:27.000Z
ENDP__41,ENDP,1593034,2016-11-08,2016-11-08T06:59:28.000Z
ENDP__41,ENDP,1593034,2016-08-08,2016-08-08T16:39:02.000Z
ENDP__41,ENDP,1593034,2016-05-05,2016-05-05T16:22:04.000Z
ENDP__41,ENDP,1593034,2016-02-29,2016-02-29T08:00:13.000Z
ENDP__41,ENDP,1593034,2015-11-05,2015-11-05T08:15:32.000Z
ENDP__41,ENDP,1593034,2015-08-10,2015-08-10T07:46:34.000Z
ENDP__41,ENDP,1593034,2015-05-11,2015-05-11T07:07:36.000Z
ENDP__41,ENDP,1593034,2015-03-02,2015-03-02T08:27:09.000Z
ESRX__42,ESRX,1532063,2018-10-31,2018-10-31T16:30:00.000Z
ESRX__42,ESRX,1532063,2018-08-01,2018-08-01T16:07:05.000Z
ESRX__42,ESRX,1532063,2018-05-02,2018-05-02T16:34:03.000Z
ESRX__42,ESRX,1532063,2018-02-27,2018-02-27T16:18:56.000Z
ESRX__42,ESRX,1532063,2017-10-24,2017-10-24T16:29:56.000Z
ESRX__42,ESRX,1532063,2017-07-25,2017-07-25T16:08:03.000Z
ESRX__42,ESRX,1532063,2017-04-24,2017-04-24T16:06:04.000Z
ESRX__42,ESRX,1532063,2017-02-14,2017-02-14T16:08:24.000Z
ESRX__42,ESRX,1532063,2016-10-25,2016-10-25T16:12:03.000Z
ESRX__42,ESRX,1532063,2016-07-25,2016-07-25T16:06:04.000Z
ESRX__42,ESRX,1532063,2016-04-25,2016-04-25T16:14:36.000Z
ESRX__42,ESRX,1532063,2016-02-16,2016-02-16T16:24:30.000Z
ESRX__42,ESRX,1532063,2015-10-27,2015-10-27T16:07:54.000Z
ESRX__42,ESRX,1532063,2015-07-28,2015-07-28T16:16:59.000Z
ESRX__42,ESRX,1532063,2015-04-28,2015-04-28T16:26:01.000Z
ESRX__42,ESRX,1532063,2015-02-23,2015-02-23T16:07:35.000Z
ESV__43,ESV,314808,2026-08-05,2026-08-05T21:00:16.000Z
ESV__43,ESV,314808,2026-05-04,2026-05-04T20:15:14.000Z
ESV__43,ESV,314808,2026-02-19,2026-02-19T21:31:30.000Z
ESV__43,ESV,314808,2025-10-29,2025-10-29T20:14:57.000Z
ESV__43,ESV,314808,2025-07-30,2025-07-30T20:15:55.000Z
ESV__43,ESV,314808,2025-04-30,2025-04-30T21:14:25.000Z
ESV__43,ESV,314808,2025-02-19,2025-02-19T21:37:55.000Z
ESV__43,ESV,314808,2024-10-30,2024-10-30T20:39:14.000Z
ESV__43,ESV,314808,2024-07-31,2024-07-31T20:15:17.000Z
ESV__43,ESV,314808,2024-05-02,2024-05-02T11:14:11.000Z
ESV__43,ESV,314808,2024-02-22,2024-02-22T12:28:14.000Z
ESV__43,ESV,314808,2023-11-07,2023-11-07T12:23:35.000Z
ESV__43,ESV,314808,2023-08-02,2023-08-02T10:45:59.000Z
ESV__43,ESV,314808,2023-05-02,2023-05-02T11:05:59.000Z
ESV__43,ESV,314808,2023-02-21,2023-02-21T13:35:37.000Z
ESV__43,ESV,314808,2022-11-01,2022-11-01T10:33:00.000Z
ESV__43,ESV,314808,2022-08-02,2022-08-02T11:31:44.000Z
ESV__43,ESV,314808,2022-05-03,2022-05-03T10:26:15.000Z
ESV__43,ESV,314808,2022-02-22,2022-02-22T11:08:20.000Z
ESV__43,ESV,314808,2021-11-02,2021-11-02T11:20:42.000Z
ESV__43,ESV,314808,2021-08-03,2021-08-03T10:52:42.000Z
ESV__43,ESV,314808,2021-04-28,2021-04-28T14:29:03.000Z
ESV__43,ESV,314808,2020-04-30,2020-04-30T01:58:40.000Z
ESV__43,ESV,314808,2020-02-21,2020-02-21T01:07:11.000Z
ESV__43,ESV,314808,2019-10-31,2019-10-30T22:09:43.000Z
ESV__43,ESV,314808,2019-08-01,2019-08-01T01:18:53.000Z
ESV__43,ESV,314808,2019-05-02,2019-05-01T23:27:47.000Z
ESV__43,ESV,314808,2019-02-28,2019-02-27T23:58:24.000Z
ESV__43,ESV,314808,2018-10-29,2018-10-29T21:23:34.000Z
ESV__43,ESV,314808,2018-07-25,2018-07-25T21:22:17.000Z
ESV__43,ESV,314808,2018-04-26,2018-04-25T22:56:13.000Z
ESV__43,ESV,314808,2018-02-27,2018-02-26T23:10:17.000Z
ESV__43,ESV,314808,2017-10-25,2017-10-25T21:29:17.000Z
ESV__43,ESV,314808,2017-07-27,2017-07-26T21:56:00.000Z
ESV__43,ESV,314808,2017-07-12,2017-07-11T21:35:20.000Z
ESV__43,ESV,314808,2017-04-27,2017-04-27T00:47:40.000Z
ESV__43,ESV,314808,2017-02-28,2017-02-27T22:49:41.000Z
ESV__43,ESV,314808,2016-10-27,2016-10-26T23:52:14.000Z
ESV__43,ESV,314808,2016-07-27,2016-07-27T20:59:43.000Z
ESV__43,ESV,314808,2016-04-27,2016-04-27T20:53:29.000Z
ESV__43,ESV,314808,2016-04-14,2016-04-14T20:34:56.000Z
ESV__43,ESV,314808,2016-02-25,2016-02-24T23:41:40.000Z
ESV__43,ESV,314808,2015-10-29,2015-10-28T22:17:57.000Z
ESV__43,ESV,314808,2015-07-30,2015-07-29T21:38:57.000Z
ESV__43,ESV,314808,2015-04-30,2015-04-29T21:47:02.000Z
ESV__43,ESV,314808,2015-02-26,2015-02-26T01:38:39.000Z
ETFC__44,ETFC,1015780,2020-07-23,2020-07-23T16:30:52.000Z
ETFC__44,ETFC,1015780,2020-04-23,2020-04-23T16:31:02.000Z
ETFC__44,ETFC,1015780,2020-01-23,2020-01-23T16:31:16.000Z
ETFC__44,ETFC,1015780,2019-10-17,2019-10-17T16:30:41.000Z
ETFC__44,ETFC,1015780,2019-07-18,2019-07-18T16:30:31.000Z
ETFC__44,ETFC,1015780,2019-04-17,2019-04-17T16:39:28.000Z
ETFC__44,ETFC,1015780,2019-01-24,2019-01-24T16:31:10.000Z
ETFC__44,ETFC,1015780,2018-10-18,2018-10-18T16:30:37.000Z
ETFC__44,ETFC,1015780,2018-07-19,2018-07-19T16:30:31.000Z
ETFC__44,ETFC,1015780,2018-04-19,2018-04-19T16:30:48.000Z
ETFC__44,ETFC,1015780,2018-01-25,2018-01-25T16:30:54.000Z
ETFC__44,ETFC,1015780,2017-10-19,2017-10-19T16:30:29.000Z
ETFC__44,ETFC,1015780,2017-07-20,2017-07-20T16:32:28.000Z
ETFC__44,ETFC,1015780,2017-04-20,2017-04-20T16:30:36.000Z
ETFC__44,ETFC,1015780,2017-01-26,2017-01-26T16:30:45.000Z
ETFC__44,ETFC,1015780,2016-10-20,2016-10-20T16:30:34.000Z
ETFC__44,ETFC,1015780,2016-07-21,2016-07-21T16:30:41.000Z
ETFC__44,ETFC,1015780,2016-04-21,2016-04-21T16:30:30.000Z
ETFC__44,ETFC,1015780,2016-01-21,2016-01-21T16:30:31.000Z
ETFC__44,ETFC,1015780,2015-10-22,2015-10-22T16:31:27.000Z
ETFC__44,ETFC,1015780,2015-07-23,2015-07-23T16:31:34.000Z
ETFC__44,ETFC,1015780,2015-04-23,2015-04-23T16:30:41.000Z
ETFC__44,ETFC,1015780,2015-01-22,2015-01-22T16:30:28.000Z
EVHC__45,EVHC,1678531,2018-08-06,2018-08-06T16:32:31.000Z
EVHC__45,EVHC,1678531,2018-05-07,2018-05-07T16:20:56.000Z
EVHC__45,EVHC,1678531,2018-02-27,2018-02-27T16:23:04.000Z
EVHC__45,EVHC,1678531,2018-02-07,2018-02-07T17:03:14.000Z
EVHC__45,EVHC,1678531,2018-01-04,2018-01-04T16:36:46.000Z
EVHC__45,EVHC,1678531,2017-10-31,2017-10-31T16:23:50.000Z
EVHC__45,EVHC,1678531,2017-08-07,2017-08-07T16:24:55.000Z
EVHC__45,EVHC,1678531,2017-05-02,2017-05-02T16:09:27.000Z
EVHC__45,EVHC,1678531,2017-02-28,2017-02-28T16:22:48.000Z
FB__46,FB,1326801,2026-07-29,2026-07-29T20:03:23.000Z
FB__46,FB,1326801,2026-04-29,2026-04-29T20:05:41.000Z
FB__46,FB,1326801,2026-01-28,2026-01-28T21:04:20.000Z
FB__46,FB,1326801,2025-10-29,2025-10-29T20:08:34.000Z
FB__46,FB,1326801,2025-07-30,2025-07-30T20:13:01.000Z
FB__46,FB,1326801,2025-04-30,2025-04-30T20:16:00.000Z
FB__46,FB,1326801,2025-01-29,2025-01-29T21:47:14.000Z
FB__46,FB,1326801,2024-10-30,2024-10-30T20:08:12.000Z
FB__46,FB,1326801,2024-07-31,2024-07-31T20:11:20.000Z
FB__46,FB,1326801,2024-04-24,2024-04-24T20:07:26.000Z
FB__46,FB,1326801,2024-02-01,2024-02-01T21:10:29.000Z
FB__46,FB,1326801,2023-10-25,2023-10-25T20:20:51.000Z
FB__46,FB,1326801,2023-07-26,2023-07-26T20:06:51.000Z
FB__46,FB,1326801,2023-04-26,2023-04-26T20:18:04.000Z
FB__46,FB,1326801,2023-02-01,2023-02-01T21:22:15.000Z
FB__46,FB,1326801,2022-10-26,2022-10-26T20:19:09.000Z
FB__46,FB,1326801,2022-07-27,2022-07-27T20:07:22.000Z
FB__46,FB,1326801,2022-04-27,2022-04-27T20:07:54.000Z
FB__46,FB,1326801,2022-02-02,2022-02-02T21:08:34.000Z
FB__46,FB,1326801,2021-10-25,2021-10-25T20:08:12.000Z
FB__46,FB,1326801,2021-07-28,2021-07-28T20:08:06.000Z
FB__46,FB,1326801,2021-04-28,2021-04-28T20:09:19.000Z
FB__46,FB,1326801,2021-01-27,2021-01-27T21:08:08.000Z
FB__46,FB,1326801,2020-10-29,2020-10-29T20:07:58.000Z
FB__46,FB,1326801,2020-07-30,2020-07-30T23:18:23.000Z
FB__46,FB,1326801,2020-04-29,2020-04-29T20:10:26.000Z
FB__46,FB,1326801,2020-01-29,2020-01-29T21:10:08.000Z
FB__46,FB,1326801,2019-10-30,2019-10-30T20:13:02.000Z
FB__46,FB,1326801,2019-07-24,2019-07-24T20:27:15.000Z
FB__46,FB,1326801,2019-04-24,2019-04-24T20:09:20.000Z
FB__46,FB,1326801,2019-01-30,2019-01-30T21:16:27.000Z
FB__46,FB,1326801,2018-10-30,2018-10-30T20:14:19.000Z
FB__46,FB,1326801,2018-07-25,2018-07-25T20:08:39.000Z
FB__46,FB,1326801,2018-04-25,2018-04-25T20:18:44.000Z
FB__46,FB,1326801,2018-01-31,2018-01-31T21:10:19.000Z
FB__46,FB,1326801,2017-11-01,2017-11-01T20:11:06.000Z
FB__46,FB,1326801,2017-07-26,2017-07-26T20:07:54.000Z
FB__46,FB,1326801,2017-05-03,2017-05-03T20:13:45.000Z
FB__46,FB,1326801,2017-02-01,2017-02-01T21:04:53.000Z
FB__46,FB,1326801,2016-11-02,2016-11-02T20:11:08.000Z
FB__46,FB,1326801,2016-07-27,2016-07-27T20:13:39.000Z
FB__46,FB,1326801,2016-04-27,2016-04-27T20:28:32.000Z
FB__46,FB,1326801,2016-01-27,2016-01-27T21:07:50.000Z
FB__46,FB,1326801,2015-11-04,2015-11-04T21:06:26.000Z
FB__46,FB,1326801,2015-07-29,2015-07-29T20:03:14.000Z
FB__46,FB,1326801,2015-04-22,2015-04-22T20:10:20.000Z
FB__46,FB,1326801,2015-01-28,2015-01-28T21:03:42.000Z
FI__47,FI,798354,2026-08-06,2026-08-06T15:15:24.000Z
FI__47,FI,798354,2026-05-05,2026-05-05T15:14:46.000Z
FI__47,FI,798354,2026-02-10,2026-02-10T17:15:47.000Z
FI__47,FI,798354,2025-10-29,2025-10-29T15:15:26.000Z
FI__47,FI,798354,2025-07-23,2025-07-23T15:15:05.000Z
FI__47,FI,798354,2025-04-24,2025-04-24T15:09:27.000Z
FI__47,FI,798354,2025-02-05,2025-02-05T17:13:52.000Z
FI__47,FI,798354,2024-10-22,2024-10-22T15:15:39.000Z
FI__47,FI,798354,2024-07-24,2024-07-24T15:13:04.000Z
FI__47,FI,798354,2024-04-23,2024-04-23T15:14:03.000Z
FI__47,FI,798354,2024-03-26,2024-03-27T01:08:02.000Z
FI__47,FI,798354,2024-02-06,2024-02-06T17:18:30.000Z
FI__47,FI,798354,2023-11-15,2023-11-15T16:36:03.000Z
FI__47,FI,798354,2023-10-24,2023-10-24T15:14:53.000Z
FI__47,FI,798354,2023-07-26,2023-07-26T15:09:53.000Z
FI__47,FI,798354,2023-04-25,2023-04-25T15:29:50.000Z
FI__47,FI,798354,2023-02-07,2023-02-07T17:16:36.000Z
FI__47,FI,798354,2022-10-27,2022-10-27T15:18:31.000Z
FI__47,FI,798354,2022-07-26,2022-07-26T15:21:41.000Z
FI__47,FI,798354,2022-04-27,2022-04-27T15:26:13.000Z
FI__47,FI,798354,2022-02-08,2022-02-08T17:22:07.000Z
FI__47,FI,798354,2021-10-27,2021-10-27T15:26:14.000Z
FI__47,FI,798354,2021-07-27,2021-07-27T15:25:02.000Z
FI__47,FI,798354,2021-04-27,2021-04-27T15:15:09.000Z
FI__47,FI,798354,2021-02-09,2021-02-10T02:13:17.000Z
FI__47,FI,798354,2020-10-27,2020-10-28T00:29:15.000Z
FI__47,FI,798354,2020-08-05,2020-08-06T00:24:04.000Z
FI__47,FI,798354,2020-05-07,2020-05-08T00:29:38.000Z
FI__47,FI,798354,2020-04-01,2020-04-02T00:33:43.000Z
FI__47,FI,798354,2020-02-04,2020-02-05T02:15:00.000Z
FI__47,FI,798354,2019-11-06,2019-11-07T02:24:09.000Z
FI__47,FI,798354,2019-10-03,2019-10-04T00:31:22.000Z
FI__47,FI,798354,2019-07-25,2019-07-26T00:24:36.000Z
FI__47,FI,798354,2019-04-30,2019-05-01T00:20:40.000Z
FI__47,FI,798354,2019-02-07,2019-02-08T02:16:31.000Z
FI__47,FI,798354,2019-01-16,2019-01-16T18:12:42.000Z
FI__47,FI,798354,2018-10-31,2018-11-01T00:21:11.000Z
FI__47,FI,798354,2018-07-31,2018-08-01T00:24:40.000Z
FI__47,FI,798354,2018-05-01,2018-05-02T00:22:38.000Z
FI__47,FI,798354,2018-02-07,2018-02-08T02:16:17.000Z
FI__47,FI,798354,2017-10-31,2017-11-01T00:15:07.000Z
FI__47,FI,798354,2017-08-01,2017-08-02T00:19:22.000Z
FI__47,FI,798354,2017-04-26,2017-04-27T00:13:53.000Z
FI__47,FI,798354,2017-02-08,2017-02-09T02:19:41.000Z
FI__47,FI,798354,2016-10-26,2016-10-27T00:18:38.000Z
FI__47,FI,798354,2016-08-02,2016-08-03T00:14:28.000Z
FI__47,FI,798354,2016-05-05,2016-05-06T00:15:36.000Z
FI__47,FI,798354,2016-02-02,2016-02-03T02:14:54.000Z
FI__47,FI,798354,2015-10-27,2015-10-28T00:18:06.000Z
FI__47,FI,798354,2015-07-29,2015-07-30T00:19:59.000Z
FI__47,FI,798354,2015-05-05,2015-05-06T00:21:02.000Z
FI__47,FI,798354,2015-02-03,2015-02-04T02:27:00.000Z
FLIR__48,FLIR,354908,2021-05-06,2021-05-06T07:32:12.000Z
FLIR__48,FLIR,354908,2021-02-25,2021-02-25T07:35:49.000Z
FLIR__48,FLIR,354908,2021-01-04,2021-01-04T07:35:31.000Z
FLIR__48,FLIR,354908,2020-10-30,2020-10-30T07:36:30.000Z
FLIR__48,FLIR,354908,2020-08-06,2020-08-06T07:36:39.000Z
FLIR__48,FLIR,354908,2020-07-15,2020-07-15T08:38:31.000Z
FLIR__48,FLIR,354908,2020-05-06,2020-05-06T07:36:21.000Z
FLIR__48,FLIR,354908,2020-02-27,2020-02-27T07:36:02.000Z
FLIR__48,FLIR,354908,2019-10-31,2019-10-31T07:32:04.000Z
FLIR__48,FLIR,354908,2019-07-24,2019-07-24T07:30:30.000Z
FLIR__48,FLIR,354908,2019-04-24,2019-04-24T07:30:25.000Z
FLIR__48,FLIR,354908,2019-02-13,2019-02-13T07:30:29.000Z
FLIR__48,FLIR,354908,2018-10-30,2018-10-30T07:30:26.000Z
FLIR__48,FLIR,354908,2018-07-25,2018-07-25T07:30:24.000Z
FLIR__48,FLIR,354908,2018-04-25,2018-04-25T07:30:44.000Z
FLIR__48,FLIR,354908,2018-02-14,2018-02-14T07:30:18.000Z
FLIR__48,FLIR,354908,2017-10-25,2017-10-25T07:35:13.000Z
FLIR__48,FLIR,354908,2017-07-26,2017-07-26T07:30:13.000Z
FLIR__48,FLIR,354908,2017-04-26,2017-04-26T07:30:39.000Z
FLIR__48,FLIR,354908,2017-02-14,2017-02-14T07:38:43.000Z
FLIR__48,FLIR,354908,2016-10-26,2016-10-26T07:31:23.000Z
FLIR__48,FLIR,354908,2016-07-27,2016-07-27T07:01:37.000Z
FLIR__48,FLIR,354908,2016-04-26,2016-04-26T07:34:38.000Z
FLIR__48,FLIR,354908,2016-02-11,2016-02-11T07:30:51.000Z
FLIR__48,FLIR,354908,2015-10-28,2015-10-28T07:32:04.000Z
FLIR__48,FLIR,354908,2015-07-24,2015-07-24T07:32:50.000Z
FLIR__48,FLIR,354908,2015-04-24,2015-04-24T07:30:59.000Z
FLIR__48,FLIR,354908,2015-02-06,2015-02-06T07:31:00.000Z
FOX__49,FOX,1308161,2019-02-06,2019-02-06T08:11:31.000Z
FOX__49,FOX,1308161,2018-11-07,2018-11-07T08:18:57.000Z
FOX__49,FOX,1308161,2018-08-08,2018-08-08T16:09:35.000Z
FOX__49,FOX,1308161,2018-05-09,2018-05-09T16:12:04.000Z
FOX__49,FOX,1308161,2018-02-07,2018-02-07T16:10:11.000Z
FOX__49,FOX,1308161,2017-11-08,2017-11-08T16:09:03.000Z
FOX__49,FOX,1308161,2017-08-09,2017-08-09T16:05:03.000Z
FOX__49,FOX,1308161,2017-05-10,2017-05-10T16:04:56.000Z
FOX__49,FOX,1308161,2017-02-06,2017-02-06T16:04:03.000Z
FOX__49,FOX,1308161,2016-11-02,2016-11-02T16:05:56.000Z
FOX__49,FOX,1308161,2016-08-03,2016-08-03T16:05:56.000Z
FOX__49,FOX,1308161,2016-05-04,2016-05-04T16:07:11.000Z
FOX__49,FOX,1308161,2016-02-08,2016-02-08T16:05:01.000Z
FOX__49,FOX,1308161,2015-11-04,2015-11-04T07:34:06.000Z
FOX__49,FOX,1308161,2015-08-05,2015-08-05T16:06:36.000Z
FOX__49,FOX,1308161,2015-05-06,2015-05-06T16:07:06.000Z
FOX__49,FOX,1308161,2015-02-04,2015-02-04T16:08:35.000Z
FOX__50,FOX,1754301,2026-08-06,2026-08-06T16:05:58.000Z
FOX__50,FOX,1754301,2026-05-11,2026-05-11T16:08:54.000Z
FOX__50,FOX,1754301,2026-02-04,2026-02-04T18:03:26.000Z
FOX__50,FOX,1754301,2025-10-30,2025-10-30T15:35:08.000Z
FOX__50,FOX,1754301,2025-08-05,2025-08-05T16:04:50.000Z
FOX__50,FOX,1754301,2025-05-12,2025-05-12T16:04:21.000Z
FOX__50,FOX,1754301,2025-02-04,2025-02-04T18:04:32.000Z
FOX__50,FOX,1754301,2024-11-04,2024-11-04T18:03:25.000Z
FOX__50,FOX,1754301,2024-08-06,2024-08-06T15:35:51.000Z
FOX__50,FOX,1754301,2024-05-08,2024-05-08T16:04:48.000Z
FOX__50,FOX,1754301,2024-02-07,2024-02-07T18:06:07.000Z
FOX__50,FOX,1754301,2023-11-02,2023-11-02T15:32:45.000Z
FOX__50,FOX,1754301,2023-08-08,2023-08-08T16:06:01.000Z
FOX__50,FOX,1754301,2023-05-09,2023-05-09T16:05:05.000Z
FOX__50,FOX,1754301,2023-02-08,2023-02-08T18:12:58.000Z
FOX__50,FOX,1754301,2022-11-01,2022-11-01T16:09:06.000Z
FOX__50,FOX,1754301,2022-08-10,2022-08-10T16:08:06.000Z
FOX__50,FOX,1754301,2022-05-10,2022-05-10T16:07:35.000Z
FOX__50,FOX,1754301,2022-02-09,2022-02-09T18:10:05.000Z
FOX__50,FOX,1754301,2021-11-03,2021-11-04T00:14:18.000Z
FOX__50,FOX,1754301,2021-08-04,2021-08-05T00:11:04.000Z
FOX__50,FOX,1754301,2021-05-05,2021-05-06T00:03:38.000Z
FOX__50,FOX,1754301,2021-02-09,2021-02-09T18:05:03.000Z
FOX__50,FOX,1754301,2020-11-03,2020-11-03T18:08:04.000Z
FOX__50,FOX,1754301,2020-08-04,2020-08-05T00:11:21.000Z
FOX__50,FOX,1754301,2020-05-06,2020-05-07T00:11:50.000Z
FOX__50,FOX,1754301,2020-02-05,2020-02-06T02:07:53.000Z
FOX__50,FOX,1754301,2019-11-06,2019-11-07T02:09:20.000Z
FOX__50,FOX,1754301,2019-08-07,2019-08-08T00:08:03.000Z
FOX__50,FOX,1754301,2019-05-08,2019-05-09T01:06:32.000Z
FOX__50,FOX,1754301,2019-04-08,2019-04-08T16:31:05.000Z
FOXA__51,FOXA,1308161,2019-02-06,2019-02-06T08:11:31.000Z
FOXA__51,FOXA,1308161,2018-11-07,2018-11-07T08:18:57.000Z
FOXA__51,FOXA,1308161,2018-08-08,2018-08-08T16:09:35.000Z
FOXA__51,FOXA,1308161,2018-05-09,2018-05-09T16:12:04.000Z
FOXA__51,FOXA,1308161,2018-02-07,2018-02-07T16:10:11.000Z
FOXA__51,FOXA,1308161,2017-11-08,2017-11-08T16:09:03.000Z
FOXA__51,FOXA,1308161,2017-08-09,2017-08-09T16:05:03.000Z
FOXA__51,FOXA,1308161,2017-05-10,2017-05-10T16:04:56.000Z
FOXA__51,FOXA,1308161,2017-02-06,2017-02-06T16:04:03.000Z
FOXA__51,FOXA,1308161,2016-11-02,2016-11-02T16:05:56.000Z
FOXA__51,FOXA,1308161,2016-08-03,2016-08-03T16:05:56.000Z
FOXA__51,FOXA,1308161,2016-05-04,2016-05-04T16:07:11.000Z
FOXA__51,FOXA,1308161,2016-02-08,2016-02-08T16:05:01.000Z
FOXA__51,FOXA,1308161,2015-11-04,2015-11-04T07:34:06.000Z
FOXA__51,FOXA,1308161,2015-08-05,2015-08-05T16:06:36.000Z
FOXA__51,FOXA,1308161,2015-05-06,2015-05-06T16:07:06.000Z
FOXA__51,FOXA,1308161,2015-02-04,2015-02-04T16:08:35.000Z
FOXA__52,FOXA,1754301,2026-08-06,2026-08-06T16:05:58.000Z
FOXA__52,FOXA,1754301,2026-05-11,2026-05-11T16:08:54.000Z
FOXA__52,FOXA,1754301,2026-02-04,2026-02-04T18:03:26.000Z
FOXA__52,FOXA,1754301,2025-10-30,2025-10-30T15:35:08.000Z
FOXA__52,FOXA,1754301,2025-08-05,2025-08-05T16:04:50.000Z
FOXA__52,FOXA,1754301,2025-05-12,2025-05-12T16:04:21.000Z
FOXA__52,FOXA,1754301,2025-02-04,2025-02-04T18:04:32.000Z
FOXA__52,FOXA,1754301,2024-11-04,2024-11-04T18:03:25.000Z
FOXA__52,FOXA,1754301,2024-08-06,2024-08-06T15:35:51.000Z
FOXA__52,FOXA,1754301,2024-05-08,2024-05-08T16:04:48.000Z
FOXA__52,FOXA,1754301,2024-02-07,2024-02-07T18:06:07.000Z
FOXA__52,FOXA,1754301,2023-11-02,2023-11-02T15:32:45.000Z
FOXA__52,FOXA,1754301,2023-08-08,2023-08-08T16:06:01.000Z
FOXA__52,FOXA,1754301,2023-05-09,2023-05-09T16:05:05.000Z
FOXA__52,FOXA,1754301,2023-02-08,2023-02-08T18:12:58.000Z
FOXA__52,FOXA,1754301,2022-11-01,2022-11-01T16:09:06.000Z
FOXA__52,FOXA,1754301,2022-08-10,2022-08-10T16:08:06.000Z
FOXA__52,FOXA,1754301,2022-05-10,2022-05-10T16:07:35.000Z
FOXA__52,FOXA,1754301,2022-02-09,2022-02-09T18:10:05.000Z
FOXA__52,FOXA,1754301,2021-11-03,2021-11-04T00:14:18.000Z
FOXA__52,FOXA,1754301,2021-08-04,2021-08-05T00:11:04.000Z
FOXA__52,FOXA,1754301,2021-05-05,2021-05-06T00:03:38.000Z
FOXA__52,FOXA,1754301,2021-02-09,2021-02-09T18:05:03.000Z
FOXA__52,FOXA,1754301,2020-11-03,2020-11-03T18:08:04.000Z
FOXA__52,FOXA,1754301,2020-08-04,2020-08-05T00:11:21.000Z
FOXA__52,FOXA,1754301,2020-05-06,2020-05-07T00:11:50.000Z
FOXA__52,FOXA,1754301,2020-02-05,2020-02-06T02:07:53.000Z
FOXA__52,FOXA,1754301,2019-11-06,2019-11-07T02:09:20.000Z
FOXA__52,FOXA,1754301,2019-08-07,2019-08-08T00:08:03.000Z
FOXA__52,FOXA,1754301,2019-05-08,2019-05-09T01:06:32.000Z
FOXA__52,FOXA,1754301,2019-04-08,2019-04-08T16:31:05.000Z
FTR__54,FTR,20520,2025-10-28,2025-10-28T16:21:17.000Z
FTR__54,FTR,20520,2025-07-29,2025-07-29T16:19:19.000Z
FTR__54,FTR,20520,2025-04-29,2025-04-29T16:12:19.000Z
FTR__54,FTR,20520,2025-02-20,2025-02-20T16:20:25.000Z
FTR__54,FTR,20520,2024-11-05,2024-11-05T16:39:26.000Z
FTR__54,FTR,20520,2024-08-02,2024-08-02T07:17:09.000Z
FTR__54,FTR,20520,2024-05-03,2024-05-03T07:05:57.000Z
FTR__54,FTR,20520,2024-02-23,2024-02-23T07:23:37.000Z
FTR__54,FTR,20520,2023-11-01,2023-11-01T07:14:42.000Z
FTR__54,FTR,20520,2023-08-04,2023-08-04T07:46:30.000Z
FTR__54,FTR,20520,2023-05-05,2023-05-05T07:09:36.000Z
FTR__54,FTR,20520,2023-02-24,2023-02-24T07:21:59.000Z
FTR__54,FTR,20520,2022-11-02,2022-11-02T07:22:38.000Z
FTR__54,FTR,20520,2022-08-05,2022-08-05T07:14:28.000Z
FTR__54,FTR,20520,2022-05-06,2022-05-06T07:24:27.000Z
FTR__54,FTR,20520,2022-02-23,2022-02-23T07:16:48.000Z
FTR__54,FTR,20520,2021-11-03,2021-11-03T07:15:31.000Z
FTR__54,FTR,20520,2021-08-05,2021-08-05T08:11:36.000Z
FTR__54,FTR,20520,2021-04-30,2021-04-30T09:03:54.000Z
FTR__54,FTR,20520,2021-03-03,2021-03-03T17:12:20.000Z
FTR__54,FTR,20520,2020-11-04,2020-11-04T17:13:10.000Z
FTR__54,FTR,20520,2020-08-07,2020-08-07T18:07:04.000Z
FTR__54,FTR,20520,2020-05-06,2020-05-06T17:10:48.000Z
FTR__54,FTR,20520,2020-03-27,2020-03-27T08:11:11.000Z
FTR__54,FTR,20520,2019-11-05,2019-11-05T16:17:17.000Z
FTR__54,FTR,20520,2019-08-06,2019-08-06T16:04:44.000Z
FTR__54,FTR,20520,2019-04-30,2019-04-30T16:16:07.000Z
FTR__54,FTR,20520,2019-02-26,2019-02-26T16:13:09.000Z
FTR__54,FTR,20520,2018-11-06,2018-11-06T16:05:05.000Z
FTR__54,FTR,20520,2018-07-31,2018-07-31T16:07:12.000Z
FTR__54,FTR,20520,2018-05-01,2018-05-01T16:02:00.000Z
FTR__54,FTR,20520,2018-02-27,2018-02-27T16:08:12.000Z
FTR__54,FTR,20520,2017-10-31,2017-10-31T16:07:07.000Z
FTR__54,FTR,20520,2017-08-01,2017-08-01T16:19:10.000Z
FTR__54,FTR,20520,2017-05-02,2017-05-02T16:44:40.000Z
FTR__54,FTR,20520,2017-02-27,2017-02-27T16:15:59.000Z
FTR__54,FTR,20520,2016-11-01,2016-11-01T16:08:43.000Z
FTR__54,FTR,20520,2016-08-01,2016-08-01T16:12:00.000Z
FTR__54,FTR,20520,2016-05-03,2016-05-03T07:57:28.000Z
FTR__54,FTR,20520,2016-02-23,2016-02-23T07:44:16.000Z
FTR__54,FTR,20520,2015-11-03,2015-11-03T08:06:52.000Z
FTR__54,FTR,20520,2015-08-03,2015-08-03T07:36:54.000Z
FTR__54,FTR,20520,2015-05-05,2015-05-05T16:10:16.000Z
FTR__54,FTR,20520,2015-02-19,2015-02-19T16:05:48.000Z
FTR__54,FTR,20520,2015-02-06,2015-02-06T16:31:24.000Z
GAS__55,GAS,1004155,2026-07-30,2026-07-30T12:12:10.000Z
GAS__55,GAS,1004155,2026-04-30,2026-04-30T12:08:51.000Z
GAS__55,GAS,1004155,2026-02-19,2026-02-19T13:10:28.000Z
GAS__55,GAS,1004155,2025-10-30,2025-10-30T12:12:10.000Z
GAS__55,GAS,1004155,2025-07-31,2025-07-31T12:12:11.000Z
GAS__55,GAS,1004155,2025-05-01,2025-05-01T12:11:40.000Z
GAS__55,GAS,1004155,2025-02-20,2025-02-20T13:13:08.000Z
GAS__55,GAS,1004155,2024-10-31,2024-10-31T12:15:07.000Z
GAS__55,GAS,1004155,2024-08-01,2024-08-01T12:12:57.000Z
GAS__55,GAS,1004155,2024-05-02,2024-05-02T12:10:47.000Z
GAS__55,GAS,1004155,2024-02-15,2024-02-15T13:16:21.000Z
GAS__55,GAS,1004155,2023-11-02,2023-11-02T12:17:32.000Z
GAS__55,GAS,1004155,2023-08-03,2023-08-03T12:12:23.000Z
GAS__55,GAS,1004155,2023-04-27,2023-04-27T12:12:27.000Z
GAS__55,GAS,1004155,2023-02-16,2023-02-16T13:20:06.000Z
GAS__55,GAS,1004155,2022-10-27,2022-10-27T12:13:41.000Z
GAS__55,GAS,1004155,2022-07-28,2022-07-28T12:13:54.000Z
GAS__55,GAS,1004155,2022-04-28,2022-04-28T12:17:15.000Z
GAS__55,GAS,1004155,2022-02-17,2022-02-17T13:12:27.000Z
GAS__55,GAS,1004155,2021-11-04,2021-11-04T12:21:30.000Z
GAS__55,GAS,1004155,2021-07-29,2021-07-29T12:13:13.000Z
GAS__55,GAS,1004155,2021-04-29,2021-04-29T12:15:11.000Z
GAS__55,GAS,1004155,2021-02-18,2021-02-18T13:23:40.000Z
GAS__55,GAS,1004155,2020-10-29,2020-10-29T12:42:20.000Z
GAS__55,GAS,1004155,2020-07-30,2020-07-30T12:42:25.000Z
GAS__55,GAS,1004155,2020-04-30,2020-04-30T12:26:03.000Z
GAS__55,GAS,1004155,2020-02-20,2020-02-20T13:38:25.000Z
GAS__55,GAS,1004155,2019-10-30,2019-10-30T11:06:29.000Z
GAS__55,GAS,1004155,2019-07-31,2019-07-31T11:04:19.000Z
GAS__55,GAS,1004155,2019-05-01,2019-05-01T11:02:29.000Z
GAS__55,GAS,1004155,2019-02-20,2019-02-20T12:06:11.000Z
GAS__55,GAS,1004155,2018-11-07,2018-11-07T12:11:46.000Z
GAS__55,GAS,1004155,2018-08-08,2018-08-08T11:03:59.000Z
GAS__55,GAS,1004155,2018-05-02,2018-05-02T12:31:59.000Z
GAS__55,GAS,1004155,2018-02-21,2018-02-21T13:13:38.000Z
GAS__55,GAS,1004155,2017-11-01,2017-11-01T12:23:22.000Z
GAS__55,GAS,1004155,2017-08-02,2017-08-02T12:37:54.000Z
GAS__55,GAS,1004155,2017-05-03,2017-05-03T12:21:03.000Z
GAS__55,GAS,1004155,2017-02-22,2017-02-22T13:54:54.000Z
GAS__55,GAS,1004155,2016-10-31,2016-10-31T11:52:32.000Z
GAS__55,GAS,1004155,2016-05-04,2016-05-04T12:22:01.000Z
GAS__55,GAS,1004155,2016-02-11,2016-02-11T13:41:29.000Z
GAS__55,GAS,1004155,2015-11-09,2015-11-09T13:25:29.000Z
GAS__55,GAS,1004155,2015-07-29,2015-07-28T21:41:59.000Z
GAS__55,GAS,1004155,2015-04-28,2015-04-28T12:16:06.000Z
GAS__55,GAS,1004155,2015-02-12,2015-02-12T13:09:46.000Z
GGP__56,GGP,1496048,2021-05-07,2021-05-07T06:03:27.000Z
GGP__56,GGP,1496048,2021-02-02,2021-02-02T07:30:37.000Z
GGP__56,GGP,1496048,2020-11-06,2020-11-06T08:54:09.000Z
GGP__56,GGP,1496048,2020-08-06,2020-08-06T07:00:31.000Z
GGP__56,GGP,1496048,2020-05-08,2020-05-08T06:09:20.000Z
GGP__56,GGP,1496048,2020-02-05,2020-02-05T07:00:51.000Z
GGP__56,GGP,1496048,2019-11-06,2019-11-06T07:00:52.000Z
GGP__56,GGP,1496048,2019-08-02,2019-08-02T08:28:45.000Z
GGP__56,GGP,1496048,2019-05-06,2019-05-06T06:55:59.000Z
GGP__56,GGP,1496048,2019-02-07,2019-02-07T11:41:34.000Z
GGP__56,GGP,1496048,2018-11-01,2018-11-01T08:13:10.000Z
GGP__56,GGP,1496048,2018-07-31,2018-07-31T07:01:11.000Z
GGP__56,GGP,1496048,2018-05-03,2018-05-03T07:00:19.000Z
GGP__56,GGP,1496048,2018-02-07,2018-02-07T07:00:24.000Z
GGP__56,GGP,1496048,2017-10-31,2017-10-31T07:00:21.000Z
GGP__56,GGP,1496048,2017-08-02,2017-08-02T06:30:20.000Z
GGP__56,GGP,1496048,2017-05-01,2017-05-01T07:00:23.000Z
GGP__56,GGP,1496048,2017-01-30,2017-01-30T16:01:33.000Z
GGP__56,GGP,1496048,2016-10-31,2016-10-31T16:01:18.000Z
GGP__56,GGP,1496048,2016-08-01,2016-08-01T16:01:25.000Z
GGP__56,GGP,1496048,2016-05-02,2016-05-02T16:01:17.000Z
GGP__56,GGP,1496048,2016-02-01,2016-02-01T16:01:21.000Z
GGP__56,GGP,1496048,2015-11-02,2015-11-02T16:01:27.000Z
GGP__56,GGP,1496048,2015-08-03,2015-08-03T16:01:32.000Z
GGP__56,GGP,1496048,2015-04-27,2015-04-27T16:00:36.000Z
GGP__56,GGP,1496048,2015-01-28,2015-01-28T16:02:10.000Z
GMCR__57,GMCR,909954,2015-11-18,2015-11-18T16:10:31.000Z
GMCR__57,GMCR,909954,2015-08-05,2015-08-05T16:05:23.000Z
GMCR__57,GMCR,909954,2015-05-06,2015-05-06T16:05:50.000Z
GMCR__57,GMCR,909954,2015-02-04,2015-02-04T16:06:28.000Z
HAR__58,HAR,800459,2017-01-26,2017-01-26T08:26:02.000Z
HAR__58,HAR,800459,2016-11-03,2016-11-03T08:14:02.000Z
HAR__58,HAR,800459,2016-08-04,2016-08-04T08:18:05.000Z
HAR__58,HAR,800459,2016-04-28,2016-04-28T08:17:39.000Z
HAR__58,HAR,800459,2016-01-28,2016-01-28T08:20:59.000Z
HAR__58,HAR,800459,2015-10-29,2015-10-29T08:18:54.000Z
HAR__58,HAR,800459,2015-08-04,2015-08-04T08:12:34.000Z
HAR__58,HAR,800459,2015-04-30,2015-04-30T08:15:52.000Z
HAR__58,HAR,800459,2015-01-29,2015-01-29T08:14:07.000Z
HCP__59,HCP,765880,2026-08-04,2026-08-04T20:19:14.000Z
HCP__59,HCP,765880,2026-05-05,2026-05-05T20:16:40.000Z
HCP__59,HCP,765880,2026-02-02,2026-02-02T21:18:02.000Z
HCP__59,HCP,765880,2025-10-23,2025-10-23T20:17:48.000Z
HCP__59,HCP,765880,2025-07-24,2025-07-24T20:17:08.000Z
HCP__59,HCP,765880,2025-04-24,2025-04-24T20:19:36.000Z
HCP__59,HCP,765880,2025-02-03,2025-02-03T21:16:51.000Z
HCP__59,HCP,765880,2024-10-24,2024-10-24T20:17:12.000Z
HCP__59,HCP,765880,2024-07-25,2024-07-25T20:17:10.000Z
HCP__59,HCP,765880,2024-04-25,2024-04-25T20:16:52.000Z
HCP__59,HCP,765880,2024-02-08,2024-02-08T21:19:27.000Z
HCP__59,HCP,765880,2023-10-30,2023-10-30T11:07:31.000Z
HCP__59,HCP,765880,2023-07-27,2023-07-27T20:17:16.000Z
HCP__59,HCP,765880,2023-04-27,2023-04-27T20:19:26.000Z
HCP__59,HCP,765880,2023-02-07,2023-02-07T21:33:31.000Z
HCP__59,HCP,765880,2022-11-01,2022-11-01T20:20:44.000Z
HCP__59,HCP,765880,2022-08-02,2022-08-02T20:19:02.000Z
HCP__59,HCP,765880,2022-05-03,2022-05-03T20:18:48.000Z
HCP__59,HCP,765880,2022-02-08,2022-02-08T21:20:23.000Z
HCP__59,HCP,765880,2021-11-02,2021-11-02T20:19:29.000Z
HCP__59,HCP,765880,2021-08-03,2021-08-03T20:22:01.000Z
HCP__59,HCP,765880,2021-05-04,2021-05-04T20:25:33.000Z
HCP__59,HCP,765880,2021-02-09,2021-02-09T21:19:09.000Z
HCP__59,HCP,765880,2020-11-02,2020-11-02T21:21:47.000Z
HCP__59,HCP,765880,2020-08-04,2020-08-04T20:24:55.000Z
HCP__59,HCP,765880,2020-05-05,2020-05-05T20:21:01.000Z
HCP__59,HCP,765880,2020-02-11,2020-02-11T21:19:50.000Z
HCP__59,HCP,765880,2019-10-30,2019-10-30T20:25:09.000Z
HCP__59,HCP,765880,2019-07-31,2019-07-31T20:27:52.000Z
HCP__59,HCP,765880,2019-05-01,2019-05-01T20:25:13.000Z
HCP__59,HCP,765880,2019-02-13,2019-02-13T21:23:15.000Z
HCP__59,HCP,765880,2018-10-31,2018-10-31T12:03:02.000Z
HCP__59,HCP,765880,2018-08-02,2018-08-02T12:10:41.000Z
HCP__59,HCP,765880,2018-05-03,2018-05-03T12:03:48.000Z
HCP__59,HCP,765880,2018-02-13,2018-02-13T13:06:46.000Z
HCP__59,HCP,765880,2017-11-02,2017-11-02T11:12:01.000Z
HCP__59,HCP,765880,2017-08-01,2017-08-01T12:07:26.000Z
HCP__59,HCP,765880,2017-05-02,2017-05-02T12:30:47.000Z
HCP__59,HCP,765880,2017-02-13,2017-02-13T13:30:45.000Z
HCP__59,HCP,765880,2016-11-01,2016-11-01T12:30:55.000Z
HCP__59,HCP,765880,2016-08-09,2016-08-09T12:28:55.000Z
HCP__59,HCP,765880,2016-05-09,2016-05-09T10:12:05.000Z
HCP__59,HCP,765880,2016-02-09,2016-02-09T13:30:44.000Z
HCP__59,HCP,765880,2015-11-03,2015-11-03T13:30:03.000Z
HCP__59,HCP,765880,2015-08-04,2015-08-04T12:30:41.000Z
HCP__59,HCP,765880,2015-05-05,2015-05-05T12:31:39.000Z
HCP__59,HCP,765880,2015-02-10,2015-02-10T13:30:40.000Z
HFC__60,HFC,48039,2022-02-23,2022-02-23T06:35:53.000Z
HFC__60,HFC,48039,2021-11-03,2021-11-03T06:36:25.000Z
HFC__60,HFC,48039,2021-08-03,2021-08-03T06:17:46.000Z
HFC__60,HFC,48039,2021-05-05,2021-05-05T06:05:42.000Z
HFC__60,HFC,48039,2021-02-24,2021-02-24T06:24:54.000Z
HFC__60,HFC,48039,2020-11-05,2020-11-05T06:19:55.000Z
HFC__60,HFC,48039,2020-08-06,2020-08-06T06:54:36.000Z
HFC__60,HFC,48039,2020-05-07,2020-05-07T06:27:58.000Z
HFC__60,HFC,48039,2020-04-08,2020-04-08T06:46:12.000Z
HFC__60,HFC,48039,2020-02-20,2020-02-20T06:30:09.000Z
HFC__60,HFC,48039,2019-10-31,2019-10-31T06:28:29.000Z
HFC__60,HFC,48039,2019-08-01,2019-08-01T06:13:52.000Z
HFC__60,HFC,48039,2019-05-02,2019-05-02T06:03:40.000Z
HFC__60,HFC,48039,2019-02-20,2019-02-20T06:12:28.000Z
HFC__60,HFC,48039,2018-10-31,2018-10-31T06:27:18.000Z
HFC__60,HFC,48039,2018-08-02,2018-08-02T06:18:04.000Z
HFC__60,HFC,48039,2018-05-02,2018-05-02T06:18:33.000Z
HFC__60,HFC,48039,2018-03-02,2018-03-01T18:56:56.000Z
HFC__60,HFC,48039,2018-02-21,2018-02-21T06:33:33.000Z
HFC__60,HFC,48039,2017-11-01,2017-11-01T06:34:48.000Z
HFC__60,HFC,48039,2017-08-02,2017-08-02T06:40:19.000Z
HFC__60,HFC,48039,2017-05-03,2017-05-03T06:32:58.000Z
HFC__60,HFC,48039,2017-02-22,2017-02-22T06:43:06.000Z
HFC__60,HFC,48039,2016-11-03,2016-11-03T07:08:06.000Z
HFC__60,HFC,48039,2016-08-03,2016-08-03T06:36:34.000Z
HFC__60,HFC,48039,2016-05-04,2016-05-04T06:34:51.000Z
HFC__60,HFC,48039,2016-02-24,2016-02-24T06:26:43.000Z
HFC__60,HFC,48039,2015-11-05,2015-11-05T06:14:16.000Z
HFC__60,HFC,48039,2015-08-05,2015-08-05T07:36:46.000Z
HFC__60,HFC,48039,2015-05-06,2015-05-06T07:34:24.000Z
HFC__60,HFC,48039,2015-02-25,2015-02-25T07:53:08.000Z
HOT__61,HOT,316206,2016-07-26,2016-07-26T06:30:50.000Z
HOT__61,HOT,316206,2016-05-03,2016-05-03T06:30:58.000Z
HOT__61,HOT,316206,2016-02-18,2016-02-18T06:32:27.000Z
HOT__61,HOT,316206,2015-10-28,2015-10-28T08:33:27.000Z
HOT__61,HOT,316206,2015-07-30,2015-07-30T07:00:44.000Z
HOT__61,HOT,316206,2015-04-29,2015-04-29T07:01:01.000Z
HOT__61,HOT,316206,2015-02-10,2015-02-10T07:32:01.000Z
HRS__62,HRS,202058,2026-07-29,2026-07-30T00:08:15.000Z
HRS__62,HRS,202058,2026-04-30,2026-04-30T14:56:47.000Z
HRS__62,HRS,202058,2026-01-29,2026-01-29T16:57:40.000Z
HRS__62,HRS,202058,2025-10-30,2025-10-30T14:55:22.000Z
HRS__62,HRS,202058,2025-07-24,2025-07-24T14:55:38.000Z
HRS__62,HRS,202058,2025-04-24,2025-04-24T14:55:27.000Z
HRS__62,HRS,202058,2025-01-30,2025-01-30T17:00:30.000Z
HRS__62,HRS,202058,2024-10-24,2024-10-25T00:05:23.000Z
HRS__62,HRS,202058,2024-07-25,2024-07-26T00:05:52.000Z
HRS__62,HRS,202058,2024-04-25,2024-04-26T00:07:19.000Z
HRS__62,HRS,202058,2024-01-25,2024-01-26T02:05:30.000Z
HRS__62,HRS,202058,2023-10-26,2023-10-27T00:14:38.000Z
HRS__62,HRS,202058,2023-07-26,2023-07-27T00:38:06.000Z
HRS__62,HRS,202058,2023-04-27,2023-04-28T00:01:59.000Z
HRS__62,HRS,202058,2023-01-26,2023-01-27T02:02:14.000Z
HRS__62,HRS,202058,2022-10-27,2022-10-28T00:17:40.000Z
HRS__62,HRS,202058,2022-07-28,2022-07-29T00:16:33.000Z
HRS__62,HRS,202058,2022-04-28,2022-04-29T00:19:29.000Z
HRS__62,HRS,202058,2022-01-31,2022-01-31T16:34:03.000Z
HRS__62,HRS,202058,2022-01-14,2022-01-15T03:20:17.000Z
HRS__62,HRS,202058,2021-10-29,2021-10-29T14:38:24.000Z
HRS__62,HRS,202058,2021-08-03,2021-08-03T14:46:42.000Z
HRS__62,HRS,202058,2021-04-30,2021-04-30T14:40:20.000Z
HRS__62,HRS,202058,2021-01-29,2021-01-29T16:37:19.000Z
HRS__62,HRS,202058,2020-10-30,2020-10-30T15:08:57.000Z
HRS__62,HRS,202058,2020-07-31,2020-07-31T16:37:34.000Z
HRS__62,HRS,202058,2020-05-05,2020-05-05T14:36:48.000Z
HRS__62,HRS,202058,2020-02-04,2020-02-04T16:45:03.000Z
HRS__62,HRS,202058,2019-10-30,2019-10-30T14:36:38.000Z
HRS__62,HRS,202058,2019-07-31,2019-07-31T14:42:14.000Z
HRS__62,HRS,202058,2019-07-01,2019-07-02T00:11:22.000Z
HRS__62,HRS,202058,2019-05-01,2019-05-01T14:41:00.000Z
HRS__62,HRS,202058,2019-01-29,2019-01-29T16:42:06.000Z
HRS__62,HRS,202058,2018-10-15,2018-10-15T14:47:59.000Z
HRS__62,HRS,202058,2018-07-31,2018-07-31T14:55:55.000Z
HRS__62,HRS,202058,2018-05-02,2018-05-02T14:45:17.000Z
HRS__62,HRS,202058,2018-01-30,2018-01-30T16:41:33.000Z
HRS__62,HRS,202058,2017-10-31,2017-10-31T14:42:59.000Z
HRS__62,HRS,202058,2017-08-01,2017-08-01T22:45:40.000Z
HRS__62,HRS,202058,2017-08-01,2017-08-01T14:43:02.000Z
HRS__62,HRS,202058,2017-05-03,2017-05-03T14:50:06.000Z
HRS__62,HRS,202058,2017-02-02,2017-02-02T16:51:36.000Z
HRS__62,HRS,202058,2016-11-01,2016-11-01T14:44:48.000Z
HRS__62,HRS,202058,2016-08-02,2016-08-02T14:55:14.000Z
HRS__62,HRS,202058,2016-05-03,2016-05-03T14:49:54.000Z
HRS__62,HRS,202058,2016-02-02,2016-02-02T16:51:35.000Z
HRS__62,HRS,202058,2015-11-03,2015-11-03T16:51:04.000Z
HRS__62,HRS,202058,2015-11-02,2015-11-03T02:38:54.000Z
HRS__62,HRS,202058,2015-08-07,2015-08-07T14:48:06.000Z
HRS__62,HRS,202058,2015-05-05,2015-05-05T14:43:35.000Z
HRS__62,HRS,202058,2015-04-21,2015-04-21T15:21:00.000Z
HRS__62,HRS,202058,2015-02-06,2015-02-06T16:59:05.000Z
INFO__63,INFO,1598014,2022-01-21,2022-01-21T07:00:34.000Z
INFO__63,INFO,1598014,2021-09-28,2021-09-28T06:00:38.000Z
INFO__63,INFO,1598014,2021-06-23,2021-06-23T06:04:04.000Z
INFO__63,INFO,1598014,2021-03-23,2021-03-23T06:00:39.000Z
INFO__63,INFO,1598014,2021-01-13,2021-01-13T06:00:39.000Z
INFO__63,INFO,1598014,2020-09-29,2020-09-29T07:04:16.000Z
INFO__63,INFO,1598014,2020-06-23,2020-06-23T07:45:38.000Z
INFO__63,INFO,1598014,2020-03-24,2020-03-24T07:45:46.000Z
INFO__63,INFO,1598014,2020-01-14,2020-01-14T06:04:12.000Z
INFO__63,INFO,1598014,2019-09-24,2019-09-24T06:01:06.000Z
INFO__63,INFO,1598014,2019-06-26,2019-06-26T06:02:46.000Z
INFO__63,INFO,1598014,2019-03-26,2019-03-26T06:01:10.000Z
INFO__63,INFO,1598014,2019-01-15,2019-01-15T06:00:55.000Z
INFO__63,INFO,1598014,2018-09-25,2018-09-25T06:03:00.000Z
INFO__63,INFO,1598014,2018-06-26,2018-06-26T06:05:25.000Z
INFO__63,INFO,1598014,2018-03-27,2018-03-27T06:00:19.000Z
INFO__63,INFO,1598014,2018-01-16,2018-01-16T06:01:33.000Z
INFO__63,INFO,1598014,2017-09-26,2017-09-26T06:00:36.000Z
INFO__63,INFO,1598014,2017-06-27,2017-06-27T06:00:37.000Z
INFO__63,INFO,1598014,2017-03-28,2017-03-28T06:00:21.000Z
INFO__63,INFO,1598014,2017-01-17,2017-01-17T06:01:41.000Z
INFO__63,INFO,1598014,2016-09-27,2016-09-27T06:01:20.000Z
IR__64,IR,1466258,2026-07-30,2026-07-30T10:00:44.000Z
IR__64,IR,1466258,2026-04-30,2026-04-30T10:01:21.000Z
IR__64,IR,1466258,2026-01-29,2026-01-29T11:00:43.000Z
IR__64,IR,1466258,2025-10-30,2025-10-30T10:00:49.000Z
IR__64,IR,1466258,2025-07-30,2025-07-30T10:00:48.000Z
IR__64,IR,1466258,2025-04-30,2025-04-30T10:00:27.000Z
IR__64,IR,1466258,2025-01-30,2025-01-30T11:00:34.000Z
IR__64,IR,1466258,2024-10-30,2024-10-30T10:00:35.000Z
IR__64,IR,1466258,2024-07-31,2024-07-31T10:00:38.000Z
IR__64,IR,1466258,2024-04-30,2024-04-30T10:00:39.000Z
IR__64,IR,1466258,2024-02-01,2024-02-01T11:19:44.000Z
IR__64,IR,1466258,2023-11-01,2023-11-01T10:00:31.000Z
IR__64,IR,1466258,2023-08-02,2023-08-02T10:03:31.000Z
IR__64,IR,1466258,2023-05-03,2023-05-03T10:37:19.000Z
IR__64,IR,1466258,2023-02-02,2023-02-02T11:32:54.000Z
IR__64,IR,1466258,2022-11-02,2022-11-02T10:34:31.000Z
IR__64,IR,1466258,2022-08-03,2022-08-03T10:41:19.000Z
IR__64,IR,1466258,2022-05-04,2022-05-04T10:40:51.000Z
IR__64,IR,1466258,2022-01-31,2022-01-31T11:41:10.000Z
IR__64,IR,1466258,2021-11-03,2021-11-03T10:45:35.000Z
IR__64,IR,1466258,2021-08-04,2021-08-04T12:00:23.000Z
IR__64,IR,1466258,2021-05-05,2021-05-05T12:02:14.000Z
IR__64,IR,1466258,2021-02-05,2021-02-05T13:22:57.000Z
IR__64,IR,1466258,2020-10-28,2020-10-28T12:06:31.000Z
IR__64,IR,1466258,2020-07-29,2020-07-29T12:08:02.000Z
IR__64,IR,1466258,2020-05-05,2020-05-05T12:36:05.000Z
IR__64,IR,1466258,2020-01-29,2020-01-29T12:58:40.000Z
IR__64,IR,1466258,2019-10-29,2019-10-29T12:22:34.000Z
IR__64,IR,1466258,2019-07-30,2019-07-30T12:22:00.000Z
IR__64,IR,1466258,2019-04-30,2019-04-30T12:58:31.000Z
IR__64,IR,1466258,2019-01-30,2019-01-30T13:17:08.000Z
IR__64,IR,1466258,2018-10-24,2018-10-24T12:45:34.000Z
IR__64,IR,1466258,2018-07-25,2018-07-25T12:35:43.000Z
IR__64,IR,1466258,2018-04-25,2018-04-25T13:08:19.000Z
IR__64,IR,1466258,2018-01-31,2018-01-31T11:51:36.000Z
IR__64,IR,1466258,2017-10-25,2017-10-25T12:56:42.000Z
IR__64,IR,1466258,2017-07-26,2017-07-26T12:43:34.000Z
IR__64,IR,1466258,2017-04-26,2017-04-26T12:44:30.000Z
IR__64,IR,1466258,2017-02-01,2017-02-01T13:49:54.000Z
IR__64,IR,1466258,2016-10-26,2016-10-26T12:41:53.000Z
IR__64,IR,1466258,2016-07-27,2016-07-27T13:17:05.000Z
IR__64,IR,1466258,2016-04-26,2016-04-26T13:04:58.000Z
IR__64,IR,1466258,2016-02-09,2016-02-09T14:10:09.000Z
IR__64,IR,1466258,2015-10-27,2015-10-27T12:38:21.000Z
IR__64,IR,1466258,2015-07-28,2015-07-28T12:31:26.000Z
IR__64,IR,1466258,2015-04-23,2015-04-23T12:38:20.000Z
IR__64,IR,1466258,2015-01-30,2015-01-30T13:33:44.000Z
IR__65,IR,1699150,2026-07-30,2026-07-30T20:16:30.000Z
IR__65,IR,1699150,2026-04-28,2026-04-28T20:19:58.000Z
IR__65,IR,1699150,2026-02-12,2026-02-12T21:30:17.000Z
IR__65,IR,1699150,2025-10-30,2025-10-30T20:42:26.000Z
IR__65,IR,1699150,2025-07-31,2025-07-31T20:33:22.000Z
IR__65,IR,1699150,2025-05-01,2025-05-01T20:34:04.000Z
IR__65,IR,1699150,2025-02-13,2025-02-13T21:40:09.000Z
IR__65,IR,1699150,2024-10-31,2024-10-31T20:40:14.000Z
IR__65,IR,1699150,2024-07-31,2024-07-31T20:55:42.000Z
IR__65,IR,1699150,2024-05-02,2024-05-02T20:32:33.000Z
IR__65,IR,1699150,2024-02-15,2024-02-15T21:41:57.000Z
IR__65,IR,1699150,2023-11-01,2023-11-01T20:34:38.000Z
IR__65,IR,1699150,2023-08-02,2023-08-02T20:21:22.000Z
IR__65,IR,1699150,2023-05-03,2023-05-03T21:03:01.000Z
IR__65,IR,1699150,2023-02-21,2023-02-21T11:11:11.000Z
IR__65,IR,1699150,2022-11-02,2022-11-02T20:34:00.000Z
IR__65,IR,1699150,2022-08-03,2022-08-03T20:32:45.000Z
IR__65,IR,1699150,2022-05-04,2022-05-04T20:46:54.000Z
IR__65,IR,1699150,2022-02-23,2022-02-23T21:33:17.000Z
IR__65,IR,1699150,2021-11-03,2021-11-03T20:32:59.000Z
IR__65,IR,1699150,2021-07-28,2021-07-28T20:55:06.000Z
IR__65,IR,1699150,2021-04-28,2021-04-28T20:47:08.000Z
IR__65,IR,1699150,2021-02-22,2021-02-22T22:23:43.000Z
IR__65,IR,1699150,2020-11-02,2020-11-02T22:08:48.000Z
IR__65,IR,1699150,2020-08-04,2020-08-04T01:50:32.000Z
IR__65,IR,1699150,2020-05-12,2020-05-12T11:04:51.000Z
IR__65,IR,1699150,2020-02-20,2020-02-20T21:17:01.000Z
IR__65,IR,1699150,2020-01-27,2020-01-27T22:25:55.000Z
IR__65,IR,1699150,2019-10-29,2019-10-28T23:53:47.000Z
IR__65,IR,1699150,2019-08-01,2019-08-01T01:36:26.000Z
IR__65,IR,1699150,2019-05-03,2019-05-03T21:15:31.000Z
IR__65,IR,1699150,2019-02-20,2019-02-20T00:29:00.000Z
IR__65,IR,1699150,2018-10-26,2018-10-26T00:49:02.000Z
IR__65,IR,1699150,2018-08-02,2018-08-01T21:34:34.000Z
IR__65,IR,1699150,2018-04-26,2018-04-26T20:39:23.000Z
IR__65,IR,1699150,2018-02-16,2018-02-15T23:15:15.000Z
IR__65,IR,1699150,2017-10-25,2017-10-25T20:53:08.000Z
IR__65,IR,1699150,2017-08-02,2017-08-02T20:49:51.000Z
JEC__66,JEC,52988,2026-08-04,2026-08-04T20:10:15.000Z
JEC__66,JEC,52988,2026-05-05,2026-05-05T20:09:51.000Z
JEC__66,JEC,52988,2026-02-03,2026-02-03T21:10:18.000Z
JEC__66,JEC,52988,2025-11-20,2025-11-20T11:44:58.000Z
JEC__66,JEC,52988,2025-08-05,2025-08-05T10:44:40.000Z
JEC__66,JEC,52988,2025-05-06,2025-05-06T10:44:17.000Z
JEC__66,JEC,52988,2025-02-04,2025-02-04T11:42:53.000Z
JEC__66,JEC,52988,2024-11-19,2024-11-19T11:39:52.000Z
JEC__66,JEC,52988,2024-08-06,2024-08-06T10:38:45.000Z
JEC__66,JEC,52988,2024-05-07,2024-05-07T10:43:21.000Z
JEC__66,JEC,52988,2024-02-06,2024-02-06T11:42:15.000Z
JEC__66,JEC,52988,2023-11-21,2023-11-21T16:09:04.000Z
JEC__66,JEC,52988,2023-11-21,2023-11-21T11:44:23.000Z
JEC__66,JEC,52988,2023-08-08,2023-08-08T10:45:53.000Z
JEC__66,JEC,52988,2023-05-09,2023-05-09T10:45:25.000Z
JEC__66,JEC,52988,2023-02-07,2023-02-07T11:47:46.000Z
JEC__66,JEC,52988,2022-11-21,2022-11-21T11:46:06.000Z
JEC__66,JEC,52988,2022-08-01,2022-08-01T10:46:31.000Z
JEC__66,JEC,52988,2022-05-03,2022-05-03T10:55:05.000Z
JEC__66,JEC,52988,2022-04-12,2022-04-12T10:26:18.000Z
JEC__66,JEC,52988,2022-02-08,2022-02-08T11:45:26.000Z
JEC__66,JEC,52988,2021-11-23,2021-11-23T11:43:45.000Z
JEC__66,JEC,52988,2021-08-03,2021-08-03T10:51:19.000Z
JEC__66,JEC,52988,2021-05-10,2021-05-10T10:45:06.000Z
JEC__66,JEC,52988,2021-02-09,2021-02-09T11:40:34.000Z
JEC__66,JEC,52988,2020-11-24,2020-11-24T11:44:55.000Z
JEC__66,JEC,52988,2020-08-03,2020-08-03T10:45:39.000Z
JEC__66,JEC,52988,2020-05-06,2020-05-06T20:13:39.000Z
JEC__66,JEC,52988,2020-02-04,2020-02-04T11:45:33.000Z
JEC__66,JEC,52988,2019-11-25,2019-11-25T11:22:22.000Z
JEC__66,JEC,52988,2019-08-05,2019-08-05T10:40:45.000Z
JEC__66,JEC,52988,2019-05-07,2019-05-07T10:22:21.000Z
JEC__66,JEC,52988,2019-02-06,2019-02-06T11:41:49.000Z
JEC__66,JEC,52988,2018-11-20,2018-11-20T11:40:59.000Z
JEC__66,JEC,52988,2018-10-22,2018-10-22T11:23:06.000Z
JEC__66,JEC,52988,2018-08-06,2018-08-06T10:41:13.000Z
JEC__66,JEC,52988,2018-05-08,2018-05-08T10:42:56.000Z
JEC__66,JEC,52988,2018-02-07,2018-02-07T11:45:24.000Z
JEC__66,JEC,52988,2017-11-21,2017-11-21T11:45:29.000Z
JEC__66,JEC,52988,2017-08-08,2017-08-08T10:45:16.000Z
JEC__66,JEC,52988,2017-08-02,2017-08-02T12:31:03.000Z
JEC__66,JEC,52988,2017-05-09,2017-05-09T10:45:38.000Z
JEC__66,JEC,52988,2017-02-08,2017-02-08T11:45:57.000Z
JEC__66,JEC,52988,2016-11-22,2016-11-22T11:45:15.000Z
JEC__66,JEC,52988,2016-08-09,2016-08-09T10:57:59.000Z
JEC__66,JEC,52988,2016-05-05,2016-05-05T11:03:30.000Z
JEC__66,JEC,52988,2016-02-03,2016-02-03T13:45:38.000Z
JEC__66,JEC,52988,2015-11-24,2015-11-24T14:08:11.000Z
JEC__66,JEC,52988,2015-11-23,2015-11-23T15:35:00.000Z
JEC__66,JEC,52988,2015-07-28,2015-07-28T14:57:23.000Z
JEC__66,JEC,52988,2015-04-28,2015-04-28T14:15:19.000Z
JEC__66,JEC,52988,2015-01-29,2015-01-29T15:04:01.000Z
KORS__67,KORS,1530721,2026-08-05,2026-08-05T10:49:12.000Z
KORS__67,KORS,1530721,2026-05-27,2026-05-27T10:53:19.000Z
KORS__67,KORS,1530721,2026-02-03,2026-02-03T11:48:26.000Z
KORS__67,KORS,1530721,2025-11-04,2025-11-04T11:49:23.000Z
KORS__67,KORS,1530721,2025-08-06,2025-08-06T10:47:07.000Z
KORS__67,KORS,1530721,2025-05-28,2025-05-28T10:58:46.000Z
KORS__67,KORS,1530721,2025-02-05,2025-02-05T11:52:06.000Z
KORS__67,KORS,1530721,2024-11-07,2024-11-07T21:10:19.000Z
KORS__67,KORS,1530721,2024-08-08,2024-08-08T20:07:32.000Z
KORS__67,KORS,1530721,2024-05-29,2024-05-29T20:07:16.000Z
KORS__67,KORS,1530721,2024-02-08,2024-02-08T21:07:28.000Z
KORS__67,KORS,1530721,2023-11-09,2023-11-09T21:05:46.000Z
KORS__67,KORS,1530721,2023-08-10,2023-08-10T20:10:58.000Z
KORS__67,KORS,1530721,2023-05-31,2023-05-31T10:56:02.000Z
KORS__67,KORS,1530721,2023-02-08,2023-02-08T11:51:16.000Z
KORS__67,KORS,1530721,2022-11-09,2022-11-09T11:54:55.000Z
KORS__67,KORS,1530721,2022-08-09,2022-08-09T11:14:56.000Z
KORS__67,KORS,1530721,2022-06-01,2022-06-01T11:05:47.000Z
KORS__67,KORS,1530721,2022-02-02,2022-02-02T11:54:16.000Z
KORS__67,KORS,1530721,2021-11-03,2021-11-03T10:58:19.000Z
KORS__67,KORS,1530721,2021-07-30,2021-07-30T11:03:33.000Z
KORS__67,KORS,1530721,2021-05-26,2021-05-26T10:52:15.000Z
KORS__67,KORS,1530721,2021-02-03,2021-02-03T11:35:09.000Z
KORS__67,KORS,1530721,2020-11-05,2020-11-05T11:33:31.000Z
KORS__67,KORS,1530721,2020-08-05,2020-08-05T10:45:17.000Z
KORS__67,KORS,1530721,2020-07-01,2020-07-01T10:45:22.000Z
KORS__67,KORS,1530721,2020-03-23,2020-03-23T20:24:12.000Z
KORS__67,KORS,1530721,2020-02-05,2020-02-05T11:36:24.000Z
KORS__67,KORS,1530721,2019-11-06,2019-11-06T11:35:32.000Z
KORS__67,KORS,1530721,2019-08-07,2019-08-07T10:39:47.000Z
KORS__67,KORS,1530721,2019-05-29,2019-05-29T10:35:28.000Z
KORS__67,KORS,1530721,2019-02-06,2019-02-06T11:35:53.000Z
KORS__67,KORS,1530721,2018-11-07,2018-11-07T11:34:02.000Z
KORS__67,KORS,1530721,2018-08-08,2018-08-08T10:38:43.000Z
KORS__67,KORS,1530721,2018-05-30,2018-05-30T11:04:23.000Z
KORS__67,KORS,1530721,2018-02-07,2018-02-07T11:59:52.000Z
KORS__67,KORS,1530721,2017-11-06,2017-11-06T11:57:56.000Z
KORS__67,KORS,1530721,2017-08-08,2017-08-08T11:10:46.000Z
KORS__67,KORS,1530721,2017-05-31,2017-05-31T11:08:41.000Z
KORS__67,KORS,1530721,2017-02-07,2017-02-07T11:59:08.000Z
KORS__67,KORS,1530721,2016-11-10,2016-11-10T21:30:10.000Z
KORS__67,KORS,1530721,2016-08-10,2016-08-10T11:02:49.000Z
KORS__67,KORS,1530721,2016-06-01,2016-06-01T11:03:19.000Z
KORS__67,KORS,1530721,2016-02-02,2016-02-02T12:06:02.000Z
KORS__67,KORS,1530721,2015-11-04,2015-11-04T12:02:41.000Z
KORS__67,KORS,1530721,2015-08-06,2015-08-06T11:14:53.000Z
KORS__67,KORS,1530721,2015-05-27,2015-05-27T11:36:33.000Z
KORS__67,KORS,1530721,2015-02-05,2015-02-05T12:30:34.000Z
KSU__68,KSU,54480,2021-10-19,2021-10-19T10:02:14.000Z
KSU__68,KSU,54480,2021-07-16,2021-07-16T10:32:08.000Z
KSU__68,KSU,54480,2021-04-16,2021-04-16T10:08:15.000Z
KSU__68,KSU,54480,2021-01-22,2021-01-22T12:59:29.000Z
KSU__68,KSU,54480,2020-10-16,2020-10-16T10:09:35.000Z
KSU__68,KSU,54480,2020-07-17,2020-07-17T10:36:31.000Z
KSU__68,KSU,54480,2020-04-17,2020-04-17T11:29:20.000Z
KSU__68,KSU,54480,2020-01-17,2020-01-17T10:22:22.000Z
KSU__68,KSU,54480,2019-10-18,2019-10-18T10:42:28.000Z
KSU__68,KSU,54480,2019-07-19,2019-07-19T10:51:20.000Z
KSU__68,KSU,54480,2019-04-17,2019-04-17T11:21:45.000Z
KSU__68,KSU,54480,2019-01-18,2019-01-18T10:29:12.000Z
KSU__68,KSU,54480,2018-10-19,2018-10-19T10:50:13.000Z
KSU__68,KSU,54480,2018-07-20,2018-07-20T10:09:37.000Z
KSU__68,KSU,54480,2018-04-20,2018-04-20T10:08:21.000Z
KSU__68,KSU,54480,2018-01-19,2018-01-19T10:39:01.000Z
KSU__68,KSU,54480,2017-10-20,2017-10-20T11:03:05.000Z
KSU__68,KSU,54480,2017-07-21,2017-07-21T10:37:04.000Z
KSU__68,KSU,54480,2017-04-21,2017-04-21T10:29:12.000Z
KSU__68,KSU,54480,2017-01-20,2017-01-20T10:28:24.000Z
KSU__68,KSU,54480,2016-10-18,2016-10-18T10:44:28.000Z
KSU__68,KSU,54480,2016-07-19,2016-07-19T10:39:08.000Z
KSU__68,KSU,54480,2016-04-19,2016-04-19T10:30:09.000Z
KSU__68,KSU,54480,2016-01-22,2016-01-22T10:51:32.000Z
KSU__68,KSU,54480,2015-10-16,2015-10-16T10:33:35.000Z
KSU__68,KSU,54480,2015-07-17,2015-07-17T10:37:18.000Z
KSU__68,KSU,54480,2015-04-21,2015-04-21T10:27:28.000Z
KSU__68,KSU,54480,2015-01-23,2015-01-23T10:45:29.000Z
LB__69,LB,701985,2026-08-26,2026-08-26T11:17:10.000Z
LB__69,LB,701985,2026-05-27,2026-05-27T11:12:59.000Z
LB__69,LB,701985,2026-03-04,2026-03-04T12:17:38.000Z
LB__69,LB,701985,2025-11-20,2025-11-20T12:14:59.000Z
LB__69,LB,701985,2025-08-28,2025-08-28T11:29:37.000Z
LB__69,LB,701985,2025-05-29,2025-05-29T11:20:06.000Z
LB__69,LB,701985,2025-05-19,2025-05-19T12:51:17.000Z
LB__69,LB,701985,2025-02-27,2025-02-27T12:10:30.000Z
LB__69,LB,701985,2024-11-25,2024-11-25T12:31:33.000Z
LB__69,LB,701985,2024-08-28,2024-08-28T11:33:39.000Z
LB__69,LB,701985,2024-06-04,2024-06-04T11:21:05.000Z
LB__69,LB,701985,2024-02-29,2024-02-29T12:35:26.000Z
LB__69,LB,701985,2023-11-16,2023-11-16T12:38:03.000Z
LB__69,LB,701985,2023-08-23,2023-08-23T11:37:28.000Z
LB__69,LB,701985,2023-05-18,2023-05-18T12:04:07.000Z
LB__69,LB,701985,2023-02-23,2023-02-23T12:45:04.000Z
LB__69,LB,701985,2022-11-16,2022-11-16T21:38:51.000Z
LB__69,LB,701985,2022-08-17,2022-08-17T20:47:32.000Z
LB__69,LB,701985,2022-05-18,2022-05-18T21:17:38.000Z
LB__69,LB,701985,2022-02-23,2022-02-23T22:01:23.000Z
LB__69,LB,701985,2022-02-02,2022-02-02T14:16:04.000Z
LB__69,LB,701985,2021-11-17,2021-11-17T22:23:38.000Z
LB__69,LB,701985,2021-08-18,2021-08-18T20:24:47.000Z
LB__69,LB,701985,2021-07-13,2021-07-13T20:15:54.000Z
LB__69,LB,701985,2021-05-19,2021-05-19T21:07:43.000Z
LB__69,LB,701985,2021-05-11,2021-05-11T20:30:26.000Z
LB__69,LB,701985,2021-02-24,2021-02-24T22:06:52.000Z
LB__69,LB,701985,2021-02-05,2021-02-05T21:51:49.000Z
LB__69,LB,701985,2021-01-08,2021-01-08T21:19:48.000Z
LB__69,LB,701985,2020-11-18,2020-11-18T22:01:56.000Z
LB__69,LB,701985,2020-08-19,2020-08-19T21:25:57.000Z
LB__69,LB,701985,2020-05-20,2020-05-20T20:55:24.000Z
LB__69,LB,701985,2020-02-26,2020-02-26T21:53:37.000Z
LB__69,LB,701985,2020-02-20,2020-02-20T19:51:46.000Z
LB__69,LB,701985,2020-01-10,2020-01-10T21:23:40.000Z
LB__69,LB,701985,2019-11-20,2019-11-20T22:18:55.000Z
LB__69,LB,701985,2019-08-21,2019-08-21T21:15:43.000Z
LB__69,LB,701985,2019-05-22,2019-05-22T20:56:23.000Z
LB__69,LB,701985,2019-02-27,2019-02-27T22:11:49.000Z
LB__69,LB,701985,2019-02-08,2019-02-08T21:31:54.000Z
LB__69,LB,701985,2019-01-10,2019-01-10T21:52:43.000Z
LB__69,LB,701985,2018-11-19,2018-11-19T22:27:33.000Z
LB__69,LB,701985,2018-11-09,2018-11-09T21:34:39.000Z
LB__69,LB,701985,2018-08-23,2018-08-22T21:31:26.000Z
LB__69,LB,701985,2018-08-10,2018-08-10T20:37:36.000Z
LB__69,LB,701985,2018-05-23,2018-05-23T21:13:38.000Z
LB__69,LB,701985,2018-05-11,2018-05-11T20:47:42.000Z
LB__69,LB,701985,2018-02-28,2018-02-28T22:21:55.000Z
LB__69,LB,701985,2018-02-09,2018-02-09T21:48:02.000Z
LB__69,LB,701985,2018-01-05,2018-01-05T21:41:53.000Z
LB__69,LB,701985,2017-11-15,2017-11-15T22:00:28.000Z
LB__69,LB,701985,2017-11-03,2017-11-03T20:41:32.000Z
LB__69,LB,701985,2017-08-16,2017-08-16T20:58:49.000Z
LB__69,LB,701985,2017-08-04,2017-08-04T20:55:41.000Z
LB__69,LB,701985,2017-05-17,2017-05-17T20:58:40.000Z
LB__69,LB,701985,2017-05-05,2017-05-05T20:45:34.000Z
LB__69,LB,701985,2017-02-22,2017-02-22T22:12:56.000Z
LB__69,LB,701985,2017-02-03,2017-02-03T22:03:52.000Z
LB__69,LB,701985,2017-01-06,2017-01-06T22:19:01.000Z
LB__69,LB,701985,2016-11-16,2016-11-16T21:30:34.000Z
LB__69,LB,701985,2016-11-03,2016-11-03T20:44:52.000Z
LB__69,LB,701985,2016-08-17,2016-08-17T21:14:17.000Z
LB__69,LB,701985,2016-08-05,2016-08-05T20:28:15.000Z
LB__69,LB,701985,2016-05-20,2016-05-20T20:39:21.000Z
LB__69,LB,701985,2016-05-06,2016-05-06T20:28:03.000Z
LB__69,LB,701985,2016-02-26,2016-02-26T21:24:33.000Z
LB__69,LB,701985,2016-02-05,2016-02-05T21:57:33.000Z
LB__69,LB,701985,2015-11-20,2015-11-20T21:23:59.000Z
LB__69,LB,701985,2015-11-05,2015-11-05T21:20:32.000Z
LB__69,LB,701985,2015-08-21,2015-08-21T20:18:23.000Z
LB__69,LB,701985,2015-08-11,2015-08-10T21:37:40.000Z
LB__69,LB,701985,2015-05-22,2015-05-22T20:12:41.000Z
LB__69,LB,701985,2015-05-08,2015-05-08T20:13:36.000Z
LB__69,LB,701985,2015-02-09,2015-02-09T21:59:19.000Z
LLL__70,LLL,1039101,2019-05-01,2019-05-01T07:03:19.000Z
LLL__70,LLL,1039101,2019-01-29,2019-01-29T07:00:48.000Z
LLL__70,LLL,1039101,2018-10-15,2018-10-15T07:00:20.000Z
LLL__70,LLL,1039101,2018-07-26,2018-07-26T07:20:38.000Z
LLL__70,LLL,1039101,2018-05-01,2018-05-01T08:24:41.000Z
LLL__70,LLL,1039101,2018-01-25,2018-01-25T07:12:54.000Z
LLL__70,LLL,1039101,2017-10-26,2017-10-26T07:03:03.000Z
LLL__70,LLL,1039101,2017-07-27,2017-07-27T07:07:34.000Z
LLL__70,LLL,1039101,2017-04-27,2017-04-27T07:04:43.000Z
LLL__70,LLL,1039101,2017-01-26,2017-01-26T07:10:35.000Z
LLL__70,LLL,1039101,2016-10-27,2016-10-27T07:07:00.000Z
LLL__70,LLL,1039101,2016-07-28,2016-07-28T07:08:03.000Z
LLL__70,LLL,1039101,2016-04-27,2016-04-27T07:32:09.000Z
LLL__70,LLL,1039101,2016-01-28,2016-01-28T07:30:31.000Z
LLL__70,LLL,1039101,2015-10-29,2015-10-29T07:30:56.000Z
LLL__70,LLL,1039101,2015-07-30,2015-07-30T07:30:58.000Z
LLL__70,LLL,1039101,2015-04-30,2015-04-30T07:30:53.000Z
LLL__70,LLL,1039101,2015-01-29,2015-01-29T07:30:30.000Z
LLTC__71,LLTC,791907,2017-01-18,2017-01-17T17:31:40.000Z
LLTC__71,LLTC,791907,2016-10-19,2016-10-18T17:44:13.000Z
LLTC__71,LLTC,791907,2016-07-26,2016-07-26T16:37:06.000Z
LLTC__71,LLTC,791907,2016-04-19,2016-04-19T17:12:20.000Z
LLTC__71,LLTC,791907,2016-01-19,2016-01-19T17:19:31.000Z
LLTC__71,LLTC,791907,2015-10-13,2015-10-13T17:03:10.000Z
LLTC__71,LLTC,791907,2015-07-21,2015-07-21T17:14:13.000Z
LLTC__71,LLTC,791907,2015-04-15,2015-04-14T18:26:17.000Z
LLTC__71,LLTC,791907,2015-01-14,2015-01-13T18:46:41.000Z
LM__72,LM,704051,2020-07-27,2020-07-27T08:14:57.000Z
LM__72,LM,704051,2020-04-29,2020-04-29T08:17:53.000Z
LM__72,LM,704051,2020-01-29,2020-01-29T16:23:34.000Z
LM__72,LM,704051,2019-10-30,2019-10-30T16:31:33.000Z
LM__72,LM,704051,2019-08-01,2019-08-01T16:28:16.000Z
LM__72,LM,704051,2019-05-13,2019-05-13T16:35:07.000Z
LM__72,LM,704051,2019-02-04,2019-02-04T16:22:43.000Z
LM__72,LM,704051,2018-10-24,2018-10-24T16:52:19.000Z
LM__72,LM,704051,2018-07-25,2018-07-25T16:29:49.000Z
LM__72,LM,704051,2018-04-25,2018-04-25T16:52:29.000Z
LM__72,LM,704051,2018-01-24,2018-01-24T16:09:21.000Z
LM__72,LM,704051,2017-10-25,2017-10-25T16:05:58.000Z
LM__72,LM,704051,2017-07-26,2017-07-26T16:04:33.000Z
LM__72,LM,704051,2017-04-26,2017-04-26T16:11:02.000Z
LM__72,LM,704051,2017-02-01,2017-02-01T16:04:42.000Z
LM__72,LM,704051,2016-10-28,2016-10-28T07:04:17.000Z
LM__72,LM,704051,2016-07-27,2016-07-27T16:10:35.000Z
LM__72,LM,704051,2016-04-29,2016-04-29T07:19:50.000Z
LM__72,LM,704051,2016-01-22,2016-01-22T07:15:54.000Z
LM__72,LM,704051,2015-10-30,2015-10-30T07:03:39.000Z
LM__72,LM,704051,2015-07-31,2015-07-31T07:04:32.000Z
LM__72,LM,704051,2015-05-01,2015-05-01T07:03:37.000Z
LM__72,LM,704051,2015-01-30,2015-01-30T07:01:42.000Z
LVLT__73,LVLT,794323,2017-08-02,2017-08-02T16:30:33.000Z
LVLT__73,LVLT,794323,2017-05-03,2017-05-03T16:20:24.000Z
LVLT__73,LVLT,794323,2017-02-08,2017-02-08T16:20:38.000Z
LVLT__73,LVLT,794323,2016-10-31,2016-10-31T07:00:13.000Z
LVLT__73,LVLT,794323,2016-07-27,2016-07-27T07:16:11.000Z
LVLT__73,LVLT,794323,2016-04-28,2016-04-28T07:15:30.000Z
LVLT__73,LVLT,794323,2016-02-04,2016-02-04T07:15:18.000Z
LVLT__73,LVLT,794323,2015-10-28,2015-10-28T07:00:44.000Z
LVLT__73,LVLT,794323,2015-07-29,2015-07-29T08:15:13.000Z
LVLT__73,LVLT,794323,2015-04-29,2015-04-29T08:16:12.000Z
LVLT__73,LVLT,794323,2015-02-04,2015-02-04T08:15:24.000Z
MJN__74,MJN,1452575,2017-04-27,2017-04-27T08:16:14.000Z
MJN__74,MJN,1452575,2017-01-26,2017-01-26T07:41:50.000Z
MJN__74,MJN,1452575,2016-10-27,2016-10-27T07:35:17.000Z
MJN__74,MJN,1452575,2016-07-28,2016-07-28T07:38:12.000Z
MJN__74,MJN,1452575,2016-04-28,2016-04-28T07:48:28.000Z
MJN__74,MJN,1452575,2016-01-28,2016-01-28T07:40:38.000Z
MJN__74,MJN,1452575,2015-10-22,2015-10-22T07:34:37.000Z
MJN__74,MJN,1452575,2015-07-23,2015-07-23T07:35:53.000Z
MJN__74,MJN,1452575,2015-07-14,2015-07-14T17:22:29.000Z
MJN__74,MJN,1452575,2015-04-23,2015-04-23T07:35:05.000Z
MJN__74,MJN,1452575,2015-01-29,2015-01-29T07:41:12.000Z
MNK__75,MNK,1567892,2026-08-11,2026-08-11T10:34:39.000Z
MNK__75,MNK,1567892,2026-05-12,2026-05-12T10:41:58.000Z
MNK__75,MNK,1567892,2026-03-31,2026-03-31T10:35:37.000Z
MNK__75,MNK,1567892,2025-11-10,2025-11-10T12:04:59.000Z
MNK__75,MNK,1567892,2025-10-06,2025-10-06T12:41:08.000Z
MNK__75,MNK,1567892,2025-08-06,2025-08-06T10:32:01.000Z
MNK__75,MNK,1567892,2025-08-01,2025-08-01T11:07:17.000Z
MNK__75,MNK,1567892,2025-05-06,2025-05-06T10:45:20.000Z
MNK__75,MNK,1567892,2025-03-13,2025-03-13T10:39:37.000Z
MNK__75,MNK,1567892,2024-11-05,2024-11-05T11:45:14.000Z
MNK__75,MNK,1567892,2024-08-06,2024-08-06T10:45:06.000Z
MNK__75,MNK,1567892,2024-05-09,2024-05-09T10:44:59.000Z
MNK__75,MNK,1567892,2024-03-26,2024-03-26T20:01:37.000Z
MNK__75,MNK,1567892,2023-11-07,2023-11-07T11:00:27.000Z
MNK__75,MNK,1567892,2023-08-09,2023-08-09T10:44:37.000Z
MNK__75,MNK,1567892,2023-05-09,2023-05-09T10:48:39.000Z
MNK__75,MNK,1567892,2023-02-28,2023-02-28T11:44:53.000Z
MNK__75,MNK,1567892,2022-11-08,2022-11-08T11:44:10.000Z
MNK__75,MNK,1567892,2022-08-11,2022-08-11T10:01:56.000Z
MNK__75,MNK,1567892,2022-07-21,2022-07-21T10:42:08.000Z
MNK__75,MNK,1567892,2022-05-03,2022-05-03T20:41:07.000Z
MNK__75,MNK,1567892,2022-04-20,2022-04-20T12:41:35.000Z
MNK__75,MNK,1567892,2022-03-15,2022-03-15T10:39:06.000Z
MNK__75,MNK,1567892,2022-02-14,2022-02-14T22:24:32.000Z
MNK__75,MNK,1567892,2021-11-02,2021-11-02T10:40:08.000Z
MNK__75,MNK,1567892,2021-08-03,2021-08-03T10:46:48.000Z
MNK__75,MNK,1567892,2021-05-04,2021-05-04T10:32:31.000Z
MNK__75,MNK,1567892,2021-03-10,2021-03-10T11:50:08.000Z
MNK__75,MNK,1567892,2021-03-10,2021-03-10T11:45:09.000Z
MNK__75,MNK,1567892,2021-02-18,2021-02-18T12:12:20.000Z
MNK__75,MNK,1567892,2020-11-03,2020-11-03T21:49:12.000Z
MNK__75,MNK,1567892,2020-08-04,2020-08-04T10:19:42.000Z
MNK__75,MNK,1567892,2020-05-05,2020-05-05T10:49:44.000Z
MNK__75,MNK,1567892,2020-02-25,2020-02-25T11:19:38.000Z
MNK__75,MNK,1567892,2020-02-25,2020-02-25T11:10:10.000Z
MNK__75,MNK,1567892,2019-11-05,2019-11-05T11:04:46.000Z
MNK__75,MNK,1567892,2019-08-06,2019-08-06T10:37:00.000Z
MNK__75,MNK,1567892,2019-07-11,2019-07-11T20:48:52.000Z
MNK__75,MNK,1567892,2019-06-27,2019-06-27T21:00:50.000Z
MNK__75,MNK,1567892,2019-05-07,2019-05-07T10:37:15.000Z
MNK__75,MNK,1567892,2019-02-26,2019-02-26T11:10:33.000Z
MNK__75,MNK,1567892,2019-02-26,2019-02-26T11:00:37.000Z
MNK__75,MNK,1567892,2018-11-06,2018-11-06T11:32:51.000Z
MNK__75,MNK,1567892,2018-08-07,2018-08-07T10:38:10.000Z
MNK__75,MNK,1567892,2018-05-08,2018-05-08T10:31:12.000Z
MNK__75,MNK,1567892,2018-04-27,2018-04-27T10:30:34.000Z
MNK__75,MNK,1567892,2018-02-27,2018-02-27T11:30:37.000Z
MNK__75,MNK,1567892,2017-11-07,2017-11-07T11:38:27.000Z
MNK__75,MNK,1567892,2017-08-08,2017-08-08T10:59:01.000Z
MNK__75,MNK,1567892,2017-05-08,2017-05-08T10:21:25.000Z
MNK__75,MNK,1567892,2017-02-07,2017-02-07T11:08:03.000Z
MNK__75,MNK,1567892,2016-11-29,2016-11-29T11:17:48.000Z
MNK__75,MNK,1567892,2016-10-07,2016-10-07T21:02:56.000Z
MNK__75,MNK,1567892,2016-08-02,2016-08-02T11:14:12.000Z
MNK__75,MNK,1567892,2016-05-03,2016-05-03T10:40:23.000Z
MNK__75,MNK,1567892,2016-02-02,2016-02-02T12:17:55.000Z
MNK__75,MNK,1567892,2015-11-23,2015-11-23T11:29:48.000Z
MNK__75,MNK,1567892,2015-10-06,2015-10-06T10:08:50.000Z
MNK__75,MNK,1567892,2015-08-04,2015-08-04T11:25:08.000Z
MNK__75,MNK,1567892,2015-05-05,2015-05-05T11:14:54.000Z
MNK__75,MNK,1567892,2015-02-03,2015-02-03T12:31:41.000Z
MON__76,MON,1110783,2018-04-05,2018-04-05T08:13:25.000Z
MON__76,MON,1110783,2018-01-04,2018-01-04T08:13:59.000Z
MON__76,MON,1110783,2017-10-04,2017-10-04T08:19:53.000Z
MON__76,MON,1110783,2017-06-28,2017-06-28T08:10:52.000Z
MON__76,MON,1110783,2017-04-05,2017-04-05T08:08:42.000Z
MON__76,MON,1110783,2017-01-05,2017-01-05T08:20:41.000Z
MON__76,MON,1110783,2016-10-05,2016-10-05T08:19:33.000Z
MON__76,MON,1110783,2016-06-29,2016-06-29T08:15:09.000Z
MON__76,MON,1110783,2016-04-06,2016-04-06T08:16:21.000Z
MON__76,MON,1110783,2016-03-02,2016-03-02T08:03:54.000Z
MON__76,MON,1110783,2016-01-06,2016-01-06T08:10:59.000Z
MON__76,MON,1110783,2015-12-02,2015-12-02T08:15:32.000Z
MON__76,MON,1110783,2015-10-07,2015-10-07T08:05:31.000Z
MON__76,MON,1110783,2015-06-24,2015-06-24T08:12:27.000Z
MON__76,MON,1110783,2015-04-01,2015-04-01T08:15:33.000Z
MON__76,MON,1110783,2015-01-07,2015-01-07T08:31:06.000Z
MXIM__77,MXIM,743316,2021-07-27,2021-07-27T16:55:03.000Z
MXIM__77,MXIM,743316,2021-04-27,2021-04-27T16:07:47.000Z
MXIM__77,MXIM,743316,2021-01-26,2021-01-26T16:08:39.000Z
MXIM__77,MXIM,743316,2020-10-27,2020-10-27T16:15:49.000Z
MXIM__77,MXIM,743316,2020-07-28,2020-07-28T16:15:26.000Z
MXIM__77,MXIM,743316,2020-07-13,2020-07-13T08:54:01.000Z
MXIM__77,MXIM,743316,2020-04-28,2020-04-28T16:06:28.000Z
MXIM__77,MXIM,743316,2020-01-28,2020-01-28T16:08:02.000Z
MXIM__77,MXIM,743316,2019-10-29,2019-10-29T16:58:50.000Z
MXIM__77,MXIM,743316,2019-07-30,2019-07-30T16:32:55.000Z
MXIM__77,MXIM,743316,2019-04-30,2019-04-30T16:11:27.000Z
MXIM__77,MXIM,743316,2019-01-29,2019-01-29T16:10:58.000Z
MXIM__77,MXIM,743316,2018-10-30,2018-10-30T16:11:09.000Z
MXIM__77,MXIM,743316,2018-07-26,2018-07-26T16:08:33.000Z
MXIM__77,MXIM,743316,2018-04-26,2018-04-26T16:21:28.000Z
MXIM__77,MXIM,743316,2018-01-25,2018-01-25T16:15:14.000Z
MXIM__77,MXIM,743316,2017-10-19,2017-10-19T16:05:23.000Z
MXIM__77,MXIM,743316,2017-07-20,2017-07-20T16:20:22.000Z
MXIM__77,MXIM,743316,2017-04-20,2017-04-20T16:09:31.000Z
MXIM__77,MXIM,743316,2017-01-26,2017-01-26T16:09:45.000Z
MXIM__77,MXIM,743316,2016-10-20,2016-10-20T16:10:16.000Z
MXIM__77,MXIM,743316,2016-07-21,2016-07-21T16:10:32.000Z
MXIM__77,MXIM,743316,2016-04-21,2016-04-21T16:05:07.000Z
MXIM__77,MXIM,743316,2016-01-21,2016-01-21T16:04:40.000Z
MXIM__77,MXIM,743316,2015-10-22,2015-10-22T16:10:44.000Z
MXIM__77,MXIM,743316,2015-07-23,2015-07-23T16:04:28.000Z
MXIM__77,MXIM,743316,2015-04-23,2015-04-23T16:05:20.000Z
MXIM__77,MXIM,743316,2015-01-22,2015-01-22T16:07:17.000Z
MYL__78,MYL,1623613,2020-11-06,2020-11-06T13:31:32.000Z
MYL__78,MYL,1623613,2020-08-06,2020-08-06T12:43:52.000Z
MYL__78,MYL,1623613,2020-05-11,2020-05-11T12:47:44.000Z
MYL__78,MYL,1623613,2020-02-27,2020-02-27T21:13:37.000Z
MYL__78,MYL,1623613,2019-11-05,2019-11-05T14:32:17.000Z
MYL__78,MYL,1623613,2019-07-30,2019-07-30T21:29:39.000Z
MYL__78,MYL,1623613,2019-07-29,2019-07-29T10:35:22.000Z
MYL__78,MYL,1623613,2019-05-07,2019-05-07T12:36:25.000Z
MYL__78,MYL,1623613,2019-02-26,2019-02-26T21:55:42.000Z
MYL__78,MYL,1623613,2018-11-05,2018-11-05T21:17:34.000Z
MYL__78,MYL,1623613,2018-08-08,2018-08-08T13:07:46.000Z
MYL__78,MYL,1623613,2018-05-09,2018-05-09T12:59:52.000Z
MYL__78,MYL,1623613,2018-02-28,2018-02-28T21:50:05.000Z
MYL__78,MYL,1623613,2017-11-06,2017-11-06T13:37:41.000Z
MYL__78,MYL,1623613,2017-08-09,2017-08-09T12:46:21.000Z
MYL__78,MYL,1623613,2017-05-10,2017-05-10T11:35:09.000Z
MYL__78,MYL,1623613,2017-03-01,2017-03-01T12:51:16.000Z
MYL__78,MYL,1623613,2016-11-09,2016-11-09T21:12:16.000Z
MYL__78,MYL,1623613,2016-10-07,2016-10-07T21:01:02.000Z
MYL__78,MYL,1623613,2016-08-09,2016-08-09T20:15:44.000Z
MYL__78,MYL,1623613,2016-05-03,2016-05-03T10:03:04.000Z
MYL__78,MYL,1623613,2016-02-10,2016-02-10T21:17:36.000Z
MYL__78,MYL,1623613,2015-10-30,2015-10-30T12:32:47.000Z
MYL__78,MYL,1623613,2015-08-06,2015-08-06T12:12:36.000Z
MYL__78,MYL,1623613,2015-05-05,2015-05-05T20:23:28.000Z
MYL__78,MYL,1623613,2015-03-02,2015-03-02T21:23:00.000Z
NBL__79,NBL,72207,2020-08-03,2020-08-03T07:37:25.000Z
NBL__79,NBL,72207,2020-07-09,2020-07-09T08:01:24.000Z
NBL__79,NBL,72207,2020-05-08,2020-05-08T08:19:11.000Z
NBL__79,NBL,72207,2020-04-20,2020-04-20T08:25:26.000Z
NBL__79,NBL,72207,2020-02-12,2020-02-12T08:23:20.000Z
NBL__79,NBL,72207,2019-11-07,2019-11-07T08:16:08.000Z
NBL__79,NBL,72207,2019-08-02,2019-08-02T08:11:26.000Z
NBL__79,NBL,72207,2019-05-03,2019-05-03T08:15:36.000Z
NBL__79,NBL,72207,2019-02-19,2019-02-19T07:39:27.000Z
NBL__79,NBL,72207,2018-11-01,2018-11-01T07:53:22.000Z
NBL__79,NBL,72207,2018-08-03,2018-08-03T08:06:56.000Z
NBL__79,NBL,72207,2018-05-01,2018-05-01T07:56:33.000Z
NBL__79,NBL,72207,2018-02-20,2018-02-20T07:27:32.000Z
NBL__79,NBL,72207,2017-10-30,2017-10-30T16:42:39.000Z
NBL__79,NBL,72207,2017-08-03,2017-08-03T07:27:52.000Z
NBL__79,NBL,72207,2017-05-01,2017-05-01T16:51:15.000Z
NBL__79,NBL,72207,2017-02-13,2017-02-13T16:47:28.000Z
NBL__79,NBL,72207,2016-11-01,2016-11-01T17:19:34.000Z
NBL__79,NBL,72207,2016-08-03,2016-08-03T07:40:03.000Z
NBL__79,NBL,72207,2016-05-04,2016-05-04T07:57:48.000Z
NBL__79,NBL,72207,2015-08-03,2015-08-03T08:40:44.000Z
NBL__79,NBL,72207,2015-05-05,2015-05-05T08:41:48.000Z
NBL__79,NBL,72207,2015-02-19,2015-02-19T08:26:34.000Z
NFX__80,NFX,912750,2018-10-31,2018-10-31T17:06:48.000Z
NFX__80,NFX,912750,2018-08-01,2018-07-31T18:48:55.000Z
NFX__80,NFX,912750,2018-05-02,2018-05-01T18:01:30.000Z
NFX__80,NFX,912750,2018-02-21,2018-02-20T20:26:35.000Z
NFX__80,NFX,912750,2017-11-01,2017-10-31T21:03:58.000Z
NFX__80,NFX,912750,2017-08-02,2017-08-01T21:25:49.000Z
NFX__80,NFX,912750,2017-05-03,2017-05-02T21:00:59.000Z
NFX__80,NFX,912750,2017-02-22,2017-02-21T20:04:23.000Z
NFX__80,NFX,912750,2016-11-02,2016-11-01T17:57:31.000Z
NFX__80,NFX,912750,2016-08-03,2016-08-02T20:25:53.000Z
NFX__80,NFX,912750,2016-05-04,2016-05-03T18:18:20.000Z
NFX__80,NFX,912750,2016-02-25,2016-02-24T17:31:15.000Z
NFX__80,NFX,912750,2015-11-03,2015-11-03T17:24:56.000Z
NFX__80,NFX,912750,2015-08-06,2015-08-05T19:16:16.000Z
NFX__80,NFX,912750,2015-05-07,2015-05-06T17:55:41.000Z
NFX__80,NFX,912750,2015-02-26,2015-02-25T18:31:06.000Z
PCL__82,PCL,849213,2016-02-03,2016-02-03T16:27:42.000Z
PCL__82,PCL,849213,2015-10-26,2015-10-26T16:24:09.000Z
PCL__82,PCL,849213,2015-07-27,2015-07-27T16:14:21.000Z
PCL__82,PCL,849213,2015-04-27,2015-04-27T16:10:14.000Z
PCL__82,PCL,849213,2015-01-26,2015-01-26T16:25:43.000Z
PEAK__84,PEAK,765880,2026-08-04,2026-08-04T20:19:14.000Z
PEAK__84,PEAK,765880,2026-05-05,2026-05-05T20:16:40.000Z
PEAK__84,PEAK,765880,2026-02-02,2026-02-02T21:18:02.000Z
PEAK__84,PEAK,765880,2025-10-23,2025-10-23T20:17:48.000Z
PEAK__84,PEAK,765880,2025-07-24,2025-07-24T20:17:08.000Z
PEAK__84,PEAK,765880,2025-04-24,2025-04-24T20:19:36.000Z
PEAK__84,PEAK,765880,2025-02-03,2025-02-03T21:16:51.000Z
PEAK__84,PEAK,765880,2024-10-24,2024-10-24T20:17:12.000Z
PEAK__84,PEAK,765880,2024-07-25,2024-07-25T20:17:10.000Z
PEAK__84,PEAK,765880,2024-04-25,2024-04-25T20:16:52.000Z
PEAK__84,PEAK,765880,2024-02-08,2024-02-08T21:19:27.000Z
PEAK__84,PEAK,765880,2023-10-30,2023-10-30T11:07:31.000Z
PEAK__84,PEAK,765880,2023-07-27,2023-07-27T20:17:16.000Z
PEAK__84,PEAK,765880,2023-04-27,2023-04-27T20:19:26.000Z
PEAK__84,PEAK,765880,2023-02-07,2023-02-07T21:33:31.000Z
PEAK__84,PEAK,765880,2022-11-01,2022-11-01T20:20:44.000Z
PEAK__84,PEAK,765880,2022-08-02,2022-08-02T20:19:02.000Z
PEAK__84,PEAK,765880,2022-05-03,2022-05-03T20:18:48.000Z
PEAK__84,PEAK,765880,2022-02-08,2022-02-08T21:20:23.000Z
PEAK__84,PEAK,765880,2021-11-02,2021-11-02T20:19:29.000Z
PEAK__84,PEAK,765880,2021-08-03,2021-08-03T20:22:01.000Z
PEAK__84,PEAK,765880,2021-05-04,2021-05-04T20:25:33.000Z
PEAK__84,PEAK,765880,2021-02-09,2021-02-09T21:19:09.000Z
PEAK__84,PEAK,765880,2020-11-02,2020-11-02T21:21:47.000Z
PEAK__84,PEAK,765880,2020-08-04,2020-08-04T20:24:55.000Z
PEAK__84,PEAK,765880,2020-05-05,2020-05-05T20:21:01.000Z
PEAK__84,PEAK,765880,2020-02-11,2020-02-11T21:19:50.000Z
PEAK__84,PEAK,765880,2019-10-30,2019-10-30T20:25:09.000Z
PEAK__84,PEAK,765880,2019-07-31,2019-07-31T20:27:52.000Z
PEAK__84,PEAK,765880,2019-05-01,2019-05-01T20:25:13.000Z
PEAK__84,PEAK,765880,2019-02-13,2019-02-13T21:23:15.000Z
PEAK__84,PEAK,765880,2018-10-31,2018-10-31T12:03:02.000Z
PEAK__84,PEAK,765880,2018-08-02,2018-08-02T12:10:41.000Z
PEAK__84,PEAK,765880,2018-05-03,2018-05-03T12:03:48.000Z
PEAK__84,PEAK,765880,2018-02-13,2018-02-13T13:06:46.000Z
PEAK__84,PEAK,765880,2017-11-02,2017-11-02T11:12:01.000Z
PEAK__84,PEAK,765880,2017-08-01,2017-08-01T12:07:26.000Z
PEAK__84,PEAK,765880,2017-05-02,2017-05-02T12:30:47.000Z
PEAK__84,PEAK,765880,2017-02-13,2017-02-13T13:30:45.000Z
PEAK__84,PEAK,765880,2016-11-01,2016-11-01T12:30:55.000Z
PEAK__84,PEAK,765880,2016-08-09,2016-08-09T12:28:55.000Z
PEAK__84,PEAK,765880,2016-05-09,2016-05-09T10:12:05.000Z
PEAK__84,PEAK,765880,2016-02-09,2016-02-09T13:30:44.000Z
PEAK__84,PEAK,765880,2015-11-03,2015-11-03T13:30:03.000Z
PEAK__84,PEAK,765880,2015-08-04,2015-08-04T12:30:41.000Z
PEAK__84,PEAK,765880,2015-05-05,2015-05-05T12:31:39.000Z
PEAK__84,PEAK,765880,2015-02-10,2015-02-10T13:30:40.000Z
POM__85,POM,1135971,2026-07-30,2026-07-30T10:56:06.000Z
POM__85,POM,1135971,2026-05-06,2026-05-06T10:56:54.000Z
POM__85,POM,1135971,2026-02-12,2026-02-12T12:00:29.000Z
POM__85,POM,1135971,2025-11-04,2025-11-04T11:52:58.000Z
POM__85,POM,1135971,2025-07-31,2025-07-31T10:55:58.000Z
POM__85,POM,1135971,2025-05-01,2025-05-01T10:57:59.000Z
POM__85,POM,1135971,2025-02-12,2025-02-12T11:56:32.000Z
POM__85,POM,1135971,2024-10-30,2024-10-30T10:53:07.000Z
POM__85,POM,1135971,2024-08-01,2024-08-01T10:56:39.000Z
POM__85,POM,1135971,2024-05-02,2024-05-02T10:53:09.000Z
POM__85,POM,1135971,2024-02-21,2024-02-21T11:53:44.000Z
POM__85,POM,1135971,2023-11-02,2023-11-02T10:55:26.000Z
POM__85,POM,1135971,2023-08-02,2023-08-02T10:54:07.000Z
POM__85,POM,1135971,2023-05-03,2023-05-03T10:54:52.000Z
POM__85,POM,1135971,2023-02-14,2023-02-14T11:53:10.000Z
POM__85,POM,1135971,2022-11-03,2022-11-03T10:56:29.000Z
POM__85,POM,1135971,2022-08-03,2022-08-03T10:57:42.000Z
POM__85,POM,1135971,2022-05-09,2022-05-09T12:02:37.000Z
POM__85,POM,1135971,2021-11-03,2021-11-03T10:55:44.000Z
POM__85,POM,1135971,2021-08-04,2021-08-04T10:53:56.000Z
POM__85,POM,1135971,2021-05-05,2021-05-05T10:53:27.000Z
POM__85,POM,1135971,2021-02-24,2021-02-24T11:57:33.000Z
POM__85,POM,1135971,2020-11-03,2020-11-03T11:53:18.000Z
POM__85,POM,1135971,2020-08-04,2020-08-04T10:55:35.000Z
POM__85,POM,1135971,2020-05-08,2020-05-08T11:03:18.000Z
POM__85,POM,1135971,2020-02-11,2020-02-11T11:53:28.000Z
POM__85,POM,1135971,2019-10-31,2019-10-31T10:54:46.000Z
POM__85,POM,1135971,2019-08-01,2019-08-01T10:52:16.000Z
POM__85,POM,1135971,2019-05-02,2019-05-02T10:47:40.000Z
POM__85,POM,1135971,2019-02-08,2019-02-08T11:51:57.000Z
POM__85,POM,1135971,2018-11-01,2018-11-01T10:53:33.000Z
POM__85,POM,1135971,2018-08-02,2018-08-02T11:00:23.000Z
POM__85,POM,1135971,2018-05-02,2018-05-02T11:07:59.000Z
POM__85,POM,1135971,2018-02-07,2018-02-07T12:05:04.000Z
POM__85,POM,1135971,2017-11-02,2017-11-02T11:05:24.000Z
POM__85,POM,1135971,2017-08-02,2017-08-02T12:07:19.000Z
POM__85,POM,1135971,2017-05-03,2017-05-03T12:06:19.000Z
POM__85,POM,1135971,2017-02-08,2017-02-08T13:06:15.000Z
POM__85,POM,1135971,2016-10-26,2016-10-26T12:06:17.000Z
POM__85,POM,1135971,2016-08-09,2016-08-09T12:10:05.000Z
POM__85,POM,1135971,2016-05-06,2016-05-06T12:07:07.000Z
POM__85,POM,1135971,2016-02-19,2016-02-18T23:08:15.000Z
POM__85,POM,1135971,2015-10-26,2015-10-23T21:46:09.000Z
POM__85,POM,1135971,2015-07-27,2015-07-24T21:57:38.000Z
POM__85,POM,1135971,2015-05-01,2015-04-30T22:13:47.000Z
POM__85,POM,1135971,2015-02-27,2015-02-26T23:55:28.000Z
PX__86,PX,884905,2018-11-09,2018-11-09T16:24:35.000Z
PX__86,PX,884905,2018-07-26,2018-07-26T10:30:25.000Z
PX__86,PX,884905,2018-04-26,2018-04-26T10:02:56.000Z
PX__86,PX,884905,2018-01-25,2018-01-25T11:30:38.000Z
PX__86,PX,884905,2017-10-26,2017-10-26T13:03:42.000Z
PX__86,PX,884905,2017-07-27,2017-07-27T10:24:57.000Z
PX__86,PX,884905,2017-04-27,2017-04-27T10:29:14.000Z
PX__86,PX,884905,2017-01-26,2017-01-26T15:41:03.000Z
PX__86,PX,884905,2016-10-27,2016-10-27T10:17:47.000Z
PX__86,PX,884905,2016-07-28,2016-07-28T10:53:26.000Z
PX__86,PX,884905,2016-04-29,2016-04-29T10:25:46.000Z
PX__86,PX,884905,2016-01-29,2016-01-29T11:40:12.000Z
PX__86,PX,884905,2015-10-29,2015-10-29T10:30:19.000Z
PX__86,PX,884905,2015-07-29,2015-07-29T10:39:15.000Z
PX__86,PX,884905,2015-04-29,2015-04-29T11:05:11.000Z
PX__86,PX,884905,2015-01-28,2015-01-28T11:24:52.000Z
RAI__87,RAI,1275283,2017-05-03,2017-05-03T11:17:03.000Z
RAI__87,RAI,1275283,2017-02-09,2017-02-09T12:12:32.000Z
RAI__87,RAI,1275283,2016-10-19,2016-10-19T11:35:03.000Z
RAI__87,RAI,1275283,2016-07-26,2016-07-26T11:25:02.000Z
RAI__87,RAI,1275283,2016-04-26,2016-04-26T11:26:07.000Z
RAI__87,RAI,1275283,2016-02-11,2016-02-11T12:37:36.000Z
RAI__87,RAI,1275283,2015-10-27,2015-10-27T11:27:36.000Z
RAI__87,RAI,1275283,2015-07-28,2015-07-28T11:52:05.000Z
RAI__87,RAI,1275283,2015-04-17,2015-04-17T11:13:04.000Z
RAI__87,RAI,1275283,2015-02-10,2015-02-10T12:38:04.000Z
RE__88,RE,1095073,2026-07-29,2026-07-29T20:16:46.000Z
RE__88,RE,1095073,2026-04-29,2026-04-29T20:17:01.000Z
RE__88,RE,1095073,2026-02-04,2026-02-04T21:19:17.000Z
RE__88,RE,1095073,2025-10-27,2025-10-27T20:20:22.000Z
RE__88,RE,1095073,2025-07-30,2025-07-30T20:18:03.000Z
RE__88,RE,1095073,2025-04-30,2025-04-30T20:17:18.000Z
RE__88,RE,1095073,2025-02-03,2025-02-03T21:17:26.000Z
RE__88,RE,1095073,2025-01-27,2025-01-27T21:16:43.000Z
RE__88,RE,1095073,2024-10-30,2024-10-30T20:16:39.000Z
RE__88,RE,1095073,2024-07-31,2024-07-31T20:21:54.000Z
RE__88,RE,1095073,2024-04-29,2024-04-29T20:18:05.000Z
RE__88,RE,1095073,2024-02-07,2024-02-07T21:17:31.000Z
RE__88,RE,1095073,2023-10-25,2023-10-25T20:17:27.000Z
RE__88,RE,1095073,2023-07-26,2023-07-26T20:35:02.000Z
RE__88,RE,1095073,2023-05-01,2023-05-01T20:26:11.000Z
RE__88,RE,1095073,2023-02-08,2023-02-08T21:20:50.000Z
RE__88,RE,1095073,2022-10-26,2022-10-26T20:26:29.000Z
RE__88,RE,1095073,2022-07-27,2022-07-27T20:23:34.000Z
RE__88,RE,1095073,2022-04-27,2022-04-27T20:32:00.000Z
RE__88,RE,1095073,2022-02-09,2022-02-09T21:29:41.000Z
RE__88,RE,1095073,2021-10-28,2021-10-27T21:42:28.000Z
RE__88,RE,1095073,2021-07-28,2021-07-28T21:21:59.000Z
RE__88,RE,1095073,2021-04-28,2021-04-28T20:38:25.000Z
RE__88,RE,1095073,2021-02-09,2021-02-08T22:37:17.000Z
RE__88,RE,1095073,2020-10-29,2020-10-29T20:32:49.000Z
RE__88,RE,1095073,2020-08-05,2020-08-05T20:33:05.000Z
RE__88,RE,1095073,2020-05-06,2020-05-06T20:23:57.000Z
RE__88,RE,1095073,2020-02-10,2020-02-10T21:34:37.000Z
RE__88,RE,1095073,2019-10-28,2019-10-28T20:24:41.000Z
RE__88,RE,1095073,2019-07-29,2019-07-29T20:22:39.000Z
RE__88,RE,1095073,2019-05-06,2019-05-06T20:23:18.000Z
RE__88,RE,1095073,2019-02-11,2019-02-11T21:24:15.000Z
RE__88,RE,1095073,2018-10-29,2018-10-29T20:23:50.000Z
RE__88,RE,1095073,2018-07-30,2018-07-30T20:24:08.000Z
RE__88,RE,1095073,2018-04-25,2018-04-25T20:27:06.000Z
RE__88,RE,1095073,2018-02-05,2018-02-05T21:30:12.000Z
RE__88,RE,1095073,2017-10-30,2017-10-30T20:24:41.000Z
RE__88,RE,1095073,2017-07-24,2017-07-24T20:24:01.000Z
RE__88,RE,1095073,2017-04-24,2017-04-24T20:23:37.000Z
RE__88,RE,1095073,2017-02-06,2017-02-06T21:23:33.000Z
RE__88,RE,1095073,2016-10-24,2016-10-24T21:03:44.000Z
RE__88,RE,1095073,2016-07-25,2016-07-25T20:24:46.000Z
RE__88,RE,1095073,2016-04-25,2016-04-25T20:28:01.000Z
RE__88,RE,1095073,2016-02-03,2016-02-03T21:24:52.000Z
RE__88,RE,1095073,2015-10-26,2015-10-26T20:22:52.000Z
RE__88,RE,1095073,2015-07-27,2015-07-27T20:12:21.000Z
RE__88,RE,1095073,2015-04-27,2015-04-27T20:14:11.000Z
RE__88,RE,1095073,2015-02-04,2015-02-04T21:13:24.000Z
RHT__89,RHT,1087423,2019-06-20,2019-06-20T16:21:02.000Z
RHT__89,RHT,1087423,2019-03-25,2019-03-25T16:15:32.000Z
RHT__89,RHT,1087423,2018-12-17,2018-12-17T16:21:15.000Z
RHT__89,RHT,1087423,2018-09-19,2018-09-19T16:17:27.000Z
RHT__89,RHT,1087423,2018-06-21,2018-06-21T16:16:28.000Z
RHT__89,RHT,1087423,2018-03-26,2018-03-26T16:15:21.000Z
RHT__89,RHT,1087423,2017-12-19,2017-12-19T16:15:41.000Z
RHT__89,RHT,1087423,2017-09-25,2017-09-25T16:15:23.000Z
RHT__89,RHT,1087423,2017-06-20,2017-06-20T16:15:35.000Z
RHT__89,RHT,1087423,2017-03-27,2017-03-27T16:15:45.000Z
RHT__89,RHT,1087423,2016-12-21,2016-12-21T16:20:52.000Z
RHT__89,RHT,1087423,2016-09-21,2016-09-21T16:15:40.000Z
RHT__89,RHT,1087423,2016-06-22,2016-06-22T16:15:21.000Z
RHT__89,RHT,1087423,2016-03-22,2016-03-22T16:15:44.000Z
RHT__89,RHT,1087423,2015-12-17,2015-12-17T16:16:33.000Z
RHT__89,RHT,1087423,2015-09-21,2015-09-21T16:22:37.000Z
RHT__89,RHT,1087423,2015-06-18,2015-06-18T17:26:25.000Z
RHT__89,RHT,1087423,2015-03-25,2015-03-25T16:05:30.000Z
RTN__90,RTN,1047122,2020-01-30,2020-01-30T06:57:35.000Z
RTN__90,RTN,1047122,2019-10-24,2019-10-24T06:57:26.000Z
RTN__90,RTN,1047122,2019-07-25,2019-07-25T06:59:28.000Z
RTN__90,RTN,1047122,2019-04-25,2019-04-25T06:58:38.000Z
RTN__90,RTN,1047122,2019-01-31,2019-01-31T07:02:18.000Z
RTN__90,RTN,1047122,2018-10-25,2018-10-25T06:59:52.000Z
RTN__90,RTN,1047122,2018-07-26,2018-07-26T06:58:20.000Z
RTN__90,RTN,1047122,2018-04-26,2018-04-26T06:58:27.000Z
RTN__90,RTN,1047122,2018-01-25,2018-01-25T07:01:24.000Z
RTN__90,RTN,1047122,2017-10-26,2017-10-26T06:58:15.000Z
RTN__90,RTN,1047122,2017-07-27,2017-07-27T06:59:04.000Z
RTN__90,RTN,1047122,2017-04-27,2017-04-27T07:04:37.000Z
RTN__90,RTN,1047122,2017-01-26,2017-01-26T06:58:54.000Z
RTN__90,RTN,1047122,2016-10-27,2016-10-27T06:58:29.000Z
RTN__90,RTN,1047122,2016-07-28,2016-07-28T06:58:01.000Z
RTN__90,RTN,1047122,2016-04-28,2016-04-28T07:01:28.000Z
RTN__90,RTN,1047122,2016-01-28,2016-01-28T07:01:01.000Z
RTN__90,RTN,1047122,2015-10-22,2015-10-22T07:03:25.000Z
RTN__90,RTN,1047122,2015-07-23,2015-07-23T07:05:19.000Z
RTN__90,RTN,1047122,2015-04-23,2015-04-23T07:05:37.000Z
RTN__90,RTN,1047122,2015-01-29,2015-01-29T07:04:27.000Z
SCG__92,SCG,754737,2018-10-25,2018-10-25T10:20:05.000Z
SCG__92,SCG,754737,2018-08-02,2018-08-02T10:58:04.000Z
SCG__92,SCG,754737,2018-04-26,2018-04-26T10:19:34.000Z
SCG__92,SCG,754737,2018-02-22,2018-02-22T09:09:40.000Z
SCG__92,SCG,754737,2017-10-26,2017-10-26T10:37:49.000Z
SCG__92,SCG,754737,2017-08-03,2017-08-03T08:33:57.000Z
SCG__92,SCG,754737,2017-04-27,2017-04-27T09:19:03.000Z
SCG__92,SCG,754737,2017-02-16,2017-02-16T11:36:17.000Z
SCG__92,SCG,754737,2016-10-27,2016-10-27T10:04:58.000Z
SCG__92,SCG,754737,2016-07-28,2016-07-28T10:18:27.000Z
SCG__92,SCG,754737,2016-04-28,2016-04-28T09:34:40.000Z
SCG__92,SCG,754737,2016-02-18,2016-02-18T10:53:33.000Z
SCG__92,SCG,754737,2015-10-29,2015-10-29T09:45:24.000Z
SCG__92,SCG,754737,2015-07-30,2015-07-30T09:05:27.000Z
SCG__92,SCG,754737,2015-04-30,2015-04-30T08:36:55.000Z
SCG__92,SCG,754737,2015-02-19,2015-02-19T10:19:05.000Z
SE__93,SE,1373835,2017-02-17,2017-02-17T15:40:56.000Z
SE__93,SE,1373835,2016-11-02,2016-11-02T16:05:56.000Z
SE__93,SE,1373835,2016-08-03,2016-08-03T16:31:55.000Z
SE__93,SE,1373835,2016-05-04,2016-05-04T17:03:33.000Z
SE__93,SE,1373835,2016-02-03,2016-02-03T17:11:01.000Z
SE__93,SE,1373835,2015-11-04,2015-11-04T15:10:53.000Z
SE__93,SE,1373835,2015-08-05,2015-08-05T17:00:00.000Z
SE__93,SE,1373835,2015-05-06,2015-05-06T16:30:53.000Z
SE__93,SE,1373835,2015-02-04,2015-02-04T15:11:00.000Z
SNDK__94,SNDK,1000180,2016-04-27,2016-04-27T16:09:46.000Z
SNDK__94,SNDK,1000180,2016-01-27,2016-01-27T16:48:08.000Z
SNDK__94,SNDK,1000180,2015-10-21,2015-10-21T08:09:01.000Z
SNDK__94,SNDK,1000180,2015-07-22,2015-07-22T16:05:55.000Z
SNDK__94,SNDK,1000180,2015-04-15,2015-04-15T16:05:58.000Z
SNDK__94,SNDK,1000180,2015-01-21,2015-01-21T16:08:58.000Z
SNDK__94,SNDK,1000180,2015-01-12,2015-01-12T08:07:41.000Z
SNDK__95,SNDK,2023554,2026-08-05,2026-08-05T20:09:06.000Z
SNDK__95,SNDK,2023554,2026-04-30,2026-04-30T20:07:41.000Z
SNDK__95,SNDK,2023554,2026-01-29,2026-01-29T21:09:43.000Z
SNDK__95,SNDK,2023554,2025-11-06,2025-11-06T21:13:25.000Z
SNDK__95,SNDK,2023554,2025-08-14,2025-08-14T20:10:43.000Z
SNDK__95,SNDK,2023554,2025-05-07,2025-05-07T20:10:36.000Z
SNI__96,SNI,1430602,2018-02-26,2018-02-26T16:15:18.000Z
SNI__96,SNI,1430602,2017-11-01,2017-11-01T16:44:16.000Z
SNI__96,SNI,1430602,2017-07-31,2017-07-31T06:57:03.000Z
SNI__96,SNI,1430602,2017-05-04,2017-05-04T09:00:43.000Z
SNI__96,SNI,1430602,2017-02-21,2017-02-21T11:53:28.000Z
SNI__96,SNI,1430602,2016-11-07,2016-11-07T14:13:38.000Z
SNI__96,SNI,1430602,2016-08-09,2016-08-09T08:58:58.000Z
SNI__96,SNI,1430602,2016-05-05,2016-05-05T11:22:11.000Z
SNI__96,SNI,1430602,2016-02-23,2016-02-23T11:58:22.000Z
SNI__96,SNI,1430602,2015-11-09,2015-11-09T14:03:59.000Z
SNI__96,SNI,1430602,2015-08-04,2015-08-04T09:47:03.000Z
SNI__96,SNI,1430602,2015-05-07,2015-05-07T09:44:36.000Z
SNI__96,SNI,1430602,2015-02-12,2015-02-12T09:51:01.000Z
SPLS__97,SPLS,791519,2017-08-24,2017-08-24T12:24:45.000Z
SPLS__97,SPLS,791519,2017-08-10,2017-08-10T06:57:13.000Z
SPLS__97,SPLS,791519,2017-05-16,2017-05-16T06:05:17.000Z
SPLS__97,SPLS,791519,2017-03-09,2017-03-09T06:05:23.000Z
SPLS__97,SPLS,791519,2016-11-17,2016-11-17T06:05:19.000Z
SPLS__97,SPLS,791519,2016-08-17,2016-08-17T06:05:33.000Z
SPLS__97,SPLS,791519,2016-05-18,2016-05-18T06:05:22.000Z
SPLS__97,SPLS,791519,2016-03-04,2016-03-04T06:05:15.000Z
SPLS__97,SPLS,791519,2015-11-18,2015-11-18T06:07:55.000Z
SPLS__97,SPLS,791519,2015-08-19,2015-08-19T06:05:29.000Z
SPLS__97,SPLS,791519,2015-05-20,2015-05-20T06:05:55.000Z
SPLS__97,SPLS,791519,2015-03-06,2015-03-06T06:05:30.000Z
STI__98,STI,750556,2019-10-17,2019-10-17T06:05:53.000Z
STI__98,STI,750556,2019-07-18,2019-07-18T08:25:41.000Z
STI__98,STI,750556,2019-04-18,2019-04-18T06:07:03.000Z
STI__98,STI,750556,2019-01-18,2019-01-18T06:07:12.000Z
STI__98,STI,750556,2018-10-19,2018-10-19T06:01:57.000Z
STI__98,STI,750556,2018-07-20,2018-07-20T06:05:17.000Z
STI__98,STI,750556,2018-04-20,2018-04-20T06:04:41.000Z
STI__98,STI,750556,2018-01-19,2018-01-19T06:02:46.000Z
STI__98,STI,750556,2017-10-20,2017-10-20T06:04:08.000Z
STI__98,STI,750556,2017-07-21,2017-07-21T06:02:27.000Z
STI__98,STI,750556,2017-04-21,2017-04-21T06:02:31.000Z
STI__98,STI,750556,2017-01-20,2017-01-20T06:03:07.000Z
STI__98,STI,750556,2016-10-21,2016-10-21T06:00:45.000Z
STI__98,STI,750556,2016-07-22,2016-07-22T06:02:52.000Z
STI__98,STI,750556,2016-04-22,2016-04-22T06:03:10.000Z
STI__98,STI,750556,2016-01-22,2016-01-22T06:02:47.000Z
STI__98,STI,750556,2015-10-16,2015-10-16T06:03:35.000Z
STI__98,STI,750556,2015-07-17,2015-07-17T06:06:53.000Z
STI__98,STI,750556,2015-04-20,2015-04-20T06:03:09.000Z
STJ__99,STJ,203077,2016-10-19,2016-10-19T07:21:44.000Z
STJ__99,STJ,203077,2016-07-20,2016-07-20T07:25:22.000Z
STJ__99,STJ,203077,2016-04-20,2016-04-20T07:21:42.000Z
STJ__99,STJ,203077,2016-01-27,2016-01-27T07:19:17.000Z
STJ__99,STJ,203077,2016-01-13,2016-01-13T13:32:39.000Z
STJ__99,STJ,203077,2016-01-13,2016-01-13T08:07:36.000Z
STJ__99,STJ,203077,2015-10-21,2015-10-21T07:19:13.000Z
STJ__99,STJ,203077,2015-07-22,2015-07-22T07:08:58.000Z
STJ__99,STJ,203077,2015-04-22,2015-04-22T07:20:51.000Z
STJ__99,STJ,203077,2015-01-28,2015-01-28T07:18:51.000Z
STJ__99,STJ,203077,2015-01-14,2015-01-14T09:07:50.000Z
SYMC__100,SYMC,849399,2026-08-06,2026-08-06T20:06:05.000Z
SYMC__100,SYMC,849399,2026-05-07,2026-05-07T20:00:39.000Z
SYMC__100,SYMC,849399,2026-02-05,2026-02-05T21:05:56.000Z
SYMC__100,SYMC,849399,2025-11-06,2025-11-06T21:07:45.000Z
SYMC__100,SYMC,849399,2025-08-07,2025-08-07T20:08:06.000Z
SYMC__100,SYMC,849399,2025-05-06,2025-05-06T20:05:44.000Z
SYMC__100,SYMC,849399,2025-01-30,2025-01-30T21:06:05.000Z
SYMC__100,SYMC,849399,2024-10-30,2024-10-30T20:05:22.000Z
SYMC__100,SYMC,849399,2024-08-01,2024-08-01T20:05:37.000Z
SYMC__100,SYMC,849399,2024-05-09,2024-05-09T20:06:08.000Z
SYMC__100,SYMC,849399,2024-02-01,2024-02-01T21:09:39.000Z
SYMC__100,SYMC,849399,2023-11-07,2023-11-07T13:02:21.000Z
SYMC__100,SYMC,849399,2023-08-03,2023-08-03T20:04:01.000Z
SYMC__100,SYMC,849399,2023-05-11,2023-05-11T20:02:35.000Z
SYMC__100,SYMC,849399,2023-02-02,2023-02-02T21:06:17.000Z
SYMC__100,SYMC,849399,2022-11-08,2022-11-08T21:03:13.000Z
SYMC__100,SYMC,849399,2022-08-04,2022-08-04T20:06:29.000Z
SYMC__100,SYMC,849399,2022-05-05,2022-05-05T20:51:13.000Z
SYMC__100,SYMC,849399,2022-02-03,2022-02-03T21:11:20.000Z
SYMC__100,SYMC,849399,2021-11-04,2021-11-04T20:03:08.000Z
SYMC__100,SYMC,849399,2021-07-27,2021-07-27T20:49:09.000Z
SYMC__100,SYMC,849399,2021-05-10,2021-05-10T20:31:07.000Z
SYMC__100,SYMC,849399,2021-02-04,2021-02-04T21:12:23.000Z
SYMC__100,SYMC,849399,2020-11-05,2020-11-05T21:15:02.000Z
SYMC__100,SYMC,849399,2020-08-06,2020-08-06T20:16:22.000Z
SYMC__100,SYMC,849399,2020-05-14,2020-05-14T20:24:04.000Z
SYMC__100,SYMC,849399,2020-02-06,2020-02-06T21:22:02.000Z
SYMC__100,SYMC,849399,2019-11-07,2019-11-07T21:29:12.000Z
SYMC__100,SYMC,849399,2019-08-08,2019-08-08T20:36:18.000Z
SYMC__100,SYMC,849399,2019-05-09,2019-05-09T20:23:48.000Z
SYMC__100,SYMC,849399,2019-01-31,2019-01-31T21:20:25.000Z
SYMC__100,SYMC,849399,2018-11-01,2018-11-01T20:24:10.000Z
SYMC__100,SYMC,849399,2018-09-25,2018-09-25T20:31:58.000Z
SYMC__100,SYMC,849399,2018-08-02,2018-08-02T20:07:30.000Z
SYMC__100,SYMC,849399,2018-05-10,2018-05-10T20:06:35.000Z
SYMC__100,SYMC,849399,2018-01-31,2018-01-31T21:27:06.000Z
SYMC__100,SYMC,849399,2017-11-01,2017-11-01T20:24:54.000Z
SYMC__100,SYMC,849399,2017-08-02,2017-08-02T20:07:50.000Z
SYMC__100,SYMC,849399,2017-05-10,2017-05-10T21:12:38.000Z
SYMC__100,SYMC,849399,2017-02-01,2017-02-01T21:33:37.000Z
SYMC__100,SYMC,849399,2016-11-03,2016-11-03T20:28:12.000Z
SYMC__100,SYMC,849399,2016-08-04,2016-08-04T20:10:29.000Z
SYMC__100,SYMC,849399,2016-05-12,2016-05-12T20:51:29.000Z
SYMC__100,SYMC,849399,2016-04-28,2016-04-28T11:15:30.000Z
SYMC__100,SYMC,849399,2016-02-04,2016-02-04T21:10:35.000Z
SYMC__100,SYMC,849399,2016-01-20,2016-01-19T23:41:06.000Z
SYMC__100,SYMC,849399,2015-11-05,2015-11-05T12:47:06.000Z
SYMC__100,SYMC,849399,2015-08-11,2015-08-11T11:05:19.000Z
SYMC__100,SYMC,849399,2015-05-14,2015-05-14T20:15:53.000Z
SYMC__100,SYMC,849399,2015-02-05,2015-02-05T21:16:27.000Z
TE__101,TE,350563,2016-05-05,2016-05-05T08:00:08.000Z
TE__101,TE,350563,2016-02-04,2016-02-04T08:30:31.000Z
TE__101,TE,350563,2015-11-05,2015-11-05T08:30:37.000Z
TE__101,TE,350563,2015-08-05,2015-08-05T17:01:34.000Z
TE__101,TE,350563,2015-07-30,2015-07-30T08:01:08.000Z
TE__101,TE,350563,2015-04-28,2015-04-28T16:32:01.000Z
TE__101,TE,350563,2015-02-09,2015-02-09T08:22:34.000Z
TIF__102,TIF,98246,2020-11-24,2020-11-24T06:35:32.000Z
TIF__102,TIF,98246,2020-08-27,2020-08-27T06:49:51.000Z
TIF__102,TIF,98246,2020-06-09,2020-06-09T06:30:44.000Z
TIF__102,TIF,98246,2020-03-20,2020-03-20T06:45:46.000Z
TIF__102,TIF,98246,2019-12-05,2019-12-05T06:45:33.000Z
TIF__102,TIF,98246,2019-08-28,2019-08-28T06:43:19.000Z
TIF__102,TIF,98246,2019-06-04,2019-06-04T06:43:25.000Z
TIF__102,TIF,98246,2019-03-22,2019-03-22T06:41:37.000Z
TIF__102,TIF,98246,2018-11-28,2018-11-28T06:49:29.000Z
TIF__102,TIF,98246,2018-08-28,2018-08-28T06:44:43.000Z
TIF__102,TIF,98246,2018-03-16,2018-03-16T06:33:56.000Z
TIF__102,TIF,98246,2017-11-29,2017-11-29T06:45:50.000Z
TIF__102,TIF,98246,2017-08-24,2017-08-24T06:43:40.000Z
TIF__102,TIF,98246,2017-05-24,2017-05-24T06:39:52.000Z
TIF__102,TIF,98246,2017-03-17,2017-03-17T06:44:25.000Z
TIF__102,TIF,98246,2016-11-29,2016-11-29T06:45:17.000Z
TIF__102,TIF,98246,2016-08-25,2016-08-25T06:45:11.000Z
TIF__102,TIF,98246,2016-05-25,2016-05-25T06:45:00.000Z
TIF__102,TIF,98246,2016-03-18,2016-03-18T06:42:56.000Z
TIF__102,TIF,98246,2015-11-24,2015-11-24T06:45:21.000Z
TIF__102,TIF,98246,2015-08-27,2015-08-27T08:06:22.000Z
TIF__102,TIF,98246,2015-05-27,2015-05-27T07:29:12.000Z
TIF__102,TIF,98246,2015-03-20,2015-03-20T07:22:40.000Z
TMK__103,TMK,320335,2026-07-22,2026-07-22T20:34:35.000Z
TMK__103,TMK,320335,2026-04-22,2026-04-22T20:44:37.000Z
TMK__103,TMK,320335,2026-02-04,2026-02-04T21:45:50.000Z
TMK__103,TMK,320335,2025-10-22,2025-10-22T20:17:41.000Z
TMK__103,TMK,320335,2025-07-23,2025-07-23T20:39:26.000Z
TMK__103,TMK,320335,2025-04-30,2025-04-30T20:43:44.000Z
TMK__103,TMK,320335,2025-02-05,2025-02-05T21:46:32.000Z
TMK__103,TMK,320335,2024-10-23,2024-10-23T20:41:12.000Z
TMK__103,TMK,320335,2024-07-24,2024-07-24T20:53:58.000Z
TMK__103,TMK,320335,2024-04-22,2024-04-22T20:48:08.000Z
TMK__103,TMK,320335,2024-02-07,2024-02-07T21:35:57.000Z
TMK__103,TMK,320335,2023-10-25,2023-10-25T20:44:12.000Z
TMK__103,TMK,320335,2023-07-26,2023-07-26T20:48:12.000Z
TMK__103,TMK,320335,2023-05-03,2023-05-03T20:41:00.000Z
TMK__103,TMK,320335,2023-02-01,2023-02-01T21:21:16.000Z
TMK__103,TMK,320335,2022-10-26,2022-10-26T20:31:42.000Z
TMK__103,TMK,320335,2022-07-27,2022-07-27T20:37:46.000Z
TMK__103,TMK,320335,2022-04-20,2022-04-20T20:24:24.000Z
TMK__103,TMK,320335,2022-02-02,2022-02-02T21:38:02.000Z
TMK__103,TMK,320335,2021-10-20,2021-10-20T20:50:33.000Z
TMK__103,TMK,320335,2021-07-21,2021-07-21T20:58:32.000Z
TMK__103,TMK,320335,2021-04-21,2021-04-21T20:44:10.000Z
TMK__103,TMK,320335,2021-02-02,2021-02-02T22:09:58.000Z
TMK__103,TMK,320335,2020-10-21,2020-10-21T20:52:51.000Z
TMK__103,TMK,320335,2020-07-22,2020-07-22T20:46:40.000Z
TMK__103,TMK,320335,2020-04-22,2020-04-22T20:46:22.000Z
TMK__103,TMK,320335,2020-02-04,2020-02-04T22:07:01.000Z
TMK__103,TMK,320335,2019-10-23,2019-10-23T20:53:22.000Z
TMK__103,TMK,320335,2019-07-24,2019-07-24T20:33:06.000Z
TMK__103,TMK,320335,2019-04-17,2019-04-17T20:59:44.000Z
TMK__103,TMK,320335,2019-02-05,2019-02-05T21:36:18.000Z
TMK__103,TMK,320335,2018-10-24,2018-10-24T20:44:36.000Z
TMK__103,TMK,320335,2018-07-25,2018-07-25T20:36:45.000Z
TMK__103,TMK,320335,2018-04-18,2018-04-18T20:47:28.000Z
TMK__103,TMK,320335,2018-02-07,2018-02-07T21:34:33.000Z
TMK__103,TMK,320335,2017-10-24,2017-10-24T20:24:43.000Z
TMK__103,TMK,320335,2017-07-26,2017-07-26T20:18:33.000Z
TMK__103,TMK,320335,2017-04-19,2017-04-19T20:34:13.000Z
TMK__103,TMK,320335,2017-02-01,2017-02-01T21:43:50.000Z
TMK__103,TMK,320335,2016-10-25,2016-10-25T20:44:12.000Z
TMK__103,TMK,320335,2016-07-27,2016-07-27T20:47:43.000Z
TMK__103,TMK,320335,2016-04-26,2016-04-26T20:22:49.000Z
TMK__103,TMK,320335,2016-02-03,2016-02-03T22:12:38.000Z
TMK__103,TMK,320335,2015-10-26,2015-10-26T20:42:32.000Z
TMK__103,TMK,320335,2015-07-27,2015-07-27T20:43:24.000Z
TMK__103,TMK,320335,2015-04-22,2015-04-22T20:26:04.000Z
TMK__103,TMK,320335,2015-02-02,2015-02-02T21:25:00.000Z
TSS__104,TSS,721683,2019-07-31,2019-07-31T17:03:52.000Z
TSS__104,TSS,721683,2019-04-23,2019-04-23T16:15:43.000Z
TSS__104,TSS,721683,2019-01-29,2019-01-29T16:15:29.000Z
TSS__104,TSS,721683,2018-10-23,2018-10-23T16:16:53.000Z
TSS__104,TSS,721683,2018-07-24,2018-07-24T16:15:27.000Z
TSS__104,TSS,721683,2018-01-23,2018-01-23T16:16:05.000Z
TSS__104,TSS,721683,2017-10-24,2017-10-24T16:16:12.000Z
TSS__104,TSS,721683,2017-07-25,2017-07-25T16:15:07.000Z
TSS__104,TSS,721683,2017-04-25,2017-04-25T16:15:45.000Z
TSS__104,TSS,721683,2017-01-24,2017-01-24T16:15:24.000Z
TSS__104,TSS,721683,2016-10-25,2016-10-25T16:15:56.000Z
TSS__104,TSS,721683,2016-07-26,2016-07-26T16:16:56.000Z
TSS__104,TSS,721683,2016-04-26,2016-04-26T16:15:40.000Z
TSS__104,TSS,721683,2016-01-26,2016-01-26T16:18:35.000Z
TSS__104,TSS,721683,2015-10-27,2015-10-27T16:15:58.000Z
TSS__104,TSS,721683,2015-07-28,2015-07-28T16:01:54.000Z
TSS__104,TSS,721683,2015-04-28,2015-04-28T16:01:55.000Z
TSS__104,TSS,721683,2015-01-27,2015-01-27T16:00:32.000Z
TWC__105,TWC,1377013,2016-04-28,2016-04-28T11:12:09.000Z
TWC__105,TWC,1377013,2016-01-28,2016-01-28T12:16:05.000Z
TWC__105,TWC,1377013,2015-10-29,2015-10-29T11:09:37.000Z
TWC__105,TWC,1377013,2015-07-30,2015-07-30T11:09:05.000Z
TWC__105,TWC,1377013,2015-04-30,2015-04-30T11:09:35.000Z
TWC__105,TWC,1377013,2015-01-29,2015-01-29T12:18:38.000Z
TWX__106,TWX,1105705,2018-04-26,2018-04-26T08:20:55.000Z
TWX__106,TWX,1105705,2018-02-01,2018-02-01T08:16:36.000Z
TWX__106,TWX,1105705,2017-10-26,2017-10-26T08:07:03.000Z
TWX__106,TWX,1105705,2017-08-02,2017-08-02T07:23:57.000Z
TWX__106,TWX,1105705,2017-05-03,2017-05-03T07:26:03.000Z
TWX__106,TWX,1105705,2017-02-08,2017-02-08T07:09:02.000Z
TWX__106,TWX,1105705,2016-11-02,2016-11-02T07:11:32.000Z
TWX__106,TWX,1105705,2016-10-24,2016-10-24T06:34:37.000Z
TWX__106,TWX,1105705,2016-08-03,2016-08-03T07:20:56.000Z
TWX__106,TWX,1105705,2016-05-04,2016-05-04T07:26:02.000Z
TWX__106,TWX,1105705,2016-02-10,2016-02-10T08:14:37.000Z
TWX__106,TWX,1105705,2015-11-04,2015-11-04T08:06:05.000Z
TWX__106,TWX,1105705,2015-08-05,2015-08-05T08:06:36.000Z
TWX__106,TWX,1105705,2015-04-29,2015-04-29T08:19:34.000Z
TWX__106,TWX,1105705,2015-02-11,2015-02-11T10:07:35.000Z
UTX__107,UTX,101829,2026-07-23,2026-07-23T10:51:03.000Z
UTX__107,UTX,101829,2026-04-21,2026-04-21T11:08:52.000Z
UTX__107,UTX,101829,2026-01-27,2026-01-27T11:57:34.000Z
UTX__107,UTX,101829,2025-10-21,2025-10-21T10:56:50.000Z
UTX__107,UTX,101829,2025-07-22,2025-07-22T10:58:52.000Z
UTX__107,UTX,101829,2025-04-22,2025-04-22T11:00:26.000Z
UTX__107,UTX,101829,2025-01-28,2025-01-28T12:11:25.000Z
UTX__107,UTX,101829,2024-10-22,2024-10-22T11:00:03.000Z
UTX__107,UTX,101829,2024-07-25,2024-07-25T10:47:41.000Z
UTX__107,UTX,101829,2024-04-23,2024-04-23T10:59:26.000Z
UTX__107,UTX,101829,2024-01-23,2024-01-23T11:58:25.000Z
UTX__107,UTX,101829,2023-10-24,2023-10-24T10:57:04.000Z
UTX__107,UTX,101829,2023-07-25,2023-07-25T10:59:24.000Z
UTX__107,UTX,101829,2023-04-25,2023-04-25T10:56:52.000Z
UTX__107,UTX,101829,2023-01-24,2023-01-24T11:50:30.000Z
UTX__107,UTX,101829,2022-10-25,2022-10-25T10:58:41.000Z
UTX__107,UTX,101829,2022-07-26,2022-07-26T10:58:02.000Z
UTX__107,UTX,101829,2022-04-26,2022-04-26T10:59:07.000Z
UTX__107,UTX,101829,2022-01-25,2022-01-25T11:56:32.000Z
UTX__107,UTX,101829,2021-10-26,2021-10-26T10:56:54.000Z
UTX__107,UTX,101829,2021-07-27,2021-07-27T10:57:30.000Z
UTX__107,UTX,101829,2021-04-27,2021-04-27T11:03:41.000Z
UTX__107,UTX,101829,2021-01-26,2021-01-26T11:57:46.000Z
UTX__107,UTX,101829,2020-10-27,2020-10-27T10:59:56.000Z
UTX__107,UTX,101829,2020-07-28,2020-07-28T10:58:54.000Z
UTX__107,UTX,101829,2020-05-07,2020-05-07T11:07:49.000Z
UTX__107,UTX,101829,2020-01-28,2020-01-28T11:46:45.000Z
UTX__107,UTX,101829,2019-10-22,2019-10-22T11:01:03.000Z
UTX__107,UTX,101829,2019-07-23,2019-07-23T11:04:18.000Z
UTX__107,UTX,101829,2019-04-23,2019-04-23T11:09:06.000Z
UTX__107,UTX,101829,2019-01-23,2019-01-23T12:10:20.000Z
UTX__107,UTX,101829,2018-10-23,2018-10-23T11:20:49.000Z
UTX__107,UTX,101829,2018-07-24,2018-07-24T11:06:17.000Z
UTX__107,UTX,101829,2018-04-24,2018-04-24T11:11:29.000Z
UTX__107,UTX,101829,2018-01-24,2018-01-24T11:18:41.000Z
UTX__107,UTX,101829,2017-07-25,2017-07-25T11:08:45.000Z
UTX__107,UTX,101829,2017-04-26,2017-04-26T10:56:45.000Z
UTX__107,UTX,101829,2017-01-25,2017-01-25T12:10:16.000Z
UTX__107,UTX,101829,2016-10-25,2016-10-25T11:09:33.000Z
UTX__107,UTX,101829,2016-07-26,2016-07-26T11:10:57.000Z
UTX__107,UTX,101829,2016-04-27,2016-04-27T11:29:39.000Z
UTX__107,UTX,101829,2016-01-27,2016-01-27T12:28:40.000Z
UTX__107,UTX,101829,2015-10-20,2015-10-20T11:20:18.000Z
UTX__107,UTX,101829,2015-07-21,2015-07-21T11:20:18.000Z
UTX__107,UTX,101829,2015-04-21,2015-04-21T12:17:00.000Z
UTX__107,UTX,101829,2015-01-26,2015-01-26T21:21:01.000Z
VAR__108,VAR,203527,2021-01-26,2021-01-26T16:42:03.000Z
VAR__108,VAR,203527,2020-10-27,2020-10-27T17:16:06.000Z
VAR__108,VAR,203527,2020-08-03,2020-08-03T08:48:12.000Z
VAR__108,VAR,203527,2020-05-04,2020-05-04T16:21:02.000Z
VAR__108,VAR,203527,2020-01-29,2020-01-29T16:33:23.000Z
VAR__108,VAR,203527,2019-10-23,2019-10-23T16:14:22.000Z
VAR__108,VAR,203527,2019-07-24,2019-07-24T16:12:56.000Z
VAR__108,VAR,203527,2019-04-24,2019-04-24T16:20:12.000Z
VAR__108,VAR,203527,2019-01-23,2019-01-23T16:20:25.000Z
VAR__108,VAR,203527,2018-10-23,2018-10-23T16:26:06.000Z
VAR__108,VAR,203527,2018-07-25,2018-07-25T16:30:31.000Z
VAR__108,VAR,203527,2018-04-25,2018-04-25T16:41:56.000Z
VAR__108,VAR,203527,2018-01-24,2018-01-24T16:37:52.000Z
VAR__108,VAR,203527,2017-10-25,2017-10-25T16:30:34.000Z
VAR__108,VAR,203527,2017-07-26,2017-07-26T16:30:27.000Z
VAR__108,VAR,203527,2017-04-26,2017-04-26T17:09:31.000Z
VAR__108,VAR,203527,2017-01-25,2017-01-25T16:15:37.000Z
VAR__108,VAR,203527,2016-10-26,2016-10-26T16:05:49.000Z
VAR__108,VAR,203527,2016-07-27,2016-07-27T16:35:41.000Z
VAR__108,VAR,203527,2016-04-27,2016-04-27T16:54:06.000Z
VAR__108,VAR,203527,2016-01-27,2016-01-27T16:40:10.000Z
VAR__108,VAR,203527,2015-10-28,2015-10-28T16:27:07.000Z
VAR__108,VAR,203527,2015-10-19,2015-10-19T16:49:22.000Z
VAR__108,VAR,203527,2015-07-29,2015-07-29T16:36:25.000Z
VAR__108,VAR,203527,2015-04-29,2015-04-29T16:19:29.000Z
VAR__108,VAR,203527,2015-01-28,2015-01-28T16:10:33.000Z
VIAB__109,VIAB,813828,2025-07-31,2025-07-31T20:08:45.000Z
VIAB__109,VIAB,813828,2025-05-08,2025-05-08T20:06:32.000Z
VIAB__109,VIAB,813828,2025-02-26,2025-02-26T21:12:38.000Z
VIAB__109,VIAB,813828,2024-11-08,2024-11-08T12:12:58.000Z
VIAB__109,VIAB,813828,2024-08-08,2024-08-08T20:12:09.000Z
VIAB__109,VIAB,813828,2024-04-29,2024-04-29T20:19:06.000Z
VIAB__109,VIAB,813828,2024-02-28,2024-02-28T21:06:05.000Z
VIAB__109,VIAB,813828,2023-11-02,2023-11-02T20:04:12.000Z
VIAB__109,VIAB,813828,2023-08-07,2023-08-07T20:13:37.000Z
VIAB__109,VIAB,813828,2023-05-04,2023-05-04T11:10:03.000Z
VIAB__109,VIAB,813828,2023-02-16,2023-02-16T12:20:06.000Z
VIAB__109,VIAB,813828,2022-11-02,2022-11-02T11:09:13.000Z
VIAB__109,VIAB,813828,2022-08-04,2022-08-04T11:06:10.000Z
VIAB__109,VIAB,813828,2022-05-03,2022-05-03T11:19:02.000Z
VIAB__109,VIAB,813828,2022-02-15,2022-02-15T21:07:04.000Z
VIAB__109,VIAB,813828,2021-11-04,2021-11-04T11:08:06.000Z
VIAB__109,VIAB,813828,2021-08-05,2021-08-05T11:11:04.000Z
VIAB__109,VIAB,813828,2021-05-06,2021-05-06T11:14:12.000Z
VIAB__109,VIAB,813828,2021-02-24,2021-02-24T21:04:14.000Z
VIAB__109,VIAB,813828,2020-11-06,2020-11-06T12:26:08.000Z
VIAB__109,VIAB,813828,2020-08-06,2020-08-06T11:08:59.000Z
VIAB__109,VIAB,813828,2020-05-07,2020-05-07T11:10:23.000Z
VIAB__109,VIAB,813828,2020-02-20,2020-02-20T12:14:56.000Z
VIAB__109,VIAB,813828,2019-11-12,2019-11-12T13:03:35.000Z
VIAB__109,VIAB,813828,2019-08-08,2019-08-08T20:09:23.000Z
VIAB__109,VIAB,813828,2019-05-02,2019-05-02T20:10:25.000Z
VIAB__109,VIAB,813828,2019-02-14,2019-02-14T21:09:23.000Z
VIAB__109,VIAB,813828,2018-11-01,2018-11-01T20:11:29.000Z
VIAB__109,VIAB,813828,2018-08-02,2018-08-02T20:10:40.000Z
VIAB__109,VIAB,813828,2018-05-03,2018-05-03T20:07:58.000Z
VIAB__109,VIAB,813828,2018-02-15,2018-02-15T21:10:56.000Z
VIAB__109,VIAB,813828,2017-11-02,2017-11-02T20:09:30.000Z
VIAB__109,VIAB,813828,2017-08-07,2017-08-07T20:08:46.000Z
VIAB__109,VIAB,813828,2017-05-04,2017-05-04T20:09:31.000Z
VIAB__109,VIAB,813828,2017-02-15,2017-02-15T21:08:56.000Z
VIAB__109,VIAB,813828,2016-11-03,2016-11-03T20:12:42.000Z
VIAB__109,VIAB,813828,2016-10-14,2016-10-14T16:20:00.000Z
VIAB__109,VIAB,813828,2016-07-28,2016-07-28T20:10:53.000Z
VIAB__109,VIAB,813828,2016-05-03,2016-05-03T20:08:51.000Z
VIAB__109,VIAB,813828,2016-02-11,2016-02-11T21:10:45.000Z
VIAB__109,VIAB,813828,2015-11-03,2015-11-03T21:12:33.000Z
VIAB__109,VIAB,813828,2015-08-05,2015-08-05T20:04:29.000Z
VIAB__109,VIAB,813828,2015-05-07,2015-05-07T20:07:24.000Z
VIAB__109,VIAB,813828,2015-02-12,2015-02-12T21:06:11.000Z
VIAC__110,VIAC,813828,2025-07-31,2025-07-31T20:08:45.000Z
VIAC__110,VIAC,813828,2025-05-08,2025-05-08T20:06:32.000Z
VIAC__110,VIAC,813828,2025-02-26,2025-02-26T21:12:38.000Z
VIAC__110,VIAC,813828,2024-11-08,2024-11-08T12:12:58.000Z
VIAC__110,VIAC,813828,2024-08-08,2024-08-08T20:12:09.000Z
VIAC__110,VIAC,813828,2024-04-29,2024-04-29T20:19:06.000Z
VIAC__110,VIAC,813828,2024-02-28,2024-02-28T21:06:05.000Z
VIAC__110,VIAC,813828,2023-11-02,2023-11-02T20:04:12.000Z
VIAC__110,VIAC,813828,2023-08-07,2023-08-07T20:13:37.000Z
VIAC__110,VIAC,813828,2023-05-04,2023-05-04T11:10:03.000Z
VIAC__110,VIAC,813828,2023-02-16,2023-02-16T12:20:06.000Z
VIAC__110,VIAC,813828,2022-11-02,2022-11-02T11:09:13.000Z
VIAC__110,VIAC,813828,2022-08-04,2022-08-04T11:06:10.000Z
VIAC__110,VIAC,813828,2022-05-03,2022-05-03T11:19:02.000Z
VIAC__110,VIAC,813828,2022-02-15,2022-02-15T21:07:04.000Z
VIAC__110,VIAC,813828,2021-11-04,2021-11-04T11:08:06.000Z
VIAC__110,VIAC,813828,2021-08-05,2021-08-05T11:11:04.000Z
VIAC__110,VIAC,813828,2021-05-06,2021-05-06T11:14:12.000Z
VIAC__110,VIAC,813828,2021-02-24,2021-02-24T21:04:14.000Z
VIAC__110,VIAC,813828,2020-11-06,2020-11-06T12:26:08.000Z
VIAC__110,VIAC,813828,2020-08-06,2020-08-06T11:08:59.000Z
VIAC__110,VIAC,813828,2020-05-07,2020-05-07T11:10:23.000Z
VIAC__110,VIAC,813828,2020-02-20,2020-02-20T12:14:56.000Z
VIAC__110,VIAC,813828,2019-11-12,2019-11-12T13:03:35.000Z
VIAC__110,VIAC,813828,2019-08-08,2019-08-08T20:09:23.000Z
VIAC__110,VIAC,813828,2019-05-02,2019-05-02T20:10:25.000Z
VIAC__110,VIAC,813828,2019-02-14,2019-02-14T21:09:23.000Z
VIAC__110,VIAC,813828,2018-11-01,2018-11-01T20:11:29.000Z
VIAC__110,VIAC,813828,2018-08-02,2018-08-02T20:10:40.000Z
VIAC__110,VIAC,813828,2018-05-03,2018-05-03T20:07:58.000Z
VIAC__110,VIAC,813828,2018-02-15,2018-02-15T21:10:56.000Z
VIAC__110,VIAC,813828,2017-11-02,2017-11-02T20:09:30.000Z
VIAC__110,VIAC,813828,2017-08-07,2017-08-07T20:08:46.000Z
VIAC__110,VIAC,813828,2017-05-04,2017-05-04T20:09:31.000Z
VIAC__110,VIAC,813828,2017-02-15,2017-02-15T21:08:56.000Z
VIAC__110,VIAC,813828,2016-11-03,2016-11-03T20:12:42.000Z
VIAC__110,VIAC,813828,2016-10-14,2016-10-14T16:20:00.000Z
VIAC__110,VIAC,813828,2016-07-28,2016-07-28T20:10:53.000Z
VIAC__110,VIAC,813828,2016-05-03,2016-05-03T20:08:51.000Z
VIAC__110,VIAC,813828,2016-02-11,2016-02-11T21:10:45.000Z
VIAC__110,VIAC,813828,2015-11-03,2015-11-03T21:12:33.000Z
VIAC__110,VIAC,813828,2015-08-05,2015-08-05T20:04:29.000Z
VIAC__110,VIAC,813828,2015-05-07,2015-05-07T20:07:24.000Z
VIAC__110,VIAC,813828,2015-02-12,2015-02-12T21:06:11.000Z
WCG__111,WCG,1279363,2019-10-30,2019-10-30T08:06:03.000Z
WCG__111,WCG,1279363,2019-07-30,2019-07-30T08:51:43.000Z
WCG__111,WCG,1279363,2019-04-30,2019-04-30T07:59:48.000Z
WCG__111,WCG,1279363,2019-02-05,2019-02-05T08:56:10.000Z
WCG__111,WCG,1279363,2018-10-30,2018-10-30T08:11:15.000Z
WCG__111,WCG,1279363,2018-07-31,2018-07-31T07:42:24.000Z
WCG__111,WCG,1279363,2018-05-01,2018-05-01T07:42:15.000Z
WCG__111,WCG,1279363,2018-02-06,2018-02-06T08:40:14.000Z
WCG__111,WCG,1279363,2017-10-31,2017-10-31T08:12:42.000Z
WCG__111,WCG,1279363,2017-08-04,2017-08-04T07:50:42.000Z
WCG__111,WCG,1279363,2017-05-03,2017-05-03T06:58:57.000Z
WCG__111,WCG,1279363,2017-02-07,2017-02-07T08:08:50.000Z
WCG__111,WCG,1279363,2016-11-01,2016-11-01T07:16:35.000Z
WCG__111,WCG,1279363,2016-08-02,2016-08-02T07:27:16.000Z
WCG__111,WCG,1279363,2016-05-03,2016-05-03T07:53:01.000Z
WCG__111,WCG,1279363,2016-02-09,2016-02-09T08:15:35.000Z
WCG__111,WCG,1279363,2016-01-12,2016-01-12T08:05:15.000Z
WCG__111,WCG,1279363,2015-11-04,2015-11-04T07:47:51.000Z
WCG__111,WCG,1279363,2015-08-05,2015-08-05T07:53:28.000Z
WCG__111,WCG,1279363,2015-05-06,2015-05-06T07:52:52.000Z
WCG__111,WCG,1279363,2015-02-11,2015-02-11T07:34:56.000Z
WFM__112,WFM,865436,2017-07-26,2017-07-26T15:26:07.000Z
WFM__112,WFM,865436,2017-05-10,2017-05-10T16:05:36.000Z
WFM__112,WFM,865436,2017-02-08,2017-02-08T16:15:46.000Z
WFM__112,WFM,865436,2016-11-02,2016-11-02T16:25:48.000Z
WFM__112,WFM,865436,2016-07-27,2016-07-27T17:15:23.000Z
WFM__112,WFM,865436,2016-05-04,2016-05-04T16:11:53.000Z
WFM__112,WFM,865436,2016-02-10,2016-02-10T16:20:02.000Z
WFM__112,WFM,865436,2015-11-04,2015-11-04T16:13:49.000Z
WFM__112,WFM,865436,2015-07-29,2015-07-29T16:47:59.000Z
WFM__112,WFM,865436,2015-05-06,2015-05-06T16:26:40.000Z
WFM__112,WFM,865436,2015-02-11,2015-02-11T17:05:23.000Z
WLTW__113,WLTW,1140536,2026-07-30,2026-07-30T10:02:22.000Z
WLTW__113,WLTW,1140536,2026-04-30,2026-04-30T10:02:20.000Z
WLTW__113,WLTW,1140536,2026-02-03,2026-02-03T11:02:33.000Z
WLTW__113,WLTW,1140536,2025-10-30,2025-10-30T10:03:35.000Z
WLTW__113,WLTW,1140536,2025-07-31,2025-07-31T10:00:45.000Z
WLTW__113,WLTW,1140536,2025-04-24,2025-04-24T10:00:34.000Z
WLTW__113,WLTW,1140536,2025-02-04,2025-02-04T11:00:21.000Z
WLTW__113,WLTW,1140536,2024-10-31,2024-10-31T10:00:16.000Z
WLTW__113,WLTW,1140536,2024-07-25,2024-07-25T10:00:20.000Z
WLTW__113,WLTW,1140536,2024-04-25,2024-04-25T10:00:26.000Z
WLTW__113,WLTW,1140536,2024-02-06,2024-02-06T11:00:57.000Z
WLTW__113,WLTW,1140536,2023-10-26,2023-10-26T10:00:32.000Z
WLTW__113,WLTW,1140536,2023-07-27,2023-07-27T10:00:23.000Z
WLTW__113,WLTW,1140536,2023-04-27,2023-04-27T10:01:19.000Z
WLTW__113,WLTW,1140536,2023-02-09,2023-02-09T11:01:03.000Z
WLTW__113,WLTW,1140536,2022-10-27,2022-10-27T10:00:50.000Z
WLTW__113,WLTW,1140536,2022-07-28,2022-07-28T10:00:55.000Z
WLTW__113,WLTW,1140536,2022-04-28,2022-04-28T10:00:33.000Z
WLTW__113,WLTW,1140536,2022-02-08,2022-02-08T11:00:23.000Z
WLTW__113,WLTW,1140536,2021-10-28,2021-10-28T10:00:30.000Z
WLTW__113,WLTW,1140536,2021-08-03,2021-08-03T10:01:04.000Z
WLTW__113,WLTW,1140536,2021-04-29,2021-04-29T10:00:28.000Z
WLTW__113,WLTW,1140536,2021-02-09,2021-02-09T11:00:35.000Z
WLTW__113,WLTW,1140536,2020-10-29,2020-10-29T10:00:35.000Z
WLTW__113,WLTW,1140536,2020-07-30,2020-07-30T10:02:50.000Z
WLTW__113,WLTW,1140536,2020-04-30,2020-04-30T10:01:38.000Z
WLTW__113,WLTW,1140536,2020-02-06,2020-02-06T11:42:43.000Z
WLTW__113,WLTW,1140536,2019-10-31,2019-10-31T10:05:35.000Z
WLTW__113,WLTW,1140536,2019-07-31,2019-07-31T10:01:55.000Z
WLTW__113,WLTW,1140536,2019-05-01,2019-05-01T10:05:24.000Z
WLTW__113,WLTW,1140536,2019-02-07,2019-02-07T11:05:22.000Z
WLTW__113,WLTW,1140536,2018-11-02,2018-11-02T10:01:14.000Z
WLTW__113,WLTW,1140536,2018-08-02,2018-08-02T10:00:52.000Z
WLTW__113,WLTW,1140536,2018-05-07,2018-05-07T10:02:46.000Z
WLTW__113,WLTW,1140536,2018-02-08,2018-02-08T11:00:24.000Z
WLTW__113,WLTW,1140536,2017-11-02,2017-11-02T10:00:37.000Z
WLTW__113,WLTW,1140536,2017-08-03,2017-08-03T10:00:38.000Z
WLTW__113,WLTW,1140536,2017-05-04,2017-05-04T10:00:40.000Z
WLTW__113,WLTW,1140536,2017-02-09,2017-02-09T11:00:18.000Z
WLTW__113,WLTW,1140536,2016-11-04,2016-11-04T10:00:28.000Z
WLTW__113,WLTW,1140536,2016-08-05,2016-08-05T10:00:23.000Z
WLTW__113,WLTW,1140536,2016-05-06,2016-05-06T10:00:27.000Z
WLTW__113,WLTW,1140536,2016-03-10,2016-03-10T01:18:47.000Z
WLTW__113,WLTW,1140536,2016-02-09,2016-02-09T22:17:09.000Z
WLTW__113,WLTW,1140536,2015-10-28,2015-10-27T21:38:08.000Z
WLTW__113,WLTW,1140536,2015-07-29,2015-07-28T21:39:35.000Z
WLTW__113,WLTW,1140536,2015-04-29,2015-04-28T22:16:04.000Z
WLTW__113,WLTW,1140536,2015-02-10,2015-02-10T22:03:36.000Z
WYND__114,WYND,1361658,2026-07-22,2026-07-22T10:32:30.000Z
WYND__114,WYND,1361658,2026-04-22,2026-04-22T10:31:17.000Z
WYND__114,WYND,1361658,2026-02-18,2026-02-18T11:31:26.000Z
WYND__114,WYND,1361658,2025-10-22,2025-10-22T10:01:00.000Z
WYND__114,WYND,1361658,2025-07-23,2025-07-23T10:00:49.000Z
WYND__114,WYND,1361658,2025-04-23,2025-04-23T10:30:47.000Z
WYND__114,WYND,1361658,2025-02-19,2025-02-19T11:31:10.000Z
WYND__114,WYND,1361658,2024-10-23,2024-10-23T10:01:11.000Z
WYND__114,WYND,1361658,2024-07-24,2024-07-24T10:30:25.000Z
WYND__114,WYND,1361658,2024-04-24,2024-04-24T10:02:10.000Z
WYND__114,WYND,1361658,2024-02-21,2024-02-21T11:30:49.000Z
WYND__114,WYND,1361658,2023-10-25,2023-10-25T10:02:02.000Z
WYND__114,WYND,1361658,2023-07-26,2023-07-26T10:30:53.000Z
WYND__114,WYND,1361658,2023-04-26,2023-04-26T10:31:04.000Z
WYND__114,WYND,1361658,2023-02-22,2023-02-22T11:31:47.000Z
WYND__114,WYND,1361658,2022-10-27,2022-10-27T10:30:51.000Z
WYND__114,WYND,1361658,2022-07-28,2022-07-28T10:31:17.000Z
WYND__114,WYND,1361658,2022-04-28,2022-04-28T10:31:50.000Z
WYND__114,WYND,1361658,2022-02-23,2022-02-23T11:35:28.000Z
WYND__114,WYND,1361658,2021-10-27,2021-10-27T10:35:36.000Z
WYND__114,WYND,1361658,2021-07-28,2021-07-28T10:33:15.000Z
WYND__114,WYND,1361658,2021-04-28,2021-04-28T10:34:35.000Z
WYND__114,WYND,1361658,2021-02-24,2021-02-24T11:35:33.000Z
WYND__114,WYND,1361658,2021-01-11,2021-01-11T11:36:10.000Z
WYND__114,WYND,1361658,2020-10-28,2020-10-28T10:33:39.000Z
WYND__114,WYND,1361658,2020-07-30,2020-07-30T10:38:38.000Z
WYND__114,WYND,1361658,2020-07-20,2020-07-20T13:08:03.000Z
WYND__114,WYND,1361658,2020-05-06,2020-05-06T10:35:50.000Z
WYND__114,WYND,1361658,2020-02-26,2020-02-26T11:37:14.000Z
WYND__114,WYND,1361658,2019-10-30,2019-10-30T10:36:01.000Z
WYND__114,WYND,1361658,2019-07-30,2019-07-30T11:05:22.000Z
WYND__114,WYND,1361658,2019-05-01,2019-05-01T10:36:36.000Z
WYND__114,WYND,1361658,2019-02-26,2019-02-26T11:36:35.000Z
WYND__114,WYND,1361658,2018-11-01,2018-11-01T10:36:41.000Z
WYND__114,WYND,1361658,2018-08-08,2018-08-08T10:41:27.000Z
WYND__114,WYND,1361658,2018-05-02,2018-05-02T11:00:47.000Z
WYND__114,WYND,1361658,2018-02-14,2018-02-14T12:00:17.000Z
WYND__114,WYND,1361658,2017-10-25,2017-10-25T11:00:22.000Z
WYND__114,WYND,1361658,2017-08-02,2017-08-02T20:36:30.000Z
WYND__114,WYND,1361658,2017-04-26,2017-04-26T11:00:33.000Z
WYND__114,WYND,1361658,2017-02-15,2017-02-15T12:00:26.000Z
WYND__114,WYND,1361658,2016-10-26,2016-10-26T11:00:32.000Z
WYND__114,WYND,1361658,2016-07-27,2016-07-27T11:00:26.000Z
WYND__114,WYND,1361658,2016-04-26,2016-04-26T11:00:27.000Z
WYND__114,WYND,1361658,2016-02-09,2016-02-09T12:00:18.000Z
WYND__114,WYND,1361658,2015-10-27,2015-10-27T11:00:28.000Z
WYND__114,WYND,1361658,2015-07-28,2015-07-28T11:00:32.000Z
WYND__114,WYND,1361658,2015-04-28,2015-04-28T11:00:19.000Z
WYND__114,WYND,1361658,2015-02-10,2015-02-10T12:02:58.000Z
XEC__115,XEC,1168054,2021-08-05,2021-08-05T07:15:27.000Z
XEC__115,XEC,1168054,2021-07-22,2021-07-22T16:35:35.000Z
XEC__115,XEC,1168054,2021-05-05,2021-05-05T17:18:40.000Z
XEC__115,XEC,1168054,2021-04-19,2021-04-19T16:08:43.000Z
XEC__115,XEC,1168054,2021-02-22,2021-02-22T16:58:14.000Z
XEC__115,XEC,1168054,2020-11-04,2020-11-04T16:08:49.000Z
XEC__115,XEC,1168054,2020-08-05,2020-08-05T16:53:50.000Z
XEC__115,XEC,1168054,2020-05-06,2020-05-06T16:33:39.000Z
XEC__115,XEC,1168054,2020-02-19,2020-02-19T16:34:51.000Z
XEC__115,XEC,1168054,2019-11-04,2019-11-04T16:38:41.000Z
XEC__115,XEC,1168054,2019-08-05,2019-08-05T16:32:04.000Z
XEC__115,XEC,1168054,2019-05-08,2019-05-08T17:01:33.000Z
XEC__115,XEC,1168054,2019-02-20,2019-02-20T17:07:03.000Z
XEC__115,XEC,1168054,2018-11-06,2018-11-06T16:57:47.000Z
XEC__115,XEC,1168054,2018-08-07,2018-08-07T16:59:15.000Z
XEC__115,XEC,1168054,2018-05-08,2018-05-08T16:38:10.000Z
XEC__115,XEC,1168054,2018-02-14,2018-02-14T17:16:43.000Z
XEC__115,XEC,1168054,2017-11-07,2017-11-07T16:05:56.000Z
XEC__115,XEC,1168054,2017-08-09,2017-08-08T18:16:12.000Z
XEC__115,XEC,1168054,2017-05-10,2017-05-10T11:23:03.000Z
XEC__115,XEC,1168054,2017-02-15,2017-02-15T17:14:43.000Z
XEC__115,XEC,1168054,2016-11-02,2016-11-02T16:24:43.000Z
XEC__115,XEC,1168054,2016-08-04,2016-08-03T18:03:33.000Z
XEC__115,XEC,1168054,2016-05-04,2016-05-04T17:15:51.000Z
XEC__115,XEC,1168054,2016-02-17,2016-02-16T17:36:27.000Z
XEC__115,XEC,1168054,2015-11-04,2015-11-03T18:14:34.000Z
XEC__115,XEC,1168054,2015-08-04,2015-08-04T17:04:48.000Z
XEC__115,XEC,1168054,2015-05-05,2015-05-04T19:19:58.000Z
XEC__115,XEC,1168054,2015-02-18,2015-02-18T08:04:15.000Z
XLNX__116,XLNX,743988,2022-01-26,2022-01-26T16:32:57.000Z
XLNX__116,XLNX,743988,2021-10-27,2021-10-27T16:46:42.000Z
XLNX__116,XLNX,743988,2021-07-28,2021-07-28T16:39:30.000Z
XLNX__116,XLNX,743988,2021-05-04,2021-05-04T16:26:33.000Z
XLNX__116,XLNX,743988,2021-01-27,2021-01-27T16:55:31.000Z
XLNX__116,XLNX,743988,2020-10-21,2020-10-21T16:43:43.000Z
XLNX__116,XLNX,743988,2020-07-30,2020-07-30T18:59:52.000Z
XLNX__116,XLNX,743988,2020-06-29,2020-06-29T18:49:38.000Z
XLNX__116,XLNX,743988,2020-04-22,2020-04-22T16:45:36.000Z
XLNX__116,XLNX,743988,2020-01-28,2020-01-28T16:26:48.000Z
XLNX__116,XLNX,743988,2019-10-23,2019-10-23T16:26:58.000Z
XLNX__116,XLNX,743988,2019-07-24,2019-07-24T16:29:11.000Z
XLNX__116,XLNX,743988,2019-04-24,2019-04-24T16:32:00.000Z
XLNX__116,XLNX,743988,2019-01-23,2019-01-23T16:25:42.000Z
XLNX__116,XLNX,743988,2018-10-24,2018-10-24T16:32:58.000Z
XLNX__116,XLNX,743988,2018-07-25,2018-07-25T16:28:44.000Z
XLNX__116,XLNX,743988,2018-05-10,2018-05-10T16:35:36.000Z
XLNX__116,XLNX,743988,2018-04-25,2018-04-25T16:45:08.000Z
XLNX__116,XLNX,743988,2018-01-24,2018-01-24T16:45:58.000Z
XLNX__116,XLNX,743988,2017-10-25,2017-10-25T16:28:21.000Z
XLNX__116,XLNX,743988,2017-07-26,2017-07-26T16:26:21.000Z
XLNX__116,XLNX,743988,2017-04-26,2017-04-26T16:27:40.000Z
XLNX__116,XLNX,743988,2017-01-25,2017-01-25T16:26:06.000Z
XLNX__116,XLNX,743988,2016-10-19,2016-10-19T16:37:33.000Z
XLNX__116,XLNX,743988,2016-07-27,2016-07-27T16:28:29.000Z
XLNX__116,XLNX,743988,2016-04-27,2016-04-27T16:29:22.000Z
XLNX__116,XLNX,743988,2016-01-20,2016-01-20T16:25:28.000Z
XLNX__116,XLNX,743988,2015-10-14,2015-10-14T16:24:35.000Z
XLNX__116,XLNX,743988,2015-07-22,2015-07-22T16:40:27.000Z
XLNX__116,XLNX,743988,2015-04-22,2015-04-22T16:33:41.000Z
XLNX__116,XLNX,743988,2015-01-21,2015-01-21T16:42:41.000Z
