Date,Open,High,Low,Close,Adj Close,Volume,Dividends,Stock Splits
2015-01-02,27.84749984741211,27.860000610351562,26.837499618530273,27.332500457763672,24.171762466430664,212818400,0.0,0.0
2015-01-05,27.072500228881836,27.162500381469727,26.352500915527344,26.5625,23.490800857543945,257142000,0.0,0.0
2015-01-06,26.635000228881836,26.857500076293945,26.157499313354492,26.565000534057617,23.493013381958008,263188400,0.0,0.0
2015-01-07,26.799999237060547,27.049999237060547,26.674999237060547,26.9375,23.822437286376953,160423600,0.0,0.0
2015-01-08,27.3075008392334,28.037500381469727,27.174999237060547,27.97249984741211,24.737741470336914,237458000,0.0,0.0
2015-01-09,28.167499542236328,28.3125,27.552499771118164,28.002500534057617,24.764278411865234,214798000,0.0,0.0
2015-01-12,28.149999618530273,28.157499313354492,27.200000762939453,27.3125,24.154069900512695,198603200,0.0,0.0
2015-01-13,27.857500076293945,28.200000762939453,27.227500915527344,27.55500030517578,24.368528366088867,268367600,0.0,0.0
2015-01-14,27.260000228881836,27.622499465942383,27.125,27.450000762939453,24.275665283203125,195826400,0.0,0.0
2015-01-15,27.5,27.514999389648438,26.665000915527344,26.704999923706055,23.6168212890625,240056000,0.0,0.0
2015-01-16,26.75749969482422,26.895000457763672,26.299999237060547,26.497499465942383,23.433319091796875,314053200,0.0,0.0
2015-01-20,26.959999084472656,27.24250030517578,26.625,27.18000030517578,24.036897659301758,199599600,0.0,0.0
2015-01-21,27.237499237060547,27.764999389648438,27.0674991607666,27.387500762939453,24.22039222717285,194303600,0.0,0.0
2015-01-22,27.565000534057617,28.11750030517578,27.43000030517578,28.100000381469727,24.850507736206055,215185600,0.0,0.0
2015-01-23,28.075000762939453,28.4375,27.88249969482422,28.2450008392334,24.978736877441406,185859200,0.0,0.0
2015-01-26,28.434999465942383,28.59000015258789,28.200000762939453,28.274999618530273,25.00526237487793,222460000,0.0,0.0
2015-01-27,28.104999542236328,28.1200008392334,27.25749969482422,27.28499984741211,24.129749298095703,382274800,0.0,0.0
2015-01-28,29.407499313354492,29.530000686645508,28.827499389648438,28.827499389648438,25.493873596191406,585908400,0.0,0.0
2015-01-29,29.079999923706055,29.797500610351562,28.889999389648438,29.725000381469727,26.287588119506836,337745600,0.0,0.0
2015-01-30,29.600000381469727,30.0,29.212499618530273,29.290000915527344,25.902891159057617,334982000,0.0,0.0
2015-02-02,29.512500762939453,29.792499542236328,29.020000457763672,29.657499313354492,26.227893829345703,250956400,0.0,0.0
2015-02-03,29.625,29.772499084472656,29.40250015258789,29.662500381469727,26.232311248779297,207662800,0.0,0.0
2015-02-04,29.625,30.127500534057617,29.577499389648438,29.889999389648438,26.433507919311523,280598800,0.0,0.0
2015-02-05,30.0049991607666,30.0575008392334,29.8125,29.985000610351562,26.62217140197754,168984800,0.1175,0.0
2015-02-06,30.0049991607666,30.0625,29.612499237060547,29.732500076293945,26.397991180419922,174826400,0.0,0.0
2015-02-09,29.637500762939453,29.959999084472656,29.607500076293945,29.93000030517578,26.573345184326172,155559200,0.0,0.0
2015-02-10,30.042499542236328,30.537500381469727,30.040000915527344,30.5049991607666,27.083852767944336,248034000,0.0,0.0
2015-02-11,30.6924991607666,31.229999542236328,30.625,31.219999313354492,27.718669891357422,294247200,0.0,0.0
2015-02-12,31.514999389648438,31.8700008392334,31.392499923706055,31.614999771118164,28.06937026977539,297898000,0.0,0.0
2015-02-13,31.81999969482422,31.81999969482422,31.412500381469727,31.770000457763672,28.206985473632812,217088800,0.0,0.0
2015-02-17,31.872499465942383,32.220001220703125,31.729999542236328,31.957500457763672,28.37345314025879,252609600,0.0,0.0
2015-02-18,31.907499313354492,32.19499969482422,31.862499237060547,32.18000030517578,28.57101058959961,179566800,0.0,0.0
2015-02-19,32.119998931884766,32.25749969482422,32.08250045776367,32.11249923706055,28.511070251464844,149449600,0.0,0.0
2015-02-20,32.154998779296875,32.375,32.01250076293945,32.375,28.744138717651367,195793600,0.0,0.0
2015-02-23,32.505001068115234,33.25,32.415000915527344,33.25,29.5210018157959,283896400,0.0,0.0
2015-02-24,33.23500061035156,33.400001525878906,32.79249954223633,33.04249954223633,29.336776733398438,276912400,0.0,0.0
2015-02-25,32.88999938964844,32.900001525878906,32.037498474121094,32.1974983215332,28.586544036865234,298846800,0.0,0.0
2015-02-26,32.1974983215332,32.717498779296875,31.65250015258789,32.60499954223633,28.948345184326172,365150000,0.0,0.0
2015-02-27,32.5,32.64250183105469,32.060001373291016,32.1150016784668,28.51329231262207,248059200,0.0,0.0
2015-03-02,32.3125,32.56999969482422,32.07500076293945,32.272499084472656,28.65313720703125,192386800,0.0,0.0
2015-03-03,32.2400016784668,32.380001068115234,32.022499084472656,32.34000015258789,28.713062286376953,151265200,0.0,0.0
2015-03-04,32.275001525878906,32.38999938964844,32.08000183105469,32.1349983215332,28.531057357788086,126665200,0.0,0.0
2015-03-05,32.14500045776367,32.1875,31.440000534057617,31.602500915527344,28.05827522277832,226068400,0.0,0.0
2015-03-06,32.099998474121094,32.342498779296875,31.565000534057617,31.649999618530273,28.10044288635254,291368400,0.0,0.0
2015-03-09,31.989999771118164,32.39250183105469,31.264999389648438,31.78499984741211,28.22030258178711,354114000,0.0,0.0
2015-03-10,31.602500915527344,31.80500030517578,30.950000762939453,31.127500534057617,27.636537551879883,275426400,0.0,0.0
2015-03-11,31.1875,31.1924991607666,30.52750015258789,30.559999465942383,27.1326904296875,275756000,0.0,0.0
2015-03-12,30.577499389648438,31.225000381469727,30.407499313354492,31.112499237060547,27.62322235107422,193450800,0.0,0.0
2015-03-13,31.100000381469727,31.350000381469727,30.645000457763672,30.897499084472656,27.432340621948242,207309200,0.0,0.0
2015-03-16,30.969999313354492,31.237499237060547,30.717500686645508,31.237499237060547,27.734207153320312,143497200,0.0,0.0
2015-03-17,31.475000381469727,31.829999923706055,31.412500381469727,31.760000228881836,28.198108673095703,204092400,0.0,0.0
2015-03-18,31.75,32.290000915527344,31.592500686645508,32.11750030517578,28.51551628112793,261083600,0.0,0.0
2015-03-19,32.1875,32.3125,31.850000381469727,31.875,28.300207138061523,183238000,0.0,0.0
2015-03-20,32.0625,32.099998474121094,31.290000915527344,31.475000381469727,27.945072174072266,274780400,0.0,0.0
2015-03-23,31.780000686645508,31.962499618530273,31.6299991607666,31.802499771118164,28.235843658447266,150838800,0.0,0.0
2015-03-24,31.8075008392334,32.0099983215332,31.639999389648438,31.672500610351562,28.12041664123535,131369200,0.0,0.0
2015-03-25,31.635000228881836,31.704999923706055,30.844999313354492,30.844999313354492,27.38572883605957,206620800,0.0,0.0
2015-03-26,30.690000534057617,31.219999313354492,30.649999618530273,31.059999465942383,27.576614379882812,190291600,0.0,0.0
2015-03-27,31.142499923706055,31.174999237060547,30.727500915527344,30.8125,27.356868743896484,158184800,0.0,0.0
2015-03-30,31.012500762939453,31.600000381469727,31.0,31.592500686645508,28.049394607543945,188398800,0.0,0.0
2015-03-31,31.522499084472656,31.622499465942383,31.09000015258789,31.107500076293945,27.618785858154297,168362400,0.0,0.0
2015-04-01,31.204999923706055,31.280000686645508,30.774999618530273,31.0625,27.57883071899414,162485600,0.0,0.0
2015-04-02,31.25749969482422,31.389999389648438,31.047500610351562,31.329999923706055,27.816333770751953,128880400,0.0,0.0
2015-04-06,31.11750030517578,31.877500534057617,31.082500457763672,31.837499618530273,28.26691436767578,148776000,0.0,0.0
2015-04-07,31.90999984741211,32.029998779296875,31.4950008392334,31.502500534057617,27.96949005126953,140049200,0.0,0.0
2015-04-08,31.462499618530273,31.600000381469727,31.24250030517578,31.399999618530273,27.878477096557617,149316800,0.0,0.0
2015-04-09,31.462499618530273,31.645000457763672,31.165000915527344,31.639999389648438,28.091562271118164,129936000,0.0,0.0
2015-04-10,31.487499237060547,31.802499771118164,31.315000534057617,31.774999618530273,28.211427688598633,160752000,0.0,0.0
2015-04-13,32.092498779296875,32.14250183105469,31.65250015258789,31.712499618530273,28.15593147277832,145460400,0.0,0.0
2015-04-14,31.75,31.822500228881836,31.477500915527344,31.575000762939453,28.03386116027832,102098400,0.0,0.0
2015-04-15,31.602500915527344,31.782499313354492,31.502500534057617,31.69499969482422,28.14040184020996,115881600,0.0,0.0
2015-04-16,31.56999969482422,31.774999618530273,31.52750015258789,31.542499542236328,28.0049991607666,113476000,0.0,0.0
2015-04-17,31.387500762939453,31.53499984741211,31.114999771118164,31.1875,27.6898193359375,207828000,0.0,0.0
2015-04-20,31.392499923706055,32.029998779296875,31.292499542236328,31.899999618530273,28.322410583496094,188217200,0.0,0.0
2015-04-21,32.025001525878906,32.04999923706055,31.667499542236328,31.727500915527344,28.16925621032715,129740400,0.0,0.0
2015-04-22,31.747499465942383,32.217498779296875,31.579999923706055,32.154998779296875,28.54880714416504,150618000,0.0,0.0
2015-04-23,32.07500076293945,32.60499954223633,32.03499984741211,32.41749954223633,28.7818660736084,183083600,0.0,0.0
2015-04-24,32.622501373291016,32.657501220703125,32.307498931884766,32.56999969482422,28.91726303100586,178103600,0.0,0.0
2015-04-27,33.07749938964844,33.282501220703125,32.787498474121094,33.162498474121094,29.443321228027344,387816800,0.0,0.0
2015-04-28,33.6150016784668,33.6349983215332,32.39250183105469,32.63999938964844,28.97942352294922,475696000,0.0,0.0
2015-04-29,32.540000915527344,32.897499084472656,32.07500076293945,32.15999984741211,28.553253173828125,253544400,0.0,0.0
2015-04-30,32.15999984741211,32.15999984741211,31.145000457763672,31.287500381469727,27.778593063354492,332781600,0.0,0.0
2015-05-01,31.524999618530273,32.532501220703125,31.325000762939453,32.23749923706055,28.622058868408203,234050400,0.0,0.0
2015-05-04,32.375,32.64250183105469,32.064998626708984,32.17499923706055,28.566564559936523,203953200,0.0,0.0
2015-05-05,32.037498474121094,32.11249923706055,31.44499969482422,31.450000762939453,27.922876358032227,197085600,0.0,0.0
2015-05-06,31.639999389648438,31.6875,30.84000015258789,31.252500534057617,27.74752426147461,288564000,0.0,0.0
2015-05-07,31.1924991607666,31.520000457763672,31.0049991607666,31.315000534057617,27.919147491455078,175763600,0.13,0.0
2015-05-08,31.670000076293945,31.905000686645508,31.52750015258789,31.905000686645508,28.445175170898438,222201600,0.0,0.0
2015-05-11,31.84749984741211,31.889999389648438,31.407499313354492,31.579999923706055,28.15540885925293,168143200,0.0,0.0
2015-05-12,31.399999618530273,31.719999313354492,31.204999923706055,31.467500686645508,28.055110931396484,192640000,0.0,0.0
2015-05-13,31.537500381469727,31.797500610351562,31.467500686645508,31.502500534057617,28.086322784423828,138776800,0.0,0.0
2015-05-14,31.852500915527344,32.23749923706055,31.790000915527344,32.23749923706055,28.741622924804688,180814000,0.0,0.0
2015-05-15,32.26750183105469,32.372501373291016,32.0525016784668,32.192501068115234,28.701494216918945,152832000,0.0,0.0
2015-05-18,32.095001220703125,32.68000030517578,32.09000015258789,32.54750061035156,29.017986297607422,203531600,0.0,0.0
2015-05-19,32.67250061035156,32.720001220703125,32.40999984741211,32.51750183105469,28.991243362426758,178532800,0.0,0.0
2015-05-20,32.5,32.744998931884766,32.334999084472656,32.51499938964844,28.98902130126953,145819600,0.0,0.0
2015-05-21,32.51750183105469,32.907501220703125,32.45750045776367,32.84749984741211,29.285459518432617,158921600,0.0,0.0
2015-05-22,32.900001525878906,33.24250030517578,32.849998474121094,33.1349983215332,29.541786193847656,182384000,0.0,0.0
2015-05-26,33.150001525878906,33.227500915527344,32.279998779296875,32.404998779296875,28.890949249267578,282790400,0.0,0.0
2015-05-27,32.584999084472656,33.064998626708984,32.51250076293945,33.0099983215332,29.430339813232422,183332800,0.0,0.0
2015-05-28,32.96500015258789,32.98749923706055,32.775001525878906,32.94499969482422,29.372385025024414,122933200,0.0,0.0
2015-05-29,32.807498931884766,32.86249923706055,32.474998474121094,32.56999969482422,29.038053512573242,203538000,0.0,0.0
2015-06-01,32.56999969482422,32.84749984741211,32.51250076293945,32.6349983215332,29.096006393432617,128451200,0.0,0.0
2015-06-02,32.46500015258789,32.665000915527344,32.33000183105469,32.4900016784668,28.966732025146484,134670400,0.0,0.0
2015-06-03,32.665000915527344,32.73500061035156,32.474998474121094,32.529998779296875,29.002397537231445,123934000,0.0,0.0
2015-06-04,32.39500045776367,32.64500045776367,32.227500915527344,32.34000015258789,28.83299446105957,153800400,0.0,0.0
2015-06-05,32.375,32.42250061035156,32.09000015258789,32.162498474121094,28.674747467041016,142507200,0.0,0.0
2015-06-08,32.224998474121094,32.3025016784668,31.707500457763672,31.950000762939453,28.48529624938965,210699200,0.0,0.0
2015-06-09,31.674999237060547,32.02000045776367,31.405000686645508,31.854999542236328,28.400590896606445,224301600,0.0,0.0
2015-06-10,31.979999542236328,32.334999084472656,31.962499618530273,32.220001220703125,28.726016998291016,156349200,0.0,0.0
2015-06-11,32.29499816894531,32.54499816894531,32.119998931884766,32.147499084472656,28.6613712310791,141563600,0.0,0.0
2015-06-12,32.04750061035156,32.08250045776367,31.77750015258789,31.792499542236328,28.344871520996094,147544800,0.0,0.0
2015-06-15,31.524999618530273,31.809999465942383,31.427499771118164,31.729999542236328,28.28914451599121,175955600,0.0,0.0
2015-06-16,31.75749969482422,31.962499618530273,31.592500686645508,31.899999618530273,28.440710067749023,125976400,0.0,0.0
2015-06-17,31.93000030517578,31.969999313354492,31.684999465942383,31.825000762939453,28.37385368347168,131672400,0.0,0.0
2015-06-18,31.8075008392334,32.07749938964844,31.80500030517578,31.969999313354492,28.50312042236328,141628800,0.0,0.0
2015-06-19,31.927499771118164,31.954999923706055,31.600000381469727,31.649999618530273,28.21782112121582,218867600,0.0,0.0
2015-06-22,31.872499465942383,32.01499938964844,31.770000457763672,31.90250015258789,28.44293975830078,136157200,0.0,0.0
2015-06-23,31.8700008392334,31.90250015258789,31.719999313354492,31.75749969482422,28.31366729736328,121075600,0.0,0.0
2015-06-24,31.802499771118164,32.45000076293945,31.780000686645508,32.02750015258789,28.554386138916016,221123600,0.0,0.0
2015-06-25,32.21500015258789,32.29999923706055,31.875,31.875,28.418424606323242,127752400,0.0,0.0
2015-06-26,31.917499542236328,31.997499465942383,31.627500534057617,31.6875,28.25126075744629,176267200,0.0,0.0
2015-06-29,31.364999771118164,31.61750030517578,31.1200008392334,31.13249969482422,27.756437301635742,196645600,0.0,0.0
2015-06-30,31.392499923706055,31.530000686645508,31.21500015258789,31.357500076293945,27.9570369720459,177482800,0.0,0.0
2015-07-01,31.725000381469727,31.735000610351562,31.497499465942383,31.649999618530273,28.21782112121582,120955200,0.0,0.0
2015-07-02,31.607500076293945,31.672500610351562,31.4424991607666,31.610000610351562,28.18216323852539,108844000,0.0,0.0
2015-07-06,31.235000610351562,31.5575008392334,31.212499618530273,31.5,28.084091186523438,112241600,0.0,0.0
2015-07-07,31.47249984741211,31.537500381469727,30.9424991607666,31.422500610351562,28.01499366760254,187787200,0.0,0.0
2015-07-08,31.1200008392334,31.15999984741211,30.635000228881836,30.642499923706055,27.31957244873047,243046400,0.0,0.0
2015-07-09,30.962499618530273,31.014999389648438,29.80500030517578,30.017499923706055,26.762357711791992,314380000,0.0,0.0
2015-07-10,30.485000610351562,30.962499618530273,30.302499771118164,30.81999969482422,27.477827072143555,245418000,0.0,0.0
2015-07-13,31.25749969482422,31.440000534057617,31.079999923706055,31.415000915527344,28.008304595947266,165762000,0.0,0.0
2015-07-14,31.510000228881836,31.592500686645508,31.260000228881836,31.40250015258789,27.997169494628906,127072400,0.0,0.0
2015-07-15,31.43000030517578,31.787500381469727,31.395000457763672,31.704999923706055,28.266855239868164,134596800,0.0,0.0
2015-07-16,31.934999465942383,32.14250183105469,31.837499618530273,32.127498626708984,28.643537521362305,144889600,0.0,0.0
2015-07-17,32.27000045776367,32.404998779296875,32.07749938964844,32.404998779296875,28.890949249267578,184658800,0.0,0.0
2015-07-20,32.74250030517578,33.24250030517578,32.67499923706055,33.01750183105469,29.43703842163086,235600800,0.0,0.0
2015-07-21,33.212501525878906,33.22999954223633,32.58000183105469,32.6875,29.142822265625,307025600,0.0,0.0
2015-07-22,30.497499465942383,31.375,30.497499465942383,31.30500030517578,27.910226821899414,461802400,0.0,0.0
2015-07-23,31.549999237060547,31.772499084472656,31.264999389648438,31.290000915527344,27.89686393737793,203998000,0.0,0.0
2015-07-24,31.329999923706055,31.434999465942383,30.975000381469727,31.125,27.749757766723633,168649200,0.0,0.0
2015-07-27,30.772499084472656,30.90250015258789,30.530000686645508,30.6924991607666,27.36415672302246,177822000,0.0,0.0
2015-07-28,30.844999313354492,30.977500915527344,30.637500762939453,30.844999313354492,27.500120162963867,134472400,0.0,0.0
2015-07-29,30.787500381469727,30.875,30.5674991607666,30.747499465942383,27.413188934326172,148046800,0.0,0.0
2015-07-30,30.579999923706055,30.642499923706055,30.427499771118164,30.592500686645508,27.27500343322754,134513200,0.0,0.0
2015-07-31,30.649999618530273,30.65999984741211,30.227500915527344,30.325000762939453,27.036516189575195,171540000,0.0,0.0
2015-08-03,30.375,30.642499923706055,29.3799991607666,29.610000610351562,26.399049758911133,279904000,0.0,0.0
2015-08-04,29.354999542236328,29.424999237060547,28.3125,28.65999984741211,25.55206298828125,496554400,0.0,0.0
2015-08-05,28.237499237060547,29.360000610351562,28.024999618530273,28.850000381469727,25.72145652770996,397250400,0.0,0.0
2015-08-06,28.99250030517578,29.125,28.530000686645508,28.782499313354492,25.77743148803711,211612000,0.13,0.0
2015-08-07,28.645000457763672,29.0625,28.625,28.8799991607666,25.86475372314453,154681600,0.0,0.0
2015-08-10,29.13249969482422,29.997499465942383,29.13249969482422,29.93000030517578,26.80512809753418,219806400,0.0,0.0
2015-08-11,29.452499389648438,29.545000076293945,28.332500457763672,28.372499465942383,25.410234451293945,388331200,0.0,0.0
2015-08-12,28.13249969482422,28.854999542236328,27.407499313354492,28.809999465942383,25.802059173583984,404870000,0.0,0.0
2015-08-13,29.010000228881836,29.100000381469727,28.635000228881836,28.787500381469727,25.78190803527832,194143200,0.0,0.0
2015-08-14,28.579999923706055,29.077499389648438,28.502500534057617,28.989999771118164,25.963266372680664,171718000,0.0,0.0
2015-08-17,29.010000228881836,29.412500381469727,28.875,29.290000915527344,26.231950759887695,163538800,0.0,0.0
2015-08-18,29.107500076293945,29.360000610351562,29.002500534057617,29.125,26.084169387817383,138242800,0.0,0.0
2015-08-19,29.024999618530273,29.1299991607666,28.670000076293945,28.752500534057617,25.750566482543945,193146000,0.0,0.0
2015-08-20,28.520000457763672,28.587499618530273,27.907499313354492,28.162500381469727,25.2221736907959,274006400,0.0,0.0
2015-08-21,27.607500076293945,27.975000381469727,26.412500381469727,26.440000534057617,23.679500579833984,513102000,0.0,0.0
2015-08-24,23.717500686645508,27.200000762939453,23.0,25.780000686645508,23.088417053222656,648825200,0.0,0.0
2015-08-25,27.77750015258789,27.77750015258789,25.875,25.934999465942383,23.22722816467285,414406400,0.0,0.0
2015-08-26,26.772499084472656,27.47249984741211,26.262500762939453,27.422500610351562,24.559419631958008,387098400,0.0,0.0
2015-08-27,28.0575008392334,28.309999465942383,27.5049991607666,28.229999542236328,25.282611846923828,338464400,0.0,0.0
2015-08-28,28.042499542236328,28.327499389648438,27.885000228881836,28.322500228881836,25.365453720092773,212657600,0.0,0.0
2015-08-31,28.00749969482422,28.63249969482422,28.0,28.190000534057617,25.246793746948242,224917200,0.0,0.0
2015-09-01,27.537500381469727,27.969999313354492,26.84000015258789,26.93000030517578,24.118350982666016,307383600,0.0,0.0
2015-09-02,27.5575008392334,28.084999084472656,27.282499313354492,28.084999084472656,25.152755737304688,247555200,0.0,0.0
2015-09-03,28.122499465942383,28.19499969482422,27.510000228881836,27.592500686645508,24.71167755126953,212935600,0.0,0.0
2015-09-04,27.24250030517578,27.612499237060547,27.127500534057617,27.3174991607666,24.465389251708984,199985200,0.0,0.0
2015-09-08,27.9375,28.139999389648438,27.579999923706055,28.077499389648438,25.146038055419922,219374400,0.0,0.0
2015-09-09,28.440000534057617,28.5049991607666,27.4424991607666,27.537500381469727,24.66242027282715,340043200,0.0,0.0
2015-09-10,27.5674991607666,28.31999969482422,27.475000381469727,28.142499923706055,25.20425033569336,251571200,0.0,0.0
2015-09-11,27.947500228881836,28.552499771118164,27.940000534057617,28.552499771118164,25.571441650390625,199662000,0.0,0.0
2015-09-14,29.145000457763672,29.22249984741211,28.71500015258789,28.827499389648438,25.81773567199707,233453600,0.0,0.0
2015-09-15,28.982500076293945,29.13249969482422,28.604999542236328,29.06999969482422,26.034921646118164,173364800,0.0,0.0
2015-09-16,29.0625,29.135000228881836,28.860000610351562,29.102500915527344,26.064023971557617,148694000,0.0,0.0
2015-09-17,28.915000915527344,29.122499465942383,28.43000030517578,28.479999542236328,25.506515502929688,256450400,0.0,0.0
2015-09-18,28.052499771118164,28.575000762939453,27.967500686645508,28.362499237060547,25.401283264160156,297141200,0.0,0.0
2015-09-21,28.417499542236328,28.842500686645508,28.415000915527344,28.802499771118164,25.79534912109375,200888000,0.0,0.0
2015-09-22,28.344999313354492,28.545000076293945,28.1299991607666,28.350000381469727,25.390085220336914,201384800,0.0,0.0
2015-09-23,28.407499313354492,28.68000030517578,28.325000762939453,28.579999923706055,25.596078872680664,143026800,0.0,0.0
2015-09-24,28.3125,28.875,28.092500686645508,28.75,25.748327255249023,200878000,0.0,0.0
2015-09-25,29.110000610351562,29.172500610351562,28.5049991607666,28.677499771118164,25.683399200439453,224607600,0.0,0.0
2015-09-28,28.462499618530273,28.642499923706055,28.110000610351562,28.110000610351562,25.175146102905273,208436000,0.0,0.0
2015-09-29,28.207500457763672,28.377500534057617,26.96500015258789,27.264999389648438,24.418371200561523,293461600,0.0,0.0
2015-09-30,27.542499542236328,27.885000228881836,27.1825008392334,27.575000762939453,24.696008682250977,265892000,0.0,0.0
2015-10-01,27.267499923706055,27.405000686645508,26.827499389648438,27.395000457763672,24.534799575805664,255716400,0.0,0.0
2015-10-02,27.002500534057617,27.752500534057617,26.887500762939453,27.594999313354492,24.713916778564453,232079200,0.0,0.0
2015-10-05,27.469999313354492,27.842500686645508,27.267499923706055,27.69499969482422,24.80347442626953,208258800,0.0,0.0
2015-10-06,27.657499313354492,27.934999465942383,27.4424991607666,27.827499389648438,24.922151565551758,192787200,0.0,0.0
2015-10-07,27.934999465942383,27.9424991607666,27.352500915527344,27.69499969482422,24.80347442626953,187062400,0.0,0.0
2015-10-08,27.547500610351562,27.547500610351562,27.052499771118164,27.375,24.516881942749023,247918400,0.0,0.0
2015-10-09,27.5,28.06999969482422,27.372499465942383,28.030000686645508,25.103500366210938,211064400,0.0,0.0
2015-10-12,28.1825008392334,28.1875,27.860000610351562,27.899999618530273,24.987070083618164,121868800,0.0,0.0
2015-10-13,27.704999923706055,28.112499237060547,27.670000076293945,27.947500228881836,25.02960777282715,132197200,0.0,0.0
2015-10-14,27.822500228881836,27.8799991607666,27.389999389648438,27.552499771118164,24.675853729248047,177849600,0.0,0.0
2015-10-15,27.732500076293945,28.024999618530273,27.622499465942383,27.96500015258789,25.045284271240234,150694000,0.0,0.0
2015-10-16,27.94499969482422,28.0,27.63249969482422,27.760000228881836,24.861684799194336,156930400,0.0,0.0
2015-10-19,27.700000762939453,27.9375,27.52750015258789,27.9325008392334,25.01618003845215,119036800,0.0,0.0
2015-10-20,27.834999084472656,28.542499542236328,27.704999923706055,28.4424991607666,25.47293472290039,195871200,0.0,0.0
2015-10-21,28.5,28.895000457763672,28.424999237060547,28.440000534057617,25.470687866210938,167180800,0.0,0.0
2015-10-22,28.582500457763672,28.875,28.524999618530273,28.875,25.860275268554688,166616400,0.0,0.0
2015-10-23,29.174999237060547,29.8075008392334,29.082500457763672,29.770000457763672,26.66183853149414,237467600,0.0,0.0
2015-10-26,29.520000457763672,29.532499313354492,28.729999542236328,28.81999969482422,25.811017990112305,265335200,0.0,0.0
2015-10-27,28.850000381469727,29.135000228881836,28.497499465942383,28.637500762939453,25.647573471069336,279537600,0.0,0.0
2015-10-28,29.232500076293945,29.825000762939453,29.014999389648438,29.8174991607666,26.70437240600586,342205600,0.0,0.0
2015-10-29,29.674999237060547,30.172500610351562,29.5674991607666,30.13249969482422,26.986480712890625,204909200,0.0,0.0
2015-10-30,30.247499465942383,30.30500030517578,29.862499237060547,29.875,26.75587272644043,197461200,0.0,0.0
2015-11-02,30.200000762939453,30.34000015258789,29.90250015258789,30.295000076293945,27.132015228271484,128813200,0.0,0.0
2015-11-03,30.197500228881836,30.872499465942383,30.174999237060547,30.642499923706055,27.4432373046875,182076000,0.0,0.0
2015-11-04,30.782499313354492,30.954999923706055,30.405000686645508,30.5,27.315614700317383,179544400,0.0,0.0
2015-11-05,30.462499618530273,30.672500610351562,30.045000076293945,30.229999542236328,27.189697265625,158210800,0.13,0.0
2015-11-06,30.27750015258789,30.452499389648438,30.155000686645508,30.264999389648438,27.22117042541504,132169200,0.0,0.0
2015-11-09,30.239999771118164,30.452499389648438,30.012500762939453,30.142499923706055,27.110994338989258,135485600,0.0,0.0
2015-11-10,29.225000381469727,29.517499923706055,29.014999389648438,29.1924991607666,26.25653839111328,236511600,0.0,0.0
2015-11-11,29.092500686645508,29.354999542236328,28.802499771118164,29.02750015258789,26.108131408691406,180872000,0.0,0.0
2015-11-12,29.065000534057617,29.204999923706055,28.912500381469727,28.93000030517578,26.020435333251953,130102400,0.0,0.0
2015-11-13,28.799999237060547,28.892499923706055,28.0674991607666,28.084999084472656,25.260417938232422,183249600,0.0,0.0
2015-11-16,27.844999313354492,28.559999465942383,27.75,28.545000076293945,25.67416000366211,152426800,0.0,0.0
2015-11-17,28.729999542236328,28.762500762939453,28.329999923706055,28.422500610351562,25.563980102539062,110467600,0.0,0.0
2015-11-18,28.940000534057617,29.372499465942383,28.875,29.322500228881836,26.373462677001953,186698800,0.0,0.0
2015-11-19,29.40999984741211,29.9375,29.190000534057617,29.69499969482422,26.708499908447266,173183200,0.0,0.0
2015-11-20,29.799999237060547,29.979999542236328,29.712499618530273,29.825000762939453,26.82542610168457,137148400,0.0,0.0
2015-11-23,29.8174991607666,29.9325008392334,29.334999084472656,29.4375,26.47689437866211,129930000,0.0,0.0
2015-11-24,29.332500457763672,29.837499618530273,29.280000686645508,29.719999313354492,26.73098373413086,171212800,0.0,0.0
2015-11-25,29.802499771118164,29.8075008392334,29.479999542236328,29.50749969482422,26.53986358642578,85553200,0.0,0.0
2015-11-27,29.572500228881836,29.602500915527344,29.399999618530273,29.452499389648438,26.490386962890625,52185600,0.0,0.0
2015-11-30,29.497499465942383,29.852500915527344,29.4375,29.575000762939453,26.600570678710938,156721200,0.0,0.0
2015-12-01,29.6875,29.702499389648438,29.21500015258789,29.334999084472656,26.38470458984375,139409600,0.0,0.0
2015-12-02,29.334999084472656,29.52750015258789,29.020000457763672,29.06999969482422,26.1463623046875,133546400,0.0,0.0
2015-12-03,29.137500762939453,29.197500228881836,28.55500030517578,28.799999237060547,25.903505325317383,166278000,0.0,0.0
2015-12-04,28.822500228881836,29.8125,28.77750015258789,29.75749969482422,26.76471519470215,231108000,0.0,0.0
2015-12-07,29.7450008392334,29.96500015258789,29.452499389648438,29.56999969482422,26.5960750579834,128336800,0.0,0.0
2015-12-08,29.3799991607666,29.649999618530273,29.21500015258789,29.5575008392334,26.584827423095703,137238000,0.0,0.0
2015-12-09,29.40999984741211,29.422500610351562,28.770000457763672,28.905000686645508,25.99795150756836,185445600,0.0,0.0
2015-12-10,29.010000228881836,29.235000610351562,28.877500534057617,29.042499542236328,26.12162208557129,116850800,0.0,0.0
2015-12-11,28.797500610351562,28.84749984741211,28.212499618530273,28.295000076293945,25.449304580688477,187544800,0.0,0.0
2015-12-14,28.045000076293945,28.170000076293945,27.447500228881836,28.1200008392334,25.29190444946289,257274800,0.0,0.0
2015-12-15,27.985000610351562,28.200000762939453,27.587499618530273,27.622499465942383,24.844438552856445,213292400,0.0,0.0
2015-12-16,27.767499923706055,27.997499465942383,27.200000762939453,27.834999084472656,25.035566329956055,224954000,0.0,0.0
2015-12-17,28.0049991607666,28.0625,27.2450008392334,27.2450008392334,24.504899978637695,179091200,0.0,0.0
2015-12-18,27.227500915527344,27.3799991607666,26.452499389648438,26.50749969482422,23.841575622558594,385813200,0.0,0.0
2015-12-21,26.81999969482422,26.842500686645508,26.392499923706055,26.832500457763672,24.13389015197754,190362400,0.0,0.0
2015-12-22,26.850000381469727,26.93000030517578,26.612499237060547,26.8075008392334,24.111404418945312,131157600,0.0,0.0
2015-12-23,26.8174991607666,27.212499618530273,26.799999237060547,27.15250015258789,24.421707153320312,130629600,0.0,0.0
2015-12-24,27.25,27.25,26.987499237060547,27.00749969482422,24.291288375854492,54281600,0.0,0.0
2015-12-28,26.897499084472656,26.922500610351562,26.545000076293945,26.704999923706055,24.019208908081055,106816800,0.0,0.0
2015-12-29,26.739999771118164,27.357500076293945,26.71500015258789,27.184999465942383,24.45094108581543,123724800,0.0,0.0
2015-12-30,27.145000457763672,27.174999237060547,26.795000076293945,26.829999923706055,24.131641387939453,100855200,0.0,0.0
2015-12-31,26.752500534057617,26.75749969482422,26.204999923706055,26.315000534057617,23.668434143066406,163649200,0.0,0.0
2016-01-04,25.65250015258789,26.342500686645508,25.5,26.337499618530273,23.688671112060547,270597600,0.0,0.0
2016-01-05,26.4375,26.462499618530273,25.602500915527344,25.677499771118164,23.09505271911621,223164000,0.0,0.0
2016-01-06,25.139999389648438,25.592500686645508,24.967500686645508,25.174999237060547,22.643089294433594,273829600,0.0,0.0
2016-01-07,24.670000076293945,25.032499313354492,24.107500076293945,24.112499237060547,21.68744659423828,324377600,0.0,0.0
2016-01-08,24.637500762939453,24.77750015258789,24.190000534057617,24.239999771118164,21.802122116088867,283192000,0.0,0.0
2016-01-11,24.74250030517578,24.764999389648438,24.334999084472656,24.63249969482422,22.15514373779297,198957600,0.0,0.0
2016-01-12,25.137500762939453,25.172500610351562,24.709999084472656,24.989999771118164,22.476696014404297,196616800,0.0,0.0
2016-01-13,25.079999923706055,25.297500610351562,24.325000762939453,24.34749984741211,21.89881134033203,249758400,0.0,0.0
2016-01-14,24.489999771118164,25.1200008392334,23.934999465942383,24.8799991607666,22.37775421142578,252680400,0.0,0.0
2016-01-15,24.049999237060547,24.427499771118164,23.84000015258789,24.282499313354492,21.840351104736328,319335600,0.0,0.0
2016-01-19,24.602500915527344,24.662500381469727,23.875,24.165000915527344,21.734668731689453,212350800,0.0,0.0
2016-01-20,23.774999618530273,24.547500610351562,23.354999542236328,24.197500228881836,21.76390266418457,289337600,0.0,0.0
2016-01-21,24.264999389648438,24.469999313354492,23.735000610351562,24.075000762939453,21.653709411621094,208646000,0.0,0.0
2016-01-22,24.657499313354492,25.364999771118164,24.592500686645508,25.354999542236328,22.804983139038086,263202000,0.0,0.0
2016-01-25,25.3799991607666,25.38249969482422,24.802499771118164,24.860000610351562,22.359764099121094,207178000,0.0,0.0
2016-01-26,24.982500076293945,25.219999313354492,24.517499923706055,24.997499465942383,22.483440399169922,300308000,0.0,0.0
2016-01-27,24.010000228881836,24.157499313354492,23.334999084472656,23.354999542236328,21.00613021850586,533478800,0.0,0.0
2016-01-28,23.447500228881836,23.6299991607666,23.09749984741211,23.522499084472656,21.15677833557129,222715200,0.0,0.0
2016-01-29,23.697500228881836,24.334999084472656,23.587499618530273,24.334999084472656,21.88756561279297,257666000,0.0,0.0
2016-02-01,24.11750030517578,24.177499771118164,23.850000381469727,24.107500076293945,21.682947158813477,163774000,0.0,0.0
2016-02-02,23.854999542236328,24.010000228881836,23.56999969482422,23.6200008392334,21.244478225708008,149428800,0.0,0.0
2016-02-03,23.75,24.209999084472656,23.520000457763672,24.087499618530273,21.664960861206055,183857200,0.0,0.0
2016-02-04,23.96500015258789,24.332500457763672,23.797500610351562,24.149999618530273,21.839038848876953,185886800,0.13,0.0
2016-02-05,24.1299991607666,24.229999542236328,23.422500610351562,23.5049991607666,21.255752563476562,185672400,0.0,0.0
2016-02-08,23.282499313354492,23.924999237060547,23.260000228881836,23.752500534057617,21.479581832885742,216085600,0.0,0.0
2016-02-09,23.572500228881836,23.985000610351562,23.482500076293945,23.747499465942383,21.475053787231445,177324800,0.0,0.0
2016-02-10,23.979999542236328,24.087499618530273,23.524999618530273,23.5674991607666,21.312278747558594,169374400,0.0,0.0
2016-02-11,23.447500228881836,23.68000030517578,23.147499084472656,23.424999237060547,21.18341636657715,200298800,0.0,0.0
2016-02-12,23.547500610351562,23.625,23.252500534057617,23.497499465942383,21.24897575378418,161405600,0.0,0.0
2016-02-16,23.7549991607666,24.212499618530273,23.65250015258789,24.15999984741211,21.848081588745117,196231600,0.0,0.0
2016-02-17,24.167499542236328,24.552499771118164,24.037500381469727,24.530000686645508,22.182676315307617,179452800,0.0,0.0
2016-02-18,24.709999084472656,24.72249984741211,24.022499084472656,24.065000534057617,21.762176513671875,156084000,0.0,0.0
2016-02-19,24.0,24.190000534057617,23.950000762939453,24.010000228881836,21.71243667602539,141496800,0.0,0.0
2016-02-22,24.077499389648438,24.225000381469727,23.979999542236328,24.219999313354492,21.90233612060547,137123200,0.0,0.0
2016-02-23,24.100000381469727,24.125,23.637500762939453,23.672500610351562,21.407230377197266,127770400,0.0,0.0
2016-02-24,23.4950008392334,24.094999313354492,23.329999923706055,24.024999618530273,21.725994110107422,145022800,0.0,0.0
2016-02-25,24.012500762939453,24.190000534057617,23.8125,24.190000534057617,21.87520980834961,110330800,0.0,0.0
2016-02-26,24.299999237060547,24.5049991607666,24.145000457763672,24.227500915527344,21.90912437438965,115964400,0.0,0.0
2016-02-29,24.21500015258789,24.5575008392334,24.162500381469727,24.172500610351562,21.85938835144043,140865200,0.0,0.0
2016-03-01,24.412500381469727,25.1924991607666,24.354999542236328,25.13249969482422,22.727521896362305,201628400,0.0,0.0
2016-03-02,25.127500534057617,25.22249984741211,24.90999984741211,25.1875,22.77726173400879,132678400,0.0,0.0
2016-03-03,25.145000457763672,25.427499771118164,25.112499237060547,25.375,22.946815490722656,147822800,0.0,0.0
2016-03-04,25.592500686645508,25.9375,25.342500686645508,25.752500534057617,23.288190841674805,184220400,0.0,0.0
2016-03-07,25.59749984741211,25.707500457763672,25.239999771118164,25.467500686645508,23.030466079711914,143315600,0.0,0.0
2016-03-08,25.19499969482422,25.440000534057617,25.100000381469727,25.25749969482422,22.840560913085938,126247600,0.0,0.0
2016-03-09,25.327499389648438,25.395000457763672,25.0674991607666,25.280000686645508,22.86090660095215,108806800,0.0,0.0
2016-03-10,25.352500915527344,25.559999465942383,25.037500381469727,25.292499542236328,22.872211456298828,134054400,0.0,0.0
2016-03-11,25.559999465942383,25.56999969482422,25.375,25.565000534057617,23.118635177612305,109632800,0.0,0.0
2016-03-14,25.477500915527344,25.727500915527344,25.44499969482422,25.6299991607666,23.17741584777832,100304400,0.0,0.0
2016-03-15,25.989999771118164,26.295000076293945,25.962499618530273,26.145000457763672,23.64314079284668,160270800,0.0,0.0
2016-03-16,26.15250015258789,26.577499389648438,26.147499084472656,26.49250030517578,23.957382202148438,153214000,0.0,0.0
2016-03-17,26.3799991607666,26.61750030517578,26.239999771118164,26.450000762939453,23.918954849243164,137682800,0.0,0.0
2016-03-18,26.584999084472656,26.625,26.297500610351562,26.479999542236328,23.946073532104492,176820800,0.0,0.0
2016-03-21,26.482500076293945,26.912500381469727,26.28499984741211,26.477500915527344,23.94382095336914,142010800,0.0,0.0
2016-03-22,26.3125,26.822500228881836,26.302499771118164,26.68000030517578,24.12694549560547,129777600,0.0,0.0
2016-03-23,26.6200008392334,26.767499923706055,26.475000381469727,26.532499313354492,23.99355697631836,102814000,0.0,0.0
2016-03-24,26.36750030517578,26.5625,26.22249984741211,26.417499542236328,23.889554977416992,104532000,0.0,0.0
2016-03-28,26.5,26.547500610351562,26.264999389648438,26.297500610351562,23.781044006347656,77645600,0.0,0.0
2016-03-29,26.22249984741211,26.947500228881836,26.219999313354492,26.920000076293945,24.343975067138672,124760400,0.0,0.0
2016-03-30,27.162500381469727,27.604999542236328,27.149999618530273,27.389999389648438,24.76899528503418,182404400,0.0,0.0
2016-03-31,27.43000030517578,27.475000381469727,27.219999313354492,27.247499465942383,24.640134811401367,103553600,0.0,0.0
2016-04-01,27.19499969482422,27.5,27.049999237060547,27.497499465942383,24.8662109375,103496000,0.0,0.0
2016-04-04,27.604999542236328,28.047500610351562,27.5674991607666,27.780000686645508,25.121675491333008,149424800,0.0,0.0
2016-04-05,27.377500534057617,27.6825008392334,27.354999542236328,27.452499389648438,24.82552146911621,106314800,0.0,0.0
2016-04-06,27.5575008392334,27.7450008392334,27.299999237060547,27.739999771118164,25.085508346557617,105616400,0.0,0.0
2016-04-07,27.487499237060547,27.604999542236328,27.030000686645508,27.135000228881836,24.538394927978516,127207600,0.0,0.0
2016-04-08,27.227500915527344,27.4424991607666,27.042499542236328,27.165000915527344,24.56553077697754,94326800,0.0,0.0
2016-04-11,27.24250030517578,27.65250015258789,27.207500457763672,27.2549991607666,24.646915435791016,117630000,0.0,0.0
2016-04-12,27.334999084472656,27.625,27.165000915527344,27.610000610351562,24.967947006225586,108929200,0.0,0.0
2016-04-13,27.700000762939453,28.084999084472656,27.700000762939453,28.010000228881836,25.329669952392578,133029200,0.0,0.0
2016-04-14,27.905000686645508,28.09749984741211,27.832500457763672,28.024999618530273,25.343233108520508,101895600,0.0,0.0
2016-04-15,28.02750015258789,28.075000762939453,27.4325008392334,27.462499618530273,24.834558486938477,187756000,0.0,0.0
2016-04-18,27.22249984741211,27.237499237060547,26.735000610351562,26.8700008392334,24.298757553100586,243286000,0.0,0.0
2016-04-19,26.969999313354492,27.0,26.5575008392334,26.727500915527344,24.169889450073242,129539600,0.0,0.0
2016-04-20,26.65999984741211,27.022499084472656,26.514999389648438,26.782499313354492,24.21962547302246,122444000,0.0,0.0
2016-04-21,26.732500076293945,26.732500076293945,26.3799991607666,26.49250030517578,23.957382202148438,126210000,0.0,0.0
2016-04-22,26.252500534057617,26.6200008392334,26.155000686645508,26.420000076293945,23.891815185546875,134732400,0.0,0.0
2016-04-25,26.25,26.412500381469727,26.127500534057617,26.270000457763672,23.756175994873047,112126400,0.0,0.0
2016-04-26,25.977500915527344,26.325000762939453,25.977500915527344,26.087499618530273,23.59113883972168,224064800,0.0,0.0
2016-04-27,24.0,24.677499771118164,23.920000076293945,24.454999923706055,22.114850997924805,458408400,0.0,0.0
2016-04-28,24.40250015258789,24.469999313354492,23.5625,23.707500457763672,21.438884735107422,328970800,0.0,0.0
2016-04-29,23.497499465942383,23.68000030517578,23.127500534057617,23.434999465942383,21.192453384399414,274126000,0.0,0.0
2016-05-02,23.49250030517578,23.520000457763672,23.100000381469727,23.40999984741211,21.169857025146484,192640400,0.0,0.0
2016-05-03,23.549999237060547,23.934999465942383,23.420000076293945,23.795000076293945,21.518007278442383,227325200,0.0,0.0
2016-05-04,23.799999237060547,23.975000381469727,23.454999923706055,23.547500610351562,21.2941951751709,164102000,0.0,0.0
2016-05-05,23.5,23.517499923706055,23.170000076293945,23.309999465942383,21.2077579498291,143562000,0.1425,0.0
2016-05-06,23.342500686645508,23.362499237060547,22.962499618530273,23.18000030517578,21.08948516845703,174799600,0.0,0.0
2016-05-09,23.25,23.4424991607666,23.147499084472656,23.197500228881836,21.105405807495117,131745600,0.0,0.0
2016-05-10,23.332500457763672,23.392499923706055,23.02750015258789,23.354999542236328,21.248708724975586,134747200,0.0,0.0
2016-05-11,23.3700008392334,23.392499923706055,23.114999771118164,23.127500534057617,21.04172134399414,114876400,0.0,0.0
2016-05-12,23.18000030517578,23.19499969482422,22.36750030517578,22.584999084472656,20.548141479492188,305258800,0.0,0.0
2016-05-13,22.5,22.917499542236328,22.5,22.6299991607666,20.589082717895508,177571200,0.0,0.0
2016-05-16,23.09749984741211,23.59749984741211,22.912500381469727,23.469999313354492,21.353334426879883,245039200,0.0,0.0
2016-05-17,23.637500762939453,23.674999237060547,23.252500534057617,23.372499465942383,21.264629364013672,187667600,0.0,0.0
2016-05-18,23.540000915527344,23.802499771118164,23.47249984741211,23.639999389648438,21.507997512817383,168249600,0.0,0.0
2016-05-19,23.65999984741211,23.65999984741211,23.392499923706055,23.549999237060547,21.42612075805664,121768400,0.0,0.0
2016-05-20,23.65999984741211,23.857500076293945,23.6299991607666,23.80500030517578,21.658119201660156,128104000,0.0,0.0
2016-05-23,23.967500686645508,24.297500610351562,23.917499542236328,24.107500076293945,21.933334350585938,152074400,0.0,0.0
2016-05-24,24.30500030517578,24.522499084472656,24.209999084472656,24.475000381469727,22.267688751220703,140560800,0.0,0.0
2016-05-25,24.667499542236328,24.934999465942383,24.52750015258789,24.905000686645508,22.658916473388672,152675200,0.0,0.0
2016-05-26,24.920000076293945,25.1825008392334,24.65999984741211,25.102500915527344,22.838607788085938,225324800,0.0,0.0
2016-05-27,24.860000610351562,25.11750030517578,24.8125,25.087499618530273,22.824962615966797,145364800,0.0,0.0
2016-05-31,24.899999618530273,25.100000381469727,24.704999923706055,24.96500015258789,22.713497161865234,169228800,0.0,0.0
2016-06-01,24.7549991607666,24.885000228881836,24.582500457763672,24.614999771118164,22.39506721496582,116693200,0.0,0.0
2016-06-02,24.399999618530273,24.459999084472656,24.157499313354492,24.43000030517578,22.22675132751465,160766400,0.0,0.0
2016-06-03,24.447500228881836,24.5674991607666,24.362499237060547,24.479999542236328,22.272247314453125,114019600,0.0,0.0
2016-06-06,24.497499465942383,25.47249984741211,24.387500762939453,24.657499313354492,22.43372917175293,93170000,0.0,0.0
2016-06-07,24.8125,24.967500686645508,24.739999771118164,24.75749969482422,22.524715423583984,89638000,0.0,0.0
2016-06-08,24.7549991607666,24.889999389648438,24.670000076293945,24.735000610351562,22.504249572753906,83392400,0.0,0.0
2016-06-09,24.625,24.997499465942383,24.614999771118164,24.912500381469727,22.66574478149414,106405600,0.0,0.0
2016-06-10,24.63249969482422,24.837499618530273,24.6200008392334,24.707500457763672,22.479225158691406,126851600,0.0,0.0
2016-06-13,24.672500610351562,24.780000686645508,24.274999618530273,24.334999084472656,22.140323638916016,152082000,0.0,0.0
2016-06-14,24.329999923706055,24.6200008392334,24.1875,24.364999771118164,22.167612075805664,127727600,0.0,0.0
2016-06-15,24.454999923706055,24.602500915527344,24.25749969482422,24.28499984741211,22.09482765197754,117780800,0.0,0.0
2016-06-16,24.112499237060547,24.4375,24.017499923706055,24.387500762939453,22.18808937072754,125307200,0.0,0.0
2016-06-17,24.155000686645508,24.162500381469727,23.825000762939453,23.832500457763672,21.683141708374023,244032800,0.0,0.0
2016-06-20,24.0,24.142499923706055,23.75749969482422,23.774999618530273,21.630823135375977,137647600,0.0,0.0
2016-06-21,23.735000610351562,24.087499618530273,23.670000076293945,23.977500915527344,21.815059661865234,142185600,0.0,0.0
2016-06-22,24.0625,24.22249984741211,23.837499618530273,23.887500762939453,21.733179092407227,116876400,0.0,0.0
2016-06-23,23.985000610351562,24.072500228881836,23.8125,24.024999618530273,21.858274459838867,128960800,0.0,0.0
2016-06-24,23.227500915527344,23.665000915527344,23.162500381469727,23.350000381469727,21.24415397644043,301245600,0.0,0.0
2016-06-27,23.25,23.262500762939453,22.875,23.010000228881836,20.934814453125,181958400,0.0,0.0
2016-06-28,23.225000381469727,23.415000915527344,23.03499984741211,23.397499084472656,21.287368774414062,161779600,0.0,0.0
2016-06-29,23.49250030517578,23.637500762939453,23.407499313354492,23.600000381469727,21.47161293029785,146124000,0.0,0.0
2016-06-30,23.610000610351562,23.9424991607666,23.575000762939453,23.899999618530273,21.74455451965332,143345600,0.0,0.0
2016-07-01,23.872499465942383,24.11750030517578,23.832500457763672,23.97249984741211,21.81051254272461,104106000,0.0,0.0
2016-07-05,23.84749984741211,23.850000381469727,23.614999771118164,23.747499465942383,21.605810165405273,110820800,0.0,0.0
2016-07-06,23.649999618530273,23.915000915527344,23.592500686645508,23.88249969482422,21.72863006591797,123796400,0.0,0.0
2016-07-07,23.924999237060547,24.125,23.905000686645508,23.985000610351562,21.82189178466797,100558400,0.0,0.0
2016-07-08,24.122499465942383,24.22249984741211,24.012500762939453,24.170000076293945,21.990205764770508,115648400,0.0,0.0
2016-07-11,24.1875,24.412500381469727,24.1825008392334,24.2450008392334,22.05844497680664,95179600,0.0,0.0
2016-07-12,24.292499542236328,24.424999237060547,24.280000686645508,24.354999542236328,22.158519744873047,96670000,0.0,0.0
2016-07-13,24.352500915527344,24.417499542236328,24.209999084472656,24.217500686645508,22.033422470092773,103568800,0.0,0.0
2016-07-14,24.34749984741211,24.747499465942383,24.329999923706055,24.697500228881836,22.47013282775879,155676000,0.0,0.0
2016-07-15,24.729999542236328,24.825000762939453,24.625,24.69499969482422,22.46785545349121,120548000,0.0,0.0
2016-07-18,24.674999237060547,25.032499313354492,24.649999618530273,24.957500457763672,22.706682205200195,145975600,0.0,0.0
2016-07-19,24.889999389648438,25.0,24.834999084472656,24.967500686645508,22.71577262878418,95119600,0.0,0.0
2016-07-20,25.0,25.114999771118164,24.934999465942383,24.989999771118164,22.736249923706055,105104000,0.0,0.0
2016-07-21,24.957500457763672,25.25,24.782499313354492,24.857500076293945,22.615697860717773,130808000,0.0,0.0
2016-07-22,24.815000534057617,24.825000762939453,24.577499389648438,24.665000915527344,22.44056510925293,113254800,0.0,0.0
2016-07-25,24.5625,24.709999084472656,24.229999542236328,24.334999084472656,22.140323638916016,161531600,0.0,0.0
2016-07-26,24.204999923706055,24.49250030517578,24.104999542236328,24.167499542236328,21.98792839050293,224959200,0.0,0.0
2016-07-27,26.0674991607666,26.087499618530273,25.6875,25.737499237060547,23.416332244873047,369379200,0.0,0.0
2016-07-28,25.707500457763672,26.112499237060547,25.704999923706055,26.084999084472656,23.73249626159668,159479200,0.0,0.0
2016-07-29,26.047500610351562,26.137500762939453,25.920000076293945,26.052499771118164,23.70292854309082,110934800,0.0,0.0
2016-08-01,26.102500915527344,26.537500381469727,26.102500915527344,26.512500762939453,24.12143898010254,152671600,0.0,0.0
2016-08-02,26.512500762939453,26.517499923706055,26.0,26.1200008392334,23.76434326171875,135266400,0.0,0.0
2016-08-03,26.202499389648438,26.459999084472656,26.1924991607666,26.447500228881836,24.062301635742188,120810400,0.0,0.0
2016-08-04,26.395000457763672,26.5,26.31999969482422,26.467500686645508,24.210947036743164,109634800,0.1425,0.0
2016-08-05,26.5674991607666,26.912500381469727,26.545000076293945,26.8700008392334,24.57912826538086,162213600,0.0,0.0
2016-08-08,26.8799991607666,27.092500686645508,26.790000915527344,27.092500686645508,24.78266716003418,112148800,0.0,0.0
2016-08-09,27.0575008392334,27.235000610351562,27.002500534057617,27.202499389648438,24.883283615112305,105260800,0.0,0.0
2016-08-10,27.177499771118164,27.225000381469727,26.940000534057617,27.0,24.69805335998535,96034000,0.0,0.0
2016-08-11,27.1299991607666,27.232500076293945,26.962499618530273,26.982500076293945,24.682037353515625,109938000,0.0,0.0
2016-08-12,26.94499969482422,27.110000610351562,26.94499969482422,27.045000076293945,24.739208221435547,74641600,0.0,0.0
2016-08-15,27.03499984741211,27.385000228881836,27.020000457763672,27.3700008392334,25.036502838134766,103472800,0.0,0.0
2016-08-16,27.407499313354492,27.5575008392334,27.302499771118164,27.344999313354492,25.01363182067871,135177600,0.0,0.0
2016-08-17,27.274999618530273,27.342500686645508,27.084999084472656,27.30500030517578,24.977048873901367,101424000,0.0,0.0
2016-08-18,27.3075008392334,27.399999618530273,27.2549991607666,27.270000457763672,24.945032119750977,87938800,0.0,0.0
2016-08-19,27.1924991607666,27.422500610351562,27.09000015258789,27.34000015258789,25.009063720703125,101472400,0.0,0.0
2016-08-22,27.21500015258789,27.274999618530273,26.962499618530273,27.127500534057617,24.814680099487305,103280800,0.0,0.0
2016-08-23,27.147499084472656,27.329999923706055,27.13249969482422,27.212499618530273,24.892425537109375,85030800,0.0,0.0
2016-08-24,27.142499923706055,27.1875,26.920000076293945,27.00749969482422,24.704910278320312,94700400,0.0,0.0
2016-08-25,26.84749984741211,26.969999313354492,26.670000076293945,26.892499923706055,24.59971809387207,100344800,0.0,0.0
2016-08-26,26.852500915527344,26.987499237060547,26.577499389648438,26.735000610351562,24.455642700195312,111065200,0.0,0.0
2016-08-29,26.655000686645508,26.860000610351562,26.572500228881836,26.704999923706055,24.428197860717773,99881200,0.0,0.0
2016-08-30,26.450000762939453,26.625,26.375,26.5,24.24068260192871,99455600,0.0,0.0
2016-08-31,26.415000915527344,26.642499923706055,26.40999984741211,26.524999618530273,24.263545989990234,118649600,0.0,0.0
2016-09-01,26.53499984741211,26.700000762939453,26.405000686645508,26.6825008392334,24.407617568969727,106806000,0.0,0.0
2016-09-02,26.924999237060547,27.0,26.704999923706055,26.9325008392334,24.63629913330078,107210000,0.0,0.0
2016-09-06,26.975000381469727,27.075000762939453,26.877500534057617,26.924999237060547,24.62944221496582,107521600,0.0,0.0
2016-09-07,26.957500457763672,27.190000534057617,26.767499923706055,27.09000015258789,24.78037452697754,169457200,0.0,0.0
2016-09-08,26.8125,26.8174991607666,26.309999465942383,26.3799991607666,24.130908966064453,212008000,0.0,0.0
2016-09-09,26.15999984741211,26.43000030517578,25.782499313354492,25.782499313354492,23.584354400634766,186228000,0.0,0.0
2016-09-12,25.662500381469727,26.43000030517578,25.63249969482422,26.360000610351562,24.11261558532715,181171200,0.0,0.0
2016-09-13,26.877500534057617,27.197500228881836,26.809999465942383,26.987499237060547,24.686613082885742,248704800,0.0,0.0
2016-09-14,27.1825008392334,28.25749969482422,27.149999618530273,27.9424991607666,25.560195922851562,443554800,0.0,0.0
2016-09-15,28.46500015258789,28.9325008392334,28.372499465942383,28.892499923706055,26.42919921875,359934400,0.0,0.0
2016-09-16,28.780000686645508,29.032499313354492,28.510000228881836,28.729999542236328,26.280555725097656,319547600,0.0,0.0
2016-09-19,28.797500610351562,29.045000076293945,28.3125,28.395000457763672,25.9741153717041,188092000,0.0,0.0
2016-09-20,28.262500762939453,28.530000686645508,28.127500534057617,28.392499923706055,25.97183609008789,138057200,0.0,0.0
2016-09-21,28.462499618530273,28.497499465942383,28.110000610351562,28.387500762939453,25.967252731323242,144012800,0.0,0.0
2016-09-22,28.587499618530273,28.735000610351562,28.5,28.655000686645508,26.21194839477539,124296000,0.0,0.0
2016-09-23,28.604999542236328,28.697500228881836,27.887500762939453,28.177499771118164,25.7751522064209,209924800,0.0,0.0
2016-09-26,27.90999984741211,28.34749984741211,27.887500762939453,28.219999313354492,25.81403350830078,119477600,0.0,0.0
2016-09-27,28.25,28.295000076293945,28.084999084472656,28.272499084472656,25.862056732177734,98429600,0.0,0.0
2016-09-28,28.422500610351562,28.65999984741211,28.357500076293945,28.487499237060547,26.058727264404297,118564400,0.0,0.0
2016-09-29,28.290000915527344,28.450000762939453,27.950000762939453,28.045000076293945,25.653949737548828,143548000,0.0,0.0
2016-09-30,28.114999771118164,28.342500686645508,27.950000762939453,28.262500762939453,25.852903366088867,145516400,0.0,0.0
2016-10-03,28.177499771118164,28.262500762939453,28.06999969482422,28.1299991607666,25.731698989868164,86807200,0.0,0.0
2016-10-04,28.264999389648438,28.577499389648438,28.157499313354492,28.25,25.84147834777832,118947200,0.0,0.0
2016-10-05,28.350000381469727,28.415000915527344,28.172500610351562,28.262500762939453,25.852903366088867,85812400,0.0,0.0
2016-10-06,28.424999237060547,28.584999084472656,28.282499313354492,28.47249984741211,26.045015335083008,115117200,0.0,0.0
2016-10-07,28.577499389648438,28.639999389648438,28.377500534057617,28.514999389648438,26.08388900756836,97433600,0.0,0.0
2016-10-10,28.7549991607666,29.1875,28.68000030517578,29.012500762939453,26.538969039916992,144944000,0.0,0.0
2016-10-11,29.424999237060547,29.672500610351562,29.049999237060547,29.075000762939453,26.59613609313965,256164000,0.0,0.0
2016-10-12,29.337499618530273,29.4950008392334,29.1875,29.334999084472656,26.833967208862305,150347200,0.0,0.0
2016-10-13,29.197500228881836,29.360000610351562,28.93000030517578,29.2450008392334,26.751646041870117,140769600,0.0,0.0
2016-10-14,29.469999313354492,29.542499542236328,29.282499313354492,29.407499313354492,26.900291442871094,142608800,0.0,0.0
2016-10-17,29.332500457763672,29.459999084472656,29.19499969482422,29.387500762939453,26.882001876831055,94499600,0.0,0.0
2016-10-18,29.545000076293945,29.552499771118164,29.362499237060547,29.36750030517578,26.863693237304688,98214000,0.0,0.0
2016-10-19,29.3125,29.440000534057617,28.450000762939453,29.280000686645508,26.783662796020508,80138400,0.0,0.0
2016-10-20,29.21500015258789,29.344999313354492,29.082500457763672,29.264999389648438,26.769933700561523,96503200,0.0,0.0
2016-10-21,29.202499389648438,29.227500915527344,29.06999969482422,29.149999618530273,26.66474723815918,92770800,0.0,0.0
2016-10-24,29.274999618530273,29.434999465942383,29.25,29.412500381469727,26.904869079589844,94154800,0.0,0.0
2016-10-25,29.487499237060547,29.59000015258789,29.327499389648438,29.5625,27.042083740234375,192516000,0.0,0.0
2016-10-26,28.577499389648438,28.924999237060547,28.327499389648438,28.897499084472656,26.433774948120117,264536800,0.0,0.0
2016-10-27,28.84749984741211,28.96500015258789,28.524999618530273,28.6200008392334,26.1799373626709,138248000,0.0,0.0
2016-10-28,28.467500686645508,28.802499771118164,28.362499237060547,28.43000030517578,26.00613021850586,151446800,0.0,0.0
2016-10-31,28.412500381469727,28.5575008392334,28.299999237060547,28.385000228881836,25.9649658203125,105677600,0.0,0.0
2016-11-01,28.364999771118164,28.4424991607666,27.63249969482422,27.872499465942383,25.49615478515625,175303200,0.0,0.0
2016-11-02,27.850000381469727,28.087499618530273,27.8075008392334,27.897499084472656,25.519023895263672,113326800,0.0,0.0
2016-11-03,27.7450008392334,27.864999771118164,27.387500762939453,27.457500457763672,25.245502471923828,107730400,0.1425,0.0
2016-11-04,27.13249969482422,27.5625,27.02750015258789,27.209999084472656,25.01793670654297,123348000,0.0,0.0
2016-11-07,27.520000457763672,27.627500534057617,27.364999771118164,27.602500915527344,25.378816604614258,130240000,0.0,0.0
2016-11-08,27.577499389648438,27.93000030517578,27.424999237060547,27.764999389648438,25.52822494506836,97016800,0.0,0.0
2016-11-09,27.469999313354492,27.829999923706055,27.012500762939453,27.719999313354492,25.486848831176758,236705600,0.0,0.0
2016-11-10,27.772499084472656,27.772499084472656,26.457500457763672,26.947500228881836,24.776580810546875,228538000,0.0,0.0
2016-11-11,26.780000686645508,27.217500686645508,26.637500762939453,27.107500076293945,24.92369842529297,136575600,0.0,0.0
2016-11-14,26.927499771118164,26.952499389648438,26.020000457763672,26.427499771118164,24.298473358154297,204702000,0.0,0.0
2016-11-15,26.642499923706055,26.920000076293945,26.540000915527344,26.77750015258789,24.620283126831055,129058000,0.0,0.0
2016-11-16,26.674999237060547,27.5575008392334,26.649999618530273,27.497499465942383,25.282276153564453,235362000,0.0,0.0
2016-11-17,27.452499389648438,27.587499618530273,27.207500457763672,27.487499237060547,25.273080825805664,110528000,0.0,0.0
2016-11-18,27.43000030517578,27.635000228881836,27.415000915527344,27.514999389648438,25.298364639282227,113715600,0.0,0.0
2016-11-21,27.530000686645508,27.997499465942383,27.502500534057617,27.9325008392334,25.682233810424805,117058400,0.0,0.0
2016-11-22,27.987499237060547,28.104999542236328,27.850000381469727,27.950000762939453,25.698320388793945,103862000,0.0,0.0
2016-11-23,27.84000015258789,27.877500534057617,27.582500457763672,27.8075008392334,25.567304611206055,109705600,0.0,0.0
2016-11-25,27.782499313354492,27.967500686645508,27.737499237060547,27.947500228881836,25.696022033691406,45903600,0.0,0.0
2016-11-28,27.857500076293945,28.11750030517578,27.84749984741211,27.892499923706055,25.645448684692383,108776000,0.0,0.0
2016-11-29,27.69499969482422,28.00749969482422,27.517499923706055,27.864999771118164,25.620166778564453,114115200,0.0,0.0
2016-11-30,27.899999618530273,28.049999237060547,27.5674991607666,27.6299991607666,25.40410614013672,144649200,0.0,0.0
2016-12-01,27.592500686645508,27.735000610351562,27.25749969482422,27.372499465942383,25.167343139648438,148347600,0.0,0.0
2016-12-02,27.292499542236328,27.522499084472656,27.212499618530273,27.475000381469727,25.261592864990234,106112000,0.0,0.0
2016-12-05,27.5,27.50749969482422,27.0625,27.27750015258789,25.079999923706055,137298000,0.0,0.0
2016-12-06,27.375,27.59000015258789,27.297500610351562,27.487499237060547,25.273080825805664,104782000,0.0,0.0
2016-12-07,27.315000534057617,27.797500610351562,27.290000915527344,27.75749969482422,25.521329879760742,119994800,0.0,0.0
2016-12-08,27.71500015258789,28.107500076293945,27.649999618530273,28.030000686645508,25.771881103515625,108273200,0.0,0.0
2016-12-09,28.077499389648438,28.674999237060547,28.077499389648438,28.487499237060547,26.192520141601562,137610400,0.0,0.0
2016-12-12,28.322500228881836,28.75,28.122499465942383,28.325000762939453,26.043115615844727,105497600,0.0,0.0
2016-12-13,28.459999084472656,28.979999542236328,28.4375,28.797500610351562,26.47754669189453,174935200,0.0,0.0
2016-12-14,28.760000228881836,29.049999237060547,28.7450008392334,28.797500610351562,26.47754669189453,136127200,0.0,0.0
2016-12-15,28.844999313354492,29.1825008392334,28.8075008392334,28.954999923706055,26.622356414794922,186098000,0.0,0.0
2016-12-16,29.11750030517578,29.125,28.912500381469727,28.99250030517578,26.656843185424805,177404400,0.0,0.0
2016-12-19,28.950000762939453,29.344999313354492,28.9375,29.15999984741211,26.810842514038086,111117600,0.0,0.0
2016-12-20,29.184999465942383,29.375,29.170000076293945,29.237499237060547,26.882102966308594,85700000,0.0,0.0
2016-12-21,29.200000762939453,29.350000381469727,29.19499969482422,29.264999389648438,26.907379150390625,95132800,0.0,0.0
2016-12-22,29.087499618530273,29.127500534057617,28.90999984741211,29.072500228881836,26.73038673400879,104343600,0.0,0.0
2016-12-23,28.897499084472656,29.1299991607666,28.897499084472656,29.1299991607666,26.78325653076172,56998000,0.0,0.0
2016-12-27,29.1299991607666,29.450000762939453,29.122499465942383,29.315000534057617,26.953357696533203,73187600,0.0,0.0
2016-12-28,29.3799991607666,29.5049991607666,29.049999237060547,29.190000534057617,26.83842658996582,83623600,0.0,0.0
2016-12-29,29.112499237060547,29.27750015258789,29.100000381469727,29.1825008392334,26.83152961730957,60158000,0.0,0.0
2016-12-30,29.162500381469727,29.299999237060547,28.857500076293945,28.954999923706055,26.622356414794922,122345200,0.0,0.0
2017-01-03,28.950000762939453,29.082500457763672,28.690000534057617,29.037500381469727,26.698204040527344,115127600,0.0,0.0
2017-01-04,28.962499618530273,29.127500534057617,28.9375,29.0049991607666,26.668325424194336,84472400,0.0,0.0
2017-01-05,28.979999542236328,29.21500015258789,28.952499389648438,29.15250015258789,26.803943634033203,88774400,0.0,0.0
2017-01-06,29.19499969482422,29.540000915527344,29.11750030517578,29.477500915527344,27.102760314941406,127007600,0.0,0.0
2017-01-09,29.487499237060547,29.857500076293945,29.485000610351562,29.747499465942383,27.351016998291016,134247600,0.0,0.0
2017-01-10,29.6924991607666,29.844999313354492,29.575000762939453,29.77750015258789,27.378589630126953,97848400,0.0,0.0
2017-01-11,29.684999465942383,29.982500076293945,29.649999618530273,29.9375,27.525711059570312,110354400,0.0,0.0
2017-01-12,29.725000381469727,29.825000762939453,29.552499771118164,29.8125,27.410768508911133,108344800,0.0,0.0
2017-01-13,29.77750015258789,29.905000686645508,29.702499389648438,29.760000228881836,27.362503051757812,104447600,0.0,0.0
2017-01-17,29.584999084472656,30.059999465942383,29.55500030517578,30.0,27.58316993713379,137759200,0.0,0.0
2017-01-18,30.0,30.125,29.927499771118164,29.997499465942383,27.580875396728516,94852000,0.0,0.0
2017-01-19,29.850000381469727,30.022499084472656,29.842500686645508,29.94499969482422,27.53260040283203,102389200,0.0,0.0
2017-01-20,30.112499237060547,30.112499237060547,29.9325008392334,30.0,27.58316993713379,130391600,0.0,0.0
2017-01-23,30.0,30.202499389648438,29.9424991607666,30.020000457763672,27.601560592651367,88200800,0.0,0.0
2017-01-24,29.887500762939453,30.024999618530273,29.875,29.99250030517578,27.57627296447754,92844000,0.0,0.0
2017-01-25,30.104999542236328,30.524999618530273,30.06999969482422,30.469999313354492,28.01530647277832,129510400,0.0,0.0
2017-01-26,30.417499542236328,30.610000610351562,30.399999618530273,30.485000610351562,28.029098510742188,105350400,0.0,0.0
2017-01-27,30.53499984741211,30.587499618530273,30.399999618530273,30.487499237060547,28.031396865844727,82251600,0.0,0.0
2017-01-30,30.232500076293945,30.407499313354492,30.165000915527344,30.407499313354492,27.957841873168945,121510000,0.0,0.0
2017-01-31,30.287500381469727,30.34749984741211,30.155000686645508,30.337499618530273,27.893482208251953,196804000,0.0,0.0
2017-02-01,31.75749969482422,32.622501373291016,31.752500534057617,32.1875,29.59444236755371,447940000,0.0,0.0
2017-02-02,31.9950008392334,32.34749984741211,31.94499969482422,32.13249969482422,29.54387092590332,134841600,0.0,0.0
2017-02-03,32.07749938964844,32.29750061035156,32.040000915527344,32.27000045776367,29.670303344726562,98029200,0.0,0.0
2017-02-06,32.282501220703125,32.625,32.224998474121094,32.5724983215332,29.94841957092285,107383600,0.0,0.0
2017-02-07,32.6349983215332,33.022499084472656,32.61249923706055,32.88249969482422,30.23345184326172,152735200,0.0,0.0
2017-02-08,32.837501525878906,33.05500030517578,32.80500030517578,33.0099983215332,30.350677490234375,92016400,0.0,0.0
2017-02-09,32.912498474121094,33.11249923706055,32.779998779296875,33.10499954223633,30.56999397277832,113399600,0.1425,0.0
2017-02-10,33.1150016784668,33.23500061035156,33.01250076293945,33.029998779296875,30.50074005126953,80262000,0.0,0.0
2017-02-13,33.27000045776367,33.45500183105469,33.1875,33.3224983215332,30.770835876464844,92141600,0.0,0.0
2017-02-14,33.36750030517578,33.772499084472656,33.3125,33.755001068115234,31.17022132873535,132904800,0.0,0.0
2017-02-15,33.880001068115234,34.067501068115234,33.654998779296875,33.877498626708984,31.28335189819336,142492400,0.0,0.0
2017-02-16,33.91749954223633,33.974998474121094,33.709999084472656,33.837501525878906,31.24640464782715,90338400,0.0,0.0
2017-02-17,33.775001525878906,33.95750045776367,33.775001525878906,33.93000030517578,31.331815719604492,88792800,0.0,0.0
2017-02-21,34.057498931884766,34.1875,33.994998931884766,34.17499923706055,31.558069229125977,98028800,0.0,0.0
2017-02-22,34.10749816894531,34.279998779296875,34.02750015258789,34.27750015258789,31.652711868286133,83347600,0.0,0.0
2017-02-23,34.345001220703125,34.369998931884766,34.07500076293945,34.13249969482422,31.51882553100586,83152800,0.0,0.0
2017-02-24,33.977500915527344,34.165000915527344,33.81999969482422,34.165000915527344,31.5488224029541,87106400,0.0,0.0
2017-02-27,34.28499984741211,34.36000061035156,34.06999969482422,34.23249816894531,31.611143112182617,81029600,0.0,0.0
2017-02-28,34.27000045776367,34.36000061035156,34.17499923706055,34.247501373291016,31.625019073486328,93931600,0.0,0.0
2017-03-01,34.47249984741211,35.037498474121094,34.400001525878906,34.9474983215332,32.271400451660156,145658400,0.0,0.0
2017-03-02,35.0,35.06999969482422,34.689998626708984,34.7400016784668,32.079795837402344,104844000,0.0,0.0
2017-03-03,34.69499969482422,34.95750045776367,34.647499084472656,34.94499969482422,32.26909255981445,84432400,0.0,0.0
2017-03-06,34.842498779296875,34.942501068115234,34.650001525878906,34.834999084472656,32.16752243041992,87000000,0.0,0.0
2017-03-07,34.76499938964844,34.994998931884766,34.6974983215332,34.880001068115234,32.20909118652344,69785200,0.0,0.0
2017-03-08,34.73749923706055,34.95000076293945,34.70500183105469,34.75,32.08902359008789,74828800,0.0,0.0
2017-03-09,34.685001373291016,34.6974983215332,34.26250076293945,34.66999816894531,32.01515197753906,88623600,0.0,0.0
2017-03-10,34.8125,34.84000015258789,34.65999984741211,34.78499984741211,32.1213493347168,78451200,0.0,0.0
2017-03-13,34.712501525878906,34.85749816894531,34.70500183105469,34.79999923706055,32.13520812988281,69686800,0.0,0.0
2017-03-14,34.82500076293945,34.912498474121094,34.709999084472656,34.747501373291016,32.08671951293945,61236400,0.0,0.0
2017-03-15,34.852500915527344,35.1875,34.75749969482422,35.1150016784668,32.426082611083984,102767200,0.0,0.0
2017-03-16,35.18000030517578,35.255001068115234,35.064998626708984,35.17250061035156,32.47917556762695,76928000,0.0,0.0
2017-03-17,35.25,35.25,34.97249984741211,34.997501373291016,32.31757354736328,175540000,0.0,0.0
2017-03-20,35.099998474121094,35.375,35.057498931884766,35.3650016784668,32.656944274902344,86168000,0.0,0.0
2017-03-21,35.52750015258789,35.70000076293945,34.932498931884766,34.959999084472656,32.28293991088867,158119600,0.0,0.0
2017-03-22,34.962501525878906,35.400001525878906,34.939998626708984,35.35499954223633,32.647682189941406,103440800,0.0,0.0
2017-03-23,35.314998626708984,35.39500045776367,35.15250015258789,35.22999954223633,32.53227615356445,81385200,0.0,0.0
2017-03-24,35.375,35.435001373291016,35.087501525878906,35.15999984741211,32.467628479003906,89582400,0.0,0.0
2017-03-27,34.84749984741211,35.30500030517578,34.654998779296875,35.220001220703125,32.52304458618164,94300400,0.0,0.0
2017-03-28,35.227500915527344,36.0099983215332,35.154998779296875,35.95000076293945,33.19715118408203,133499200,0.0,0.0
2017-03-29,35.91999816894531,36.122501373291016,35.79750061035156,36.029998779296875,33.27100372314453,116760000,0.0,0.0
2017-03-30,36.04750061035156,36.125,35.875,35.98249816894531,33.2271614074707,84829200,0.0,0.0
2017-03-31,35.93000030517578,36.067501068115234,35.752498626708984,35.915000915527344,33.16482162475586,78646800,0.0,0.0
2017-04-03,35.9275016784668,36.029998779296875,35.76250076293945,35.92499923706055,33.17406463623047,79942800,0.0,0.0
2017-04-04,35.8125,36.22249984741211,35.79249954223633,36.192501068115234,33.42108154296875,79565600,0.0,0.0
2017-04-05,36.05500030517578,36.3650016784668,35.95249938964844,36.005001068115234,33.247928619384766,110871600,0.0,0.0
2017-04-06,36.0724983215332,36.130001068115234,35.86249923706055,35.915000915527344,33.16482162475586,84596000,0.0,0.0
2017-04-07,35.932498931884766,36.04499816894531,35.817501068115234,35.834999084472656,33.0909423828125,66688800,0.0,0.0
2017-04-10,35.900001525878906,35.970001220703125,35.724998474121094,35.79249954223633,33.05170822143555,75733600,0.0,0.0
2017-04-11,35.73500061035156,35.837501525878906,35.01499938964844,35.407501220703125,32.6961784362793,121517600,0.0,0.0
2017-04-12,35.400001525878906,35.537498474121094,35.252498626708984,35.45000076293945,32.73542785644531,81400000,0.0,0.0
2017-04-13,35.477500915527344,35.595001220703125,35.26250076293945,35.26250076293945,32.562286376953125,71291600,0.0,0.0
2017-04-17,35.369998931884766,35.470001220703125,35.217498779296875,35.45750045776367,32.74235153198242,66328400,0.0,0.0
2017-04-18,35.352500915527344,35.5099983215332,35.27750015258789,35.29999923706055,32.596920013427734,58790000,0.0,0.0
2017-04-19,35.470001220703125,35.5,35.11249923706055,35.16999816894531,32.476871490478516,69313600,0.0,0.0
2017-04-20,35.30500030517578,35.72999954223633,35.290000915527344,35.61000061035156,32.88317108154297,93278400,0.0,0.0
2017-04-21,35.61000061035156,35.66999816894531,35.462501525878906,35.567501068115234,32.84394454956055,69283600,0.0,0.0
2017-04-24,35.875,35.98749923706055,35.79499816894531,35.90999984741211,33.16019821166992,68537200,0.0,0.0
2017-04-25,35.977500915527344,36.224998474121094,35.967498779296875,36.13249969482422,33.365665435791016,75486000,0.0,0.0
2017-04-26,36.11750030517578,36.150001525878906,35.845001220703125,35.91999816894531,33.16942596435547,80164800,0.0,0.0
2017-04-27,35.97999954223633,36.040000915527344,35.82749938964844,35.9474983215332,33.1948356628418,56985200,0.0,0.0
2017-04-28,36.022499084472656,36.07500076293945,35.817501068115234,35.912498474121094,33.162506103515625,83441600,0.0,0.0
2017-05-01,36.275001525878906,36.79999923706055,36.2400016784668,36.64500045776367,33.83892059326172,134411600,0.0,0.0
2017-05-02,36.8849983215332,37.022499084472656,36.709999084472656,36.877498626708984,34.0536003112793,181408800,0.0,0.0
2017-05-03,36.397499084472656,36.872501373291016,36.067501068115234,36.76499938964844,33.94972610473633,182788000,0.0,0.0
2017-05-04,36.630001068115234,36.78499984741211,36.45249938964844,36.63249969482422,33.8273811340332,93487600,0.0,0.0
2017-05-05,36.689998626708984,37.244998931884766,36.689998626708984,37.2400016784668,34.38835144042969,109310800,0.0,0.0
2017-05-08,37.25749969482422,38.42499923706055,37.25749969482422,38.252498626708984,35.32332229614258,195009600,0.0,0.0
2017-05-09,38.467498779296875,38.720001220703125,38.36249923706055,38.497501373291016,35.54956817626953,156521600,0.0,0.0
2017-05-10,38.407501220703125,38.48500061035156,38.02750015258789,38.314998626708984,35.381038665771484,103222800,0.0,0.0
2017-05-11,38.11249923706055,38.51750183105469,38.07749938964844,38.48749923706055,35.6870231628418,109020400,0.1575,0.0
2017-05-12,38.67499923706055,39.10499954223633,38.66749954223633,39.025001525878906,36.18541717529297,130108000,0.0,0.0
2017-05-15,39.002498626708984,39.162498474121094,38.76250076293945,38.92499923706055,36.09269332885742,104038800,0.0,0.0
2017-05-16,38.98500061035156,39.01499938964844,38.68000030517578,38.86750030517578,36.03938293457031,80194000,0.0,0.0
2017-05-17,38.400001525878906,38.64250183105469,37.4275016784668,37.5625,34.829345703125,203070800,0.0,0.0
2017-05-18,37.817501068115234,38.334999084472656,37.782501220703125,38.1349983215332,35.36018753051758,134272800,0.0,0.0
2017-05-19,38.345001220703125,38.494998931884766,38.157501220703125,38.26499938964844,35.480716705322266,107843200,0.0,0.0
2017-05-22,38.5,38.64500045776367,38.227500915527344,38.497501373291016,35.6963005065918,91865600,0.0,0.0
2017-05-23,38.724998474121094,38.724998474121094,38.32749938964844,38.45000076293945,35.65226364135742,79675600,0.0,0.0
2017-05-24,38.459999084472656,38.54249954223633,38.16749954223633,38.334999084472656,35.545631408691406,76712000,0.0,0.0
2017-05-25,38.432498931884766,38.587501525878906,38.25749969482422,38.467498779296875,35.66849136352539,76942400,0.0,0.0
2017-05-26,38.5,38.560001373291016,38.32749938964844,38.40250015258789,35.60820388793945,87710400,0.0,0.0
2017-05-30,38.35499954223633,38.60749816894531,38.33250045776367,38.41749954223633,35.62211227416992,80507600,0.0,0.0
2017-05-31,38.49250030517578,38.54249954223633,38.095001220703125,38.189998626708984,35.41118621826172,97804800,0.0,0.0
2017-06-01,38.29249954223633,38.33250045776367,38.05500030517578,38.29499816894531,35.50852584838867,65616400,0.0,0.0
2017-06-02,38.39500045776367,38.86249923706055,38.22249984741211,38.86249923706055,36.03474044799805,111082800,0.0,0.0
2017-06-05,38.584999084472656,38.61249923706055,38.3650016784668,38.48249816894531,35.68238067626953,101326800,0.0,0.0
2017-06-06,38.474998474121094,38.95249938964844,38.44499969482422,38.61249923706055,35.80293655395508,106499600,0.0,0.0
2017-06-07,38.755001068115234,38.994998931884766,38.619998931884766,38.842498779296875,36.016197204589844,84278400,0.0,0.0
2017-06-08,38.8125,38.8849983215332,38.599998474121094,38.747501373291016,35.9281120300293,85003200,0.0,0.0
2017-06-09,38.79750061035156,38.79750061035156,36.505001068115234,37.244998931884766,34.53493118286133,259530800,0.0,0.0
2017-06-12,36.435001373291016,36.522499084472656,35.627498626708984,36.35499954223633,33.70968246459961,289229200,0.0,0.0
2017-06-13,36.790000915527344,36.86249923706055,36.287498474121094,36.647499084472656,33.98091506958008,136661600,0.0,0.0
2017-06-14,36.875,36.875,35.959999084472656,36.290000915527344,33.6494255065918,126124800,0.0,0.0
2017-06-15,35.83000183105469,36.119998931884766,35.5525016784668,36.0724983215332,33.44773864746094,128661600,0.0,0.0
2017-06-16,35.94499969482422,36.125,35.54999923706055,35.567501068115234,32.979515075683594,201444400,0.0,0.0
2017-06-19,35.915000915527344,36.685001373291016,35.915000915527344,36.584999084472656,33.922969818115234,130165600,0.0,0.0
2017-06-20,36.717498779296875,36.717498779296875,36.23500061035156,36.252498626708984,33.61465835571289,99600400,0.0,0.0
2017-06-21,36.380001068115234,36.51750183105469,36.15250015258789,36.467498779296875,33.814022064208984,85063200,0.0,0.0
2017-06-22,36.442501068115234,36.67499923706055,36.279998779296875,36.407501220703125,33.75837326049805,76425200,0.0,0.0
2017-06-23,36.282501220703125,36.790000915527344,36.27750015258789,36.56999969482422,33.9090461730957,141757600,0.0,0.0
2017-06-26,36.79249954223633,37.06999969482422,36.345001220703125,36.45500183105469,33.802425384521484,102769600,0.0,0.0
2017-06-27,36.252498626708984,36.540000915527344,35.904998779296875,35.932498931884766,33.31794357299805,99047600,0.0,0.0
2017-06-28,36.122501373291016,36.52750015258789,35.790000915527344,36.45750045776367,33.80473709106445,88329600,0.0,0.0
2017-06-29,36.1775016784668,36.282501220703125,35.56999969482422,35.91999816894531,33.30633544921875,125997600,0.0,0.0
2017-06-30,36.11249923706055,36.2400016784668,35.94499969482422,36.005001068115234,33.385162353515625,92096400,0.0,0.0
2017-07-03,36.220001220703125,36.32500076293945,35.775001525878906,35.875,33.26463317871094,57111200,0.0,0.0
2017-07-05,35.92250061035156,36.1974983215332,35.68000030517578,36.022499084472656,33.40138244628906,86278400,0.0,0.0
2017-07-06,35.755001068115234,35.875,35.602500915527344,35.682498931884766,33.08613204956055,96515200,0.0,0.0
2017-07-07,35.724998474121094,36.1875,35.724998474121094,36.04499816894531,33.4222526550293,76806800,0.0,0.0
2017-07-10,36.02750015258789,36.48749923706055,35.842498779296875,36.26499938964844,33.62623596191406,84362400,0.0,0.0
2017-07-11,36.182498931884766,36.462501525878906,36.095001220703125,36.38249969482422,33.73519515991211,79127200,0.0,0.0
2017-07-12,36.467498779296875,36.54499816894531,36.20500183105469,36.435001373291016,33.78388214111328,99538000,0.0,0.0
2017-07-13,36.375,37.122501373291016,36.36000061035156,36.942501068115234,34.25444030761719,100797600,0.0,0.0
2017-07-14,36.99250030517578,37.33250045776367,36.83250045776367,37.2599983215332,34.5488395690918,80528400,0.0,0.0
2017-07-17,37.20500183105469,37.724998474121094,37.14250183105469,37.38999938964844,34.66939163208008,95174000,0.0,0.0
2017-07-18,37.29999923706055,37.532501220703125,37.16749954223633,37.52000045776367,34.7899284362793,71475200,0.0,0.0
2017-07-19,37.619998931884766,37.85499954223633,37.48749923706055,37.755001068115234,35.00782775878906,83692000,0.0,0.0
2017-07-20,37.875,37.935001373291016,37.54750061035156,37.584999084472656,34.850181579589844,68974800,0.0,0.0
2017-07-21,37.497501373291016,37.61000061035156,37.220001220703125,37.567501068115234,34.83396530151367,105010400,0.0,0.0
2017-07-24,37.64500045776367,38.11000061035156,37.474998474121094,38.022499084472656,35.25587463378906,85972800,0.0,0.0
2017-07-25,37.95000076293945,38.459999084472656,37.95000076293945,38.185001373291016,35.40653610229492,75415600,0.0,0.0
2017-07-26,38.337501525878906,38.48249816894531,38.26499938964844,38.3650016784668,35.57345199584961,63124000,0.0,0.0
2017-07-27,38.4375,38.497501373291016,36.82500076293945,37.63999938964844,34.901187896728516,129905200,0.0,0.0
2017-07-28,37.47249984741211,37.557498931884766,37.29750061035156,37.375,34.65548324584961,68854800,0.0,0.0
2017-07-31,37.474998474121094,37.58250045776367,37.032501220703125,37.182498931884766,34.476985931396484,79383600,0.0,0.0
2017-08-01,37.275001525878906,37.55500030517578,37.102500915527344,37.51250076293945,34.78297424316406,141474400,0.0,0.0
2017-08-02,39.81999969482422,39.9375,39.040000915527344,39.28499984741211,36.42650604248047,279747200,0.0,0.0
2017-08-03,39.26250076293945,39.3025016784668,38.755001068115234,38.89250183105469,36.062564849853516,108389200,0.0,0.0
2017-08-04,39.01750183105469,39.349998474121094,38.92250061035156,39.09749984741211,36.25264358520508,82239600,0.0,0.0
2017-08-07,39.26499938964844,39.72999954223633,39.16749954223633,39.70249938964844,36.81362533569336,87481200,0.0,0.0
2017-08-08,39.650001525878906,40.45750045776367,39.567501068115234,40.02000045776367,37.10802459716797,144823600,0.0,0.0
2017-08-09,39.814998626708984,40.317501068115234,39.77750015258789,40.26499938964844,37.33519744873047,104526000,0.0,0.0
2017-08-10,39.974998474121094,40.0,38.657501220703125,38.83000183105469,36.14601135253906,163217200,0.1575,0.0
2017-08-11,39.150001525878906,39.64250183105469,39.01750183105469,39.369998931884766,36.6486701965332,105028400,0.0,0.0
2017-08-14,39.83000183105469,40.0525016784668,39.6875,39.962501525878906,37.200233459472656,88490800,0.0,0.0
2017-08-15,40.165000915527344,40.54999923706055,40.03499984741211,40.400001525878906,37.60748291015625,117862000,0.0,0.0
2017-08-16,40.48500061035156,40.627498626708984,40.037498474121094,40.23749923706055,37.456214904785156,110686400,0.0,0.0
2017-08-17,40.130001068115234,40.1775016784668,39.459999084472656,39.46500015258789,36.73710250854492,111762400,0.0,0.0
2017-08-18,39.46500015258789,39.875,39.18000030517578,39.375,36.6533203125,109712400,0.0,0.0
2017-08-21,39.375,39.47249984741211,38.77750015258789,39.3025016784668,36.58583068847656,105474000,0.0,0.0
2017-08-22,39.557498931884766,40.0,39.505001068115234,39.94499969482422,37.183929443359375,86418400,0.0,0.0
2017-08-23,39.76750183105469,40.11750030517578,39.720001220703125,39.994998931884766,37.230464935302734,77596400,0.0,0.0
2017-08-24,40.10749816894531,40.185001373291016,39.63750076293945,39.817501068115234,37.065242767333984,79275600,0.0,0.0
2017-08-25,39.912498474121094,40.13999938964844,39.817501068115234,39.96500015258789,37.20254898071289,101920400,0.0,0.0
2017-08-28,40.03499984741211,40.5,39.98249816894531,40.36750030517578,37.57722854614258,103864000,0.0,0.0
2017-08-29,40.025001525878906,40.779998779296875,40.0,40.727500915527344,37.91233444213867,118067600,0.0,0.0
2017-08-30,40.95000076293945,40.97249984741211,40.65250015258789,40.837501525878906,38.014732360839844,109078400,0.0,0.0
2017-08-31,40.90999984741211,41.130001068115234,40.869998931884766,41.0,38.16600799560547,107140400,0.0,0.0
2017-09-01,41.20000076293945,41.23500061035156,40.907501220703125,41.01250076293945,38.177642822265625,66364400,0.0,0.0
2017-09-05,40.9375,41.0625,40.13999938964844,40.52000045776367,37.71918487548828,117874000,0.0,0.0
2017-09-06,40.6775016784668,40.747501373291016,40.130001068115234,40.477500915527344,37.67962646484375,86606800,0.0,0.0
2017-09-07,40.522499084472656,40.560001373291016,40.09000015258789,40.314998626708984,37.528358459472656,87714000,0.0,0.0
2017-09-08,40.21500015258789,40.287498474121094,39.63249969482422,39.657501220703125,36.91630172729492,114446000,0.0,0.0
2017-09-11,40.125,40.51250076293945,39.97249984741211,40.375,37.58419418334961,126323200,0.0,0.0
2017-09-12,40.65250015258789,40.9900016784668,39.692501068115234,40.21500015258789,37.43526077270508,286856000,0.0,0.0
2017-09-13,39.967498779296875,39.9900016784668,39.477500915527344,39.912498474121094,37.15366744995117,179629600,0.0,0.0
2017-09-14,39.747501373291016,39.849998474121094,39.522499084472656,39.56999969482422,36.8348503112793,95042800,0.0,0.0
2017-09-15,39.61750030517578,40.24250030517578,39.5,39.970001220703125,37.207210540771484,196458400,0.0,0.0
2017-09-18,40.02750015258789,40.125,39.5,39.66749954223633,36.92560577392578,113077600,0.0,0.0
2017-09-19,39.877498626708984,39.942501068115234,39.61000061035156,39.682498931884766,36.9395637512207,83242400,0.0,0.0
2017-09-20,39.474998474121094,39.564998626708984,38.45750045776367,39.01750183105469,36.32053756713867,211805600,0.0,0.0
2017-09-21,38.95000076293945,38.95000076293945,38.1875,38.34749984741211,35.69684600830078,150046800,0.0,0.0
2017-09-22,37.8849983215332,38.067501068115234,37.63999938964844,37.97249984741211,35.347774505615234,186581600,0.0,0.0
2017-09-25,37.497501373291016,37.95750045776367,37.290000915527344,37.63750076293945,35.03593826293945,177549200,0.0,0.0
2017-09-26,37.94499969482422,38.47999954223633,37.92250061035156,38.28499984741211,35.638675689697266,146640000,0.0,0.0
2017-09-27,38.45000076293945,38.68000030517578,38.3849983215332,38.557498931884766,35.89234161376953,102016800,0.0,0.0
2017-09-28,38.47249984741211,38.56999969482422,38.17499923706055,38.31999969482422,35.67125701904297,88022000,0.0,0.0
2017-09-29,38.3025016784668,38.532501220703125,38.0,38.529998779296875,35.86671829223633,105199200,0.0,0.0
2017-10-02,38.564998626708984,38.61249923706055,38.18000030517578,38.45249938964844,35.794593811035156,74795200,0.0,0.0
2017-10-03,38.502498626708984,38.772499084472656,38.477500915527344,38.619998931884766,35.95051574707031,64921200,0.0,0.0
2017-10-04,38.407501220703125,38.46500015258789,38.1150016784668,38.369998931884766,35.717796325683594,80655200,0.0,0.0
2017-10-05,38.54499816894531,38.86000061035156,38.51250076293945,38.84749984741211,36.16227340698242,85135200,0.0,0.0
2017-10-06,38.74250030517578,38.872501373291016,38.63999938964844,38.82500076293945,36.14134979248047,69630400,0.0,0.0
2017-10-09,38.95249938964844,39.182498931884766,38.872501373291016,38.959999084472656,36.26701736450195,65051600,0.0,0.0
2017-10-10,39.01499938964844,39.5,38.775001525878906,38.974998474121094,36.280967712402344,62468000,0.0,0.0
2017-10-11,38.99250030517578,39.244998931884766,38.9375,39.13750076293945,36.432228088378906,67622400,0.0,0.0
2017-10-12,39.087501525878906,39.342498779296875,38.932498931884766,39.0,36.30424118041992,64500400,0.0,0.0
2017-10-13,39.182498931884766,39.31999969482422,39.102500915527344,39.247501373291016,36.53464126586914,65576800,0.0,0.0
2017-10-16,39.474998474121094,40.0,39.412498474121094,39.970001220703125,37.207210540771484,96486000,0.0,0.0
2017-10-17,39.94499969482422,40.217498779296875,39.807498931884766,40.11750030517578,37.34450912475586,75989200,0.0,0.0
2017-10-18,40.10499954223633,40.1775016784668,39.900001525878906,39.939998626708984,37.179283142089844,65496800,0.0,0.0
2017-10-19,39.1875,39.27000045776367,38.755001068115234,38.994998931884766,36.29959487915039,170336800,0.0,0.0
2017-10-20,39.15250015258789,39.4375,38.9900016784668,39.0625,36.362422943115234,95896400,0.0,0.0
2017-10-23,39.22249984741211,39.42250061035156,38.875,39.04249954223633,36.34381103515625,87937200,0.0,0.0
2017-10-24,39.0724983215332,39.35499954223633,39.04999923706055,39.275001525878906,36.560237884521484,71028800,0.0,0.0
2017-10-25,39.227500915527344,39.38750076293945,38.817501068115234,39.102500915527344,36.399654388427734,84828400,0.0,0.0
2017-10-26,39.307498931884766,39.45750045776367,39.19499969482422,39.352500915527344,36.632381439208984,68002000,0.0,0.0
2017-10-27,39.8224983215332,40.900001525878906,39.67499923706055,40.76250076293945,37.944923400878906,177816800,0.0,0.0
2017-10-30,40.97249984741211,42.01750183105469,40.93000030517578,41.68000030517578,38.79900360107422,178803200,0.0,0.0
2017-10-31,41.974998474121094,42.412498474121094,41.73500061035156,42.2599983215332,39.33890914916992,144187200,0.0,0.0
2017-11-01,42.467498779296875,42.48500061035156,41.40250015258789,41.72249984741211,38.83855056762695,134551200,0.0,0.0
2017-11-02,41.650001525878906,42.125,41.31999969482422,42.02750015258789,39.12247848510742,165573600,0.0,0.0
2017-11-03,43.5,43.564998626708984,42.779998779296875,43.125,40.14412307739258,237594400,0.0,0.0
2017-11-06,43.092498779296875,43.747501373291016,42.93000030517578,43.5625,40.5513801574707,140105200,0.0,0.0
2017-11-07,43.477500915527344,43.8125,43.400001525878906,43.70249938964844,40.681697845458984,97446000,0.0,0.0
2017-11-08,43.665000915527344,44.060001373291016,43.58250045776367,44.060001373291016,41.01449203491211,97638000,0.0,0.0
2017-11-09,43.77750015258789,44.025001525878906,43.28499984741211,43.970001220703125,40.93070983886719,117930400,0.0,0.0
2017-11-10,43.77750015258789,43.845001220703125,43.567501068115234,43.66749954223633,40.79525375366211,100582000,0.1575,0.0
2017-11-13,43.375,43.625,43.349998474121094,43.49250030517578,40.63176345825195,67928400,0.0,0.0
2017-11-14,43.2599983215332,43.369998931884766,42.79499816894531,42.834999084472656,40.01750564575195,99130000,0.0,0.0
2017-11-15,42.49250030517578,42.58000183105469,42.095001220703125,42.27000045776367,39.48966979980469,116632400,0.0,0.0
2017-11-16,42.79499816894531,42.967498779296875,42.57500076293945,42.775001525878906,39.96145248413086,94550000,0.0,0.0
2017-11-17,42.7599983215332,42.84749984741211,42.40999984741211,42.537498474121094,39.73957443237305,87598000,0.0,0.0
2017-11-20,42.5724983215332,42.63999938964844,42.38999938964844,42.494998931884766,39.69987869262695,65049600,0.0,0.0
2017-11-21,42.69499969482422,43.42499923706055,42.69499969482422,43.28499984741211,40.43790817260742,100525200,0.0,0.0
2017-11-22,43.34000015258789,43.75,43.26250076293945,43.7400016784668,40.862979888916016,102355600,0.0,0.0
2017-11-24,43.775001525878906,43.875,43.662498474121094,43.74250030517578,40.86531448364258,56106800,0.0,0.0
2017-11-27,43.76250076293945,43.77000045776367,43.334999084472656,43.522499084472656,40.659786224365234,82867200,0.0,0.0
2017-11-28,43.57500076293945,43.717498779296875,42.96500015258789,43.26750183105469,40.421566009521484,105715200,0.0,0.0
2017-11-29,43.157501220703125,43.22999954223633,41.790000915527344,42.369998931884766,39.58309555053711,166665600,0.0,0.0
2017-11-30,42.60749816894531,43.03499984741211,42.11000061035156,42.962501525878906,40.13661575317383,166108800,0.0,0.0
2017-12-01,42.48749923706055,42.91749954223633,42.125,42.76250076293945,39.94977569580078,159037200,0.0,0.0
2017-12-04,43.119998931884766,43.154998779296875,42.407501220703125,42.45000076293945,39.657833099365234,130169600,0.0,0.0
2017-12-05,42.26499938964844,42.880001068115234,42.099998474121094,42.40999984741211,39.62046432495117,109400800,0.0,0.0
2017-12-06,41.875,42.54999923706055,41.6150016784668,42.252498626708984,39.473331451416016,114240000,0.0,0.0
2017-12-07,42.25749969482422,42.61000061035156,42.227500915527344,42.33000183105469,39.54572296142578,102693200,0.0,0.0
2017-12-08,42.622501373291016,42.75,42.20500183105469,42.342498779296875,39.557403564453125,93420800,0.0,0.0
2017-12-11,42.29999923706055,43.22249984741211,42.1974983215332,43.16749954223633,40.32814025878906,141095200,0.0,0.0
2017-12-12,43.037498474121094,43.09749984741211,42.8650016784668,42.92499923706055,40.10158157348633,77636800,0.0,0.0
2017-12-13,43.125,43.3849983215332,43.0,43.067501068115234,40.23471450805664,95273600,0.0,0.0
2017-12-14,43.099998474121094,43.282501220703125,42.912498474121094,43.05500030517578,40.22304153442383,81906000,0.0,0.0
2017-12-15,43.407501220703125,43.54249954223633,43.1150016784668,43.49250030517578,40.63176345825195,160677200,0.0,0.0
2017-12-18,43.720001220703125,44.29999923706055,43.71500015258789,44.10499954223633,41.2039680480957,117684400,0.0,0.0
2017-12-19,43.75749969482422,43.84749984741211,43.522499084472656,43.6349983215332,40.76488494873047,109745600,0.0,0.0
2017-12-20,43.717498779296875,43.85499954223633,43.3125,43.587501525878906,40.72051239013672,93902400,0.0,0.0
2017-12-21,43.54249954223633,44.005001068115234,43.525001525878906,43.752498626708984,40.87465286254883,83799600,0.0,0.0
2017-12-22,43.66999816894531,43.85499954223633,43.625,43.752498626708984,40.87465286254883,65397600,0.0,0.0
2017-12-26,42.70000076293945,42.86750030517578,42.41999816894531,42.64250183105469,39.837669372558594,132742000,0.0,0.0
2017-12-27,42.525001525878906,42.69499969482422,42.4275016784668,42.650001525878906,39.84468460083008,85992800,0.0,0.0
2017-12-28,42.75,42.962501525878906,42.619998931884766,42.77000045776367,39.956787109375,65920800,0.0,0.0
2017-12-29,42.630001068115234,42.647499084472656,42.30500030517578,42.307498931884766,39.524696350097656,103999600,0.0,0.0
2018-01-02,42.540000915527344,43.07500076293945,42.314998626708984,43.064998626708984,40.23237991333008,102223600,0.0,0.0
2018-01-03,43.13249969482422,43.63750076293945,42.9900016784668,43.057498931884766,40.225379943847656,118071600,0.0,0.0
2018-01-04,43.1349983215332,43.36750030517578,43.02000045776367,43.25749969482422,40.41221237182617,89738400,0.0,0.0
2018-01-05,43.36000061035156,43.842498779296875,43.26250076293945,43.75,40.8723258972168,94640000,0.0,0.0
2018-01-08,43.587501525878906,43.90250015258789,43.48249816894531,43.587501525878906,40.72051239013672,82271200,0.0,0.0
2018-01-09,43.63750076293945,43.76499938964844,43.352500915527344,43.58250045776367,40.71584701538086,86336000,0.0,0.0
2018-01-10,43.290000915527344,43.57500076293945,43.25,43.5724983215332,40.70649719238281,95839600,0.0,0.0
2018-01-11,43.647499084472656,43.872501373291016,43.622501373291016,43.81999969482422,40.937713623046875,74670800,0.0,0.0
2018-01-12,44.04499816894531,44.34000015258789,43.912498474121094,44.272499084472656,41.3604621887207,101672400,0.0,0.0
2018-01-16,44.474998474121094,44.84749984741211,44.03499984741211,44.04750061035156,41.150245666503906,118263600,0.0,0.0
2018-01-17,44.037498474121094,44.8125,43.76750183105469,44.775001525878906,41.82990646362305,137547200,0.0,0.0
2018-01-18,44.842498779296875,45.025001525878906,44.5625,44.814998626708984,41.867271423339844,124773600,0.0,0.0
2018-01-19,44.65250015258789,44.89500045776367,44.352500915527344,44.6150016784668,41.68042755126953,129700400,0.0,0.0
2018-01-22,44.32500076293945,44.44499969482422,44.150001525878906,44.25,41.33942794799805,108434400,0.0,0.0
2018-01-23,44.32500076293945,44.86000061035156,44.20500183105469,44.2599983215332,41.34878158569336,130756400,0.0,0.0
2018-01-24,44.3125,44.32500076293945,43.29999923706055,43.55500030517578,40.69015121459961,204420400,0.0,0.0
2018-01-25,43.627498626708984,43.73749923706055,42.63249969482422,42.77750015258789,39.96378707885742,166116000,0.0,0.0
2018-01-26,43.0,43.0,42.51499938964844,42.877498626708984,40.05720520019531,156572000,0.0,0.0
2018-01-29,42.540000915527344,42.540000915527344,41.76750183105469,41.9900016784668,39.228084564208984,202561600,0.0,0.0
2018-01-30,41.38249969482422,41.842498779296875,41.17499923706055,41.74250030517578,38.996856689453125,184192800,0.0,0.0
2018-01-31,41.717498779296875,42.11000061035156,41.625,41.85749816894531,39.10430908203125,129915600,0.0,0.0
2018-02-01,41.79249954223633,42.154998779296875,41.689998626708984,41.94499969482422,39.18605041503906,188923200,0.0,0.0
2018-02-02,41.5,41.70000076293945,40.025001525878906,40.125,37.485755920410156,346375200,0.0,0.0
2018-02-05,39.775001525878906,40.970001220703125,39.0,39.122501373291016,36.54920959472656,290954000,0.0,0.0
2018-02-06,38.70750045776367,40.93000030517578,38.5,40.75749969482422,38.076656341552734,272975200,0.0,0.0
2018-02-07,40.772499084472656,40.849998474121094,39.76750183105469,39.8849983215332,37.26155090332031,206434400,0.0,0.0
2018-02-08,40.0724983215332,40.25,38.75749969482422,38.787498474121094,36.236228942871094,217562000,0.0,0.0
2018-02-09,39.26750183105469,39.47249984741211,37.560001373291016,39.102500915527344,36.679447174072266,282690400,0.1575,0.0
2018-02-12,39.625,40.97249984741211,39.377498626708984,40.6775016784668,38.15686798095703,243278000,0.0,0.0
2018-02-13,40.48749923706055,41.1875,40.412498474121094,41.084999084472656,38.53909683227539,130196800,0.0,0.0
2018-02-14,40.7599983215332,41.8849983215332,40.720001220703125,41.842498779296875,39.249656677246094,162579600,0.0,0.0
2018-02-15,42.4474983215332,43.272499084472656,42.25,43.247501373291016,40.56760787963867,204588800,0.0,0.0
2018-02-16,43.09000015258789,43.70500183105469,42.942501068115234,43.10749816894531,40.436283111572266,160704400,0.0,0.0
2018-02-20,43.01250076293945,43.564998626708984,42.85499954223633,42.962501525878906,40.300254821777344,135722000,0.0,0.0
2018-02-21,43.20750045776367,43.529998779296875,42.752498626708984,42.76750183105469,40.11734390258789,149886400,0.0,0.0
2018-02-22,42.95000076293945,43.48749923706055,42.9275016784668,43.125,40.452693939208984,123967600,0.0,0.0
2018-02-23,43.41749954223633,43.912498474121094,43.3849983215332,43.875,41.15622329711914,135249600,0.0,0.0
2018-02-26,44.087501525878906,44.84749984741211,44.0525016784668,44.74250030517578,41.9699592590332,152648800,0.0,0.0
2018-02-27,44.775001525878906,45.119998931884766,44.540000915527344,44.59749984741211,41.833946228027344,155712400,0.0,0.0
2018-02-28,44.814998626708984,45.154998779296875,44.51250076293945,44.529998779296875,41.7706298828125,151128400,0.0,0.0
2018-03-01,44.6349983215332,44.94499969482422,43.165000915527344,43.75,41.03896713256836,195208000,0.0,0.0
2018-03-02,43.20000076293945,44.07500076293945,43.11249923706055,44.0525016784668,41.32272720336914,153816000,0.0,0.0
2018-03-05,43.8025016784668,44.435001373291016,43.630001068115234,44.20500183105469,41.465763092041016,113605600,0.0,0.0
2018-03-06,44.477500915527344,44.5625,44.032501220703125,44.16749954223633,41.43058776855469,95154000,0.0,0.0
2018-03-07,43.73500061035156,43.962501525878906,43.567501068115234,43.75749969482422,41.045997619628906,126814000,0.0,0.0
2018-03-08,43.869998931884766,44.279998779296875,43.76750183105469,44.23500061035156,41.493900299072266,95096400,0.0,0.0
2018-03-09,44.4900016784668,45.0,44.34749984741211,44.994998931884766,42.20680618286133,128740800,0.0,0.0
2018-03-12,45.0724983215332,45.59749984741211,45.0525016784668,45.43000030517578,42.61484909057617,128828400,0.0,0.0
2018-03-13,45.647499084472656,45.875,44.810001373291016,44.99250030517578,42.204471588134766,126774000,0.0,0.0
2018-03-14,45.08000183105469,45.130001068115234,44.45249938964844,44.61000061035156,41.845672607421875,117473600,0.0,0.0
2018-03-15,44.625,45.060001373291016,44.51750183105469,44.662498474121094,41.894920349121094,90975200,0.0,0.0
2018-03-16,44.662498474121094,44.779998779296875,44.404998779296875,44.505001068115234,41.7471923828125,157618800,0.0,0.0
2018-03-19,44.33000183105469,44.36750030517578,43.415000915527344,43.82500076293945,41.10932159423828,133787200,0.0,0.0
2018-03-20,43.810001373291016,44.20000076293945,43.73500061035156,43.810001373291016,41.09524917602539,78597600,0.0,0.0
2018-03-21,43.7599983215332,43.772499084472656,42.814998626708984,42.817501068115234,40.16425704956055,148219600,0.0,0.0
2018-03-22,42.5,43.16999816894531,42.150001525878906,42.212501525878906,39.59674072265625,165963200,0.0,0.0
2018-03-23,42.09749984741211,42.47999954223633,41.23500061035156,41.23500061035156,38.679805755615234,164115200,0.0,0.0
2018-03-26,42.01750183105469,43.275001525878906,41.61000061035156,43.192501068115234,40.516014099121094,150164800,0.0,0.0
2018-03-27,43.41999816894531,43.787498474121094,41.72999954223633,42.084999084472656,39.47713088989258,163690400,0.0,0.0
2018-03-28,41.8125,42.505001068115234,41.29750061035156,41.619998931884766,39.04094696044922,166674000,0.0,0.0
2018-03-29,41.95249938964844,42.9375,41.724998474121094,41.94499969482422,39.34580993652344,153594000,0.0,0.0
2018-04-02,41.65999984741211,42.23500061035156,41.11750030517578,41.66999816894531,39.08784866333008,150347200,0.0,0.0
2018-04-03,41.90999984741211,42.1875,41.220001220703125,42.09749984741211,39.488861083984375,121112000,0.0,0.0
2018-04-04,41.220001220703125,43.002498626708984,41.192501068115234,42.90250015258789,40.24398422241211,138422000,0.0,0.0
2018-04-05,43.14500045776367,43.557498931884766,43.02000045776367,43.20000076293945,40.523040771484375,107732800,0.0,0.0
2018-04-06,42.74250030517578,43.119998931884766,42.04999923706055,42.095001220703125,39.48652267456055,140021200,0.0,0.0
2018-04-09,42.470001220703125,43.272499084472656,42.462501525878906,42.51250076293945,39.87813949584961,116070800,0.0,0.0
2018-04-10,43.25,43.5,42.88249969482422,43.3125,40.62857437133789,113634400,0.0,0.0
2018-04-11,43.057498931884766,43.47999954223633,42.92499923706055,43.11000061035156,40.43863296508789,89726400,0.0,0.0
2018-04-12,43.352500915527344,43.75,43.2599983215332,43.53499984741211,40.837276458740234,91557200,0.0,0.0
2018-04-13,43.69499969482422,43.959999084472656,43.462501525878906,43.682498931884766,40.975650787353516,100497200,0.0,0.0
2018-04-16,43.75749969482422,44.04750061035156,43.70750045776367,43.95500183105469,41.23126220703125,86313600,0.0,0.0
2018-04-17,44.122501373291016,44.73500061035156,44.102500915527344,44.560001373291016,41.79877471923828,106421600,0.0,0.0
2018-04-18,44.45249938964844,44.70500183105469,44.220001220703125,44.459999084472656,41.7049674987793,83018000,0.0,0.0
2018-04-19,43.439998626708984,43.84749984741211,43.165000915527344,43.20000076293945,40.523040771484375,139235200,0.0,0.0
2018-04-20,42.650001525878906,42.80500030517578,41.35749816894531,41.43000030517578,38.86273193359375,261964400,0.0,0.0
2018-04-23,41.70750045776367,41.72999954223633,41.022499084472656,41.310001373291016,38.750160217285156,146062000,0.0,0.0
2018-04-24,41.41749954223633,41.58250045776367,40.30500030517578,40.73500061035156,38.210792541503906,134768000,0.0,0.0
2018-04-25,40.654998779296875,41.35499954223633,40.602500915527344,40.912498474121094,38.377281188964844,113528400,0.0,0.0
2018-04-26,41.029998779296875,41.432498931884766,40.842498779296875,41.05500030517578,38.51097106933594,111852000,0.0,0.0
2018-04-27,41.0,41.08250045776367,40.157501220703125,40.58000183105469,38.065391540527344,142623200,0.0,0.0
2018-04-30,40.532501220703125,41.814998626708984,40.459999084472656,41.314998626708984,38.75485610961914,169709600,0.0,0.0
2018-05-01,41.602500915527344,42.29999923706055,41.317501068115234,42.275001525878906,39.655364990234375,214277600,0.0,0.0
2018-05-02,43.807498931884766,44.4375,43.45000076293945,44.14250183105469,41.40715408325195,266157600,0.0,0.0
2018-05-03,43.970001220703125,44.375,43.61000061035156,44.22249984741211,41.48219680786133,136272800,0.0,0.0
2018-05-04,44.5625,46.0625,44.54249954223633,45.95750045776367,43.10967254638672,224805200,0.0,0.0
2018-05-07,46.29499816894531,46.91749954223633,46.1875,46.290000915527344,43.42157745361328,169805600,0.0,0.0
2018-05-08,46.247501373291016,46.55500030517578,45.91749954223633,46.51250076293945,43.63027572631836,113611200,0.0,0.0
2018-05-09,46.63750076293945,46.849998474121094,46.30500030517578,46.84000015258789,43.93748092651367,92844800,0.0,0.0
2018-05-10,46.935001373291016,47.592498779296875,46.912498474121094,47.5099983215332,44.56596374511719,111957200,0.0,0.0
2018-05-11,47.372501373291016,47.51499938964844,46.86249923706055,47.147499084472656,44.3964729309082,104848800,0.1825,0.0
2018-05-14,47.252498626708984,47.38249969482422,46.96500015258789,47.037498474121094,44.29289245605469,83115200,0.0,0.0
2018-05-15,46.69499969482422,46.76750183105469,46.275001525878906,46.61000061035156,43.89032745361328,94780800,0.0,0.0
2018-05-16,46.51750183105469,47.1150016784668,46.5,47.04499816894531,44.299949645996094,76732400,0.0,0.0
2018-05-17,47.0,47.227500915527344,46.59000015258789,46.747501373291016,44.019813537597656,69176000,0.0,0.0
2018-05-18,46.79750061035156,46.95249938964844,46.532501220703125,46.57749938964844,43.85972595214844,73190800,0.0,0.0
2018-05-21,47.0,47.317501068115234,46.727500915527344,46.907501220703125,44.17046356201172,73603200,0.0,0.0
2018-05-22,47.095001220703125,47.220001220703125,46.69499969482422,46.790000915527344,44.059837341308594,60962800,0.0,0.0
2018-05-23,46.587501525878906,47.125,46.439998626708984,47.09000015258789,44.342323303222656,80233600,0.0,0.0
2018-05-24,47.192501068115234,47.209999084472656,46.5525016784668,47.037498474121094,44.29289245605469,92936000,0.0,0.0
2018-05-25,47.057498931884766,47.412498474121094,46.912498474121094,47.14500045776367,44.39411544799805,69844000,0.0,0.0
2018-05-29,46.900001525878906,47.1875,46.717498779296875,46.974998474121094,44.23403549194336,90056400,0.0,0.0
2018-05-30,46.93000030517578,47.0,46.69499969482422,46.875,44.139862060546875,74762000,0.0,0.0
2018-05-31,46.80500030517578,47.057498931884766,46.53499984741211,46.717498779296875,43.99155044555664,109931200,0.0,0.0
2018-06-01,46.997501373291016,47.564998626708984,46.9375,47.560001373291016,44.78489685058594,93770000,0.0,0.0
2018-06-04,47.90999984741211,48.35499954223633,47.837501525878906,47.95750045776367,45.15921401977539,105064800,0.0,0.0
2018-06-05,48.26750183105469,48.48500061035156,48.09000015258789,48.32749938964844,45.507625579833984,86264000,0.0,0.0
2018-06-06,48.407501220703125,48.52000045776367,47.97999954223633,48.494998931884766,45.66534423828125,83734400,0.0,0.0
2018-06-07,48.53499984741211,48.54999923706055,48.084999084472656,48.3650016784668,45.54292297363281,85388800,0.0,0.0
2018-06-08,47.79249954223633,48.0,47.442501068115234,47.92499923706055,45.12860107421875,106627200,0.0,0.0
2018-06-11,47.837501525878906,47.99250030517578,47.5525016784668,47.807498931884766,45.0179557800293,73234000,0.0,0.0
2018-06-12,47.84749984741211,48.15250015258789,47.787498474121094,48.06999969482422,45.26515197753906,67644400,0.0,0.0
2018-06-13,48.10499954223633,48.220001220703125,47.61000061035156,47.67499923706055,44.893192291259766,86553600,0.0,0.0
2018-06-14,47.88750076293945,47.89250183105469,47.55500030517578,47.70000076293945,44.91673278808594,86440400,0.0,0.0
2018-06-15,47.50749969482422,47.540000915527344,47.064998626708984,47.209999084472656,44.45532989501953,246876800,0.0,0.0
2018-06-18,46.970001220703125,47.30500030517578,46.79999923706055,47.185001373291016,44.43178176879883,73939600,0.0,0.0
2018-06-19,46.28499984741211,46.58250045776367,45.86249923706055,46.42250061035156,43.713783264160156,134314000,0.0,0.0
2018-06-20,46.587501525878906,46.79999923706055,46.432498931884766,46.625,43.90446090698242,82514800,0.0,0.0
2018-06-21,46.8125,47.087501525878906,46.23500061035156,46.3650016784668,43.659637451171875,102847600,0.0,0.0
2018-06-22,46.529998779296875,46.537498474121094,46.17499923706055,46.22999954223633,43.532493591308594,108801600,0.0,0.0
2018-06-25,45.849998474121094,46.22999954223633,45.182498931884766,45.54249954223633,42.885128021240234,126652400,0.0,0.0
2018-06-26,45.747501373291016,46.63249969482422,45.6349983215332,46.10749816894531,43.41715621948242,98276800,0.0,0.0
2018-06-27,46.307498931884766,46.81999969482422,46.00749969482422,46.040000915527344,43.35359191894531,101141200,0.0,0.0
2018-06-28,46.025001525878906,46.5525016784668,45.95000076293945,46.375,43.66904067993164,69460800,0.0,0.0
2018-06-29,46.5724983215332,46.79750061035156,45.727500915527344,46.27750015258789,43.577239990234375,90950800,0.0,0.0
2018-07-02,45.95500183105469,46.82500076293945,45.85499954223633,46.79499816894531,44.06451416015625,70925200,0.0,0.0
2018-07-03,46.9474983215332,46.98749923706055,45.8849983215332,45.97999954223633,43.29710006713867,55819200,0.0,0.0
2018-07-05,46.314998626708984,46.602500915527344,46.06999969482422,46.349998474121094,43.64550018310547,66416800,0.0,0.0
2018-07-06,46.35499954223633,47.10749816894531,46.29999923706055,46.99250030517578,44.25050735473633,69940800,0.0,0.0
2018-07-09,47.375,47.66999816894531,47.32500076293945,47.64500045776367,44.86494445800781,79026400,0.0,0.0
2018-07-10,47.6775016784668,47.81999969482422,47.54499816894531,47.587501525878906,44.8108024597168,63756400,0.0,0.0
2018-07-11,47.125,47.44499969482422,46.90250015258789,46.970001220703125,44.22932815551758,75326000,0.0,0.0
2018-07-12,47.38249969482422,47.852500915527344,47.32749938964844,47.75749969482422,44.97088623046875,72164400,0.0,0.0
2018-07-13,47.77000045776367,47.959999084472656,47.724998474121094,47.83250045776367,45.0414924621582,50055600,0.0,0.0
2018-07-16,47.880001068115234,48.162498474121094,47.60499954223633,47.727500915527344,44.9426383972168,60172400,0.0,0.0
2018-07-17,47.4375,47.967498779296875,47.29999923706055,47.86249923706055,45.06975555419922,62138000,0.0,0.0
2018-07-18,47.94499969482422,47.95000076293945,47.48249816894531,47.599998474121094,44.822566986083984,65573600,0.0,0.0
2018-07-19,47.42250061035156,48.13750076293945,47.42250061035156,47.970001220703125,45.170997619628906,81147200,0.0,0.0
2018-07-20,47.94499969482422,48.10749816894531,47.54249954223633,47.86000061035156,45.067405700683594,82704800,0.0,0.0
2018-07-23,47.66999816894531,47.9900016784668,47.38999938964844,47.90250015258789,45.107421875,63957600,0.0,0.0
2018-07-24,48.11249923706055,48.415000915527344,48.01250076293945,48.25,45.43465042114258,74791600,0.0,0.0
2018-07-25,48.26499938964844,48.712501525878906,48.10749816894531,48.70500183105469,45.86310577392578,66839600,0.0,0.0
2018-07-26,48.65250015258789,48.9900016784668,48.40250015258789,48.5525016784668,45.71949005126953,76304000,0.0,0.0
2018-07-27,48.747501373291016,48.79750061035156,47.525001525878906,47.744998931884766,44.95909881591797,96096000,0.0,0.0
2018-07-30,47.974998474121094,48.04999923706055,47.26750183105469,47.477500915527344,44.70722198486328,84118000,0.0,0.0
2018-07-31,47.57500076293945,48.03499984741211,47.334999084472656,47.5724983215332,44.79668045043945,157492000,0.0,0.0
2018-08-01,49.782501220703125,50.439998626708984,49.32749938964844,50.375,47.43564987182617,271742800,0.0,0.0
2018-08-02,50.14500045776367,52.095001220703125,50.087501525878906,51.84749984741211,48.822235107421875,249616000,0.0,0.0
2018-08-03,51.75749969482422,52.185001373291016,51.369998931884766,51.997501373291016,48.96348190307617,133789600,0.0,0.0
2018-08-06,52.0,52.3125,51.76750183105469,52.26750183105469,49.21772003173828,101701600,0.0,0.0
2018-08-07,52.33000183105469,52.375,51.689998626708984,51.77750015258789,48.756309509277344,102349600,0.0,0.0
2018-08-08,51.51250076293945,51.95249938964844,51.130001068115234,51.8125,48.789283752441406,90102000,0.0,0.0
2018-08-09,52.38249969482422,52.44499969482422,51.79999923706055,52.220001220703125,49.172996520996094,93970400,0.0,0.0
2018-08-10,51.84000015258789,52.275001525878906,51.66749954223633,51.88249969482422,49.026527404785156,98444800,0.1825,0.0
2018-08-13,52.32749938964844,52.73749923706055,51.92499923706055,52.217498779296875,49.343082427978516,103563600,0.0,0.0
2018-08-14,52.540000915527344,52.63999938964844,52.064998626708984,52.4375,49.550987243652344,82992000,0.0,0.0
2018-08-15,52.30500030517578,52.685001373291016,52.08250045776367,52.560001373291016,49.666725158691406,115230400,0.0,0.0
2018-08-16,52.9375,53.45249938964844,52.86750030517578,53.33000183105469,50.394344329833984,114001600,0.0,0.0
2018-08-17,53.36000061035156,54.48749923706055,53.290000915527344,54.39500045776367,51.400726318359375,141708000,0.0,0.0
2018-08-20,54.525001525878906,54.79499816894531,53.77750015258789,53.8650016784668,50.89990234375,121150800,0.0,0.0
2018-08-21,54.20000076293945,54.29750061035156,53.50749969482422,53.7599983215332,50.80067443847656,104639200,0.0,0.0
2018-08-22,53.525001525878906,54.09000015258789,53.459999084472656,53.76250076293945,50.803043365478516,76072400,0.0,0.0
2018-08-23,53.662498474121094,54.26250076293945,53.650001525878906,53.872501373291016,50.906982421875,75532800,0.0,0.0
2018-08-24,54.150001525878906,54.224998474121094,53.77750015258789,54.040000915527344,51.065269470214844,73905600,0.0,0.0
2018-08-27,54.287498474121094,54.685001373291016,54.08250045776367,54.48500061035156,51.48577117919922,82100400,0.0,0.0
2018-08-28,54.752498626708984,55.1349983215332,54.72999954223633,54.92499923706055,51.90155029296875,91107200,0.0,0.0
2018-08-29,55.037498474121094,55.872501373291016,54.852500915527344,55.744998931884766,52.67641067504883,109019200,0.0,0.0
2018-08-30,55.8125,57.064998626708984,55.599998474121094,56.25749969482422,53.16069412231445,195175200,0.0,0.0
2018-08-31,56.627498626708984,57.217498779296875,56.5,56.907501220703125,53.77491760253906,173360400,0.0,0.0
2018-09-04,57.102500915527344,57.29499816894531,56.657501220703125,57.09000015258789,53.94736862182617,109560400,0.0,0.0
2018-09-05,57.247501373291016,57.41749954223633,56.275001525878906,56.717498779296875,53.59537124633789,133332000,0.0,0.0
2018-09-06,56.557498931884766,56.837501525878906,55.32500076293945,55.775001525878906,52.70475769042969,137160000,0.0,0.0
2018-09-07,55.462501525878906,56.342498779296875,55.1775016784668,55.32500076293945,52.279537200927734,150479200,0.0,0.0
2018-09-10,55.23749923706055,55.462501525878906,54.11750030517578,54.58250045776367,51.577903747558594,158066000,0.0,0.0
2018-09-11,54.502498626708984,56.07500076293945,54.13999938964844,55.962501525878906,52.88193130493164,142996000,0.0,0.0
2018-09-12,56.23500061035156,56.25,54.959999084472656,55.26750183105469,52.22520065307617,197114800,0.0,0.0
2018-09-13,55.880001068115234,57.087501525878906,55.64250183105469,56.602500915527344,53.48671340942383,166825600,0.0,0.0
2018-09-14,56.4375,56.709999084472656,55.630001068115234,55.959999084472656,52.879581451416016,127997200,0.0,0.0
2018-09-17,55.537498474121094,55.73749923706055,54.317501068115234,54.470001220703125,51.47160339355469,148780400,0.0,0.0
2018-09-18,54.4474983215332,55.462501525878906,54.279998779296875,54.560001373291016,51.556644439697266,126286800,0.0,0.0
2018-09-19,54.625,54.904998779296875,53.82500076293945,54.592498779296875,51.58734893798828,108495200,0.0,0.0
2018-09-20,55.060001373291016,55.56999969482422,54.787498474121094,55.00749969482422,51.97950744628906,106435200,0.0,0.0
2018-09-21,55.19499969482422,55.34000015258789,54.3224983215332,54.415000915527344,51.41962432861328,384986800,0.0,0.0
2018-09-24,54.20500183105469,55.314998626708984,54.157501220703125,55.1974983215332,52.1590461730957,110773600,0.0,0.0
2018-09-25,54.9375,55.70500183105469,54.92499923706055,55.54750061035156,52.489768981933594,98217600,0.0,0.0
2018-09-26,55.25,55.9375,54.939998626708984,55.10499954223633,52.071624755859375,95938800,0.0,0.0
2018-09-27,55.95500183105469,56.61000061035156,55.8849983215332,56.23749923706055,53.14178466796875,120724800,0.0,0.0
2018-09-28,56.1974983215332,56.459999084472656,56.005001068115234,56.435001373291016,53.32843017578125,91717600,0.0,0.0
2018-10-01,56.98749923706055,57.35499954223633,56.587501525878906,56.814998626708984,53.68750762939453,94403200,0.0,0.0
2018-10-02,56.8125,57.5,56.657501220703125,57.31999969482422,54.16470718383789,99152800,0.0,0.0
2018-10-03,57.51250076293945,58.36750030517578,57.44499969482422,58.01750183105469,54.82381057739258,114619200,0.0,0.0
2018-10-04,57.69499969482422,58.087501525878906,56.682498931884766,56.997501373291016,53.8599739074707,128168000,0.0,0.0
2018-10-05,56.9900016784668,57.102500915527344,55.14500045776367,56.0724983215332,52.98588943481445,134322000,0.0,0.0
2018-10-08,55.5525016784668,56.20000076293945,55.04999923706055,55.942501068115234,52.863037109375,118655600,0.0,0.0
2018-10-09,55.90999984741211,56.817501068115234,55.5625,56.717498779296875,53.59537124633789,107564000,0.0,0.0
2018-10-10,56.3650016784668,56.587501525878906,54.01250076293945,54.09000015258789,51.11250686645508,167962400,0.0,0.0
2018-10-11,53.630001068115234,54.875,53.08000183105469,53.61249923706055,50.66128921508789,212497600,0.0,0.0
2018-10-12,55.10499954223633,55.720001220703125,54.209999084472656,55.52750015258789,52.47087860107422,161351600,0.0,0.0
2018-10-15,55.290000915527344,55.45750045776367,54.317501068115234,54.34000015258789,51.3487548828125,123164000,0.0,0.0
2018-10-16,54.73249816894531,55.747501373291016,54.189998626708984,55.537498474121094,52.480323791503906,116736000,0.0,0.0
2018-10-17,55.57500076293945,55.65999984741211,54.834999084472656,55.29750061035156,52.253543853759766,91541600,0.0,0.0
2018-10-18,54.46500015258789,54.935001373291016,53.25,54.005001068115234,51.03219985961914,130325200,0.0,0.0
2018-10-19,54.51499938964844,55.314998626708984,54.35749816894531,54.82749938964844,51.809417724609375,132314800,0.0,0.0
2018-10-22,54.9474983215332,55.84000015258789,54.73500061035156,55.162498474121094,52.125972747802734,115168400,0.0,0.0
2018-10-23,53.95750045776367,55.8125,53.67499923706055,55.682498931884766,52.61734390258789,155071200,0.0,0.0
2018-10-24,55.650001525878906,56.057498931884766,53.6349983215332,53.772499084472656,50.8125,163702000,0.0,0.0
2018-10-25,54.4275016784668,55.345001220703125,54.1875,54.95000076293945,51.92517852783203,119423200,0.0,0.0
2018-10-26,53.974998474121094,55.04750061035156,53.16749954223633,54.07500076293945,51.09833526611328,189033600,0.0,0.0
2018-10-29,54.79750061035156,54.92250061035156,51.522499084472656,53.060001373291016,50.13920211791992,183742000,0.0,0.0
2018-10-30,52.787498474121094,53.79499816894531,52.317501068115234,53.32500076293945,50.389625549316406,146640000,0.0,0.0
2018-10-31,54.220001220703125,55.11249923706055,54.154998779296875,54.71500015258789,51.70310592651367,153435600,0.0,0.0
2018-11-01,54.76250076293945,55.59000015258789,54.20249938964844,55.55500030517578,52.49686813354492,233292800,0.0,0.0
2018-11-02,52.38750076293945,53.412498474121094,51.35749816894531,51.869998931884766,49.01470947265625,365314800,0.0,0.0
2018-11-05,51.07500076293945,51.09749984741211,49.54249954223633,50.397499084472656,47.62327575683594,264654800,0.0,0.0
2018-11-06,50.47999954223633,51.18000030517578,50.42250061035156,50.942501068115234,48.138275146484375,127531600,0.0,0.0
2018-11-07,51.49250030517578,52.51499938964844,51.032501220703125,52.48749923706055,49.59823226928711,133697600,0.0,0.0
2018-11-08,52.494998931884766,52.529998779296875,51.6875,52.122501373291016,49.42517852783203,101450400,0.1825,0.0
2018-11-09,51.38750076293945,51.502498626708984,50.5625,51.11750030517578,48.472190856933594,137463200,0.0,0.0
2018-11-12,49.75,49.962501525878906,48.4474983215332,48.54249954223633,46.030433654785156,204542000,0.0,0.0
2018-11-13,47.907501220703125,49.29499816894531,47.86249923706055,48.057498931884766,45.57053756713867,187531600,0.0,0.0
2018-11-14,48.474998474121094,48.619998931884766,46.48249816894531,46.70000076293945,44.283294677734375,243204000,0.0,0.0
2018-11-15,47.09749984741211,47.99250030517578,46.724998474121094,47.852500915527344,45.37614822387695,185915200,0.0,0.0
2018-11-16,47.625,48.74250030517578,47.3650016784668,48.38249969482422,45.87871170043945,147713200,0.0,0.0
2018-11-19,47.5,47.67499923706055,46.247501373291016,46.46500015258789,44.06044387817383,167701200,0.0,0.0
2018-11-20,44.592498779296875,45.36750030517578,43.877498626708984,44.244998931884766,41.95532989501953,271300800,0.0,0.0
2018-11-21,44.932498931884766,45.067501068115234,44.13750076293945,44.19499969482422,41.90790557861328,124496800,0.0,0.0
2018-11-23,43.73500061035156,44.150001525878906,43.025001525878906,43.0724983215332,40.843509674072266,94496000,0.0,0.0
2018-11-26,43.560001373291016,43.73749923706055,42.564998626708984,43.654998779296875,41.39585494995117,179994000,0.0,0.0
2018-11-27,42.877498626708984,43.692501068115234,42.720001220703125,43.560001373291016,41.30577850341797,165549600,0.0,0.0
2018-11-28,44.182498931884766,45.3224983215332,43.73249816894531,45.23500061035156,42.89409255981445,184250000,0.0,0.0
2018-11-29,45.665000915527344,45.70000076293945,44.42499923706055,44.88750076293945,42.564579010009766,167080000,0.0,0.0
2018-11-30,45.0724983215332,45.08250045776367,44.25749969482422,44.64500045776367,42.33462905883789,158126000,0.0,0.0
2018-12-03,46.1150016784668,46.23500061035156,45.3025016784668,46.20500183105469,43.81390380859375,163210000,0.0,0.0
2018-12-04,45.23749923706055,45.59749984741211,44.067501068115234,44.17250061035156,41.88658142089844,165377200,0.0,0.0
2018-12-06,42.939998626708984,43.69499969482422,42.60499954223633,43.68000030517578,41.4195671081543,172393600,0.0,0.0
2018-12-07,43.372501373291016,43.622501373291016,42.07500076293945,42.122501373291016,39.94266891479492,169126400,0.0,0.0
2018-12-10,41.25,42.522499084472656,40.83250045776367,42.400001525878906,40.20581817626953,248104000,0.0,0.0
2018-12-11,42.915000915527344,42.9474983215332,41.75,42.157501220703125,39.975860595703125,189126800,0.0,0.0
2018-12-12,42.599998474121094,42.97999954223633,42.255001068115234,42.275001525878906,40.087284088134766,142510800,0.0,0.0
2018-12-13,42.622501373291016,43.14250183105469,42.38750076293945,42.73749923706055,40.525848388671875,127594400,0.0,0.0
2018-12-14,42.25,42.27000045776367,41.31999969482422,41.369998931884766,39.22910690307617,162814800,0.0,0.0
2018-12-17,41.36249923706055,42.087501525878906,40.682498931884766,40.98500061035156,38.864044189453125,177151600,0.0,0.0
2018-12-18,41.345001220703125,41.88249969482422,41.09749984741211,41.51750183105469,39.36896896362305,135366000,0.0,0.0
2018-12-19,41.5,41.86249923706055,39.772499084472656,40.22249984741211,38.140995025634766,196189200,0.0,0.0
2018-12-20,40.099998474121094,40.52750015258789,38.82500076293945,39.20750045776367,37.17852020263672,259092000,0.0,0.0
2018-12-21,39.21500015258789,39.540000915527344,37.407501220703125,37.682498931884766,35.73243713378906,382978400,0.0,0.0
2018-12-24,37.037498474121094,37.88750076293945,36.647499084472656,36.70750045776367,34.80789566040039,148676800,0.0,0.0
2018-12-26,37.07500076293945,39.307498931884766,36.68000030517578,39.29249954223633,37.25910949707031,234330000,0.0,0.0
2018-12-27,38.959999084472656,39.192501068115234,37.51750183105469,39.037498474121094,37.01731872558594,212468400,0.0,0.0
2018-12-28,39.375,39.630001068115234,38.63750076293945,39.057498931884766,37.03627014160156,169165600,0.0,0.0
2018-12-31,39.63249969482422,39.84000015258789,39.119998931884766,39.435001373291016,37.39424514770508,140014000,0.0,0.0
2019-01-02,38.72249984741211,39.712501525878906,38.557498931884766,39.47999954223633,37.43691635131836,148158800,0.0,0.0
2019-01-03,35.994998931884766,36.43000030517578,35.5,35.54750061035156,33.70793533325195,365248800,0.0,0.0
2019-01-04,36.13249969482422,37.13750076293945,35.95000076293945,37.064998626708984,35.14689636230469,234428400,0.0,0.0
2019-01-07,37.17499923706055,37.20750045776367,36.474998474121094,36.98249816894531,35.06865310668945,219111200,0.0,0.0
2019-01-08,37.38999938964844,37.95500183105469,37.130001068115234,37.6875,35.7371826171875,164101200,0.0,0.0
2019-01-09,37.8224983215332,38.63249969482422,37.407501220703125,38.32749938964844,36.344051361083984,180396400,0.0,0.0
2019-01-10,38.125,38.49250030517578,37.71500015258789,38.45000076293945,36.46022033691406,143122800,0.0,0.0
2019-01-11,38.220001220703125,38.42499923706055,37.877498626708984,38.0724983215332,36.10226058959961,108092800,0.0,0.0
2019-01-14,37.712501525878906,37.817501068115234,37.30500030517578,37.5,35.559391021728516,129756800,0.0,0.0
2019-01-15,37.567501068115234,38.34749984741211,37.51250076293945,38.26750183105469,36.28717041015625,114843600,0.0,0.0
2019-01-16,38.27000045776367,38.970001220703125,38.25,38.73500061035156,36.73047637939453,122278800,0.0,0.0
2019-01-17,38.54999923706055,39.415000915527344,38.314998626708984,38.96500015258789,36.948570251464844,119284800,0.0,0.0
2019-01-18,39.375,39.470001220703125,38.994998931884766,39.20500183105469,37.1761474609375,135004000,0.0,0.0
2019-01-22,39.102500915527344,39.182498931884766,38.154998779296875,38.32500076293945,36.3416748046875,121576000,0.0,0.0
2019-01-23,38.537498474121094,38.78499984741211,37.92499923706055,38.47999954223633,36.48867416381836,92522400,0.0,0.0
2019-01-24,38.52750015258789,38.619998931884766,37.935001373291016,38.17499923706055,36.19944763183594,101766000,0.0,0.0
2019-01-25,38.869998931884766,39.532501220703125,38.58000183105469,39.439998626708984,37.39898681640625,134142000,0.0,0.0
2019-01-28,38.9474983215332,39.08250045776367,38.415000915527344,39.07500076293945,37.052879333496094,104768400,0.0,0.0
2019-01-29,39.0625,39.532501220703125,38.52750015258789,38.66999816894531,36.66883087158203,166348800,0.0,0.0
2019-01-30,40.8125,41.537498474121094,40.057498931884766,41.3125,39.17458724975586,244439200,0.0,0.0
2019-01-31,41.52750015258789,42.25,41.13999938964844,41.61000061035156,39.456687927246094,162958400,0.0,0.0
2019-02-01,41.7400016784668,42.244998931884766,41.48249816894531,41.630001068115234,39.47566223144531,130672400,0.0,0.0
2019-02-04,41.852500915527344,42.915000915527344,41.81999969482422,42.8125,40.596961975097656,125982000,0.0,0.0
2019-02-05,43.21500015258789,43.77000045776367,43.087501525878906,43.54499816894531,41.29154586791992,144406400,0.0,0.0
2019-02-06,43.662498474121094,43.89250183105469,43.212501525878906,43.560001373291016,41.30577850341797,112958400,0.0,0.0
2019-02-07,43.099998474121094,43.48500061035156,42.584999084472656,42.73500061035156,40.52346420288086,126966800,0.0,0.0
2019-02-08,42.247501373291016,42.665000915527344,42.10499954223633,42.602500915527344,40.57108688354492,95280000,0.1825,0.0
2019-02-11,42.76250076293945,42.8025016784668,42.3125,42.35749816894531,40.337772369384766,83973600,0.0,0.0
2019-02-12,42.525001525878906,42.75,42.42499923706055,42.72249984741211,40.685367584228516,89134000,0.0,0.0
2019-02-13,42.84749984741211,43.119998931884766,42.47999954223633,42.54499816894531,40.51632308959961,89960800,0.0,0.0
2019-02-14,42.4275016784668,42.814998626708984,42.345001220703125,42.70000076293945,40.6639404296875,87342800,0.0,0.0
2019-02-15,42.8125,42.92499923706055,42.4375,42.60499954223633,40.573463439941406,98507200,0.0,0.0
2019-02-19,42.4275016784668,42.86000061035156,42.372501373291016,42.73249816894531,40.69488525390625,75891200,0.0,0.0
2019-02-20,42.79750061035156,43.33000183105469,42.747501373291016,43.00749969482422,40.95677947998047,104457600,0.0,0.0
2019-02-21,42.95000076293945,43.092498779296875,42.57500076293945,42.76499938964844,40.72583770751953,68998800,0.0,0.0
2019-02-22,42.89500045776367,43.25,42.845001220703125,43.24250030517578,41.18057632446289,75652800,0.0,0.0
2019-02-25,43.540000915527344,43.967498779296875,43.48749923706055,43.557498931884766,41.48054504394531,87493600,0.0,0.0
2019-02-26,43.4275016784668,43.82500076293945,43.29249954223633,43.58250045776367,41.50436019897461,68280800,0.0,0.0
2019-02-27,43.3025016784668,43.75,43.182498931884766,43.717498779296875,41.63291549682617,111341600,0.0,0.0
2019-02-28,43.58000183105469,43.727500915527344,43.22999954223633,43.287498474121094,41.223426818847656,112861600,0.0,0.0
2019-03-01,43.56999969482422,43.787498474121094,43.22249984741211,43.74250030517578,41.65671920776367,103544800,0.0,0.0
2019-03-04,43.92250061035156,44.4375,43.49250030517578,43.962501525878906,41.86624526977539,109744800,0.0,0.0
2019-03-05,43.98500061035156,44.0,43.6349983215332,43.88249969482422,41.7900390625,78949600,0.0,0.0
2019-03-06,43.66749954223633,43.872501373291016,43.48500061035156,43.630001068115234,41.54961013793945,83241600,0.0,0.0
2019-03-07,43.467498779296875,43.61000061035156,43.005001068115234,43.125,41.06867218017578,99185600,0.0,0.0
2019-03-08,42.58000183105469,43.26750183105469,42.375,43.227500915527344,41.16627883911133,95997600,0.0,0.0
2019-03-11,43.872501373291016,44.779998779296875,43.837501525878906,44.724998474121094,42.592369079589844,128044000,0.0,0.0
2019-03-12,45.0,45.66749954223633,44.842498779296875,45.227500915527344,43.0709228515625,129870400,0.0,0.0
2019-03-13,45.5625,45.82500076293945,45.22999954223633,45.4275016784668,43.26139450073242,124130000,0.0,0.0
2019-03-14,45.974998474121094,46.025001525878906,45.63999938964844,45.932498931884766,43.7422981262207,94318000,0.0,0.0
2019-03-15,46.212501525878906,46.83250045776367,45.935001373291016,46.529998779296875,44.31131362915039,156171600,0.0,0.0
2019-03-18,46.45000076293945,47.09749984741211,46.4474983215332,47.005001068115234,44.76365661621094,104879200,0.0,0.0
2019-03-19,47.087501525878906,47.247501373291016,46.47999954223633,46.63249969482422,44.40891647338867,126585600,0.0,0.0
2019-03-20,46.557498931884766,47.372501373291016,46.182498931884766,47.040000915527344,44.7969970703125,124140800,0.0,0.0
2019-03-21,47.505001068115234,49.08250045776367,47.45249938964844,48.772499084472656,46.44687271118164,204136800,0.0,0.0
2019-03-22,48.834999084472656,49.42250061035156,47.69499969482422,47.76250076293945,45.48505401611328,169630800,0.0,0.0
2019-03-25,47.877498626708984,47.994998931884766,46.650001525878906,47.185001373291016,44.93507766723633,175381200,0.0,0.0
2019-03-26,47.915000915527344,48.220001220703125,46.14500045776367,46.6974983215332,44.470821380615234,199202000,0.0,0.0
2019-03-27,47.1875,47.439998626708984,46.63750076293945,47.11750030517578,44.87079620361328,119393600,0.0,0.0
2019-03-28,47.23749923706055,47.38999938964844,46.88249969482422,47.18000030517578,44.930328369140625,83121600,0.0,0.0
2019-03-29,47.45750045776367,47.52000045776367,47.1349983215332,47.48749923706055,45.22315216064453,94256000,0.0,0.0
2019-04-01,47.90999984741211,47.91999816894531,47.095001220703125,47.810001373291016,45.5302848815918,111448000,0.0,0.0
2019-04-02,47.772499084472656,48.6150016784668,47.76250076293945,48.505001068115234,46.19214630126953,91062800,0.0,0.0
2019-04-03,48.3125,49.125,48.287498474121094,48.837501525878906,46.50878143310547,93087200,0.0,0.0
2019-04-04,48.6974983215332,49.092498779296875,48.28499984741211,48.92250061035156,46.5897331237793,76457200,0.0,0.0
2019-04-05,49.11249923706055,49.275001525878906,48.98249816894531,49.25,46.9016227722168,74106400,0.0,0.0
2019-04-08,49.10499954223633,50.057498931884766,49.084999084472656,50.025001525878906,47.6396598815918,103526800,0.0,0.0
2019-04-09,50.08000183105469,50.712501525878906,49.807498931884766,49.875,47.496826171875,143072800,0.0,0.0
2019-04-10,49.66999816894531,50.185001373291016,49.54499816894531,50.154998779296875,47.76345443725586,86781200,0.0,0.0
2019-04-11,50.212501525878906,50.25,49.61000061035156,49.73749923706055,47.36586380004883,83603200,0.0,0.0
2019-04-12,49.79999923706055,50.03499984741211,49.0525016784668,49.717498779296875,47.34681701660156,111042800,0.0,0.0
2019-04-15,49.64500045776367,49.962501525878906,49.502498626708984,49.807498931884766,47.43252944946289,70146400,0.0,0.0
2019-04-16,49.8650016784668,50.342498779296875,49.63999938964844,49.8125,47.437286376953125,102785600,0.0,0.0
2019-04-17,49.8849983215332,50.845001220703125,49.65250015258789,50.782501220703125,48.36104965209961,115627200,0.0,0.0
2019-04-18,50.779998779296875,51.037498474121094,50.630001068115234,50.96500015258789,48.53483581542969,96783200,0.0,0.0
2019-04-22,50.70750045776367,51.23500061035156,50.584999084472656,51.13249969482422,48.69435119628906,77758000,0.0,0.0
2019-04-23,51.10749816894531,51.9375,50.974998474121094,51.869998931884766,49.39667510986328,93292000,0.0,0.0
2019-04-24,51.84000015258789,52.119998931884766,51.76250076293945,51.790000915527344,49.320499420166016,70162400,0.0,0.0
2019-04-25,51.70750045776367,51.939998626708984,51.279998779296875,51.31999969482422,48.872901916503906,74172800,0.0,0.0
2019-04-26,51.224998474121094,51.25,50.529998779296875,51.07500076293945,48.639591217041016,74596400,0.0,0.0
2019-04-29,51.099998474121094,51.49250030517578,50.96500015258789,51.15250015258789,48.7133903503418,88818800,0.0,0.0
2019-04-30,50.76499938964844,50.849998474121094,49.77750015258789,50.16749954223633,47.775360107421875,186139600,0.0,0.0
2019-05-01,52.470001220703125,53.82749938964844,52.307498931884766,52.630001068115234,50.12044906616211,259309200,0.0,0.0
2019-05-02,52.459999084472656,53.162498474121094,52.032501220703125,52.287498474121094,49.79426956176758,127985200,0.0,0.0
2019-05-03,52.72249984741211,52.959999084472656,52.557498931884766,52.9375,50.41328048706055,83569600,0.0,0.0
2019-05-06,51.0724983215332,52.209999084472656,50.875,52.119998931884766,49.634765625,129772400,0.0,0.0
2019-05-07,51.470001220703125,51.85499954223633,50.20750045776367,50.71500015258789,48.296749114990234,155054800,0.0,0.0
2019-05-08,50.474998474121094,51.334999084472656,50.4375,50.724998474121094,48.306278228759766,105358000,0.0,0.0
2019-05-09,50.099998474121094,50.41999816894531,49.165000915527344,50.18000030517578,47.787269592285156,139634400,0.0,0.0
2019-05-10,49.35499954223633,49.712501525878906,48.192501068115234,49.29499816894531,47.125247955322266,164834800,0.1925,0.0
2019-05-13,46.9275016784668,47.369998931884766,45.712501525878906,46.43000030517578,44.3863525390625,229722400,0.0,0.0
2019-05-14,46.602500915527344,47.42499923706055,46.352500915527344,47.165000915527344,45.089012145996094,146118800,0.0,0.0
2019-05-15,46.567501068115234,47.9375,46.505001068115234,47.72999954223633,45.62913131713867,106178800,0.0,0.0
2019-05-16,47.477500915527344,48.11750030517578,47.209999084472656,47.52000045776367,45.42837142944336,132125600,0.0,0.0
2019-05-17,46.73249816894531,47.724998474121094,46.689998626708984,47.25,45.17027282714844,131516400,0.0,0.0
2019-05-20,45.880001068115234,46.087501525878906,45.06999969482422,45.772499084472656,43.75779724121094,154449200,0.0,0.0
2019-05-21,46.30500030517578,47.0,46.17499923706055,46.650001525878906,44.59667205810547,113459200,0.0,0.0
2019-05-22,46.165000915527344,46.4275016784668,45.63750076293945,45.69499969482422,43.6837158203125,118994400,0.0,0.0
2019-05-23,44.95000076293945,45.1349983215332,44.45249938964844,44.915000915527344,42.93804931640625,146118800,0.0,0.0
2019-05-24,45.04999923706055,45.53499984741211,44.654998779296875,44.74250030517578,42.773136138916016,94858800,0.0,0.0
2019-05-28,44.72999954223633,45.147499084472656,44.477500915527344,44.557498931884766,42.59627914428711,111792800,0.0,0.0
2019-05-29,44.10499954223633,44.837501525878906,44.0,44.345001220703125,42.39312744140625,113924800,0.0,0.0
2019-05-30,44.48749923706055,44.807498931884766,44.16749954223633,44.57500076293945,42.61299133300781,84873600,0.0,0.0
2019-05-31,44.057498931884766,44.497501373291016,43.747501373291016,43.76750183105469,41.84104537963867,108174400,0.0,0.0
2019-06-03,43.900001525878906,44.47999954223633,42.567501068115234,43.32500076293945,41.418025970458984,161584400,0.0,0.0
2019-06-04,43.86000061035156,44.95750045776367,43.630001068115234,44.90999984741211,42.93326187133789,123872000,0.0,0.0
2019-06-05,46.06999969482422,46.247501373291016,45.28499984741211,45.6349983215332,43.6263542175293,119093600,0.0,0.0
2019-06-06,45.77000045776367,46.36750030517578,45.537498474121094,46.30500030517578,44.2668571472168,90105200,0.0,0.0
2019-06-07,46.627498626708984,47.97999954223633,46.442501068115234,47.537498474121094,45.44511032104492,122737600,0.0,0.0
2019-06-10,47.95249938964844,48.842498779296875,47.904998779296875,48.14500045776367,46.02587127685547,104883600,0.0,0.0
2019-06-11,48.71500015258789,49.0,48.400001525878906,48.70249938964844,46.5588493347168,107731600,0.0,0.0
2019-06-12,48.48749923706055,48.99250030517578,48.34749984741211,48.54750061035156,46.41065979003906,73012800,0.0,0.0
2019-06-13,48.67499923706055,49.1974983215332,48.400001525878906,48.537498474121094,46.401092529296875,86698400,0.0,0.0
2019-06-14,47.88750076293945,48.397499084472656,47.57500076293945,48.185001373291016,46.064117431640625,75046000,0.0,0.0
2019-06-17,48.224998474121094,48.7400016784668,48.04249954223633,48.47249984741211,46.33895492553711,58676400,0.0,0.0
2019-06-18,49.01250076293945,50.0724983215332,48.8025016784668,49.61249923706055,47.42877197265625,106204000,0.0,0.0
2019-06-19,49.91999816894531,49.970001220703125,49.32749938964844,49.467498779296875,47.29015350341797,84496800,0.0,0.0
2019-06-20,50.092498779296875,50.15250015258789,49.50749969482422,49.8650016784668,47.6701545715332,86056000,0.0,0.0
2019-06-21,49.70000076293945,50.212501525878906,49.537498474121094,49.69499969482422,47.50765609741211,191202400,0.0,0.0
2019-06-24,49.6349983215332,50.040000915527344,49.54249954223633,49.64500045776367,47.4598503112793,72881600,0.0,0.0
2019-06-25,49.60749816894531,49.814998626708984,48.8224983215332,48.89250183105469,46.74046325683594,84281200,0.0,0.0
2019-06-26,49.442501068115234,50.247501373291016,49.337501525878906,49.95000076293945,47.75141525268555,104270000,0.0,0.0
2019-06-27,50.0724983215332,50.39250183105469,49.89250183105469,49.935001373291016,47.73707962036133,83598800,0.0,0.0
2019-06-28,49.66999816894531,49.875,49.26250076293945,49.47999954223633,47.30210494995117,124442400,0.0,0.0
2019-07-01,50.79249954223633,51.122501373291016,50.162498474121094,50.38750076293945,48.16965866088867,109012000,0.0,0.0
2019-07-02,50.352500915527344,50.782501220703125,50.34000015258789,50.682498931884766,48.45167922973633,67740800,0.0,0.0
2019-07-03,50.81999969482422,51.11000061035156,50.67250061035156,51.102500915527344,48.85319137573242,45448000,0.0,0.0
2019-07-05,50.837501525878906,51.27000045776367,50.724998474121094,51.057498931884766,48.8101692199707,69062000,0.0,0.0
2019-07-08,50.20249938964844,50.349998474121094,49.602500915527344,50.005001068115234,47.80400466918945,101354400,0.0,0.0
2019-07-09,49.79999923706055,50.377498626708984,49.70249938964844,50.310001373291016,48.095584869384766,82312000,0.0,0.0
2019-07-10,50.462501525878906,50.932498931884766,50.38999938964844,50.807498931884766,48.57115936279297,71588400,0.0,0.0
2019-07-11,50.82749938964844,51.09749984741211,50.4275016784668,50.4375,48.217464447021484,80767200,0.0,0.0
2019-07-12,50.61249923706055,51.0,50.54999923706055,50.82500076293945,48.58790969848633,70380800,0.0,0.0
2019-07-15,51.022499084472656,51.467498779296875,51.0,51.3025016784668,49.04439163208008,67789600,0.0,0.0
2019-07-16,51.147499084472656,51.52750015258789,50.875,51.125,48.874698638916016,67467200,0.0,0.0
2019-07-17,51.01250076293945,51.272499084472656,50.817501068115234,50.837501525878906,48.599857330322266,56430000,0.0,0.0
2019-07-18,51.0,51.470001220703125,50.92499923706055,51.415000915527344,49.151947021484375,74162400,0.0,0.0
2019-07-19,51.4474983215332,51.625,50.59000015258789,50.647499084472656,48.41822052001953,83717200,0.0,0.0
2019-07-22,50.912498474121094,51.807498931884766,50.90250015258789,51.80500030517578,49.5247688293457,89111600,0.0,0.0
2019-07-23,52.1150016784668,52.227500915527344,51.8224983215332,52.209999084472656,49.91193389892578,73420800,0.0,0.0
2019-07-24,51.91749954223633,52.287498474121094,51.79249954223633,52.16749954223633,49.87131881713867,59966400,0.0,0.0
2019-07-25,52.22249984741211,52.310001373291016,51.682498931884766,51.755001068115234,49.47697067260742,55638400,0.0,0.0
2019-07-26,51.869998931884766,52.432498931884766,51.78499984741211,51.935001373291016,49.6490592956543,70475600,0.0,0.0
2019-07-29,52.1150016784668,52.65999984741211,52.11000061035156,52.41999816894531,50.11269760131836,86693600,0.0,0.0
2019-07-30,52.189998626708984,52.540000915527344,51.82749938964844,52.19499969482422,49.89759826660156,135742800,0.0,0.0
2019-07-31,54.10499954223633,55.342498779296875,52.82500076293945,53.2599983215332,50.915733337402344,277125600,0.0,0.0
2019-08-01,53.474998474121094,54.50749969482422,51.685001373291016,52.10749816894531,49.81395721435547,216071600,0.0,0.0
2019-08-02,51.38249969482422,51.60749816894531,50.407501220703125,51.005001068115234,48.75998306274414,163448400,0.0,0.0
2019-08-05,49.497501373291016,49.662498474121094,48.14500045776367,48.334999084472656,46.2075080871582,209572000,0.0,0.0
2019-08-06,49.07749938964844,49.51750183105469,48.5099983215332,49.25,47.08224105834961,143299200,0.0,0.0
2019-08-07,48.852500915527344,49.88999938964844,48.45500183105469,49.7599983215332,47.569786071777344,133457600,0.0,0.0
2019-08-08,50.04999923706055,50.88249969482422,49.84749984741211,50.85749816894531,48.61898422241211,108038000,0.0,0.0
2019-08-09,50.32500076293945,50.689998626708984,49.8224983215332,50.247501373291016,48.21833801269531,98478800,0.1925,0.0
2019-08-12,49.904998779296875,50.51250076293945,49.787498474121094,50.119998931884766,48.095985412597656,89927600,0.0,0.0
2019-08-13,50.255001068115234,53.03499984741211,50.119998931884766,52.24250030517578,50.13276290893555,188874000,0.0,0.0
2019-08-14,50.790000915527344,51.61000061035156,50.647499084472656,50.6875,48.64056396484375,146189600,0.0,0.0
2019-08-15,50.8650016784668,51.28499984741211,49.91749954223633,50.435001373291016,48.39825439453125,108909600,0.0,0.0
2019-08-16,51.06999969482422,51.790000915527344,50.959999084472656,51.625,49.54021453857422,110481600,0.0,0.0
2019-08-19,52.654998779296875,53.182498931884766,52.50749969482422,52.587501525878906,50.46384811401367,97654400,0.0,0.0
2019-08-20,52.720001220703125,53.337501525878906,52.58000183105469,52.59000015258789,50.46623611450195,107537200,0.0,0.0
2019-08-21,53.247501373291016,53.412498474121094,52.900001525878906,53.15999984741211,51.013214111328125,86141600,0.0,0.0
2019-08-22,53.29750061035156,53.61000061035156,52.6875,53.1150016784668,50.97003936767578,89014800,0.0,0.0
2019-08-23,52.35749816894531,53.01250076293945,50.25,50.65999984741211,48.61418533325195,187272000,0.0,0.0
2019-08-26,51.46500015258789,51.79750061035156,51.26499938964844,51.622501373291016,49.537811279296875,104174400,0.0,0.0
2019-08-27,51.96500015258789,52.13750076293945,50.88249969482422,51.040000915527344,48.97882843017578,103493200,0.0,0.0
2019-08-28,51.025001525878906,51.43000030517578,50.83000183105469,51.38249969482422,49.307498931884766,63755200,0.0,0.0
2019-08-29,52.125,52.33000183105469,51.665000915527344,52.252498626708984,50.142364501953125,83962000,0.0,0.0
2019-08-30,52.540000915527344,52.61249923706055,51.79999923706055,52.185001373291016,50.07758712768555,84573600,0.0,0.0
2019-09-03,51.60749816894531,51.744998931884766,51.05500030517578,51.42499923706055,49.3482780456543,80092000,0.0,0.0
2019-09-04,52.09749984741211,52.369998931884766,51.83000183105469,52.29750061035156,50.185550689697266,76752400,0.0,0.0
2019-09-05,53.0,53.49250030517578,52.877498626708984,53.31999969482422,51.1667594909668,95654800,0.0,0.0
2019-09-06,53.51250076293945,53.60499954223633,53.127498626708984,53.314998626708984,51.16195297241211,77449200,0.0,0.0
2019-09-09,53.709999084472656,54.11000061035156,52.76750183105469,53.54249954223633,51.380271911621094,109237600,0.0,0.0
2019-09-10,53.46500015258789,54.19499969482422,52.9275016784668,54.17499923706055,51.98722839355469,127111600,0.0,0.0
2019-09-11,54.51750183105469,55.9275016784668,54.432498931884766,55.897499084472656,53.64017105102539,177158400,0.0,0.0
2019-09-12,56.20000076293945,56.60499954223633,55.71500015258789,55.772499084472656,53.52021789550781,128906800,0.0,0.0
2019-09-13,55.0,55.1974983215332,54.255001068115234,54.6875,52.47901916503906,159053200,0.0,0.0
2019-09-16,54.432498931884766,55.032501220703125,54.38999938964844,54.974998474121094,52.75492477416992,84632400,0.0,0.0
2019-09-17,54.9900016784668,55.20500183105469,54.779998779296875,55.17499923706055,52.946842193603516,73274800,0.0,0.0
2019-09-18,55.26499938964844,55.712501525878906,54.86000061035156,55.692501068115234,53.443443298339844,101360000,0.0,0.0
2019-09-19,55.502498626708984,55.939998626708984,55.092498779296875,55.2400016784668,53.00922775268555,88242400,0.0,0.0
2019-09-20,55.345001220703125,55.63999938964844,54.36750030517578,54.432498931884766,52.23432922363281,221652400,0.0,0.0
2019-09-23,54.73749923706055,54.959999084472656,54.412498474121094,54.68000030517578,52.47184753417969,76662000,0.0,0.0
2019-09-24,55.25749969482422,55.622501373291016,54.29750061035156,54.41999816894531,52.22233581542969,124763200,0.0,0.0
2019-09-25,54.63750076293945,55.375,54.28499984741211,55.25749969482422,53.02602005004883,87613600,0.0,0.0
2019-09-26,55.0,55.23500061035156,54.70750045776367,54.97249984741211,52.752525329589844,75334000,0.0,0.0
2019-09-27,55.1349983215332,55.2400016784668,54.31999969482422,54.70500183105469,52.49583053588867,101408000,0.0,0.0
2019-09-30,55.224998474121094,56.14500045776367,55.1974983215332,55.99250030517578,53.73133087158203,103909600,0.0,0.0
2019-10-01,56.26750183105469,57.05500030517578,56.04999923706055,56.147499084472656,53.88007736206055,139223200,0.0,0.0
2019-10-02,55.76499938964844,55.89500045776367,54.48249816894531,54.7400016784668,52.529415130615234,138449200,0.0,0.0
2019-10-03,54.60749816894531,55.2400016784668,53.782501220703125,55.20500183105469,52.97563552856445,114426000,0.0,0.0
2019-10-04,56.40999984741211,56.872501373291016,55.97249984741211,56.752498626708984,54.460636138916016,138478800,0.0,0.0
2019-10-07,56.567501068115234,57.48249816894531,56.459999084472656,56.76499938964844,54.47262954711914,122306000,0.0,0.0
2019-10-08,56.45500183105469,57.01499938964844,56.08250045776367,56.099998474121094,53.834495544433594,111820000,0.0,0.0
2019-10-09,56.75749969482422,56.9474983215332,56.40999984741211,56.75749969482422,54.46544647216797,74770400,0.0,0.0
2019-10-10,56.98249816894531,57.61000061035156,56.82500076293945,57.522499084472656,55.19955062866211,113013600,0.0,0.0
2019-10-11,58.23749923706055,59.40999984741211,58.07749938964844,59.0525016784668,56.66775894165039,166795600,0.0,0.0
2019-10-14,58.724998474121094,59.532501220703125,58.66749954223633,58.967498779296875,56.58619689941406,96427600,0.0,0.0
2019-10-15,59.09749984741211,59.412498474121094,58.720001220703125,58.83000183105469,56.45424270629883,87360000,0.0,0.0
2019-10-16,58.342498779296875,58.810001373291016,58.29999923706055,58.592498779296875,56.22633361816406,73903200,0.0,0.0
2019-10-17,58.772499084472656,59.037498474121094,58.380001068115234,58.81999969482422,56.44465255737305,67585200,0.0,0.0
2019-10-18,58.647499084472656,59.39500045776367,58.5724983215332,59.102500915527344,56.71575164794922,97433600,0.0,0.0
2019-10-21,59.380001068115234,60.247501373291016,59.33000183105469,60.127498626708984,57.69934844970703,87247200,0.0,0.0
2019-10-22,60.290000915527344,60.54999923706055,59.904998779296875,59.9900016784668,57.56740188598633,82293600,0.0,0.0
2019-10-23,60.525001525878906,60.810001373291016,60.30500030517578,60.79499816894531,58.33989334106445,75828800,0.0,0.0
2019-10-24,61.127498626708984,61.20000076293945,60.45249938964844,60.89500045776367,58.43585205078125,69275200,0.0,0.0
2019-10-25,60.790000915527344,61.682498931884766,60.720001220703125,61.64500045776367,59.15556335449219,73477200,0.0,0.0
2019-10-28,61.85499954223633,62.3125,61.68000030517578,62.26250076293945,59.74813461303711,96572800,0.0,0.0
2019-10-29,62.24250030517578,62.4375,60.64250183105469,60.8224983215332,58.36628341674805,142839600,0.0,0.0
2019-10-30,61.189998626708984,61.32500076293945,60.3025016784668,60.814998626708984,58.35908126831055,124522000,0.0,0.0
2019-10-31,61.810001373291016,62.29249954223633,59.314998626708984,62.189998626708984,59.67855453491211,139162000,0.0,0.0
2019-11-01,62.3849983215332,63.98249816894531,62.290000915527344,63.95500183105469,61.37228012084961,151125200,0.0,0.0
2019-11-04,64.3324966430664,64.4625015258789,63.845001220703125,64.375,61.77531814575195,103272000,0.0,0.0
2019-11-05,64.26249694824219,64.54750061035156,64.08000183105469,64.28250122070312,61.686561584472656,79897600,0.0,0.0
2019-11-06,64.19249725341797,64.37249755859375,63.842498779296875,64.30999755859375,61.71293640136719,75864400,0.0,0.0
2019-11-07,64.68499755859375,65.0875015258789,64.52749633789062,64.85749816894531,62.42518997192383,94940400,0.1925,0.0
2019-11-08,64.67250061035156,65.11000061035156,64.2125015258789,65.03500366210938,62.59602737426758,69986400,0.0,0.0
2019-11-11,64.57499694824219,65.61750030517578,64.56999969482422,65.55000305175781,63.091705322265625,81821200,0.0,0.0
2019-11-12,65.38749694824219,65.69750213623047,65.2300033569336,65.48999786376953,63.03396224975586,87388800,0.0,0.0
2019-11-13,65.28250122070312,66.19499969482422,65.26750183105469,66.11750030517578,63.63795471191406,102734400,0.0,0.0
2019-11-14,65.9375,66.22000122070312,65.5250015258789,65.66000366210938,63.197593688964844,89182800,0.0,0.0
2019-11-15,65.91999816894531,66.44499969482422,65.75250244140625,66.44000244140625,63.9483528137207,100206400,0.0,0.0
2019-11-18,66.44999694824219,66.85749816894531,66.05750274658203,66.7750015258789,64.27075958251953,86703200,0.0,0.0
2019-11-19,66.9749984741211,67.0,66.34750366210938,66.57250213623047,64.07587432861328,76167200,0.0,0.0
2019-11-20,66.38500213623047,66.5199966430664,65.0999984741211,65.79750061035156,63.32994842529297,106234400,0.0,0.0
2019-11-21,65.92250061035156,66.00250244140625,65.29499816894531,65.50250244140625,63.045989990234375,121395200,0.0,0.0
2019-11-22,65.64749908447266,65.79499816894531,65.20999908447266,65.44499969482422,62.99066162109375,65325200,0.0,0.0
2019-11-25,65.67749786376953,66.61000061035156,65.62999725341797,66.59249877929688,64.09513854980469,84020400,0.0,0.0
2019-11-26,66.73500061035156,66.79000091552734,65.625,66.07250213623047,63.5946159362793,105207600,0.0,0.0
2019-11-27,66.3949966430664,66.99500274658203,66.32749938964844,66.95999908447266,64.44883728027344,65235600,0.0,0.0
2019-11-29,66.6500015258789,67.0,66.4749984741211,66.8125,64.30686950683594,46617600,0.0,0.0
2019-12-02,66.81749725341797,67.0625,65.86250305175781,66.04000091552734,63.563350677490234,94487200,0.0,0.0
2019-12-03,64.57749938964844,64.88249969482422,64.07250213623047,64.86250305175781,62.42999267578125,114430400,0.0,0.0
2019-12-04,65.26750183105469,65.82749938964844,65.16999816894531,65.43499755859375,62.98103332519531,67181600,0.0,0.0
2019-12-05,65.94750213623047,66.47250366210938,65.68250274658203,66.3949966430664,63.90503692626953,74424400,0.0,0.0
2019-12-06,66.87000274658203,67.75,66.82499694824219,67.67749786376953,65.13943481445312,106075600,0.0,0.0
2019-12-09,67.5,67.69999694824219,66.22750091552734,66.7300033569336,64.22748565673828,128042400,0.0,0.0
2019-12-10,67.1500015258789,67.51750183105469,66.46499633789062,67.12000274658203,64.60285186767578,90420400,0.0,0.0
2019-12-11,67.20249938964844,67.7750015258789,67.125,67.69249725341797,65.15388488769531,78756800,0.0,0.0
2019-12-12,66.94499969482422,68.13999938964844,66.83000183105469,67.86499786376953,65.31990051269531,137310400,0.0,0.0
2019-12-13,67.86499786376953,68.82499694824219,67.73249816894531,68.7874984741211,66.20780944824219,133587600,0.0,0.0
2019-12-16,69.25,70.19750213623047,69.24500274658203,69.96499633789062,67.34114837646484,128186000,0.0,0.0
2019-12-17,69.89250183105469,70.44249725341797,69.69999694824219,70.10250091552734,67.4735107421875,114158400,0.0,0.0
2019-12-18,69.94999694824219,70.4749984741211,69.77999877929688,69.93499755859375,67.31227111816406,116028400,0.0,0.0
2019-12-19,69.875,70.29499816894531,69.73750305175781,70.00499725341797,67.37962341308594,98369200,0.0,0.0
2019-12-20,70.55750274658203,70.6624984741211,69.63999938964844,69.86000061035156,67.24010467529297,275978000,0.0,0.0
2019-12-23,70.13249969482422,71.0625,70.09249877929688,71.0,68.33734130859375,98572000,0.0,0.0
2019-12-24,71.17250061035156,71.22250366210938,70.7300033569336,71.06749725341797,68.40229797363281,48478800,0.0,0.0
2019-12-26,71.20500183105469,72.49500274658203,71.17500305175781,72.47750091552734,69.7594223022461,93121200,0.0,0.0
2019-12-27,72.77999877929688,73.49250030517578,72.02999877929688,72.44999694824219,69.73295593261719,146266000,0.0,0.0
2019-12-30,72.36499786376953,73.17250061035156,71.30500030517578,72.87999725341797,70.14681243896484,144114400,0.0,0.0
2019-12-31,72.48249816894531,73.41999816894531,72.37999725341797,73.4124984741211,70.65934753417969,100805600,0.0,0.0
2020-01-02,74.05999755859375,75.1500015258789,73.79750061035156,75.0875015258789,72.27154541015625,135480400,0.0,0.0
2020-01-03,74.2874984741211,75.1449966430664,74.125,74.35749816894531,71.56890106201172,146322800,0.0,0.0
2020-01-06,73.44750213623047,74.98999786376953,73.1875,74.94999694824219,72.1391830444336,118387200,0.0,0.0
2020-01-07,74.95999908447266,75.2249984741211,74.37000274658203,74.59750366210938,71.7999267578125,108872000,0.0,0.0
2020-01-08,74.29000091552734,76.11000061035156,74.29000091552734,75.79750061035156,72.95491027832031,132079200,0.0,0.0
2020-01-09,76.80999755859375,77.60749816894531,76.55000305175781,77.40750122070312,74.50453186035156,170108400,0.0,0.0
2020-01-10,77.6500015258789,78.1675033569336,77.0625,77.5824966430664,74.67295837402344,140644800,0.0,0.0
2020-01-13,77.91000366210938,79.26750183105469,77.7874984741211,79.23999786376953,76.26830291748047,121532000,0.0,0.0
2020-01-14,79.17500305175781,79.39250183105469,78.0425033569336,78.16999816894531,75.23844146728516,161954400,0.0,0.0
2020-01-15,77.9625015258789,78.875,77.38749694824219,77.83499908447266,74.91600036621094,121923600,0.0,0.0
2020-01-16,78.39749908447266,78.92500305175781,78.02249908447266,78.80999755859375,75.85443878173828,108829200,0.0,0.0
2020-01-17,79.06749725341797,79.68499755859375,78.75,79.68250274658203,76.69420623779297,137816400,0.0,0.0
2020-01-21,79.29750061035156,79.75499725341797,79.0,79.14250183105469,76.1744613647461,110843200,0.0,0.0
2020-01-22,79.6449966430664,79.99749755859375,79.32749938964844,79.42500305175781,76.44636535644531,101832400,0.0,0.0
2020-01-23,79.4800033569336,79.88999938964844,78.9124984741211,79.80750274658203,76.81454467773438,104472000,0.0,0.0
2020-01-24,80.0625,80.8324966430664,79.37999725341797,79.57749938964844,76.59317016601562,146537600,0.0,0.0
2020-01-27,77.51499938964844,77.94249725341797,76.22000122070312,77.23750305175781,74.34090423583984,161940000,0.0,0.0
2020-01-28,78.1500015258789,79.5999984741211,78.04750061035156,79.42250061035156,76.4439697265625,162234000,0.0,0.0
2020-01-29,81.11250305175781,81.9625015258789,80.34500122070312,81.08499908447266,78.04414367675781,216229200,0.0,0.0
2020-01-30,80.13500213623047,81.02249908447266,79.6875,80.96749877929688,77.93102264404297,126743200,0.0,0.0
2020-01-31,80.23249816894531,80.66999816894531,77.07250213623047,77.37750244140625,74.47565460205078,199588400,0.0,0.0
2020-02-03,76.07499694824219,78.37249755859375,75.55500030517578,77.16500091552734,74.27113342285156,173788400,0.0,0.0
2020-02-04,78.82749938964844,79.91000366210938,78.40750122070312,79.7125015258789,76.72309875488281,136616400,0.0,0.0
2020-02-05,80.87999725341797,81.19000244140625,79.73750305175781,80.36250305175781,77.34872436523438,118826800,0.0,0.0
2020-02-06,80.64250183105469,81.30500030517578,80.06500244140625,81.30249786376953,78.25347137451172,105425600,0.0,0.0
2020-02-07,80.59249877929688,80.8499984741211,79.5,80.00749969482422,77.18978881835938,117684000,0.1925,0.0
2020-02-10,78.54499816894531,80.38749694824219,78.4625015258789,80.38749694824219,77.55640411376953,109348800,0.0,0.0
2020-02-11,80.9000015258789,80.9749984741211,79.67749786376953,79.90249633789062,77.08849334716797,94323200,0.0,0.0
2020-02-12,80.36750030517578,81.80500030517578,80.36750030517578,81.80000305175781,78.9191665649414,113730400,0.0,0.0
2020-02-13,81.04750061035156,81.55500030517578,80.8375015258789,81.21749877929688,78.35717010498047,94747600,0.0,0.0
2020-02-14,81.18499755859375,81.49500274658203,80.7125015258789,81.23750305175781,78.3764877319336,80113600,0.0,0.0
2020-02-18,78.83999633789062,79.9375,78.65249633789062,79.75,76.94137573242188,152531200,0.0,0.0
2020-02-19,80.0,81.14250183105469,80.0,80.90499877929688,78.05569458007812,93984000,0.0,0.0
2020-02-20,80.65750122070312,81.1624984741211,79.55249786376953,80.07499694824219,77.25492095947266,100566000,0.0,0.0
2020-02-21,79.65499877929688,80.11250305175781,77.625,78.26249694824219,75.50625610351562,129554000,0.0,0.0
2020-02-24,74.31500244140625,76.04499816894531,72.30750274658203,74.54499816894531,71.91967010498047,222195200,0.0,0.0
2020-02-25,75.23750305175781,75.63249969482422,71.53250122070312,72.0199966430664,69.48359680175781,230673600,0.0,0.0
2020-02-26,71.63249969482422,74.47000122070312,71.625,73.1624984741211,70.58586883544922,198054800,0.0,0.0
2020-02-27,70.2750015258789,71.5,68.23999786376953,68.37999725341797,65.97178649902344,320605600,0.0,0.0
2020-02-28,64.31500244140625,69.60250091552734,64.09249877929688,68.33999633789062,65.9332046508789,426510000,0.0,0.0
2020-03-02,70.56999969482422,75.36000061035156,69.43000030517578,74.70249938964844,72.07160186767578,341397200,0.0,0.0
2020-03-03,75.9175033569336,76.0,71.44999694824219,72.33000183105469,69.78267669677734,319475600,0.0,0.0
2020-03-04,74.11000061035156,75.8499984741211,73.28250122070312,75.68499755859375,73.01952362060547,219178400,0.0,0.0
2020-03-05,73.87999725341797,74.88749694824219,72.85250091552734,73.2300033569336,70.6509780883789,187572800,0.0,0.0
2020-03-06,70.5,72.70500183105469,70.30750274658203,72.25749969482422,69.71273803710938,226176800,0.0,0.0
2020-03-09,65.9375,69.52249908447266,65.75,66.5425033569336,64.19898986816406,286744800,0.0,0.0
2020-03-10,69.28500366210938,71.61000061035156,67.34249877929688,71.33499908447266,68.82272338867188,285290000,0.0,0.0
2020-03-11,69.34750366210938,70.30500030517578,67.96499633789062,68.85749816894531,66.4324722290039,255598800,0.0,0.0
2020-03-12,63.98500061035156,67.5,62.0,62.057498931884766,59.87196731567383,418474000,0.0,0.0
2020-03-13,66.22250366210938,69.9800033569336,63.23749923706055,69.49250030517578,67.04509735107422,370732000,0.0,0.0
2020-03-16,60.48749923706055,64.7699966430664,60.0,60.5525016784668,58.419960021972656,322423600,0.0,0.0
2020-03-17,61.877498626708984,64.40249633789062,59.599998474121094,63.21500015258789,60.98869323730469,324056000,0.0,0.0
2020-03-18,59.942501068115234,62.5,59.279998779296875,61.66749954223633,59.49570083618164,300233600,0.0,0.0
2020-03-19,61.84749984741211,63.209999084472656,60.65250015258789,61.19499969482422,59.039833068847656,271857200,0.0,0.0
2020-03-20,61.79499816894531,62.95750045776367,57.0,57.310001373291016,55.29166793823242,401693200,0.0,0.0
2020-03-23,57.02000045776367,57.125,53.15250015258789,56.092498779296875,54.117034912109375,336752800,0.0,0.0
2020-03-24,59.09000015258789,61.92250061035156,58.57500076293945,61.720001220703125,59.54634475708008,287531200,0.0,0.0
2020-03-25,62.6875,64.5625,61.07500076293945,61.380001068115234,59.21831512451172,303602000,0.0,0.0
2020-03-26,61.630001068115234,64.66999816894531,61.59000015258789,64.61000061035156,62.334537506103516,252087200,0.0,0.0
2020-03-27,63.1875,63.967498779296875,61.76250076293945,61.935001373291016,59.753761291503906,204216800,0.0,0.0
2020-03-30,62.685001373291016,63.880001068115234,62.349998474121094,63.70249938964844,61.459022521972656,167976400,0.0,0.0
2020-03-31,63.900001525878906,65.62249755859375,63.0,63.5724983215332,61.3336067199707,197002000,0.0,0.0
2020-04-01,61.625,62.18000030517578,59.782501220703125,60.227500915527344,58.106407165527344,176218400,0.0,0.0
2020-04-02,60.084999084472656,61.287498474121094,59.224998474121094,61.23249816894531,59.07600784301758,165934000,0.0,0.0
2020-04-03,60.70000076293945,61.42499923706055,59.74250030517578,60.352500915527344,58.22700500488281,129880000,0.0,0.0
2020-04-06,62.724998474121094,65.77749633789062,62.345001220703125,65.61750030517578,63.30656814575195,201820400,0.0,0.0
2020-04-07,67.69999694824219,67.92500305175781,64.75,64.85749816894531,62.57334518432617,202887200,0.0,0.0
2020-04-08,65.68499755859375,66.84249877929688,65.30750274658203,66.51750183105469,64.17486572265625,168895200,0.0,0.0
2020-04-09,67.17500305175781,67.51750183105469,66.17500305175781,66.99749755859375,64.6379623413086,161834800,0.0,0.0
2020-04-13,67.07749938964844,68.42500305175781,66.4574966430664,68.3125,65.90665435791016,131022800,0.0,0.0
2020-04-14,70.0,72.0625,69.51249694824219,71.76249694824219,69.23514556884766,194994800,0.0,0.0
2020-04-15,70.5999984741211,71.5824966430664,70.15750122070312,71.10749816894531,68.60322570800781,131154400,0.0,0.0
2020-04-16,71.84500122070312,72.05000305175781,70.5875015258789,71.67250061035156,69.1483154296875,157125200,0.0,0.0
2020-04-17,71.17250061035156,71.73750305175781,69.21499633789062,70.69999694824219,68.2100830078125,215250000,0.0,0.0
2020-04-20,69.48750305175781,70.41999816894531,69.2125015258789,69.23249816894531,66.79425811767578,130015200,0.0,0.0
2020-04-21,69.06999969482422,69.3125,66.35749816894531,67.09249877929688,64.7296371459961,180991600,0.0,0.0
2020-04-22,68.40249633789062,69.4749984741211,68.05000305175781,69.0250015258789,66.59407806396484,116862400,0.0,0.0
2020-04-23,68.96749877929688,70.4375,68.71749877929688,68.75749969482422,66.33601379394531,124814400,0.0,0.0
2020-04-24,69.30000305175781,70.75250244140625,69.25,70.74250030517578,68.2510986328125,126161200,0.0,0.0
2020-04-27,70.44999694824219,71.13500213623047,69.98750305175781,70.7925033569336,68.29932403564453,117087600,0.0,0.0
2020-04-28,71.2699966430664,71.4574966430664,69.55000305175781,69.6449966430664,67.19220733642578,112004800,0.0,0.0
2020-04-29,71.18250274658203,72.4175033569336,70.97250366210938,71.93250274658203,69.39917755126953,137280800,0.0,0.0
2020-04-30,72.48999786376953,73.63249969482422,72.0875015258789,73.44999694824219,70.86323547363281,183064000,0.0,0.0
2020-05-01,71.5625,74.75,71.4625015258789,72.26750183105469,69.72236633300781,240616800,0.0,0.0
2020-05-04,72.2925033569336,73.42250061035156,71.58000183105469,73.29000091552734,70.70887756347656,133568000,0.0,0.0
2020-05-05,73.76499938964844,75.25,73.61499786376953,74.38999938964844,71.7701416015625,147751200,0.0,0.0
2020-05-06,75.11499786376953,75.80999755859375,74.71749877929688,75.15750122070312,72.51063537597656,142333600,0.0,0.0
2020-05-07,75.80500030517578,76.2925033569336,75.49250030517578,75.93499755859375,73.26070404052734,115215200,0.0,0.0
2020-05-08,76.41000366210938,77.5875015258789,76.07250213623047,77.53250122070312,75.00445556640625,133838400,0.205,0.0
2020-05-11,77.0250015258789,79.26249694824219,76.80999755859375,78.75250244140625,76.1846694946289,145946400,0.0,0.0
2020-05-12,79.4574966430664,79.92250061035156,77.72750091552734,77.85250091552734,75.31401824951172,162301200,0.0,0.0
2020-05-13,78.0374984741211,78.98750305175781,75.80249786376953,76.9124984741211,74.4046401977539,200622400,0.0,0.0
2020-05-14,76.12750244140625,77.44750213623047,75.38249969482422,77.38500213623047,74.86176300048828,158929200,0.0,0.0
2020-05-15,75.0875015258789,76.9749984741211,75.05249786376953,76.92749786376953,74.41917419433594,166348400,0.0,0.0
2020-05-18,78.2925033569336,79.125,77.58000183105469,78.73999786376953,76.17256927490234,135178400,0.0,0.0
2020-05-19,78.75749969482422,79.62999725341797,78.25250244140625,78.28500366210938,75.73240661621094,101729600,0.0,0.0
2020-05-20,79.16999816894531,79.87999725341797,79.12999725341797,79.80750274658203,77.20527648925781,111504800,0.0,0.0
2020-05-21,79.66500091552734,80.22250366210938,78.96749877929688,79.2125015258789,76.6296615600586,102688800,0.0,0.0
2020-05-22,78.94249725341797,79.80750274658203,78.8375015258789,79.72250366210938,77.123046875,81803200,0.0,0.0
2020-05-26,80.875,81.05999755859375,79.125,79.18250274658203,76.60063934326172,125522000,0.0,0.0
2020-05-27,79.03500366210938,79.67749786376953,78.27249908447266,79.52749633789062,76.93438720703125,112945200,0.0,0.0
2020-05-28,79.19249725341797,80.86000061035156,78.90750122070312,79.5625,76.96824645996094,133560800,0.0,0.0
2020-05-29,79.8125,80.2874984741211,79.11750030517578,79.48500061035156,76.89330291748047,153532400,0.0,0.0
2020-06-01,79.4375,80.5875015258789,79.30249786376953,80.4625015258789,77.83889770507812,80791200,0.0,0.0
2020-06-02,80.1875,80.86000061035156,79.73249816894531,80.83499908447266,78.1992416381836,87642800,0.0,0.0
2020-06-03,81.16500091552734,81.55000305175781,80.57499694824219,81.27999877929688,78.62976837158203,104491200,0.0,0.0
2020-06-04,81.09750366210938,81.40499877929688,80.19499969482422,80.58000183105469,77.95258331298828,87560400,0.0,0.0
2020-06-05,80.8375015258789,82.9375,80.80750274658203,82.875,80.1727294921875,137250400,0.0,0.0
2020-06-08,82.5625,83.4000015258789,81.83000183105469,83.36499786376953,80.64675903320312,95654400,0.0,0.0
2020-06-09,83.03500366210938,86.40249633789062,83.00250244140625,85.99749755859375,83.19342803955078,147712400,0.0,0.0
2020-06-10,86.9749984741211,88.69249725341797,86.52249908447266,88.20999908447266,85.33377838134766,166651600,0.0,0.0
2020-06-11,87.32749938964844,87.76499938964844,83.87000274658203,83.9749984741211,81.23689270019531,201662400,0.0,0.0
2020-06-12,86.18000030517578,86.94999694824219,83.55500030517578,84.69999694824219,81.93824005126953,200146000,0.0,0.0
2020-06-15,83.3125,86.41999816894531,83.1449966430664,85.74749755859375,82.95159149169922,138808800,0.0,0.0
2020-06-16,87.86499786376953,88.30000305175781,86.18000030517578,88.0199966430664,85.14999389648438,165428800,0.0,0.0
2020-06-17,88.7874984741211,88.8499984741211,87.77249908447266,87.89749908447266,85.0314712524414,114406400,0.0,0.0
2020-06-18,87.85250091552734,88.36250305175781,87.30500030517578,87.93250274658203,85.06533813476562,96820400,0.0,0.0
2020-06-19,88.66000366210938,89.13999938964844,86.2874984741211,87.43000030517578,84.5792236328125,264476000,0.0,0.0
2020-06-22,87.83499908447266,89.86499786376953,87.7874984741211,89.71749877929688,86.79214477539062,135445200,0.0,0.0
2020-06-23,91.0,93.09500122070312,90.56749725341797,91.63249969482422,88.64469146728516,212155600,0.0,0.0
2020-06-24,91.25,92.19750213623047,89.62999725341797,90.01499938964844,87.07994079589844,192623200,0.0,0.0
2020-06-25,90.17500305175781,91.25,89.39250183105469,91.20999908447266,88.23599243164062,137522400,0.0,0.0
2020-06-26,91.10250091552734,91.33000183105469,88.25499725341797,88.40750122070312,85.52484130859375,205256800,0.0,0.0
2020-06-29,88.3125,90.5425033569336,87.81999969482422,90.44499969482422,87.49591827392578,130646000,0.0,0.0
2020-06-30,90.0199966430664,91.49500274658203,90.0,91.19999694824219,88.22628784179688,140223200,0.0,0.0
2020-07-01,91.27999877929688,91.83999633789062,90.97750091552734,91.02749633789062,88.0594253540039,110737200,0.0,0.0
2020-07-02,91.9625015258789,92.61750030517578,90.91000366210938,91.02749633789062,88.0594253540039,114041600,0.0,0.0
2020-07-06,92.5,93.94499969482422,92.46749877929688,93.4625015258789,90.4150161743164,118655600,0.0,0.0
2020-07-07,93.85250091552734,94.65499877929688,93.05750274658203,93.17250061035156,90.13448333740234,112424400,0.0,0.0
2020-07-08,94.18000030517578,95.375,94.08999633789062,95.34249877929688,92.23373413085938,117092000,0.0,0.0
2020-07-09,96.26249694824219,96.31749725341797,94.67250061035156,95.75250244140625,92.6303482055664,125642800,0.0,0.0
2020-07-10,95.33499908447266,95.9800033569336,94.70500183105469,95.91999816894531,92.79238891601562,90257200,0.0,0.0
2020-07-13,97.26499938964844,99.95500183105469,95.25749969482422,95.47750091552734,92.36434173583984,191649200,0.0,0.0
2020-07-14,94.83999633789062,97.25499725341797,93.87750244140625,97.05750274658203,93.89280700683594,170989200,0.0,0.0
2020-07-15,98.98999786376953,99.24749755859375,96.48999786376953,97.7249984741211,94.53854370117188,153198000,0.0,0.0
2020-07-16,96.5625,97.40499877929688,95.90499877929688,96.52249908447266,93.3752212524414,110577600,0.0,0.0
2020-07-17,96.98750305175781,97.14749908447266,95.83999633789062,96.32749938964844,93.1866226196289,92186800,0.0,0.0
2020-07-20,96.4175033569336,98.5,96.0625,98.35749816894531,95.15040588378906,90318000,0.0,0.0
2020-07-21,99.17250061035156,99.25,96.74250030517578,97.0,93.83717346191406,103433200,0.0,0.0
2020-07-22,96.69249725341797,97.9749984741211,96.60250091552734,97.27249908447266,94.10079193115234,89001600,0.0,0.0
2020-07-23,96.99749755859375,97.07749938964844,92.01000213623047,92.84500122070312,89.81765747070312,197004400,0.0,0.0
2020-07-24,90.98750305175781,92.97000122070312,89.1449966430664,92.61499786376953,89.59516906738281,185438800,0.0,0.0
2020-07-27,93.70999908447266,94.90499877929688,93.4800033569336,94.80999755859375,91.71856689453125,121214000,0.0,0.0
2020-07-28,94.36750030517578,94.55000305175781,93.24749755859375,93.25250244140625,90.21187591552734,103625600,0.0,0.0
2020-07-29,93.75,95.2300033569336,93.7125015258789,95.04000091552734,91.94108581542969,90329200,0.0,0.0
2020-07-30,94.1875,96.29750061035156,93.76750183105469,96.19000244140625,93.0535888671875,158130000,0.0,0.0
2020-07-31,102.88500213623047,106.41500091552734,100.82499694824219,106.26000213623047,102.79525756835938,374336800,0.0,0.0
2020-08-03,108.19999694824219,111.63749694824219,107.89250183105469,108.9375,105.38542175292969,308151200,0.0,0.0
2020-08-04,109.13249969482422,110.79000091552734,108.38749694824219,109.66500091552734,106.08922576904297,173071600,0.0,0.0
2020-08-05,109.37750244140625,110.39250183105469,108.89749908447266,110.0625,106.4737548828125,121776800,0.0,0.0
2020-08-06,110.40499877929688,114.4124984741211,109.79750061035156,113.90249633789062,110.18854522705078,202428800,0.0,0.0
2020-08-07,113.20500183105469,113.67500305175781,110.2925033569336,111.11250305175781,107.68333435058594,198045600,0.205,0.0
2020-08-10,112.5999984741211,113.7750015258789,110.0,112.72750091552734,109.24848937988281,212403600,0.0,0.0
2020-08-11,111.97000122070312,112.48249816894531,109.10749816894531,109.375,105.99943542480469,187902400,0.0,0.0
2020-08-12,110.49749755859375,113.2750015258789,110.29750061035156,113.01000213623047,109.52227783203125,165598000,0.0,0.0
2020-08-13,114.43000030517578,116.0425033569336,113.92749786376953,115.01000213623047,111.46054077148438,210082000,0.0,0.0
2020-08-14,114.83000183105469,115.0,113.04499816894531,114.90750122070312,111.3612060546875,165565200,0.0,0.0
2020-08-17,116.0625,116.0875015258789,113.9625015258789,114.60749816894531,111.07047271728516,119561600,0.0,0.0
2020-08-18,114.35250091552734,116.0,114.00749969482422,115.5625,111.9959945678711,105633600,0.0,0.0
2020-08-19,115.98249816894531,117.1624984741211,115.61000061035156,115.7074966430664,112.13648986816406,145538000,0.0,0.0
2020-08-20,115.75,118.39250183105469,115.73249816894531,118.2750015258789,114.62478637695312,126907200,0.0,0.0
2020-08-21,119.26249694824219,124.86750030517578,119.25,124.37000274658203,120.53166961669922,338054800,0.0,0.0
2020-08-24,128.69749450683594,128.78500366210938,123.9375,125.85749816894531,121.97325897216797,345937600,0.0,0.0
2020-08-25,124.69750213623047,125.18000030517578,123.05249786376953,124.82499694824219,120.97264862060547,211495600,0.0,0.0
2020-08-26,126.18000030517578,126.99250030517578,125.0824966430664,126.52249908447266,122.61772918701172,163022400,0.0,0.0
2020-08-27,127.14250183105469,127.48500061035156,123.8324966430664,125.01000213623047,121.15193176269531,155552400,0.0,0.0
2020-08-28,126.01249694824219,126.44249725341797,124.57749938964844,124.80750274658203,120.9556655883789,187630000,0.0,0.0
2020-08-31,127.58000183105469,131.0,126.0,129.0399932861328,125.05754089355469,225702700,0.0,4.0
2020-09-01,132.75999450683594,134.8000030517578,130.52999877929688,134.17999267578125,130.0389404296875,151948100,0.0,0.0
2020-09-02,137.58999633789062,137.97999572753906,127.0,131.39999389648438,127.34469604492188,200119000,0.0,0.0
2020-09-03,126.91000366210938,128.83999633789062,120.5,120.87999725341797,117.14935302734375,257599600,0.0,0.0
2020-09-04,120.06999969482422,123.69999694824219,110.88999938964844,120.95999908447266,117.22689819335938,332607200,0.0,0.0
2020-09-08,113.94999694824219,118.98999786376953,112.68000030517578,112.81999969482422,109.33812713623047,231366600,0.0,0.0
2020-09-09,117.26000213623047,119.13999938964844,115.26000213623047,117.31999969482422,113.6992416381836,176940500,0.0,0.0
2020-09-10,120.36000061035156,120.5,112.5,113.48999786376953,109.98743438720703,182274400,0.0,0.0
2020-09-11,114.56999969482422,115.2300033569336,110.0,112.0,108.54341888427734,180860300,0.0,0.0
2020-09-14,114.72000122070312,115.93000030517578,112.80000305175781,115.36000061035156,111.79974365234375,140150100,0.0,0.0
2020-09-15,118.33000183105469,118.83000183105469,113.61000061035156,115.54000091552734,111.97416687011719,184642000,0.0,0.0
2020-09-16,115.2300033569336,116.0,112.04000091552734,112.12999725341797,108.66941833496094,154679000,0.0,0.0
2020-09-17,109.72000122070312,112.19999694824219,108.70999908447266,110.33999633789062,106.93465423583984,178011000,0.0,0.0
2020-09-18,110.4000015258789,110.87999725341797,106.08999633789062,106.83999633789062,103.54268646240234,287104900,0.0,0.0
2020-09-21,104.54000091552734,110.19000244140625,103.0999984741211,110.08000183105469,106.68269348144531,195713800,0.0,0.0
2020-09-22,112.68000030517578,112.86000061035156,109.16000366210938,111.80999755859375,108.35929870605469,183055400,0.0,0.0
2020-09-23,111.62000274658203,112.11000061035156,106.7699966430664,107.12000274658203,103.81403350830078,150718700,0.0,0.0
2020-09-24,105.16999816894531,110.25,105.0,108.22000122070312,104.88009643554688,167743300,0.0,0.0
2020-09-25,108.43000030517578,112.44000244140625,107.66999816894531,112.27999877929688,108.81478118896484,149981400,0.0,0.0
2020-09-28,115.01000213623047,115.31999969482422,112.77999877929688,114.95999908447266,111.41209411621094,137672400,0.0,0.0
2020-09-29,114.55000305175781,115.30999755859375,113.56999969482422,114.08999633789062,110.56893157958984,99382200,0.0,0.0
2020-09-30,113.79000091552734,117.26000213623047,113.62000274658203,115.80999755859375,112.23587036132812,142675200,0.0,0.0
2020-10-01,117.63999938964844,117.72000122070312,115.83000183105469,116.79000091552734,113.18560791015625,116120400,0.0,0.0
2020-10-02,112.88999938964844,115.37000274658203,112.22000122070312,113.0199966430664,109.53193664550781,144712000,0.0,0.0
2020-10-05,113.91000366210938,116.6500015258789,113.55000305175781,116.5,112.90455627441406,106243800,0.0,0.0
2020-10-06,115.69999694824219,116.12000274658203,112.25,113.16000366210938,109.66764068603516,161498200,0.0,0.0
2020-10-07,114.62000274658203,115.55000305175781,114.12999725341797,115.08000183105469,111.52837371826172,96849000,0.0,0.0
2020-10-08,116.25,116.4000015258789,114.58999633789062,114.97000122070312,111.4217758178711,83477200,0.0,0.0
2020-10-09,115.27999877929688,117.0,114.91999816894531,116.97000122070312,113.36004638671875,100506900,0.0,0.0
2020-10-12,120.05999755859375,125.18000030517578,119.27999877929688,124.4000015258789,120.56072998046875,240226800,0.0,0.0
2020-10-13,125.2699966430664,125.38999938964844,119.6500015258789,121.0999984741211,117.36258697509766,262330500,0.0,0.0
2020-10-14,121.0,123.02999877929688,119.62000274658203,121.19000244140625,117.44982147216797,150712000,0.0,0.0
2020-10-15,118.72000122070312,121.19999694824219,118.1500015258789,120.70999908447266,116.984619140625,112559200,0.0,0.0
2020-10-16,121.27999877929688,121.55000305175781,118.80999755859375,119.0199966430664,115.3468017578125,115393800,0.0,0.0
2020-10-19,119.95999908447266,120.41999816894531,115.66000366210938,115.9800033569336,112.4006118774414,120639300,0.0,0.0
2020-10-20,116.19999694824219,118.9800033569336,115.62999725341797,117.51000213623047,113.88337707519531,124423700,0.0,0.0
2020-10-21,116.66999816894531,118.70999908447266,116.44999694824219,116.87000274658203,113.26315307617188,89946000,0.0,0.0
2020-10-22,117.44999694824219,118.04000091552734,114.58999633789062,115.75,112.17769622802734,101988000,0.0,0.0
2020-10-23,116.38999938964844,116.55000305175781,114.27999877929688,115.04000091552734,111.4896240234375,82572600,0.0,0.0
2020-10-26,114.01000213623047,116.55000305175781,112.87999725341797,115.05000305175781,111.49931335449219,111850700,0.0,0.0
2020-10-27,115.48999786376953,117.27999877929688,114.54000091552734,116.5999984741211,113.00145721435547,92276800,0.0,0.0
2020-10-28,115.05000305175781,115.43000030517578,111.0999984741211,111.19999694824219,107.76811981201172,143937800,0.0,0.0
2020-10-29,112.37000274658203,116.93000030517578,112.19999694824219,115.31999969482422,111.76097869873047,146129200,0.0,0.0
2020-10-30,111.05999755859375,111.98999786376953,107.72000122070312,108.86000061035156,105.5003433227539,190272600,0.0,0.0
2020-11-02,109.11000061035156,110.68000030517578,107.31999969482422,108.7699966430664,105.41310119628906,122866900,0.0,0.0
2020-11-03,109.66000366210938,111.48999786376953,108.7300033569336,110.44000244140625,107.03158569335938,107624400,0.0,0.0
2020-11-04,114.13999938964844,115.58999633789062,112.3499984741211,114.94999694824219,111.40238189697266,138235500,0.0,0.0
2020-11-05,117.94999694824219,119.62000274658203,116.87000274658203,119.02999877929688,115.35647583007812,126387100,0.0,0.0
2020-11-06,118.31999969482422,119.19999694824219,116.12999725341797,118.69000244140625,115.22543334960938,114457900,0.205,0.0
2020-11-09,120.5,121.98999786376953,116.05000305175781,116.31999969482422,112.92459869384766,154515300,0.0,0.0
2020-11-10,115.55000305175781,117.58999633789062,114.12999725341797,115.97000122070312,112.58482360839844,138023400,0.0,0.0
2020-11-11,117.19000244140625,119.62999725341797,116.44000244140625,119.48999786376953,116.00204467773438,112295000,0.0,0.0
2020-11-12,119.62000274658203,120.52999877929688,118.56999969482422,119.20999908447266,115.73023223876953,103162300,0.0,0.0
2020-11-13,119.44000244140625,119.66999816894531,117.87000274658203,119.26000213623047,115.77877807617188,81581900,0.0,0.0
2020-11-16,118.91999816894531,120.98999786376953,118.1500015258789,120.30000305175781,116.78843688964844,91183000,0.0,0.0
2020-11-17,119.55000305175781,120.66999816894531,118.95999908447266,119.38999938964844,115.90499114990234,74271000,0.0,0.0
2020-11-18,118.61000061035156,119.81999969482422,118.0,118.02999877929688,114.58467102050781,76322100,0.0,0.0
2020-11-19,117.58999633789062,119.05999755859375,116.80999755859375,118.63999938964844,115.17688751220703,74113000,0.0,0.0
2020-11-20,118.63999938964844,118.7699966430664,117.29000091552734,117.33999633789062,113.91480255126953,73604300,0.0,0.0
2020-11-23,117.18000030517578,117.62000274658203,113.75,113.8499984741211,110.52671813964844,127959300,0.0,0.0
2020-11-24,113.91000366210938,115.8499984741211,112.58999633789062,115.16999816894531,111.80815887451172,113874200,0.0,0.0
2020-11-25,115.55000305175781,116.75,115.16999816894531,116.02999877929688,112.64305114746094,76499200,0.0,0.0
2020-11-27,116.56999969482422,117.48999786376953,116.22000122070312,116.58999633789062,113.18671417236328,46691300,0.0,0.0
2020-11-30,116.97000122070312,120.97000122070312,116.80999755859375,119.05000305175781,115.57491302490234,169410200,0.0,0.0
2020-12-01,121.01000213623047,123.47000122070312,120.01000213623047,122.72000122070312,119.13777160644531,127728200,0.0,0.0
2020-12-02,122.0199966430664,123.37000274658203,120.88999938964844,123.08000183105469,119.48727416992188,89004200,0.0,0.0
2020-12-03,123.5199966430664,123.77999877929688,122.20999908447266,122.94000244140625,119.35135650634766,78967600,0.0,0.0
2020-12-04,122.5999984741211,122.86000061035156,121.5199966430664,122.25,118.68151092529297,78260400,0.0,0.0
2020-12-07,122.30999755859375,124.56999969482422,122.25,123.75,120.1376953125,86712000,0.0,0.0
2020-12-08,124.37000274658203,124.9800033569336,123.08999633789062,124.37999725341797,120.74932861328125,82225500,0.0,0.0
2020-12-09,124.52999877929688,125.94999694824219,121.0,121.77999877929688,118.22520446777344,115089200,0.0,0.0
2020-12-10,120.5,123.87000274658203,120.1500015258789,123.23999786376953,119.6426010131836,81312200,0.0,0.0
2020-12-11,122.43000030517578,122.76000213623047,120.55000305175781,122.41000366210938,118.8368148803711,86939800,0.0,0.0
2020-12-14,122.5999984741211,123.3499984741211,121.54000091552734,121.77999877929688,118.22520446777344,79184500,0.0,0.0
2020-12-15,124.33999633789062,127.9000015258789,124.12999725341797,127.87999725341797,124.14716339111328,157243700,0.0,0.0
2020-12-16,127.41000366210938,128.3699951171875,126.55999755859375,127.80999755859375,124.07919311523438,98208600,0.0,0.0
2020-12-17,128.89999389648438,129.5800018310547,128.0399932861328,128.6999969482422,124.94322967529297,94359800,0.0,0.0
2020-12-18,128.9600067138672,129.10000610351562,126.12000274658203,126.66000366210938,122.96278381347656,192541500,0.0,0.0
2020-12-21,125.0199966430664,128.30999755859375,123.44999694824219,128.22999572753906,124.48694610595703,121251600,0.0,0.0
2020-12-22,131.61000061035156,134.41000366210938,129.64999389648438,131.8800048828125,128.0304412841797,168904800,0.0,0.0
2020-12-23,132.16000366210938,132.42999267578125,130.77999877929688,130.9600067138672,127.13725280761719,88223700,0.0,0.0
2020-12-24,131.32000732421875,133.4600067138672,131.10000610351562,131.97000122070312,128.1177978515625,54930100,0.0,0.0
2020-12-28,133.99000549316406,137.33999633789062,133.50999450683594,136.69000244140625,132.69993591308594,124486200,0.0,0.0
2020-12-29,138.0500030517578,138.7899932861328,134.33999633789062,134.8699951171875,130.93312072753906,121047300,0.0,0.0
2020-12-30,135.5800018310547,135.99000549316406,133.39999389648438,133.72000122070312,129.8166961669922,96452100,0.0,0.0
2020-12-31,134.0800018310547,134.74000549316406,131.72000122070312,132.69000244140625,128.8167724609375,99116600,0.0,0.0
2021-01-04,133.52000427246094,133.61000061035156,126.76000213623047,129.41000366210938,125.63250732421875,143301900,0.0,0.0
2021-01-05,128.88999938964844,131.74000549316406,128.42999267578125,131.00999450683594,127.18578338623047,97664900,0.0,0.0
2021-01-06,127.72000122070312,131.0500030517578,126.37999725341797,126.5999984741211,122.90450286865234,155088000,0.0,0.0
2021-01-07,128.36000061035156,131.6300048828125,127.86000061035156,130.9199981689453,127.0984115600586,109578200,0.0,0.0
2021-01-08,132.42999267578125,132.6300048828125,130.22999572753906,132.0500030517578,128.19544982910156,105158200,0.0,0.0
2021-01-11,129.19000244140625,130.1699981689453,128.5,128.97999572753906,125.21504211425781,100384500,0.0,0.0
2021-01-12,128.5,129.69000244140625,126.86000061035156,128.8000030517578,125.04029846191406,91951100,0.0,0.0
2021-01-13,128.75999450683594,131.4499969482422,128.49000549316406,130.88999938964844,127.06928253173828,88636800,0.0,0.0
2021-01-14,130.8000030517578,131.0,128.75999450683594,128.91000366210938,125.14708709716797,90221800,0.0,0.0
2021-01-15,128.77999877929688,130.22000122070312,127.0,127.13999938964844,123.42876434326172,111598500,0.0,0.0
2021-01-19,127.77999877929688,128.7100067138672,126.94000244140625,127.83000183105469,124.0986099243164,90757300,0.0,0.0
2021-01-20,128.66000366210938,132.49000549316406,128.5500030517578,132.02999877929688,128.17599487304688,104319500,0.0,0.0
2021-01-21,133.8000030517578,139.6699981689453,133.58999633789062,136.8699951171875,132.87469482421875,120150900,0.0,0.0
2021-01-22,136.27999877929688,139.85000610351562,135.02000427246094,139.07000732421875,135.01052856445312,114459400,0.0,0.0
2021-01-25,143.07000732421875,145.08999633789062,136.5399932861328,142.9199981689453,138.74815368652344,157611700,0.0,0.0
2021-01-26,143.60000610351562,144.3000030517578,141.3699951171875,143.16000366210938,138.98110961914062,98390600,0.0,0.0
2021-01-27,143.42999267578125,144.3000030517578,140.41000366210938,142.05999755859375,137.9132537841797,140843800,0.0,0.0
2021-01-28,139.52000427246094,141.99000549316406,136.6999969482422,137.08999633789062,133.08831787109375,142621100,0.0,0.0
2021-01-29,135.8300018310547,136.74000549316406,130.2100067138672,131.9600067138672,128.1080780029297,177523800,0.0,0.0
2021-02-01,133.75,135.3800048828125,130.92999267578125,134.13999938964844,130.2244415283203,106239800,0.0,0.0
2021-02-02,135.72999572753906,136.30999755859375,134.61000061035156,134.99000549316406,131.0496063232422,83305400,0.0,0.0
2021-02-03,135.75999450683594,135.77000427246094,133.61000061035156,133.94000244140625,130.0302734375,89880900,0.0,0.0
2021-02-04,136.3000030517578,137.39999389648438,134.58999633789062,137.38999938964844,133.3795623779297,84183100,0.0,0.0
2021-02-05,137.35000610351562,137.4199981689453,135.86000061035156,136.75999450683594,132.9663543701172,75693800,0.205,0.0
2021-02-08,136.02999877929688,136.9600067138672,134.9199981689453,136.91000366210938,133.11221313476562,71297200,0.0,0.0
2021-02-09,136.6199951171875,137.8800048828125,135.85000610351562,136.00999450683594,132.23715209960938,76774200,0.0,0.0
2021-02-10,136.47999572753906,136.99000549316406,134.39999389648438,135.38999938964844,131.63433837890625,73046600,0.0,0.0
2021-02-11,135.89999389648438,136.38999938964844,133.77000427246094,135.1300048828125,131.38157653808594,64280000,0.0,0.0
2021-02-12,134.35000610351562,135.52999877929688,133.69000244140625,135.3699951171875,131.61489868164062,60145100,0.0,0.0
2021-02-16,135.49000549316406,136.00999450683594,132.7899932861328,133.19000244140625,129.49537658691406,80576300,0.0,0.0
2021-02-17,131.25,132.22000122070312,129.47000122070312,130.83999633789062,127.21055603027344,97918500,0.0,0.0
2021-02-18,129.1999969482422,130.0,127.41000366210938,129.7100067138672,126.1119155883789,96856700,0.0,0.0
2021-02-19,130.24000549316406,130.7100067138672,128.8000030517578,129.8699951171875,126.26747131347656,87668800,0.0,0.0
2021-02-22,128.00999450683594,129.72000122070312,125.5999984741211,126.0,122.50483703613281,103916400,0.0,0.0
2021-02-23,123.76000213623047,126.70999908447266,118.38999938964844,125.86000061035156,122.36869049072266,158273000,0.0,0.0
2021-02-24,124.94000244140625,125.55999755859375,122.2300033569336,125.3499984741211,121.87284088134766,111039900,0.0,0.0
2021-02-25,124.68000030517578,126.45999908447266,120.54000091552734,120.98999786376953,117.63379669189453,148199500,0.0,0.0
2021-02-26,122.58999633789062,124.8499984741211,121.19999694824219,121.26000213623047,117.89630126953125,164560400,0.0,0.0
2021-03-01,123.75,127.93000030517578,122.79000091552734,127.79000091552734,124.24517059326172,116307900,0.0,0.0
2021-03-02,128.41000366210938,128.72000122070312,125.01000213623047,125.12000274658203,121.64923858642578,102260900,0.0,0.0
2021-03-03,124.80999755859375,125.70999908447266,121.83999633789062,122.05999755859375,118.67411804199219,112966300,0.0,0.0
2021-03-04,121.75,123.5999984741211,118.62000274658203,120.12999725341797,116.79763793945312,178155000,0.0,0.0
2021-03-05,120.9800033569336,121.94000244140625,117.56999969482422,121.41999816894531,118.05187225341797,153766600,0.0,0.0
2021-03-08,120.93000030517578,121.0,116.20999908447266,116.36000061035156,113.1322250366211,154376600,0.0,0.0
2021-03-09,119.02999877929688,122.05999755859375,118.79000091552734,121.08999633789062,117.73101043701172,129525800,0.0,0.0
2021-03-10,121.69000244140625,122.16999816894531,119.44999694824219,119.9800033569336,116.65181732177734,111943300,0.0,0.0
2021-03-11,122.54000091552734,123.20999908447266,121.26000213623047,121.95999908447266,118.57689666748047,103026500,0.0,0.0
2021-03-12,120.4000015258789,121.16999816894531,119.16000366210938,121.02999877929688,117.67269134521484,88105100,0.0,0.0
2021-03-15,121.41000366210938,124.0,120.41999816894531,123.98999786376953,120.55059051513672,92403800,0.0,0.0
2021-03-16,125.69999694824219,127.22000122070312,124.72000122070312,125.56999969482422,122.08674621582031,115227900,0.0,0.0
2021-03-17,124.05000305175781,125.86000061035156,122.33999633789062,124.76000213623047,121.29922485351562,111932600,0.0,0.0
2021-03-18,122.87999725341797,123.18000030517578,120.31999969482422,120.52999877929688,117.18653869628906,121229700,0.0,0.0
2021-03-19,119.9000015258789,121.43000030517578,119.68000030517578,119.98999786376953,116.66154479980469,185549500,0.0,0.0
2021-03-22,120.33000183105469,123.87000274658203,120.26000213623047,123.38999938964844,119.96722412109375,111912300,0.0,0.0
2021-03-23,123.33000183105469,124.23999786376953,122.13999938964844,122.54000091552734,119.14079284667969,95467100,0.0,0.0
2021-03-24,122.81999969482422,122.9000015258789,120.06999969482422,120.08999633789062,116.7587661743164,88530500,0.0,0.0
2021-03-25,119.54000091552734,121.66000366210938,119.0,120.58999633789062,117.24488830566406,98844700,0.0,0.0
2021-03-26,120.3499984741211,121.4800033569336,118.91999816894531,121.20999908447266,117.84768676757812,94071200,0.0,0.0
2021-03-29,121.6500015258789,122.58000183105469,120.7300033569336,121.38999938964844,118.02271270751953,80819200,0.0,0.0
2021-03-30,120.11000061035156,120.4000015258789,118.86000061035156,119.9000015258789,116.57402801513672,85671900,0.0,0.0
2021-03-31,121.6500015258789,123.5199966430664,121.1500015258789,122.1500015258789,118.76164245605469,118323800,0.0,0.0
2021-04-01,123.66000366210938,124.18000030517578,122.48999786376953,123.0,119.58802795410156,75089100,0.0,0.0
2021-04-05,123.87000274658203,126.16000366210938,123.06999969482422,125.9000015258789,122.40760040283203,88651200,0.0,0.0
2021-04-06,126.5,127.12999725341797,125.6500015258789,126.20999908447266,122.7090072631836,80171300,0.0,0.0
2021-04-07,125.83000183105469,127.91999816894531,125.13999938964844,127.9000015258789,124.35211944580078,83466700,0.0,0.0
2021-04-08,128.9499969482422,130.38999938964844,128.52000427246094,130.36000061035156,126.74385833740234,88844600,0.0,0.0
2021-04-09,129.8000030517578,133.0399932861328,129.47000122070312,133.0,129.3106689453125,106686700,0.0,0.0
2021-04-12,132.52000427246094,132.85000610351562,130.6300048828125,131.24000549316406,127.59949493408203,91420000,0.0,0.0
2021-04-13,132.44000244140625,134.66000366210938,131.92999267578125,134.42999267578125,130.70098876953125,91266500,0.0,0.0
2021-04-14,134.94000244140625,135.0,131.66000366210938,132.02999877929688,128.36752319335938,87222800,0.0,0.0
2021-04-15,133.82000732421875,135.0,133.63999938964844,134.5,130.76902770996094,89347100,0.0,0.0
2021-04-16,134.3000030517578,134.6699981689453,133.27999877929688,134.16000366210938,130.43846130371094,84922400,0.0,0.0
2021-04-19,133.50999450683594,135.47000122070312,133.33999633789062,134.83999633789062,131.099609375,94264200,0.0,0.0
2021-04-20,135.02000427246094,135.52999877929688,131.80999755859375,133.11000061035156,129.41758728027344,94812300,0.0,0.0
2021-04-21,132.36000061035156,133.75,131.3000030517578,133.5,129.7967529296875,68847100,0.0,0.0
2021-04-22,133.0399932861328,134.14999389648438,131.41000366210938,131.94000244140625,128.280029296875,84566500,0.0,0.0
2021-04-23,132.16000366210938,135.1199951171875,132.16000366210938,134.32000732421875,130.59402465820312,78657500,0.0,0.0
2021-04-26,134.8300018310547,135.05999755859375,133.55999755859375,134.72000122070312,130.98292541503906,66905100,0.0,0.0
2021-04-27,135.00999450683594,135.41000366210938,134.11000061035156,134.38999938964844,130.6620635986328,66015800,0.0,0.0
2021-04-28,134.30999755859375,135.02000427246094,133.0800018310547,133.5800018310547,129.87457275390625,107760100,0.0,0.0
2021-04-29,136.47000122070312,137.07000732421875,132.4499969482422,133.47999572753906,129.77731323242188,151101000,0.0,0.0
2021-04-30,131.77999877929688,133.55999755859375,131.07000732421875,131.4600067138672,127.81336212158203,109839500,0.0,0.0
2021-05-03,132.0399932861328,134.07000732421875,131.8300018310547,132.5399932861328,128.86338806152344,75135100,0.0,0.0
2021-05-04,131.19000244140625,131.49000549316406,126.69999694824219,127.8499984741211,124.30349731445312,137564700,0.0,0.0
2021-05-05,129.1999969482422,130.4499969482422,127.97000122070312,128.10000610351562,124.54658508300781,84000900,0.0,0.0
2021-05-06,127.88999938964844,129.75,127.12999725341797,129.74000549316406,126.1410903930664,78128300,0.0,0.0
2021-05-07,130.85000610351562,131.25999450683594,129.47999572753906,130.2100067138672,126.8130874633789,78973300,0.22,0.0
2021-05-10,129.41000366210938,129.5399932861328,126.80999755859375,126.8499984741211,123.54072570800781,88071200,0.0,0.0
2021-05-11,123.5,126.2699966430664,122.7699966430664,125.91000366210938,122.62525939941406,126142800,0.0,0.0
2021-05-12,123.4000015258789,124.63999938964844,122.25,122.7699966430664,119.56714630126953,112172300,0.0,0.0
2021-05-13,124.58000183105469,126.1500015258789,124.26000213623047,124.97000122070312,121.70979309082031,105861300,0.0,0.0
2021-05-14,126.25,127.88999938964844,125.8499984741211,127.44999694824219,124.12507629394531,81918000,0.0,0.0
2021-05-17,126.81999969482422,126.93000030517578,125.16999816894531,126.2699966430664,122.97586822509766,74244600,0.0,0.0
2021-05-18,126.55999755859375,126.98999786376953,124.77999877929688,124.8499984741211,121.59291076660156,63342900,0.0,0.0
2021-05-19,123.16000366210938,124.91999816894531,122.86000061035156,124.69000244140625,121.43708801269531,92612000,0.0,0.0
2021-05-20,125.2300033569336,127.72000122070312,125.0999984741211,127.30999755859375,123.98870849609375,76857100,0.0,0.0
2021-05-21,127.81999969482422,128.0,125.20999908447266,125.43000030517578,122.15777587890625,79295400,0.0,0.0
2021-05-24,126.01000213623047,127.94000244140625,125.94000244140625,127.0999984741211,123.78421783447266,63092900,0.0,0.0
2021-05-25,127.81999969482422,128.32000732421875,126.31999969482422,126.9000015258789,123.58941650390625,72009500,0.0,0.0
2021-05-26,126.95999908447266,127.38999938964844,126.41999816894531,126.8499984741211,123.54072570800781,56575900,0.0,0.0
2021-05-27,126.44000244140625,127.63999938964844,125.08000183105469,125.27999877929688,122.0116958618164,94625600,0.0,0.0
2021-05-28,125.56999969482422,125.80000305175781,124.55000305175781,124.61000061035156,121.35918426513672,71311100,0.0,0.0
2021-06-01,125.08000183105469,125.3499984741211,123.94000244140625,124.27999877929688,121.03777313232422,67637100,0.0,0.0
2021-06-02,124.27999877929688,125.23999786376953,124.05000305175781,125.05999755859375,121.79742431640625,59278900,0.0,0.0
2021-06-03,124.68000030517578,124.8499984741211,123.12999725341797,123.54000091552734,120.31707763671875,76229200,0.0,0.0
2021-06-04,124.06999969482422,126.16000366210938,123.8499984741211,125.88999938964844,122.60578155517578,75169300,0.0,0.0
2021-06-07,126.16999816894531,126.31999969482422,124.83000183105469,125.9000015258789,122.61551666259766,71057600,0.0,0.0
2021-06-08,126.5999984741211,128.4600067138672,126.20999908447266,126.73999786376953,123.43360137939453,74403800,0.0,0.0
2021-06-09,127.20999908447266,127.75,126.5199966430664,127.12999725341797,123.81342315673828,56877900,0.0,0.0
2021-06-10,127.0199966430664,128.19000244140625,125.94000244140625,126.11000061035156,122.82003021240234,71186400,0.0,0.0
2021-06-11,126.52999877929688,127.44000244140625,126.0999984741211,127.3499984741211,124.02767181396484,53522400,0.0,0.0
2021-06-14,127.81999969482422,130.5399932861328,127.06999969482422,130.47999572753906,127.07598876953125,96906500,0.0,0.0
2021-06-15,129.94000244140625,130.60000610351562,129.38999938964844,129.63999938964844,126.2579574584961,62746300,0.0,0.0
2021-06-16,130.3699951171875,130.88999938964844,128.4600067138672,130.14999389648438,126.75463104248047,91815000,0.0,0.0
2021-06-17,129.8000030517578,132.5500030517578,129.64999389648438,131.7899932861328,128.35183715820312,96721700,0.0,0.0
2021-06-18,130.7100067138672,131.50999450683594,130.24000549316406,130.4600067138672,127.05652618408203,108953300,0.0,0.0
2021-06-21,130.3000030517578,132.41000366210938,129.2100067138672,132.3000030517578,128.8485565185547,79663300,0.0,0.0
2021-06-22,132.1300048828125,134.0800018310547,131.6199951171875,133.97999572753906,130.48471069335938,74783600,0.0,0.0
2021-06-23,133.77000427246094,134.32000732421875,133.22999572753906,133.6999969482422,130.21200561523438,60214200,0.0,0.0
2021-06-24,134.4499969482422,134.63999938964844,132.92999267578125,133.41000366210938,129.9296112060547,68711000,0.0,0.0
2021-06-25,133.4600067138672,133.88999938964844,132.80999755859375,133.11000061035156,129.6374053955078,70783700,0.0,0.0
2021-06-28,133.41000366210938,135.25,133.35000610351562,134.77999877929688,131.26385498046875,62111300,0.0,0.0
2021-06-29,134.8000030517578,136.49000549316406,134.35000610351562,136.3300018310547,132.77342224121094,64556100,0.0,0.0
2021-06-30,136.1699981689453,137.41000366210938,135.8699951171875,136.9600067138672,133.38694763183594,63261400,0.0,0.0
2021-07-01,136.60000610351562,137.3300018310547,135.75999450683594,137.27000427246094,133.68890380859375,52485800,0.0,0.0
2021-07-02,137.89999389648438,140.0,137.75,139.9600067138672,136.30873107910156,78852600,0.0,0.0
2021-07-06,140.07000732421875,143.14999389648438,140.07000732421875,142.02000427246094,138.31497192382812,108181800,0.0,0.0
2021-07-07,143.5399932861328,144.88999938964844,142.66000366210938,144.57000732421875,140.7984619140625,104911600,0.0,0.0
2021-07-08,141.5800018310547,144.05999755859375,140.6699981689453,143.24000549316406,139.50314331054688,105575500,0.0,0.0
2021-07-09,142.75,145.64999389648438,142.64999389648438,145.11000061035156,141.3243408203125,99890800,0.0,0.0
2021-07-12,146.2100067138672,146.32000732421875,144.0,144.5,140.73025512695312,76299700,0.0,0.0
2021-07-13,144.02999877929688,147.4600067138672,143.6300048828125,145.63999938964844,141.8406219482422,100827100,0.0,0.0
2021-07-14,148.10000610351562,149.57000732421875,147.67999267578125,149.14999389648438,145.25900268554688,127050800,0.0,0.0
2021-07-15,149.24000549316406,150.0,147.08999633789062,148.47999572753906,144.60646057128906,106820300,0.0,0.0
2021-07-16,148.4600067138672,149.75999450683594,145.8800048828125,146.38999938964844,142.57093811035156,93251400,0.0,0.0
2021-07-19,143.75,144.07000732421875,141.6699981689453,142.4499969482422,138.73377990722656,121434600,0.0,0.0
2021-07-20,143.4600067138672,147.10000610351562,142.9600067138672,146.14999389648438,142.33721923828125,96350000,0.0,0.0
2021-07-21,145.52999877929688,146.1300048828125,144.6300048828125,145.39999389648438,141.60678100585938,74993500,0.0,0.0
2021-07-22,145.94000244140625,148.1999969482422,145.80999755859375,146.8000030517578,142.9702606201172,77338200,0.0,0.0
2021-07-23,147.5500030517578,148.72000122070312,146.9199981689453,148.55999755859375,144.68435668945312,71447400,0.0,0.0
2021-07-26,148.27000427246094,149.8300018310547,147.6999969482422,148.99000549316406,145.1031494140625,72434100,0.0,0.0
2021-07-27,149.1199951171875,149.2100067138672,145.5500030517578,146.77000427246094,142.9410400390625,104818600,0.0,0.0
2021-07-28,144.80999755859375,146.97000122070312,142.5399932861328,144.97999572753906,141.19778442382812,118931200,0.0,0.0
2021-07-29,144.69000244140625,146.5500030517578,144.5800018310547,145.63999938964844,141.8406219482422,56699500,0.0,0.0
2021-07-30,144.3800048828125,146.3300018310547,144.11000061035156,145.86000061035156,142.05479431152344,70440600,0.0,0.0
2021-08-02,146.36000061035156,146.9499969482422,145.25,145.52000427246094,141.7236328125,62880000,0.0,0.0
2021-08-03,145.80999755859375,148.0399932861328,145.17999267578125,147.36000061035156,143.5156707763672,64786600,0.0,0.0
2021-08-04,147.27000427246094,147.7899932861328,146.27999877929688,146.9499969482422,143.1163787841797,56368300,0.0,0.0
2021-08-05,146.97999572753906,147.83999633789062,146.1699981689453,147.05999755859375,143.22349548339844,46397700,0.0,0.0
2021-08-06,146.35000610351562,147.11000061035156,145.6300048828125,146.13999938964844,142.54074096679688,54126800,0.22,0.0
2021-08-09,146.1999969482422,146.6999969482422,145.52000427246094,146.08999633789062,142.49195861816406,48908700,0.0,0.0
2021-08-10,146.44000244140625,147.7100067138672,145.3000030517578,145.60000610351562,142.01405334472656,69023100,0.0,0.0
2021-08-11,146.0500030517578,146.72000122070312,145.52999877929688,145.86000061035156,142.2676544189453,48493500,0.0,0.0
2021-08-12,146.19000244140625,149.0500030517578,145.83999633789062,148.88999938964844,145.22299194335938,72282600,0.0,0.0
2021-08-13,148.97000122070312,149.44000244140625,148.27000427246094,149.10000610351562,145.4278564453125,59375000,0.0,0.0
2021-08-16,148.5399932861328,151.19000244140625,146.47000122070312,151.1199951171875,147.3980712890625,103296000,0.0,0.0
2021-08-17,150.22999572753906,151.67999267578125,149.08999633789062,150.19000244140625,146.490966796875,92229700,0.0,0.0
2021-08-18,149.8000030517578,150.72000122070312,146.14999389648438,146.36000061035156,142.7553253173828,86326000,0.0,0.0
2021-08-19,145.02999877929688,148.0,144.5,146.6999969482422,143.08694458007812,86960300,0.0,0.0
2021-08-20,147.44000244140625,148.5,146.77999877929688,148.19000244140625,144.54022216796875,60549600,0.0,0.0
2021-08-23,148.30999755859375,150.19000244140625,147.88999938964844,149.7100067138672,146.02284240722656,60131800,0.0,0.0
2021-08-24,149.4499969482422,150.86000061035156,149.14999389648438,149.6199951171875,145.9350128173828,48606400,0.0,0.0
2021-08-25,149.80999755859375,150.32000732421875,147.8000030517578,148.36000061035156,144.7060089111328,58991300,0.0,0.0
2021-08-26,148.35000610351562,149.1199951171875,147.50999450683594,147.5399932861328,143.90623474121094,48597200,0.0,0.0
2021-08-27,147.47999572753906,148.75,146.8300018310547,148.60000610351562,144.94015502929688,55802400,0.0,0.0
2021-08-30,149.0,153.49000549316406,148.61000061035156,153.1199951171875,149.34881591796875,90956700,0.0,0.0
2021-08-31,152.66000366210938,152.8000030517578,151.2899932861328,151.8300018310547,148.09059143066406,86453100,0.0,0.0
2021-09-01,152.8300018310547,154.97999572753906,152.33999633789062,152.50999450683594,148.7538604736328,80313700,0.0,0.0
2021-09-02,153.8699951171875,154.72000122070312,152.39999389648438,153.64999389648438,149.86575317382812,71115500,0.0,0.0
2021-09-03,153.75999450683594,154.6300048828125,153.08999633789062,154.3000030517578,150.49977111816406,57808700,0.0,0.0
2021-09-07,154.97000122070312,157.25999450683594,154.38999938964844,156.69000244140625,152.83091735839844,82278300,0.0,0.0
2021-09-08,156.97999572753906,157.0399932861328,153.97999572753906,155.11000061035156,151.28981018066406,74420200,0.0,0.0
2021-09-09,155.49000549316406,156.11000061035156,153.9499969482422,154.07000732421875,150.2754669189453,57305700,0.0,0.0
2021-09-10,155.0,155.47999572753906,148.6999969482422,148.97000122070312,145.301025390625,140893200,0.0,0.0
2021-09-13,150.6300048828125,151.4199981689453,148.75,149.5500030517578,145.8667449951172,102404300,0.0,0.0
2021-09-14,150.35000610351562,151.07000732421875,146.91000366210938,148.1199951171875,144.47195434570312,109296300,0.0,0.0
2021-09-15,148.55999755859375,149.44000244140625,146.3699951171875,149.02999877929688,145.35952758789062,83281300,0.0,0.0
2021-09-16,148.44000244140625,148.97000122070312,147.22000122070312,148.7899932861328,145.12547302246094,68034100,0.0,0.0
2021-09-17,148.82000732421875,148.82000732421875,145.75999450683594,146.05999755859375,142.4627227783203,129868800,0.0,0.0
2021-09-20,143.8000030517578,144.83999633789062,141.27000427246094,142.94000244140625,139.4195556640625,123478900,0.0,0.0
2021-09-21,143.92999267578125,144.60000610351562,142.77999877929688,143.42999267578125,139.89749145507812,75834000,0.0,0.0
2021-09-22,144.4499969482422,146.42999267578125,143.6999969482422,145.85000610351562,142.2578887939453,76404300,0.0,0.0
2021-09-23,146.64999389648438,147.0800018310547,145.63999938964844,146.8300018310547,143.21376037597656,64838200,0.0,0.0
2021-09-24,145.66000366210938,147.47000122070312,145.55999755859375,146.9199981689453,143.30152893066406,53477900,0.0,0.0
2021-09-27,145.47000122070312,145.9600067138672,143.82000732421875,145.3699951171875,141.7896728515625,74150700,0.0,0.0
2021-09-28,143.25,144.75,141.69000244140625,141.91000366210938,138.41490173339844,108972300,0.0,0.0
2021-09-29,142.47000122070312,144.4499969482422,142.02999877929688,142.8300018310547,139.31228637695312,74602000,0.0,0.0
2021-09-30,143.66000366210938,144.3800048828125,141.27999877929688,141.5,138.01504516601562,89056700,0.0,0.0
2021-10-01,141.89999389648438,142.9199981689453,139.11000061035156,142.64999389648438,139.13671875,94639600,0.0,0.0
2021-10-04,141.75999450683594,142.2100067138672,138.27000427246094,139.13999938964844,135.7131805419922,98322000,0.0,0.0
2021-10-05,139.49000549316406,142.24000549316406,139.36000061035156,141.11000061035156,137.63465881347656,80861100,0.0,0.0
2021-10-06,139.47000122070312,142.14999389648438,138.3699951171875,142.0,138.502685546875,83221100,0.0,0.0
2021-10-07,143.05999755859375,144.22000122070312,142.72000122070312,143.2899932861328,139.7609405517578,61732700,0.0,0.0
2021-10-08,144.02999877929688,144.17999267578125,142.55999755859375,142.89999389648438,139.38052368164062,58773200,0.0,0.0
2021-10-11,142.27000427246094,144.80999755859375,141.80999755859375,142.80999755859375,139.2927703857422,64452200,0.0,0.0
2021-10-12,143.22999572753906,143.25,141.0399932861328,141.50999450683594,138.02474975585938,73035900,0.0,0.0
2021-10-13,141.24000549316406,141.39999389648438,139.1999969482422,140.91000366210938,137.4395751953125,78762700,0.0,0.0
2021-10-14,142.11000061035156,143.8800048828125,141.50999450683594,143.75999450683594,140.21937561035156,69907100,0.0,0.0
2021-10-15,143.77000427246094,144.89999389648438,143.50999450683594,144.83999633789062,141.2727508544922,67940300,0.0,0.0
2021-10-18,143.4499969482422,146.83999633789062,143.16000366210938,146.5500030517578,142.9406280517578,85589200,0.0,0.0
2021-10-19,147.00999450683594,149.1699981689453,146.5500030517578,148.75999450683594,145.09622192382812,76378900,0.0,0.0
2021-10-20,148.6999969482422,149.75,148.1199951171875,149.25999450683594,145.58389282226562,58418800,0.0,0.0
2021-10-21,148.80999755859375,149.63999938964844,147.8699951171875,149.47999572753906,145.7984619140625,61421000,0.0,0.0
2021-10-22,149.69000244140625,150.17999267578125,148.63999938964844,148.69000244140625,145.02793884277344,58883400,0.0,0.0
2021-10-25,148.67999267578125,149.3699951171875,147.6199951171875,148.63999938964844,144.97918701171875,50720600,0.0,0.0
2021-10-26,149.3300018310547,150.83999633789062,149.00999450683594,149.32000732421875,145.6424102783203,60893400,0.0,0.0
2021-10-27,149.36000061035156,149.72999572753906,148.49000549316406,148.85000610351562,145.18394470214844,56094900,0.0,0.0
2021-10-28,149.82000732421875,153.1699981689453,149.72000122070312,152.57000732421875,148.8123779296875,100077900,0.0,0.0
2021-10-29,147.22000122070312,149.94000244140625,146.41000366210938,149.8000030517578,146.11058044433594,124953200,0.0,0.0
2021-11-01,148.99000549316406,149.6999969482422,147.8000030517578,148.9600067138672,145.29129028320312,74588300,0.0,0.0
2021-11-02,148.66000366210938,151.57000732421875,148.64999389648438,150.02000427246094,146.3251953125,69122000,0.0,0.0
2021-11-03,150.38999938964844,151.97000122070312,149.82000732421875,151.49000549316406,147.7589874267578,54511500,0.0,0.0
2021-11-04,151.5800018310547,152.42999267578125,150.63999938964844,150.9600067138672,147.24200439453125,60394600,0.0,0.0
2021-11-05,151.88999938964844,152.1999969482422,150.05999755859375,151.27999877929688,147.7694854736328,65463900,0.22,0.0
2021-11-08,151.41000366210938,151.57000732421875,150.16000366210938,150.44000244140625,146.94900512695312,55020900,0.0,0.0
2021-11-09,150.1999969482422,151.42999267578125,150.05999755859375,150.80999755859375,147.31039428710938,56787900,0.0,0.0
2021-11-10,150.02000427246094,150.1300048828125,147.85000610351562,147.9199981689453,144.4875030517578,65187100,0.0,0.0
2021-11-11,148.9600067138672,149.42999267578125,147.67999267578125,147.8699951171875,144.43861389160156,41000000,0.0,0.0
2021-11-12,148.42999267578125,150.39999389648438,147.47999572753906,149.99000549316406,146.50941467285156,63804000,0.0,0.0
2021-11-15,150.3699951171875,151.8800048828125,149.42999267578125,150.0,146.5192108154297,59222800,0.0,0.0
2021-11-16,149.94000244140625,151.49000549316406,149.33999633789062,151.0,147.49598693847656,59256200,0.0,0.0
2021-11-17,151.0,155.0,150.99000549316406,153.49000549316406,149.92820739746094,88807000,0.0,0.0
2021-11-18,153.7100067138672,158.6699981689453,153.0500030517578,157.8699951171875,154.20654296875,137827700,0.0,0.0
2021-11-19,157.64999389648438,161.02000427246094,156.52999877929688,160.5500030517578,156.8243865966797,117305600,0.0,0.0
2021-11-22,161.67999267578125,165.6999969482422,161.0,161.02000427246094,157.28347778320312,117467900,0.0,0.0
2021-11-23,161.1199951171875,161.8000030517578,159.05999755859375,161.41000366210938,157.6644287109375,96041900,0.0,0.0
2021-11-24,160.75,162.13999938964844,159.63999938964844,161.94000244140625,158.18209838867188,69463600,0.0,0.0
2021-11-26,159.57000732421875,160.4499969482422,156.36000061035156,156.80999755859375,153.17117309570312,76959800,0.0,0.0
2021-11-29,159.3699951171875,161.19000244140625,158.7899932861328,160.24000549316406,156.5215606689453,88748200,0.0,0.0
2021-11-30,159.99000549316406,165.52000427246094,159.9199981689453,165.3000030517578,161.46412658691406,174048100,0.0,0.0
2021-12-01,167.47999572753906,170.3000030517578,164.52999877929688,164.77000427246094,160.9464874267578,152052500,0.0,0.0
2021-12-02,158.74000549316406,164.1999969482422,157.8000030517578,163.75999450683594,159.9599151611328,136739200,0.0,0.0
2021-12-03,164.02000427246094,164.9600067138672,159.72000122070312,161.83999633789062,158.08444213867188,118023100,0.0,0.0
2021-12-06,164.2899932861328,167.8800048828125,164.27999877929688,165.32000732421875,161.48370361328125,107497000,0.0,0.0
2021-12-07,169.0800018310547,171.5800018310547,168.33999633789062,171.17999267578125,167.20770263671875,120405400,0.0,0.0
2021-12-08,172.1300048828125,175.9600067138672,170.6999969482422,175.0800018310547,171.01722717285156,116998900,0.0,0.0
2021-12-09,174.91000366210938,176.75,173.9199981689453,174.55999755859375,170.50926208496094,108923700,0.0,0.0
2021-12-10,175.2100067138672,179.6300048828125,174.69000244140625,179.4499969482422,175.28579711914062,115402700,0.0,0.0
2021-12-13,181.1199951171875,182.1300048828125,175.52999877929688,175.74000549316406,171.6619110107422,153237000,0.0,0.0
2021-12-14,175.25,177.74000549316406,172.2100067138672,174.3300018310547,170.28460693359375,139380400,0.0,0.0
2021-12-15,175.11000061035156,179.5,172.30999755859375,179.3000030517578,175.13926696777344,131063300,0.0,0.0
2021-12-16,179.27999877929688,181.13999938964844,170.75,172.25999450683594,168.26260375976562,150185800,0.0,0.0
2021-12-17,169.92999267578125,173.47000122070312,169.69000244140625,171.13999938964844,167.1686248779297,195432700,0.0,0.0
2021-12-20,168.27999877929688,170.5800018310547,167.4600067138672,169.75,165.8108673095703,107499100,0.0,0.0
2021-12-21,171.55999755859375,173.1999969482422,169.1199951171875,172.99000549316406,168.97573852539062,91185900,0.0,0.0
2021-12-22,173.0399932861328,175.86000061035156,172.14999389648438,175.63999938964844,171.56422424316406,92135300,0.0,0.0
2021-12-23,175.85000610351562,176.85000610351562,175.27000427246094,176.27999877929688,172.1893768310547,68356600,0.0,0.0
2021-12-27,177.08999633789062,180.4199981689453,177.07000732421875,180.3300018310547,176.14537048339844,74919600,0.0,0.0
2021-12-28,180.16000366210938,181.3300018310547,178.52999877929688,179.2899932861328,175.12953186035156,79144300,0.0,0.0
2021-12-29,179.3300018310547,180.6300048828125,178.13999938964844,179.3800048828125,175.2174530029297,62348900,0.0,0.0
2021-12-30,179.47000122070312,180.57000732421875,178.08999633789062,178.1999969482422,174.0647735595703,59773000,0.0,0.0
2021-12-31,178.08999633789062,179.22999572753906,177.25999450683594,177.57000732421875,173.44944763183594,64062300,0.0,0.0
2022-01-03,177.8300018310547,182.8800048828125,177.7100067138672,182.00999450683594,177.786376953125,104487900,0.0,0.0
2022-01-04,182.6300048828125,182.94000244140625,179.1199951171875,179.6999969482422,175.52999877929688,99310400,0.0,0.0
2022-01-05,179.61000061035156,180.1699981689453,174.63999938964844,174.9199981689453,170.86090087890625,94537600,0.0,0.0
2022-01-06,172.6999969482422,175.3000030517578,171.63999938964844,172.0,168.00869750976562,96904000,0.0,0.0
2022-01-07,172.88999938964844,174.13999938964844,171.02999877929688,172.1699981689453,168.17474365234375,86709100,0.0,0.0
2022-01-10,169.0800018310547,172.5,168.1699981689453,172.19000244140625,168.19427490234375,106765600,0.0,0.0
2022-01-11,172.32000732421875,175.17999267578125,170.82000732421875,175.0800018310547,171.01722717285156,76138300,0.0,0.0
2022-01-12,176.1199951171875,177.17999267578125,174.82000732421875,175.52999877929688,171.45675659179688,74805200,0.0,0.0
2022-01-13,175.77999877929688,176.6199951171875,171.7899932861328,172.19000244140625,168.19427490234375,84505800,0.0,0.0
2022-01-14,171.33999633789062,173.77999877929688,171.08999633789062,173.07000732421875,169.05384826660156,80440800,0.0,0.0
2022-01-18,171.50999450683594,172.5399932861328,169.41000366210938,169.8000030517578,165.85972595214844,90956700,0.0,0.0
2022-01-19,170.0,171.0800018310547,165.94000244140625,166.22999572753906,162.37252807617188,94815000,0.0,0.0
2022-01-20,166.97999572753906,169.67999267578125,164.17999267578125,164.50999450683594,160.69244384765625,91420500,0.0,0.0
2022-01-21,164.4199981689453,166.3300018310547,162.3000030517578,162.41000366210938,158.64122009277344,122848900,0.0,0.0
2022-01-24,160.02000427246094,162.3000030517578,154.6999969482422,161.6199951171875,157.86953735351562,162294600,0.0,0.0
2022-01-25,158.97999572753906,162.75999450683594,157.02000427246094,159.77999877929688,156.07225036621094,115798400,0.0,0.0
2022-01-26,163.5,164.38999938964844,157.82000732421875,159.69000244140625,155.9843292236328,108275300,0.0,0.0
2022-01-27,162.4499969482422,163.83999633789062,158.27999877929688,159.22000122070312,155.5252227783203,121954600,0.0,0.0
2022-01-28,165.7100067138672,170.35000610351562,162.8000030517578,170.3300018310547,166.37744140625,179935700,0.0,0.0
2022-01-31,170.16000366210938,175.0,169.50999450683594,174.77999877929688,170.72421264648438,115541600,0.0,0.0
2022-02-01,174.00999450683594,174.83999633789062,172.30999755859375,174.61000061035156,170.55810546875,86213900,0.0,0.0
2022-02-02,174.75,175.8800048828125,173.3300018310547,175.83999633789062,171.7595672607422,84914300,0.0,0.0
2022-02-03,174.47999572753906,176.24000549316406,172.1199951171875,172.89999389648438,168.88780212402344,89418100,0.0,0.0
2022-02-04,171.67999267578125,174.10000610351562,170.67999267578125,172.38999938964844,168.60415649414062,82465400,0.22,0.0
2022-02-07,172.86000061035156,173.9499969482422,170.9499969482422,171.66000366210938,167.89022827148438,77251200,0.0,0.0
2022-02-08,171.72999572753906,175.35000610351562,171.42999267578125,174.8300018310547,170.9906005859375,74829200,0.0,0.0
2022-02-09,176.0500030517578,176.64999389648438,174.89999389648438,176.27999877929688,172.40875244140625,71285000,0.0,0.0
2022-02-10,174.13999938964844,175.47999572753906,171.5500030517578,172.1199951171875,168.340087890625,90865900,0.0,0.0
2022-02-11,172.3300018310547,173.0800018310547,168.0399932861328,168.63999938964844,164.93650817871094,98670700,0.0,0.0
2022-02-14,167.3699951171875,169.5800018310547,166.55999755859375,168.8800048828125,165.17123413085938,86185500,0.0,0.0
2022-02-15,170.97000122070312,172.9499969482422,170.25,172.7899932861328,168.9954071044922,62527400,0.0,0.0
2022-02-16,171.85000610351562,173.33999633789062,170.0500030517578,172.5500030517578,168.76068115234375,61177400,0.0,0.0
2022-02-17,171.02999877929688,171.91000366210938,168.47000122070312,168.8800048828125,165.17123413085938,69589300,0.0,0.0
2022-02-18,169.82000732421875,170.5399932861328,166.19000244140625,167.3000030517578,163.62594604492188,82772700,0.0,0.0
2022-02-22,164.97999572753906,166.69000244140625,162.14999389648438,164.32000732421875,160.71139526367188,91162800,0.0,0.0
2022-02-23,165.5399932861328,166.14999389648438,159.75,160.07000732421875,156.5547332763672,90009200,0.0,0.0
2022-02-24,152.5800018310547,162.85000610351562,152.0,162.74000549316406,159.1660919189453,141147500,0.0,0.0
2022-02-25,163.83999633789062,165.1199951171875,160.8699951171875,164.85000610351562,161.22975158691406,91974200,0.0,0.0
2022-02-28,163.05999755859375,165.4199981689453,162.42999267578125,165.1199951171875,161.4938201904297,95056600,0.0,0.0
2022-03-01,164.6999969482422,166.60000610351562,161.97000122070312,163.1999969482422,159.615966796875,83474400,0.0,0.0
2022-03-02,164.38999938964844,167.36000061035156,162.9499969482422,166.55999755859375,162.90223693847656,79724800,0.0,0.0
2022-03-03,168.47000122070312,168.91000366210938,165.5500030517578,166.22999572753906,162.5794219970703,76678400,0.0,0.0
2022-03-04,164.49000549316406,165.5500030517578,162.10000610351562,163.1699981689453,159.5866241455078,83737200,0.0,0.0
2022-03-07,163.36000061035156,165.02000427246094,159.0399932861328,159.3000030517578,155.80162048339844,96418800,0.0,0.0
2022-03-08,158.82000732421875,162.8800048828125,155.8000030517578,157.44000244140625,153.98248291015625,131148300,0.0,0.0
2022-03-09,161.47999572753906,163.41000366210938,159.41000366210938,162.9499969482422,159.37149047851562,91454900,0.0,0.0
2022-03-10,160.1999969482422,160.38999938964844,155.97999572753906,158.52000427246094,155.0387725830078,105342000,0.0,0.0
2022-03-11,158.92999267578125,159.27999877929688,154.5,154.72999572753906,151.33201599121094,96970100,0.0,0.0
2022-03-14,151.4499969482422,154.1199951171875,150.10000610351562,150.6199951171875,147.312255859375,108732100,0.0,0.0
2022-03-15,150.89999389648438,155.57000732421875,150.3800048828125,155.08999633789062,151.68408203125,92964300,0.0,0.0
2022-03-16,157.0500030517578,160.0,154.4600067138672,159.58999633789062,156.08526611328125,102300200,0.0,0.0
2022-03-17,158.61000061035156,161.0,157.6300048828125,160.6199951171875,157.09266662597656,75615400,0.0,0.0
2022-03-18,160.50999450683594,164.47999572753906,159.75999450683594,163.97999572753906,160.37884521484375,123511700,0.0,0.0
2022-03-21,163.50999450683594,166.35000610351562,163.00999450683594,165.3800048828125,161.74810791015625,95811400,0.0,0.0
2022-03-22,165.50999450683594,169.4199981689453,164.91000366210938,168.82000732421875,165.1125946044922,81532000,0.0,0.0
2022-03-23,167.99000549316406,172.63999938964844,167.64999389648438,170.2100067138672,166.4720458984375,98062700,0.0,0.0
2022-03-24,171.05999755859375,174.13999938964844,170.2100067138672,174.07000732421875,170.24729919433594,90131400,0.0,0.0
2022-03-25,173.8800048828125,175.27999877929688,172.75,174.72000122070312,170.88299560546875,80546200,0.0,0.0
2022-03-28,172.1699981689453,175.72999572753906,172.0,175.60000610351562,171.74368286132812,90371900,0.0,0.0
2022-03-29,176.69000244140625,179.00999450683594,176.33999633789062,178.9600067138672,175.02987670898438,100589400,0.0,0.0
2022-03-30,178.5500030517578,179.61000061035156,176.6999969482422,177.77000427246094,173.8660125732422,92633200,0.0,0.0
2022-03-31,177.83999633789062,178.02999877929688,174.39999389648438,174.61000061035156,170.7754364013672,103049300,0.0,0.0
2022-04-01,174.02999877929688,174.8800048828125,171.94000244140625,174.30999755859375,170.48199462890625,78751300,0.0,0.0
2022-04-04,174.57000732421875,178.49000549316406,174.44000244140625,178.44000244140625,174.52130126953125,76468400,0.0,0.0
2022-04-05,177.5,178.3000030517578,174.4199981689453,175.05999755859375,171.21556091308594,73401800,0.0,0.0
2022-04-06,172.36000061035156,173.6300048828125,170.1300048828125,171.8300018310547,168.0565185546875,89058800,0.0,0.0
2022-04-07,171.16000366210938,173.36000061035156,169.85000610351562,172.13999938964844,168.35968017578125,77594700,0.0,0.0
2022-04-08,171.77999877929688,171.77999877929688,169.1999969482422,170.08999633789062,166.3546600341797,76575500,0.0,0.0
2022-04-11,168.7100067138672,169.02999877929688,165.5,165.75,162.10997009277344,72246700,0.0,0.0
2022-04-12,168.02000427246094,169.8699951171875,166.63999938964844,167.66000366210938,163.97804260253906,79265200,0.0,0.0
2022-04-13,167.38999938964844,171.0399932861328,166.77000427246094,170.39999389648438,166.65786743164062,70618900,0.0,0.0
2022-04-14,170.6199951171875,171.27000427246094,165.0399932861328,165.2899932861328,161.66009521484375,75329400,0.0,0.0
2022-04-18,163.9199981689453,166.60000610351562,163.57000732421875,165.07000732421875,161.44491577148438,69023900,0.0,0.0
2022-04-19,165.02000427246094,167.82000732421875,163.91000366210938,167.39999389648438,163.7238006591797,67723800,0.0,0.0
2022-04-20,168.75999450683594,168.8800048828125,166.10000610351562,167.22999572753906,163.55747985839844,67929800,0.0,0.0
2022-04-21,168.91000366210938,171.52999877929688,165.91000366210938,166.4199981689453,162.7653045654297,87227800,0.0,0.0
2022-04-22,166.4600067138672,167.8699951171875,161.5,161.7899932861328,158.2368927001953,84882400,0.0,0.0
2022-04-25,161.1199951171875,163.1699981689453,158.4600067138672,162.8800048828125,159.30299377441406,96046400,0.0,0.0
2022-04-26,162.25,162.33999633789062,156.72000122070312,156.8000030517578,153.35659790039062,95623200,0.0,0.0
2022-04-27,155.91000366210938,159.7899932861328,155.3800048828125,156.57000732421875,153.131591796875,88063200,0.0,0.0
2022-04-28,159.25,164.52000427246094,158.92999267578125,163.63999938964844,160.04632568359375,130216800,0.0,0.0
2022-04-29,161.83999633789062,166.1999969482422,157.25,157.64999389648438,154.18785095214844,131747600,0.0,0.0
2022-05-02,156.7100067138672,158.22999572753906,153.27000427246094,157.9600067138672,154.49107360839844,123055300,0.0,0.0
2022-05-03,158.14999389648438,160.7100067138672,156.32000732421875,159.47999572753906,155.97767639160156,88966500,0.0,0.0
2022-05-04,159.6699981689453,166.47999572753906,159.25999450683594,166.02000427246094,162.37403869628906,108256500,0.0,0.0
2022-05-05,163.85000610351562,164.0800018310547,154.9499969482422,156.77000427246094,153.32716369628906,130525300,0.0,0.0
2022-05-06,156.00999450683594,159.44000244140625,154.17999267578125,157.27999877929688,154.052001953125,116124600,0.23,0.0
2022-05-09,154.92999267578125,155.8300018310547,151.49000549316406,152.05999755859375,148.93911743164062,131577900,0.0,0.0
2022-05-10,155.52000427246094,156.74000549316406,152.92999267578125,154.50999450683594,151.3388671875,115366700,0.0,0.0
2022-05-11,153.5,155.4499969482422,145.80999755859375,146.5,143.49327087402344,142689800,0.0,0.0
2022-05-12,142.77000427246094,146.1999969482422,138.8000030517578,142.55999755859375,139.63414001464844,182602000,0.0,0.0
2022-05-13,144.58999633789062,148.10000610351562,143.11000061035156,147.11000061035156,144.09072875976562,113990900,0.0,0.0
2022-05-16,145.5500030517578,147.52000427246094,144.17999267578125,145.5399932861328,142.55291748046875,86643800,0.0,0.0
2022-05-17,148.86000061035156,149.77000427246094,146.67999267578125,149.24000549316406,146.1770477294922,78336300,0.0,0.0
2022-05-18,146.85000610351562,147.36000061035156,139.89999389648438,140.82000732421875,137.9298553466797,109742900,0.0,0.0
2022-05-19,139.8800048828125,141.66000366210938,136.60000610351562,137.35000610351562,134.53103637695312,136095600,0.0,0.0
2022-05-20,139.08999633789062,140.6999969482422,132.61000061035156,137.58999633789062,134.76611328125,137426100,0.0,0.0
2022-05-23,137.7899932861328,143.25999450683594,137.64999389648438,143.11000061035156,140.17283630371094,117726300,0.0,0.0
2022-05-24,140.80999755859375,141.97000122070312,137.3300018310547,140.36000061035156,137.47927856445312,104132700,0.0,0.0
2022-05-25,138.42999267578125,141.7899932861328,138.33999633789062,140.52000427246094,137.63601684570312,92482700,0.0,0.0
2022-05-26,137.38999938964844,144.33999633789062,137.13999938964844,143.77999877929688,140.8291015625,90601500,0.0,0.0
2022-05-27,145.38999938964844,149.67999267578125,145.25999450683594,149.63999938964844,146.5688018798828,90978500,0.0,0.0
2022-05-31,149.07000732421875,150.66000366210938,146.83999633789062,148.83999633789062,145.7852325439453,103718400,0.0,0.0
2022-06-01,149.89999389648438,151.74000549316406,147.67999267578125,148.7100067138672,145.65792846679688,74286600,0.0,0.0
2022-06-02,147.8300018310547,151.27000427246094,146.86000061035156,151.2100067138672,148.10659790039062,72348100,0.0,0.0
2022-06-03,146.89999389648438,147.97000122070312,144.4600067138672,145.3800048828125,142.39622497558594,88570300,0.0,0.0
2022-06-06,147.02999877929688,148.57000732421875,144.89999389648438,146.13999938964844,143.14064025878906,71598400,0.0,0.0
2022-06-07,144.35000610351562,149.0,144.10000610351562,148.7100067138672,145.65792846679688,67808200,0.0,0.0
2022-06-08,148.5800018310547,149.8699951171875,147.4600067138672,147.9600067138672,144.92327880859375,53950200,0.0,0.0
2022-06-09,147.0800018310547,147.9499969482422,142.52999877929688,142.63999938964844,139.71246337890625,69473000,0.0,0.0
2022-06-10,140.27999877929688,140.75999450683594,137.05999755859375,137.1300048828125,134.31561279296875,91437900,0.0,0.0
2022-06-13,132.8699951171875,135.1999969482422,131.44000244140625,131.8800048828125,129.17332458496094,122207100,0.0,0.0
2022-06-14,133.1300048828125,133.88999938964844,131.47999572753906,132.75999450683594,130.0352325439453,84784300,0.0,0.0
2022-06-15,134.2899932861328,137.33999633789062,132.16000366210938,135.42999267578125,132.65045166015625,91533000,0.0,0.0
2022-06-16,132.0800018310547,132.38999938964844,129.0399932861328,130.05999755859375,127.39068603515625,108123900,0.0,0.0
2022-06-17,130.07000732421875,133.0800018310547,129.80999755859375,131.55999755859375,128.85989379882812,134520300,0.0,0.0
2022-06-21,133.4199981689453,137.05999755859375,133.32000732421875,135.8699951171875,133.08139038085938,81000500,0.0,0.0
2022-06-22,134.7899932861328,137.75999450683594,133.91000366210938,135.35000610351562,132.57212829589844,73409200,0.0,0.0
2022-06-23,136.82000732421875,138.58999633789062,135.6300048828125,138.27000427246094,135.43215942382812,72433800,0.0,0.0
2022-06-24,139.89999389648438,141.91000366210938,139.77000427246094,141.66000366210938,138.75257873535156,89116800,0.0,0.0
2022-06-27,142.6999969482422,143.49000549316406,140.97000122070312,141.66000366210938,138.75257873535156,70207900,0.0,0.0
2022-06-28,142.1300048828125,143.4199981689453,137.32000732421875,137.44000244140625,134.61923217773438,67083400,0.0,0.0
2022-06-29,137.4600067138672,140.6699981689453,136.6699981689453,139.22999572753906,136.37242126464844,66242400,0.0,0.0
2022-06-30,137.25,138.3699951171875,133.77000427246094,136.72000122070312,133.91397094726562,98964500,0.0,0.0
2022-07-01,136.0399932861328,139.0399932861328,135.66000366210938,138.92999267578125,136.07859802246094,71051600,0.0,0.0
2022-07-05,137.77000427246094,141.61000061035156,136.92999267578125,141.55999755859375,138.6546630859375,73353800,0.0,0.0
2022-07-06,141.35000610351562,144.1199951171875,141.0800018310547,142.9199981689453,139.98670959472656,74064300,0.0,0.0
2022-07-07,143.2899932861328,146.5500030517578,143.27999877929688,146.35000610351562,143.3463592529297,66253700,0.0,0.0
2022-07-08,145.25999450683594,147.5500030517578,145.0,147.0399932861328,144.0221710205078,64547800,0.0,0.0
2022-07-11,145.6699981689453,146.63999938964844,143.77999877929688,144.8699951171875,141.896728515625,63141600,0.0,0.0
2022-07-12,145.75999450683594,148.4499969482422,145.0500030517578,145.86000061035156,142.8664093017578,77588800,0.0,0.0
2022-07-13,142.99000549316406,146.4499969482422,142.1199951171875,145.49000549316406,142.50401306152344,71185600,0.0,0.0
2022-07-14,144.0800018310547,148.9499969482422,143.25,148.47000122070312,145.42282104492188,78140700,0.0,0.0
2022-07-15,149.77999877929688,150.86000061035156,148.1999969482422,150.1699981689453,147.087890625,76259900,0.0,0.0
2022-07-18,150.74000549316406,151.57000732421875,146.6999969482422,147.07000732421875,144.05157470703125,81420900,0.0,0.0
2022-07-19,147.9199981689453,151.22999572753906,146.91000366210938,151.0,147.90087890625,82982400,0.0,0.0
2022-07-20,151.1199951171875,153.72000122070312,150.3699951171875,153.0399932861328,149.89903259277344,64823400,0.0,0.0
2022-07-21,154.5,155.57000732421875,151.94000244140625,155.35000610351562,152.16165161132812,65086600,0.0,0.0
2022-07-22,155.38999938964844,156.27999877929688,153.41000366210938,154.08999633789062,150.92752075195312,66675400,0.0,0.0
2022-07-25,154.00999450683594,155.0399932861328,152.27999877929688,152.9499969482422,149.8108673095703,53623900,0.0,0.0
2022-07-26,152.25999450683594,153.08999633789062,150.8000030517578,151.60000610351562,148.4886016845703,55138700,0.0,0.0
2022-07-27,152.5800018310547,157.3300018310547,152.16000366210938,156.7899932861328,153.57203674316406,78620700,0.0,0.0
2022-07-28,156.97999572753906,157.63999938964844,154.41000366210938,157.35000610351562,154.12059020996094,81378700,0.0,0.0
2022-07-29,161.24000549316406,163.6300048828125,159.5,162.50999450683594,159.17465209960938,101786900,0.0,0.0
2022-08-01,161.00999450683594,163.58999633789062,160.88999938964844,161.50999450683594,158.19520568847656,67829400,0.0,0.0
2022-08-02,160.10000610351562,162.41000366210938,159.6300048828125,160.00999450683594,156.72598266601562,59907000,0.0,0.0
2022-08-03,160.83999633789062,166.58999633789062,160.75,166.1300048828125,162.72039794921875,82507500,0.0,0.0
2022-08-04,166.00999450683594,167.19000244140625,164.42999267578125,165.80999755859375,162.40692138671875,55474100,0.0,0.0
2022-08-05,163.2100067138672,165.85000610351562,163.0,165.35000610351562,162.18133544921875,56697000,0.23,0.0
2022-08-08,166.3699951171875,167.80999755859375,164.1999969482422,164.8699951171875,161.71054077148438,60276900,0.0,0.0
2022-08-09,164.02000427246094,165.82000732421875,163.25,164.9199981689453,161.75958251953125,63135500,0.0,0.0
2022-08-10,167.67999267578125,169.33999633789062,166.89999389648438,169.24000549316406,165.99681091308594,70170500,0.0,0.0
2022-08-11,170.05999755859375,170.99000549316406,168.19000244140625,168.49000549316406,165.26116943359375,57149200,0.0,0.0
2022-08-12,169.82000732421875,172.1699981689453,169.39999389648438,172.10000610351562,168.80198669433594,68039400,0.0,0.0
2022-08-15,171.52000427246094,173.38999938964844,171.35000610351562,173.19000244140625,169.87109375,54091700,0.0,0.0
2022-08-16,172.77999877929688,173.7100067138672,171.66000366210938,173.02999877929688,169.71417236328125,56377100,0.0,0.0
2022-08-17,172.77000427246094,176.14999389648438,172.57000732421875,174.5500030517578,171.2050323486328,79542000,0.0,0.0
2022-08-18,173.75,174.89999389648438,173.1199951171875,174.14999389648438,170.81271362304688,62290100,0.0,0.0
2022-08-19,173.02999877929688,173.74000549316406,171.30999755859375,171.52000427246094,168.23313903808594,70346300,0.0,0.0
2022-08-22,169.69000244140625,169.86000061035156,167.13999938964844,167.57000732421875,164.3588104248047,69026800,0.0,0.0
2022-08-23,167.0800018310547,168.7100067138672,166.64999389648438,167.22999572753906,164.0253143310547,54147100,0.0,0.0
2022-08-24,167.32000732421875,168.11000061035156,166.25,167.52999877929688,164.31959533691406,53841500,0.0,0.0
2022-08-25,168.77999877929688,170.13999938964844,168.35000610351562,170.02999877929688,166.7716827392578,51218200,0.0,0.0
2022-08-26,170.57000732421875,171.0500030517578,163.55999755859375,163.6199951171875,160.48451232910156,78961000,0.0,0.0
2022-08-29,161.14999389648438,162.89999389648438,159.82000732421875,161.3800048828125,158.28746032714844,73314000,0.0,0.0
2022-08-30,162.1300048828125,162.55999755859375,157.72000122070312,158.91000366210938,155.86476135253906,77906200,0.0,0.0
2022-08-31,160.30999755859375,160.5800018310547,157.13999938964844,157.22000122070312,154.20713806152344,87991100,0.0,0.0
2022-09-01,156.63999938964844,158.4199981689453,154.6699981689453,157.9600067138672,154.9329376220703,74229900,0.0,0.0
2022-09-02,159.75,160.36000061035156,154.97000122070312,155.80999755859375,152.82418823242188,76957800,0.0,0.0
2022-09-06,156.47000122070312,157.08999633789062,153.69000244140625,154.52999877929688,151.5687255859375,73714800,0.0,0.0
2022-09-07,154.82000732421875,156.6699981689453,153.61000061035156,155.9600067138672,152.9713134765625,87449600,0.0,0.0
2022-09-08,154.63999938964844,156.36000061035156,152.67999267578125,154.4600067138672,151.50006103515625,84923800,0.0,0.0
2022-09-09,155.47000122070312,157.82000732421875,154.75,157.3699951171875,154.35423278808594,68028800,0.0,0.0
2022-09-12,159.58999633789062,164.25999450683594,159.3000030517578,163.42999267578125,160.2981414794922,104956000,0.0,0.0
2022-09-13,159.89999389648438,160.5399932861328,153.3699951171875,153.83999633789062,150.8919219970703,122656600,0.0,0.0
2022-09-14,154.7899932861328,157.10000610351562,153.61000061035156,155.30999755859375,152.333740234375,87965400,0.0,0.0
2022-09-15,154.64999389648438,155.24000549316406,151.3800048828125,152.3699951171875,149.45008850097656,90481100,0.0,0.0
2022-09-16,151.2100067138672,151.35000610351562,148.3699951171875,150.6999969482422,147.8120574951172,162278800,0.0,0.0
2022-09-19,149.30999755859375,154.55999755859375,149.10000610351562,154.47999572753906,151.5196533203125,81474200,0.0,0.0
2022-09-20,153.39999389648438,158.0800018310547,153.0800018310547,156.89999389648438,153.8932647705078,107689800,0.0,0.0
2022-09-21,157.33999633789062,158.74000549316406,153.60000610351562,153.72000122070312,150.7742462158203,101696800,0.0,0.0
2022-09-22,152.3800048828125,154.47000122070312,150.91000366210938,152.74000549316406,149.81300354003906,86652500,0.0,0.0
2022-09-23,151.19000244140625,151.47000122070312,148.55999755859375,150.42999267578125,147.54727172851562,96029900,0.0,0.0
2022-09-26,149.66000366210938,153.77000427246094,149.63999938964844,150.77000427246094,147.8807373046875,93339400,0.0,0.0
2022-09-27,152.74000549316406,154.72000122070312,149.9499969482422,151.75999450683594,148.85177612304688,84442700,0.0,0.0
2022-09-28,147.63999938964844,150.63999938964844,144.83999633789062,149.83999633789062,146.9685821533203,146691400,0.0,0.0
2022-09-29,146.10000610351562,146.72000122070312,140.67999267578125,142.47999572753906,139.7496337890625,128138200,0.0,0.0
2022-09-30,141.27999877929688,143.10000610351562,138.0,138.1999969482422,135.55162048339844,124925300,0.0,0.0
2022-10-03,138.2100067138672,143.07000732421875,137.69000244140625,142.4499969482422,139.72019958496094,114311700,0.0,0.0
2022-10-04,145.02999877929688,146.22000122070312,144.25999450683594,146.10000610351562,143.3002471923828,87830100,0.0,0.0
2022-10-05,144.07000732421875,147.3800048828125,143.00999450683594,146.39999389648438,143.59446716308594,79471000,0.0,0.0
2022-10-06,145.80999755859375,147.5399932861328,145.22000122070312,145.42999267578125,142.64308166503906,68402200,0.0,0.0
2022-10-07,142.5399932861328,143.10000610351562,139.4499969482422,140.08999633789062,137.40542602539062,85925600,0.0,0.0
2022-10-10,140.4199981689453,141.88999938964844,138.57000732421875,140.4199981689453,137.7290802001953,74899000,0.0,0.0
2022-10-11,139.89999389648438,141.35000610351562,138.22000122070312,138.97999572753906,136.31666564941406,77033700,0.0,0.0
2022-10-12,139.1300048828125,140.36000061035156,138.16000366210938,138.33999633789062,135.68893432617188,70433700,0.0,0.0
2022-10-13,134.99000549316406,143.58999633789062,134.3699951171875,142.99000549316406,140.24984741210938,113224000,0.0,0.0
2022-10-14,144.30999755859375,144.52000427246094,138.19000244140625,138.3800048828125,135.72817993164062,88598000,0.0,0.0
2022-10-17,141.07000732421875,142.89999389648438,140.27000427246094,142.41000366210938,139.68096923828125,85250900,0.0,0.0
2022-10-18,145.49000549316406,146.6999969482422,140.61000061035156,143.75,140.99530029296875,99136600,0.0,0.0
2022-10-19,141.69000244140625,144.9499969482422,141.5,143.86000061035156,141.10317993164062,61758300,0.0,0.0
2022-10-20,143.02000427246094,145.88999938964844,142.64999389648438,143.38999938964844,140.64215087890625,64522000,0.0,0.0
2022-10-21,142.8699951171875,147.85000610351562,142.64999389648438,147.27000427246094,144.4477996826172,86548600,0.0,0.0
2022-10-24,147.19000244140625,150.22999572753906,146.0,149.4499969482422,146.58604431152344,75981900,0.0,0.0
2022-10-25,150.08999633789062,152.49000549316406,149.36000061035156,152.33999633789062,149.42066955566406,74732300,0.0,0.0
2022-10-26,150.9600067138672,151.99000549316406,148.0399932861328,149.35000610351562,146.4879608154297,88194300,0.0,0.0
2022-10-27,148.07000732421875,149.0500030517578,144.1300048828125,144.8000030517578,142.025146484375,109180200,0.0,0.0
2022-10-28,148.1999969482422,157.5,147.82000732421875,155.74000549316406,152.75552368164062,164762400,0.0,0.0
2022-10-31,153.16000366210938,154.24000549316406,151.9199981689453,153.33999633789062,150.40150451660156,97943200,0.0,0.0
2022-11-01,155.0800018310547,155.4499969482422,149.1300048828125,150.64999389648438,147.76304626464844,80379300,0.0,0.0
2022-11-02,148.9499969482422,152.1699981689453,145.0,145.02999877929688,142.25074768066406,93604600,0.0,0.0
2022-11-03,142.05999755859375,142.8000030517578,138.75,138.8800048828125,136.21859741210938,97918500,0.0,0.0
2022-11-04,142.08999633789062,142.6699981689453,134.3800048828125,138.3800048828125,135.95333862304688,140814800,0.23,0.0
2022-11-07,137.11000061035156,139.14999389648438,135.6699981689453,138.9199981689453,136.48387145996094,83374600,0.0,0.0
2022-11-08,140.41000366210938,141.42999267578125,137.49000549316406,139.5,137.0537109375,89908500,0.0,0.0
2022-11-09,138.5,138.5500030517578,134.58999633789062,134.8699951171875,132.50486755371094,74917800,0.0,0.0
2022-11-10,141.24000549316406,146.8699951171875,139.5,146.8699951171875,144.29446411132812,118854000,0.0,0.0
2022-11-11,145.82000732421875,150.00999450683594,144.3699951171875,149.6999969482422,147.0748291015625,93979700,0.0,0.0
2022-11-14,148.97000122070312,150.27999877929688,147.42999267578125,148.27999877929688,145.6797637939453,73374100,0.0,0.0
2022-11-15,152.22000122070312,153.58999633789062,148.55999755859375,150.0399932861328,147.40887451171875,89868300,0.0,0.0
2022-11-16,149.1300048828125,149.8699951171875,147.2899932861328,148.7899932861328,146.1807861328125,64218300,0.0,0.0
2022-11-17,146.42999267578125,151.47999572753906,146.14999389648438,150.72000122070312,148.0769500732422,80389400,0.0,0.0
2022-11-18,152.30999755859375,152.6999969482422,149.97000122070312,151.2899932861328,148.63693237304688,74829600,0.0,0.0
2022-11-21,150.16000366210938,150.3699951171875,147.72000122070312,148.00999450683594,145.4144744873047,58724100,0.0,0.0
2022-11-22,148.1300048828125,150.4199981689453,146.92999267578125,150.17999267578125,147.54641723632812,51804100,0.0,0.0
2022-11-23,149.4499969482422,151.8300018310547,149.33999633789062,151.07000732421875,148.42080688476562,58301400,0.0,0.0
2022-11-25,148.30999755859375,148.8800048828125,147.1199951171875,148.11000061035156,145.51272583007812,35195900,0.0,0.0
2022-11-28,145.13999938964844,146.63999938964844,143.3800048828125,144.22000122070312,141.69094848632812,69246000,0.0,0.0
2022-11-29,144.2899932861328,144.80999755859375,140.35000610351562,141.1699981689453,138.69442749023438,83763800,0.0,0.0
2022-11-30,141.39999389648438,148.72000122070312,140.5500030517578,148.02999877929688,145.4341278076172,111380900,0.0,0.0
2022-12-01,148.2100067138672,149.1300048828125,146.61000061035156,148.30999755859375,145.70919799804688,71250400,0.0,0.0
2022-12-02,145.9600067138672,148.0,145.64999389648438,147.80999755859375,145.2179412841797,65447400,0.0,0.0
2022-12-05,147.77000427246094,150.9199981689453,145.77000427246094,146.6300048828125,144.05868530273438,68826400,0.0,0.0
2022-12-06,147.07000732421875,147.3000030517578,141.9199981689453,142.91000366210938,140.40390014648438,64727200,0.0,0.0
2022-12-07,142.19000244140625,143.3699951171875,140.0,140.94000244140625,138.4684600830078,69721100,0.0,0.0
2022-12-08,142.36000061035156,143.52000427246094,141.10000610351562,142.64999389648438,140.14842224121094,62128300,0.0,0.0
2022-12-09,142.33999633789062,145.57000732421875,140.89999389648438,142.16000366210938,139.6670379638672,76097000,0.0,0.0
2022-12-12,142.6999969482422,144.5,141.05999755859375,144.49000549316406,141.95620727539062,70462700,0.0,0.0
2022-12-13,149.5,149.97000122070312,144.24000549316406,145.47000122070312,142.9190216064453,93886200,0.0,0.0
2022-12-14,145.35000610351562,146.66000366210938,141.16000366210938,143.2100067138672,140.6986083984375,82291200,0.0,0.0
2022-12-15,141.11000061035156,141.8000030517578,136.02999877929688,136.5,134.1063232421875,98931900,0.0,0.0
2022-12-16,136.69000244140625,137.64999389648438,133.72999572753906,134.50999450683594,132.1511993408203,160156900,0.0,0.0
2022-12-19,135.11000061035156,135.1999969482422,131.32000732421875,132.3699951171875,130.04872131347656,79592600,0.0,0.0
2022-12-20,131.38999938964844,133.25,129.88999938964844,132.3000030517578,129.97994995117188,77432800,0.0,0.0
2022-12-21,132.97999572753906,136.80999755859375,132.75,135.4499969482422,133.07470703125,85928000,0.0,0.0
2022-12-22,134.35000610351562,134.55999755859375,130.3000030517578,132.22999572753906,129.91119384765625,77852100,0.0,0.0
2022-12-23,130.9199981689453,132.4199981689453,129.63999938964844,131.86000061035156,129.5476837158203,63814900,0.0,0.0
2022-12-27,131.3800048828125,131.41000366210938,128.72000122070312,130.02999877929688,127.7497787475586,69007800,0.0,0.0
2022-12-28,129.6699981689453,131.02999877929688,125.87000274658203,126.04000091552734,123.82972717285156,85438400,0.0,0.0
2022-12-29,127.98999786376953,130.47999572753906,127.7300033569336,129.61000061035156,127.33715057373047,75703700,0.0,0.0
2022-12-30,128.41000366210938,129.9499969482422,127.43000030517578,129.92999267578125,127.65149688720703,77034200,0.0,0.0
2023-01-03,130.27999877929688,130.89999389648438,124.16999816894531,125.06999969482422,122.87674713134766,112117500,0.0,0.0
2023-01-04,126.88999938964844,128.66000366210938,125.08000183105469,126.36000061035156,124.14412689208984,89113600,0.0,0.0
2023-01-05,127.12999725341797,127.7699966430664,124.76000213623047,125.0199966430664,122.82760620117188,80962700,0.0,0.0
2023-01-06,126.01000213623047,130.2899932861328,124.88999938964844,129.6199951171875,127.34696960449219,87754700,0.0,0.0
2023-01-09,130.47000122070312,133.41000366210938,129.88999938964844,130.14999389648438,127.86767578125,70790800,0.0,0.0
2023-01-10,130.25999450683594,131.25999450683594,128.1199951171875,130.72999572753906,128.43748474121094,63896200,0.0,0.0
2023-01-11,131.25,133.50999450683594,130.4600067138672,133.49000549316406,131.14910888671875,69458900,0.0,0.0
2023-01-12,133.8800048828125,134.25999450683594,131.44000244140625,133.41000366210938,131.0704803466797,71379600,0.0,0.0
2023-01-13,132.02999877929688,134.9199981689453,131.66000366210938,134.75999450683594,132.39678955078125,57809700,0.0,0.0
2023-01-17,134.8300018310547,137.2899932861328,134.1300048828125,135.94000244140625,133.55613708496094,63646600,0.0,0.0
2023-01-18,136.82000732421875,138.61000061035156,135.02999877929688,135.2100067138672,132.8389129638672,69672800,0.0,0.0
2023-01-19,134.0800018310547,136.25,133.77000427246094,135.27000427246094,132.8979034423828,58280400,0.0,0.0
2023-01-20,135.27999877929688,138.02000427246094,134.22000122070312,137.8699951171875,135.4522705078125,80223600,0.0,0.0
2023-01-23,138.1199951171875,143.32000732421875,137.89999389648438,141.11000061035156,138.63546752929688,81760300,0.0,0.0
2023-01-24,140.30999755859375,143.16000366210938,140.3000030517578,142.52999877929688,140.03057861328125,66435100,0.0,0.0
2023-01-25,140.88999938964844,142.42999267578125,138.80999755859375,141.86000061035156,139.372314453125,65799300,0.0,0.0
2023-01-26,143.1699981689453,144.25,141.89999389648438,143.9600067138672,141.43548583984375,54105100,0.0,0.0
2023-01-27,143.16000366210938,147.22999572753906,143.0800018310547,145.92999267578125,143.3709259033203,70555800,0.0,0.0
2023-01-30,144.9600067138672,145.5500030517578,142.85000610351562,143.0,140.49229431152344,64015300,0.0,0.0
2023-01-31,142.6999969482422,144.33999633789062,142.27999877929688,144.2899932861328,141.75970458984375,65874500,0.0,0.0
2023-02-01,143.97000122070312,146.61000061035156,141.32000732421875,145.42999267578125,142.87969970703125,77663600,0.0,0.0
2023-02-02,148.89999389648438,151.17999267578125,148.1699981689453,150.82000732421875,148.17520141601562,118339000,0.0,0.0
2023-02-03,148.02999877929688,157.3800048828125,147.8300018310547,154.5,151.79066467285156,154357300,0.0,0.0
2023-02-06,152.57000732421875,153.10000610351562,150.77999877929688,151.72999572753906,149.0692138671875,69858300,0.0,0.0
2023-02-07,150.63999938964844,155.22999572753906,150.63999938964844,154.64999389648438,151.9380340576172,83322600,0.0,0.0
2023-02-08,153.8800048828125,154.5800018310547,151.1699981689453,151.9199981689453,149.2559051513672,64120100,0.0,0.0
2023-02-09,153.77999877929688,154.3300018310547,150.4199981689453,150.8699951171875,148.22425842285156,56007100,0.0,0.0
2023-02-10,149.4600067138672,151.33999633789062,149.22000122070312,151.00999450683594,148.58836364746094,57450700,0.23,0.0
2023-02-13,150.9499969482422,154.25999450683594,150.9199981689453,153.85000610351562,151.38282775878906,62199000,0.0,0.0
2023-02-14,152.1199951171875,153.77000427246094,150.86000061035156,153.1999969482422,150.7432403564453,61707600,0.0,0.0
2023-02-15,153.11000061035156,155.5,152.8800048828125,155.3300018310547,152.83909606933594,65573800,0.0,0.0
2023-02-16,153.50999450683594,156.3300018310547,153.35000610351562,153.7100067138672,151.24510192871094,68167900,0.0,0.0
2023-02-17,152.35000610351562,153.0,150.85000610351562,152.5500030517578,150.1036834716797,59144100,0.0,0.0
2023-02-21,150.1999969482422,151.3000030517578,148.41000366210938,148.47999572753906,146.09893798828125,58867200,0.0,0.0
2023-02-22,148.8699951171875,149.9499969482422,147.16000366210938,148.91000366210938,146.52207946777344,51011300,0.0,0.0
2023-02-23,150.08999633789062,150.33999633789062,147.24000549316406,149.39999389648438,147.00416564941406,48394200,0.0,0.0
2023-02-24,147.11000061035156,147.19000244140625,145.72000122070312,146.7100067138672,144.35736083984375,55469600,0.0,0.0
2023-02-27,147.7100067138672,149.1699981689453,147.4499969482422,147.9199981689453,145.5479278564453,44998500,0.0,0.0
2023-02-28,147.0500030517578,149.0800018310547,146.8300018310547,147.41000366210938,145.0460968017578,50547000,0.0,0.0
2023-03-01,146.8300018310547,147.22999572753906,145.00999450683594,145.30999755859375,142.9797821044922,55479000,0.0,0.0
2023-03-02,144.3800048828125,146.7100067138672,143.89999389648438,145.91000366210938,143.57017517089844,52238100,0.0,0.0
2023-03-03,148.0399932861328,151.11000061035156,147.3300018310547,151.02999877929688,148.6080322265625,70732300,0.0,0.0
2023-03-06,153.7899932861328,156.3000030517578,153.4600067138672,153.8300018310547,151.36317443847656,87558000,0.0,0.0
2023-03-07,153.6999969482422,154.02999877929688,151.1300048828125,151.60000610351562,149.16893005371094,56182000,0.0,0.0
2023-03-08,152.80999755859375,153.47000122070312,151.8300018310547,152.8699951171875,150.41851806640625,47204800,0.0,0.0
2023-03-09,153.55999755859375,154.5399932861328,150.22999572753906,150.58999633789062,148.1751251220703,53833600,0.0,0.0
2023-03-10,150.2100067138672,150.94000244140625,147.61000061035156,148.5,146.11863708496094,68572400,0.0,0.0
2023-03-13,147.80999755859375,153.13999938964844,147.6999969482422,150.47000122070312,148.05702209472656,84457100,0.0,0.0
2023-03-14,151.27999877929688,153.39999389648438,150.10000610351562,152.58999633789062,150.1430206298828,73695900,0.0,0.0
2023-03-15,151.19000244140625,153.25,149.9199981689453,152.99000549316406,150.53665161132812,77167900,0.0,0.0
2023-03-16,152.16000366210938,156.4600067138672,151.63999938964844,155.85000610351562,153.35076904296875,76161100,0.0,0.0
2023-03-17,156.0800018310547,156.74000549316406,154.27999877929688,155.0,152.514404296875,98944600,0.0,0.0
2023-03-20,155.07000732421875,157.82000732421875,154.14999389648438,157.39999389648438,154.87591552734375,73641400,0.0,0.0
2023-03-21,157.32000732421875,159.39999389648438,156.5399932861328,159.27999877929688,156.72576904296875,73938300,0.0,0.0
2023-03-22,159.3000030517578,162.13999938964844,157.80999755859375,157.8300018310547,155.29898071289062,75701800,0.0,0.0
2023-03-23,158.8300018310547,161.5500030517578,157.67999267578125,158.92999267578125,156.38137817382812,67622100,0.0,0.0
2023-03-24,158.86000061035156,160.33999633789062,157.85000610351562,160.25,157.68020629882812,59196500,0.0,0.0
2023-03-27,159.94000244140625,160.77000427246094,157.8699951171875,158.27999877929688,155.74180603027344,52390300,0.0,0.0
2023-03-28,157.97000122070312,158.49000549316406,155.97999572753906,157.64999389648438,155.1218719482422,45992200,0.0,0.0
2023-03-29,159.3699951171875,161.0500030517578,159.35000610351562,160.77000427246094,158.19186401367188,51305700,0.0,0.0
2023-03-30,161.52999877929688,162.47000122070312,161.27000427246094,162.36000061035156,159.75637817382812,49501700,0.0,0.0
2023-03-31,162.44000244140625,165.0,161.91000366210938,164.89999389648438,162.25564575195312,68749800,0.0,0.0
2023-04-03,164.27000427246094,166.2899932861328,164.22000122070312,166.1699981689453,163.50526428222656,56976200,0.0,0.0
2023-04-04,166.60000610351562,166.83999633789062,165.11000061035156,165.6300048828125,162.97393798828125,46278300,0.0,0.0
2023-04-05,164.74000549316406,165.0500030517578,161.8000030517578,163.75999450683594,161.1339111328125,51511700,0.0,0.0
2023-04-06,162.42999267578125,164.9600067138672,162.0,164.66000366210938,162.0194854736328,45390100,0.0,0.0
2023-04-10,161.4199981689453,162.02999877929688,160.0800018310547,162.02999877929688,159.43167114257812,47716900,0.0,0.0
2023-04-11,162.35000610351562,162.36000061035156,160.50999450683594,160.8000030517578,158.22137451171875,47644200,0.0,0.0
2023-04-12,161.22000122070312,162.05999755859375,159.77999877929688,160.10000610351562,157.53260803222656,50133100,0.0,0.0
2023-04-13,161.6300048828125,165.8000030517578,161.4199981689453,165.55999755859375,162.90505981445312,68445600,0.0,0.0
2023-04-14,164.58999633789062,166.32000732421875,163.82000732421875,165.2100067138672,162.5606689453125,49386500,0.0,0.0
2023-04-17,165.08999633789062,165.38999938964844,164.02999877929688,165.22999572753906,162.58035278320312,41516200,0.0,0.0
2023-04-18,166.10000610351562,167.41000366210938,165.64999389648438,166.47000122070312,163.8004608154297,49923000,0.0,0.0
2023-04-19,165.8000030517578,168.16000366210938,165.5399932861328,167.6300048828125,164.94183349609375,47720200,0.0,0.0
2023-04-20,166.08999633789062,167.8699951171875,165.55999755859375,166.64999389648438,163.97755432128906,52456400,0.0,0.0
2023-04-21,165.0500030517578,166.4499969482422,164.49000549316406,165.02000427246094,162.37371826171875,58337300,0.0,0.0
2023-04-24,165.0,165.60000610351562,163.88999938964844,165.3300018310547,162.67874145507812,41949600,0.0,0.0
2023-04-25,165.19000244140625,166.30999755859375,163.72999572753906,163.77000427246094,161.14376831054688,48714100,0.0,0.0
2023-04-26,163.05999755859375,165.27999877929688,162.8000030517578,163.75999450683594,161.1339111328125,45498800,0.0,0.0
2023-04-27,165.19000244140625,168.55999755859375,165.19000244140625,168.41000366210938,165.70933532714844,64902300,0.0,0.0
2023-04-28,168.49000549316406,169.85000610351562,167.8800048828125,169.67999267578125,166.95892333984375,55275900,0.0,0.0
2023-05-01,169.27999877929688,170.4499969482422,168.63999938964844,169.58999633789062,166.8704376220703,52472900,0.0,0.0
2023-05-02,170.08999633789062,170.35000610351562,167.5399932861328,168.5399932861328,165.83726501464844,48425700,0.0,0.0
2023-05-03,169.5,170.9199981689453,167.16000366210938,167.4499969482422,164.76473999023438,65136000,0.0,0.0
2023-05-04,164.88999938964844,167.0399932861328,164.30999755859375,165.7899932861328,163.13136291503906,81235400,0.0,0.0
2023-05-05,170.97999572753906,174.3000030517578,170.75999450683594,173.57000732421875,170.78660583496094,113453200,0.0,0.0
2023-05-08,172.47999572753906,173.85000610351562,172.11000061035156,173.5,170.71771240234375,55962800,0.0,0.0
2023-05-09,173.0500030517578,173.5399932861328,171.60000610351562,171.77000427246094,169.0154571533203,45326900,0.0,0.0
2023-05-10,173.02000427246094,174.02999877929688,171.89999389648438,173.55999755859375,170.77679443359375,53724500,0.0,0.0
2023-05-11,173.85000610351562,174.58999633789062,172.1699981689453,173.75,170.96371459960938,49514700,0.0,0.0
2023-05-12,173.6199951171875,174.05999755859375,171.0,172.57000732421875,170.03749084472656,45533100,0.24,0.0
2023-05-15,173.16000366210938,173.2100067138672,171.47000122070312,172.07000732421875,169.54483032226562,37266700,0.0,0.0
2023-05-16,171.99000549316406,173.13999938964844,171.8000030517578,172.07000732421875,169.54483032226562,42110300,0.0,0.0
2023-05-17,171.7100067138672,172.92999267578125,170.4199981689453,172.69000244140625,170.15576171875,57951600,0.0,0.0
2023-05-18,173.0,175.24000549316406,172.5800018310547,175.0500030517578,172.48109436035156,65496700,0.0,0.0
2023-05-19,176.38999938964844,176.38999938964844,174.94000244140625,175.16000366210938,172.58950805664062,55809500,0.0,0.0
2023-05-22,173.97999572753906,174.7100067138672,173.4499969482422,174.1999969482422,171.64356994628906,43570900,0.0,0.0
2023-05-23,173.1300048828125,173.3800048828125,171.27999877929688,171.55999755859375,169.0423126220703,50747300,0.0,0.0
2023-05-24,171.08999633789062,172.4199981689453,170.52000427246094,171.83999633789062,169.31822204589844,45143500,0.0,0.0
2023-05-25,172.41000366210938,173.89999389648438,171.69000244140625,172.99000549316406,170.45132446289062,56058300,0.0,0.0
2023-05-26,173.32000732421875,175.77000427246094,173.11000061035156,175.42999267578125,172.85552978515625,54835000,0.0,0.0
2023-05-30,176.9600067138672,178.99000549316406,176.57000732421875,177.3000030517578,174.69808959960938,55964400,0.0,0.0
2023-05-31,177.3300018310547,179.35000610351562,176.75999450683594,177.25,174.64883422851562,99625300,0.0,0.0
2023-06-01,177.6999969482422,180.1199951171875,176.92999267578125,180.08999633789062,177.44712829589844,68901800,0.0,0.0
2023-06-02,181.02999877929688,181.77999877929688,179.25999450683594,180.9499969482422,178.2945098876953,61996900,0.0,0.0
2023-06-05,182.6300048828125,184.9499969482422,178.0399932861328,179.5800018310547,176.9446563720703,121946500,0.0,0.0
2023-06-06,179.97000122070312,180.1199951171875,177.42999267578125,179.2100067138672,176.580078125,64848400,0.0,0.0
2023-06-07,178.44000244140625,181.2100067138672,177.32000732421875,177.82000732421875,175.2104949951172,61944600,0.0,0.0
2023-06-08,177.89999389648438,180.83999633789062,177.4600067138672,180.57000732421875,177.9201202392578,50214900,0.0,0.0
2023-06-09,181.5,182.22999572753906,180.6300048828125,180.9600067138672,178.3043670654297,48900000,0.0,0.0
2023-06-12,181.27000427246094,183.88999938964844,180.97000122070312,183.7899932861328,181.09283447265625,54274900,0.0,0.0
2023-06-13,182.8000030517578,184.14999389648438,182.44000244140625,183.30999755859375,180.61985778808594,54929100,0.0,0.0
2023-06-14,183.3699951171875,184.38999938964844,182.02000427246094,183.9499969482422,181.25048828125,57462900,0.0,0.0
2023-06-15,183.9600067138672,186.52000427246094,183.77999877929688,186.00999450683594,183.2802734375,65433200,0.0,0.0
2023-06-16,186.72999572753906,186.99000549316406,184.27000427246094,184.9199981689453,182.2062530517578,101256200,0.0,0.0
2023-06-20,184.41000366210938,186.10000610351562,184.41000366210938,185.00999450683594,182.294921875,49799100,0.0,0.0
2023-06-21,184.89999389648438,185.41000366210938,182.58999633789062,183.9600067138672,181.26039123535156,49515700,0.0,0.0
2023-06-22,183.74000549316406,187.0500030517578,183.6699981689453,187.0,184.25575256347656,51245300,0.0,0.0
2023-06-23,185.5500030517578,187.55999755859375,185.00999450683594,186.67999267578125,183.94044494628906,53117000,0.0,0.0
2023-06-26,186.8300018310547,188.0500030517578,185.22999572753906,185.27000427246094,182.5511474609375,48088700,0.0,0.0
2023-06-27,185.88999938964844,188.38999938964844,185.6699981689453,188.05999755859375,185.30020141601562,50730800,0.0,0.0
2023-06-28,187.92999267578125,189.89999389648438,187.60000610351562,189.25,186.47271728515625,51216800,0.0,0.0
2023-06-29,189.0800018310547,190.07000732421875,188.94000244140625,189.58999633789062,186.8077392578125,46347300,0.0,0.0
2023-06-30,191.6300048828125,194.47999572753906,191.25999450683594,193.97000122070312,191.12344360351562,85213200,0.0,0.0
2023-07-03,193.77999877929688,193.8800048828125,191.75999450683594,192.4600067138672,189.63560485839844,31458200,0.0,0.0
2023-07-05,191.57000732421875,192.97999572753906,190.6199951171875,191.3300018310547,188.52223205566406,46920300,0.0,0.0
2023-07-06,189.83999633789062,192.02000427246094,189.1999969482422,191.80999755859375,188.99514770507812,45094300,0.0,0.0
2023-07-07,191.41000366210938,192.6699981689453,190.24000549316406,190.67999267578125,187.88172912597656,46815000,0.0,0.0
2023-07-10,189.25999450683594,189.99000549316406,187.0399932861328,188.61000061035156,185.8421173095703,59922200,0.0,0.0
2023-07-11,189.16000366210938,189.3000030517578,186.60000610351562,188.0800018310547,185.31988525390625,46638100,0.0,0.0
2023-07-12,189.67999267578125,191.6999969482422,188.47000122070312,189.77000427246094,186.98509216308594,60750200,0.0,0.0
2023-07-13,190.5,191.19000244140625,189.77999877929688,190.5399932861328,187.74378967285156,41342300,0.0,0.0
2023-07-14,190.22999572753906,191.17999267578125,189.6300048828125,190.69000244140625,187.89158630371094,41616200,0.0,0.0
2023-07-17,191.89999389648438,194.32000732421875,191.80999755859375,193.99000549316406,191.14320373535156,50520200,0.0,0.0
2023-07-18,193.35000610351562,194.3300018310547,192.4199981689453,193.72999572753906,190.88697814941406,48288200,0.0,0.0
2023-07-19,193.10000610351562,198.22999572753906,192.64999389648438,195.10000610351562,192.2368621826172,80507300,0.0,0.0
2023-07-20,195.08999633789062,196.47000122070312,192.5,193.1300048828125,190.29580688476562,59581200,0.0,0.0
2023-07-21,194.10000610351562,194.97000122070312,191.22999572753906,191.94000244140625,189.1232452392578,71951700,0.0,0.0
2023-07-24,193.41000366210938,194.91000366210938,192.25,192.75,189.92135620117188,45377800,0.0,0.0
2023-07-25,193.3300018310547,194.44000244140625,192.9199981689453,193.6199951171875,190.77857971191406,37283200,0.0,0.0
2023-07-26,193.6699981689453,195.63999938964844,193.32000732421875,194.5,191.6456756591797,47471900,0.0,0.0
2023-07-27,196.02000427246094,197.1999969482422,192.5500030517578,193.22000122070312,190.3844757080078,47460200,0.0,0.0
2023-07-28,194.6699981689453,196.6300048828125,194.13999938964844,195.8300018310547,192.95616149902344,48291400,0.0,0.0
2023-07-31,196.05999755859375,196.49000549316406,195.25999450683594,196.4499969482422,193.56707763671875,38824100,0.0,0.0
2023-08-01,196.24000549316406,196.72999572753906,195.27999877929688,195.61000061035156,192.73939514160156,35175100,0.0,0.0
2023-08-02,195.0399932861328,195.17999267578125,191.85000610351562,192.5800018310547,189.7538604736328,50389300,0.0,0.0
2023-08-03,191.57000732421875,192.3699951171875,190.69000244140625,191.1699981689453,188.3645477294922,61235200,0.0,0.0
2023-08-04,185.52000427246094,187.3800048828125,181.9199981689453,181.99000549316406,179.3192596435547,115956800,0.0,0.0
2023-08-07,182.1300048828125,183.1300048828125,177.35000610351562,178.85000610351562,176.22535705566406,97576100,0.0,0.0
2023-08-08,179.69000244140625,180.27000427246094,177.5800018310547,179.8000030517578,177.1614227294922,67823000,0.0,0.0
2023-08-09,180.8699951171875,180.92999267578125,177.00999450683594,178.19000244140625,175.5750274658203,60378500,0.0,0.0
2023-08-10,179.47999572753906,180.75,177.60000610351562,177.97000122070312,175.3582763671875,54686900,0.0,0.0
2023-08-11,177.32000732421875,178.6199951171875,176.5500030517578,177.7899932861328,175.4174346923828,52036700,0.24,0.0
2023-08-14,177.97000122070312,179.69000244140625,177.30999755859375,179.4600067138672,177.06515502929688,43675600,0.0,0.0
2023-08-15,178.8800048828125,179.47999572753906,177.0500030517578,177.4499969482422,175.0819854736328,43622600,0.0,0.0
2023-08-16,177.1300048828125,178.5399932861328,176.5,176.57000732421875,174.2137451171875,46964900,0.0,0.0
2023-08-17,177.13999938964844,177.50999450683594,173.47999572753906,174.0,171.67803955078125,66062900,0.0,0.0
2023-08-18,172.3000030517578,175.10000610351562,171.9600067138672,174.49000549316406,172.16152954101562,61172200,0.0,0.0
2023-08-21,175.07000732421875,176.1300048828125,173.74000549316406,175.83999633789062,173.4934844970703,46311900,0.0,0.0
2023-08-22,177.05999755859375,177.67999267578125,176.25,177.22999572753906,174.86492919921875,42038900,0.0,0.0
2023-08-23,178.52000427246094,181.5500030517578,178.3300018310547,181.1199951171875,178.7030029296875,52722800,0.0,0.0
2023-08-24,180.6699981689453,181.10000610351562,176.00999450683594,176.3800048828125,174.02626037597656,54945800,0.0,0.0
2023-08-25,177.3800048828125,179.14999389648438,175.82000732421875,178.61000061035156,176.22650146484375,51449600,0.0,0.0
2023-08-28,180.08999633789062,180.58999633789062,178.5500030517578,180.19000244140625,177.78543090820312,43820700,0.0,0.0
2023-08-29,179.6999969482422,184.89999389648438,179.5,184.1199951171875,181.66297912597656,53003900,0.0,0.0
2023-08-30,184.94000244140625,187.85000610351562,184.74000549316406,187.64999389648438,185.1458740234375,60813900,0.0,0.0
2023-08-31,187.83999633789062,189.1199951171875,187.47999572753906,187.8699951171875,185.36294555664062,60794500,0.0,0.0
2023-09-01,189.49000549316406,189.9199981689453,188.27999877929688,189.4600067138672,186.93173217773438,45766500,0.0,0.0
2023-09-05,188.27999877929688,189.97999572753906,187.61000061035156,189.6999969482422,187.16851806640625,45280000,0.0,0.0
2023-09-06,188.39999389648438,188.85000610351562,181.47000122070312,182.91000366210938,180.4691162109375,81755800,0.0,0.0
2023-09-07,175.17999267578125,178.2100067138672,173.5399932861328,177.55999755859375,175.19052124023438,112488800,0.0,0.0
2023-09-08,178.35000610351562,180.24000549316406,177.7899932861328,178.17999267578125,175.80227661132812,65551300,0.0,0.0
2023-09-11,180.07000732421875,180.3000030517578,177.33999633789062,179.36000061035156,176.9665069580078,58953100,0.0,0.0
2023-09-12,179.49000549316406,180.1300048828125,174.82000732421875,176.3000030517578,173.9473419189453,90370200,0.0,0.0
2023-09-13,176.50999450683594,177.3000030517578,173.97999572753906,174.2100067138672,171.88526916503906,84267900,0.0,0.0
2023-09-14,174.0,176.10000610351562,173.5800018310547,175.74000549316406,173.39480590820312,60895800,0.0,0.0
2023-09-15,176.47999572753906,176.5,173.82000732421875,175.00999450683594,172.67454528808594,109259500,0.0,0.0
2023-09-18,176.47999572753906,179.3800048828125,176.1699981689453,177.97000122070312,175.59507751464844,67257600,0.0,0.0
2023-09-19,177.52000427246094,179.6300048828125,177.1300048828125,179.07000732421875,176.6803741455078,51826900,0.0,0.0
2023-09-20,179.25999450683594,179.6999969482422,175.39999389648438,175.49000549316406,173.1481475830078,58436200,0.0,0.0
2023-09-21,174.5500030517578,176.3000030517578,173.86000061035156,173.92999267578125,171.60894775390625,63149100,0.0,0.0
2023-09-22,174.6699981689453,177.0800018310547,174.0500030517578,174.7899932861328,172.45750427246094,56725400,0.0,0.0
2023-09-25,174.1999969482422,176.97000122070312,174.14999389648438,176.0800018310547,173.73028564453125,46172700,0.0,0.0
2023-09-26,174.82000732421875,175.1999969482422,171.66000366210938,171.9600067138672,169.66526794433594,64588900,0.0,0.0
2023-09-27,172.6199951171875,173.0399932861328,169.0500030517578,170.42999267578125,168.15567016601562,66921800,0.0,0.0
2023-09-28,169.33999633789062,172.02999877929688,167.6199951171875,170.69000244140625,168.41221618652344,56294400,0.0,0.0
2023-09-29,172.02000427246094,173.07000732421875,170.33999633789062,171.2100067138672,168.92527770996094,51861100,0.0,0.0
2023-10-02,171.22000122070312,174.3000030517578,170.92999267578125,173.75,171.431396484375,52164500,0.0,0.0
2023-10-03,172.25999450683594,173.6300048828125,170.82000732421875,172.39999389648438,170.09934997558594,49594600,0.0,0.0
2023-10-04,171.08999633789062,174.2100067138672,170.97000122070312,173.66000366210938,171.34254455566406,53020300,0.0,0.0
2023-10-05,173.7899932861328,175.4499969482422,172.67999267578125,174.91000366210938,172.57589721679688,48527900,0.0,0.0
2023-10-06,173.8000030517578,177.99000549316406,173.17999267578125,177.49000549316406,175.12147521972656,57266700,0.0,0.0
2023-10-09,176.80999755859375,179.0500030517578,175.8000030517578,178.99000549316406,176.60147094726562,42390800,0.0,0.0
2023-10-10,178.10000610351562,179.72000122070312,177.9499969482422,178.38999938964844,176.00946044921875,43698000,0.0,0.0
2023-10-11,178.1999969482422,179.85000610351562,177.60000610351562,179.8000030517578,177.40065002441406,47551100,0.0,0.0
2023-10-12,180.07000732421875,182.33999633789062,179.0399932861328,180.7100067138672,178.29849243164062,56743100,0.0,0.0
2023-10-13,181.4199981689453,181.92999267578125,178.13999938964844,178.85000610351562,176.4633331298828,51427100,0.0,0.0
2023-10-16,176.75,179.0800018310547,176.50999450683594,178.72000122070312,176.33505249023438,52517000,0.0,0.0
2023-10-17,176.64999389648438,178.4199981689453,174.8000030517578,177.14999389648438,174.78599548339844,57549400,0.0,0.0
2023-10-18,175.5800018310547,177.5800018310547,175.11000061035156,175.83999633789062,173.4934844970703,54764400,0.0,0.0
2023-10-19,176.0399932861328,177.83999633789062,175.19000244140625,175.4600067138672,173.1185302734375,59302900,0.0,0.0
2023-10-20,175.30999755859375,175.4199981689453,172.63999938964844,172.8800048828125,170.57298278808594,64244000,0.0,0.0
2023-10-23,170.91000366210938,174.00999450683594,169.92999267578125,173.0,170.69137573242188,55980100,0.0,0.0
2023-10-24,173.0500030517578,173.6699981689453,171.4499969482422,173.44000244140625,171.12548828125,43816600,0.0,0.0
2023-10-25,171.8800048828125,173.05999755859375,170.64999389648438,171.10000610351562,168.81674194335938,57157000,0.0,0.0
2023-10-26,170.3699951171875,171.3800048828125,165.6699981689453,166.88999938964844,164.6628875732422,70625300,0.0,0.0
2023-10-27,166.91000366210938,168.9600067138672,166.8300018310547,168.22000122070312,165.97518920898438,58499100,0.0,0.0
2023-10-30,169.02000427246094,171.1699981689453,168.8699951171875,170.2899932861328,168.01751708984375,51131000,0.0,0.0
2023-10-31,169.35000610351562,170.89999389648438,167.89999389648438,170.77000427246094,168.49114990234375,44846000,0.0,0.0
2023-11-01,171.0,174.22999572753906,170.1199951171875,173.97000122070312,171.6484375,56934900,0.0,0.0
2023-11-02,175.52000427246094,177.77999877929688,175.4600067138672,177.57000732421875,175.2003936767578,77334800,0.0,0.0
2023-11-03,174.24000549316406,176.82000732421875,173.35000610351562,176.64999389648438,174.2926483154297,79829200,0.0,0.0
2023-11-06,176.3800048828125,179.42999267578125,176.2100067138672,179.22999572753906,176.83824157714844,63841300,0.0,0.0
2023-11-07,179.17999267578125,182.44000244140625,178.97000122070312,181.82000732421875,179.39370727539062,70530000,0.0,0.0
2023-11-08,182.35000610351562,183.4499969482422,181.58999633789062,182.88999938964844,180.4494171142578,49340300,0.0,0.0
2023-11-09,182.9600067138672,184.1199951171875,181.80999755859375,182.41000366210938,179.975830078125,53763500,0.0,0.0
2023-11-10,183.97000122070312,186.57000732421875,183.52999877929688,186.39999389648438,184.1548614501953,66133400,0.24,0.0
2023-11-13,185.82000732421875,186.02999877929688,184.2100067138672,184.8000030517578,182.57411193847656,43627500,0.0,0.0
2023-11-14,187.6999969482422,188.11000061035156,186.3000030517578,187.44000244140625,185.1823272705078,60108400,0.0,0.0
2023-11-15,187.85000610351562,189.5,187.77999877929688,188.00999450683594,185.74545288085938,53790500,0.0,0.0
2023-11-16,189.57000732421875,190.9600067138672,188.64999389648438,189.7100067138672,187.4249725341797,54412900,0.0,0.0
2023-11-17,190.25,190.3800048828125,188.57000732421875,189.69000244140625,187.40525817871094,50922700,0.0,0.0
2023-11-20,189.88999938964844,191.91000366210938,189.8800048828125,191.4499969482422,189.14402770996094,46505100,0.0,0.0
2023-11-21,191.41000366210938,191.52000427246094,189.74000549316406,190.63999938964844,188.3437957763672,38134500,0.0,0.0
2023-11-22,191.49000549316406,192.92999267578125,190.8300018310547,191.30999755859375,189.00572204589844,39617700,0.0,0.0
2023-11-24,190.8699951171875,190.89999389648438,189.25,189.97000122070312,187.68186950683594,24048300,0.0,0.0
2023-11-27,189.9199981689453,190.6699981689453,188.89999389648438,189.7899932861328,187.50401306152344,40552600,0.0,0.0
2023-11-28,189.77999877929688,191.0800018310547,189.39999389648438,190.39999389648438,188.10667419433594,38415400,0.0,0.0
2023-11-29,190.89999389648438,192.08999633789062,188.97000122070312,189.3699951171875,187.08909606933594,43014200,0.0,0.0
2023-11-30,189.83999633789062,190.32000732421875,188.19000244140625,189.9499969482422,187.66209411621094,48794400,0.0,0.0
2023-12-01,190.3300018310547,191.55999755859375,189.22999572753906,191.24000549316406,188.93658447265625,45704800,0.0,0.0
2023-12-04,189.97999572753906,190.0500030517578,187.4499969482422,189.42999267578125,187.14834594726562,43389500,0.0,0.0
2023-12-05,190.2100067138672,194.39999389648438,190.17999267578125,193.4199981689453,191.09027099609375,66628400,0.0,0.0
2023-12-06,194.4499969482422,194.75999450683594,192.11000061035156,192.32000732421875,190.00357055664062,41089700,0.0,0.0
2023-12-07,193.6300048828125,195.0,193.58999633789062,194.27000427246094,191.9300537109375,47477700,0.0,0.0
2023-12-08,194.1999969482422,195.99000549316406,193.6699981689453,195.7100067138672,193.3527374267578,53406400,0.0,0.0
2023-12-11,193.11000061035156,193.49000549316406,191.4199981689453,193.17999267578125,190.85317993164062,60943700,0.0,0.0
2023-12-12,193.0800018310547,194.72000122070312,191.72000122070312,194.7100067138672,192.36477661132812,52696900,0.0,0.0
2023-12-13,195.08999633789062,198.0,194.85000610351562,197.9600067138672,195.57562255859375,70404200,0.0,0.0
2023-12-14,198.02000427246094,199.6199951171875,196.16000366210938,198.11000061035156,195.7238006591797,66831600,0.0,0.0
2023-12-15,197.52999877929688,198.39999389648438,197.0,197.57000732421875,195.19032287597656,128538400,0.0,0.0
2023-12-18,196.08999633789062,196.6300048828125,194.38999938964844,195.88999938964844,193.53054809570312,55751900,0.0,0.0
2023-12-19,196.16000366210938,196.9499969482422,195.88999938964844,196.94000244140625,194.56788635253906,40714100,0.0,0.0
2023-12-20,196.89999389648438,197.67999267578125,194.8300018310547,194.8300018310547,192.4833526611328,52242800,0.0,0.0
2023-12-21,196.10000610351562,197.0800018310547,193.5,194.67999267578125,192.3351287841797,46482500,0.0,0.0
2023-12-22,195.17999267578125,195.41000366210938,192.97000122070312,193.60000610351562,191.26812744140625,37149600,0.0,0.0
2023-12-26,193.61000061035156,193.88999938964844,192.8300018310547,193.0500030517578,190.72479248046875,28919300,0.0,0.0
2023-12-27,192.49000549316406,193.5,191.08999633789062,193.14999389648438,190.82351684570312,48087700,0.0,0.0
2023-12-28,194.13999938964844,194.66000366210938,193.1699981689453,193.5800018310547,191.2483673095703,34049900,0.0,0.0
2023-12-29,193.89999389648438,194.39999389648438,191.72999572753906,192.52999877929688,190.21102905273438,42672100,0.0,0.0
2024-01-02,187.14999389648438,188.44000244140625,183.88999938964844,185.63999938964844,183.4040069580078,82488700,0.0,0.0
2024-01-03,184.22000122070312,185.8800048828125,183.42999267578125,184.25,182.03076171875,58414500,0.0,0.0
2024-01-04,182.14999389648438,183.08999633789062,180.8800048828125,181.91000366210938,179.71893310546875,71983600,0.0,0.0
2024-01-05,181.99000549316406,182.75999450683594,180.1699981689453,181.17999267578125,178.99771118164062,62379700,0.0,0.0
2024-01-08,182.08999633789062,185.60000610351562,181.5,185.55999755859375,183.324951171875,59144500,0.0,0.0
2024-01-09,183.9199981689453,185.14999389648438,182.72999572753906,185.13999938964844,182.9100341796875,42841800,0.0,0.0
2024-01-10,184.35000610351562,186.39999389648438,183.9199981689453,186.19000244140625,183.94740295410156,46792900,0.0,0.0
2024-01-11,186.5399932861328,187.0500030517578,183.6199951171875,185.58999633789062,183.35462951660156,49128400,0.0,0.0
2024-01-12,186.05999755859375,186.74000549316406,185.19000244140625,185.9199981689453,183.6806182861328,40477800,0.0,0.0
2024-01-16,182.16000366210938,184.25999450683594,180.92999267578125,183.6300048828125,181.41824340820312,65603000,0.0,0.0
2024-01-17,181.27000427246094,182.92999267578125,180.3000030517578,182.67999267578125,180.47964477539062,47317400,0.0,0.0
2024-01-18,186.08999633789062,189.13999938964844,185.8300018310547,188.6300048828125,186.35800170898438,78005800,0.0,0.0
2024-01-19,189.3300018310547,191.9499969482422,188.82000732421875,191.55999755859375,189.25270080566406,68903000,0.0,0.0
2024-01-22,192.3000030517578,195.3300018310547,192.25999450683594,193.88999938964844,191.55462646484375,60133900,0.0,0.0
2024-01-23,195.02000427246094,195.75,193.8300018310547,195.17999267578125,192.8291015625,42355600,0.0,0.0
2024-01-24,195.4199981689453,196.3800048828125,194.33999633789062,194.5,192.15731811523438,53631300,0.0,0.0
2024-01-25,195.22000122070312,196.27000427246094,193.11000061035156,194.1699981689453,191.83126831054688,54822100,0.0,0.0
2024-01-26,194.27000427246094,194.75999450683594,191.94000244140625,192.4199981689453,190.1023406982422,44594000,0.0,0.0
2024-01-29,192.00999450683594,192.1999969482422,189.5800018310547,191.72999572753906,189.420654296875,47145600,0.0,0.0
2024-01-30,190.94000244140625,191.8000030517578,187.47000122070312,188.0399932861328,185.7751007080078,55859400,0.0,0.0
2024-01-31,187.0399932861328,187.10000610351562,184.35000610351562,184.39999389648438,182.17893981933594,55467800,0.0,0.0
2024-02-01,183.99000549316406,186.9499969482422,183.82000732421875,186.86000061035156,184.6093292236328,64885400,0.0,0.0
2024-02-02,179.86000061035156,187.3300018310547,179.25,185.85000610351562,183.61151123046875,102551700,0.0,0.0
2024-02-05,188.14999389648438,189.25,185.83999633789062,187.67999267578125,185.41944885253906,69668800,0.0,0.0
2024-02-06,186.86000061035156,189.30999755859375,186.77000427246094,189.3000030517578,187.0199432373047,43490800,0.0,0.0
2024-02-07,190.63999938964844,191.0500030517578,188.61000061035156,189.41000366210938,187.12863159179688,53439000,0.0,0.0
2024-02-08,189.38999938964844,189.5399932861328,187.35000610351562,188.32000732421875,186.0517120361328,40962000,0.0,0.0
2024-02-09,188.64999389648438,189.99000549316406,188.0,188.85000610351562,186.81341552734375,45155200,0.24,0.0
2024-02-12,188.4199981689453,188.6699981689453,186.7899932861328,187.14999389648438,185.13174438476562,41781900,0.0,0.0
2024-02-13,185.77000427246094,186.2100067138672,183.50999450683594,185.0399932861328,183.0445098876953,56529500,0.0,0.0
2024-02-14,185.32000732421875,185.52999877929688,182.44000244140625,184.14999389648438,182.1641082763672,54630500,0.0,0.0
2024-02-15,183.5500030517578,184.49000549316406,181.35000610351562,183.86000061035156,181.87722778320312,65434500,0.0,0.0
2024-02-16,183.4199981689453,184.85000610351562,181.6699981689453,182.30999755859375,180.34396362304688,49752500,0.0,0.0
2024-02-20,181.7899932861328,182.42999267578125,180.0,181.55999755859375,179.60205078125,53665600,0.0,0.0
2024-02-21,181.94000244140625,182.88999938964844,180.66000366210938,182.32000732421875,180.3538360595703,41371400,0.0,0.0
2024-02-22,183.47999572753906,184.9600067138672,182.4600067138672,184.3699951171875,182.3817138671875,52292200,0.0,0.0
2024-02-23,185.00999450683594,185.0399932861328,182.22999572753906,182.52000427246094,180.55169677734375,45119700,0.0,0.0
2024-02-26,182.24000549316406,182.75999450683594,180.64999389648438,181.16000366210938,179.2063751220703,40867400,0.0,0.0
2024-02-27,181.10000610351562,183.9199981689453,179.55999755859375,182.6300048828125,180.6605224609375,54318900,0.0,0.0
2024-02-28,182.50999450683594,183.1199951171875,180.1300048828125,181.4199981689453,179.46356201171875,48953900,0.0,0.0
2024-02-29,181.27000427246094,182.57000732421875,179.52999877929688,180.75,178.80078125,136682600,0.0,0.0
2024-03-01,179.5500030517578,180.52999877929688,177.3800048828125,179.66000366210938,177.72251892089844,73563100,0.0,0.0
2024-03-04,176.14999389648438,176.89999389648438,173.7899932861328,175.10000610351562,173.21168518066406,81510100,0.0,0.0
2024-03-05,170.75999450683594,172.0399932861328,169.6199951171875,170.1199951171875,168.285400390625,95132400,0.0,0.0
2024-03-06,171.05999755859375,171.24000549316406,168.67999267578125,169.1199951171875,167.2962188720703,68587700,0.0,0.0
2024-03-07,169.14999389648438,170.72999572753906,168.49000549316406,169.0,167.17747497558594,71765100,0.0,0.0
2024-03-08,169.0,173.6999969482422,168.94000244140625,170.72999572753906,168.88882446289062,76267000,0.0,0.0
2024-03-11,172.94000244140625,174.3800048828125,172.0500030517578,172.75,170.88702392578125,60139500,0.0,0.0
2024-03-12,173.14999389648438,174.02999877929688,171.00999450683594,173.22999572753906,171.3618621826172,59825400,0.0,0.0
2024-03-13,172.77000427246094,173.19000244140625,170.75999450683594,171.1300048828125,169.28453063964844,52488700,0.0,0.0
2024-03-14,172.91000366210938,174.30999755859375,172.0500030517578,173.0,171.13433837890625,72913500,0.0,0.0
2024-03-15,171.1699981689453,172.6199951171875,170.2899932861328,172.6199951171875,170.7584228515625,121752700,0.0,0.0
2024-03-18,175.57000732421875,177.7100067138672,173.52000427246094,173.72000122070312,171.8466033935547,75604200,0.0,0.0
2024-03-19,174.33999633789062,176.61000061035156,173.02999877929688,176.0800018310547,174.18113708496094,55215200,0.0,0.0
2024-03-20,175.72000122070312,178.6699981689453,175.08999633789062,178.6699981689453,176.74322509765625,53423100,0.0,0.0
2024-03-21,177.0500030517578,177.49000549316406,170.83999633789062,171.3699951171875,169.5219268798828,106181300,0.0,0.0
2024-03-22,171.75999450683594,173.0500030517578,170.05999755859375,172.27999877929688,170.42213439941406,71160100,0.0,0.0
2024-03-25,170.57000732421875,171.94000244140625,169.4499969482422,170.85000610351562,169.00753784179688,54288300,0.0,0.0
2024-03-26,170.0,171.4199981689453,169.5800018310547,169.7100067138672,167.8798370361328,57388400,0.0,0.0
2024-03-27,170.41000366210938,173.60000610351562,170.11000061035156,173.30999755859375,171.44100952148438,60273300,0.0,0.0
2024-03-28,171.75,172.22999572753906,170.50999450683594,171.47999572753906,169.6307373046875,65672700,0.0,0.0
2024-04-01,171.19000244140625,171.25,169.47999572753906,170.02999877929688,168.19638061523438,46240500,0.0,0.0
2024-04-02,169.0800018310547,169.33999633789062,168.22999572753906,168.83999633789062,167.01922607421875,49329500,0.0,0.0
2024-04-03,168.7899932861328,170.67999267578125,168.5800018310547,169.64999389648438,167.82049560546875,47691700,0.0,0.0
2024-04-04,170.2899932861328,171.9199981689453,168.82000732421875,168.82000732421875,166.9994354248047,53704400,0.0,0.0
2024-04-05,169.58999633789062,170.38999938964844,168.9499969482422,169.5800018310547,167.75125122070312,42104800,0.0,0.0
2024-04-08,169.02999877929688,169.1999969482422,168.24000549316406,168.4499969482422,166.63343811035156,37425500,0.0,0.0
2024-04-09,168.6999969482422,170.0800018310547,168.35000610351562,169.6699981689453,167.84024047851562,42373800,0.0,0.0
2024-04-10,168.8000030517578,169.08999633789062,167.11000061035156,167.77999877929688,165.97064208984375,49709300,0.0,0.0
2024-04-11,168.33999633789062,175.4600067138672,168.16000366210938,175.0399932861328,173.15234375,91070300,0.0,0.0
2024-04-12,174.25999450683594,178.36000061035156,174.2100067138672,176.5500030517578,174.6460723876953,101670900,0.0,0.0
2024-04-15,175.36000061035156,176.6300048828125,172.5,172.69000244140625,170.8276824951172,73531800,0.0,0.0
2024-04-16,171.75,173.75999450683594,168.27000427246094,169.3800048828125,167.55340576171875,73711200,0.0,0.0
2024-04-17,169.61000061035156,170.64999389648438,168.0,168.0,166.18829345703125,50901200,0.0,0.0
2024-04-18,168.02999877929688,168.63999938964844,166.5500030517578,167.0399932861328,165.23861694335938,43122900,0.0,0.0
2024-04-19,166.2100067138672,166.39999389648438,164.0800018310547,165.0,163.22061157226562,68149400,0.0,0.0
2024-04-22,165.52000427246094,167.25999450683594,164.77000427246094,165.83999633789062,164.0515594482422,48116400,0.0,0.0
2024-04-23,165.35000610351562,167.0500030517578,164.9199981689453,166.89999389648438,165.10011291503906,49537800,0.0,0.0
2024-04-24,166.5399932861328,169.3000030517578,166.2100067138672,169.02000427246094,167.19728088378906,48251800,0.0,0.0
2024-04-25,169.52999877929688,170.61000061035156,168.14999389648438,169.88999938964844,168.0579071044922,50558300,0.0,0.0
2024-04-26,169.8800048828125,171.33999633789062,169.17999267578125,169.3000030517578,167.47425842285156,44838400,0.0,0.0
2024-04-29,173.3699951171875,176.02999877929688,173.10000610351562,173.5,171.6289520263672,68169400,0.0,0.0
2024-04-30,173.3300018310547,174.99000549316406,170.0,170.3300018310547,168.49314880371094,65934800,0.0,0.0
2024-05-01,169.5800018310547,172.7100067138672,169.11000061035156,169.3000030517578,167.47425842285156,50383100,0.0,0.0
2024-05-02,172.50999450683594,173.4199981689453,170.88999938964844,173.02999877929688,171.16403198242188,94214900,0.0,0.0
2024-05-03,186.64999389648438,187.0,182.66000366210938,183.3800048828125,181.40243530273438,163224100,0.0,0.0
2024-05-06,182.35000610351562,184.1999969482422,180.4199981689453,181.7100067138672,179.75042724609375,78569700,0.0,0.0
2024-05-07,183.4499969482422,184.89999389648438,181.32000732421875,182.39999389648438,180.43295288085938,77305800,0.0,0.0
2024-05-08,182.85000610351562,183.07000732421875,181.4499969482422,182.74000549316406,180.76931762695312,45057100,0.0,0.0
2024-05-09,182.55999755859375,184.66000366210938,182.11000061035156,184.57000732421875,182.57958984375,48983000,0.0,0.0
2024-05-10,184.89999389648438,185.08999633789062,182.1300048828125,183.0500030517578,181.3215789794922,50759500,0.25,0.0
2024-05-13,185.44000244140625,187.10000610351562,184.6199951171875,186.27999877929688,184.52110290527344,72044800,0.0,0.0
2024-05-14,187.50999450683594,188.3000030517578,186.2899932861328,187.42999267578125,185.66021728515625,52393600,0.0,0.0
2024-05-15,187.91000366210938,190.64999389648438,187.3699951171875,189.72000122070312,187.9285888671875,70400000,0.0,0.0
2024-05-16,190.47000122070312,191.10000610351562,189.66000366210938,189.83999633789062,188.04747009277344,52845200,0.0,0.0
2024-05-17,189.50999450683594,190.80999755859375,189.17999267578125,189.8699951171875,188.07717895507812,41282900,0.0,0.0
2024-05-20,189.3300018310547,191.9199981689453,189.00999450683594,191.0399932861328,189.23614501953125,44361300,0.0,0.0
2024-05-21,191.08999633789062,192.72999572753906,190.9199981689453,192.35000610351562,190.5337677001953,42309400,0.0,0.0
2024-05-22,192.27000427246094,192.82000732421875,190.27000427246094,190.89999389648438,189.09744262695312,34648500,0.0,0.0
2024-05-23,190.97999572753906,191.0,186.6300048828125,186.8800048828125,185.11541748046875,51005900,0.0,0.0
2024-05-24,188.82000732421875,190.5800018310547,188.0399932861328,189.97999572753906,188.18614196777344,36327000,0.0,0.0
2024-05-28,191.50999450683594,193.0,189.10000610351562,189.99000549316406,188.196044921875,52280100,0.0,0.0
2024-05-29,189.61000061035156,192.25,189.50999450683594,190.2899932861328,188.49319458007812,53068000,0.0,0.0
2024-05-30,190.75999450683594,192.17999267578125,190.6300048828125,191.2899932861328,189.4837646484375,49889100,0.0,0.0
2024-05-31,191.44000244140625,192.57000732421875,189.91000366210938,192.25,190.43472290039062,75158300,0.0,0.0
2024-06-03,192.89999389648438,194.99000549316406,192.52000427246094,194.02999877929688,192.19789123535156,50080500,0.0,0.0
2024-06-04,194.63999938964844,195.32000732421875,193.02999877929688,194.35000610351562,192.51487731933594,47471400,0.0,0.0
2024-06-05,195.39999389648438,196.89999389648438,194.8699951171875,195.8699951171875,194.0205078125,54156800,0.0,0.0
2024-06-06,195.69000244140625,196.5,194.1699981689453,194.47999572753906,192.64364624023438,41181800,0.0,0.0
2024-06-07,194.64999389648438,196.94000244140625,194.13999938964844,196.88999938964844,195.0308837890625,53103900,0.0,0.0
2024-06-10,196.89999389648438,197.3000030517578,192.14999389648438,193.1199951171875,191.2965087890625,97010200,0.0,0.0
2024-06-11,193.64999389648438,207.16000366210938,193.6300048828125,207.14999389648438,205.19398498535156,172373300,0.0,0.0
2024-06-12,207.3699951171875,220.1999969482422,206.89999389648438,213.07000732421875,211.05809020996094,198134300,0.0,0.0
2024-06-13,214.74000549316406,216.75,211.60000610351562,214.24000549316406,212.21707153320312,97862700,0.0,0.0
2024-06-14,213.85000610351562,215.1699981689453,211.3000030517578,212.49000549316406,210.4835968017578,70122700,0.0,0.0
2024-06-17,213.3699951171875,218.9499969482422,212.72000122070312,216.6699981689453,214.62413024902344,93728300,0.0,0.0
2024-06-18,217.58999633789062,218.6300048828125,213.0,214.2899932861328,212.2666015625,79943300,0.0,0.0
2024-06-20,213.92999267578125,214.24000549316406,208.85000610351562,209.67999267578125,207.7001190185547,86172500,0.0,0.0
2024-06-21,210.38999938964844,211.88999938964844,207.11000061035156,207.49000549316406,205.53079223632812,241805100,0.0,0.0
2024-06-24,207.72000122070312,212.6999969482422,206.58999633789062,208.13999938964844,206.17465209960938,80727000,0.0,0.0
2024-06-25,209.14999389648438,211.3800048828125,208.61000061035156,209.07000732421875,207.09591674804688,55549700,0.0,0.0
2024-06-26,211.5,214.86000061035156,210.63999938964844,213.25,211.23638916015625,66213200,0.0,0.0
2024-06-27,214.69000244140625,215.74000549316406,212.35000610351562,214.10000610351562,212.07839965820312,49772700,0.0,0.0
2024-06-28,215.77000427246094,216.07000732421875,210.3000030517578,210.6199951171875,208.63124084472656,82542700,0.0,0.0
2024-07-01,212.08999633789062,217.50999450683594,211.9199981689453,216.75,214.70335388183594,60402900,0.0,0.0
2024-07-02,216.14999389648438,220.3800048828125,215.10000610351562,220.27000427246094,218.19012451171875,58046200,0.0,0.0
2024-07-03,220.0,221.5500030517578,219.02999877929688,221.5500030517578,219.4580535888672,37369800,0.0,0.0
2024-07-05,221.64999389648438,226.4499969482422,221.64999389648438,226.33999633789062,224.20281982421875,60412400,0.0,0.0
2024-07-08,227.08999633789062,227.85000610351562,223.25,227.82000732421875,225.6688232421875,59085900,0.0,0.0
2024-07-09,227.92999267578125,229.39999389648438,226.3699951171875,228.67999267578125,226.52073669433594,48076100,0.0,0.0
2024-07-10,229.3000030517578,233.0800018310547,229.25,232.97999572753906,230.78012084960938,62627700,0.0,0.0
2024-07-11,231.38999938964844,232.38999938964844,225.77000427246094,227.57000732421875,225.4211883544922,64710600,0.0,0.0
2024-07-12,228.9199981689453,232.63999938964844,228.67999267578125,230.5399932861328,228.36312866210938,53046500,0.0,0.0
2024-07-15,236.47999572753906,237.22999572753906,233.08999633789062,234.39999389648438,232.1866912841797,62631300,0.0,0.0
2024-07-16,235.0,236.27000427246094,232.3300018310547,234.82000732421875,232.60275268554688,43234300,0.0,0.0
2024-07-17,229.4499969482422,231.4600067138672,226.63999938964844,228.8800048828125,226.7188262939453,57345900,0.0,0.0
2024-07-18,230.27999877929688,230.44000244140625,222.27000427246094,224.17999267578125,222.06321716308594,66034600,0.0,0.0
2024-07-19,224.82000732421875,226.8000030517578,223.27999877929688,224.30999755859375,222.1919708251953,49151500,0.0,0.0
2024-07-22,227.00999450683594,227.77999877929688,223.08999633789062,223.9600067138672,221.84532165527344,48201800,0.0,0.0
2024-07-23,224.3699951171875,226.94000244140625,222.67999267578125,225.00999450683594,222.88534545898438,39960300,0.0,0.0
2024-07-24,224.0,224.8000030517578,217.1300048828125,218.5399932861328,216.47647094726562,61777600,0.0,0.0
2024-07-25,218.92999267578125,220.85000610351562,214.6199951171875,217.49000549316406,215.43638610839844,51391200,0.0,0.0
2024-07-26,218.6999969482422,219.49000549316406,216.00999450683594,217.9600067138672,215.90194702148438,41601300,0.0,0.0
2024-07-29,216.9600067138672,219.3000030517578,215.75,218.24000549316406,216.17929077148438,36311800,0.0,0.0
2024-07-30,219.19000244140625,220.3300018310547,216.1199951171875,218.8000030517578,216.73402404785156,41643800,0.0,0.0
2024-07-31,221.44000244140625,223.82000732421875,220.6300048828125,222.0800018310547,219.9830322265625,50036300,0.0,0.0
2024-08-01,224.3699951171875,224.47999572753906,217.02000427246094,218.36000061035156,216.2981719970703,62501000,0.0,0.0
2024-08-02,219.14999389648438,225.60000610351562,217.7100067138672,219.86000061035156,217.78399658203125,105568600,0.0,0.0
2024-08-05,199.08999633789062,213.5,196.0,209.27000427246094,207.29400634765625,119548600,0.0,0.0
2024-08-06,205.3000030517578,209.99000549316406,201.07000732421875,207.22999572753906,205.27325439453125,69660500,0.0,0.0
2024-08-07,206.89999389648438,213.63999938964844,206.38999938964844,209.82000732421875,207.83880615234375,63516400,0.0,0.0
2024-08-08,213.11000061035156,214.1999969482422,208.8300018310547,213.30999755859375,211.29583740234375,47161100,0.0,0.0
2024-08-09,212.10000610351562,216.77999877929688,211.97000122070312,216.24000549316406,214.1981964111328,42201600,0.0,0.0
2024-08-12,216.07000732421875,219.50999450683594,215.60000610351562,217.52999877929688,215.72540283203125,38028100,0.25,0.0
2024-08-13,219.00999450683594,221.88999938964844,219.00999450683594,221.27000427246094,219.4344024658203,44155300,0.0,0.0
2024-08-14,220.57000732421875,223.02999877929688,219.6999969482422,221.72000122070312,219.88067626953125,41960600,0.0,0.0
2024-08-15,224.60000610351562,225.35000610351562,222.75999450683594,224.72000122070312,222.85574340820312,46414000,0.0,0.0
2024-08-16,223.9199981689453,226.8300018310547,223.64999389648438,226.0500030517578,224.17474365234375,44340200,0.0,0.0
2024-08-19,225.72000122070312,225.99000549316406,223.0399932861328,225.88999938964844,224.0160675048828,40687800,0.0,0.0
2024-08-20,225.77000427246094,227.1699981689453,225.4499969482422,226.50999450683594,224.63092041015625,30299000,0.0,0.0
2024-08-21,226.52000427246094,227.97999572753906,225.0500030517578,226.39999389648438,224.52182006835938,34765500,0.0,0.0
2024-08-22,227.7899932861328,228.33999633789062,223.89999389648438,224.52999877929688,222.66732788085938,43695300,0.0,0.0
2024-08-23,225.66000366210938,228.22000122070312,224.3300018310547,226.83999633789062,224.9581756591797,38677300,0.0,0.0
2024-08-26,226.75999450683594,227.27999877929688,223.88999938964844,227.17999267578125,225.2953643798828,30602200,0.0,0.0
2024-08-27,226.0,228.85000610351562,224.88999938964844,228.02999877929688,226.1383056640625,35934600,0.0,0.0
2024-08-28,227.9199981689453,229.86000061035156,225.67999267578125,226.49000549316406,224.61109924316406,38052200,0.0,0.0
2024-08-29,230.10000610351562,232.9199981689453,228.8800048828125,229.7899932861328,227.88368225097656,51906300,0.0,0.0
2024-08-30,230.19000244140625,230.39999389648438,227.47999572753906,229.0,227.10028076171875,52990800,0.0,0.0
2024-09-03,228.5500030517578,229.0,221.1699981689453,222.77000427246094,220.92193603515625,50190600,0.0,0.0
2024-09-04,221.66000366210938,221.77999877929688,217.47999572753906,220.85000610351562,219.01788330078125,43840200,0.0,0.0
2024-09-05,221.6300048828125,225.47999572753906,221.52000427246094,222.3800048828125,220.53518676757812,36615400,0.0,0.0
2024-09-06,223.9499969482422,225.24000549316406,219.77000427246094,220.82000732421875,218.98814392089844,48423000,0.0,0.0
2024-09-09,220.82000732421875,221.27000427246094,216.7100067138672,220.91000366210938,219.07737731933594,67180000,0.0,0.0
2024-09-10,218.9199981689453,221.47999572753906,216.72999572753906,220.11000061035156,218.2840118408203,51591000,0.0,0.0
2024-09-11,221.4600067138672,223.08999633789062,217.88999938964844,222.66000366210938,220.81285095214844,44587100,0.0,0.0
2024-09-12,222.5,223.5500030517578,219.82000732421875,222.77000427246094,220.92193603515625,37455600,0.0,0.0
2024-09-13,223.5800018310547,224.0399932861328,221.91000366210938,222.5,220.6541748046875,36766600,0.0,0.0
2024-09-16,216.5399932861328,217.22000122070312,213.9199981689453,216.32000732421875,214.5254669189453,59357400,0.0,0.0
2024-09-17,215.75,216.89999389648438,214.5,216.7899932861328,214.9915313720703,45519300,0.0,0.0
2024-09-18,217.5500030517578,222.7100067138672,217.5399932861328,220.69000244140625,218.85919189453125,59894900,0.0,0.0
2024-09-19,224.99000549316406,229.82000732421875,224.6300048828125,228.8699951171875,226.97132873535156,66781300,0.0,0.0
2024-09-20,229.97000122070312,233.08999633789062,227.6199951171875,228.1999969482422,226.30690002441406,318679900,0.0,0.0
2024-09-23,227.33999633789062,229.4499969482422,225.80999755859375,226.47000122070312,224.5912628173828,54146000,0.0,0.0
2024-09-24,228.64999389648438,229.35000610351562,225.72999572753906,227.3699951171875,225.48377990722656,43556100,0.0,0.0
2024-09-25,224.92999267578125,227.2899932861328,224.02000427246094,226.3699951171875,224.4920654296875,42308700,0.0,0.0
2024-09-26,227.3000030517578,228.5,225.41000366210938,227.52000427246094,225.63253784179688,36636700,0.0,0.0
2024-09-27,228.4600067138672,229.52000427246094,227.3000030517578,227.7899932861328,225.90028381347656,34026000,0.0,0.0
2024-09-30,230.0399932861328,233.0,229.64999389648438,233.0,231.06707763671875,54541900,0.0,0.0
2024-10-01,229.52000427246094,229.64999389648438,223.74000549316406,226.2100067138672,224.3334197998047,63285000,0.0,0.0
2024-10-02,225.88999938964844,227.3699951171875,223.02000427246094,226.77999877929688,224.898681640625,32880600,0.0,0.0
2024-10-03,225.13999938964844,226.80999755859375,223.32000732421875,225.6699981689453,223.79786682128906,34044200,0.0,0.0
2024-10-04,227.89999389648438,228.0,224.1300048828125,226.8000030517578,224.91851806640625,37245100,0.0,0.0
2024-10-07,224.5,225.69000244140625,221.3300018310547,221.69000244140625,219.85089111328125,39505400,0.0,0.0
2024-10-08,224.3000030517578,225.97999572753906,223.25,225.77000427246094,223.89706420898438,31855700,0.0,0.0
2024-10-09,225.22999572753906,229.75,224.8300018310547,229.5399932861328,227.63577270507812,33591100,0.0,0.0
2024-10-10,227.77999877929688,229.5,227.1699981689453,229.0399932861328,227.13992309570312,28183500,0.0,0.0
2024-10-11,229.3000030517578,229.41000366210938,227.33999633789062,227.5500030517578,225.6623077392578,31759200,0.0,0.0
2024-10-14,228.6999969482422,231.72999572753906,228.60000610351562,231.3000030517578,229.3811798095703,39882100,0.0,0.0
2024-10-15,233.61000061035156,237.49000549316406,232.3699951171875,233.85000610351562,231.9100341796875,64751400,0.0,0.0
2024-10-16,231.60000610351562,232.1199951171875,229.83999633789062,231.77999877929688,229.857177734375,34082200,0.0,0.0
2024-10-17,233.42999267578125,233.85000610351562,230.52000427246094,232.14999389648438,230.22410583496094,32993800,0.0,0.0
2024-10-18,236.17999267578125,236.17999267578125,234.00999450683594,235.0,233.05047607421875,46431500,0.0,0.0
2024-10-21,234.4499969482422,236.85000610351562,234.4499969482422,236.47999572753906,234.51821899414062,36254500,0.0,0.0
2024-10-22,233.88999938964844,236.22000122070312,232.60000610351562,235.86000061035156,233.90338134765625,38846600,0.0,0.0
2024-10-23,234.0800018310547,235.13999938964844,227.75999450683594,230.75999450683594,228.8456573486328,52287000,0.0,0.0
2024-10-24,229.97999572753906,230.82000732421875,228.41000366210938,230.57000732421875,228.65724182128906,31109500,0.0,0.0
2024-10-25,229.74000549316406,233.22000122070312,229.57000732421875,231.41000366210938,229.4902801513672,38802300,0.0,0.0
2024-10-28,233.32000732421875,234.72999572753906,232.5500030517578,233.39999389648438,231.4637451171875,36087100,0.0,0.0
2024-10-29,233.10000610351562,234.3300018310547,232.32000732421875,233.6699981689453,231.73150634765625,35417200,0.0,0.0
2024-10-30,232.61000061035156,233.47000122070312,229.5500030517578,230.10000610351562,228.191162109375,47070900,0.0,0.0
2024-10-31,229.33999633789062,229.8300018310547,225.3699951171875,225.91000366210938,224.035888671875,64370100,0.0,0.0
2024-11-01,220.97000122070312,225.35000610351562,220.27000427246094,222.91000366210938,221.06077575683594,65276700,0.0,0.0
2024-11-04,220.99000549316406,222.7899932861328,219.7100067138672,222.00999450683594,220.16822814941406,44944500,0.0,0.0
2024-11-05,221.8000030517578,223.9499969482422,221.13999938964844,223.4499969482422,221.59629821777344,28111300,0.0,0.0
2024-11-06,222.61000061035156,226.07000732421875,221.19000244140625,222.72000122070312,220.87237548828125,54561100,0.0,0.0
2024-11-07,224.6300048828125,227.8800048828125,224.57000732421875,227.47999572753906,225.59288024902344,42137700,0.0,0.0
2024-11-08,227.1699981689453,228.66000366210938,226.41000366210938,226.9600067138672,225.32481384277344,38328800,0.25,0.0
2024-11-11,225.0,225.6999969482422,221.5,224.22999572753906,222.61448669433594,42005600,0.0,0.0
2024-11-12,224.5500030517578,225.58999633789062,223.36000061035156,224.22999572753906,222.61448669433594,40398300,0.0,0.0
2024-11-13,224.00999450683594,226.64999389648438,222.75999450683594,225.1199951171875,223.49806213378906,48566200,0.0,0.0
2024-11-14,225.02000427246094,228.8699951171875,225.0,228.22000122070312,226.5757293701172,44923900,0.0,0.0
2024-11-15,226.39999389648438,226.9199981689453,224.27000427246094,225.0,223.37893676757812,47923700,0.0,0.0
2024-11-18,225.25,229.74000549316406,225.1699981689453,228.02000427246094,226.37718200683594,44633700,0.0,0.0
2024-11-19,226.97999572753906,230.16000366210938,226.66000366210938,228.27999877929688,226.6352996826172,36211800,0.0,0.0
2024-11-20,228.05999755859375,229.92999267578125,225.88999938964844,229.0,227.35011291503906,35169600,0.0,0.0
2024-11-21,228.8800048828125,230.16000366210938,225.7100067138672,228.52000427246094,226.87356567382812,42108300,0.0,0.0
2024-11-22,228.05999755859375,230.72000122070312,228.05999755859375,229.8699951171875,228.2138214111328,38168300,0.0,0.0
2024-11-25,231.4600067138672,233.25,229.74000549316406,232.8699951171875,231.19223022460938,90152800,0.0,0.0
2024-11-26,233.3300018310547,235.57000732421875,233.3300018310547,235.05999755859375,233.366455078125,45986200,0.0,0.0
2024-11-27,234.47000122070312,235.69000244140625,233.80999755859375,234.92999267578125,233.2373809814453,33498400,0.0,0.0
2024-11-29,234.80999755859375,237.80999755859375,233.97000122070312,237.3300018310547,235.6201171875,28481400,0.0,0.0
2024-12-02,237.27000427246094,240.7899932861328,237.16000366210938,239.58999633789062,237.86383056640625,48137100,0.0,0.0
2024-12-03,239.80999755859375,242.75999450683594,238.89999389648438,242.64999389648438,240.90176391601562,38861000,0.0,0.0
2024-12-04,242.8699951171875,244.11000061035156,241.25,243.00999450683594,241.25917053222656,44383900,0.0,0.0
2024-12-05,243.99000549316406,244.5399932861328,242.1300048828125,243.0399932861328,241.28895568847656,40033900,0.0,0.0
2024-12-06,242.91000366210938,244.6300048828125,242.0800018310547,242.83999633789062,241.09039306640625,36870600,0.0,0.0
2024-12-09,241.8300018310547,247.24000549316406,241.75,246.75,244.9722442626953,44649200,0.0,0.0
2024-12-10,246.88999938964844,248.2100067138672,245.33999633789062,247.77000427246094,245.98489379882812,36914800,0.0,0.0
2024-12-11,247.9600067138672,250.8000030517578,246.25999450683594,246.49000549316406,244.71412658691406,45205800,0.0,0.0
2024-12-12,246.88999938964844,248.74000549316406,245.67999267578125,247.9600067138672,246.1735382080078,32777500,0.0,0.0
2024-12-13,247.82000732421875,249.2899932861328,246.24000549316406,248.1300048828125,246.34230041503906,33155300,0.0,0.0
2024-12-16,247.99000549316406,251.3800048828125,247.64999389648438,251.0399932861328,249.23130798339844,51694800,0.0,0.0
2024-12-17,250.0800018310547,253.8300018310547,249.77999877929688,253.47999572753906,251.65374755859375,51356400,0.0,0.0
2024-12-18,252.16000366210938,254.27999877929688,247.74000549316406,248.0500030517578,246.26287841796875,56774100,0.0,0.0
2024-12-19,247.5,252.0,247.08999633789062,249.7899932861328,247.99032592773438,60882300,0.0,0.0
2024-12-20,248.0399932861328,255.0,245.69000244140625,254.49000549316406,252.656494140625,147495300,0.0,0.0
2024-12-23,254.77000427246094,255.64999389648438,253.4499969482422,255.27000427246094,253.4308624267578,40858800,0.0,0.0
2024-12-24,255.49000549316406,258.2099914550781,255.2899932861328,258.20001220703125,256.3397521972656,23234700,0.0,0.0
2024-12-26,258.19000244140625,260.1000061035156,257.6300048828125,259.0199890136719,257.15380859375,27237100,0.0,0.0
2024-12-27,257.8299865722656,258.70001220703125,253.05999755859375,255.58999633789062,253.74853515625,42355300,0.0,0.0
2024-12-30,252.22999572753906,253.5,250.75,252.1999969482422,250.3829803466797,35557500,0.0,0.0
2024-12-31,252.44000244140625,253.27999877929688,249.42999267578125,250.4199981689453,248.61578369140625,39480700,0.0,0.0
2025-01-02,248.92999267578125,249.10000610351562,241.82000732421875,243.85000610351562,242.09312438964844,55740700,0.0,0.0
2025-01-03,243.36000061035156,244.17999267578125,241.88999938964844,243.36000061035156,241.6066436767578,40244100,0.0,0.0
2025-01-06,244.30999755859375,247.3300018310547,243.1999969482422,245.0,243.23484802246094,45045600,0.0,0.0
2025-01-07,242.97999572753906,245.5500030517578,241.35000610351562,242.2100067138672,240.46495056152344,40856000,0.0,0.0
2025-01-08,241.9199981689453,243.7100067138672,240.0500030517578,242.6999969482422,240.95138549804688,37628900,0.0,0.0
2025-01-10,240.00999450683594,240.16000366210938,233.0,236.85000610351562,235.1435546875,61710900,0.0,0.0
2025-01-13,233.52999877929688,234.6699981689453,229.72000122070312,234.39999389648438,232.71119689941406,49630700,0.0,0.0
2025-01-14,234.75,236.1199951171875,232.47000122070312,233.27999877929688,231.59927368164062,39435300,0.0,0.0
2025-01-15,234.63999938964844,238.9600067138672,234.42999267578125,237.8699951171875,236.1562042236328,39832000,0.0,0.0
2025-01-16,237.35000610351562,238.00999450683594,228.02999877929688,228.25999450683594,226.61546325683594,71759100,0.0,0.0
2025-01-17,232.1199951171875,232.2899932861328,228.47999572753906,229.97999572753906,228.3230438232422,68488300,0.0,0.0
2025-01-21,224.0,224.4199981689453,219.3800048828125,222.63999938964844,221.03594970703125,98070400,0.0,0.0
2025-01-22,219.7899932861328,224.1199951171875,219.7899932861328,223.8300018310547,222.21739196777344,64126500,0.0,0.0
2025-01-23,224.74000549316406,227.02999877929688,222.3000030517578,223.66000366210938,222.048583984375,60234800,0.0,0.0
2025-01-24,224.77999877929688,225.6300048828125,221.41000366210938,222.77999877929688,221.1749267578125,54697900,0.0,0.0
2025-01-27,224.02000427246094,232.14999389648438,223.97999572753906,229.86000061035156,228.20391845703125,94863400,0.0,0.0
2025-01-28,230.85000610351562,240.19000244140625,230.80999755859375,238.25999450683594,236.54342651367188,75707600,0.0,0.0
2025-01-29,234.1199951171875,239.86000061035156,234.00999450683594,239.36000061035156,237.63548278808594,45486100,0.0,0.0
2025-01-30,238.6699981689453,240.7899932861328,237.2100067138672,237.58999633789062,235.8782196044922,55658300,0.0,0.0
2025-01-31,247.19000244140625,247.19000244140625,233.44000244140625,236.0,234.2996826171875,100959800,0.0,0.0
2025-02-03,229.99000549316406,231.8300018310547,225.6999969482422,228.00999450683594,226.36724853515625,73063300,0.0,0.0
2025-02-04,227.25,233.1300048828125,226.64999389648438,232.8000030517578,231.12274169921875,45067300,0.0,0.0
2025-02-05,228.52999877929688,232.6699981689453,228.27000427246094,232.47000122070312,230.79513549804688,39620300,0.0,0.0
2025-02-06,231.2899932861328,233.8000030517578,230.42999267578125,233.22000122070312,231.53973388671875,29925300,0.0,0.0
2025-02-07,232.60000610351562,234.0,227.25999450683594,227.6300048828125,225.99000549316406,39707200,0.0,0.0
2025-02-10,229.57000732421875,230.58999633789062,227.1999969482422,227.64999389648438,226.2583465576172,33115600,0.25,0.0
2025-02-11,228.1999969482422,235.22999572753906,228.1300048828125,232.6199951171875,231.1979217529297,53718400,0.0,0.0
2025-02-12,231.1999969482422,236.9600067138672,230.67999267578125,236.8699951171875,235.42196655273438,45243300,0.0,0.0
2025-02-13,236.91000366210938,242.33999633789062,235.57000732421875,241.52999877929688,240.05349731445312,53614100,0.0,0.0
2025-02-14,241.25,245.5500030517578,240.99000549316406,244.60000610351562,243.10470581054688,40896200,0.0,0.0
2025-02-18,244.14999389648438,245.17999267578125,241.83999633789062,244.47000122070312,242.9755096435547,48822500,0.0,0.0
2025-02-19,244.66000366210938,246.00999450683594,243.16000366210938,244.8699951171875,243.37306213378906,32204200,0.0,0.0
2025-02-20,244.94000244140625,246.77999877929688,244.2899932861328,245.8300018310547,244.32720947265625,32316900,0.0,0.0
2025-02-21,245.9499969482422,248.69000244140625,245.22000122070312,245.5500030517578,244.0489044189453,53197400,0.0,0.0
2025-02-24,244.92999267578125,248.86000061035156,244.4199981689453,247.10000610351562,245.58941650390625,51326400,0.0,0.0
2025-02-25,248.0,250.0,244.91000366210938,247.0399932861328,245.52981567382812,48013300,0.0,0.0
2025-02-26,244.3300018310547,244.97999572753906,239.1300048828125,240.36000061035156,238.89064025878906,44433600,0.0,0.0
2025-02-27,239.41000366210938,242.4600067138672,237.05999755859375,237.3000030517578,235.84934997558594,41153600,0.0,0.0
2025-02-28,236.9499969482422,242.08999633789062,230.1999969482422,241.83999633789062,240.36160278320312,56833400,0.0,0.0
2025-03-03,241.7899932861328,244.02999877929688,236.11000061035156,238.02999877929688,236.5749053955078,47184000,0.0,0.0
2025-03-04,237.7100067138672,240.07000732421875,234.67999267578125,235.92999267578125,234.4877166748047,53798100,0.0,0.0
2025-03-05,235.4199981689453,236.5500030517578,229.22999572753906,235.74000549316406,234.2989044189453,47227600,0.0,0.0
2025-03-06,234.44000244140625,237.86000061035156,233.16000366210938,235.3300018310547,233.8914031982422,45170400,0.0,0.0
2025-03-07,235.11000061035156,241.3699951171875,234.75999450683594,239.07000732421875,237.6085205078125,46273600,0.0,0.0
2025-03-10,235.5399932861328,236.16000366210938,224.22000122070312,227.47999572753906,226.08937072753906,72071200,0.0,0.0
2025-03-11,223.80999755859375,225.83999633789062,217.4499969482422,220.83999633789062,219.48995971679688,76137400,0.0,0.0
2025-03-12,220.13999938964844,221.75,214.91000366210938,216.97999572753906,215.65357971191406,62547500,0.0,0.0
2025-03-13,215.9499969482422,216.83999633789062,208.4199981689453,209.67999267578125,208.398193359375,61368300,0.0,0.0
2025-03-14,211.25,213.9499969482422,209.5800018310547,213.49000549316406,212.18490600585938,60107600,0.0,0.0
2025-03-17,213.30999755859375,215.22000122070312,209.97000122070312,214.0,212.6917724609375,48073400,0.0,0.0
2025-03-18,214.16000366210938,215.14999389648438,211.49000549316406,212.69000244140625,211.3897705078125,42432400,0.0,0.0
2025-03-19,214.22000122070312,218.75999450683594,213.75,215.24000549316406,213.9241943359375,54385400,0.0,0.0
2025-03-20,213.99000549316406,217.49000549316406,212.22000122070312,214.10000610351562,212.7911834716797,48862900,0.0,0.0
2025-03-21,211.55999755859375,218.83999633789062,211.27999877929688,218.27000427246094,216.9356689453125,94127800,0.0,0.0
2025-03-24,221.0,221.47999572753906,218.5800018310547,220.72999572753906,219.3806610107422,44299500,0.0,0.0
2025-03-25,220.77000427246094,224.10000610351562,220.0800018310547,223.75,222.38217163085938,34493600,0.0,0.0
2025-03-26,223.50999450683594,225.02000427246094,220.47000122070312,221.52999877929688,220.17575073242188,34466100,0.0,0.0
2025-03-27,221.38999938964844,224.99000549316406,220.55999755859375,223.85000610351562,222.48158264160156,37094800,0.0,0.0
2025-03-28,221.6699981689453,223.80999755859375,217.67999267578125,217.89999389648438,216.5679473876953,39818600,0.0,0.0
2025-03-31,217.00999450683594,225.6199951171875,216.22999572753906,222.1300048828125,220.7720947265625,65299300,0.0,0.0
2025-04-01,219.80999755859375,223.67999267578125,218.89999389648438,223.19000244140625,221.8256072998047,36412700,0.0,0.0
2025-04-02,221.32000732421875,225.19000244140625,221.02000427246094,223.88999938964844,222.5213165283203,35905900,0.0,0.0
2025-04-03,205.5399932861328,207.49000549316406,201.25,203.19000244140625,201.94786071777344,103419000,0.0,0.0
2025-04-04,193.88999938964844,199.8800048828125,187.33999633789062,188.3800048828125,187.22842407226562,125910900,0.0,0.0
2025-04-07,177.1999969482422,194.14999389648438,174.6199951171875,181.4600067138672,180.3507080078125,160466300,0.0,0.0
2025-04-08,186.6999969482422,190.33999633789062,169.2100067138672,172.4199981689453,171.365966796875,120859500,0.0,0.0
2025-04-09,171.9499969482422,200.61000061035156,171.88999938964844,198.85000610351562,197.63441467285156,184395900,0.0,0.0
2025-04-10,189.07000732421875,194.77999877929688,183.0,190.4199981689453,189.2559356689453,121880000,0.0,0.0
2025-04-11,186.10000610351562,199.5399932861328,186.05999755859375,198.14999389648438,196.93865966796875,87435900,0.0,0.0
2025-04-14,211.44000244140625,212.94000244140625,201.16000366210938,202.52000427246094,201.28196716308594,101352900,0.0,0.0
2025-04-15,201.86000061035156,203.50999450683594,199.8000030517578,202.13999938964844,200.90426635742188,51343900,0.0,0.0
2025-04-16,198.36000061035156,200.6999969482422,192.3699951171875,194.27000427246094,193.08241271972656,59732400,0.0,0.0
2025-04-17,197.1999969482422,198.8300018310547,194.4199981689453,196.97999572753906,195.77581787109375,52164700,0.0,0.0
2025-04-21,193.27000427246094,193.8000030517578,189.80999755859375,193.16000366210938,191.9791717529297,46742500,0.0,0.0
2025-04-22,196.1199951171875,201.58999633789062,195.97000122070312,199.74000549316406,198.51895141601562,52976400,0.0,0.0
2025-04-23,206.0,208.0,202.8000030517578,204.60000610351562,203.34925842285156,52929200,0.0,0.0
2025-04-24,204.88999938964844,208.8300018310547,202.94000244140625,208.3699951171875,207.09620666503906,47311000,0.0,0.0
2025-04-25,206.3699951171875,209.75,206.1999969482422,209.27999877929688,208.00064086914062,38222300,0.0,0.0
2025-04-28,210.0,211.5,207.4600067138672,210.13999938964844,208.85537719726562,38743100,0.0,0.0
2025-04-29,208.69000244140625,212.24000549316406,208.3699951171875,211.2100067138672,209.91883850097656,36827600,0.0,0.0
2025-04-30,209.3000030517578,213.5800018310547,206.6699981689453,212.5,211.20095825195312,52286500,0.0,0.0
2025-05-01,209.0800018310547,214.55999755859375,208.89999389648438,213.32000732421875,212.0159454345703,57365700,0.0,0.0
2025-05-02,206.08999633789062,206.99000549316406,202.16000366210938,205.35000610351562,204.09466552734375,101010600,0.0,0.0
2025-05-05,203.10000610351562,204.10000610351562,198.2100067138672,198.88999938964844,197.6741485595703,69018500,0.0,0.0
2025-05-06,198.2100067138672,200.64999389648438,197.02000427246094,198.50999450683594,197.29647827148438,51216500,0.0,0.0
2025-05-07,199.1699981689453,199.44000244140625,193.25,196.25,195.05030822753906,68536700,0.0,0.0
2025-05-08,197.72000122070312,200.0500030517578,194.67999267578125,197.49000549316406,196.28271484375,50478900,0.0,0.0
2025-05-09,199.0,200.5399932861328,197.5399932861328,198.52999877929688,197.31634521484375,36453900,0.0,0.0
2025-05-12,210.97000122070312,211.27000427246094,206.75,210.7899932861328,209.77613830566406,63775800,0.26,0.0
2025-05-13,210.42999267578125,213.39999389648438,209.0,212.92999267578125,211.9058380126953,51909300,0.0,0.0
2025-05-14,212.42999267578125,213.94000244140625,210.5800018310547,212.3300018310547,211.3087158203125,49325800,0.0,0.0
2025-05-15,210.9499969482422,212.9600067138672,209.5399932861328,211.4499969482422,210.43295288085938,45029500,0.0,0.0
2025-05-16,212.36000061035156,212.57000732421875,209.77000427246094,211.25999450683594,210.24388122558594,54737900,0.0,0.0
2025-05-19,207.91000366210938,209.47999572753906,204.25999450683594,208.77999877929688,207.77581787109375,46140500,0.0,0.0
2025-05-20,207.6699981689453,208.47000122070312,205.02999877929688,206.86000061035156,205.8650360107422,42496600,0.0,0.0
2025-05-21,205.1699981689453,207.0399932861328,200.7100067138672,202.08999633789062,201.11798095703125,59211800,0.0,0.0
2025-05-22,200.7100067138672,202.75,199.6999969482422,201.36000061035156,200.3914794921875,46742400,0.0,0.0
2025-05-23,193.6699981689453,197.6999969482422,193.4600067138672,195.27000427246094,194.33078002929688,78432900,0.0,0.0
2025-05-27,198.3000030517578,200.74000549316406,197.42999267578125,200.2100067138672,199.24703979492188,56288500,0.0,0.0
2025-05-28,200.58999633789062,202.72999572753906,199.89999389648438,200.4199981689453,199.4560089111328,45339700,0.0,0.0
2025-05-29,203.5800018310547,203.80999755859375,198.50999450683594,199.9499969482422,198.98828125,51396800,0.0,0.0
2025-05-30,199.3699951171875,201.9600067138672,196.77999877929688,200.85000610351562,199.8839569091797,70819900,0.0,0.0
2025-06-02,200.27999877929688,202.1300048828125,200.1199951171875,201.6999969482422,200.7298583984375,35423300,0.0,0.0
2025-06-03,201.35000610351562,203.77000427246094,200.9600067138672,203.27000427246094,202.29232788085938,46381600,0.0,0.0
2025-06-04,202.91000366210938,206.24000549316406,202.10000610351562,202.82000732421875,201.844482421875,43604000,0.0,0.0
2025-06-05,203.5,204.75,200.14999389648438,200.6300048828125,199.66500854492188,55126100,0.0,0.0
2025-06-06,203.0,205.6999969482422,202.0500030517578,203.9199981689453,202.93917846679688,46607700,0.0,0.0
2025-06-09,204.38999938964844,206.0,200.02000427246094,201.4499969482422,200.48106384277344,72862600,0.0,0.0
2025-06-10,200.60000610351562,204.35000610351562,200.57000732421875,202.6699981689453,201.69517517089844,54672600,0.0,0.0
2025-06-11,203.5,204.5,198.41000366210938,198.77999877929688,197.82391357421875,60989900,0.0,0.0
2025-06-12,199.0800018310547,199.67999267578125,197.36000061035156,199.1999969482422,198.24188232421875,43904600,0.0,0.0
2025-06-13,199.72999572753906,200.3699951171875,195.6999969482422,196.4499969482422,195.50509643554688,51447300,0.0,0.0
2025-06-16,197.3000030517578,198.69000244140625,196.55999755859375,198.4199981689453,197.46563720703125,43020700,0.0,0.0
2025-06-17,197.1999969482422,198.38999938964844,195.2100067138672,195.63999938964844,194.69900512695312,38856200,0.0,0.0
2025-06-18,195.94000244140625,197.57000732421875,195.07000732421875,196.5800018310547,195.63449096679688,45394700,0.0,0.0
2025-06-20,198.24000549316406,201.6999969482422,196.86000061035156,201.0,200.03321838378906,96813500,0.0,0.0
2025-06-23,201.6300048828125,202.3000030517578,198.9600067138672,201.5,200.5308074951172,55814300,0.0,0.0
2025-06-24,202.58999633789062,203.44000244140625,200.1999969482422,200.3000030517578,199.33657836914062,54064000,0.0,0.0
2025-06-25,201.4499969482422,203.6699981689453,200.6199951171875,201.55999755859375,200.5905303955078,39525700,0.0,0.0
2025-06-26,201.42999267578125,202.63999938964844,199.4600067138672,201.0,200.03321838378906,50799100,0.0,0.0
2025-06-27,201.88999938964844,203.22000122070312,200.0,201.0800018310547,200.1128387451172,73188600,0.0,0.0
2025-06-30,202.00999450683594,207.38999938964844,199.25999450683594,205.1699981689453,204.1831512451172,91912800,0.0,0.0
2025-07-01,206.6699981689453,210.19000244140625,206.13999938964844,207.82000732421875,206.8204345703125,78788900,0.0,0.0
2025-07-02,208.91000366210938,213.33999633789062,208.13999938964844,212.44000244140625,211.418212890625,67941800,0.0,0.0
2025-07-03,212.14999389648438,214.64999389648438,211.80999755859375,213.5500030517578,212.5228729248047,34955800,0.0,0.0
2025-07-07,212.67999267578125,216.22999572753906,208.8000030517578,209.9499969482422,208.94017028808594,50229000,0.0,0.0
2025-07-08,210.10000610351562,211.42999267578125,208.4499969482422,210.00999450683594,208.99989318847656,42848900,0.0,0.0
2025-07-09,209.52999877929688,211.3300018310547,207.22000122070312,211.13999938964844,210.1244354248047,48749400,0.0,0.0
2025-07-10,210.50999450683594,213.47999572753906,210.02999877929688,212.41000366210938,211.38833618164062,44443600,0.0,0.0
2025-07-11,210.57000732421875,212.1300048828125,209.86000061035156,211.16000366210938,210.1443634033203,39765800,0.0,0.0
2025-07-14,209.92999267578125,210.91000366210938,207.5399932861328,208.6199951171875,207.61656188964844,38840100,0.0,0.0
2025-07-15,209.22000122070312,211.88999938964844,208.9199981689453,209.11000061035156,208.10421752929688,42296300,0.0,0.0
2025-07-16,210.3000030517578,212.39999389648438,208.63999938964844,210.16000366210938,209.14915466308594,47490500,0.0,0.0
2025-07-17,210.57000732421875,211.8000030517578,209.58999633789062,210.02000427246094,209.0098419189453,48068100,0.0,0.0
2025-07-18,210.8699951171875,211.7899932861328,209.6999969482422,211.17999267578125,210.16424560546875,48974600,0.0,0.0
2025-07-21,212.10000610351562,215.77999877929688,211.6300048828125,212.47999572753906,211.45799255371094,51377400,0.0,0.0
2025-07-22,213.13999938964844,214.9499969482422,212.22999572753906,214.39999389648438,213.36875915527344,46404100,0.0,0.0
2025-07-23,215.0,215.14999389648438,212.41000366210938,214.14999389648438,213.11996459960938,46989300,0.0,0.0
2025-07-24,213.89999389648438,215.69000244140625,213.52999877929688,213.75999450683594,212.73184204101562,46022600,0.0,0.0
2025-07-25,214.6999969482422,215.24000549316406,213.39999389648438,213.8800048828125,212.85128784179688,40268800,0.0,0.0
2025-07-28,214.02999877929688,214.85000610351562,213.05999755859375,214.0500030517578,213.02044677734375,37858000,0.0,0.0
2025-07-29,214.17999267578125,214.80999755859375,210.82000732421875,211.27000427246094,210.2538299560547,51411700,0.0,0.0
2025-07-30,211.89999389648438,212.38999938964844,207.72000122070312,209.0500030517578,208.0445098876953,45512500,0.0,0.0
2025-07-31,208.49000549316406,209.83999633789062,207.16000366210938,207.57000732421875,206.5716094970703,80698400,0.0,0.0
2025-08-01,210.8699951171875,213.5800018310547,201.5,202.3800048828125,201.40660095214844,104434500,0.0,0.0
2025-08-04,204.50999450683594,207.8800048828125,201.67999267578125,203.35000610351562,202.37193298339844,75109300,0.0,0.0
2025-08-05,203.39999389648438,205.33999633789062,202.16000366210938,202.9199981689453,201.94400024414062,44155100,0.0,0.0
2025-08-06,205.6300048828125,215.3800048828125,205.58999633789062,213.25,212.22430419921875,108483100,0.0,0.0
2025-08-07,218.8800048828125,220.85000610351562,216.5800018310547,220.02999877929688,218.97171020507812,90224800,0.0,0.0
2025-08-08,220.8300018310547,231.0,219.25,229.35000610351562,228.2468719482422,113854000,0.0,0.0
2025-08-11,227.9199981689453,229.55999755859375,224.75999450683594,227.17999267578125,226.34388732910156,61806100,0.26,0.0
2025-08-12,228.00999450683594,230.8000030517578,227.07000732421875,229.64999389648438,228.80479431152344,55626200,0.0,0.0
2025-08-13,231.07000732421875,235.0,230.42999267578125,233.3300018310547,232.47125244140625,69878500,0.0,0.0
2025-08-14,234.05999755859375,235.1199951171875,230.85000610351562,232.77999877929688,231.9232940673828,51916300,0.0,0.0
2025-08-15,234.0,234.27999877929688,229.33999633789062,231.58999633789062,230.73765563964844,56038700,0.0,0.0
2025-08-18,231.6999969482422,233.1199951171875,230.11000061035156,230.88999938964844,230.04022216796875,37476200,0.0,0.0
2025-08-19,231.27999877929688,232.8699951171875,229.35000610351562,230.55999755859375,229.71145629882812,39402600,0.0,0.0
2025-08-20,229.97999572753906,230.47000122070312,225.77000427246094,226.00999450683594,225.17819213867188,42263900,0.0,0.0
2025-08-21,226.27000427246094,226.52000427246094,223.77999877929688,224.89999389648438,224.07228088378906,30621200,0.0,0.0
2025-08-22,226.1699981689453,229.08999633789062,225.41000366210938,227.75999450683594,226.9217529296875,42477800,0.0,0.0
2025-08-25,226.47999572753906,229.3000030517578,226.22999572753906,227.16000366210938,226.323974609375,30983100,0.0,0.0
2025-08-26,226.8699951171875,229.49000549316406,224.69000244140625,229.30999755859375,228.46603393554688,54575100,0.0,0.0
2025-08-27,228.61000061035156,230.89999389648438,228.25999450683594,230.49000549316406,229.64170837402344,31259500,0.0,0.0
2025-08-28,230.82000732421875,233.41000366210938,229.33999633789062,232.55999755859375,231.70408630371094,38074700,0.0,0.0
2025-08-29,232.50999450683594,233.3800048828125,231.3699951171875,232.13999938964844,231.28564453125,39418400,0.0,0.0
2025-09-02,229.25,230.85000610351562,226.97000122070312,229.72000122070312,228.87454223632812,44075600,0.0,0.0
2025-09-03,237.2100067138672,238.85000610351562,234.36000061035156,238.47000122070312,237.59234619140625,66427800,0.0,0.0
2025-09-04,238.4499969482422,239.89999389648438,236.74000549316406,239.77999877929688,238.89752197265625,47549400,0.0,0.0
2025-09-05,240.0,241.32000732421875,238.49000549316406,239.69000244140625,238.80784606933594,54870400,0.0,0.0
2025-09-08,239.3000030517578,240.14999389648438,236.33999633789062,237.8800048828125,237.0045166015625,48999500,0.0,0.0
2025-09-09,237.0,238.77999877929688,233.36000061035156,234.35000610351562,233.4875030517578,66313900,0.0,0.0
2025-09-10,232.19000244140625,232.4199981689453,225.9499969482422,226.7899932861328,225.95533752441406,83440800,0.0,0.0
2025-09-11,226.8800048828125,230.4499969482422,226.64999389648438,230.02999877929688,229.18341064453125,50208600,0.0,0.0
2025-09-12,229.22000122070312,234.50999450683594,229.02000427246094,234.07000732421875,233.20855712890625,55824200,0.0,0.0
2025-09-15,237.0,238.19000244140625,235.02999877929688,236.6999969482422,235.82884216308594,42699500,0.0,0.0
2025-09-16,237.17999267578125,241.22000122070312,236.32000732421875,238.14999389648438,237.2735137939453,63421100,0.0,0.0
2025-09-17,238.97000122070312,240.10000610351562,237.72999572753906,238.99000549316406,238.1104278564453,46508000,0.0,0.0
2025-09-18,239.97000122070312,241.1999969482422,236.64999389648438,237.8800048828125,237.0045166015625,44249600,0.0,0.0
2025-09-19,241.22999572753906,246.3000030517578,240.2100067138672,245.5,244.59645080566406,163741300,0.0,0.0
2025-09-22,248.3000030517578,256.6400146484375,248.1199951171875,256.0799865722656,255.13751220703125,105517400,0.0,0.0
2025-09-23,255.8800048828125,257.3399963378906,253.5800018310547,254.42999267578125,253.49359130859375,60275200,0.0,0.0
2025-09-24,255.22000122070312,255.74000549316406,251.0399932861328,252.30999755859375,251.38140869140625,42303700,0.0,0.0
2025-09-25,253.2100067138672,257.1700134277344,251.7100067138672,256.8699951171875,255.9246063232422,55202100,0.0,0.0
2025-09-26,254.10000610351562,257.6000061035156,253.77999877929688,255.4600067138672,254.51980590820312,46076300,0.0,0.0
2025-09-29,254.55999755859375,255.0,253.00999450683594,254.42999267578125,253.49359130859375,40127700,0.0,0.0
2025-09-30,254.86000061035156,255.9199981689453,253.11000061035156,254.6300048828125,253.69287109375,37704300,0.0,0.0
2025-10-01,255.0399932861328,258.7900085449219,254.92999267578125,255.4499969482422,254.50985717773438,48713900,0.0,0.0
2025-10-02,256.5799865722656,258.17999267578125,254.14999389648438,257.1300048828125,256.18365478515625,42630200,0.0,0.0
2025-10-03,254.6699981689453,259.239990234375,253.9499969482422,258.0199890136719,257.07037353515625,49155600,0.0,0.0
2025-10-06,257.989990234375,259.07000732421875,255.0500030517578,256.69000244140625,255.7452850341797,44664100,0.0,0.0
2025-10-07,256.80999755859375,257.3999938964844,255.42999267578125,256.4800109863281,255.53607177734375,31955800,0.0,0.0
2025-10-08,256.5199890136719,258.5199890136719,256.1099853515625,258.05999755859375,257.1102294921875,36496900,0.0,0.0
2025-10-09,257.80999755859375,258.0,253.13999938964844,254.0399932861328,253.1050262451172,38322000,0.0,0.0
2025-10-10,254.94000244140625,256.3800048828125,244.0,245.27000427246094,244.3673095703125,61999100,0.0,0.0
2025-10-13,249.3800048828125,249.69000244140625,245.55999755859375,247.66000366210938,246.74851989746094,38142900,0.0,0.0
2025-10-14,246.60000610351562,248.85000610351562,244.6999969482422,247.77000427246094,246.85812377929688,35478000,0.0,0.0
2025-10-15,249.49000549316406,251.82000732421875,247.47000122070312,249.33999633789062,248.4223175048828,33893600,0.0,0.0
2025-10-16,248.25,249.0399932861328,245.1300048828125,247.4499969482422,246.53929138183594,39777000,0.0,0.0
2025-10-17,248.02000427246094,253.3800048828125,247.27000427246094,252.2899932861328,251.36146545410156,49147000,0.0,0.0
2025-10-20,255.88999938964844,264.3800048828125,255.6300048828125,262.239990234375,261.27484130859375,90483000,0.0,0.0
2025-10-21,261.8800048828125,265.2900085449219,261.8299865722656,262.7699890136719,261.8028869628906,46695900,0.0,0.0
2025-10-22,262.6499938964844,262.8500061035156,255.42999267578125,258.45001220703125,257.4988098144531,45015300,0.0,0.0
2025-10-23,259.94000244140625,260.6199951171875,258.010009765625,259.5799865722656,258.6246032714844,32754900,0.0,0.0
2025-10-24,261.19000244140625,264.1300048828125,259.17999267578125,262.82000732421875,261.8527526855469,38253700,0.0,0.0
2025-10-27,264.8800048828125,269.1199951171875,264.6499938964844,268.80999755859375,267.8207092285156,44888200,0.0,0.0
2025-10-28,268.989990234375,269.8900146484375,268.1499938964844,269.0,268.010009765625,41534800,0.0,0.0
2025-10-29,269.2799987792969,271.4100036621094,267.1099853515625,269.70001220703125,268.7074279785156,51086700,0.0,0.0
2025-10-30,271.989990234375,274.1400146484375,268.4800109863281,271.3999938964844,270.4011535644531,69886500,0.0,0.0
2025-10-31,276.989990234375,277.32000732421875,269.1600036621094,270.3699951171875,269.37493896484375,86167100,0.0,0.0
2025-11-03,270.4200134277344,270.8500061035156,266.25,269.04998779296875,268.05975341796875,50194600,0.0,0.0
2025-11-04,268.3299865722656,271.489990234375,267.6199951171875,270.0400085449219,269.0461730957031,49274800,0.0,0.0
2025-11-05,268.6099853515625,271.70001220703125,266.92999267578125,270.1400146484375,269.14581298828125,43683100,0.0,0.0
2025-11-06,267.8900146484375,273.3999938964844,267.8900146484375,269.7699890136719,268.7771301269531,51204000,0.0,0.0
2025-11-07,269.79998779296875,272.2900085449219,266.7699890136719,268.4700012207031,267.48193359375,48227400,0.0,0.0
2025-11-10,268.9599914550781,273.7300109863281,267.4599914550781,269.42999267578125,268.6986083984375,41312400,0.26,0.0
2025-11-11,269.80999755859375,275.9100036621094,269.79998779296875,275.25,274.5028076171875,46208300,0.0,0.0
2025-11-12,275.0,275.7300109863281,271.70001220703125,273.4700012207031,272.7276306152344,48398000,0.0,0.0
2025-11-13,274.1099853515625,276.70001220703125,272.0899963378906,272.95001220703125,272.2090759277344,49602800,0.0,0.0
2025-11-14,271.04998779296875,275.9599914550781,269.6000061035156,272.4100036621094,271.6705017089844,47431300,0.0,0.0
2025-11-17,268.82000732421875,270.489990234375,265.7300109863281,267.4599914550781,266.73394775390625,45018300,0.0,0.0
2025-11-18,269.989990234375,270.7099914550781,265.32000732421875,267.44000244140625,266.71405029296875,45677300,0.0,0.0
2025-11-19,265.5299987792969,272.2099914550781,265.5,268.55999755859375,267.8309631347656,40424500,0.0,0.0
2025-11-20,270.8299865722656,275.42999267578125,265.9200134277344,266.25,265.5272521972656,45823600,0.0,0.0
2025-11-21,265.95001220703125,273.3299865722656,265.6700134277344,271.489990234375,270.75299072265625,59030800,0.0,0.0
2025-11-24,270.8999938964844,277.0,270.8999938964844,275.9200134277344,275.1710205078125,65585800,0.0,0.0
2025-11-25,275.2699890136719,280.3800048828125,275.25,276.9700012207031,276.2181701660156,46914200,0.0,0.0
2025-11-26,276.9599914550781,279.5299987792969,276.6300048828125,277.54998779296875,276.79656982421875,33431400,0.0,0.0
2025-11-28,277.260009765625,279.0,275.989990234375,278.8500061035156,278.0930480957031,20135600,0.0,0.0
2025-12-01,278.010009765625,283.4200134277344,276.1400146484375,283.1000061035156,282.3315124511719,46587700,0.0,0.0
2025-12-02,283.0,287.3999938964844,282.6300048828125,286.19000244140625,285.4131164550781,53669500,0.0,0.0
2025-12-03,286.20001220703125,288.6199951171875,283.29998779296875,284.1499938964844,283.378662109375,43538700,0.0,0.0
2025-12-04,284.1000061035156,284.7300109863281,278.5899963378906,280.70001220703125,279.9380187988281,43989100,0.0,0.0
2025-12-05,280.5400085449219,281.1400146484375,278.04998779296875,278.7799987792969,278.02325439453125,47265800,0.0,0.0
2025-12-08,278.1300048828125,279.6700134277344,276.1499938964844,277.8900146484375,277.1356506347656,38211800,0.0,0.0
2025-12-09,278.1600036621094,280.0299987792969,276.9200134277344,277.17999267578125,276.4275817871094,32193300,0.0,0.0
2025-12-10,277.75,279.75,276.44000244140625,278.7799987792969,278.02325439453125,33038300,0.0,0.0
2025-12-11,279.1000061035156,279.5899963378906,273.80999755859375,278.0299987792969,277.2752685546875,33248000,0.0,0.0
2025-12-12,277.8999938964844,279.2200012207031,276.82000732421875,278.2799987792969,277.5246276855469,39532900,0.0,0.0
2025-12-15,280.1499938964844,280.1499938964844,272.8399963378906,274.1099853515625,273.3658752441406,50409100,0.0,0.0
2025-12-16,272.82000732421875,275.5,271.7900085449219,274.6099853515625,273.8645324707031,37648600,0.0,0.0
2025-12-17,275.010009765625,276.1600036621094,271.6400146484375,271.8399963378906,271.10205078125,50138700,0.0,0.0
2025-12-18,273.6099853515625,273.6300048828125,266.95001220703125,272.19000244140625,271.4511413574219,51630700,0.0,0.0
2025-12-19,272.1499938964844,274.6000061035156,269.8999938964844,273.6700134277344,272.9271240234375,144632000,0.0,0.0
2025-12-22,272.8599853515625,273.8800048828125,270.510009765625,270.9700012207031,270.23443603515625,36571800,0.0,0.0
2025-12-23,270.8399963378906,272.5,269.55999755859375,272.3599853515625,271.62066650390625,29642000,0.0,0.0
2025-12-24,272.3399963378906,275.42999267578125,272.20001220703125,273.80999755859375,273.06671142578125,17910600,0.0,0.0
2025-12-26,274.1600036621094,275.3699951171875,272.8599853515625,273.3999938964844,272.6578063964844,21521800,0.0,0.0
2025-12-29,272.69000244140625,274.3599853515625,272.3500061035156,273.760009765625,273.0168762207031,23715200,0.0,0.0
2025-12-30,272.80999755859375,274.0799865722656,272.2799987792969,273.0799865722656,272.33868408203125,22139600,0.0,0.0
2025-12-31,273.05999755859375,273.67999267578125,271.75,271.8599853515625,271.12200927734375,27293600,0.0,0.0
2026-01-02,272.260009765625,277.8399963378906,269.0,271.010009765625,270.2743225097656,37838100,0.0,0.0
2026-01-05,270.6400146484375,271.510009765625,266.1400146484375,267.260009765625,266.5345153808594,45647200,0.0,0.0
2026-01-06,267.0,267.54998779296875,262.1199951171875,262.3599853515625,261.6477966308594,52352100,0.0,0.0
2026-01-07,263.20001220703125,263.67999267578125,259.80999755859375,260.3299865722656,259.623291015625,48309800,0.0,0.0
2026-01-08,257.0199890136719,259.2900085449219,255.6999969482422,259.0400085449219,258.3368225097656,50419300,0.0,0.0
2026-01-09,259.0799865722656,260.2099914550781,256.2200012207031,259.3699951171875,258.6659240722656,39997000,0.0,0.0
2026-01-12,259.1600036621094,261.29998779296875,256.79998779296875,260.25,259.54351806640625,45263800,0.0,0.0
2026-01-13,258.7200012207031,261.80999755859375,258.3900146484375,261.04998779296875,260.3413391113281,45730800,0.0,0.0
2026-01-14,259.489990234375,261.82000732421875,256.7099914550781,259.9599914550781,259.25433349609375,40019400,0.0,0.0
2026-01-15,260.6499938964844,261.0400085449219,257.04998779296875,258.2099914550781,257.5090637207031,39388600,0.0,0.0
2026-01-16,257.8999938964844,258.8999938964844,254.92999267578125,255.52999877929688,254.8363494873047,72142800,0.0,0.0
2026-01-20,252.72999572753906,254.7899932861328,243.4199981689453,246.6999969482422,246.0303192138672,80267500,0.0,0.0
2026-01-21,248.6999969482422,251.55999755859375,245.17999267578125,247.64999389648438,246.97775268554688,54641700,0.0,0.0
2026-01-22,249.1999969482422,251.0,248.14999389648438,248.35000610351562,247.67584228515625,39708300,0.0,0.0
2026-01-23,247.32000732421875,249.41000366210938,244.67999267578125,248.0399932861328,247.36668395996094,41689000,0.0,0.0
2026-01-26,251.47999572753906,256.55999755859375,249.8000030517578,255.41000366210938,254.7166748046875,55969200,0.0,0.0
2026-01-27,259.1700134277344,261.95001220703125,258.2099914550781,258.2699890136719,257.5688781738281,49648300,0.0,0.0
2026-01-28,257.6499938964844,258.8599853515625,254.50999450683594,256.44000244140625,255.743896484375,41288000,0.0,0.0
2026-01-29,258.0,259.6499938964844,254.41000366210938,258.2799987792969,257.5788879394531,67253000,0.0,0.0
2026-01-30,255.1699981689453,261.8999938964844,252.17999267578125,259.4800109863281,258.775634765625,92443400,0.0,0.0
2026-02-02,260.0299987792969,270.489990234375,259.2099914550781,270.010009765625,269.2770690917969,73913400,0.0,0.0
2026-02-03,269.20001220703125,271.8800048828125,267.6099853515625,269.4800109863281,268.7485046386719,64394700,0.0,0.0
2026-02-04,272.2900085449219,278.95001220703125,272.2900085449219,276.489990234375,275.7394104003906,90545700,0.0,0.0
2026-02-05,278.1300048828125,279.5,273.2300109863281,275.9100036621094,275.1610412597656,52977400,0.0,0.0
2026-02-06,277.1199951171875,280.9100036621094,276.92999267578125,278.1199951171875,277.364990234375,50453400,0.0,0.0
2026-02-09,277.9100036621094,278.20001220703125,271.70001220703125,274.6199951171875,274.13079833984375,44623400,0.26,0.0
2026-02-10,274.8900146484375,275.3699951171875,272.94000244140625,273.67999267578125,273.19244384765625,34376900,0.0,0.0
2026-02-11,274.70001220703125,280.17999267578125,274.45001220703125,275.5,275.00921630859375,51931300,0.0,0.0
2026-02-12,275.5899963378906,275.7200012207031,260.17999267578125,261.7300109863281,261.2637634277344,81077200,0.0,0.0
2026-02-13,262.010009765625,262.2300109863281,255.4499969482422,255.77999877929688,255.32435607910156,56290700,0.0,0.0
2026-02-17,258.04998779296875,266.2900085449219,255.5399932861328,263.8800048828125,263.4099426269531,58469100,0.0,0.0
2026-02-18,263.6000061035156,266.82000732421875,262.45001220703125,264.3500061035156,263.8791198730469,34203300,0.0,0.0
2026-02-19,262.6000061035156,264.4800109863281,260.04998779296875,260.5799865722656,260.11578369140625,30845300,0.0,0.0
2026-02-20,258.9700012207031,264.75,258.1600036621094,264.5799865722656,264.1086730957031,42070500,0.0,0.0
2026-02-23,263.489990234375,269.42999267578125,263.3800048828125,266.17999267578125,265.705810546875,37308200,0.0,0.0
2026-02-24,267.8599853515625,274.8900146484375,267.7099914550781,272.1400146484375,271.6552429199219,47014600,0.0,0.0
2026-02-25,271.7799987792969,274.94000244140625,271.04998779296875,274.2300109863281,273.74151611328125,33714300,0.0,0.0
2026-02-26,274.95001220703125,276.1099853515625,270.79998779296875,272.95001220703125,272.4637756347656,32345100,0.0,0.0
2026-02-27,272.80999755859375,272.80999755859375,262.8900146484375,264.17999267578125,263.70941162109375,72366500,0.0,0.0
2026-03-02,262.4100036621094,266.5299987792969,260.20001220703125,264.7200012207031,264.2484130859375,41827900,0.0,0.0
2026-03-03,263.4800109863281,265.55999755859375,260.1300048828125,263.75,263.2801818847656,38568900,0.0,0.0
2026-03-04,264.6499938964844,266.1499938964844,261.4200134277344,262.5199890136719,262.0523376464844,39803100,0.0,0.0
2026-03-05,260.7900085449219,261.55999755859375,257.25,260.2900085449219,259.8263244628906,49658600,0.0,0.0
2026-03-06,258.6300048828125,258.7699890136719,254.3699951171875,257.4599914550781,257.0013427734375,41120000,0.0,0.0
2026-03-09,255.69000244140625,261.1499938964844,253.67999267578125,259.8800048828125,259.41705322265625,38218500,0.0,0.0
2026-03-10,257.6499938964844,262.4800109863281,256.95001220703125,260.8299865722656,260.3653564453125,30590800,0.0,0.0
2026-03-11,261.0899963378906,262.1300048828125,259.54998779296875,260.80999755859375,260.34539794921875,26218900,0.0,0.0
2026-03-12,258.6600036621094,258.95001220703125,254.17999267578125,255.75999450683594,255.3043975830078,40794000,0.0,0.0
2026-03-13,255.47999572753906,256.3299865722656,249.52000427246094,250.1199951171875,249.6744384765625,36930000,0.0,0.0
2026-03-16,252.11000061035156,253.88999938964844,249.8800048828125,252.82000732421875,252.36964416503906,32074200,0.0,0.0
2026-03-17,252.9600067138672,255.1300048828125,252.17999267578125,254.22999572753906,253.77711486816406,32361600,0.0,0.0
2026-03-18,252.6300048828125,254.94000244140625,249.0,249.94000244140625,249.49476623535156,35757900,0.0,0.0
2026-03-19,249.39999389648438,251.8300018310547,247.3000030517578,248.9600067138672,248.5165252685547,34864100,0.0,0.0
2026-03-20,247.97999572753906,249.1999969482422,246.0,247.99000549316406,247.54823303222656,88331100,0.0,0.0
2026-03-23,253.97000122070312,254.60000610351562,250.27999877929688,251.49000549316406,251.04200744628906,40546100,0.0,0.0
2026-03-24,250.35000610351562,254.8300018310547,249.5500030517578,251.63999938964844,251.1917266845703,45152300,0.0,0.0
2026-03-25,254.10000610351562,255.0,251.60000610351562,252.6199951171875,252.16998291015625,28476700,0.0,0.0
2026-03-26,252.1199951171875,257.0,250.77000427246094,252.88999938964844,252.43951416015625,41796700,0.0,0.0
2026-03-27,253.89999389648438,255.49000549316406,248.07000732421875,248.8000030517578,248.35679626464844,47900000,0.0,0.0
2026-03-30,250.07000732421875,250.8699951171875,245.50999450683594,246.6300048828125,246.19065856933594,39446200,0.0,0.0
2026-03-31,247.91000366210938,255.47999572753906,247.10000610351562,253.7899932861328,253.33790588378906,49598100,0.0,0.0
2026-04-01,254.0800018310547,256.17999267578125,253.3300018310547,255.6300048828125,255.1746368408203,40059400,0.0,0.0
2026-04-02,254.1999969482422,256.1300048828125,250.64999389648438,255.9199981689453,255.464111328125,31289400,0.0,0.0
2026-04-06,256.510009765625,262.1600036621094,256.4599914550781,258.8599853515625,258.39886474609375,29329900,0.0,0.0
2026-04-07,256.1600036621094,256.20001220703125,245.6999969482422,253.5,253.0484161376953,62148000,0.0,0.0
2026-04-08,258.45001220703125,259.75,256.5299987792969,258.8999938964844,258.4388122558594,41032800,0.0,0.0
2026-04-09,259.0,261.1199951171875,256.07000732421875,260.489990234375,260.0259704589844,28121600,0.0,0.0
2026-04-10,259.9800109863281,262.19000244140625,259.0199890136719,260.4800109863281,260.0159912109375,31291500,0.0,0.0
2026-04-13,259.7300109863281,260.17999267578125,256.6600036621094,259.20001220703125,258.73828125,36234700,0.0,0.0
2026-04-14,259.25,261.92999267578125,257.19000244140625,258.8299865722656,258.3689270019531,48370700,0.0,0.0
2026-04-15,258.1600036621094,266.55999755859375,257.80999755859375,266.42999267578125,265.95538330078125,49913500,0.0,0.0
2026-04-16,266.79998779296875,267.1600036621094,261.2699890136719,263.3999938964844,262.9307861328125,43323100,0.0,0.0
2026-04-17,266.9599914550781,272.29998779296875,266.7200012207031,270.2300109863281,269.7486267089844,61436200,0.0,0.0
2026-04-20,270.3299865722656,274.2799987792969,270.2900085449219,273.04998779296875,272.5635681152344,36590200,0.0,0.0
2026-04-21,271.5,272.79998779296875,265.3999938964844,266.1700134277344,265.69586181640625,50209800,0.0,0.0
2026-04-22,267.82000732421875,273.739990234375,266.8699951171875,273.1700134277344,272.68341064453125,43249200,0.0,0.0
2026-04-23,275.04998779296875,275.7699890136719,271.6499938964844,273.42999267578125,272.9429016113281,33399600,0.0,0.0
2026-04-24,272.760009765625,273.05999755859375,269.6499938964844,271.05999755859375,270.5771179199219,38157100,0.0,0.0
2026-04-27,266.0899963378906,268.3599853515625,265.07000732421875,267.6099853515625,267.1332702636719,41466800,0.0,0.0
2026-04-28,272.3399963378906,273.2300109863281,268.6600036621094,270.7099914550781,270.2277526855469,40018900,0.0,0.0
2026-04-29,267.54998779296875,271.0400085449219,267.0400085449219,270.1700134277344,269.688720703125,30047900,0.0,0.0
2026-04-30,270.5,276.0,268.1400146484375,271.3500061035156,270.86663818359375,91848200,0.0,0.0
2026-05-01,278.8599853515625,287.2200012207031,278.3699951171875,280.1400146484375,279.6409912109375,79915400,0.0,0.0
2026-05-04,279.6600036621094,280.6300048828125,274.8599853515625,276.8299865722656,276.3368225097656,46668400,0.0,0.0
2026-05-05,276.92999267578125,284.57000732421875,276.5,284.17999267578125,283.67376708984375,49311700,0.0,0.0
2026-05-06,281.9200134277344,288.0299987792969,281.07000732421875,287.510009765625,286.99786376953125,58336100,0.0,0.0
2026-05-07,289.2699890136719,292.1300048828125,285.7799987792969,287.44000244140625,286.927978515625,45224300,0.0,0.0
2026-05-08,290.010009765625,294.760009765625,290.0,293.32000732421875,292.7974853515625,52692800,0.0,0.0
2026-05-11,291.9800109863281,293.8800048828125,290.2300109863281,292.67999267578125,292.42779541015625,42247300,0.27,0.0
2026-05-12,292.55999755859375,295.2699890136719,292.55999755859375,294.79998779296875,294.54595947265625,45748100,0.0,0.0
2026-05-13,293.5,300.9200134277344,293.5,298.8699951171875,298.6124572753906,52684300,0.0,0.0
2026-05-14,299.82000732421875,300.45001220703125,295.3800048828125,298.2099914550781,297.9530334472656,35324900,0.0,0.0
2026-05-15,297.8999938964844,303.20001220703125,296.5199890136719,300.2300109863281,299.9713134765625,54862800,0.0,0.0
2026-05-18,300.239990234375,300.6600036621094,294.9100036621094,297.8399963378906,297.5833435058594,34483000,0.0,0.0
2026-05-19,296.9700012207031,300.510009765625,296.3500061035156,298.9700012207031,298.7123718261719,42243600,0.0,0.0
2026-05-20,298.17999267578125,302.79998779296875,298.0799865722656,302.25,301.98956298828125,38229800,0.0,0.0
2026-05-21,301.05999755859375,305.5400085449219,300.3999938964844,304.989990234375,304.7271728515625,42965100,0.0,0.0
2026-05-22,306.1199951171875,311.3999938964844,305.8399963378906,308.82000732421875,308.55389404296875,43670200,0.0,0.0
2026-05-26,309.55999755859375,311.82000732421875,307.6700134277344,308.3299865722656,308.0643005371094,48000500,0.0,0.0
2026-05-27,308.3299865722656,313.260009765625,308.29998779296875,310.8500061035156,310.5821533203125,50430900,0.0,0.0
2026-05-28,310.67999267578125,312.79998779296875,309.57000732421875,312.510009765625,312.24072265625,48220400,0.0,0.0
2026-05-29,311.7799987792969,315.0,309.5299987792969,312.05999755859375,311.7911071777344,70026800,0.0,0.0
2026-06-01,309.6300048828125,310.94000244140625,305.0199890136719,306.30999755859375,306.0460510253906,48849900,0.0,0.0
2026-06-02,307.4599914550781,315.45001220703125,306.69000244140625,315.20001220703125,314.92840576171875,44534700,0.0,0.0
2026-06-03,314.17999267578125,316.94000244140625,308.8500061035156,310.260009765625,309.9926452636719,50836700,0.0,0.0
2026-06-04,313.2300109863281,313.5400085449219,309.6499938964844,311.2300109863281,310.9618225097656,44869100,0.0,0.0
2026-06-05,312.8599853515625,315.1700134277344,307.1499938964844,307.3399963378906,307.0751647949219,65310500,0.0,0.0
2026-06-08,308.739990234375,317.3999938964844,301.1700134277344,301.5400085449219,301.2801818847656,77949100,0.0,0.0
2026-06-09,300.2799987792969,300.75,287.7799987792969,290.54998779296875,290.29962158203125,70108800,0.0,0.0
2026-06-10,290.739990234375,294.75,287.3800048828125,291.5799865722656,291.3287353515625,52793300,0.0,0.0
2026-06-11,293.7200012207031,297.0,289.5899963378906,295.6300048828125,295.375244140625,42572500,0.0,0.0
2026-06-12,296.0299987792969,297.1400146484375,289.6199951171875,291.1300048828125,290.879150390625,38742100,0.0,0.0
2026-06-15,294.1199951171875,297.7799987792969,291.70001220703125,296.4200134277344,296.1645812988281,45732600,0.0,0.0
2026-06-16,295.25,300.4800109863281,293.9700012207031,299.239990234375,298.9821472167969,39874400,0.0,0.0
2026-06-17,300.8500061035156,302.07000732421875,294.3599853515625,295.95001220703125,295.6949768066406,42745100,0.0,0.0
2026-06-18,298.1099853515625,300.57000732421875,295.6199951171875,298.010009765625,297.7532043457031,85962200,0.0,0.0
2026-06-22,297.30999755859375,302.4200134277344,296.760009765625,297.010009765625,296.75408935546875,44879900,0.0,0.0
2026-06-23,297.5400085449219,301.6400146484375,294.17999267578125,294.29998779296875,294.04638671875,52010900,0.0,0.0
2026-06-24,295.3599853515625,299.70001220703125,292.94000244140625,293.0799865722656,292.8274230957031,53081900,0.0,0.0
2026-06-25,287.3999938964844,288.79998779296875,273.75,275.1499938964844,274.91290283203125,107013700,0.0,0.0
2026-06-26,275.0,285.95001220703125,274.2099914550781,283.7799987792969,283.53546142578125,261775500,0.0,0.0
2026-06-29,286.7300109863281,288.3699951171875,279.8500061035156,281.739990234375,281.4972229003906,66427000,0.0,0.0
2026-06-30,281.1700134277344,289.94000244140625,280.70001220703125,289.3599853515625,289.11065673828125,65100200,0.0,0.0
2026-07-01,293.44000244140625,296.5899963378906,289.20001220703125,294.3800048828125,294.1263427734375,50164200,0.0,0.0
2026-07-02,294.1199951171875,309.4200134277344,293.67999267578125,308.6300048828125,308.3640441894531,75352800,0.0,0.0
2026-07-06,307.3599853515625,314.20001220703125,307.0,312.6600036621094,312.3905944824219,53590000,0.0,0.0
2026-07-07,315.2900085449219,315.4800109863281,310.1499938964844,310.6600036621094,310.3923034667969,42490000,0.0,0.0
2026-07-08,311.9100036621094,314.82000732421875,307.04998779296875,313.3900146484375,313.1199645996094,41323500,0.0,0.0
2026-07-09,310.510009765625,316.5299987792969,308.1600036621094,316.2200012207031,315.947509765625,48124500,0.0,0.0
2026-07-10,314.7200012207031,316.9100036621094,312.1700134277344,315.32000732421875,315.0483093261719,34132300,0.0,0.0
2026-07-13,317.0199890136719,323.45001220703125,315.7799987792969,317.30999755859375,317.03656005859375,43257800,0.0,0.0
2026-07-14,313.760009765625,316.19000244140625,311.9100036621094,314.8599853515625,314.58868408203125,36336800,0.0,0.0
2026-07-15,317.6199951171875,328.7300109863281,317.32000732421875,327.5,327.2178039550781,60957600,0.0,0.0
2026-07-16,328.010009765625,334.67999267578125,326.7900085449219,333.260009765625,332.97283935546875,62970600,0.0,0.0
2026-07-17,331.9800109863281,334.989990234375,329.0,333.739990234375,333.452392578125,63407100,0.0,0.0
2026-07-20,333.510009765625,333.7099914550781,323.67999267578125,326.5899963378906,326.3085632324219,53468000,0.0,0.0
2026-07-21,323.1300048828125,329.6000061035156,322.2200012207031,327.739990234375,327.45758056640625,41338900,0.0,0.0
2026-07-22,327.8699951171875,329.0,323.3399963378906,325.8900146484375,325.60919189453125,38755900,0.0,0.0
2026-07-23,321.7300109863281,323.29998779296875,319.3500061035156,321.6600036621094,321.3828430175781,40840800,0.0,0.0
2026-07-24,321.7900085449219,334.3699951171875,321.6199951171875,333.0199890136719,332.7330322265625,47489400,0.0,0.0
2026-07-27,334.5400085449219,339.57000732421875,334.0199890136719,336.9100036621094,336.61968994140625,49604300,0.0,0.0
2026-07-28,340.0299987792969,342.8900146484375,335.6000061035156,340.0799865722656,339.78692626953125,51859000,0.0,0.0
2026-07-29,339.7300109863281,344.57000732421875,337.3500061035156,338.19000244140625,337.8985900878906,56090800,0.0,0.0
2026-07-30,333.1000061035156,334.75,329.5899963378906,333.42999267578125,333.1426696777344,74817800,0.0,0.0
2026-07-31,304.80999755859375,310.69000244140625,300.0,308.9100036621094,308.6438293457031,132489100,0.0,0.0
2026-08-03,309.5799865722656,311.79998779296875,302.55999755859375,303.4200134277344,303.1585693359375,75052000,0.0,0.0
2026-08-04,302.7300109863281,310.4200134277344,301.32000732421875,309.3800048828125,309.1134033203125,68001000,0.0,0.0
2026-08-05,309.3599853515625,311.7099914550781,305.6700134277344,311.0,310.7320251464844,49438800,0.0,0.0
2026-08-06,314.3399963378906,316.2900085449219,309.2300109863281,312.4100036621094,312.14080810546875,46139900,0.0,0.0
2026-08-07,311.45001220703125,314.80999755859375,310.739990234375,313.3299865722656,313.05999755859375,34437200,0.0,0.0
2026-08-10,306.8299865722656,308.260009765625,304.6099853515625,308.260009765625,308.260009765625,44812500,0.27,0.0
2026-08-11,307.75,309.9700012207031,302.7900085449219,304.9100036621094,304.9100036621094,37476700,0.0,0.0
2026-08-12,305.1000061035156,305.6600036621094,300.57000732421875,302.25,302.25,41657800,0.0,0.0
2026-08-13,304.2099914550781,306.0,302.04998779296875,305.260009765625,305.260009765625,40349300,0.0,0.0
2026-08-14,306.0,307.489990234375,304.29998779296875,305.92999267578125,305.92999267578125,28229400,0.0,0.0
2026-08-17,306.2099914550781,307.6600036621094,302.94000244140625,305.5899963378906,305.5899963378906,38169300,0.0,0.0
2026-08-18,307.5799865722656,311.489990234375,305.739990234375,310.0299987792969,310.0299987792969,53424500,0.0,0.0
2026-08-19,310.1400146484375,319.2799987792969,309.6000061035156,316.8299865722656,316.8299865722656,50505600,0.0,0.0
2026-08-20,317.4599914550781,320.2799987792969,310.6499938964844,311.29998779296875,311.29998779296875,40959200,0.0,0.0
2026-08-21,312.04998779296875,312.3800048828125,307.010009765625,309.3500061035156,309.3500061035156,46876800,0.0,0.0
2026-08-24,311.4700012207031,313.3599853515625,309.9700012207031,310.3399963378906,310.3399963378906,34673600,0.0,0.0
2026-08-25,310.7900085449219,313.5899963378906,308.2099914550781,309.8999938964844,309.8999938964844,25869800,0.0,0.0
2026-08-26,310.29998779296875,315.42999267578125,308.79998779296875,313.45001220703125,313.45001220703125,34024500,0.0,0.0
2026-08-27,310.54998779296875,315.3999938964844,309.3999938964844,314.5799865722656,314.5799865722656,32419200,0.0,0.0
2026-08-28,316.8500061035156,322.3699951171875,315.45001220703125,319.70001220703125,319.70001220703125,38649400,0.0,0.0
2026-08-31,319.6000061035156,321.239990234375,312.79998779296875,316.8500061035156,316.8500061035156,41242700,0.0,0.0
2026-09-01,316.9800109863281,327.29998779296875,314.7300109863281,325.1300048828125,325.1300048828125,53167400,0.0,0.0
2026-09-02,326.8699951171875,328.3999938964844,323.5299987792969,324.9599914550781,324.9599914550781,33776400,0.0,0.0
2026-09-03,324.8699951171875,330.80999755859375,324.1099853515625,328.2099914550781,328.2099914550781,37225800,0.0,0.0
2026-09-04,328.30999755859375,328.92999267578125,317.8599853515625,319.9700012207031,319.9700012207031,39606900,0.0,0.0
2026-09-08,317.1000061035156,320.70001220703125,314.8999938964844,316.2200012207031,316.2200012207031,35477100,0.0,0.0
2026-09-09,315.489990234375,319.1499938964844,309.8999938964844,315.3399963378906,315.3399963378906,65640000,0.0,0.0
2026-09-10,316.6700134277344,326.739990234375,316.510009765625,326.57000732421875,326.57000732421875,70011900,0.0,0.0
2026-09-11,327.45001220703125,336.2200012207031,326.29998779296875,332.2699890136719,332.2699890136719,50716900,0.0,0.0
2026-09-14,334.7900085449219,335.5,331.3399963378906,333.0799865722656,333.0799865722656,39269100,0.0,0.0
2026-09-15,330.1400146484375,331.7799987792969,328.3500061035156,331.3399963378906,331.3399963378906,31748200,0.0,0.0
2026-09-16,332.5299987792969,335.4800109863281,330.70001220703125,332.4100036621094,332.4100036621094,35981000,0.0,0.0
2026-09-17,334.7699890136719,338.3399963378906,330.17999267578125,337.0,337.0,36700200,0.0,0.0
2026-09-18,337.9100036621094,338.489990234375,332.5299987792969,336.1300048828125,336.1300048828125,86588200,0.0,0.0
2026-09-21,335.2799987792969,339.6400146484375,333.04998779296875,338.9800109863281,338.9800109863281,34999200,0.0,0.0
2026-09-22,340.1400146484375,345.3399963378906,338.75,339.75,339.75,40711800,0.0,0.0
2026-09-23,341.0799865722656,341.79998779296875,335.5,337.0199890136719,337.0199890136719,31658800,0.0,0.0
2026-09-24,336.7200012207031,338.9100036621094,334.29998779296875,335.9200134277344,335.9200134277344,24733100,0.0,0.0
2026-09-25,336.0400085449219,341.6700134277344,334.5299987792969,341.07000732421875,341.07000732421875,30002500,0.0,0.0
2026-09-28,340.3699951171875,342.989990234375,338.0400085449219,338.3999938964844,338.3999938964844,32820800,0.0,0.0
2026-09-29,336.9700012207031,337.0899963378906,328.70001220703125,329.3999938964844,329.3999938964844,38478000,0.0,0.0
2026-09-30,330.79998779296875,339.5,330.1400146484375,333.0199890136719,333.0199890136719,49988600,0.0,0.0
2026-10-01,330.0,332.4800109863281,325.80999755859375,330.32000732421875,330.32000732421875,36306300,0.0,0.0
2026-10-02,333.260009765625,334.5400085449219,330.6099853515625,333.69000244140625,333.69000244140625,33245500,0.0,0.0
