Date,Open,High,Low,Close,Adj Close,Volume,Dividends,Stock Splits
2015-01-02,65.44000244140625,66.4000015258789,65.44000244140625,65.88999938964844,41.119232177734375,5086100,0.0,0.0
2015-01-05,65.5,66.0999984741211,63.880001068115234,64.6500015258789,40.345394134521484,8007400,0.0,0.0
2015-01-06,65.62000274658203,65.75,63.70000076293945,64.33000183105469,40.14570617675781,5483700,0.0,0.0
2015-01-07,64.56999969482422,67.05000305175781,64.4800033569336,66.93000030517578,41.768253326416016,8283300,0.0,0.0
2015-01-08,68.16000366210938,68.29000091552734,67.41999816894531,67.62999725341797,42.20508575439453,7949000,0.0,0.0
2015-01-09,66.69000244140625,67.19999694824219,65.11000061035156,65.77999877929688,41.05059051513672,8779900,0.0,0.0
2015-01-12,66.33999633789062,66.93000030517578,65.30999755859375,65.76000213623047,41.03810501098633,6159800,0.0,0.0
2015-01-13,65.72000122070312,66.06999969482422,62.90999984741211,63.38999938964844,39.85607147216797,13908400,0.49,0.0
2015-01-14,62.619998931884766,64.06999969482422,61.86000061035156,63.70000076293945,40.05099105834961,9448300,0.0,0.0
2015-01-15,64.0,64.11000061035156,62.869998931884766,62.88999938964844,39.541690826416016,6149100,0.0,0.0
2015-01-16,62.95000076293945,64.62000274658203,62.63999938964844,64.54000091552734,40.57912063598633,8106000,0.0,0.0
2015-01-20,65.05999755859375,65.29000091552734,62.75,63.45000076293945,39.89377975463867,9065300,0.0,0.0
2015-01-21,63.099998474121094,63.45000076293945,62.279998779296875,62.70000076293945,39.42223358154297,7979500,0.0,0.0
2015-01-22,63.20000076293945,63.45000076293945,61.880001068115234,62.97999954223633,39.5982780456543,8941700,0.0,0.0
2015-01-23,63.65999984741211,63.65999984741211,62.349998474121094,62.43000030517578,39.25246810913086,6881100,0.0,0.0
2015-01-26,62.2599983215332,63.040000915527344,61.68000030517578,62.83000183105469,39.503971099853516,8181100,0.0,0.0
2015-01-27,62.33000183105469,63.5,62.20000076293945,63.099998474121094,39.67373275756836,6532300,0.0,0.0
2015-01-28,63.439998626708984,63.560001373291016,61.689998626708984,61.849998474121094,38.88779830932617,6910100,0.0,0.0
2015-01-29,62.119998931884766,63.380001068115234,61.59000015258789,63.119998931884766,39.686309814453125,8485600,0.0,0.0
2015-01-30,62.09000015258789,62.68000030517578,60.119998931884766,60.349998474121094,37.94468688964844,17582500,0.0,0.0
2015-02-02,61.4900016784668,61.4900016784668,58.650001525878906,60.70000076293945,38.16474151611328,11491100,0.0,0.0
2015-02-03,61.599998474121094,61.7599983215332,59.97999954223633,61.650001525878906,38.762046813964844,10721800,0.0,0.0
2015-02-04,58.95000076293945,58.95000076293945,56.650001525878906,56.90999984741211,35.78181076049805,31250600,0.0,0.0
2015-02-05,57.54999923706055,58.2599983215332,56.150001525878906,57.9900016784668,36.46084976196289,18964700,0.0,0.0
2015-02-06,57.709999084472656,57.83000183105469,56.689998626708984,56.900001525878906,35.77552032470703,13890900,0.0,0.0
2015-02-09,55.66999816894531,56.349998474121094,55.18000030517578,55.47999954223633,34.882713317871094,22522000,0.0,0.0
2015-02-10,55.93000030517578,57.0099983215332,55.599998474121094,56.88999938964844,35.76923751831055,18917000,0.0,0.0
2015-02-11,57.36000061035156,57.83000183105469,56.2599983215332,56.689998626708984,35.64348220825195,14681600,0.0,0.0
2015-02-12,57.400001525878906,57.58000183105469,56.15999984741211,57.04999923706055,35.86982727050781,11940900,0.0,0.0
2015-02-13,57.349998474121094,58.099998474121094,56.900001525878906,58.04999923706055,36.49858093261719,11303200,0.0,0.0
2015-02-17,58.95000076293945,59.0,57.900001525878906,58.720001220703125,36.919830322265625,12789700,0.0,0.0
2015-02-18,59.150001525878906,59.47999954223633,58.310001373291016,59.2400016784668,37.24678039550781,10781700,0.0,0.0
2015-02-19,58.91999816894531,59.08000183105469,58.650001525878906,59.0,37.095890045166016,8665500,0.0,0.0
2015-02-20,59.61000061035156,61.34000015258789,59.220001220703125,61.29999923706055,38.541996002197266,15534000,0.0,0.0
2015-02-23,61.540000915527344,61.900001525878906,60.2400016784668,60.56999969482422,38.0830078125,11582700,0.0,0.0
2015-02-24,60.849998474121094,61.29999923706055,60.52000045776367,60.869998931884766,38.27162170410156,7900700,0.0,0.0
2015-02-25,61.099998474121094,61.099998474121094,60.209999084472656,60.619998931884766,38.114444732666016,9983900,0.0,0.0
2015-02-26,60.349998474121094,60.810001373291016,60.27000045776367,60.52000045776367,38.051570892333984,7328200,0.0,0.0
2015-02-27,60.529998779296875,60.9900016784668,60.369998931884766,60.5,38.038997650146484,8649100,0.0,0.0
2015-03-02,60.5,60.75,60.060001373291016,60.459999084472656,38.01384353637695,6150900,0.0,0.0
2015-03-03,60.349998474121094,60.45000076293945,59.439998626708984,59.619998931884766,37.485694885253906,7421000,0.0,0.0
2015-03-04,59.31999969482422,60.41999816894531,59.029998779296875,60.27000045776367,37.894386291503906,8536000,0.0,0.0
2015-03-05,57.209999084472656,59.47999954223633,56.650001525878906,56.86000061035156,35.750370025634766,47051800,0.0,0.0
2015-03-06,56.95000076293945,57.400001525878906,55.439998626708984,55.63999938964844,34.983314514160156,22853000,0.0,0.0
2015-03-09,55.93000030517578,56.029998779296875,55.2599983215332,55.540000915527344,34.9204216003418,14779900,0.0,0.0
2015-03-10,55.220001220703125,56.29999923706055,54.779998779296875,55.84000015258789,35.109046936035156,17907700,0.0,0.0
2015-03-11,56.189998626708984,56.880001068115234,55.65999984741211,56.619998931884766,35.59947967529297,14629000,0.0,0.0
2015-03-12,56.779998779296875,58.90999984741211,56.650001525878906,58.0,36.46713638305664,18227800,0.0,0.0
2015-03-13,58.119998931884766,58.869998931884766,57.349998474121094,58.0,36.46713638305664,10114500,0.0,0.0
2015-03-16,58.459999084472656,59.70000076293945,58.33000183105469,59.119998931884766,37.171321868896484,12098700,0.0,0.0
2015-03-17,58.720001220703125,60.18000030517578,58.70000076293945,59.72999954223633,37.55485916137695,10983600,0.0,0.0
2015-03-18,59.7599983215332,60.41999816894531,59.25,59.88999938964844,37.65546417236328,11889200,0.0,0.0
2015-03-19,60.09000015258789,61.47999954223633,59.9900016784668,61.189998626708984,38.472835540771484,14110500,0.0,0.0
2015-03-20,61.5,61.72999954223633,60.31999969482422,60.400001525878906,37.97612762451172,13313100,0.0,0.0
2015-03-23,60.04999923706055,61.189998626708984,59.619998931884766,60.47999954223633,38.026432037353516,7926400,0.0,0.0
2015-03-24,60.650001525878906,60.81999969482422,59.45000076293945,59.630001068115234,37.49197769165039,7970000,0.0,0.0
2015-03-25,60.08000183105469,60.09000015258789,58.209999084472656,58.220001220703125,36.60545349121094,11619200,0.0,0.0
2015-03-26,57.97999954223633,58.09000015258789,57.220001220703125,57.27000045776367,36.00815200805664,10853900,0.0,0.0
2015-03-27,57.630001068115234,58.04999923706055,57.310001373291016,57.650001525878906,36.2470817565918,6830100,0.0,0.0
2015-03-30,57.93000030517578,58.34000015258789,57.790000915527344,58.2400016784668,36.6180419921875,5781900,0.0,0.0
2015-03-31,58.0099983215332,58.810001373291016,57.709999084472656,58.540000915527344,36.806640625,12313600,0.0,0.0
2015-04-01,58.47999954223633,58.4900016784668,56.33000183105469,57.099998474121094,35.901275634765625,14903300,0.0,0.0
2015-04-02,57.439998626708984,57.810001373291016,56.900001525878906,57.0099983215332,35.84468078613281,8787000,0.0,0.0
2015-04-06,56.810001373291016,57.88999938964844,56.68000030517578,57.61000061035156,36.22191619873047,10280100,0.0,0.0
2015-04-07,58.25,58.75,57.790000915527344,58.41999816894531,36.7312126159668,10171500,0.0,0.0
2015-04-08,58.5,58.97999954223633,57.95000076293945,58.810001373291016,36.976409912109375,11075800,0.0,0.0
2015-04-09,59.20000076293945,60.43000030517578,59.04999923706055,60.31999969482422,37.92582321166992,12698000,0.0,0.0
2015-04-10,60.5,62.33000183105469,60.31999969482422,62.0,38.98210144042969,17894700,0.0,0.0
2015-04-13,61.810001373291016,62.15999984741211,61.060001373291016,61.20000076293945,38.79825973510742,11400900,0.51,0.0
2015-04-14,61.400001525878906,61.810001373291016,60.5099983215332,61.720001220703125,39.12792205810547,13071400,0.0,0.0
2015-04-15,62.099998474121094,62.70000076293945,61.970001220703125,62.029998779296875,39.32444763183594,11534200,0.0,0.0
2015-04-16,61.79999923706055,62.90999984741211,61.650001525878906,62.59000015258789,39.679466247558594,9815600,0.0,0.0
2015-04-17,62.119998931884766,62.790000915527344,61.869998931884766,62.290000915527344,39.48927688598633,9905600,0.0,0.0
2015-04-20,62.90999984741211,64.0,62.79999923706055,63.540000915527344,40.28173828125,12779200,0.0,0.0
2015-04-21,63.88999938964844,64.23999786376953,63.27000045776367,63.61000061035156,40.32610321044922,8457300,0.0,0.0
2015-04-22,63.599998474121094,64.7300033569336,63.560001373291016,64.5199966430664,40.90299606323242,13874300,0.0,0.0
2015-04-23,65.26000213623047,65.30999755859375,62.72999954223633,64.25,40.73183822631836,18405300,0.0,0.0
2015-04-24,64.30999755859375,66.37000274658203,64.13999938964844,66.06999969482422,41.885643005371094,14859500,0.0,0.0
2015-04-27,66.0199966430664,66.66000366210938,64.86000061035156,65.0199966430664,41.21998596191406,18141700,0.0,0.0
2015-04-28,64.5999984741211,66.48999786376953,64.19999694824219,66.48999786376953,42.15189743041992,13084900,0.0,0.0
2015-04-29,65.69999694824219,66.18000030517578,65.51000213623047,65.62999725341797,41.606693267822266,9864300,0.0,0.0
2015-04-30,65.38999938964844,65.91999816894531,64.31999969482422,64.66000366210938,40.991764068603516,10298600,0.0,0.0
2015-05-01,65.08999633789062,65.5,63.880001068115234,64.31999969482422,40.776214599609375,9870800,0.0,0.0
2015-05-04,64.31999969482422,65.44000244140625,64.01000213623047,64.68000030517578,41.00444030761719,8493500,0.0,0.0
2015-05-05,64.19999694824219,64.9000015258789,63.779998779296875,63.86000061035156,40.484596252441406,7635900,0.0,0.0
2015-05-06,64.11000061035156,64.52999877929688,63.400001525878906,63.939998626708984,40.535308837890625,8476300,0.0,0.0
2015-05-07,63.59000015258789,64.80999755859375,63.59000015258789,64.69999694824219,41.017112731933594,8638200,0.0,0.0
2015-05-08,65.0999984741211,65.80000305175781,64.9000015258789,65.23999786376953,41.35945129394531,7541100,0.0,0.0
2015-05-11,65.19000244140625,65.80000305175781,65.08000183105469,65.19999694824219,41.33409118652344,7978700,0.0,0.0
2015-05-12,64.75,65.2699966430664,64.58999633789062,64.80999755859375,41.086856842041016,5927000,0.0,0.0
2015-05-13,64.9800033569336,65.31999969482422,64.62999725341797,65.30000305175781,41.39749526977539,8519200,0.0,0.0
2015-05-14,65.86000061035156,66.2699966430664,64.94000244140625,65.97000122070312,41.822235107421875,5868900,0.0,0.0
2015-05-15,65.93000030517578,66.5199966430664,65.91000366210938,65.98999786376953,41.834930419921875,6786400,0.0,0.0
2015-05-18,65.79000091552734,65.91000366210938,65.13999938964844,65.61000061035156,41.594024658203125,7858100,0.0,0.0
2015-05-19,65.70999908447266,66.12000274658203,65.4000015258789,65.7300033569336,41.67008972167969,7674600,0.0,0.0
2015-05-20,65.91999816894531,66.19999694824219,65.38999938964844,65.88999938964844,41.77153015136719,9956000,0.0,0.0
2015-05-21,65.44999694824219,65.80999755859375,64.87000274658203,65.6500015258789,41.619380950927734,10553400,0.0,0.0
2015-05-22,65.4800033569336,65.87000274658203,65.30999755859375,65.4800033569336,41.51160430908203,14041500,0.0,0.0
2015-05-26,65.72000122070312,67.0,65.66000366210938,66.0999984741211,41.90467071533203,21034300,0.0,0.0
2015-05-27,66.75,67.98999786376953,66.56999969482422,67.37999725341797,42.71612548828125,40778800,0.0,0.0
2015-05-28,67.41999816894531,67.52999877929688,66.62999725341797,67.47000122070312,42.773189544677734,12891500,0.0,0.0
2015-05-29,67.22000122070312,67.5199966430664,66.38999938964844,66.58999633789062,42.21529769897461,9451000,0.0,0.0
2015-06-01,66.80000305175781,67.26000213623047,66.26000213623047,66.93000030517578,42.43084716796875,12426700,0.0,0.0
2015-06-02,66.69999694824219,67.2300033569336,66.33000183105469,66.62000274658203,42.234317779541016,11133200,0.0,0.0
2015-06-03,66.9000015258789,67.30000305175781,66.62000274658203,67.01000213623047,42.481563568115234,20804000,0.0,0.0
2015-06-04,66.55000305175781,67.87000274658203,66.5199966430664,67.41999816894531,42.74148178100586,10539000,0.0,0.0
2015-06-05,66.9800033569336,67.76000213623047,66.62000274658203,67.4000015258789,42.72882843017578,8908900,0.0,0.0
2015-06-08,67.86000061035156,68.19999694824219,67.52999877929688,67.79000091552734,42.97604751586914,10276700,0.0,0.0
2015-06-09,67.5199966430664,68.08000183105469,67.51000213623047,67.66999816894531,42.89998245239258,8132800,0.0,0.0
2015-06-10,67.66000366210938,68.44000244140625,67.54000091552734,68.23999786376953,43.26133728027344,7349300,0.0,0.0
2015-06-11,68.66999816894531,68.66999816894531,67.6500015258789,68.04000091552734,43.13454818725586,7552200,0.0,0.0
2015-06-12,67.88999938964844,67.93000030517578,66.58999633789062,67.05000305175781,42.506919860839844,8249900,0.0,0.0
2015-06-15,66.66000366210938,67.05000305175781,66.0999984741211,66.91000366210938,42.41817855834961,7028400,0.0,0.0
2015-06-16,66.72000122070312,67.4000015258789,66.62000274658203,66.7699966430664,42.329410552978516,5200700,0.0,0.0
2015-06-17,66.97000122070312,67.98999786376953,66.87999725341797,67.7699966430664,42.96336364746094,7377100,0.0,0.0
2015-06-18,67.79000091552734,69.06999969482422,67.79000091552734,68.9800033569336,43.73046112060547,9079000,0.0,0.0
2015-06-19,68.5,69.75,68.5,69.4800033569336,44.04744338989258,9979500,0.0,0.0
2015-06-22,69.8499984741211,70.5999984741211,69.7300033569336,70.12000274658203,44.45316696166992,10124900,0.0,0.0
2015-06-23,70.01000213623047,70.48999786376953,69.56999969482422,70.0199966430664,44.38977813720703,8720000,0.0,0.0
2015-06-24,70.5199966430664,70.75,69.02999877929688,69.22000122070312,43.88261032104492,9308200,0.0,0.0
2015-06-25,69.66999816894531,70.37999725341797,69.29000091552734,69.81999969482422,44.26298904418945,6191200,0.0,0.0
2015-06-26,69.94999694824219,70.5999984741211,69.68000030517578,70.45999908447266,44.668731689453125,9669500,0.0,0.0
2015-06-29,69.2699966430664,70.0199966430664,67.08000183105469,67.18000030517578,42.58934020996094,12057200,0.0,0.0
2015-06-30,68.0,68.22000122070312,66.66000366210938,67.19000244140625,42.59567642211914,11459600,0.0,0.0
2015-07-01,67.9000015258789,68.5999984741211,67.68000030517578,68.51000213623047,43.432498931884766,7694900,0.0,0.0
2015-07-02,68.68000030517578,68.9000015258789,67.79000091552734,68.20999908447266,43.24231719970703,6245700,0.0,0.0
2015-07-06,67.52999877929688,69.0,67.48999786376953,68.22000122070312,43.2486572265625,17029100,0.0,0.0
2015-07-07,68.41999816894531,68.79000091552734,67.31999969482422,68.55999755859375,43.46420669555664,7821600,0.0,0.0
2015-07-08,67.79000091552734,68.44000244140625,67.58000183105469,67.66000366210938,42.893638610839844,5027200,0.0,0.0
2015-07-09,68.4800033569336,68.91999816894531,67.80000305175781,67.97000122070312,43.09015655517578,6516800,0.0,0.0
2015-07-10,68.94000244140625,69.5,68.52999877929688,69.2300033569336,43.88896179199219,6891400,0.0,0.0
2015-07-13,69.41999816894531,69.69999694824219,69.16999816894531,69.56999969482422,44.431819915771484,5507000,0.51,0.0
2015-07-14,69.70999908447266,70.5199966430664,69.4000015258789,69.80000305175781,44.578712463378906,6628300,0.0,0.0
2015-07-15,69.80999755859375,70.04000091552734,69.30999755859375,69.75,44.54677200317383,16761400,0.0,0.0
2015-07-16,70.13999938964844,70.30000305175781,69.83000183105469,69.98999786376953,44.70005798339844,6843800,0.0,0.0
2015-07-17,69.98999786376953,70.12999725341797,69.69999694824219,69.98999786376953,44.70005798339844,6141200,0.0,0.0
2015-07-20,70.0,71.11000061035156,69.86000061035156,70.80000305175781,45.21739196777344,9633000,0.0,0.0
2015-07-21,70.80999755859375,71.5999984741211,70.22000122070312,70.54000091552734,45.051326751708984,5028500,0.0,0.0
2015-07-22,70.26000213623047,70.6500015258789,70.02999877929688,70.55999755859375,45.064090728759766,5701700,0.0,0.0
2015-07-23,70.25,70.93000030517578,70.13999938964844,70.5199966430664,45.03854751586914,5636600,0.0,0.0
2015-07-24,67.52999877929688,69.0199966430664,67.3499984741211,68.08000183105469,43.48020553588867,13495200,0.0,0.0
2015-07-27,68.45999908447266,70.95999908447266,68.45999908447266,69.33999633789062,44.28493118286133,12841500,0.0,0.0
2015-07-28,69.5,71.44000244140625,69.08000183105469,71.2300033569336,45.492000579833984,10098300,0.0,0.0
2015-07-29,71.29000091552734,71.51000213623047,70.73999786376953,70.7699966430664,45.198211669921875,6793300,0.0,0.0
2015-07-30,70.86000061035156,70.87999725341797,69.2699966430664,70.16000366210938,44.80863571166992,6820400,0.0,0.0
2015-07-31,70.37999725341797,70.37999725341797,69.7300033569336,70.01000213623047,44.71283721923828,6181300,0.0,0.0
2015-08-03,70.19000244140625,70.79000091552734,69.27999877929688,69.7300033569336,44.53400421142578,9872300,0.0,0.0
2015-08-04,70.04000091552734,70.38999938964844,69.66999816894531,69.94999694824219,44.67450714111328,5410900,0.0,0.0
2015-08-05,70.0999984741211,70.63999938964844,70.05000305175781,70.30000305175781,44.89805221557617,10090200,0.0,0.0
2015-08-06,70.37000274658203,70.77999877929688,68.80000305175781,69.23999786376953,44.221038818359375,6172200,0.0,0.0
2015-08-07,69.08000183105469,69.30000305175781,67.7699966430664,68.62000274658203,43.8250846862793,6214500,0.0,0.0
2015-08-10,68.91999816894531,69.43000030517578,68.5,69.20999908447266,44.20189666748047,8189400,0.0,0.0
2015-08-11,68.5,69.29000091552734,67.94000244140625,68.25,43.58878707885742,7473200,0.0,0.0
2015-08-12,67.83000183105469,68.91999816894531,67.23999786376953,68.75,43.908111572265625,8337600,0.0,0.0
2015-08-13,68.68000030517578,69.08999633789062,68.20999908447266,68.54000091552734,43.77398681640625,7184900,0.0,0.0
2015-08-14,68.55999755859375,69.44000244140625,68.41000366210938,68.6500015258789,43.84423828125,5864800,0.0,0.0
2015-08-17,68.70999908447266,69.81999969482422,68.30000305175781,69.37000274658203,44.3040885925293,17669900,0.0,0.0
2015-08-18,69.41999816894531,69.73999786376953,68.66999816894531,68.86000061035156,43.97836685180664,6376500,0.0,0.0
2015-08-19,68.75,69.08000183105469,68.20999908447266,68.58999633789062,43.80593490600586,6270300,0.0,0.0
2015-08-20,68.0,68.43000030517578,67.4800033569336,67.4800033569336,43.09701919555664,9600900,0.0,0.0
2015-08-21,66.73999786376953,67.16000366210938,65.83000183105469,65.9000015258789,42.087928771972656,16277100,0.0,0.0
2015-08-24,61.16999816894531,64.8499984741211,53.869998931884766,63.45000076293945,40.52318572998047,24292600,0.0,0.0
2015-08-25,65.11000061035156,65.12000274658203,60.650001525878906,60.709999084472656,38.773258209228516,15267000,0.0,0.0
2015-08-26,62.470001220703125,63.220001220703125,60.880001068115234,63.13999938964844,40.32521438598633,15289600,0.0,0.0
2015-08-27,64.02999877929688,64.5999984741211,63.0,64.51000213623047,41.2001838684082,12592100,0.0,0.0
2015-08-28,63.90999984741211,64.77999877929688,63.439998626708984,63.97999954223633,40.86168670654297,7316400,0.0,0.0
2015-08-31,64.13999938964844,64.30999755859375,62.25,62.40999984741211,39.85898971557617,15581100,0.0,0.0
2015-09-01,61.0,61.630001068115234,60.15999984741211,60.5,38.63914489746094,12703200,0.0,0.0
2015-09-02,61.560001373291016,61.599998474121094,60.279998779296875,60.97999954223633,38.9456901550293,12044500,0.0,0.0
2015-09-03,61.45000076293945,62.279998779296875,61.349998474121094,61.58000183105469,39.32889938354492,11777400,0.0,0.0
2015-09-04,60.650001525878906,60.79999923706055,58.959999084472656,59.77000045776367,38.17291259765625,9281400,0.0,0.0
2015-09-08,60.220001220703125,60.939998626708984,59.90999984741211,60.56999969482422,38.6838493347168,9263200,0.0,0.0
2015-09-09,61.52000045776367,61.52000045776367,59.11000061035156,59.2599983215332,37.84720230102539,8436900,0.0,0.0
2015-09-10,59.36000061035156,60.130001068115234,58.88999938964844,59.58000183105469,38.05157470703125,9306600,0.0,0.0
2015-09-11,59.619998931884766,59.7599983215332,58.970001220703125,59.349998474121094,37.904666900634766,9365400,0.0,0.0
2015-09-14,59.43000030517578,59.619998931884766,57.540000915527344,58.939998626708984,37.642826080322266,9095600,0.0,0.0
2015-09-15,58.97999954223633,59.439998626708984,58.369998931884766,59.20000076293945,37.808868408203125,10474700,0.0,0.0
2015-09-16,59.5,59.63999938964844,58.630001068115234,59.5099983215332,38.00685501098633,8044200,0.0,0.0
2015-09-17,59.560001373291016,60.91999816894531,59.38999938964844,59.86000061035156,38.23040008544922,10281700,0.0,0.0
2015-09-18,59.41999816894531,61.83000183105469,58.970001220703125,61.220001220703125,39.0989875793457,28957000,0.0,0.0
2015-09-21,61.2400016784668,61.7400016784668,59.290000915527344,59.38999938964844,37.93021774291992,11038100,0.0,0.0
2015-09-22,58.16999816894531,58.2599983215332,56.90999984741211,57.7400016784668,36.876434326171875,14192000,0.0,0.0
2015-09-23,57.900001525878906,58.400001525878906,57.150001525878906,57.43000030517578,36.67844009399414,9827000,0.0,0.0
2015-09-24,56.93000030517578,57.47999954223633,55.91999816894531,56.56999969482422,36.12919235229492,8625500,0.0,0.0
2015-09-25,57.84000015258789,57.880001068115234,55.08000183105469,55.7400016784668,35.59909439086914,8673500,0.0,0.0
2015-09-28,55.38999938964844,55.43000030517578,52.34000015258789,52.5,33.52983474731445,15123000,0.0,0.0
2015-09-29,53.099998474121094,54.189998626708984,51.880001068115234,52.790000915527344,33.71504592895508,12842800,0.0,0.0
2015-09-30,53.540000915527344,54.5,53.36000061035156,54.40999984741211,34.74968338012695,11895500,0.0,0.0
2015-10-01,54.68000030517578,55.22999954223633,53.93000030517578,55.130001068115234,35.20951843261719,9255800,0.0,0.0
2015-10-02,53.869998931884766,55.849998474121094,53.720001220703125,55.81999969482422,35.65019607543945,6942600,0.0,0.0
2015-10-05,56.38999938964844,56.95000076293945,55.439998626708984,56.68000030517578,36.1994514465332,9332800,0.0,0.0
2015-10-06,56.2599983215332,56.66999816894531,53.959999084472656,55.08000183105469,35.17758560180664,9008300,0.0,0.0
2015-10-07,54.849998474121094,56.54999923706055,53.90999984741211,55.630001068115234,35.52884292602539,11056100,0.0,0.0
2015-10-08,55.130001068115234,56.15999984741211,54.79999923706055,56.040000915527344,35.790706634521484,6737300,0.0,0.0
2015-10-09,56.18000030517578,56.5,55.470001220703125,55.63999938964844,35.53523635864258,7178500,0.0,0.0
2015-10-12,55.79999923706055,56.27000045776367,55.52000045776367,55.77000045776367,35.618263244628906,6515000,0.0,0.0
2015-10-13,55.16999816894531,55.36000061035156,53.709999084472656,53.79999923706055,34.67719650268555,9467900,0.51,0.0
2015-10-14,54.09000015258789,54.619998931884766,53.56999969482422,53.939998626708984,34.76743698120117,8727400,0.0,0.0
2015-10-15,54.31999969482422,56.20000076293945,53.849998474121094,56.13999938964844,36.18547821044922,7781600,0.0,0.0
2015-10-16,56.290000915527344,56.970001220703125,55.790000915527344,56.529998779296875,36.436851501464844,7342800,0.0,0.0
2015-10-19,56.290000915527344,56.70000076293945,55.689998626708984,56.15999984741211,36.19837188720703,6463000,0.0,0.0
2015-10-20,56.150001525878906,56.380001068115234,54.630001068115234,54.83000183105469,35.341094970703125,6494600,0.0,0.0
2015-10-21,55.279998779296875,55.61000061035156,53.06999969482422,53.83000183105469,34.69655227661133,11638800,0.0,0.0
2015-10-22,53.880001068115234,54.439998626708984,45.45000076293945,48.27000045776367,31.11280059814453,46517700,0.0,0.0
2015-10-23,49.40999984741211,51.72999954223633,48.63999938964844,50.34000015258789,32.447021484375,26214800,0.0,0.0
2015-10-26,50.16999816894531,52.47999954223633,49.349998474121094,51.869998931884766,33.43319320678711,13890400,0.0,0.0
2015-10-27,52.0099983215332,53.4900016784668,52.0099983215332,52.58000183105469,33.890846252441406,11710800,0.0,0.0
2015-10-28,52.81999969482422,53.84000015258789,52.08000183105469,53.2599983215332,34.32914733886719,7869000,0.0,0.0
2015-10-29,53.20000076293945,55.18000030517578,53.02000045776367,54.099998474121094,34.870567321777344,9304400,0.0,0.0
2015-10-30,57.869998931884766,60.72999954223633,57.65999984741211,59.54999923706055,38.3834114074707,27465600,0.0,0.0
2015-11-02,61.599998474121094,64.19999694824219,61.439998626708984,63.380001068115234,40.85206604003906,17008700,0.0,0.0
2015-11-03,63.119998931884766,63.720001220703125,61.91999816894531,62.43000030517578,40.2397346496582,8754700,0.0,0.0
2015-11-04,62.43000030517578,64.1500015258789,62.29999923706055,63.79999923706055,41.12278747558594,10342600,0.0,0.0
2015-11-05,63.70000076293945,64.18000030517578,61.689998626708984,62.77000045776367,40.458892822265625,10237200,0.0,0.0
2015-11-06,62.25,64.30000305175781,62.130001068115234,64.12999725341797,41.335487365722656,7261100,0.0,0.0
2015-11-09,63.619998931884766,64.12999725341797,63.11000061035156,63.22999954223633,40.755393981933594,8239400,0.0,0.0
2015-11-10,63.33000183105469,63.619998931884766,62.279998779296875,62.29999923706055,40.155967712402344,6897600,0.0,0.0
2015-11-11,62.20000076293945,62.27000045776367,60.56999969482422,60.86000061035156,39.227783203125,8212500,0.0,0.0
2015-11-12,60.790000915527344,61.72999954223633,60.150001525878906,60.22999954223633,38.821720123291016,7765500,0.0,0.0
2015-11-13,60.0099983215332,60.970001220703125,58.88999938964844,59.86000061035156,38.583229064941406,7834400,0.0,0.0
2015-11-16,59.7400016784668,60.810001373291016,59.560001373291016,60.0099983215332,38.67990493774414,6965100,0.0,0.0
2015-11-17,60.099998474121094,61.72999954223633,59.72999954223633,60.380001068115234,38.918392181396484,8405400,0.0,0.0
2015-11-18,60.2599983215332,61.060001373291016,59.849998474121094,60.9900016784668,39.31158447265625,5470200,0.0,0.0
2015-11-19,61.220001220703125,61.72999954223633,60.13999938964844,60.54999923706055,39.0279655456543,5571200,0.0,0.0
2015-11-20,60.939998626708984,61.36000061035156,60.56999969482422,61.11000061035156,39.38892364501953,7490200,0.0,0.0
2015-11-23,61.310001373291016,61.529998779296875,60.84000015258789,61.150001525878906,39.41470718383789,6405000,0.0,0.0
2015-11-24,60.560001373291016,61.650001525878906,60.529998779296875,61.130001068115234,39.40181350708008,5213500,0.0,0.0
2015-11-25,61.099998474121094,61.130001068115234,60.209999084472656,60.290000915527344,38.860389709472656,4879800,0.0,0.0
2015-11-27,60.16999816894531,60.45000076293945,59.61000061035156,60.0,38.67348098754883,2404100,0.0,0.0
2015-11-30,59.959999084472656,60.209999084472656,57.959999084472656,58.150001525878906,37.481040954589844,12660200,0.0,0.0
2015-12-01,58.22999954223633,59.099998474121094,57.15999984741211,59.02000045776367,38.04179382324219,11290500,0.0,0.0
2015-12-02,59.16999816894531,59.38999938964844,57.369998931884766,57.720001220703125,37.2038688659668,7663000,0.0,0.0
2015-12-03,57.709999084472656,57.75,55.529998779296875,56.119998931884766,36.17258071899414,9701500,0.0,0.0
2015-12-04,56.5,57.47999954223633,56.20000076293945,57.18000030517578,36.85580825805664,6748100,0.0,0.0
2015-12-07,57.900001525878906,57.9900016784668,55.7599983215332,56.27000045776367,36.269264221191406,7890900,0.0,0.0
2015-12-08,55.560001373291016,56.869998931884766,55.5099983215332,56.66999816894531,36.52708435058594,6896200,0.0,0.0
2015-12-09,56.279998779296875,57.439998626708984,55.720001220703125,56.029998779296875,36.114566802978516,6207900,0.0,0.0
2015-12-10,56.0,56.650001525878906,55.650001525878906,55.779998779296875,35.95343017578125,6736900,0.0,0.0
2015-12-11,55.779998779296875,55.779998779296875,53.849998474121094,54.040000915527344,34.831886291503906,9388600,0.0,0.0
2015-12-14,53.709999084472656,55.47999954223633,53.2400016784668,55.439998626708984,35.73427963256836,9419500,0.0,0.0
2015-12-15,56.150001525878906,57.0,55.90999984741211,56.38999938964844,36.34661102294922,6990000,0.0,0.0
2015-12-16,56.66999816894531,57.689998626708984,56.20000076293945,57.630001068115234,37.1458625793457,6282500,0.0,0.0
2015-12-17,57.65999984741211,57.93000030517578,56.349998474121094,56.380001068115234,36.340171813964844,7848900,0.0,0.0
2015-12-18,55.900001525878906,56.099998474121094,55.36000061035156,55.7400016784668,35.92764663696289,13807000,0.0,0.0
2015-12-21,56.0,56.2599983215332,55.70000076293945,56.20000076293945,36.224151611328125,4572100,0.0,0.0
2015-12-22,56.540000915527344,57.9900016784668,56.41999816894531,57.59000015258789,37.120094299316406,8390800,0.0,0.0
2015-12-23,57.880001068115234,58.61000061035156,57.61000061035156,58.58000183105469,37.7581901550293,6634400,0.0,0.0
2015-12-24,58.380001068115234,58.72999954223633,58.0,58.459999084472656,37.68083572387695,2152900,0.0,0.0
2015-12-28,58.27000045776367,58.970001220703125,57.7599983215332,58.75,37.867767333984375,5585800,0.0,0.0
2015-12-29,59.02000045776367,59.70000076293945,59.02000045776367,59.45000076293945,38.3189582824707,5073900,0.0,0.0
2015-12-30,59.400001525878906,60.119998931884766,59.310001373291016,59.79999923706055,38.544559478759766,5220300,0.0,0.0
2015-12-31,59.5,59.93000030517578,59.20000076293945,59.2400016784668,38.1836051940918,6104800,0.0,0.0
2016-01-04,58.060001373291016,58.31999969482422,56.400001525878906,57.61000061035156,37.132965087890625,10308400,0.0,0.0
2016-01-05,57.9900016784668,58.25,56.81999969482422,57.369998931884766,36.978275299072266,7179600,0.0,0.0
2016-01-06,56.369998931884766,57.560001373291016,56.18000030517578,57.380001068115234,36.98472595214844,8952700,0.0,0.0
2016-01-07,56.52000045776367,57.84000015258789,56.34000015258789,57.209999084472656,36.875160217285156,9292600,0.0,0.0
2016-01-08,57.54999923706055,57.810001373291016,55.47999954223633,55.650001525878906,35.86963653564453,7985200,0.0,0.0
2016-01-11,55.86000061035156,55.97999954223633,52.83000183105469,53.880001068115234,34.72877502441406,10483300,0.0,0.0
2016-01-12,54.470001220703125,54.970001220703125,53.56999969482422,54.84000015258789,35.3475456237793,6799600,0.0,0.0
2016-01-13,54.54999923706055,54.619998931884766,50.97999954223633,51.18000030517578,33.33494567871094,10432200,0.57,0.0
2016-01-14,51.31999969482422,56.83000183105469,50.709999084472656,54.560001373291016,35.53643798828125,16704900,0.0,0.0
2016-01-15,53.0099983215332,57.40999984741211,53.0099983215332,57.34000015258789,37.34712219238281,27008800,0.0,0.0
2016-01-19,57.529998779296875,57.72999954223633,54.22999954223633,54.9900016784668,35.816497802734375,13644500,0.0,0.0
2016-01-20,54.209999084472656,57.93000030517578,53.70000076293945,57.150001525878906,37.2233772277832,11993100,0.0,0.0
2016-01-21,57.290000915527344,58.77000045776367,56.91999816894531,58.36000061035156,38.011474609375,12097000,0.0,0.0
2016-01-22,59.099998474121094,59.43000030517578,57.81999969482422,58.83000183105469,38.31760025024414,10383800,0.0,0.0
2016-01-25,59.029998779296875,59.810001373291016,58.18000030517578,58.650001525878906,38.20035171508789,9681900,0.0,0.0
2016-01-26,59.0099983215332,59.27000045776367,57.209999084472656,58.2599983215332,37.946346282958984,7421100,0.0,0.0
2016-01-27,58.36000061035156,58.93000030517578,56.45000076293945,57.11000061035156,37.19732666015625,9077700,0.0,0.0
2016-01-28,57.22999954223633,57.72999954223633,54.779998779296875,55.849998474121094,36.37664031982422,10521100,0.0,0.0
2016-01-29,53.41999816894531,55.310001373291016,53.41999816894531,54.900001525878906,35.75788879394531,17768700,0.0,0.0
2016-02-01,54.15999984741211,54.880001068115234,52.5099983215332,54.38999938964844,35.42570495605469,11693300,0.0,0.0
2016-02-02,53.63999938964844,54.779998779296875,53.31999969482422,53.95000076293945,35.13911056518555,7918300,0.0,0.0
2016-02-03,54.529998779296875,57.18000030517578,54.04999923706055,56.84000015258789,37.02145004272461,16435700,0.0,0.0
2016-02-04,56.7400016784668,57.310001373291016,55.36000061035156,56.7599983215332,36.9693489074707,10351200,0.0,0.0
2016-02-05,56.25,56.34000015258789,52.619998931884766,53.119998931884766,34.59852600097656,13263200,0.0,0.0
2016-02-08,52.58000183105469,54.099998474121094,51.939998626708984,52.88999938964844,34.44871139526367,9369400,0.0,0.0
2016-02-09,52.310001373291016,53.939998626708984,52.060001373291016,53.47999954223633,34.8330078125,7655800,0.0,0.0
2016-02-10,54.11000061035156,54.689998626708984,52.54999923706055,52.720001220703125,34.337989807128906,9302800,0.0,0.0
2016-02-11,52.29999923706055,53.119998931884766,51.81999969482422,52.18000030517578,33.98627471923828,8551100,0.0,0.0
2016-02-12,52.529998779296875,52.970001220703125,51.599998474121094,52.58000183105469,34.246803283691406,9976200,0.0,0.0
2016-02-16,53.439998626708984,53.869998931884766,52.72999954223633,53.5099983215332,34.852535247802734,8313000,0.0,0.0
2016-02-17,54.34000015258789,55.150001525878906,53.349998474121094,55.0099983215332,35.829524993896484,10005600,0.0,0.0
2016-02-18,55.529998779296875,55.529998779296875,54.16999816894531,54.54999923706055,35.52992248535156,6555000,0.0,0.0
2016-02-19,54.5,55.0,53.97999954223633,54.290000915527344,35.360565185546875,8532500,0.0,0.0
2016-02-22,54.290000915527344,55.31999969482422,53.7400016784668,55.279998779296875,36.005393981933594,9381800,0.0,0.0
2016-02-23,55.70000076293945,56.310001373291016,55.0,55.06999969482422,35.86861038208008,8629700,0.0,0.0
2016-02-24,54.65999984741211,55.06999969482422,54.0099983215332,54.88999938964844,35.75137710571289,6633800,0.0,0.0
2016-02-25,55.16999816894531,56.22999954223633,54.43000030517578,56.20000076293945,36.604610443115234,7076300,0.0,0.0
2016-02-26,56.2599983215332,56.790000915527344,55.79999923706055,56.0,36.47433853149414,5298000,0.0,0.0
2016-02-29,55.869998931884766,56.0,54.470001220703125,54.61000061035156,35.56898880004883,8395100,0.0,0.0
2016-03-01,54.779998779296875,56.34000015258789,54.2400016784668,56.34000015258789,36.69580078125,7106000,0.0,0.0
2016-03-02,56.16999816894531,56.43000030517578,55.400001525878906,55.70000076293945,36.27894973754883,7054800,0.0,0.0
2016-03-03,55.689998626708984,56.09000015258789,55.150001525878906,55.93000030517578,36.42875289916992,9283900,0.0,0.0
2016-03-04,56.0,56.70000076293945,55.29999923706055,56.150001525878906,36.572044372558594,6439700,0.0,0.0
2016-03-07,55.70000076293945,56.5,54.83000183105469,56.400001525878906,36.7348747253418,7741800,0.0,0.0
2016-03-08,56.18000030517578,56.470001220703125,55.22999954223633,55.31999969482422,36.03144073486328,5303700,0.0,0.0
2016-03-09,55.5099983215332,56.650001525878906,55.040000915527344,56.38999938964844,36.72835922241211,8402500,0.0,0.0
2016-03-10,56.560001373291016,57.369998931884766,55.31999969482422,56.22999954223633,36.6241569519043,5627900,0.0,0.0
2016-03-11,56.400001525878906,57.869998931884766,56.349998474121094,57.72999954223633,37.60114288330078,6537400,0.0,0.0
2016-03-14,57.66999816894531,57.72999954223633,56.970001220703125,57.209999084472656,37.26245880126953,4650800,0.0,0.0
2016-03-15,56.650001525878906,56.93000030517578,55.130001068115234,55.619998931884766,36.22683334350586,5779600,0.0,0.0
2016-03-16,55.58000183105469,56.540000915527344,55.25,56.310001373291016,36.67625427246094,6245400,0.0,0.0
2016-03-17,56.459999084472656,56.459999084472656,54.40999984741211,55.31999969482422,36.03144073486328,8308800,0.0,0.0
2016-03-18,55.59000015258789,56.599998474121094,54.79999923706055,56.56999969482422,36.845603942871094,11029800,0.0,0.0
2016-03-21,56.52000045776367,56.779998779296875,55.72999954223633,56.0099983215332,36.480857849121094,6632900,0.0,0.0
2016-03-22,55.75,57.540000915527344,55.75,57.5,37.45132064819336,7661600,0.0,0.0
2016-03-23,57.15999984741211,57.5,56.220001220703125,56.36000061035156,36.70882034301758,5116400,0.0,0.0
2016-03-24,56.13999938964844,56.25,55.66999816894531,56.119998931884766,36.55250549316406,5278900,0.0,0.0
2016-03-28,56.349998474121094,56.70000076293945,55.79999923706055,56.11000061035156,36.54598617553711,3803100,0.0,0.0
2016-03-29,56.099998474121094,57.099998474121094,55.220001220703125,57.04999923706055,37.158233642578125,4567900,0.0,0.0
2016-03-30,57.43000030517578,57.529998779296875,56.720001220703125,57.0,37.12567138671875,3650300,0.0,0.0
2016-03-31,57.02000045776367,57.459999084472656,56.81999969482422,57.119998931884766,37.20383071899414,4930300,0.0,0.0
2016-04-01,56.58000183105469,57.56999969482422,56.36000061035156,57.41999816894531,37.399234771728516,4525700,0.0,0.0
2016-04-04,57.63999938964844,59.400001525878906,57.4900016784668,59.209999084472656,38.565101623535156,8108100,0.0,0.0
2016-04-05,58.540000915527344,59.560001373291016,58.09000015258789,58.540000915527344,38.12870407104492,6779400,0.0,0.0
2016-04-06,58.52000045776367,59.900001525878906,58.52000045776367,59.88999938964844,39.00801467895508,6322800,0.0,0.0
2016-04-07,59.41999816894531,59.900001525878906,58.7599983215332,59.29999923706055,38.62372589111328,7827600,0.0,0.0
2016-04-08,59.4900016784668,59.79999923706055,58.16999816894531,58.470001220703125,38.0831184387207,5750000,0.0,0.0
2016-04-11,58.59000015258789,59.25,58.25,58.5,38.10266876220703,4894000,0.0,0.0
2016-04-12,58.97999954223633,60.04999923706055,58.689998626708984,59.88999938964844,39.00801467895508,7243700,0.0,0.0
2016-04-13,59.869998931884766,60.0,58.70000076293945,59.060001373291016,38.83704376220703,7023000,0.57,0.0
2016-04-14,59.150001525878906,59.4900016784668,59.0,59.279998779296875,38.98170852661133,5185600,0.0,0.0
2016-04-15,59.54999923706055,59.7400016784668,58.779998779296875,59.5099983215332,39.132938385009766,4660800,0.0,0.0
2016-04-18,59.5,60.31999969482422,59.29999923706055,59.880001068115234,39.37625503540039,6089400,0.0,0.0
2016-04-19,60.09000015258789,61.22999954223633,59.66999816894531,60.16999816894531,39.566959381103516,6149300,0.0,0.0
2016-04-20,60.16999816894531,61.11000061035156,59.959999084472656,60.47999954223633,39.770816802978516,4443600,0.0,0.0
2016-04-21,60.56999969482422,61.43000030517578,60.540000915527344,61.369998931884766,40.356056213378906,5702400,0.0,0.0
2016-04-22,61.29999923706055,61.9900016784668,60.959999084472656,61.41999816894531,40.388938903808594,5103000,0.0,0.0
2016-04-25,61.130001068115234,61.29999923706055,60.75,60.970001220703125,40.09302520751953,4320500,0.0,0.0
2016-04-26,60.959999084472656,61.290000915527344,60.529998779296875,60.93000030517578,40.066715240478516,4281700,0.0,0.0
2016-04-27,60.93000030517578,61.47999954223633,60.25,60.70000076293945,39.91547775268555,6679200,0.0,0.0
2016-04-28,58.560001373291016,62.099998474121094,57.529998779296875,61.20000076293945,40.24427032470703,16235400,0.0,0.0
2016-04-29,61.029998779296875,61.45000076293945,60.47999954223633,61.0,40.11275100708008,13052700,0.0,0.0
2016-05-02,60.790000915527344,62.0,60.70000076293945,61.439998626708984,40.40209197998047,9512000,0.0,0.0
2016-05-03,60.9900016784668,62.09000015258789,60.720001220703125,61.77000045776367,40.61909484863281,9316600,0.0,0.0
2016-05-04,61.29999923706055,61.650001525878906,61.0099983215332,61.459999084472656,40.41523742675781,8691400,0.0,0.0
2016-05-05,61.40999984741211,62.400001525878906,61.09000015258789,62.34000015258789,40.99391555786133,8646200,0.0,0.0
2016-05-06,62.0,62.75,61.650001525878906,62.5099983215332,41.105709075927734,10880700,0.0,0.0
2016-05-09,62.36000061035156,63.869998931884766,62.279998779296875,63.70000076293945,41.88823699951172,9917400,0.0,0.0
2016-05-10,63.5099983215332,63.7599983215332,63.31999969482422,63.7400016784668,41.91454315185547,12103400,0.0,0.0
2016-05-11,63.77000045776367,63.83000183105469,62.63999938964844,62.70000076293945,41.23065185546875,9375200,0.0,0.0
2016-05-12,62.86000061035156,63.06999969482422,62.38999938964844,62.4900016784668,41.092567443847656,9589500,0.0,0.0
2016-05-13,62.150001525878906,62.86000061035156,61.81999969482422,62.0,40.77034378051758,7339600,0.0,0.0
2016-05-16,61.90999984741211,62.619998931884766,61.5,62.45000076293945,41.066246032714844,6707400,0.0,0.0
2016-05-17,62.439998626708984,62.790000915527344,58.5,60.25,39.619564056396484,31528900,0.0,0.0
2016-05-18,59.869998931884766,60.79999923706055,59.560001373291016,60.459999084472656,39.75765609741211,10622000,0.0,0.0
2016-05-19,60.060001373291016,60.349998474121094,58.900001525878906,59.279998779296875,38.98170852661133,9917900,0.0,0.0
2016-05-20,59.630001068115234,60.04999923706055,59.029998779296875,59.689998626708984,39.251319885253906,11259400,0.0,0.0
2016-05-23,59.75,59.84000015258789,59.130001068115234,59.29999923706055,38.9948616027832,6468900,0.0,0.0
2016-05-24,59.72999954223633,60.90999984741211,59.52000045776367,60.70000076293945,39.91547775268555,8888100,0.0,0.0
2016-05-25,61.08000183105469,61.470001220703125,60.790000915527344,61.220001220703125,40.257423400878906,5857600,0.0,0.0
2016-05-26,61.0,62.16999816894531,60.900001525878906,61.900001525878906,40.70457458496094,6537100,0.0,0.0
2016-05-27,61.9900016784668,63.20000076293945,61.900001525878906,62.709999084472656,41.23722457885742,5768000,0.0,0.0
2016-05-31,62.709999084472656,63.4900016784668,62.63999938964844,62.93000030517578,41.381900787353516,7147900,0.0,0.0
2016-06-01,62.93000030517578,63.16999816894531,62.630001068115234,62.83000183105469,41.31613540649414,5284400,0.0,0.0
2016-06-02,62.869998931884766,65.1500015258789,62.83000183105469,65.08999633789062,42.80227279663086,11628000,0.0,0.0
2016-06-03,64.76000213623047,65.37000274658203,63.75,65.0,42.74309158325195,10621600,0.0,0.0
2016-06-06,62.130001068115234,62.9900016784668,61.869998931884766,62.81999969482422,41.30955505371094,16403400,0.0,0.0
2016-06-07,62.59000015258789,63.59000015258789,62.29999923706055,63.099998474121094,41.493682861328125,10980100,0.0,0.0
2016-06-08,62.209999084472656,62.29999923706055,61.369998931884766,61.72999954223633,40.59278869628906,13173000,0.0,0.0
2016-06-09,61.5,62.16999816894531,60.52000045776367,60.75,39.94835662841797,11503700,0.0,0.0
2016-06-10,59.9900016784668,61.0099983215332,59.720001220703125,61.0,40.11275100708008,11052300,0.0,0.0
2016-06-13,60.459999084472656,61.38999938964844,59.849998474121094,59.93000030517578,39.40913009643555,11673600,0.0,0.0
2016-06-14,59.459999084472656,60.380001068115234,59.15999984741211,59.900001525878906,39.389400482177734,11560200,0.0,0.0
2016-06-15,60.290000915527344,61.27000045776367,60.0099983215332,60.400001525878906,39.71820068359375,7739300,0.0,0.0
2016-06-16,59.93000030517578,60.939998626708984,59.90999984741211,60.900001525878906,40.047000885009766,7011200,0.0,0.0
2016-06-17,60.880001068115234,60.970001220703125,59.56999969482422,60.0099983215332,39.46173858642578,12574700,0.0,0.0
2016-06-20,60.63999938964844,61.18000030517578,60.060001373291016,60.11000061035156,39.527496337890625,7076500,0.0,0.0
2016-06-21,60.20000076293945,60.400001525878906,59.75,59.97999954223633,39.44202423095703,6366500,0.0,0.0
2016-06-22,60.0,61.18000030517578,59.91999816894531,60.38999938964844,39.71162796020508,6718600,0.0,0.0
2016-06-23,60.86000061035156,61.31999969482422,60.619998931884766,61.310001373291016,40.31660461425781,5328200,0.0,0.0
2016-06-24,59.2599983215332,60.599998474121094,59.18000030517578,59.86000061035156,39.36311721801758,9878500,0.0,0.0
2016-06-27,59.380001068115234,59.68000030517578,58.33000183105469,58.68000030517578,38.58715057373047,7945500,0.0,0.0
2016-06-28,59.279998779296875,60.130001068115234,59.150001525878906,59.9900016784668,39.44858932495117,9897600,0.0,0.0
2016-06-29,60.58000183105469,62.029998779296875,60.22999954223633,61.810001373291016,40.645389556884766,9308000,0.0,0.0
2016-06-30,61.790000915527344,62.02000045776367,61.13999938964844,61.90999984741211,40.711158752441406,7920600,0.0,0.0
2016-07-01,61.97999954223633,63.220001220703125,61.83000183105469,62.709999084472656,41.23722457885742,6533700,0.0,0.0
2016-07-05,62.5,62.709999084472656,61.77000045776367,61.91999816894531,40.717735290527344,6293600,0.0,0.0
2016-07-06,61.84000015258789,63.7599983215332,61.79999923706055,63.369998931884766,41.671241760253906,9202200,0.0,0.0
2016-07-07,63.599998474121094,63.75,63.209999084472656,63.43000030517578,41.71067810058594,7081900,0.0,0.0
2016-07-08,63.47999954223633,64.4800033569336,62.7400016784668,64.16000366210938,42.190738677978516,7921700,0.0,0.0
2016-07-11,64.25,64.98999786376953,64.06999969482422,64.3499984741211,42.315670013427734,9641500,0.0,0.0
2016-07-12,64.66999816894531,65.80999755859375,64.31999969482422,65.5,43.0718879699707,11870500,0.0,0.0
2016-07-13,64.80999755859375,65.04000091552734,64.25,64.7699966430664,42.96575927734375,7684200,0.57,0.0
2016-07-14,63.70000076293945,64.13999938964844,62.939998626708984,63.619998931884766,42.20288848876953,12090100,0.0,0.0
2016-07-15,63.81999969482422,64.16999816894531,63.130001068115234,63.31999969482422,42.003875732421875,8827500,0.0,0.0
2016-07-18,63.22999954223633,63.77000045776367,63.18000030517578,63.560001373291016,42.16309356689453,6384800,0.0,0.0
2016-07-19,63.40999984741211,63.970001220703125,63.09000015258789,63.31999969482422,42.003875732421875,5794500,0.0,0.0
2016-07-20,63.56999969482422,63.900001525878906,63.33000183105469,63.40999984741211,42.06358337402344,7502800,0.0,0.0
2016-07-21,63.22999954223633,64.0,63.16999816894531,63.88999938964844,42.381996154785156,6145500,0.0,0.0
2016-07-22,64.0,64.08999633789062,63.58000183105469,63.810001373291016,42.32893371582031,4972900,0.0,0.0
2016-07-25,63.90999984741211,64.5,63.709999084472656,64.31999969482422,42.667236328125,7241200,0.0,0.0
2016-07-26,64.41000366210938,64.7300033569336,63.959999084472656,64.44999694824219,42.75347137451172,4885200,0.0,0.0
2016-07-27,64.41999816894531,65.11000061035156,64.31999969482422,64.9000015258789,43.05198287963867,6220400,0.0,0.0
2016-07-28,64.79000091552734,65.05999755859375,63.93000030517578,64.72000122070312,42.93257522583008,6556100,0.0,0.0
2016-07-29,65.2699966430664,66.4000015258789,65.1500015258789,66.2300033569336,43.93426513671875,10525000,0.0,0.0
2016-08-01,66.2300033569336,67.08000183105469,66.2300033569336,66.94000244140625,44.40523910522461,7599000,0.0,0.0
2016-08-02,66.93000030517578,67.05999755859375,66.05000305175781,66.77999877929688,44.29910659790039,8763200,0.0,0.0
2016-08-03,66.80999755859375,67.0,66.22000122070312,66.56999969482422,44.1598014831543,6355100,0.0,0.0
2016-08-04,66.58000183105469,66.9800033569336,66.08000183105469,66.0999984741211,43.8480224609375,4901900,0.0,0.0
2016-08-05,66.1500015258789,66.5999984741211,66.12000274658203,66.54000091552734,44.1399040222168,5045600,0.0,0.0
2016-08-08,66.37999725341797,66.66999816894531,65.75,66.33999633789062,44.0072135925293,5309300,0.0,0.0
2016-08-09,66.33999633789062,67.25,66.25,66.76000213623047,44.28583908081055,5717300,0.0,0.0
2016-08-10,66.69999694824219,66.95999908447266,66.19000244140625,66.43000030517578,44.06692123413086,4506100,0.0,0.0
2016-08-11,66.86000061035156,67.11000061035156,66.69999694824219,66.94999694824219,44.411869049072266,4246600,0.0,0.0
2016-08-12,66.86000061035156,67.38999938964844,66.55000305175781,67.19000244140625,44.57107925415039,5215400,0.0,0.0
2016-08-15,67.47000122070312,68.12000274658203,67.31999969482422,67.38999938964844,44.703758239746094,5215400,0.0,0.0
2016-08-16,67.12999725341797,67.61000061035156,66.5,66.73999786376953,44.2725715637207,7147600,0.0,0.0
2016-08-17,66.69000244140625,67.3499984741211,66.3499984741211,66.83000183105469,44.33226776123047,7945400,0.0,0.0
2016-08-18,66.56999969482422,67.43000030517578,66.55000305175781,66.7699966430664,44.29246520996094,8205800,0.0,0.0
2016-08-19,66.56999969482422,67.18000030517578,66.51000213623047,67.0999984741211,44.511383056640625,6709400,0.0,0.0
2016-08-22,67.30999755859375,67.79000091552734,66.91999816894531,67.01000213623047,44.451683044433594,7884800,0.0,0.0
2016-08-23,67.26000213623047,67.48999786376953,65.98999786376953,66.16999816894531,43.89445495605469,10227800,0.0,0.0
2016-08-24,66.30999755859375,66.52999877929688,64.83999633789062,65.05999755859375,43.15811538696289,8551100,0.0,0.0
2016-08-25,65.04000091552734,65.43000030517578,64.2699966430664,64.72000122070312,42.93257522583008,6379000,0.0,0.0
2016-08-26,64.68000030517578,65.0199966430664,64.20999908447266,64.61000061035156,42.8596076965332,7041600,0.0,0.0
2016-08-29,64.83999633789062,65.08999633789062,64.19000244140625,64.51000213623047,42.79327392578125,5099200,0.0,0.0
2016-08-30,64.54000091552734,64.70999908447266,64.11000061035156,64.16000366210938,42.56111145019531,5531800,0.0,0.0
2016-08-31,64.20999908447266,64.44999694824219,63.5,64.0999984741211,42.521305084228516,6750000,0.0,0.0
2016-09-01,64.0999984741211,64.13999938964844,63.61000061035156,64.02999877929688,42.47486877441406,5126700,0.0,0.0
2016-09-02,64.37000274658203,64.4800033569336,63.869998931884766,64.12000274658203,42.53458023071289,4100800,0.0,0.0
2016-09-06,64.69999694824219,64.9000015258789,64.05000305175781,64.61000061035156,42.8596076965332,6286300,0.0,0.0
2016-09-07,64.37000274658203,65.13999938964844,64.29000091552734,64.97000122070312,43.09842300415039,5714300,0.0,0.0
2016-09-08,63.959999084472656,64.1500015258789,63.439998626708984,64.05999755859375,42.49476623535156,8238800,0.0,0.0
2016-09-09,63.220001220703125,64.0,63.060001373291016,63.36000061035156,42.03040313720703,8848500,0.0,0.0
2016-09-12,62.97999954223633,64.2300033569336,62.65999984741211,64.08000183105469,42.508033752441406,6653000,0.0,0.0
2016-09-13,63.65999984741211,64.1500015258789,63.0099983215332,63.34000015258789,42.01714324951172,7640400,0.0,0.0
2016-09-14,63.40999984741211,63.959999084472656,63.060001373291016,63.34000015258789,42.01714324951172,5890000,0.0,0.0
2016-09-15,63.16999816894531,63.81999969482422,62.91999816894531,63.349998474121094,42.02378463745117,7806800,0.0,0.0
2016-09-16,63.529998779296875,63.790000915527344,63.16999816894531,63.27000045776367,41.97071838378906,11165300,0.0,0.0
2016-09-19,63.619998931884766,63.709999084472656,62.83000183105469,62.90999984741211,41.73191452026367,7903500,0.0,0.0
2016-09-20,63.36000061035156,63.54999923706055,62.7599983215332,63.279998779296875,41.97734832763672,4826500,0.0,0.0
2016-09-21,63.4900016784668,64.25,63.20000076293945,64.0999984741211,42.521305084228516,7587400,0.0,0.0
2016-09-22,64.12000274658203,65.19999694824219,64.08000183105469,65.08000183105469,43.17139434814453,5416100,0.0,0.0
2016-09-23,65.05000305175781,65.33000183105469,64.75,64.9800033569336,43.10505676269531,5154200,0.0,0.0
2016-09-26,64.5199966430664,64.87999725341797,64.0199966430664,64.06999969482422,42.50139617919922,5567700,0.0,0.0
2016-09-27,63.95000076293945,64.75,63.689998626708984,64.56999969482422,42.83308410644531,4358300,0.0,0.0
2016-09-28,64.94000244140625,64.94000244140625,63.88999938964844,64.22000122070312,42.60090255737305,5645600,0.0,0.0
2016-09-29,64.30000305175781,64.30999755859375,62.79999923706055,62.81999969482422,41.67219924926758,6431200,0.0,0.0
2016-09-30,62.66999816894531,63.2599983215332,62.45000076293945,63.06999969482422,41.83803176879883,7325400,0.0,0.0
2016-10-03,63.02000045776367,63.290000915527344,62.25,63.22999954223633,41.944183349609375,4239600,0.0,0.0
2016-10-04,63.310001373291016,63.529998779296875,62.54999923706055,63.0,41.79160690307617,4719400,0.0,0.0
2016-10-05,63.08000183105469,63.75,63.0,63.38999938964844,42.05031204223633,4442500,0.0,0.0
2016-10-06,63.15999984741211,63.209999084472656,62.560001373291016,62.83000183105469,41.67884063720703,4446100,0.0,0.0
2016-10-07,63.099998474121094,63.58000183105469,62.5,62.93000030517578,41.74517059326172,3812700,0.0,0.0
2016-10-10,63.06999969482422,63.65999984741211,62.91999816894531,63.310001373291016,41.99724197387695,3135300,0.0,0.0
2016-10-11,63.08000183105469,63.2599983215332,62.04999923706055,62.38999938964844,41.3869514465332,5308400,0.0,0.0
2016-10-12,62.0,62.22999954223633,61.02000045776367,61.209999084472656,40.97857666015625,4563800,0.57,0.0
2016-10-13,60.959999084472656,61.61000061035156,60.68000030517578,61.150001525878906,40.938411712646484,5988600,0.0,0.0
2016-10-14,61.45000076293945,61.52000045776367,60.150001525878906,60.16999816894531,40.282318115234375,5606500,0.0,0.0
2016-10-17,60.099998474121094,60.709999084472656,59.86000061035156,60.13999938964844,40.26224899291992,6138700,0.0,0.0
2016-10-18,60.619998931884766,61.619998931884766,60.400001525878906,61.54999923706055,41.20619201660156,6655100,0.0,0.0
2016-10-19,62.040000915527344,62.15999984741211,61.16999816894531,61.43000030517578,41.1258659362793,5588900,0.0,0.0
2016-10-20,61.45000076293945,61.97999954223633,61.33000183105469,61.7599983215332,41.34678649902344,4391300,0.0,0.0
2016-10-21,61.380001068115234,61.439998626708984,60.650001525878906,60.97999954223633,40.8245964050293,4341700,0.0,0.0
2016-10-24,61.130001068115234,61.68000030517578,61.02000045776367,61.119998931884766,40.9183235168457,3934800,0.0,0.0
2016-10-25,61.060001373291016,61.65999984741211,60.95000076293945,61.54999923706055,41.20619201660156,6432800,0.0,0.0
2016-10-26,61.5099983215332,61.709999084472656,60.709999084472656,61.02000045776367,40.851383209228516,4560800,0.0,0.0
2016-10-27,61.45000076293945,61.720001220703125,60.599998474121094,61.459999084472656,41.14594268798828,6612500,0.0,0.0
2016-10-28,57.54999923706055,58.38999938964844,55.060001373291016,57.599998474121094,38.561767578125,24865300,0.0,0.0
2016-10-31,57.060001373291016,57.29999923706055,55.720001220703125,55.779998779296875,37.343326568603516,14185800,0.0,0.0
2016-11-01,56.0,56.61000061035156,55.68000030517578,56.45000076293945,37.7918815612793,9799400,0.0,0.0
2016-11-02,56.459999084472656,57.189998626708984,56.400001525878906,56.790000915527344,38.019493103027344,9746200,0.0,0.0
2016-11-03,57.119998931884766,57.290000915527344,55.849998474121094,55.88999938964844,37.41697311401367,9842600,0.0,0.0
2016-11-04,56.06999969482422,56.869998931884766,55.869998931884766,56.040000915527344,37.517391204833984,11187000,0.0,0.0
2016-11-07,56.810001373291016,61.15999984741211,56.63999938964844,58.90999984741211,39.43878936767578,17763100,0.0,0.0
2016-11-08,58.79999923706055,59.61000061035156,58.029998779296875,58.810001373291016,39.37183380126953,9353200,0.0,0.0
2016-11-09,64.0999984741211,64.69000244140625,60.40999984741211,62.63999938964844,41.93592071533203,18694000,0.0,0.0
2016-11-10,63.060001373291016,65.05000305175781,62.790000915527344,64.0,42.846412658691406,15948700,0.0,0.0
2016-11-11,63.540000915527344,63.849998474121094,62.790000915527344,63.099998474121094,42.243873596191406,10201600,0.0,0.0
2016-11-14,63.400001525878906,63.63999938964844,62.25,62.970001220703125,42.15685272216797,8315700,0.0,0.0
2016-11-15,63.38999938964844,63.38999938964844,61.97999954223633,62.869998931884766,42.08991241455078,5610300,0.0,0.0
2016-11-16,62.66999816894531,62.970001220703125,61.41999816894531,61.540000915527344,41.19950485229492,6571200,0.0,0.0
2016-11-17,61.75,61.9900016784668,61.130001068115234,61.70000076293945,41.30662536621094,4879500,0.0,0.0
2016-11-18,61.650001525878906,62.13999938964844,60.38999938964844,60.52000045776367,40.516639709472656,7023200,0.0,0.0
2016-11-21,60.70000076293945,60.79999923706055,60.20000076293945,60.41999816894531,40.44968795776367,6328300,0.0,0.0
2016-11-22,60.4900016784668,60.560001373291016,58.61000061035156,58.93000030517578,39.452178955078125,8518600,0.0,0.0
2016-11-23,58.810001373291016,60.380001068115234,58.599998474121094,60.18000030517578,40.28901672363281,5546600,0.0,0.0
2016-11-25,60.040000915527344,60.66999816894531,59.66999816894531,60.5099983215332,40.50994873046875,2941600,0.0,0.0
2016-11-28,59.130001068115234,59.939998626708984,59.0099983215332,59.459999084472656,39.8070068359375,6274600,0.0,0.0
2016-11-29,59.70000076293945,62.099998474121094,59.52000045776367,61.59000015258789,41.23297882080078,11858800,0.0,0.0
2016-11-30,61.630001068115234,61.84000015258789,60.630001068115234,60.79999923706055,40.7040901184082,9025200,0.0,0.0
2016-12-01,60.83000183105469,60.83000183105469,58.75,59.15999984741211,39.60615539550781,8266200,0.0,0.0
2016-12-02,59.189998626708984,60.0,58.95000076293945,59.43000030517578,39.78690719604492,8020700,0.0,0.0
2016-12-05,59.599998474121094,61.220001220703125,59.56999969482422,60.86000061035156,40.744266510009766,10227700,0.0,0.0
2016-12-06,60.7599983215332,61.720001220703125,60.33000183105469,61.619998931884766,41.253055572509766,7610400,0.0,0.0
2016-12-07,60.2599983215332,60.650001525878906,58.79999923706055,59.9900016784668,40.16182327270508,13095600,0.0,0.0
2016-12-08,60.02000045776367,60.97999954223633,59.09000015258789,60.900001525878906,40.771053314208984,9192300,0.0,0.0
2016-12-09,61.189998626708984,61.93000030517578,60.91999816894531,61.540000915527344,41.19950485229492,7102900,0.0,0.0
2016-12-12,61.529998779296875,62.45000076293945,61.5099983215332,62.040000915527344,41.53424835205078,5984500,0.0,0.0
2016-12-13,62.33000183105469,62.439998626708984,61.36000061035156,61.9900016784668,41.50077819824219,8599600,0.0,0.0
2016-12-14,61.54999923706055,62.29999923706055,61.5099983215332,61.66999816894531,41.286529541015625,5115700,0.0,0.0
2016-12-15,61.79999923706055,62.11000061035156,61.54999923706055,62.02000045776367,41.52085494995117,6416900,0.0,0.0
2016-12-16,62.119998931884766,62.4900016784668,61.83000183105469,62.220001220703125,41.65475845336914,10555800,0.0,0.0
2016-12-19,62.369998931884766,63.33000183105469,62.119998931884766,62.220001220703125,41.65475845336914,5976800,0.0,0.0
2016-12-20,62.34000015258789,62.709999084472656,61.75,62.15999984741211,41.61457061767578,5751800,0.0,0.0
2016-12-21,62.22999954223633,62.40999984741211,61.43000030517578,61.45000076293945,41.139259338378906,5498700,0.0,0.0
2016-12-22,61.58000183105469,61.91999816894531,61.349998474121094,61.65999984741211,41.27983474731445,5626000,0.0,0.0
2016-12-23,61.779998779296875,62.400001525878906,61.470001220703125,62.34000015258789,41.735084533691406,4795900,0.0,0.0
2016-12-27,62.52000045776367,63.02000045776367,62.40999984741211,62.5,41.84220504760742,5396200,0.0,0.0
2016-12-28,62.5099983215332,62.75,62.25,62.27000045776367,41.68821716308594,5190400,0.0,0.0
2016-12-29,62.38999938964844,63.060001373291016,62.38999938964844,62.72999954223633,41.99617385864258,4990000,0.0,0.0
2016-12-30,62.72999954223633,62.93000030517578,62.40999984741211,62.619998931884766,41.92253494262695,5999200,0.0,0.0
2017-01-03,62.91999816894531,63.029998779296875,61.939998626708984,62.40999984741211,41.78194808959961,9328200,0.0,0.0
2017-01-04,62.63999938964844,63.79999923706055,62.63999938964844,63.290000915527344,42.37109375,8674800,0.0,0.0
2017-01-05,63.380001068115234,63.95000076293945,63.029998779296875,63.77000045776367,42.692440032958984,5359400,0.0,0.0
2017-01-06,63.880001068115234,64.0,63.52000045776367,63.790000915527344,42.705833435058594,4722300,0.0,0.0
2017-01-09,63.79999923706055,64.37999725341797,63.75,64.20999908447266,42.987003326416016,8794500,0.0,0.0
2017-01-10,64.05000305175781,64.5,63.77000045776367,64.06999969482422,42.893272399902344,6523500,0.0,0.0
2017-01-11,63.380001068115234,63.650001525878906,60.59000015258789,61.13999938964844,41.34470748901367,13565200,0.64,0.0
2017-01-12,60.77000045776367,61.43000030517578,60.41999816894531,61.279998779296875,41.439395904541016,8194400,0.0,0.0
2017-01-13,61.349998474121094,62.40999984741211,61.04999923706055,61.9900016784668,41.91951370239258,7295100,0.0,0.0
2017-01-17,61.75,62.040000915527344,61.099998474121094,61.86000061035156,41.83159255981445,8446700,0.0,0.0
2017-01-18,61.7599983215332,62.13999938964844,61.31999969482422,61.65999984741211,41.696346282958984,5519400,0.0,0.0
2017-01-19,61.45000076293945,61.880001068115234,61.119998931884766,61.380001068115234,41.50699996948242,5384200,0.0,0.0
2017-01-20,61.40999984741211,61.77000045776367,61.08000183105469,61.150001525878906,41.351470947265625,6730000,0.0,0.0
2017-01-23,61.02000045776367,61.2599983215332,60.68000030517578,60.959999084472656,41.22299575805664,5244700,0.0,0.0
2017-01-24,60.90999984741211,60.93000030517578,59.66999816894531,60.58000183105469,40.96601867675781,6642000,0.0,0.0
2017-01-25,60.599998474121094,61.630001068115234,60.34000015258789,61.380001068115234,41.50699996948242,8052800,0.0,0.0
2017-01-26,61.15999984741211,61.900001525878906,61.06999969482422,61.27000045776367,41.432613372802734,7765300,0.0,0.0
2017-01-27,60.0,61.25,59.52000045776367,60.0,40.57381820678711,14151200,0.0,0.0
2017-01-30,59.90999984741211,60.470001220703125,59.27000045776367,60.43000030517578,40.864593505859375,7792700,0.0,0.0
2017-01-31,60.0099983215332,61.31999969482422,59.75,61.11000061035156,41.32442855834961,8149800,0.0,0.0
2017-02-01,61.06999969482422,61.099998474121094,60.27000045776367,60.88999938964844,41.17565155029297,5888700,0.0,0.0
2017-02-02,60.650001525878906,61.119998931884766,60.47999954223633,60.88999938964844,41.17565155029297,5365300,0.0,0.0
2017-02-03,60.900001525878906,61.060001373291016,60.439998626708984,60.66999816894531,41.026885986328125,6470300,0.0,0.0
2017-02-06,60.5099983215332,60.970001220703125,60.349998474121094,60.650001525878906,41.013362884521484,5358100,0.0,0.0
2017-02-07,60.650001525878906,60.869998931884766,60.400001525878906,60.560001373291016,40.95249938964844,4210300,0.0,0.0
2017-02-08,60.13999938964844,61.02000045776367,60.04999923706055,60.52000045776367,40.925453186035156,5357800,0.0,0.0
2017-02-09,60.52000045776367,61.0,60.41999816894531,60.84000015258789,41.141845703125,4324600,0.0,0.0
2017-02-10,60.849998474121094,61.0,60.27000045776367,60.41999816894531,40.85782241821289,5749200,0.0,0.0
2017-02-13,60.58000183105469,60.86000061035156,60.43000030517578,60.5099983215332,40.91869354248047,6396000,0.0,0.0
2017-02-14,60.439998626708984,60.97999954223633,60.150001525878906,60.81999969482422,41.12831497192383,13562200,0.0,0.0
2017-02-15,60.91999816894531,61.84000015258789,60.400001525878906,61.650001525878906,41.68959045410156,8927600,0.0,0.0
2017-02-16,61.66999816894531,61.90999984741211,60.810001373291016,61.47999954223633,41.574623107910156,5662000,0.0,0.0
2017-02-17,61.540000915527344,62.08000183105469,61.16999816894531,61.77000045776367,41.7707405090332,8124400,0.0,0.0
2017-02-21,61.84000015258789,62.11000061035156,61.5,61.83000183105469,41.81130599975586,8503500,0.0,0.0
2017-02-22,61.720001220703125,61.95000076293945,61.29999923706055,61.36000061035156,41.49348449707031,6422200,0.0,0.0
2017-02-23,61.68000030517578,62.2400016784668,61.45000076293945,61.939998626708984,41.88568115234375,8057700,0.0,0.0
2017-02-24,61.91999816894531,62.22999954223633,61.4900016784668,62.09000015258789,41.98712158203125,6536400,0.0,0.0
2017-02-27,62.02000045776367,62.369998931884766,61.68000030517578,62.220001220703125,42.075050354003906,5214100,0.0,0.0
2017-02-28,62.11000061035156,62.400001525878906,61.689998626708984,61.84000015258789,41.818077087402344,6756100,0.0,0.0
2017-03-01,62.15999984741211,62.93000030517578,61.95000076293945,62.83000183105469,42.4875373840332,7737400,0.0,0.0
2017-03-02,62.779998779296875,63.599998474121094,62.599998474121094,63.25,42.77155685424805,8190000,0.0,0.0
2017-03-03,63.11000061035156,63.529998779296875,62.83000183105469,63.34000015258789,42.83241271972656,6125800,0.0,0.0
2017-03-06,63.0,63.849998474121094,62.880001068115234,63.54999923706055,42.97441864013672,6837000,0.0,0.0
2017-03-07,63.13999938964844,64.13999938964844,62.970001220703125,63.689998626708984,43.069095611572266,9638000,0.0,0.0
2017-03-08,63.75,64.68000030517578,63.5,64.13999938964844,43.37340545654297,7049700,0.0,0.0
2017-03-09,64.13999938964844,64.72000122070312,64.05000305175781,64.5,43.61684799194336,6957000,0.0,0.0
2017-03-10,65.30000305175781,66.44999694824219,65.11000061035156,65.87999725341797,44.5500373840332,12788100,0.0,0.0
2017-03-13,65.87000274658203,65.94000244140625,65.30000305175781,65.8499984741211,44.52975845336914,7577400,0.0,0.0
2017-03-14,65.87999725341797,66.05000305175781,65.5999984741211,65.66999816894531,44.40803146362305,3727200,0.0,0.0
2017-03-15,65.69999694824219,66.79000091552734,65.68000030517578,66.55000305175781,45.003116607666016,5241200,0.0,0.0
2017-03-16,66.4000015258789,66.44999694824219,65.55000305175781,65.9000015258789,44.56357192993164,5162800,0.0,0.0
2017-03-17,66.04000091552734,66.08999633789062,65.5,65.69000244140625,44.42155456542969,11288000,0.0,0.0
2017-03-20,65.77999877929688,66.01000213623047,65.55999755859375,65.80000305175781,44.495948791503906,4252100,0.0,0.0
2017-03-21,65.95999908447266,66.0,65.04000091552734,65.3499984741211,44.19163131713867,5187400,0.0,0.0
2017-03-22,65.37999725341797,65.7300033569336,65.0999984741211,65.5199966430664,44.30659484863281,5662600,0.0,0.0
2017-03-23,65.5199966430664,66.06999969482422,65.36000061035156,65.6500015258789,44.39451599121094,4099500,0.0,0.0
2017-03-24,65.51000213623047,66.11000061035156,65.31999969482422,65.62000274658203,44.37422561645508,4056300,0.0,0.0
2017-03-27,65.37000274658203,66.27999877929688,65.23999786376953,66.0999984741211,44.698814392089844,4962300,0.0,0.0
2017-03-28,65.95999908447266,66.20999908447266,65.63999938964844,65.9800033569336,44.6176643371582,5067400,0.0,0.0
2017-03-29,65.94999694824219,66.2699966430664,65.68000030517578,65.7699966430664,44.47565460205078,3649900,0.0,0.0
2017-03-30,65.76000213623047,65.81999969482422,65.25,65.45999908447266,44.26601028442383,3749600,0.0,0.0
2017-03-31,65.45999908447266,65.5199966430664,65.1500015258789,65.16000366210938,44.06316375732422,4057800,0.0,0.0
2017-04-03,65.23999786376953,65.58999633789062,64.87999725341797,65.02999877929688,43.97524642944336,5229600,0.0,0.0
2017-04-04,65.12000274658203,65.30000305175781,64.83000183105469,65.11000061035156,44.02934646606445,3457900,0.0,0.0
2017-04-05,65.2300033569336,65.76000213623047,64.86000061035156,64.95999908447266,43.92791748046875,4396300,0.0,0.0
2017-04-06,65.02999877929688,65.19000244140625,64.6500015258789,65.08000183105469,44.00905990600586,4628400,0.0,0.0
2017-04-07,65.05999755859375,65.93000030517578,64.83000183105469,65.54000091552734,44.32011795043945,6089300,0.0,0.0
2017-04-10,65.5,65.77999877929688,64.91000366210938,64.97000122070312,43.93466567993164,7136200,0.0,0.0
2017-04-11,64.43000030517578,64.43000030517578,63.31999969482422,64.18000030517578,43.83222579956055,5404500,0.64,0.0
2017-04-12,64.16999816894531,64.41000366210938,63.66999816894531,64.37000274658203,43.96200180053711,6122000,0.0,0.0
2017-04-13,64.23999786376953,64.72000122070312,64.08000183105469,64.12999725341797,43.79808044433594,3896700,0.0,0.0
2017-04-17,64.79000091552734,64.97000122070312,64.05999755859375,64.30999755859375,43.92100524902344,4189500,0.0,0.0
2017-04-18,64.02999877929688,64.08000183105469,63.119998931884766,63.650001525878906,43.47026062011719,4755800,0.0,0.0
2017-04-19,63.900001525878906,63.93000030517578,63.310001373291016,63.45000076293945,43.33366775512695,4057100,0.0,0.0
2017-04-20,63.720001220703125,64.0,63.290000915527344,63.779998779296875,43.559051513671875,5708600,0.0,0.0
2017-04-21,63.7599983215332,64.29000091552734,63.54999923706055,63.81999969482422,43.586368560791016,4154900,0.0,0.0
2017-04-24,64.4000015258789,65.16000366210938,64.26000213623047,64.66000366210938,44.16004943847656,7121000,0.0,0.0
2017-04-25,64.94000244140625,65.62999725341797,64.81999969482422,65.0999984741211,44.46054458618164,5352900,0.0,0.0
2017-04-26,65.19000244140625,65.91999816894531,65.0199966430664,65.04000091552734,44.419586181640625,5008900,0.0,0.0
2017-04-27,65.44999694824219,67.5,65.12000274658203,66.06999969482422,45.123016357421875,11692900,0.0,0.0
2017-04-28,66.05999755859375,66.31999969482422,65.44000244140625,65.94000244140625,45.03422927856445,5521100,0.0,0.0
2017-05-01,66.0,66.66999816894531,65.94000244140625,66.4800033569336,45.40303421020508,4575800,0.0,0.0
2017-05-02,66.51000213623047,66.68000030517578,66.18000030517578,66.62999725341797,45.50547790527344,4342800,0.0,0.0
2017-05-03,66.44999694824219,66.87999725341797,66.20999908447266,66.73999786376953,45.58060073852539,4993400,0.0,0.0
2017-05-04,66.73999786376953,67.4000015258789,66.62000274658203,67.2300033569336,45.91524124145508,4287400,0.0,0.0
2017-05-05,67.19000244140625,67.22000122070312,66.31999969482422,66.98999786376953,45.751338958740234,4587800,0.0,0.0
2017-05-08,66.94000244140625,66.94999694824219,66.13999938964844,66.20999908447266,45.2186279296875,4497400,0.0,0.0
2017-05-09,66.19999694824219,66.94999694824219,65.86000061035156,66.16999816894531,45.191307067871094,4395200,0.0,0.0
2017-05-10,66.16000366210938,66.2300033569336,65.36000061035156,65.9800033569336,45.06155014038086,5140200,0.0,0.0
2017-05-11,65.9000015258789,65.95999908447266,64.66000366210938,65.30000305175781,44.59714889526367,7853800,0.0,0.0
2017-05-12,65.2699966430664,66.19000244140625,65.20999908447266,66.05999755859375,45.116188049316406,6093500,0.0,0.0
2017-05-15,66.06999969482422,66.8499984741211,65.94999694824219,66.66999816894531,45.53278732299805,8527900,0.0,0.0
2017-05-16,66.7300033569336,66.91999816894531,66.33000183105469,66.8499984741211,45.65572738647461,6313500,0.0,0.0
2017-05-17,66.8499984741211,66.8499984741211,64.61000061035156,65.37000274658203,44.64493942260742,12771400,0.0,0.0
2017-05-18,65.37000274658203,66.0999984741211,65.19999694824219,65.62999725341797,44.82251739501953,6001000,0.0,0.0
2017-05-19,65.73999786376953,66.01000213623047,65.30999755859375,65.58000183105469,44.78837585449219,6731800,0.0,0.0
2017-05-22,65.55000305175781,65.62000274658203,64.80000305175781,65.44000244140625,44.6927604675293,5541700,0.0,0.0
2017-05-23,65.44000244140625,66.26000213623047,65.43000030517578,65.83999633789062,44.965938568115234,4676500,0.0,0.0
2017-05-24,65.79000091552734,66.12000274658203,65.56999969482422,65.93000030517578,45.027400970458984,3174600,0.0,0.0
2017-05-25,66.05999755859375,66.56999969482422,65.80000305175781,66.31999969482422,45.293758392333984,4058300,0.0,0.0
2017-05-26,66.13999938964844,66.41000366210938,65.8499984741211,66.05999755859375,45.116188049316406,4083000,0.0,0.0
2017-05-30,65.88999938964844,66.19999694824219,65.80999755859375,66.0199966430664,45.08887481689453,4803900,0.0,0.0
2017-05-31,66.23999786376953,66.41000366210938,65.61000061035156,66.0199966430664,45.08887481689453,6935800,0.0,0.0
2017-06-01,66.26000213623047,66.72000122070312,66.12000274658203,66.70999908447266,45.56011199951172,4554700,0.0,0.0
2017-06-02,66.80999755859375,67.30999755859375,66.62000274658203,67.25,45.92890930175781,5646000,0.0,0.0
2017-06-05,67.25,67.86000061035156,66.87999725341797,67.51000213623047,46.106468200683594,4918100,0.0,0.0
2017-06-06,67.4800033569336,68.0999984741211,67.37000274658203,67.87000274658203,46.35234451293945,5494500,0.0,0.0
2017-06-07,68.01000213623047,69.31999969482422,68.01000213623047,68.75,46.953338623046875,8406300,0.0,0.0
2017-06-08,68.75,69.05000305175781,68.33000183105469,68.76000213623047,46.96017074584961,6082500,0.0,0.0
2017-06-09,68.80000305175781,69.83000183105469,68.72000122070312,69.66999816894531,47.58165740966797,6159800,0.0,0.0
2017-06-12,69.79000091552734,69.9000015258789,69.25,69.52999877929688,47.48605728149414,6084300,0.0,0.0
2017-06-13,69.62000274658203,70.02999877929688,69.41999816894531,69.66999816894531,47.58165740966797,5269000,0.0,0.0
2017-06-14,69.4800033569336,70.79000091552734,69.37000274658203,70.5199966430664,48.16218948364258,6639100,0.0,0.0
2017-06-15,70.33999633789062,70.6500015258789,69.87999725341797,70.5999984741211,48.216819763183594,4682700,0.0,0.0
2017-06-16,70.80000305175781,71.12000274658203,70.48999786376953,71.05000305175781,48.524166107177734,9342300,0.0,0.0
2017-06-19,71.11000061035156,71.58999633789062,70.94000244140625,71.33999633789062,48.72221374511719,6396300,0.0,0.0
2017-06-20,71.44000244140625,71.80999755859375,71.16000366210938,71.22000122070312,48.640254974365234,6542800,0.0,0.0
2017-06-21,71.11000061035156,71.69999694824219,71.05000305175781,71.33999633789062,48.72221374511719,6096800,0.0,0.0
2017-06-22,71.48999786376953,73.66999816894531,71.41000366210938,73.18000030517578,49.978843688964844,9998900,0.0,0.0
2017-06-23,73.19999694824219,73.48999786376953,72.26000213623047,72.63999938964844,49.61007308959961,7064500,0.0,0.0
2017-06-26,72.79000091552734,72.94000244140625,72.41000366210938,72.73999786376953,49.6783332824707,4019500,0.0,0.0
2017-06-27,72.69999694824219,73.05999755859375,72.25,72.38999938964844,49.43931579589844,4490600,0.0,0.0
2017-06-28,72.72000122070312,73.54000091552734,72.58000183105469,72.91999816894531,49.80128479003906,4196200,0.0,0.0
2017-06-29,73.1500015258789,73.16999816894531,71.91000366210938,72.4800033569336,49.500762939453125,4444700,0.0,0.0
2017-06-30,72.56999969482422,72.81999969482422,72.20999908447266,72.51000213623047,49.52125930786133,4729100,0.0,0.0
2017-07-03,72.76000213623047,72.98999786376953,72.37000274658203,72.41999816894531,49.45979309082031,2570700,0.0,0.0
2017-07-05,72.4800033569336,72.73999786376953,71.98999786376953,72.4800033569336,49.500762939453125,4751900,0.0,0.0
2017-07-06,72.23999786376953,72.44999694824219,71.41000366210938,71.7300033569336,48.98856735229492,4372100,0.0,0.0
2017-07-07,72.11000061035156,72.11000061035156,71.62999725341797,72.02999877929688,49.193450927734375,4333700,0.0,0.0
2017-07-10,71.80000305175781,72.22000122070312,71.58000183105469,71.83000183105469,49.05683898925781,3158300,0.0,0.0
2017-07-11,71.88999938964844,72.16999816894531,71.33000183105469,71.83999633789062,49.063682556152344,3535100,0.0,0.0
2017-07-12,71.51000213623047,72.12999725341797,71.30000305175781,71.87999725341797,49.53227233886719,4860200,0.64,0.0
2017-07-13,71.94000244140625,72.9000015258789,71.66999816894531,72.62999725341797,50.04909896850586,5189800,0.0,0.0
2017-07-14,72.62000274658203,73.2300033569336,72.51000213623047,73.11000061035156,50.37983703613281,4335700,0.0,0.0
2017-07-17,73.0999984741211,73.47000122070312,72.69000244140625,72.69999694824219,50.09733200073242,3461600,0.0,0.0
2017-07-18,72.62999725341797,72.86000061035156,71.75,72.2300033569336,49.773460388183594,5269100,0.0,0.0
2017-07-19,72.4800033569336,72.7699966430664,72.0199966430664,72.7699966430664,50.145565032958984,3904100,0.0,0.0
2017-07-20,72.98999786376953,74.22000122070312,72.94000244140625,74.01000213623047,51.00004577636719,5329700,0.0,0.0
2017-07-21,73.9800033569336,75.04000091552734,73.8499984741211,74.62999725341797,51.42728042602539,4961500,0.0,0.0
2017-07-24,74.62999725341797,74.75,73.83999633789062,73.91000366210938,50.93113327026367,5497800,0.0,0.0
2017-07-25,74.4000015258789,74.55000305175781,72.47000122070312,72.5199966430664,49.97329330444336,6354200,0.0,0.0
2017-07-26,72.37000274658203,72.69000244140625,71.94999694824219,72.58999633789062,50.02152633666992,4877000,0.0,0.0
2017-07-27,72.77999877929688,72.80000305175781,70.87999725341797,71.7300033569336,49.42891311645508,7389300,0.0,0.0
2017-07-28,71.63999938964844,72.44000244140625,69.37999725341797,70.44000244140625,48.539981842041016,8012400,0.0,0.0
2017-07-31,70.5199966430664,70.58000183105469,69.83000183105469,69.91000366210938,48.17475128173828,7770400,0.0,0.0
2017-08-01,70.02999877929688,70.83999633789062,69.8499984741211,70.37999725341797,48.498626708984375,6681700,0.0,0.0
2017-08-02,70.25,70.73999786376953,69.93000030517578,70.70999908447266,48.72602462768555,4922200,0.0,0.0
2017-08-03,70.61000061035156,71.01000213623047,70.36000061035156,70.98999786376953,48.91897201538086,4400400,0.0,0.0
2017-08-04,71.16999816894531,71.37000274658203,70.3499984741211,70.98999786376953,48.91897201538086,4732500,0.0,0.0
2017-08-07,70.94000244140625,71.2300033569336,70.63999938964844,71.22000122070312,49.07747268676758,3551100,0.0,0.0
2017-08-08,71.33000183105469,71.91000366210938,71.01000213623047,71.47000122070312,49.24974060058594,4398000,0.0,0.0
2017-08-09,71.26000213623047,72.13999938964844,71.0999984741211,72.0199966430664,49.62873840332031,4536300,0.0,0.0
2017-08-10,72.01000213623047,72.19000244140625,70.38999938964844,70.44000244140625,48.539981842041016,5940300,0.0,0.0
2017-08-11,70.73999786376953,71.01000213623047,70.43000030517578,70.62999725341797,48.670902252197266,3248300,0.0,0.0
2017-08-14,71.2300033569336,71.29000091552734,70.69999694824219,70.81999969482422,48.80181884765625,2648800,0.0,0.0
2017-08-15,71.08000183105469,71.13999938964844,70.27999877929688,70.33999633789062,48.4710578918457,3724100,0.0,0.0
2017-08-16,70.48999786376953,70.75,70.11000061035156,70.41999816894531,48.52619552612305,4751600,0.0,0.0
2017-08-17,70.5999984741211,70.68000030517578,69.83000183105469,69.8499984741211,48.133399963378906,5086000,0.0,0.0
2017-08-18,69.5199966430664,70.44000244140625,69.47000122070312,69.95999908447266,48.20921325683594,4016400,0.0,0.0
2017-08-21,69.91999816894531,70.83000183105469,69.91000366210938,70.69999694824219,48.71914291381836,4666400,0.0,0.0
2017-08-22,70.91000366210938,71.87999725341797,70.76000213623047,71.75,49.44269561767578,3589000,0.0,0.0
2017-08-23,71.29000091552734,71.9000015258789,71.2699966430664,71.5199966430664,49.28419876098633,3071300,0.0,0.0
2017-08-24,71.72000122070312,72.30999755859375,71.4000015258789,72.11000061035156,49.69075012207031,4088300,0.0,0.0
2017-08-25,72.22000122070312,72.77999877929688,72.20999908447266,72.4800033569336,49.94571304321289,3871200,0.0,0.0
2017-08-28,72.66999816894531,73.56999969482422,72.55999755859375,73.31999969482422,50.52456283569336,4574400,0.0,0.0
2017-08-29,72.77999877929688,73.9000015258789,72.77999877929688,73.88999938964844,50.91736602783203,3390800,0.0,0.0
2017-08-30,73.62000274658203,74.18000030517578,73.58000183105469,73.91999816894531,50.93802261352539,3189100,0.0,0.0
2017-08-31,74.11000061035156,75.4000015258789,73.91999816894531,75.30000305175781,51.88898468017578,6177600,0.0,0.0
2017-09-01,75.58999633789062,76.0,75.26000213623047,75.41999816894531,51.97166442871094,3831700,0.0,0.0
2017-09-05,75.38999938964844,75.58000183105469,74.7300033569336,75.25,51.85452651977539,6309100,0.0,0.0
2017-09-06,75.61000061035156,77.45999908447266,75.3499984741211,77.05000305175781,53.09490966796875,7755200,0.0,0.0
2017-09-07,77.29000091552734,82.44999694824219,77.0,81.77999877929688,56.35434341430664,15377300,0.0,0.0
2017-09-08,81.29000091552734,86.08999633789062,81.11000061035156,85.33999633789062,58.80751419067383,14809100,0.0,0.0
2017-09-11,84.45999908447266,87.0999984741211,84.37999725341797,87.0,59.95138931274414,12687000,0.0,0.0
2017-09-12,86.97000122070312,87.97000122070312,86.5,87.75,60.46822738647461,11155600,0.0,0.0
2017-09-13,87.58000183105469,88.83999633789062,87.41999816894531,88.47000122070312,60.96438217163086,9172200,0.0,0.0
2017-09-14,88.2300033569336,89.31999969482422,88.1500015258789,89.22000122070312,61.481197357177734,10272200,0.0,0.0
2017-09-15,89.38999938964844,89.69000244140625,86.5199966430664,87.37000274658203,60.206382751464844,20441500,0.0,0.0
2017-09-18,87.47000122070312,87.80999755859375,85.08000183105469,85.31999969482422,58.79371643066406,9656700,0.0,0.0
2017-09-19,85.54000091552734,86.66000366210938,85.37999725341797,86.37000274658203,59.517276763916016,7786400,0.0,0.0
2017-09-20,86.4000015258789,87.4800033569336,86.25,87.41000366210938,60.23394012451172,6559400,0.0,0.0
2017-09-21,87.36000061035156,87.69999694824219,86.66999816894531,87.41000366210938,60.23394012451172,7340300,0.0,0.0
2017-09-22,87.22000122070312,87.75,86.7699966430664,87.4800033569336,60.282169342041016,6807000,0.0,0.0
2017-09-25,86.91999816894531,87.77999877929688,86.4000015258789,86.56999969482422,59.655094146728516,8287000,0.0,0.0
2017-09-26,86.3499984741211,86.91000366210938,85.16000366210938,85.3499984741211,58.81440353393555,5862400,0.0,0.0
2017-09-27,85.3499984741211,85.38999938964844,83.19000244140625,84.75,58.40095138549805,6581200,0.0,0.0
2017-09-28,86.66999816894531,90.94999694824219,86.37999725341797,88.95999908447266,61.30204772949219,14809300,0.0,0.0
2017-09-29,88.69000244140625,89.3499984741211,87.66999816894531,88.86000061035156,61.23313522338867,6769400,0.0,0.0
2017-10-02,89.73999786376953,90.41000366210938,88.91000366210938,90.38999938964844,62.287445068359375,6600100,0.0,0.0
2017-10-03,90.44000244140625,90.63999938964844,89.0199966430664,89.69999694824219,61.811973571777344,4286900,0.0,0.0
2017-10-04,89.5199966430664,90.44000244140625,89.30999755859375,89.9000015258789,61.94978713989258,3251200,0.0,0.0
2017-10-05,89.69000244140625,90.55999755859375,89.4800033569336,90.18000030517578,62.14273452758789,4382900,0.0,0.0
2017-10-06,90.19999694824219,91.33000183105469,89.94999694824219,90.48999786376953,62.356353759765625,3461800,0.0,0.0
2017-10-09,90.56999969482422,91.19000244140625,90.1500015258789,90.77999877929688,62.55619812011719,4331500,0.0,0.0
2017-10-10,90.70999908447266,91.22000122070312,89.69999694824219,91.16999816894531,62.82497024536133,3560200,0.0,0.0
2017-10-11,91.47000122070312,92.61000061035156,90.97000122070312,92.37999725341797,63.65875244140625,6298500,0.0,0.0
2017-10-12,91.7699966430664,91.98999786376953,90.91000366210938,91.41999816894531,63.436710357666016,4818200,0.64,0.0
2017-10-13,91.41000366210938,91.8499984741211,90.54000091552734,90.66999816894531,62.91627883911133,6803900,0.0,0.0
2017-10-16,91.01000213623047,91.98999786376953,90.55999755859375,91.04000091552734,63.17301559448242,4640300,0.0,0.0
2017-10-17,91.08999633789062,92.77999877929688,90.94999694824219,92.16999816894531,63.957096099853516,5280500,0.0,0.0
2017-10-18,92.3499984741211,96.44000244140625,92.19999694824219,96.04000091552734,66.64256286621094,10979700,0.0,0.0
2017-10-19,95.5,96.62000274658203,94.51000213623047,96.4800033569336,66.9478530883789,9303700,0.0,0.0
2017-10-20,96.77999877929688,98.26000213623047,94.88999938964844,96.0999984741211,66.68417358398438,6882600,0.0,0.0
2017-10-23,95.93000030517578,96.0,94.44999694824219,94.51000213623047,65.58087158203125,4483900,0.0,0.0
2017-10-24,94.0,94.13999938964844,90.7699966430664,91.69000244140625,63.624061584472656,10301100,0.0,0.0
2017-10-25,91.77999877929688,92.08000183105469,90.7300033569336,91.7699966430664,63.6795654296875,6924800,0.0,0.0
2017-10-26,91.86000061035156,91.86000061035156,85.23999786376953,89.55999755859375,62.146060943603516,10307500,0.0,0.0
2017-10-27,92.69999694824219,94.97000122070312,90.75,91.93000030517578,63.79059600830078,9066300,0.0,0.0
2017-10-30,91.69999694824219,92.05999755859375,88.91000366210938,90.95999908447266,63.11751174926758,6526200,0.0,0.0
2017-10-31,90.87999725341797,91.81999969482422,90.04000091552734,90.25,62.62482452392578,7065600,0.0,0.0
2017-11-01,90.77999877929688,93.33999633789062,90.2699966430664,92.44000244140625,64.14447021484375,7048800,0.0,0.0
2017-11-02,92.08000183105469,92.33999633789062,90.19000244140625,91.0199966430664,63.15913391113281,4981900,0.0,0.0
2017-11-03,91.30000305175781,92.55999755859375,90.91000366210938,92.30999755859375,64.05427551269531,3620800,0.0,0.0
2017-11-06,92.22000122070312,93.58000183105469,91.41999816894531,92.95999908447266,64.50531768798828,5633600,0.0,0.0
2017-11-07,92.9800033569336,95.68000030517578,92.95999908447266,93.95999908447266,65.19921112060547,7014000,0.0,0.0
2017-11-08,94.30999755859375,96.37000274658203,93.83999633789062,95.70999908447266,66.4135513305664,6802600,0.0,0.0
2017-11-09,95.29000091552734,96.37000274658203,95.26000213623047,95.88999938964844,66.5384521484375,5187000,0.0,0.0
2017-11-10,95.3499984741211,95.94000244140625,93.55999755859375,95.43000030517578,66.21926879882812,6170100,0.0,0.0
2017-11-13,95.37000274658203,95.41999816894531,94.04000091552734,95.12000274658203,66.004150390625,4035700,0.0,0.0
2017-11-14,94.63999938964844,94.91000366210938,93.12000274658203,94.75,65.74742126464844,4717300,0.0,0.0
2017-11-15,94.62999725341797,94.69999694824219,92.72000122070312,93.76000213623047,65.06041717529297,4745700,0.0,0.0
2017-11-16,94.44000244140625,95.16999816894531,93.27999877929688,94.47000122070312,65.55311584472656,4301600,0.0,0.0
2017-11-17,93.80000305175781,94.48999786376953,93.56999969482422,93.61000061035156,64.95634460449219,3386400,0.0,0.0
2017-11-20,93.91999816894531,94.30999755859375,92.88999938964844,93.5999984741211,64.94942474365234,4352200,0.0,0.0
2017-11-21,93.69999694824219,95.4000015258789,93.5999984741211,94.68000030517578,65.69884490966797,4346200,0.0,0.0
2017-11-22,94.69000244140625,95.4000015258789,94.22000122070312,94.47000122070312,65.55311584472656,2560700,0.0,0.0
2017-11-24,94.0,94.97000122070312,93.55000305175781,94.72000122070312,65.72659301757812,1932900,0.0,0.0
2017-11-27,94.69000244140625,95.62999725341797,94.44000244140625,95.41999816894531,66.2123031616211,3044600,0.0,0.0
2017-11-28,95.94000244140625,96.88999938964844,94.83000183105469,95.41999816894531,66.2123031616211,5105400,0.0,0.0
2017-11-29,95.76000213623047,96.3499984741211,95.02999877929688,95.81999969482422,66.48988342285156,4081400,0.0,0.0
2017-11-30,96.36000061035156,97.52999877929688,96.20999908447266,96.91999816894531,67.25318908691406,7889600,0.0,0.0
2017-12-01,97.19000244140625,98.5199966430664,94.30000305175781,96.31999969482422,66.83683013916016,4823200,0.0,0.0
2017-12-04,96.37000274658203,96.6500015258789,94.6500015258789,95.22000122070312,66.07352447509766,4934400,0.0,0.0
2017-12-05,96.27999877929688,96.72000122070312,95.0,95.41000366210938,66.20538330078125,5553000,0.0,0.0
2017-12-06,95.69999694824219,95.79000091552734,93.47000122070312,94.4000015258789,65.50452423095703,5114200,0.0,0.0
2017-12-07,94.02999877929688,94.56999969482422,92.9000015258789,94.23999786376953,65.39350891113281,4524500,0.0,0.0
2017-12-08,95.68000030517578,96.54000091552734,94.62000274658203,95.94999694824219,66.58007049560547,5297000,0.0,0.0
2017-12-11,96.38999938964844,97.30999755859375,95.7699966430664,96.47000122070312,66.94092559814453,4181100,0.0,0.0
2017-12-12,95.72000122070312,96.69000244140625,94.76000213623047,96.30000305175781,66.82295989990234,4195200,0.0,0.0
2017-12-13,96.5999984741211,98.87000274658203,96.5999984741211,97.3499984741211,67.55155181884766,6148700,0.0,0.0
2017-12-14,97.33000183105469,97.44000244140625,95.6500015258789,96.30000305175781,66.82295989990234,3985800,0.0,0.0
2017-12-15,96.86000061035156,97.87999725341797,96.63999938964844,97.44999694824219,67.62093353271484,11564700,0.0,0.0
2017-12-18,97.66999816894531,99.0999984741211,97.55000305175781,98.19000244140625,68.13445281982422,4768300,0.0,0.0
2017-12-19,98.41999816894531,98.55000305175781,97.69999694824219,97.91999816894531,67.94708251953125,2817700,0.0,0.0
2017-12-20,97.86000061035156,98.9000015258789,97.22000122070312,97.41000366210938,67.59318542480469,3411900,0.0,0.0
2017-12-21,97.81999969482422,98.3499984741211,97.72000122070312,97.91000366210938,67.94014739990234,2249500,0.0,0.0
2017-12-22,97.86000061035156,98.69000244140625,97.70999908447266,98.20999908447266,68.14830780029297,2835600,0.0,0.0
2017-12-26,98.1500015258789,98.36000061035156,97.05000305175781,97.75,67.82913208007812,2363800,0.0,0.0
2017-12-27,97.7300033569336,98.2300033569336,97.44000244140625,98.08999633789062,68.06505584716797,1927300,0.0,0.0
2017-12-28,98.19000244140625,98.38999938964844,97.5199966430664,97.79000091552734,67.85686492919922,1870400,0.0,0.0
2017-12-29,98.13999938964844,98.43000030517578,96.70999908447266,96.70999908447266,67.10745239257812,3214400,0.0,0.0
2018-01-02,97.13999938964844,98.9000015258789,96.75,98.41000366210938,68.28710174560547,4561300,0.0,0.0
2018-01-03,98.55000305175781,100.0999984741211,98.04000091552734,99.94999694824219,69.35569763183594,4702300,0.0,0.0
2018-01-04,100.06999969482422,100.12000274658203,98.3499984741211,99.37999725341797,68.96017456054688,3579000,0.0,0.0
2018-01-05,99.33999633789062,101.19999694824219,98.55999755859375,101.11000061035156,70.16062927246094,4599300,0.0,0.0
2018-01-08,101.27999877929688,101.27999877929688,98.18000030517578,99.48999786376953,69.03652954101562,5582000,0.0,0.0
2018-01-09,99.48999786376953,100.66000366210938,98.69999694824219,100.23999786376953,69.55694580078125,4055400,0.0,0.0
2018-01-10,99.6500015258789,100.19999694824219,99.18000030517578,99.69000244140625,69.17530059814453,4608600,0.0,0.0
2018-01-11,99.37000274658203,99.48999786376953,98.55999755859375,99.2699966430664,69.37796783447266,4240900,0.71,0.0
2018-01-12,99.33999633789062,100.63999938964844,98.66000366210938,100.33999633789062,70.1257553100586,4372600,0.0,0.0
2018-01-16,100.26000213623047,103.0,100.0,102.48999786376953,71.62835693359375,8528600,0.0,0.0
2018-01-17,103.0,104.83999633789062,102.55000305175781,104.36000061035156,72.9352798461914,5384900,0.0,0.0
2018-01-18,104.29000091552734,104.8499984741211,103.44000244140625,103.80999755859375,72.55089569091797,6371200,0.0,0.0
2018-01-19,104.33000183105469,104.87000274658203,103.55000305175781,104.63999938964844,73.13094329833984,4991300,0.0,0.0
2018-01-22,104.69999694824219,106.54000091552734,104.45999908447266,106.48999786376953,74.42387390136719,4538100,0.0,0.0
2018-01-23,106.16999816894531,106.97000122070312,105.02999877929688,105.37999725341797,73.64813232421875,5095300,0.0,0.0
2018-01-24,105.26000213623047,106.2300033569336,104.0999984741211,105.51000213623047,73.73898315429688,4436500,0.0,0.0
2018-01-25,105.94999694824219,108.37000274658203,105.73999786376953,108.30000305175781,75.68888092041016,6327500,0.0,0.0
2018-01-26,114.5,125.86000061035156,113.5,123.20999908447266,86.10918426513672,19614500,0.0,0.0
2018-01-29,121.5,124.1500015258789,118.9800033569336,122.30999755859375,85.48018646240234,10182700,0.0,0.0
2018-01-30,119.41999816894531,121.44999694824219,115.87000274658203,115.87999725341797,80.98638916015625,11851400,0.0,0.0
2018-01-31,116.20999908447266,116.5,111.29000091552734,112.22000122070312,78.42845916748047,15744800,0.0,0.0
2018-02-01,112.23999786376953,117.52999877929688,112.2300033569336,116.33999633789062,81.30785369873047,9943500,0.0,0.0
2018-02-02,115.5,117.93000030517578,114.91999816894531,115.16999816894531,80.49017333984375,7184400,0.0,0.0
2018-02-05,113.0,115.54000091552734,109.4000015258789,109.51000213623047,76.53451538085938,9827800,0.0,0.0
2018-02-06,104.91000366210938,113.5199966430664,101.0,111.19999694824219,77.71560668945312,14107800,0.0,0.0
2018-02-07,111.5199966430664,116.8499984741211,111.37999725341797,113.62000274658203,79.40692138671875,10030800,0.0,0.0
2018-02-08,113.33000183105469,114.0,108.31999969482422,108.4800033569336,75.8146743774414,7212400,0.0,0.0
2018-02-09,109.56999969482422,112.75,106.41000366210938,111.30000305175781,77.78550720214844,8909300,0.0,0.0
2018-02-12,112.56999969482422,113.33000183105469,110.6500015258789,111.93000030517578,78.2258071899414,4823300,0.0,0.0
2018-02-13,111.54000091552734,112.41000366210938,110.38999938964844,111.86000061035156,78.1769027709961,5316200,0.0,0.0
2018-02-14,111.04000091552734,113.66999816894531,110.27999877929688,113.08000183105469,79.02950286865234,6189100,0.0,0.0
2018-02-15,113.62000274658203,116.33000183105469,112.37999725341797,114.9000015258789,80.30148315429688,7401100,0.0,0.0
2018-02-16,115.2300033569336,119.19999694824219,115.19999694824219,118.5999984741211,82.88733673095703,8717000,0.0,0.0
2018-02-20,117.72000122070312,121.55000305175781,117.22000122070312,117.9800033569336,82.45402526855469,8751400,0.0,0.0
2018-02-21,118.48999786376953,121.30000305175781,117.8499984741211,117.91000366210938,82.40512084960938,5122500,0.0,0.0
2018-02-22,118.56999969482422,119.7300033569336,116.58000183105469,117.55999755859375,82.16050720214844,5185700,0.0,0.0
2018-02-23,118.41000366210938,119.30999755859375,116.88999938964844,118.75,82.99217987060547,4685700,0.0,0.0
2018-02-26,119.2699966430664,121.72000122070312,119.04000091552734,121.54000091552734,84.94207000732422,4473500,0.0,0.0
2018-02-27,121.20999908447266,122.0,118.16000366210938,118.26000213623047,82.64973449707031,4754300,0.0,0.0
2018-02-28,119.0,120.0,115.77999877929688,115.83000183105469,80.95144653320312,6660000,0.0,0.0
2018-03-01,115.91000366210938,116.61000061035156,111.80999755859375,113.83999633789062,79.56065368652344,7148900,0.0,0.0
2018-03-02,112.94000244140625,115.47000122070312,111.88999938964844,115.04000091552734,80.39934539794922,5439700,0.0,0.0
2018-03-05,114.0,116.31999969482422,112.88999938964844,115.66000366210938,80.83263397216797,3975700,0.0,0.0
2018-03-06,116.01000213623047,116.30000305175781,113.83000183105469,114.55999755859375,80.0638656616211,3650500,0.0,0.0
2018-03-07,112.58000183105469,114.98999786376953,112.20999908447266,114.72000122070312,80.17566680908203,5286200,0.0,0.0
2018-03-08,115.0,117.75,114.3499984741211,117.01000213623047,81.77611541748047,6179400,0.0,0.0
2018-03-09,117.8499984741211,119.66000366210938,117.66999816894531,119.29000091552734,83.36959075927734,5835600,0.0,0.0
2018-03-12,119.4000015258789,119.58999633789062,117.93000030517578,118.30000305175781,82.67770385742188,4892900,0.0,0.0
2018-03-13,119.26000213623047,121.44999694824219,118.7300033569336,119.75,83.69105529785156,5403200,0.0,0.0
2018-03-14,120.33999633789062,120.66999816894531,117.94999694824219,118.94000244140625,83.1249771118164,3556100,0.0,0.0
2018-03-15,119.0,119.5,114.87999725341797,114.93000030517578,80.32246398925781,5812400,0.0,0.0
2018-03-16,114.88999938964844,116.7300033569336,113.58999633789062,113.70999908447266,79.4698257446289,8879300,0.0,0.0
2018-03-19,113.73999786376953,114.9800033569336,110.44000244140625,112.02999877929688,78.2956771850586,8598900,0.0,0.0
2018-03-20,112.9000015258789,114.1500015258789,112.08999633789062,112.6500015258789,78.7289810180664,4933800,0.0,0.0
2018-03-21,113.08000183105469,113.79000091552734,111.7300033569336,112.44999694824219,78.58920288085938,4618000,0.0,0.0
2018-03-22,104.19000244140625,104.5,95.5199966430664,98.0999984741211,68.56028747558594,26861200,0.0,0.0
2018-03-23,98.98999786376953,100.31999969482422,97.37000274658203,97.45999908447266,68.11298370361328,14253600,0.0,0.0
2018-03-26,99.48999786376953,99.91000366210938,91.76000213623047,95.27999877929688,66.58943176269531,13760600,0.0,0.0
2018-03-27,95.5,95.72000122070312,91.12000274658203,92.01000213623047,64.30409240722656,10821300,0.0,0.0
2018-03-28,92.19000244140625,96.8499984741211,91.58000183105469,94.2699966430664,65.88355255126953,11154200,0.0,0.0
2018-03-29,94.5199966430664,95.54000091552734,93.5,94.6500015258789,66.14913177490234,7399400,0.0,0.0
2018-04-02,94.0,94.63999938964844,90.30000305175781,91.45999908447266,63.91972351074219,7816500,0.0,0.0
2018-04-03,92.33999633789062,92.45999908447266,88.22000122070312,90.58999633789062,63.311676025390625,10449200,0.0,0.0
2018-04-04,88.70999908447266,93.41000366210938,88.62999725341797,92.94000244140625,64.95403289794922,8841700,0.0,0.0
2018-04-05,93.06999969482422,93.2699966430664,91.6500015258789,92.20999908447266,64.4438705444336,7045000,0.0,0.0
2018-04-06,91.44999694824219,92.7699966430664,88.79000091552734,89.77999877929688,62.74556350708008,6761200,0.0,0.0
2018-04-09,91.38999938964844,93.37999725341797,90.41999816894531,90.4800033569336,63.23480224609375,8302100,0.0,0.0
2018-04-10,91.5,94.38999938964844,90.93000030517578,93.62000274658203,65.42929077148438,6253700,0.0,0.0
2018-04-11,92.58000183105469,94.4800033569336,92.4000015258789,93.63999938964844,65.4432601928711,7135700,0.0,0.0
2018-04-12,93.70999908447266,93.70999908447266,92.06999969482422,92.12000274658203,65.04783630371094,6402500,0.96,0.0
2018-04-13,92.62999725341797,92.63999938964844,91.08999633789062,91.83000183105469,64.8430404663086,4630000,0.0,0.0
2018-04-16,92.88999938964844,93.48999786376953,92.30999755859375,92.5999984741211,65.38677978515625,3922500,0.0,0.0
2018-04-17,93.19999694824219,94.01000213623047,92.62000274658203,93.58999633789062,66.0858154296875,4474700,0.0,0.0
2018-04-18,94.0,94.5999984741211,93.0199966430664,94.31999969482422,66.6012954711914,5289700,0.0,0.0
2018-04-19,94.43000030517578,94.52999877929688,91.4000015258789,93.01000213623047,65.67628479003906,4972900,0.0,0.0
2018-04-20,93.41000366210938,93.80000305175781,92.0199966430664,92.5999984741211,65.38677978515625,4754800,0.0,0.0
2018-04-23,92.93000030517578,93.80000305175781,92.7300033569336,93.16999816894531,65.78926086425781,4716300,0.0,0.0
2018-04-24,92.94999694824219,93.4800033569336,90.44000244140625,91.36000061035156,64.51118469238281,6378300,0.0,0.0
2018-04-25,90.95999908447266,92.27999877929688,90.5199966430664,91.87000274658203,64.87130737304688,5487800,0.0,0.0
2018-04-26,94.0,98.55000305175781,93.58000183105469,97.44000244140625,68.80438995361328,12594400,0.0,0.0
2018-04-27,97.44000244140625,99.3499984741211,96.37000274658203,98.7300033569336,69.71529388427734,6117600,0.0,0.0
2018-04-30,99.05000305175781,99.41999816894531,96.5199966430664,96.55000305175781,68.17595672607422,7449400,0.0,0.0
2018-05-01,102.0999984741211,103.37000274658203,101.18000030517578,102.06999969482422,72.07373809814453,11910500,0.0,0.0
2018-05-02,101.16999816894531,101.76000213623047,99.95999908447266,100.37000274658203,70.87334442138672,7625600,0.0,0.0
2018-05-03,100.19999694824219,100.7699966430664,98.7699966430664,100.27999877929688,70.80975341796875,7699500,0.0,0.0
2018-05-04,99.9000015258789,100.93000030517578,99.12000274658203,100.16999816894531,70.73210906982422,5224400,0.0,0.0
2018-05-07,100.75,101.2699966430664,99.23999786376953,99.62999725341797,70.35079956054688,6151500,0.0,0.0
2018-05-08,99.12999725341797,99.77999877929688,98.69999694824219,99.4000015258789,70.18839263916016,7620900,0.0,0.0
2018-05-09,99.44000244140625,102.04000091552734,98.9000015258789,101.18000030517578,71.4452896118164,5665600,0.0,0.0
2018-05-10,102.58000183105469,103.80999755859375,101.93000030517578,102.8499984741211,72.6244888305664,5369700,0.0,0.0
2018-05-11,103.45999908447266,104.69000244140625,102.04000091552734,104.18000030517578,73.56365203857422,6358900,0.0,0.0
2018-05-14,104.4000015258789,106.30000305175781,104.33000183105469,105.88999938964844,74.7711181640625,8471700,0.0,0.0
2018-05-15,105.37999725341797,105.55999755859375,103.58999633789062,104.18000030517578,73.56365203857422,8387600,0.0,0.0
2018-05-16,104.45999908447266,105.6500015258789,104.19999694824219,105.04000091552734,74.17091369628906,8296700,0.0,0.0
2018-05-17,105.0999984741211,105.41000366210938,104.20999908447266,105.31999969482422,74.3686294555664,6702900,0.0,0.0
2018-05-18,105.2699966430664,106.77999877929688,105.11000061035156,105.9800033569336,74.83466339111328,5328000,0.0,0.0
2018-05-21,107.0,107.25,105.94999694824219,106.2300033569336,75.0112075805664,5797300,0.0,0.0
2018-05-22,106.55000305175781,107.23999786376953,106.0999984741211,106.2300033569336,75.0112075805664,9456800,0.0,0.0
2018-05-23,105.8499984741211,106.31999969482422,104.73999786376953,105.5999984741211,74.56633758544922,12816600,0.0,0.0
2018-05-24,104.55000305175781,104.55000305175781,101.61000061035156,103.13999938964844,72.82927703857422,13164500,0.0,0.0
2018-05-25,102.29000091552734,103.13999938964844,99.55000305175781,101.08000183105469,71.3746566772461,25301700,0.0,0.0
2018-05-29,100.2699966430664,101.58999633789062,98.93000030517578,99.47000122070312,70.23783111572266,25494700,0.0,0.0
2018-05-30,101.86000061035156,103.16000366210938,100.83000183105469,103.01000213623047,72.73749542236328,31273400,0.0,0.0
2018-05-31,100.93000030517578,101.0999984741211,98.5,98.94000244140625,69.86357116699219,18910900,0.0,0.0
2018-06-01,97.93000030517578,99.43000030517578,97.9000015258789,98.05000305175781,69.23515319824219,14837300,0.0,0.0
2018-06-04,98.4800033569336,99.45999908447266,97.62000274658203,99.0999984741211,69.97655487060547,10922500,0.0,0.0
2018-06-05,99.11000061035156,100.33999633789062,98.76000213623047,99.23999786376953,70.07540130615234,10199000,0.0,0.0
2018-06-06,99.25,99.98999786376953,98.31999969482422,99.9800033569336,70.59793853759766,4933500,0.0,0.0
2018-06-07,100.25,100.33000183105469,98.87000274658203,99.31999969482422,70.13191223144531,5092500,0.0,0.0
2018-06-08,99.27999877929688,100.5,99.0,100.43000030517578,70.91568756103516,4012900,0.0,0.0
2018-06-11,100.55999755859375,101.08000183105469,99.41000366210938,99.7699966430664,70.44966888427734,5770100,0.0,0.0
2018-06-12,99.80000305175781,100.12000274658203,98.73999786376953,98.91000366210938,69.8424072265625,8060400,0.0,0.0
2018-06-13,98.91999816894531,99.2300033569336,97.51000213623047,97.58000183105469,68.90324401855469,7816200,0.0,0.0
2018-06-14,98.37999725341797,98.91999816894531,97.75,98.75,69.72943878173828,4648700,0.0,0.0
2018-06-15,98.7699966430664,99.87000274658203,98.0,99.56999969482422,70.30842590332031,20806200,0.0,0.0
2018-06-18,99.1500015258789,99.33000183105469,98.30999755859375,98.4800033569336,69.53876495361328,6425600,0.0,0.0
2018-06-19,97.88999938964844,98.37999725341797,96.93000030517578,98.01000213623047,69.20691680908203,5528300,0.0,0.0
2018-06-20,98.22000122070312,99.55000305175781,97.83999633789062,98.25,69.37633514404297,5842700,0.0,0.0
2018-06-21,97.70999908447266,97.98999786376953,95.26000213623047,95.55000305175781,67.46981811523438,7225000,0.0,0.0
2018-06-22,96.05999755859375,96.11000061035156,93.43000030517578,93.48999786376953,66.0152359008789,9454800,0.0,0.0
2018-06-25,93.47000122070312,94.37999725341797,92.0999984741211,93.05000305175781,65.70452880859375,5573100,0.0,0.0
2018-06-26,93.36000061035156,93.86000061035156,92.08000183105469,92.12000274658203,65.04783630371094,5117100,0.0,0.0
2018-06-27,92.36000061035156,93.2699966430664,91.47000122070312,91.51000213623047,64.61709594726562,5833000,0.0,0.0
2018-06-28,91.33999633789062,92.61000061035156,90.80999755859375,92.43000030517578,65.2667236328125,6698900,0.0,0.0
2018-06-29,92.83999633789062,94.45999908447266,92.55999755859375,92.6500015258789,65.4220962524414,6787900,0.0,0.0
2018-07-02,92.05999755859375,93.30000305175781,91.8499984741211,93.11000061035156,65.74688720703125,3854500,0.0,0.0
2018-07-03,93.58000183105469,94.37000274658203,93.12000274658203,93.61000061035156,66.09996032714844,2452400,0.0,0.0
2018-07-05,94.45999908447266,95.05999755859375,93.94999694824219,94.4800033569336,66.71428680419922,4744000,0.0,0.0
2018-07-06,95.19999694824219,97.06999969482422,94.95999908447266,96.91999816894531,68.43721008300781,5867400,0.0,0.0
2018-07-09,97.9800033569336,98.3499984741211,96.91999816894531,97.04000091552734,68.5219497680664,5953100,0.0,0.0
2018-07-10,97.11000061035156,98.94999694824219,96.68000030517578,98.83999633789062,69.79295349121094,5119900,0.0,0.0
2018-07-11,96.26000213623047,97.5,94.87000274658203,94.95999908447266,67.05322265625,6230000,0.0,0.0
2018-07-12,94.91999816894531,95.66999816894531,94.0999984741211,95.61000061035156,68.20170593261719,4672000,0.96,0.0
2018-07-13,94.95999908447266,96.86000061035156,94.94000244140625,96.62999725341797,68.92927551269531,3712400,0.0,0.0
2018-07-16,96.76000213623047,96.81999969482422,95.26000213623047,96.25,68.65821075439453,3783500,0.0,0.0
2018-07-17,96.2699966430664,97.16999816894531,95.33000183105469,95.41000366210938,68.05900573730469,5107500,0.0,0.0
2018-07-18,95.2699966430664,95.43000030517578,94.33000183105469,94.4000015258789,67.33854675292969,5521900,0.0,0.0
2018-07-19,93.22000122070312,93.27999877929688,87.76000213623047,89.94999694824219,64.16422271728516,19747200,0.0,0.0
2018-07-20,88.70999908447266,89.63999938964844,86.76000213623047,88.91000366210938,63.422359466552734,11791900,0.0,0.0
2018-07-23,89.16999816894531,89.98999786376953,88.63999938964844,89.4000015258789,63.77188491821289,6316800,0.0,0.0
2018-07-24,90.51000213623047,91.61000061035156,89.75,91.54000091552734,65.29842376708984,7965000,0.0,0.0
2018-07-25,91.08000183105469,93.51000213623047,91.08000183105469,93.12000274658203,66.42547607421875,7494300,0.0,0.0
2018-07-26,93.94999694824219,94.55999755859375,92.54000091552734,93.94000244140625,67.01042938232422,6812400,0.0,0.0
2018-07-27,91.33999633789062,92.2699966430664,88.7699966430664,90.55999755859375,64.599365234375,12905800,0.0,0.0
2018-07-30,90.66999816894531,91.54000091552734,89.37999725341797,91.44999694824219,65.23421478271484,6466000,0.0,0.0
2018-07-31,91.6500015258789,92.62999725341797,91.33000183105469,92.2300033569336,65.79061889648438,8691800,0.0,0.0
2018-08-01,92.29000091552734,94.4800033569336,92.27999877929688,93.91000366210938,66.98902130126953,5330400,0.0,0.0
2018-08-02,93.58000183105469,95.86000061035156,93.41000366210938,95.12000274658203,67.8521728515625,6023200,0.0,0.0
2018-08-03,94.88999938964844,96.8499984741211,94.81999969482422,96.52999877929688,68.85794830322266,4876100,0.0,0.0
2018-08-06,96.26000213623047,97.55000305175781,95.73999786376953,97.05999755859375,69.23600769042969,5134200,0.0,0.0
2018-08-07,97.30000305175781,98.3499984741211,93.73999786376953,94.05999755859375,67.09602355957031,8890900,0.0,0.0
2018-08-08,93.5199966430664,94.08000183105469,92.87000274658203,93.7300033569336,66.86064147949219,4535100,0.0,0.0
2018-08-09,94.19999694824219,96.13999938964844,93.47000122070312,95.47000122070312,68.10182189941406,6176100,0.0,0.0
2018-08-10,95.3499984741211,96.73999786376953,95.30999755859375,95.80000305175781,68.33722686767578,4446800,0.0,0.0
2018-08-13,96.0,97.58000183105469,95.80999755859375,96.77999877929688,69.0362777709961,5920000,0.0,0.0
2018-08-14,96.72000122070312,97.3499984741211,95.73999786376953,95.91999816894531,68.42280578613281,5580800,0.0,0.0
2018-08-15,95.91999816894531,97.79000091552734,95.61000061035156,97.44999694824219,69.51420593261719,6861500,0.0,0.0
2018-08-16,97.83999633789062,98.6500015258789,97.05999755859375,98.22000122070312,70.0634765625,6332900,0.0,0.0
2018-08-17,98.22000122070312,99.1500015258789,96.41999816894531,98.80999755859375,70.48436737060547,6307300,0.0,0.0
2018-08-20,99.33000183105469,100.2300033569336,97.47000122070312,97.62999725341797,69.64260864257812,6172500,0.0,0.0
2018-08-21,97.86000061035156,98.05000305175781,96.80000305175781,97.73999786376953,69.7210693359375,3528400,0.0,0.0
2018-08-22,97.83999633789062,98.31999969482422,97.12999725341797,97.63999938964844,69.64973449707031,2963300,0.0,0.0
2018-08-23,97.69000244140625,97.8499984741211,96.88999938964844,97.1500015258789,69.30021667480469,2137500,0.0,0.0
2018-08-24,97.13999938964844,97.58999633789062,96.55000305175781,97.4000015258789,69.47854614257812,2996100,0.0,0.0
2018-08-27,98.11000061035156,98.30000305175781,97.30000305175781,98.0199966430664,69.9207992553711,2456000,0.0,0.0
2018-08-28,97.79000091552734,98.69999694824219,97.0999984741211,97.26000213623047,69.3786849975586,3515400,0.0,0.0
2018-08-29,97.43000030517578,97.83000183105469,96.02999877929688,97.58000183105469,69.60694122314453,3637100,0.0,0.0
2018-08-30,97.5,97.7300033569336,96.55999755859375,96.79000091552734,69.04340362548828,3434400,0.0,0.0
2018-08-31,96.25,96.69000244140625,95.72000122070312,95.9800033569336,68.46562957763672,4703100,0.0,0.0
2018-09-04,95.97000122070312,95.97000122070312,94.08000183105469,94.55999755859375,67.45269012451172,4456100,0.0,0.0
2018-09-05,94.33999633789062,95.25,94.08999633789062,95.19000244140625,67.90206909179688,5188800,0.0,0.0
2018-09-06,94.79000091552734,95.08000183105469,92.79000091552734,93.73999786376953,66.86775207519531,5416300,0.0,0.0
2018-09-07,93.6500015258789,94.3499984741211,91.5999984741211,94.16999816894531,67.17449188232422,4051700,0.0,0.0
2018-09-10,94.9800033569336,95.16999816894531,93.69999694824219,93.81999969482422,66.92479705810547,3156800,0.0,0.0
2018-09-11,93.72000122070312,93.7300033569336,92.87999725341797,93.18000030517578,66.46830749511719,2638500,0.0,0.0
2018-09-12,92.38999938964844,93.94000244140625,92.04000091552734,93.23999786376953,66.51107788085938,3304700,0.0,0.0
2018-09-13,93.41999816894531,96.37000274658203,93.41000366210938,96.33000183105469,68.71527099609375,4850700,0.0,0.0
2018-09-14,96.29000091552734,96.4000015258789,94.91999816894531,95.68000030517578,68.25161743164062,3446000,0.0,0.0
2018-09-17,95.4000015258789,96.16000366210938,94.80000305175781,95.37000274658203,68.03047943115234,3987200,0.0,0.0
2018-09-18,95.3499984741211,96.05999755859375,92.41000366210938,92.61000061035156,66.06167602539062,10240500,0.0,0.0
2018-09-19,91.70999908447266,92.23999786376953,90.4000015258789,91.0199966430664,64.927490234375,8451400,0.0,0.0
2018-09-20,91.43000030517578,93.12000274658203,90.62000274658203,92.68000030517578,66.11161804199219,5991200,0.0,0.0
2018-09-21,92.8499984741211,93.33000183105469,92.05000305175781,92.26000213623047,65.81201934814453,9953500,0.0,0.0
2018-09-24,92.30000305175781,93.9800033569336,91.94999694824219,93.41999816894531,66.63948822021484,5910300,0.0,0.0
2018-09-25,93.4800033569336,94.63999938964844,93.4000015258789,93.77999877929688,66.89629364013672,5303900,0.0,0.0
2018-09-26,94.29000091552734,95.11000061035156,93.8499984741211,94.18000030517578,67.18160247802734,4656200,0.0,0.0
2018-09-27,94.3499984741211,94.88999938964844,93.95999908447266,94.13999938964844,67.15308380126953,3028600,0.0,0.0
2018-09-28,94.0,95.16000366210938,93.83999633789062,94.58000183105469,67.46696472167969,4527900,0.0,0.0
2018-10-01,94.73999786376953,95.63999938964844,94.33000183105469,95.0,67.76655578613281,3763800,0.0,0.0
2018-10-02,95.33999633789062,95.3499984741211,93.47000122070312,94.2300033569336,67.21729278564453,6792200,0.0,0.0
2018-10-03,94.63999938964844,96.5999984741211,94.5999984741211,96.01000213623047,68.48703002929688,4796800,0.0,0.0
2018-10-04,95.80999755859375,95.80999755859375,93.26000213623047,93.83999633789062,66.9390869140625,4425400,0.0,0.0
2018-10-05,94.0999984741211,95.2699966430664,92.91000366210938,94.37999725341797,67.32427215576172,4190100,0.0,0.0
2018-10-08,94.06999969482422,95.37000274658203,93.75,94.80999755859375,67.63101196289062,3305500,0.0,0.0
2018-10-09,94.70999908447266,95.26000213623047,93.80000305175781,94.56999969482422,67.45983123779297,3625600,0.0,0.0
2018-10-10,93.8499984741211,95.38999938964844,92.98999786376953,93.08000183105469,66.39695739746094,5310800,0.0,0.0
2018-10-11,93.0,93.37999725341797,89.61000061035156,90.69999694824219,64.69920349121094,9994400,0.0,0.0
2018-10-12,90.70999908447266,91.08000183105469,88.9000015258789,90.69000244140625,65.38414764404297,5709600,0.96,0.0
2018-10-15,90.51000213623047,90.5999984741211,89.18000030517578,89.18000030517578,64.29549407958984,4827900,0.0,0.0
2018-10-16,89.77999877929688,91.9800033569336,89.52999877929688,91.91000366210938,66.26371765136719,3787100,0.0,0.0
2018-10-17,91.81999969482422,92.41000366210938,90.83000183105469,92.2699966430664,66.52324676513672,2857400,0.0,0.0
2018-10-18,91.8499984741211,92.4000015258789,89.22000122070312,89.9000015258789,64.8145751953125,4422300,0.0,0.0
2018-10-19,89.26000213623047,89.98999786376953,87.97000122070312,87.97000122070312,63.423133850097656,7059400,0.0,0.0
2018-10-22,88.52999877929688,88.52999877929688,83.5,84.2699966430664,60.75555419921875,7621100,0.0,0.0
2018-10-23,82.58000183105469,84.58999633789062,81.5,82.95999908447266,59.81109619140625,8096200,0.0,0.0
2018-10-24,82.83999633789062,83.12999725341797,79.26000213623047,79.41000366210938,57.25167465209961,8689100,0.0,0.0
2018-10-25,80.4000015258789,83.19000244140625,79.66000366210938,81.7300033569336,58.924320220947266,9173500,0.0,0.0
2018-10-26,81.0199966430664,81.52999877929688,79.43000030517578,80.79000091552734,58.24659729003906,6181500,0.0,0.0
2018-10-29,82.1500015258789,83.16999816894531,79.94000244140625,81.36000061035156,58.657562255859375,4343900,0.0,0.0
2018-10-30,81.93000030517578,82.87999725341797,80.12999725341797,81.58999633789062,58.823368072509766,5243100,0.0,0.0
2018-10-31,80.9800033569336,81.58000183105469,77.73999786376953,77.8499984741211,56.12697219848633,14068500,0.0,0.0
2018-11-01,77.70999908447266,80.6500015258789,77.5,80.20999908447266,57.82843780517578,10671700,0.0,0.0
2018-11-02,84.18000030517578,84.41999816894531,78.76000213623047,79.55999755859375,57.35982131958008,12781500,0.0,0.0
2018-11-05,79.44999694824219,83.83000183105469,79.2699966430664,82.58000183105469,59.53712844848633,10315600,0.0,0.0
2018-11-06,82.7300033569336,84.2300033569336,82.30999755859375,83.66000366210938,60.31576919555664,7945500,0.0,0.0
2018-11-07,84.1500015258789,87.22000122070312,84.13999938964844,86.95999908447266,62.69496154785156,10378000,0.0,0.0
2018-11-08,87.12999725341797,89.70999908447266,87.0,87.7300033569336,63.25008010864258,9333200,0.0,0.0
2018-11-09,87.83000183105469,89.52999877929688,87.55999755859375,88.79000091552734,64.0143051147461,9169800,0.0,0.0
2018-11-12,88.75,89.88999938964844,88.5,89.69000244140625,64.66317749023438,9344700,0.0,0.0
2018-11-13,90.0,90.87999725341797,88.19999694824219,88.22000122070312,63.60334777832031,7237200,0.0,0.0
2018-11-14,89.05000305175781,89.4000015258789,86.44999694824219,88.30999755859375,63.66824722290039,7268200,0.0,0.0
2018-11-15,87.62999725341797,90.29000091552734,85.95999908447266,90.13999938964844,64.98760986328125,10365700,0.0,0.0
2018-11-16,89.7300033569336,92.0,89.19999694824219,91.52999877929688,65.98973083496094,8691100,0.0,0.0
2018-11-19,91.29000091552734,92.33999633789062,89.11000061035156,89.4800033569336,64.51177978515625,5971700,0.0,0.0
2018-11-20,89.0,89.70999908447266,87.86000061035156,88.08999633789062,63.5096321105957,5372900,0.0,0.0
2018-11-21,88.5,88.77999877929688,85.37000274658203,86.1500015258789,62.11096954345703,6532500,0.0,0.0
2018-11-23,85.5999984741211,86.55000305175781,84.9000015258789,85.62999725341797,61.736061096191406,1612800,0.0,0.0
2018-11-26,86.38999938964844,87.25,85.20999908447266,86.23999786376953,62.175838470458984,5227900,0.0,0.0
2018-11-27,86.22000122070312,87.69999694824219,85.5,87.68000030517578,63.21404266357422,4338300,0.0,0.0
2018-11-28,88.04000091552734,88.95999908447266,86.55999755859375,88.94000244140625,64.12245178222656,3953600,0.0,0.0
2018-11-29,89.01000213623047,90.33000183105469,88.36000061035156,89.91000366210938,64.82178497314453,3838000,0.0,0.0
2018-11-30,90.26000213623047,94.2699966430664,89.87000274658203,94.2699966430664,67.9651870727539,12031700,0.0,0.0
2018-12-03,94.31999969482422,94.72000122070312,92.81999969482422,93.66000366210938,67.52537536621094,6673900,0.0,0.0
2018-12-04,93.91999816894531,94.9800033569336,90.4000015258789,90.55000305175781,65.28321838378906,7008400,0.0,0.0
2018-12-06,89.69999694824219,90.4800033569336,87.16999816894531,90.33000183105469,65.12458038330078,8734300,0.0,0.0
2018-12-07,89.93000030517578,90.0,86.37000274658203,86.95999908447266,62.69496154785156,6737700,0.0,0.0
2018-12-10,86.66999816894531,87.87999725341797,84.5999984741211,87.61000061035156,63.163551330566406,5229400,0.0,0.0
2018-12-11,88.62000274658203,89.44000244140625,86.66000366210938,88.16999816894531,63.567291259765625,5098100,0.0,0.0
2018-12-12,89.31999969482422,90.16999816894531,88.36000061035156,88.5999984741211,63.877342224121094,4185100,0.0,0.0
2018-12-13,89.37000274658203,89.98999786376953,87.37000274658203,87.70999908447266,63.235660552978516,4078600,0.0,0.0
2018-12-14,86.80000305175781,87.16000366210938,85.08000183105469,85.61000061035156,61.721641540527344,5461600,0.0,0.0
2018-12-17,85.06999969482422,86.87999725341797,84.19999694824219,84.93000030517578,61.231380462646484,5958200,0.0,0.0
2018-12-18,85.45999908447266,85.5,82.80000305175781,83.58000183105469,60.25810623168945,5288600,0.0,0.0
2018-12-19,84.33000183105469,86.30000305175781,82.6500015258789,83.5199966430664,60.214820861816406,5510800,0.0,0.0
2018-12-20,82.98999786376953,86.4800033569336,82.41000366210938,85.37000274658203,61.54861831665039,9453300,0.0,0.0
2018-12-21,84.62999725341797,88.70999908447266,83.22000122070312,84.91999816894531,61.22416305541992,16044700,0.0,0.0
2018-12-24,84.8499984741211,86.44000244140625,83.5999984741211,84.16000366210938,60.67624282836914,5097900,0.0,0.0
2018-12-26,84.73999786376953,89.08999633789062,84.62000274658203,89.04000091552734,64.19454193115234,6225000,0.0,0.0
2018-12-27,87.94999694824219,89.93000030517578,86.86000061035156,89.91000366210938,64.82178497314453,7272800,0.0,0.0
2018-12-28,90.08999633789062,92.81999969482422,90.0,91.12000274658203,65.69416809082031,6037700,0.0,0.0
2018-12-31,91.5999984741211,92.98999786376953,91.2300033569336,92.19000244140625,66.465576171875,5722100,0.0,0.0
2019-01-02,91.23999786376953,91.26000213623047,88.41999816894531,89.2300033569336,64.33152770996094,6908400,0.0,0.0
2019-01-03,88.63999938964844,88.80000305175781,86.08000183105469,86.29000091552734,62.21189880371094,7653200,0.0,0.0
2019-01-04,87.75,89.13999938964844,86.2699966430664,89.06999969482422,64.2161865234375,8910600,0.0,0.0
2019-01-07,90.06999969482422,90.76000213623047,89.19999694824219,90.37000274658203,65.15343475341797,7281500,0.0,0.0
2019-01-08,91.19999694824219,92.30000305175781,90.4000015258789,90.79000091552734,65.45623016357422,7478300,0.0,0.0
2019-01-09,90.87999725341797,91.38999938964844,87.45999908447266,87.80999755859375,63.307777404785156,9971900,0.0,0.0
2019-01-10,87.87999725341797,88.87999725341797,87.12000274658203,88.19999694824219,63.58894348144531,6527700,0.0,0.0
2019-01-11,87.54000091552734,88.30999755859375,87.54000091552734,88.30999755859375,63.66824722290039,5318100,0.0,0.0
2019-01-14,86.97000122070312,86.97000122070312,84.48999786376953,84.76000213623047,61.85832977294922,6368500,1.07,0.0
2019-01-15,84.93000030517578,85.68000030517578,84.44999694824219,85.5,62.39839172363281,7295500,0.0,0.0
2019-01-16,85.66000366210938,86.38999938964844,85.44999694824219,85.55000305175781,62.43488311767578,4927000,0.0,0.0
2019-01-17,85.54000091552734,87.69000244140625,85.41999816894531,87.19999694824219,63.63904571533203,6438700,0.0,0.0
2019-01-18,88.44999694824219,89.79000091552734,86.91999816894531,89.5,65.3176040649414,6190000,0.0,0.0
2019-01-22,88.86000061035156,89.36000061035156,87.9000015258789,88.66000366210938,64.70457458496094,5664600,0.0,0.0
2019-01-23,88.83999633789062,89.27999877929688,87.69999694824219,88.44999694824219,64.55130004882812,4969300,0.0,0.0
2019-01-24,88.33000183105469,88.44000244140625,85.0999984741211,85.87999725341797,62.67570877075195,8372600,0.0,0.0
2019-01-25,82.51000213623047,82.61000061035156,79.43000030517578,80.54000091552734,58.77855682373047,21308600,0.0,0.0
2019-01-28,80.0,80.0999984741211,76.68000030517578,77.13999938964844,56.297210693359375,14718800,0.0,0.0
2019-01-29,77.02999877929688,78.16000366210938,75.7699966430664,77.47000122070312,56.538047790527344,13909000,0.0,0.0
2019-01-30,77.69000244140625,79.19000244140625,76.9800033569336,79.05999755859375,57.698421478271484,9277200,0.0,0.0
2019-01-31,78.94999694824219,81.30999755859375,78.70999908447266,80.29000091552734,58.59609603881836,11563900,0.0,0.0
2019-02-01,80.25,80.7300033569336,79.11000061035156,80.5,58.749359130859375,6759500,0.0,0.0
2019-02-04,80.30000305175781,80.36000061035156,77.5199966430664,78.52999877929688,57.3116455078125,10205600,0.0,0.0
2019-02-05,78.55999755859375,80.05999755859375,78.22000122070312,79.69000244140625,58.158203125,7965500,0.0,0.0
2019-02-06,79.5999984741211,79.88999938964844,78.79000091552734,79.08000183105469,57.713035583496094,4907200,0.0,0.0
2019-02-07,78.3499984741211,79.22000122070312,77.80999755859375,79.16999816894531,57.778709411621094,5877500,0.0,0.0
2019-02-08,79.02999877929688,79.86000061035156,78.88999938964844,79.66999816894531,58.143611907958984,4598900,0.0,0.0
2019-02-11,79.88999938964844,80.18000030517578,79.16999816894531,79.7699966430664,58.216609954833984,4803500,0.0,0.0
2019-02-12,79.98999786376953,80.12000274658203,78.56999969482422,79.93000030517578,58.3333625793457,6620100,0.0,0.0
2019-02-13,80.33999633789062,81.31999969482422,80.29000091552734,80.79000091552734,58.96099090576172,4237200,0.0,0.0
2019-02-14,80.44999694824219,80.68000030517578,79.72000122070312,80.5199966430664,58.76395034790039,3436300,0.0,0.0
2019-02-15,81.12999725341797,81.69999694824219,80.16000366210938,80.8499984741211,59.00477600097656,6295400,0.0,0.0
2019-02-19,80.5,81.5199966430664,80.2300033569336,80.5199966430664,58.76395034790039,5674700,0.0,0.0
2019-02-20,80.52999877929688,80.5999984741211,79.13999938964844,79.98999786376953,58.377166748046875,5564100,0.0,0.0
2019-02-21,79.73999786376953,79.91000366210938,78.0999984741211,78.75,57.472198486328125,6360800,0.0,0.0
2019-02-22,79.16000366210938,80.19000244140625,78.23999786376953,80.0199966430664,58.3990592956543,5022700,0.0,0.0
2019-02-25,80.45999908447266,80.62000274658203,79.87999725341797,80.29000091552734,58.59609603881836,5511800,0.0,0.0
2019-02-26,80.19999694824219,80.86000061035156,80.0199966430664,80.51000213623047,58.75665283203125,4283100,0.0,0.0
2019-02-27,80.13999938964844,80.13999938964844,78.80000305175781,79.41000366210938,57.95386505126953,4175500,0.0,0.0
2019-02-28,79.45999908447266,79.70999908447266,78.75,79.23999786376953,57.829795837402344,6310800,0.0,0.0
2019-03-01,79.7699966430664,80.8499984741211,79.27999877929688,80.0999984741211,58.457420349121094,8567900,0.0,0.0
2019-03-04,80.4000015258789,80.7300033569336,79.11000061035156,79.45999908447266,57.990352630615234,5872500,0.0,0.0
2019-03-05,79.37999725341797,79.9000015258789,78.72000122070312,78.91000366210938,57.588966369628906,5933100,0.0,0.0
2019-03-06,79.12999725341797,79.12999725341797,77.55999755859375,78.08999633789062,56.990516662597656,5293200,0.0,0.0
2019-03-07,77.7699966430664,79.12000274658203,77.44000244140625,78.23999786376953,57.09999084472656,6642500,0.0,0.0
2019-03-08,77.66999816894531,78.04000091552734,77.08999633789062,77.58000183105469,56.618316650390625,6189100,0.0,0.0
2019-03-11,77.56999969482422,78.30999755859375,77.2699966430664,78.08000183105469,56.98323440551758,8078100,0.0,0.0
2019-03-12,78.4800033569336,79.13999938964844,78.05000305175781,78.73999786376953,57.464900970458984,6128800,0.0,0.0
2019-03-13,78.91999816894531,79.30000305175781,78.1500015258789,78.93000030517578,57.60356903076172,5984500,0.0,0.0
2019-03-14,79.0,80.4000015258789,78.41000366210938,79.94999694824219,58.34797668457031,6161800,0.0,0.0
2019-03-15,80.05999755859375,81.45999908447266,79.11000061035156,81.33999633789062,59.36238479614258,12751100,0.0,0.0
2019-03-18,81.33999633789062,81.75,80.27999877929688,80.6500015258789,58.85882568359375,5550100,0.0,0.0
2019-03-19,80.33000183105469,81.29000091552734,79.51000213623047,80.81999969482422,58.98289108276367,6335500,0.0,0.0
2019-03-20,80.72000122070312,80.91000366210938,80.05999755859375,80.43000030517578,58.698265075683594,5360900,0.0,0.0
2019-03-21,79.87999725341797,81.30999755859375,79.26000213623047,81.23999786376953,59.2894172668457,5159200,0.0,0.0
2019-03-22,80.77999877929688,81.98999786376953,79.69000244140625,79.76000213623047,58.20930862426758,4992500,0.0,0.0
2019-03-25,79.5,80.04000091552734,78.41000366210938,79.51000213623047,58.0268440246582,4008400,0.0,0.0
2019-03-26,79.8499984741211,81.19000244140625,79.80000305175781,80.76000213623047,58.93910217285156,4921900,0.0,0.0
2019-03-27,81.0,81.0,79.80000305175781,79.88999938964844,58.30417251586914,4006200,0.0,0.0
2019-03-28,80.33000183105469,80.48999786376953,79.5,79.95999908447266,58.355255126953125,3071000,0.0,0.0
2019-03-29,80.08000183105469,80.9000015258789,79.95999908447266,80.58999633789062,58.81502151489258,7105900,0.0,0.0
2019-04-01,80.9800033569336,81.11000061035156,79.97000122070312,80.77999877929688,58.95370101928711,4759400,0.0,0.0
2019-04-02,80.88999938964844,83.48999786376953,80.80000305175781,83.06999969482422,60.62495803833008,6355800,0.0,0.0
2019-04-03,83.62000274658203,84.7300033569336,82.79000091552734,83.08000183105469,60.63227462768555,6083500,0.0,0.0
2019-04-04,83.04000091552734,83.37999725341797,82.06999969482422,82.80999755859375,60.43519592285156,4827900,0.0,0.0
2019-04-05,82.81999969482422,84.18000030517578,82.66999816894531,83.44999694824219,60.90227508544922,3996300,0.0,0.0
2019-04-08,83.69999694824219,84.0,82.77999877929688,83.9800033569336,61.28908157348633,3499200,0.0,0.0
2019-04-09,83.7699966430664,83.77999877929688,82.5,82.69000244140625,60.347633361816406,3712700,0.0,0.0
2019-04-10,83.19999694824219,83.37999725341797,82.5999984741211,82.94999694824219,60.53737258911133,3641900,0.0,0.0
2019-04-11,83.19999694824219,83.25,81.2300033569336,81.7699966430664,59.67619705200195,9094200,0.0,0.0
2019-04-12,80.66999816894531,81.80999755859375,79.83999633789062,80.77999877929688,59.7353630065918,5011500,1.07,0.0
2019-04-15,80.95999908447266,81.51000213623047,80.37000274658203,81.02999877929688,59.920223236083984,3495500,0.0,0.0
2019-04-16,81.11000061035156,81.30000305175781,80.0199966430664,80.20999908447266,59.31385803222656,3624700,0.0,0.0
2019-04-17,80.0999984741211,80.19999694824219,77.55000305175781,77.9800033569336,57.664817810058594,6817100,0.0,0.0
2019-04-18,78.05999755859375,78.20999908447266,76.80999755859375,77.56999969482422,57.36163330078125,7784900,0.0,0.0
2019-04-22,77.5999984741211,79.0999984741211,77.5,78.1500015258789,57.790531158447266,5358600,0.0,0.0
2019-04-23,78.1500015258789,79.66000366210938,77.75,78.66000366210938,58.16767501831055,9920600,0.0,0.0
2019-04-24,79.2300033569336,79.58999633789062,78.44000244140625,78.66999816894531,58.1750602722168,7056400,0.0,0.0
2019-04-25,80.05000305175781,80.47000122070312,76.91000366210938,79.33999633789062,58.670509338378906,10442900,0.0,0.0
2019-04-26,79.66999816894531,80.6500015258789,79.4000015258789,79.69999694824219,58.93671417236328,5790000,0.0,0.0
2019-04-29,80.45999908447266,80.9800033569336,79.91000366210938,80.30000305175781,59.38042068481445,6444500,0.0,0.0
2019-04-30,80.68000030517578,80.69000244140625,78.68000030517578,79.38999938964844,58.707481384277344,9367400,0.0,0.0
2019-05-01,79.5999984741211,79.68000030517578,78.61000061035156,78.88999938964844,58.33774185180664,5231700,0.0,0.0
2019-05-02,78.7300033569336,78.77999877929688,77.5999984741211,78.47000122070312,58.02716827392578,5206300,0.0,0.0
2019-05-03,78.72000122070312,78.80000305175781,78.25,78.70999908447266,58.20463180541992,4527300,0.0,0.0
2019-05-06,77.75,79.5199966430664,77.33999633789062,79.26000213623047,58.6113395690918,5413200,0.0,0.0
2019-05-07,78.5999984741211,78.98999786376953,77.16999816894531,77.94999694824219,57.64263916015625,4275300,0.0,0.0
2019-05-08,77.94999694824219,78.88999938964844,77.31999969482422,77.98999786376953,57.67221450805664,3820700,0.0,0.0
2019-05-09,77.51000213623047,78.12999725341797,76.7300033569336,77.91000366210938,57.613059997558594,3792200,0.0,0.0
2019-05-10,77.44999694824219,77.7300033569336,75.62000274658203,77.44999694824219,57.27289962768555,4731800,0.0,0.0
2019-05-13,76.30000305175781,77.30000305175781,76.16999816894531,76.87000274658203,56.84398651123047,3858400,0.0,0.0
2019-05-14,77.16000366210938,79.36000061035156,77.0,78.44000244140625,58.004966735839844,6365200,0.0,0.0
2019-05-15,78.51000213623047,79.1500015258789,77.4800033569336,78.77999877929688,58.25639343261719,4795700,0.0,0.0
2019-05-16,78.9800033569336,80.75,78.70999908447266,79.5,58.78883743286133,5404700,0.0,0.0
2019-05-17,78.52999877929688,80.08000183105469,78.0199966430664,79.45999908447266,58.75924301147461,4756400,0.0,0.0
2019-05-20,79.0199966430664,80.38999938964844,78.91000366210938,79.81999969482422,59.02545928955078,4395500,0.0,0.0
2019-05-21,80.33000183105469,81.5,80.31999969482422,80.87999725341797,59.809295654296875,4841900,0.0,0.0
2019-05-22,80.51000213623047,81.75,79.87999725341797,81.58999633789062,60.334346771240234,4219500,0.0,0.0
2019-05-23,80.38999938964844,81.62999725341797,80.31999969482422,81.1500015258789,60.008975982666016,3299100,0.0,0.0
2019-05-24,81.08999633789062,81.0999984741211,79.87000274658203,80.05999755859375,59.20292663574219,3872700,0.0,0.0
2019-05-28,80.0,80.0999984741211,77.91999816894531,78.02999877929688,57.701786041259766,6557800,0.0,0.0
2019-05-29,77.56999969482422,78.27999877929688,77.0999984741211,78.05999755859375,57.723968505859375,4182200,0.0,0.0
2019-05-30,78.5199966430664,78.58999633789062,77.12999725341797,77.61000061035156,57.391204833984375,3533100,0.0,0.0
2019-05-31,77.30999755859375,77.56999969482422,76.4000015258789,76.70999908447266,56.725669860839844,4003200,0.0,0.0
2019-06-03,76.62999725341797,76.83999633789062,73.80999755859375,75.69999694824219,55.97880554199219,8434400,0.0,0.0
2019-06-04,76.13999938964844,77.44000244140625,75.9000015258789,76.75,56.75526809692383,6447100,0.0,0.0
2019-06-05,77.41000366210938,78.16999816894531,76.66000366210938,77.05999755859375,56.984493255615234,3804400,0.0,0.0
2019-06-06,77.16000366210938,77.72000122070312,76.86000061035156,77.06999969482422,56.991905212402344,4032800,0.0,0.0
2019-06-07,77.48999786376953,78.37999725341797,77.08000183105469,77.43000030517578,57.258113861083984,4829100,0.0,0.0
2019-06-10,77.45999908447266,77.75,76.5999984741211,76.94999694824219,56.903141021728516,3969400,0.0,0.0
2019-06-11,77.48999786376953,78.9000015258789,77.48999786376953,78.16999816894531,57.80532455444336,4210200,0.0,0.0
2019-06-12,78.25,79.25,78.18000030517578,78.56999969482422,58.10111999511719,4165700,0.0,0.0
2019-06-13,78.93000030517578,79.19999694824219,78.30000305175781,78.94999694824219,58.38210678100586,2924900,0.0,0.0
2019-06-14,78.94999694824219,79.33999633789062,78.20999908447266,78.69000244140625,58.189857482910156,4075900,0.0,0.0
2019-06-17,78.4000015258789,79.05000305175781,78.4000015258789,78.6500015258789,58.160255432128906,3083200,0.0,0.0
2019-06-18,78.87999725341797,79.19999694824219,77.01000213623047,78.25,57.864471435546875,5433500,0.0,0.0
2019-06-19,78.4000015258789,78.4800033569336,77.29000091552734,77.61000061035156,57.391204833984375,6147300,0.0,0.0
2019-06-20,78.23999786376953,79.16999816894531,78.08000183105469,78.33999633789062,57.9310188293457,5347000,0.0,0.0
2019-06-21,78.1500015258789,79.08000183105469,76.43000030517578,78.77999877929688,58.25639343261719,10516900,0.0,0.0
2019-06-24,78.41000366210938,79.30999755859375,77.8499984741211,78.44999694824219,58.01238250732422,5182700,0.0,0.0
2019-06-25,70.47000122070312,70.66999816894531,65.05999755859375,65.69999694824219,48.58396911621094,90131800,0.0,0.0
2019-06-26,67.23999786376953,68.41000366210938,66.80000305175781,68.0,50.284786224365234,42093800,0.0,0.0
2019-06-27,68.16000366210938,70.5999984741211,68.0999984741211,70.0,51.76375961303711,22129200,0.0,0.0
2019-06-28,70.58000183105469,72.73999786376953,70.33000183105469,72.72000122070312,53.775142669677734,21381500,0.0,0.0
2019-07-01,73.5,73.8499984741211,72.27999877929688,73.4000015258789,54.277992248535156,18010900,0.0,0.0
2019-07-02,73.19999694824219,74.25,72.31999969482422,74.2300033569336,54.89176559448242,12862200,0.0,0.0
2019-07-03,74.3499984741211,74.97000122070312,73.77999877929688,74.95999908447266,55.431575775146484,7434100,0.0,0.0
2019-07-05,74.6500015258789,74.79000091552734,72.61000061035156,72.98999786376953,53.97479248046875,10854900,0.0,0.0
2019-07-08,72.5199966430664,73.0,70.87999725341797,71.22000122070312,52.66592025756836,13487400,0.0,0.0
2019-07-09,71.18000030517578,72.44999694824219,70.88999938964844,71.23999786376953,52.68070983886719,11832500,0.0,0.0
2019-07-10,71.58000183105469,71.73999786376953,70.95999908447266,71.6500015258789,52.98389434814453,9170400,0.0,0.0
2019-07-11,72.30000305175781,72.4000015258789,69.8499984741211,71.23999786376953,52.68070983886719,13001000,0.0,0.0
2019-07-12,70.30000305175781,70.30000305175781,68.54000091552734,70.27999877929688,52.763282775878906,12903000,1.07,0.0
2019-07-15,70.30999755859375,71.0199966430664,69.69999694824219,70.2699966430664,52.755775451660156,10253300,0.0,0.0
2019-07-16,70.1500015258789,70.30000305175781,69.12999725341797,69.16000366210938,51.922447204589844,10141600,0.0,0.0
2019-07-17,69.33000183105469,69.86000061035156,68.30999755859375,68.31999969482422,51.29181671142578,12205000,0.0,0.0
2019-07-18,68.56999969482422,68.94999694824219,68.0,68.25,51.23925018310547,8573300,0.0,0.0
2019-07-19,68.13999938964844,68.81999969482422,68.0999984741211,68.54000091552734,51.45697021484375,9806900,0.0,0.0
2019-07-22,68.5,68.75,67.83999633789062,68.0,51.05156326293945,9961800,0.0,0.0
2019-07-23,68.0,68.44000244140625,67.5999984741211,67.7300033569336,50.84886169433594,8025300,0.0,0.0
2019-07-24,67.7699966430664,67.88999938964844,66.76000213623047,67.45999908447266,50.646156311035156,12595300,0.0,0.0
2019-07-25,67.45999908447266,67.87000274658203,66.5,66.66000366210938,50.04554748535156,12403500,0.0,0.0
2019-07-26,67.63999938964844,69.13999938964844,67.37000274658203,67.76000213623047,50.87137985229492,12259300,0.0,0.0
2019-07-29,67.87000274658203,68.41000366210938,66.87999725341797,67.18000030517578,50.43592834472656,10117300,0.0,0.0
2019-07-30,66.91999816894531,67.52999877929688,66.26000213623047,67.18000030517578,50.43592834472656,8143700,0.0,0.0
2019-07-31,66.91000366210938,67.37999725341797,65.62999725341797,66.62000274658203,50.01552200317383,11300000,0.0,0.0
2019-08-01,66.93000030517578,67.19999694824219,65.11000061035156,65.80000305175781,49.399898529052734,13106700,0.0,0.0
2019-08-02,65.5,65.79000091552734,65.02999877929688,65.3499984741211,49.06205368041992,9653900,0.0,0.0
2019-08-05,64.9800033569336,66.12000274658203,64.54000091552734,65.2300033569336,48.971961975097656,11618800,0.0,0.0
2019-08-06,65.2699966430664,65.83999633789062,64.29000091552734,64.7699966430664,48.626609802246094,10248700,0.0,0.0
2019-08-07,64.37999725341797,64.9000015258789,63.310001373291016,64.45999908447266,48.393882751464844,10532100,0.0,0.0
2019-08-08,64.79000091552734,65.44999694824219,64.33000183105469,65.44999694824219,49.13712692260742,7427400,0.0,0.0
2019-08-09,65.37000274658203,66.87000274658203,64.29000091552734,65.58000183105469,49.23473358154297,10893500,0.0,0.0
2019-08-12,65.23999786376953,65.4800033569336,64.08000183105469,64.52999877929688,48.44643020629883,5258900,0.0,0.0
2019-08-13,64.86000061035156,65.93000030517578,64.63999938964844,65.01000213623047,48.806793212890625,7082500,0.0,0.0
2019-08-14,64.5,64.98999786376953,63.5,63.5,47.673152923583984,9373300,0.0,0.0
2019-08-15,64.12000274658203,64.23999786376953,62.65999984741211,62.97999954223633,47.282752990722656,9195700,0.0,0.0
2019-08-16,63.5099983215332,64.80999755859375,63.06999969482422,64.43000030517578,48.37135696411133,8348100,0.0,0.0
2019-08-19,65.04000091552734,66.87999725341797,64.97000122070312,66.55999755859375,49.97046661376953,9826300,0.0,0.0
2019-08-20,67.37999725341797,68.45999908447266,66.33000183105469,66.41000366210938,49.85785675048828,12037900,0.0,0.0
2019-08-21,67.33999633789062,67.91999816894531,66.5999984741211,67.54000091552734,50.70622253417969,7615700,0.0,0.0
2019-08-22,67.87000274658203,68.02999877929688,66.80999755859375,67.5199966430664,50.69120407104492,6495700,0.0,0.0
2019-08-23,67.27999877929688,67.79000091552734,65.4800033569336,65.97000122070312,49.527523040771484,8904700,0.0,0.0
2019-08-26,66.43000030517578,66.93000030517578,66.08000183105469,66.45999908447266,49.8953857421875,4841100,0.0,0.0
2019-08-27,66.66999816894531,66.9800033569336,65.48999786376953,65.66999816894531,49.30229568481445,7591200,0.0,0.0
2019-08-28,65.56999969482422,66.37999725341797,65.4000015258789,66.06999969482422,49.602596282958984,6872800,0.0,0.0
2019-08-29,66.7300033569336,67.02999877929688,65.95999908447266,66.22000122070312,49.7152099609375,6011900,0.0,0.0
2019-08-30,66.4000015258789,66.43000030517578,65.48999786376953,65.73999786376953,49.35484313964844,6415100,0.0,0.0
2019-09-03,65.77999877929688,65.80000305175781,64.93000030517578,65.4000015258789,49.09958267211914,7915700,0.0,0.0
2019-09-04,65.66999816894531,66.41999816894531,64.44000244140625,66.37999725341797,49.83533477783203,9618300,0.0,0.0
2019-09-05,66.63999938964844,67.30000305175781,66.43000030517578,67.02999877929688,50.323326110839844,5602400,0.0,0.0
2019-09-06,67.26000213623047,68.12000274658203,67.0,67.62000274658203,50.766273498535156,7502500,0.0,0.0
2019-09-09,67.95999908447266,68.0,66.30999755859375,66.69999694824219,50.0755729675293,10310900,0.0,0.0
2019-09-10,66.06999969482422,68.18000030517578,65.6500015258789,68.18000030517578,51.186702728271484,12155700,0.0,0.0
2019-09-11,68.37999725341797,69.73999786376953,68.05999755859375,69.48999786376953,52.17018508911133,8369100,0.0,0.0
2019-09-12,70.76000213623047,71.16999816894531,70.19000244140625,70.83000183105469,53.17620086669922,9560100,0.0,0.0
2019-09-13,71.1500015258789,71.51000213623047,70.4800033569336,70.51000213623047,52.935977935791016,8135600,0.0,0.0
2019-09-16,70.37000274658203,70.95999908447266,69.72000122070312,70.58000183105469,52.98851013183594,5992000,0.0,0.0
2019-09-17,70.51000213623047,72.08999633789062,70.36000061035156,71.5999984741211,53.754295349121094,9013500,0.0,0.0
2019-09-18,71.68000030517578,71.81999969482422,70.80999755859375,71.2699966430664,53.506534576416016,6252600,0.0,0.0
2019-09-19,71.4000015258789,71.91000366210938,71.20999908447266,71.66999816894531,53.80685043334961,5541200,0.0,0.0
2019-09-20,72.0,73.0,72.0,72.38999938964844,54.34739685058594,12968700,0.0,0.0
2019-09-23,72.33000183105469,73.77999877929688,72.05000305175781,72.93000030517578,54.75279998779297,8092300,0.0,0.0
2019-09-24,73.83000183105469,73.83000183105469,72.16999816894531,72.94999694824219,54.76781463623047,8223800,0.0,0.0
2019-09-25,72.87999725341797,73.23999786376953,72.0199966430664,72.08999633789062,54.122161865234375,5922700,0.0,0.0
2019-09-26,72.94999694824219,74.45999908447266,72.62000274658203,74.02999877929688,55.578636169433594,10324100,0.0,0.0
2019-09-27,74.20999908447266,75.13999938964844,73.91999816894531,74.8499984741211,56.19426727294922,7677300,0.0,0.0
2019-09-30,74.94999694824219,76.44000244140625,74.94999694824219,75.72000122070312,56.847412109375,8315100,0.0,0.0
2019-10-01,75.88999938964844,76.02999877929688,72.94000244140625,73.2300033569336,54.97803497314453,10910800,0.0,0.0
2019-10-02,72.88999938964844,73.0,71.56999969482422,72.12999725341797,54.152183532714844,8380500,0.0,0.0
2019-10-03,72.05999755859375,73.94000244140625,72.04000091552734,73.8499984741211,55.44350051879883,6228500,0.0,0.0
2019-10-04,74.22000122070312,75.05999755859375,73.94999694824219,74.66000366210938,56.051597595214844,7007500,0.0,0.0
2019-10-07,74.72000122070312,75.2699966430664,74.08000183105469,74.33000183105469,55.80386734008789,5163500,0.0,0.0
2019-10-08,73.87999725341797,74.75,73.41999816894531,73.52999877929688,55.20323944091797,6121500,0.0,0.0
2019-10-09,74.06999969482422,74.62000274658203,73.25,73.30000305175781,55.03059005737305,5851000,0.0,0.0
2019-10-10,73.22000122070312,74.62999725341797,73.19999694824219,74.44999694824219,55.893943786621094,7329400,0.0,0.0
2019-10-11,73.97000122070312,74.33999633789062,73.56999969482422,73.62999725341797,56.08438491821289,7164900,1.07,0.0
2019-10-14,73.6500015258789,74.16999816894531,73.38999938964844,73.76000213623047,56.18339538574219,5040900,0.0,0.0
2019-10-15,74.19999694824219,74.9800033569336,73.80000305175781,74.5,56.7470588684082,6028300,0.0,0.0
2019-10-16,74.37999725341797,74.9800033569336,74.33999633789062,74.75,56.9374885559082,8288300,0.0,0.0
2019-10-17,74.98999786376953,76.18000030517578,74.6500015258789,75.13999938964844,57.23455047607422,6811300,0.0,0.0
2019-10-18,75.23999786376953,77.16999816894531,75.20999908447266,76.45999908447266,58.239990234375,9480200,0.0,0.0
2019-10-21,76.87999725341797,77.8499984741211,75.8499984741211,77.30000305175781,58.87983322143555,7839100,0.0,0.0
2019-10-22,78.05000305175781,78.66000366210938,77.75,77.87000274658203,59.31401824951172,6062000,0.0,0.0
2019-10-23,77.79000091552734,78.0199966430664,77.19000244140625,77.75,59.22261047363281,6136700,0.0,0.0
2019-10-24,77.83999633789062,77.88999938964844,76.25,76.80000305175781,58.49898910522461,5699300,0.0,0.0
2019-10-25,76.38999938964844,76.79000091552734,76.22000122070312,76.52999877929688,58.29331970214844,5497000,0.0,0.0
2019-10-28,76.66999816894531,78.37999725341797,76.48999786376953,78.33000183105469,59.66440200805664,7146400,0.0,0.0
2019-10-29,78.11000061035156,78.73999786376953,77.58999633789062,78.47000122070312,59.771053314208984,6391500,0.0,0.0
2019-10-30,78.51000213623047,79.79000091552734,78.01000213623047,79.66000366210938,60.67745590209961,7222500,0.0,0.0
2019-10-31,79.70999908447266,79.73999786376953,78.73999786376953,79.55000305175781,60.59368896484375,10009400,0.0,0.0
2019-11-01,80.02999877929688,82.18000030517578,79.12999725341797,81.75,62.26944351196289,13356300,0.0,0.0
2019-11-04,82.94999694824219,83.31999969482422,82.13999938964844,82.98999786376953,63.213951110839844,9127900,0.0,0.0
2019-11-05,83.16999816894531,83.4000015258789,81.47000122070312,81.83999633789062,62.33797073364258,7475600,0.0,0.0
2019-11-06,81.7699966430664,82.25,80.3499984741211,82.08000183105469,62.52079391479492,9303600,0.0,0.0
2019-11-07,82.20999908447266,82.58999633789062,81.08000183105469,82.01000213623047,62.46748733520508,6561500,0.0,0.0
2019-11-08,82.0999984741211,85.45999908447266,82.08999633789062,85.20999908447266,64.9049301147461,11364100,0.0,0.0
2019-11-11,84.94999694824219,85.68000030517578,83.9000015258789,85.66000366210938,65.24771118164062,8726300,0.0,0.0
2019-11-12,85.5999984741211,88.27999877929688,85.55000305175781,86.44000244140625,65.84184265136719,12165900,0.0,0.0
2019-11-13,85.73999786376953,87.2699966430664,85.33000183105469,86.66000366210938,66.0093994140625,5798800,0.0,0.0
2019-11-14,86.4800033569336,87.75,85.93000030517578,87.62999725341797,66.7482681274414,5425600,0.0,0.0
2019-11-15,88.0999984741211,89.19000244140625,87.26000213623047,88.62999725341797,67.50997161865234,8036700,0.0,0.0
2019-11-18,88.33999633789062,89.41000366210938,88.31999969482422,88.7300033569336,67.58612060546875,5772300,0.0,0.0
2019-11-19,89.26000213623047,90.41000366210938,88.91000366210938,89.0199966430664,67.80703735351562,7504800,0.0,0.0
2019-11-20,88.72000122070312,88.72000122070312,86.54000091552734,87.19999694824219,66.42071533203125,10933000,0.0,0.0
2019-11-21,86.79000091552734,86.87000274658203,85.55000305175781,86.5199966430664,65.90277099609375,9614100,0.0,0.0
2019-11-22,86.63999938964844,86.79000091552734,85.30999755859375,86.05000305175781,65.5447769165039,7784700,0.0,0.0
2019-11-25,86.8499984741211,87.87999725341797,86.05999755859375,87.76000213623047,66.84728240966797,9522100,0.0,0.0
2019-11-26,88.1500015258789,88.19000244140625,86.93000030517578,87.72000122070312,66.81681823730469,6431400,0.0,0.0
2019-11-27,87.86000061035156,88.80999755859375,87.61000061035156,88.33000183105469,67.28143310546875,4711800,0.0,0.0
2019-11-29,88.0,88.08999633789062,87.22000122070312,87.7300033569336,66.82443237304688,3042800,0.0,0.0
2019-12-02,87.83999633789062,88.02999877929688,87.0,87.02999877929688,66.29121398925781,6526400,0.0,0.0
2019-12-03,85.95999908447266,86.4800033569336,85.58999633789062,85.94999694824219,65.46858978271484,10054500,0.0,0.0
2019-12-04,86.18000030517578,87.55000305175781,86.12000274658203,87.19999694824219,66.42071533203125,6174600,0.0,0.0
2019-12-05,87.25,87.25,86.26000213623047,86.72000122070312,66.05511474609375,6072100,0.0,0.0
2019-12-06,87.20999908447266,87.70999908447266,86.77999877929688,86.9800033569336,66.25315856933594,6044600,0.0,0.0
2019-12-09,87.22000122070312,87.72000122070312,86.37999725341797,86.44000244140625,65.84184265136719,5582700,0.0,0.0
2019-12-10,86.91999816894531,86.94999694824219,86.20999908447266,86.55999755859375,65.93323516845703,7816000,0.0,0.0
2019-12-11,86.69999694824219,87.26000213623047,86.2300033569336,86.69999694824219,66.03987121582031,7326400,0.0,0.0
2019-12-12,86.76000213623047,88.94000244140625,86.75,88.7300033569336,67.58612060546875,6260500,0.0,0.0
2019-12-13,88.77999877929688,89.08999633789062,87.33000183105469,87.83999633789062,66.90819549560547,5975200,0.0,0.0
2019-12-16,88.37999725341797,90.12000274658203,88.26000213623047,89.43000030517578,68.11933898925781,6723300,0.0,0.0
2019-12-17,90.0,90.16999816894531,89.06999969482422,90.08000183105469,68.61444091796875,8750000,0.0,0.0
2019-12-18,90.05000305175781,90.18000030517578,89.0199966430664,89.33000183105469,68.04314422607422,6490100,0.0,0.0
2019-12-19,89.68000030517578,89.68000030517578,88.55999755859375,88.7699966430664,67.6166000366211,5447000,0.0,0.0
2019-12-20,90.4000015258789,91.98999786376953,89.1500015258789,89.29000091552734,68.01268768310547,19134800,0.0,0.0
2019-12-23,89.52999877929688,90.47000122070312,89.33000183105469,90.25,68.7439193725586,5907200,0.0,0.0
2019-12-24,90.4000015258789,90.4000015258789,89.43000030517578,89.8499984741211,68.4392318725586,1798800,0.0,0.0
2019-12-26,90.19999694824219,90.72000122070312,89.44999694824219,89.83000183105469,68.42400360107422,4066700,0.0,0.0
2019-12-27,89.9800033569336,90.27999877929688,88.83000183105469,89.19999694824219,67.94412994384766,4087800,0.0,0.0
2019-12-30,89.22000122070312,89.7300033569336,88.16000366210938,88.5199966430664,67.4261703491211,7014800,0.0,0.0
2019-12-31,88.20999908447266,88.5999984741211,87.87999725341797,88.54000091552734,67.44142150878906,4702100,0.0,0.0
2020-01-02,89.08000183105469,89.56999969482422,88.51000213623047,89.55000305175781,68.21073150634766,5639200,0.0,0.0
2020-01-03,88.16999816894531,89.38999938964844,87.9000015258789,88.69999694824219,67.56327819824219,5988500,0.0,0.0
2020-01-06,88.22000122070312,89.62000274658203,87.9800033569336,89.4000015258789,68.09646606445312,6786600,0.0,0.0
2020-01-07,88.93000030517578,89.54000091552734,88.26000213623047,88.88999938964844,67.70802307128906,7242500,0.0,0.0
2020-01-08,89.1500015258789,90.05999755859375,88.87000274658203,89.5199966430664,68.18788146972656,7696800,0.0,0.0
2020-01-09,90.01000213623047,90.2300033569336,89.05000305175781,90.20999908447266,68.71346282958984,7518000,0.0,0.0
2020-01-10,90.2300033569336,90.29000091552734,88.83000183105469,89.05999755859375,67.83749389648438,8581400,0.0,0.0
2020-01-13,89.5,89.5,87.91999816894531,88.5199966430664,67.4261703491211,9292200,0.0,0.0
2020-01-14,87.0999984741211,88.44000244140625,86.7699966430664,88.19999694824219,68.09008026123047,8876900,1.18,0.0
2020-01-15,88.18000030517578,89.87999725341797,88.18000030517578,89.26000213623047,68.90839385986328,8490100,0.0,0.0
2020-01-16,89.30999755859375,89.80000305175781,88.91999816894531,89.26000213623047,68.90839385986328,7073200,0.0,0.0
2020-01-17,89.12999725341797,89.2699966430664,87.79000091552734,88.0,67.93571472167969,10122300,0.0,0.0
2020-01-21,87.68000030517578,88.52999877929688,87.56999969482422,87.98999786376953,67.92796325683594,13552000,0.0,0.0
2020-01-22,88.02999877929688,88.16999816894531,87.1500015258789,87.20999908447266,67.32581329345703,6438900,0.0,0.0
2020-01-23,87.05000305175781,87.06999969482422,84.98999786376953,85.2699966430664,65.8281478881836,12266800,0.0,0.0
2020-01-24,85.43000030517578,85.4800033569336,82.76000213623047,83.54000091552734,64.49258422851562,13215400,0.0,0.0
2020-01-27,85.05000305175781,85.93000030517578,84.0,84.0199966430664,64.86314392089844,13832000,0.0,0.0
2020-01-28,84.98999786376953,84.98999786376953,83.63999938964844,83.7699966430664,64.6701431274414,8614400,0.0,0.0
2020-01-29,83.80000305175781,84.0,83.12999725341797,83.19999694824219,64.23009490966797,5703200,0.0,0.0
2020-01-30,82.58000183105469,82.79000091552734,81.18000030517578,81.77999877929688,63.133872985839844,10870000,0.0,0.0
2020-01-31,81.54000091552734,81.72000122070312,80.41000366210938,81.0199966430664,62.547149658203125,13870100,0.0,0.0
2020-02-03,81.30999755859375,82.5999984741211,80.91999816894531,82.30000305175781,63.53533172607422,10143700,0.0,0.0
2020-02-04,83.58999633789062,84.70999908447266,83.58999633789062,84.36000061035156,65.12561798095703,8251500,0.0,0.0
2020-02-05,85.05999755859375,87.13999938964844,84.87999725341797,86.62999725341797,66.87805938720703,10020600,0.0,0.0
2020-02-06,87.88999938964844,87.95999908447266,86.22000122070312,87.18000030517578,67.30265045166016,7769700,0.0,0.0
2020-02-07,89.73999786376953,92.9800033569336,88.87999725341797,92.29000091552734,71.24758911132812,19090300,0.0,0.0
2020-02-10,92.36000061035156,95.5,92.11000061035156,94.75,73.14665985107422,13998300,0.0,0.0
2020-02-11,95.26000213623047,97.08000183105469,95.01000213623047,96.0,74.11167907714844,10682800,0.0,0.0
2020-02-12,95.9800033569336,97.86000061035156,95.70999908447266,97.79000091552734,75.49352264404297,10591000,0.0,0.0
2020-02-13,96.8499984741211,97.36000061035156,95.2300033569336,95.3499984741211,73.60987854003906,10613000,0.0,0.0
2020-02-14,95.2300033569336,95.30000305175781,93.7699966430664,94.05000305175781,72.60627746582031,11175800,0.0,0.0
2020-02-18,93.66999816894531,94.5,93.26000213623047,93.61000061035156,72.2666015625,9406300,0.0,0.0
2020-02-19,93.7699966430664,94.79000091552734,93.0199966430664,94.13999938964844,72.67576599121094,6349100,0.0,0.0
2020-02-20,93.93000030517578,94.38999938964844,92.58999633789062,94.2300033569336,72.74520874023438,5446200,0.0,0.0
2020-02-21,93.95999908447266,95.5199966430664,93.37999725341797,94.95999908447266,73.30879974365234,6676000,0.0,0.0
2020-02-24,92.16999816894531,93.87000274658203,92.1500015258789,93.13999938964844,71.90377044677734,10705100,0.0,0.0
2020-02-25,93.31999969482422,93.45999908447266,88.11000061035156,89.18000030517578,68.84663391113281,11366400,0.0,0.0
2020-02-26,88.62000274658203,91.18000030517578,88.19000244140625,88.41000366210938,68.25220489501953,9786900,0.0,0.0
2020-02-27,86.19000244140625,89.44999694824219,84.19999694824219,85.41999816894531,65.94393920898438,14184100,0.0,0.0
2020-02-28,82.79000091552734,85.70999908447266,81.58000183105469,85.70999908447266,66.1678237915039,18450000,0.0,0.0
2020-03-02,86.0,88.77999877929688,83.55000305175781,88.69000244140625,68.46836853027344,12171100,0.0,0.0
2020-03-03,89.44000244140625,90.9000015258789,85.66000366210938,87.56999969482422,67.60372161865234,12660900,0.0,0.0
2020-03-04,89.2699966430664,91.86000061035156,88.94999694824219,91.75,70.8306655883789,16590400,0.0,0.0
2020-03-05,90.05999755859375,91.70999908447266,89.43000030517578,90.61000061035156,69.95059967041016,9688400,0.0,0.0
2020-03-06,88.7300033569336,89.76000213623047,87.26000213623047,88.81999969482422,68.5687255859375,12664600,0.0,0.0
2020-03-09,84.0,87.33999633789062,82.43000030517578,85.2699966430664,65.8281478881836,15806200,0.0,0.0
2020-03-10,88.19000244140625,88.22000122070312,83.76000213623047,87.52999877929688,67.57286834716797,12965800,0.0,0.0
2020-03-11,85.80000305175781,86.63999938964844,83.56999969482422,84.8499984741211,65.50389099121094,10382200,0.0,0.0
2020-03-12,78.8499984741211,81.29000091552734,77.05999755859375,78.61000061035156,60.68663787841797,19935700,0.0,0.0
2020-03-13,83.36000061035156,86.31999969482422,80.69000244140625,85.37000274658203,65.90534973144531,21867700,0.0,0.0
2020-03-16,79.0,82.18000030517578,73.58000183105469,74.2699966430664,57.336177825927734,20916000,0.0,0.0
2020-03-17,75.70999908447266,77.70999908447266,69.98999786376953,73.0199966430664,56.37118911743164,23205000,0.0,0.0
2020-03-18,70.0,71.38999938964844,64.69000244140625,71.02999877929688,54.83491134643555,23712800,0.0,0.0
2020-03-19,69.0999984741211,74.8499984741211,65.33000183105469,71.05999755859375,54.858070373535156,19739900,0.0,0.0
2020-03-20,73.0,73.0,66.80999755859375,68.81999969482422,53.128807067871094,18844500,0.0,0.0
2020-03-23,67.37999725341797,67.75,62.54999923706055,64.5,49.793785095214844,19219000,0.0,0.0
2020-03-24,68.16000366210938,71.81999969482422,67.08999633789062,67.48999786376953,52.102046966552734,18376300,0.0,0.0
2020-03-25,67.91999816894531,70.68000030517578,65.55000305175781,67.91000366210938,52.4262809753418,20017300,0.0,0.0
2020-03-26,68.81999969482422,74.30999755859375,68.76000213623047,73.83000183105469,56.99649429321289,15979400,0.0,0.0
2020-03-27,71.62999725341797,75.05999755859375,70.70999908447266,72.66999816894531,56.100990295410156,12293300,0.0,0.0
2020-03-30,73.5199966430664,76.23999786376953,73.47000122070312,75.23999786376953,58.08502197265625,10671600,0.0,0.0
2020-03-31,75.4000015258789,77.91999816894531,74.44000244140625,76.19000244140625,58.81842803955078,20474400,0.0,0.0
2020-04-01,72.12000274658203,73.98999786376953,71.43000030517578,73.41999816894531,56.67997741699219,12948000,0.0,0.0
2020-04-02,72.77999877929688,75.5,71.45999908447266,75.12999725341797,58.00010299682617,8077800,0.0,0.0
2020-04-03,74.6500015258789,75.44000244140625,72.55000305175781,73.37000274658203,56.641395568847656,8062700,0.0,0.0
2020-04-06,75.73999786376953,77.26000213623047,74.02999877929688,75.7300033569336,58.46329879760742,10266500,0.0,0.0
2020-04-07,78.37999725341797,78.58000183105469,75.25,75.38999938964844,58.200809478759766,11591700,0.0,0.0
2020-04-08,76.44000244140625,78.9800033569336,74.77999877929688,78.55999755859375,60.64805221557617,12218500,0.0,0.0
2020-04-09,78.55999755859375,80.08000183105469,78.55999755859375,79.75,61.56671142578125,9425900,0.0,0.0
2020-04-13,80.66000366210938,81.33000183105469,78.66000366210938,80.30000305175781,61.991329193115234,9293500,0.0,0.0
2020-04-14,80.62000274658203,82.8499984741211,80.29000091552734,82.12999725341797,64.3497085571289,11072700,1.18,0.0
2020-04-15,80.51000213623047,83.04000091552734,79.62000274658203,81.81999969482422,64.1068115234375,8977300,0.0,0.0
2020-04-16,82.7300033569336,83.72000122070312,81.58000183105469,81.86000061035156,64.13813781738281,10326900,0.0,0.0
2020-04-17,84.0,84.79000091552734,82.5,83.44999694824219,65.38390350341797,10734800,0.0,0.0
2020-04-20,83.54000091552734,85.33000183105469,82.62999725341797,83.98999786376953,65.80699920654297,9126300,0.0,0.0
2020-04-21,82.51000213623047,82.97000122070312,80.0199966430664,80.36000061035156,62.96287155151367,9627500,0.0,0.0
2020-04-22,81.2300033569336,82.44999694824219,80.7300033569336,81.47000122070312,63.83256912231445,7033300,0.0,0.0
2020-04-23,82.18000030517578,83.83000183105469,81.95999908447266,82.04000091552734,64.2791519165039,7869600,0.0,0.0
2020-04-24,82.87000274658203,83.66999816894531,82.3499984741211,83.58999633789062,65.49360656738281,6770700,0.0,0.0
2020-04-27,84.02999877929688,84.91999816894531,83.77999877929688,84.69000244140625,66.35546875,9209700,0.0,0.0
2020-04-28,85.69999694824219,85.97000122070312,82.37000274658203,82.76000213623047,64.84331512451172,8341000,0.0,0.0
2020-04-29,83.72000122070312,84.75,82.13999938964844,83.76000213623047,65.62680053710938,8231700,0.0,0.0
2020-04-30,82.97000122070312,83.26000213623047,81.2300033569336,82.19999694824219,64.40452575683594,15535800,0.0,0.0
2020-05-01,81.94999694824219,84.2300033569336,80.5,82.83999633789062,64.9059829711914,12705300,0.0,0.0
2020-05-04,82.22000122070312,82.83999633789062,81.12000274658203,81.86000061035156,64.13813781738281,6833000,0.0,0.0
2020-05-05,82.94999694824219,86.4800033569336,82.5999984741211,85.37000274658203,66.88825225830078,10927000,0.0,0.0
2020-05-06,86.27999877929688,88.1500015258789,85.25,85.41999816894531,66.92743682861328,17042600,0.0,0.0
2020-05-07,86.5199966430664,86.83999633789062,83.55999755859375,84.22000122070312,65.98722839355469,11941800,0.0,0.0
2020-05-08,84.41999816894531,84.66000366210938,82.44999694824219,83.95999908447266,65.78350067138672,20188100,0.0,0.0
2020-05-11,85.08000183105469,88.45999908447266,83.9800033569336,87.9000015258789,68.87052917480469,19219800,0.0,0.0
2020-05-12,90.0,92.2300033569336,88.47000122070312,90.45999908447266,70.87633514404297,23492300,0.0,0.0
2020-05-13,90.73999786376953,92.23999786376953,87.7300033569336,88.87000274658203,69.63054656982422,23562600,0.0,0.0
2020-05-14,87.62000274658203,90.4800033569336,87.43000030517578,89.94000244140625,70.46890258789062,13379500,0.0,0.0
2020-05-15,90.01000213623047,91.1500015258789,89.41999816894531,90.70999908447266,71.07218933105469,14071200,0.0,0.0
2020-05-18,92.0,93.66000366210938,91.30999755859375,91.47000122070312,71.66767120361328,16300200,0.0,0.0
2020-05-19,91.26000213623047,91.6500015258789,89.55999755859375,91.19999694824219,71.45611572265625,9892500,0.0,0.0
2020-05-20,92.12999725341797,92.54000091552734,89.9000015258789,91.19000244140625,71.44827270507812,10661500,0.0,0.0
2020-05-21,91.27999877929688,93.12999725341797,90.3499984741211,93.0199966430664,72.8821029663086,10393200,0.0,0.0
2020-05-22,92.87000274658203,93.01000213623047,91.7300033569336,92.0999984741211,72.16126251220703,5507000,0.0,0.0
2020-05-26,93.44999694824219,93.56999969482422,90.30999755859375,90.70999908447266,71.07218933105469,11869800,0.0,0.0
2020-05-27,90.54000091552734,91.0,88.55999755859375,89.9800033569336,70.500244140625,12529500,0.0,0.0
2020-05-28,90.87000274658203,91.19000244140625,90.0,90.02999877929688,70.5394058227539,8765900,0.0,0.0
2020-05-29,91.0,92.88999938964844,89.5999984741211,92.66999816894531,72.60787200927734,13758800,0.0,0.0
2020-06-01,92.05000305175781,93.05999755859375,90.69000244140625,90.69999694824219,71.06437683105469,8486500,0.0,0.0
2020-06-02,90.97000122070312,91.69999694824219,90.05000305175781,91.04000091552734,71.33075714111328,9413300,0.0,0.0
2020-06-03,91.47000122070312,91.5,89.5999984741211,90.88999938964844,71.2132339477539,8588400,0.0,0.0
2020-06-04,90.27999877929688,93.4800033569336,90.25,93.04000091552734,72.89777374267578,9525700,0.0,0.0
2020-06-05,93.5,95.54000091552734,92.80999755859375,93.8499984741211,73.53242492675781,9630100,0.0,0.0
2020-06-08,92.91000366210938,95.01000213623047,92.80999755859375,94.58999633789062,74.11222076416016,6621400,0.0,0.0
2020-06-09,94.94999694824219,96.66000366210938,94.76000213623047,96.16999816894531,75.35017395019531,9555900,0.0,0.0
2020-06-10,96.98999786376953,99.3499984741211,96.80000305175781,96.9000015258789,75.92213439941406,11138300,0.0,0.0
2020-06-11,95.69000244140625,96.88999938964844,92.02999877929688,92.26000213623047,72.28665161132812,12584800,0.0,0.0
2020-06-12,93.73999786376953,94.73999786376953,91.02999877929688,92.45999908447266,72.4433364868164,8010100,0.0,0.0
2020-06-15,91.2699966430664,94.02999877929688,90.77999877929688,93.08000183105469,72.92913055419922,7120200,0.0,0.0
2020-06-16,94.86000061035156,96.19999694824219,93.4800033569336,96.05999755859375,75.26396942138672,9366100,0.0,0.0
2020-06-17,96.8499984741211,97.0999984741211,95.2699966430664,95.73999786376953,75.01325225830078,6212200,0.0,0.0
2020-06-18,95.55999755859375,96.44999694824219,95.26000213623047,96.2300033569336,75.39717864990234,4571600,0.0,0.0
2020-06-19,97.72000122070312,98.19999694824219,95.75,96.70999908447266,75.77326202392578,9210900,0.0,0.0
2020-06-22,96.63999938964844,97.30000305175781,95.81999969482422,97.2699966430664,76.2120361328125,6004300,0.0,0.0
2020-06-23,98.41999816894531,99.0999984741211,97.05000305175781,97.30999755859375,76.24337005615234,6715600,0.0,0.0
2020-06-24,96.45999908447266,97.16000366210938,94.3499984741211,95.13999938964844,74.54316711425781,9025100,0.0,0.0
2020-06-25,95.18000030517578,97.06999969482422,94.31999969482422,96.98999786376953,75.99264526367188,6411700,0.0,0.0
2020-06-26,96.88999938964844,97.02999877929688,95.04000091552734,96.12999725341797,75.31883239746094,14568400,0.0,0.0
2020-06-29,96.5,97.33000183105469,95.68000030517578,96.44000244140625,75.56172180175781,6676400,0.0,0.0
2020-06-30,95.97000122070312,98.87999725341797,95.83000183105469,98.18000030517578,76.92503356933594,8112500,0.0,0.0
2020-07-01,98.5,99.66000366210938,97.5,99.13999938964844,77.67720031738281,6522900,0.0,0.0
2020-07-02,99.44999694824219,99.98999786376953,97.86000061035156,98.87999725341797,77.47348022460938,6158800,0.0,0.0
2020-07-06,99.63999938964844,99.80000305175781,97.94999694824219,99.01000213623047,77.57532501220703,7039000,0.0,0.0
2020-07-07,98.68000030517578,100.69000244140625,98.55999755859375,99.3499984741211,77.84173583984375,6345600,0.0,0.0
2020-07-08,99.75,100.56999969482422,98.55000305175781,99.27999877929688,77.7868881225586,6154400,0.0,0.0
2020-07-09,99.08000183105469,99.77999877929688,96.80999755859375,97.94000244140625,76.73699951171875,5817300,0.0,0.0
2020-07-10,98.05999755859375,98.33000183105469,96.36000061035156,96.83000183105469,75.86727905273438,6202500,0.0,0.0
2020-07-13,97.36000061035156,99.55999755859375,96.91999816894531,97.86000061035156,76.67430877685547,8507400,0.0,0.0
2020-07-14,96.97000122070312,99.0999984741211,95.94000244140625,98.87000274658203,78.41111755371094,6765600,1.18,0.0
2020-07-15,100.0,100.4800033569336,98.81999969482422,100.4800033569336,79.68797302246094,5661600,0.0,0.0
2020-07-16,99.69000244140625,100.2300033569336,98.80999755859375,99.91999816894531,79.24386596679688,4269200,0.0,0.0
2020-07-17,100.29000091552734,101.27999877929688,99.91999816894531,100.83000183105469,79.9655532836914,6890900,0.0,0.0
2020-07-20,100.76000213623047,101.25,99.26000213623047,99.54000091552734,78.94249725341797,4823300,0.0,0.0
2020-07-21,99.80999755859375,99.80999755859375,97.16999816894531,97.4000015258789,77.24531555175781,8239000,0.0,0.0
2020-07-22,97.80000305175781,98.27999877929688,96.93000030517578,97.69999694824219,77.48323059082031,4441800,0.0,0.0
2020-07-23,98.23999786376953,98.91999816894531,97.44999694824219,98.02999877929688,77.74493408203125,5127200,0.0,0.0
2020-07-24,98.05000305175781,98.19000244140625,96.45999908447266,97.11000061035156,77.01531982421875,5169400,0.0,0.0
2020-07-27,96.3499984741211,97.88999938964844,96.26000213623047,97.16000366210938,77.05497741699219,5030700,0.0,0.0
2020-07-28,97.0,97.62000274658203,96.45999908447266,96.70999908447266,76.69808197021484,5941800,0.0,0.0
2020-07-29,96.87000274658203,97.4000015258789,96.63999938964844,97.01000213623047,76.93601989746094,5512000,0.0,0.0
2020-07-30,96.30999755859375,96.73999786376953,95.41000366210938,96.04000091552734,76.1667251586914,6411500,0.0,0.0
2020-07-31,95.54000091552734,97.25,93.55000305175781,94.91000366210938,75.27054595947266,14613000,0.0,0.0
2020-08-03,95.19000244140625,97.16999816894531,95.05999755859375,95.94000244140625,76.08743286132812,6919000,0.0,0.0
2020-08-04,95.91999816894531,96.02999877929688,94.05999755859375,94.29000091552734,74.77886199951172,7865100,0.0,0.0
2020-08-05,94.47000122070312,94.80000305175781,93.12999725341797,93.25,73.95406341552734,6918900,0.0,0.0
2020-08-06,93.31999969482422,93.6500015258789,91.77999877929688,92.56999969482422,73.41476440429688,7269300,0.0,0.0
2020-08-07,92.69000244140625,93.0,92.19999694824219,92.91999816894531,73.69234466552734,5226600,0.0,0.0
2020-08-10,92.62999725341797,93.66999816894531,92.1500015258789,92.37999725341797,73.26407623291016,7623600,0.0,0.0
2020-08-11,92.30999755859375,93.29000091552734,92.12999725341797,92.66999816894531,73.49405670166016,7208400,0.0,0.0
2020-08-12,93.44999694824219,95.58000183105469,93.33000183105469,95.51000213623047,75.74639129638672,7705600,0.0,0.0
2020-08-13,95.13999938964844,95.5,94.01000213623047,94.68000030517578,75.08814239501953,6004200,0.0,0.0
2020-08-14,95.37999725341797,95.66999816894531,94.54000091552734,95.06999969482422,75.39744567871094,5488100,0.0,0.0
2020-08-17,95.29000091552734,97.26000213623047,95.26000213623047,96.3499984741211,76.41256713867188,7251400,0.0,0.0
2020-08-18,96.62000274658203,96.69999694824219,95.1500015258789,95.6500015258789,75.8574447631836,4557400,0.0,0.0
2020-08-19,97.11000061035156,97.41999816894531,95.8499984741211,96.0999984741211,76.21432495117188,7672000,0.0,0.0
2020-08-20,95.48999786376953,96.02999877929688,94.68000030517578,95.19999694824219,75.50051879882812,6798000,0.0,0.0
2020-08-21,95.19999694824219,95.31999969482422,94.31999969482422,94.86000061035156,75.23092651367188,5269000,0.0,0.0
2020-08-24,94.9000015258789,95.23999786376953,94.18000030517578,94.51000213623047,74.95333862304688,4103600,0.0,0.0
2020-08-25,94.20999908447266,94.79000091552734,93.91000366210938,94.05999755859375,74.596435546875,6710000,0.0,0.0
2020-08-26,93.5,94.41000366210938,92.94000244140625,94.3499984741211,74.82643127441406,5682800,0.0,0.0
2020-08-27,94.33000183105469,95.05999755859375,93.66999816894531,94.30000305175781,74.78679656982422,5271500,0.0,0.0
2020-08-28,94.5199966430664,94.6500015258789,93.52999877929688,94.16999816894531,74.68367767333984,4938300,0.0,0.0
2020-08-31,94.12000274658203,96.01000213623047,94.01000213623047,95.7699966430664,75.95258331298828,9932300,0.0,0.0
2020-09-01,95.5199966430664,95.91999816894531,91.29000091552734,92.23999786376953,73.1530532836914,15783600,0.0,0.0
2020-09-02,92.06999969482422,94.23999786376953,91.9000015258789,93.94999694824219,74.50920867919922,9139200,0.0,0.0
2020-09-03,93.87999725341797,94.30999755859375,91.08999633789062,91.87000274658203,72.859619140625,8921900,0.0,0.0
2020-09-04,92.08000183105469,93.12999725341797,90.58000183105469,91.87000274658203,72.859619140625,9444800,0.0,0.0
2020-09-08,91.5199966430664,91.86000061035156,89.44999694824219,90.22000122070312,71.5510482788086,8563900,0.0,0.0
2020-09-09,90.86000061035156,92.43000030517578,90.51000213623047,91.62999725341797,72.66927337646484,5373500,0.0,0.0
2020-09-10,91.06999969482422,91.41000366210938,89.4800033569336,89.6500015258789,71.09899139404297,10403600,0.0,0.0
2020-09-11,89.80999755859375,90.33999633789062,89.04000091552734,89.69999694824219,71.13864135742188,8385800,0.0,0.0
2020-09-14,90.05000305175781,91.26000213623047,89.45999908447266,90.48999786376953,71.76517486572266,5212300,0.0,0.0
2020-09-15,91.4000015258789,91.9800033569336,90.63999938964844,90.91000366210938,72.0982666015625,3851300,0.0,0.0
2020-09-16,91.0199966430664,91.2699966430664,89.69000244140625,89.77999877929688,71.20209503173828,6304400,0.0,0.0
2020-09-17,89.30000305175781,90.80999755859375,89.18000030517578,89.62999725341797,71.0831298828125,5604700,0.0,0.0
2020-09-18,89.48999786376953,90.5,88.86000061035156,90.11000061035156,71.46382141113281,10076300,0.0,0.0
2020-09-21,89.13999938964844,89.43000030517578,87.16999816894531,89.08999633789062,70.65487670898438,7328300,0.0,0.0
2020-09-22,88.9000015258789,88.94999694824219,87.93000030517578,88.5999984741211,70.26626586914062,5306100,0.0,0.0
2020-09-23,89.0,89.2699966430664,87.12000274658203,87.13999938964844,69.1083984375,6253000,0.0,0.0
2020-09-24,87.0,87.0,85.31999969482422,85.91000366210938,68.13289642333984,9980800,0.0,0.0
2020-09-25,86.0,86.86000061035156,85.45999908447266,86.2300033569336,68.38667297363281,9935600,0.0,0.0
2020-09-28,87.29000091552734,88.19999694824219,86.87000274658203,87.27999877929688,69.21941375732422,6306900,0.0,0.0
2020-09-29,87.11000061035156,87.27999877929688,86.30999755859375,86.88999938964844,68.91012573242188,5508900,0.0,0.0
2020-09-30,87.0,88.44000244140625,86.80999755859375,87.58999633789062,69.46526336669922,8209300,0.0,0.0
2020-10-01,88.16999816894531,88.16999816894531,86.7300033569336,87.13999938964844,69.1083984375,8777300,0.0,0.0
2020-10-02,86.5,87.3499984741211,86.05000305175781,86.12000274658203,68.29946899414062,5554300,0.0,0.0
2020-10-05,86.48999786376953,88.18000030517578,86.20999908447266,87.93000030517578,69.73492431640625,5984200,0.0,0.0
2020-10-06,87.97000122070312,88.05999755859375,85.70999908447266,85.88999938964844,68.11705017089844,8743800,0.0,0.0
2020-10-07,86.16000366210938,87.30000305175781,86.02999877929688,87.06999969482422,69.05286407470703,5899700,0.0,0.0
2020-10-08,87.2699966430664,88.58000183105469,86.91999816894531,87.33999633789062,69.26697540283203,5535100,0.0,0.0
2020-10-09,87.41000366210938,88.69999694824219,87.3499984741211,87.69999694824219,69.55249786376953,6005800,0.0,0.0
2020-10-12,88.16999816894531,88.5999984741211,87.31999969482422,88.31999969482422,70.04421997070312,7314900,0.0,0.0
2020-10-13,88.01000213623047,88.80000305175781,87.47000122070312,87.83000183105469,69.6556167602539,7851700,0.0,0.0
2020-10-14,86.83000183105469,87.11000061035156,85.9000015258789,86.06999969482422,69.1893539428711,5863900,1.18,0.0
2020-10-15,85.41000366210938,85.73999786376953,84.95999908447266,85.2300033569336,68.51410675048828,6190900,0.0,0.0
2020-10-16,85.88999938964844,87.1500015258789,85.76000213623047,86.2699966430664,69.35012817382812,5358500,0.0,0.0
2020-10-19,86.58999633789062,86.79000091552734,84.12999725341797,84.30999755859375,67.7745361328125,10288000,0.0,0.0
2020-10-20,84.19000244140625,84.83000183105469,83.41999816894531,84.25,67.72631072998047,6932100,0.0,0.0
2020-10-21,83.58000183105469,84.13999938964844,82.55999755859375,82.88999938964844,66.63304901123047,9776900,0.0,0.0
2020-10-22,83.0199966430664,84.88999938964844,82.91999816894531,84.30999755859375,67.7745361328125,8080100,0.0,0.0
2020-10-23,84.63999938964844,85.1500015258789,83.94000244140625,84.33999633789062,67.79864501953125,4238700,0.0,0.0
2020-10-26,84.08999633789062,84.31999969482422,82.80999755859375,83.91999816894531,67.46104431152344,7986300,0.0,0.0
2020-10-27,84.0,84.26000213623047,82.68000030517578,82.70999908447266,66.48834991455078,6705600,0.0,0.0
2020-10-28,81.3499984741211,82.20999908447266,80.23999786376953,80.48999786376953,64.70374298095703,11480200,0.0,0.0
2020-10-29,80.5,81.37000274658203,79.11000061035156,80.66999816894531,64.84843444824219,8876700,0.0,0.0
2020-10-30,83.19999694824219,86.13999938964844,83.0,85.0999984741211,68.40960693359375,18089100,0.0,0.0
2020-11-02,86.02999877929688,88.54000091552734,86.0,88.25,70.94180297851562,10781400,0.0,0.0
2020-11-03,89.13999938964844,89.38999938964844,87.43000030517578,87.95999908447266,70.70865631103516,8518800,0.0,0.0
2020-11-04,93.13999938964844,97.48999786376953,92.66999816894531,94.5,75.96600341796875,25849000,0.0,0.0
2020-11-05,95.36000061035156,95.5199966430664,93.0,93.69000244140625,75.31487274169922,8013000,0.0,0.0
2020-11-06,92.9800033569336,93.6500015258789,91.70999908447266,92.8499984741211,74.63961029052734,7006900,0.0,0.0
2020-11-09,95.73999786376953,96.94999694824219,94.66999816894531,95.12000274658203,76.46441650390625,11028900,0.0,0.0
2020-11-10,96.01000213623047,99.12999725341797,95.62999725341797,98.87000274658203,79.47892761230469,12267200,0.0,0.0
2020-11-11,99.1500015258789,99.87000274658203,97.7699966430664,98.1500015258789,78.90013885498047,9476500,0.0,0.0
2020-11-12,97.5,97.75,96.27999877929688,97.5999984741211,78.45801544189453,7646600,0.0,0.0
2020-11-13,97.41000366210938,99.55000305175781,97.4000015258789,99.04000091552734,79.61558532714844,6888600,0.0,0.0
2020-11-16,99.95999908447266,100.54000091552734,98.33000183105469,98.36000061035156,79.0689468383789,8611300,0.0,0.0
2020-11-17,99.37000274658203,100.26000213623047,98.73999786376953,99.20999908447266,79.75223541259766,11593500,0.0,0.0
2020-11-18,100.0,100.29000091552734,98.68000030517578,98.72000122070312,79.35834503173828,8880600,0.0,0.0
2020-11-19,98.76000213623047,100.1500015258789,98.58999633789062,99.66999816894531,80.12202453613281,7550300,0.0,0.0
2020-11-20,99.94999694824219,101.83000183105469,98.62000274658203,100.83999633789062,81.06256103515625,9682500,0.0,0.0
2020-11-23,101.94000244140625,102.76000213623047,101.06999969482422,102.18000030517578,82.13973999023438,7541500,0.0,0.0
2020-11-24,102.87999725341797,104.81999969482422,102.58000183105469,103.95999908447266,83.57063293457031,9322200,0.0,0.0
2020-11-25,103.81999969482422,104.45999908447266,103.38999938964844,104.19999694824219,83.7635726928711,6368100,0.0,0.0
2020-11-27,104.9800033569336,105.80000305175781,104.30000305175781,104.88999938964844,84.3182601928711,4418800,0.0,0.0
2020-11-30,105.12000274658203,105.41999816894531,103.6500015258789,104.58000183105469,84.06903839111328,20726500,0.0,0.0
2020-12-01,105.05000305175781,106.37999725341797,104.04000091552734,104.04000091552734,83.63495635986328,7623500,0.0,0.0
2020-12-02,104.0,105.37999725341797,103.31999969482422,104.98999786376953,84.39863586425781,5492200,0.0,0.0
2020-12-03,105.0,105.69999694824219,104.30000305175781,104.73999786376953,84.1976547241211,4693600,0.0,0.0
2020-12-04,105.0199966430664,107.30999755859375,105.0199966430664,107.27999877929688,86.23950958251953,7235800,0.0,0.0
2020-12-07,107.04000091552734,107.20999908447266,104.95999908447266,105.83999633789062,85.08190155029297,6532500,0.0,0.0
2020-12-08,105.69999694824219,108.3499984741211,105.5999984741211,107.69000244140625,86.569091796875,6688200,0.0,0.0
2020-12-09,107.9000015258789,109.1500015258789,107.62999725341797,108.66999816894531,87.35690307617188,7350700,0.0,0.0
2020-12-10,109.05999755859375,109.06999969482422,106.66999816894531,107.48999786376953,86.40830993652344,6285700,0.0,0.0
2020-12-11,107.01000213623047,107.41999816894531,105.58000183105469,106.33999633789062,85.4838638305664,5205200,0.0,0.0
2020-12-14,107.43000030517578,108.06999969482422,104.08999633789062,104.19999694824219,83.7635726928711,8272700,0.0,0.0
2020-12-15,105.44000244140625,105.44999694824219,102.31999969482422,102.81999969482422,82.65423583984375,12101000,0.0,0.0
2020-12-16,102.5,105.41000366210938,101.9000015258789,104.63999938964844,84.1172866821289,9182100,0.0,0.0
2020-12-17,104.86000061035156,105.5,104.11000061035156,104.88999938964844,84.3182601928711,6360600,0.0,0.0
2020-12-18,105.02999877929688,105.05999755859375,103.19999694824219,104.44999694824219,83.96453094482422,13906800,0.0,0.0
2020-12-21,102.76000213623047,103.91999816894531,101.55000305175781,103.70999908447266,83.36967468261719,6664600,0.0,0.0
2020-12-22,103.41000366210938,103.5,102.01000213623047,102.80000305175781,82.63813781738281,4002900,0.0,0.0
2020-12-23,103.05999755859375,103.93000030517578,102.91000366210938,103.27999877929688,83.02400970458984,3659100,0.0,0.0
2020-12-24,103.11000061035156,103.38999938964844,102.5999984741211,103.26000213623047,83.00794982910156,1378600,0.0,0.0
2020-12-28,103.6500015258789,103.87999725341797,102.72000122070312,103.44999694824219,83.16065979003906,3948900,0.0,0.0
2020-12-29,103.94999694824219,105.37000274658203,103.94999694824219,104.69999694824219,84.16551971435547,5096400,0.0,0.0
2020-12-30,105.11000061035156,106.2300033569336,105.0999984741211,105.2699966430664,84.62373352050781,5328400,0.0,0.0
2020-12-31,105.26000213623047,107.27999877929688,104.8499984741211,107.1500015258789,86.13500213623047,6148100,0.0,0.0
2021-01-04,107.18000030517578,107.3499984741211,103.86000061035156,105.41000366210938,84.73627471923828,9523400,0.0,0.0
2021-01-05,105.41000366210938,107.0199966430664,104.62999725341797,106.5,85.61249542236328,6823800,0.0,0.0
2021-01-06,104.75,107.19000244140625,104.18000030517578,105.58000183105469,84.87291717529297,11017500,0.0,0.0
2021-01-07,106.11000061035156,107.05999755859375,105.56999969482422,106.70999908447266,85.78129577636719,8196000,0.0,0.0
2021-01-08,106.83999633789062,107.52999877929688,105.76000213623047,107.2699966430664,86.23145294189453,5345900,0.0,0.0
2021-01-11,107.06999969482422,109.55999755859375,107.06999969482422,109.0199966430664,87.63823699951172,6334200,0.0,0.0
2021-01-12,109.22000122070312,110.77999877929688,109.12000274658203,109.77999877929688,88.24918365478516,6106900,0.0,0.0
2021-01-13,109.80000305175781,113.41000366210938,109.69999694824219,112.44999694824219,90.39551544189453,9821300,0.0,0.0
2021-01-14,110.69999694824219,112.69000244140625,109.5,111.62999725341797,90.78589630126953,8268800,1.3,0.0
2021-01-15,111.19999694824219,111.55999755859375,109.4800033569336,110.5199966430664,89.88314819335938,9196200,0.0,0.0
2021-01-19,111.25,112.30999755859375,110.26000213623047,112.18000030517578,91.23319244384766,7723800,0.0,0.0
2021-01-20,112.91000366210938,113.0999984741211,111.47000122070312,112.62000274658203,91.59104919433594,6554600,0.0,0.0
2021-01-21,112.62999725341797,112.75,110.76000213623047,111.26000213623047,90.48500061035156,5417000,0.0,0.0
2021-01-22,110.6500015258789,111.5999984741211,109.4800033569336,110.86000061035156,90.15966796875,5185500,0.0,0.0
2021-01-25,109.7300033569336,111.2300033569336,109.20999908447266,110.5,89.86690521240234,6928200,0.0,0.0
2021-01-26,111.30000305175781,111.30000305175781,108.55999755859375,108.80000305175781,88.48434448242188,5554600,0.0,0.0
2021-01-27,106.27999877929688,106.69999694824219,102.58999633789062,102.79000091552734,83.5965576171875,11887900,0.0,0.0
2021-01-28,104.0,105.13999938964844,103.11000061035156,104.20999908447266,84.75138854980469,8534300,0.0,0.0
2021-01-29,104.0,104.48999786376953,101.80999755859375,102.4800033569336,83.34442901611328,9380400,0.0,0.0
2021-02-01,103.0,103.88999938964844,101.86000061035156,102.30000305175781,83.19804382324219,7518200,0.0,0.0
2021-02-02,102.87999725341797,104.30999755859375,102.5,103.47000122070312,84.14956665039062,10481300,0.0,0.0
2021-02-03,106.19999694824219,107.56999969482422,104.01000213623047,106.94999694824219,86.97976684570312,12101900,0.0,0.0
2021-02-04,106.87000274658203,108.87999725341797,105.25,108.52999877929688,88.26475524902344,9077800,0.0,0.0
2021-02-05,109.62999725341797,110.2699966430664,108.44000244140625,108.7300033569336,88.42741394042969,7251000,0.0,0.0
2021-02-08,108.88999938964844,108.9800033569336,105.80999755859375,106.83999633789062,86.89030456542969,9199100,0.0,0.0
2021-02-09,106.0,106.5,105.11000061035156,105.4000015258789,85.71919250488281,5506900,0.0,0.0
2021-02-10,105.9800033569336,106.12999725341797,103.72000122070312,104.05000305175781,84.62128448486328,7446000,0.0,0.0
2021-02-11,104.56999969482422,104.68000030517578,103.31999969482422,103.75,84.37727355957031,5090100,0.0,0.0
2021-02-12,103.76000213623047,104.56999969482422,103.1500015258789,104.44000244140625,84.93843841552734,3738400,0.0,0.0
2021-02-16,105.33000183105469,106.19000244140625,104.0199966430664,104.19999694824219,84.7432632446289,5637300,0.0,0.0
2021-02-17,104.69999694824219,106.75,104.1500015258789,106.29000091552734,86.44300842285156,6940400,0.0,0.0
2021-02-18,105.31999969482422,106.61000061035156,105.20999908447266,106.05999755859375,86.25597381591797,5386600,0.0,0.0
2021-02-19,106.2300033569336,106.69999694824219,104.91000366210938,105.01000213623047,85.40203094482422,6702400,0.0,0.0
2021-02-22,104.66000366210938,107.68000030517578,104.2300033569336,107.05999755859375,87.06922149658203,10272500,0.0,0.0
2021-02-23,106.97000122070312,107.5999984741211,105.95999908447266,106.2699966430664,86.42675018310547,7058600,0.0,0.0
2021-02-24,106.0,109.44000244140625,105.5999984741211,108.69000244140625,88.39488983154297,7626200,0.0,0.0
2021-02-25,108.4800033569336,109.30000305175781,107.06999969482422,107.33000183105469,87.28882598876953,6237600,0.0,0.0
2021-02-26,107.68000030517578,108.58000183105469,105.36000061035156,107.73999786376953,87.62226104736328,9250000,0.0,0.0
2021-03-01,108.52999877929688,109.20999908447266,108.06999969482422,108.41000366210938,88.16715240478516,4709500,0.0,0.0
2021-03-02,108.8499984741211,109.37999725341797,107.80999755859375,107.8499984741211,87.71173095703125,5487000,0.0,0.0
2021-03-03,106.86000061035156,107.13999938964844,105.45999908447266,106.70999908447266,86.78458404541016,7218700,0.0,0.0
2021-03-04,106.5,107.75,104.94999694824219,105.6500015258789,85.92253112792969,7503700,0.0,0.0
2021-03-05,106.01000213623047,106.98999786376953,104.06999969482422,106.69999694824219,86.77645874023438,7277800,0.0,0.0
2021-03-08,106.8499984741211,108.16000366210938,105.80000305175781,106.11000061035156,86.29662322998047,6049400,0.0,0.0
2021-03-09,106.4800033569336,108.69000244140625,106.44000244140625,106.79000091552734,86.84963989257812,6857500,0.0,0.0
2021-03-10,107.38999938964844,108.36000061035156,107.05000305175781,108.0,87.83370208740234,5762600,0.0,0.0
2021-03-11,108.12999725341797,108.62999725341797,107.33999633789062,107.87000274658203,87.72798919677734,4671400,0.0,0.0
2021-03-12,107.80000305175781,108.58000183105469,107.37000274658203,108.22000122070312,88.01263427734375,5341200,0.0,0.0
2021-03-15,108.66999816894531,110.36000061035156,108.36000061035156,110.26000213623047,89.67171478271484,6642200,0.0,0.0
2021-03-16,109.94999694824219,111.08000183105469,109.9000015258789,110.83999633789062,90.14340209960938,5570200,0.0,0.0
2021-03-17,103.76000213623047,105.08999633789062,102.80000305175781,105.04000091552734,85.42642211914062,19445600,0.0,0.0
2021-03-18,104.0,104.98999786376953,103.41999816894531,103.7699966430664,84.3935546875,8675100,0.0,0.0
2021-03-19,103.93000030517578,104.43000030517578,102.91999816894531,103.41999816894531,84.10890197753906,10899100,0.0,0.0
2021-03-22,103.5,106.4000015258789,102.87999725341797,105.9000015258789,86.12583923339844,7627200,0.0,0.0
2021-03-23,105.37000274658203,105.94000244140625,104.51000213623047,104.83999633789062,85.26374053955078,6111600,0.0,0.0
2021-03-24,104.81999969482422,105.33000183105469,103.05000305175781,103.05999755859375,83.81613159179688,9420100,0.0,0.0
2021-03-25,102.9000015258789,104.1500015258789,102.05000305175781,103.87999725341797,84.48302459716797,6281500,0.0,0.0
2021-03-26,103.87000274658203,106.12000274658203,103.83999633789062,105.9800033569336,86.19088745117188,6596900,0.0,0.0
2021-03-29,105.76000213623047,107.0,105.48999786376953,106.7300033569336,86.80085754394531,5472700,0.0,0.0
2021-03-30,106.86000061035156,107.02999877929688,105.87000274658203,106.79000091552734,86.84963989257812,5354100,0.0,0.0
2021-03-31,106.87999725341797,109.18000030517578,106.80000305175781,108.22000122070312,88.01263427734375,9048000,0.0,0.0
2021-04-01,108.91999816894531,108.9800033569336,107.31999969482422,108.5199966430664,88.25659942626953,5091700,0.0,0.0
2021-04-05,109.08000183105469,109.08000183105469,105.4000015258789,106.13999938964844,86.32100677490234,10584400,0.0,0.0
2021-04-06,105.8499984741211,106.27999877929688,104.87999725341797,105.37999725341797,85.70292663574219,8522500,0.0,0.0
2021-04-07,105.52999877929688,106.12999725341797,104.16999816894531,105.20999908447266,85.5646743774414,8037300,0.0,0.0
2021-04-08,105.4000015258789,106.91999816894531,105.3499984741211,106.0999984741211,86.28849792480469,5881800,0.0,0.0
2021-04-09,106.38999938964844,107.72000122070312,106.05000305175781,107.54000091552734,87.4596176147461,5977500,0.0,0.0
2021-04-12,107.81999969482422,108.56999969482422,107.36000061035156,108.25,88.03701782226562,5647500,0.0,0.0
2021-04-13,108.02999877929688,108.36000061035156,107.02999877929688,108.22000122070312,88.01263427734375,6165100,0.0,0.0
2021-04-14,106.22000122070312,106.66999816894531,105.58000183105469,105.9000015258789,87.17298889160156,7766700,1.3,0.0
2021-04-15,105.98999786376953,106.94999694824219,105.62000274658203,106.88999938964844,87.9879379272461,5730500,0.0,0.0
2021-04-16,107.48999786376953,108.55000305175781,107.13999938964844,107.91000366210938,88.82756805419922,8207700,0.0,0.0
2021-04-19,107.97000122070312,108.7300033569336,107.12000274658203,108.61000061035156,89.40376281738281,4542900,0.0,0.0
2021-04-20,108.12000274658203,109.55999755859375,108.05000305175781,109.02999877929688,89.74949645996094,5411800,0.0,0.0
2021-04-21,109.79000091552734,111.44000244140625,109.3499984741211,110.80000305175781,91.20650482177734,6181100,0.0,0.0
2021-04-22,110.6500015258789,111.08999633789062,109.61000061035156,110.05000305175781,90.58914184570312,5046000,0.0,0.0
2021-04-23,109.70999908447266,111.7699966430664,109.55000305175781,111.37999725341797,91.68392944335938,4611000,0.0,0.0
2021-04-26,111.55999755859375,112.04000091552734,110.8499984741211,111.38999938964844,91.69216918945312,5202300,0.0,0.0
2021-04-27,111.25,111.8499984741211,110.58000183105469,111.44000244140625,91.73333740234375,3522900,0.0,0.0
2021-04-28,111.68000030517578,112.56999969482422,111.31999969482422,111.93000030517578,92.13668060302734,5116000,0.0,0.0
2021-04-29,112.37999725341797,112.61000061035156,110.33000183105469,110.88999938964844,91.28058624267578,6766700,0.0,0.0
2021-04-30,111.47000122070312,112.30999755859375,110.11000061035156,111.5,91.78271484375,10575400,0.0,0.0
2021-05-03,112.4000015258789,115.0999984741211,111.58999633789062,114.68000030517578,94.40037536621094,9138200,0.0,0.0
2021-05-04,114.62000274658203,115.94000244140625,113.05000305175781,113.9000015258789,93.75831604003906,8151400,0.0,0.0
2021-05-05,114.30999755859375,116.27999877929688,113.94999694824219,115.77999877929688,95.30584716796875,7021400,0.0,0.0
2021-05-06,115.0,116.18000030517578,114.16000366210938,116.08000183105469,95.55278778076172,5803800,0.0,0.0
2021-05-07,116.37999725341797,116.93000030517578,114.95999908447266,115.75,95.28115844726562,6808200,0.0,0.0
2021-05-10,116.37999725341797,117.19999694824219,115.97000122070312,116.22000122070312,95.66804504394531,7093300,0.0,0.0
2021-05-11,115.4800033569336,116.56999969482422,114.37999725341797,114.88999938964844,94.5732421875,5784600,0.0,0.0
2021-05-12,114.8499984741211,116.0,114.44000244140625,114.95999908447266,94.6308822631836,6208300,0.0,0.0
2021-05-13,115.55000305175781,117.19999694824219,115.01000213623047,116.5999984741211,95.9808578491211,6558200,0.0,0.0
2021-05-14,117.36000061035156,117.58999633789062,116.37999725341797,116.43000030517578,95.84091186523438,6268500,0.0,0.0
2021-05-17,116.7699966430664,117.70999908447266,116.55999755859375,116.88999938964844,96.2195816040039,6183200,0.0,0.0
2021-05-18,116.11000061035156,117.9000015258789,115.31999969482422,117.20999908447266,96.48297119140625,8174900,0.0,0.0
2021-05-19,116.45999908447266,116.5,114.37999725341797,115.8499984741211,95.36347961425781,6433600,0.0,0.0
2021-05-20,115.33999633789062,117.33999633789062,115.12000274658203,117.11000061035156,96.4006576538086,5526100,0.0,0.0
2021-05-21,117.5199966430664,118.27999877929688,116.05999755859375,116.12000274658203,95.58573913574219,5577800,0.0,0.0
2021-05-24,116.58999633789062,116.80999755859375,115.58999633789062,115.91000366210938,95.41287231445312,4821300,0.0,0.0
2021-05-25,115.97000122070312,116.0,114.19000244140625,114.55999755859375,94.30158233642578,6574200,0.0,0.0
2021-05-26,114.52999877929688,114.73999786376953,113.76000213623047,114.69999694824219,94.41682434082031,5802600,0.0,0.0
2021-05-27,115.12000274658203,115.19999694824219,112.0199966430664,112.31999969482422,92.45770263671875,26406000,0.0,0.0
2021-05-28,113.33000183105469,114.4800033569336,112.86000061035156,113.19999694824219,93.18207550048828,7104300,0.0,0.0
2021-06-01,113.69999694824219,113.98999786376953,112.04000091552734,112.20999908447266,92.36715698242188,6846200,0.0,0.0
2021-06-02,112.41000366210938,112.66000366210938,110.8499984741211,111.4000015258789,91.70040893554688,8100700,0.0,0.0
2021-06-03,111.12000274658203,112.41000366210938,110.6500015258789,112.20999908447266,92.36715698242188,6286100,0.0,0.0
2021-06-04,112.4000015258789,113.11000061035156,112.16000366210938,112.36000061035156,92.49063110351562,4255400,0.0,0.0
2021-06-07,112.70999908447266,114.11000061035156,112.33000183105469,113.01000213623047,93.02568054199219,5570100,0.0,0.0
2021-06-08,112.68000030517578,113.08999633789062,111.81999969482422,112.33999633789062,92.47418212890625,4114200,0.0,0.0
2021-06-09,112.87999725341797,114.41999816894531,112.73999786376953,114.0,93.84061431884766,4884000,0.0,0.0
2021-06-10,114.36000061035156,116.98999786376953,114.1500015258789,116.23999786376953,95.68453216552734,6263800,0.0,0.0
2021-06-11,116.23999786376953,116.36000061035156,114.87000274658203,115.41999816894531,95.00950622558594,4471400,0.0,0.0
2021-06-14,115.06999969482422,115.4800033569336,114.19000244140625,115.4000015258789,94.9930648803711,4427600,0.0,0.0
2021-06-15,115.36000061035156,115.94000244140625,114.5199966430664,115.83000183105469,95.3470230102539,3590500,0.0,0.0
2021-06-16,116.22000122070312,116.52999877929688,115.16999816894531,115.52999877929688,95.1000747680664,6670200,0.0,0.0
2021-06-17,114.9800033569336,115.88999938964844,114.02999877929688,114.9000015258789,94.58148193359375,4172300,0.0,0.0
2021-06-18,113.63999938964844,114.19999694824219,113.05000305175781,113.12000274658203,93.1162338256836,7415400,0.0,0.0
2021-06-21,113.69000244140625,115.25,112.7699966430664,114.7300033569336,94.44154357910156,4666100,0.0,0.0
2021-06-22,114.48999786376953,115.27999877929688,113.87999725341797,114.69999694824219,94.41682434082031,4359900,0.0,0.0
2021-06-23,114.55000305175781,115.02999877929688,113.94999694824219,114.0,93.84061431884766,3837300,0.0,0.0
2021-06-24,114.41999816894531,116.19000244140625,114.26000213623047,114.73999786376953,94.44976806640625,7712300,0.0,0.0
2021-06-25,112.9000015258789,113.58999633789062,112.13999938964844,112.9800033569336,93.0009994506836,11709400,0.0,0.0
2021-06-28,113.26000213623047,114.11000061035156,112.83999633789062,113.0,93.01746368408203,5141800,0.0,0.0
2021-06-29,112.6500015258789,112.75,111.61000061035156,112.30000305175781,92.44123840332031,5795100,0.0,0.0
2021-06-30,112.20999908447266,112.91999816894531,111.62999725341797,112.63999938964844,92.72113037109375,5042600,0.0,0.0
2021-07-01,112.94999694824219,114.55000305175781,112.88999938964844,114.26000213623047,94.05464935302734,5306900,0.0,0.0
2021-07-02,114.5199966430664,115.48999786376953,113.88999938964844,115.16999816894531,94.8037338256836,5719500,0.0,0.0
2021-07-06,115.16999816894531,115.9000015258789,114.7699966430664,115.7300033569336,95.26469421386719,7172100,0.0,0.0
2021-07-07,115.91000366210938,116.97000122070312,115.30999755859375,116.75,96.10431671142578,6695100,0.0,0.0
2021-07-08,115.76000213623047,116.80999755859375,115.68000030517578,116.3499984741211,95.7750473022461,3948800,0.0,0.0
2021-07-09,116.30000305175781,117.33000183105469,116.11000061035156,116.58000183105469,95.9643783569336,4823400,0.0,0.0
2021-07-12,116.80000305175781,118.3499984741211,116.62000274658203,117.62999725341797,96.82872772216797,8148400,0.0,0.0
2021-07-13,117.58999633789062,118.08999633789062,116.69000244140625,117.91000366210938,97.05918884277344,6540300,0.0,0.0
2021-07-14,116.87000274658203,117.55000305175781,116.38999938964844,117.36000061035156,97.68344116210938,6543400,1.3,0.0
2021-07-15,116.80999755859375,117.48999786376953,115.75,117.18000030517578,97.53363037109375,4544600,0.0,0.0
2021-07-16,117.91000366210938,118.33000183105469,116.91999816894531,117.5,97.80000305175781,6826100,0.0,0.0
2021-07-19,116.66999816894531,117.0,113.73999786376953,115.41999816894531,96.06871795654297,6762000,0.0,0.0
2021-07-20,115.55000305175781,117.7300033569336,115.45999908447266,116.05000305175781,96.59307098388672,5581400,0.0,0.0
2021-07-21,116.63999938964844,117.06999969482422,115.79000091552734,116.98999786376953,97.37548065185547,4133800,0.0,0.0
2021-07-22,116.63999938964844,117.91000366210938,116.38999938964844,117.54000091552734,97.83326721191406,6257000,0.0,0.0
2021-07-23,117.9800033569336,118.66999816894531,117.56999969482422,118.19000244140625,98.37430572509766,4411100,0.0,0.0
2021-07-26,118.12999725341797,118.47000122070312,117.2699966430664,117.79000091552734,98.04137420654297,3730100,0.0,0.0
2021-07-27,117.79000091552734,118.30000305175781,116.76000213623047,117.95999908447266,98.18284606933594,3773100,0.0,0.0
2021-07-28,117.62999725341797,118.93000030517578,117.30000305175781,118.55000305175781,98.67393493652344,5650400,0.0,0.0
2021-07-29,119.02999877929688,119.12999725341797,118.1500015258789,118.87000274658203,98.9402847290039,4632200,0.0,0.0
2021-07-30,119.0,119.1500015258789,116.12000274658203,116.30000305175781,96.8011703491211,9017200,0.0,0.0
2021-08-02,116.88999938964844,117.23999786376953,115.41000366210938,115.44999694824219,96.09368133544922,9245500,0.0,0.0
2021-08-03,115.66999816894531,116.30999755859375,114.88999938964844,116.25,96.75956726074219,5902700,0.0,0.0
2021-08-04,115.77999877929688,116.5199966430664,114.91000366210938,115.08000183105469,95.78572082519531,4602000,0.0,0.0
2021-08-05,115.12999725341797,115.55999755859375,114.44999694824219,115.12000274658203,95.81900787353516,5132400,0.0,0.0
2021-08-06,115.26000213623047,115.55000305175781,114.43000030517578,114.44999694824219,95.26133728027344,5340400,0.0,0.0
2021-08-09,114.58000183105469,115.19000244140625,113.73999786376953,114.05999755859375,94.93673706054688,5277900,0.0,0.0
2021-08-10,114.19999694824219,115.02999877929688,112.91999816894531,114.81999969482422,95.56929779052734,5120800,0.0,0.0
2021-08-11,115.16000366210938,115.33999633789062,113.55000305175781,113.72000122070312,94.65374755859375,6840400,0.0,0.0
2021-08-12,113.95999908447266,115.7300033569336,113.91000366210938,115.63999938964844,96.25182342529297,4863600,0.0,0.0
2021-08-13,115.81999969482422,116.76000213623047,115.69999694824219,116.4800033569336,96.95100402832031,4416400,0.0,0.0
2021-08-16,117.0,118.62000274658203,116.70999908447266,118.41000366210938,98.55741119384766,8180500,0.0,0.0
2021-08-17,118.08000183105469,119.73999786376953,118.0,119.66000366210938,99.59783935546875,6551700,0.0,0.0
2021-08-18,119.16999816894531,119.91999816894531,117.18000030517578,117.29000091552734,97.62517547607422,5586900,0.0,0.0
2021-08-19,116.20999908447266,118.95999908447266,116.20999908447266,117.93000030517578,98.15787506103516,6145200,0.0,0.0
2021-08-20,118.0999984741211,119.47000122070312,117.6500015258789,118.81999969482422,98.8986587524414,4112500,0.0,0.0
2021-08-23,119.80000305175781,120.44999694824219,119.22000122070312,119.36000061035156,99.34814453125,4748300,0.0,0.0
2021-08-24,119.72000122070312,119.72000122070312,118.41999816894531,119.68000030517578,99.61448669433594,3831500,0.0,0.0
2021-08-25,119.86000061035156,121.4000015258789,118.87000274658203,120.4000015258789,100.2137680053711,5241100,0.0,0.0
2021-08-26,120.86000061035156,121.25,120.1500015258789,120.4000015258789,100.2137680053711,5035400,0.0,0.0
2021-08-27,120.33999633789062,120.63999938964844,119.41999816894531,119.58000183105469,99.53124237060547,4279900,0.0,0.0
2021-08-30,119.83999633789062,120.9000015258789,119.54000091552734,120.56999969482422,100.35527038574219,3260900,0.0,0.0
2021-08-31,120.83000183105469,121.16999816894531,120.02999877929688,120.77999877929688,100.5300521850586,6021800,0.0,0.0
2021-09-01,121.0,121.52999877929688,106.0999984741211,112.2699966430664,93.44683837890625,50943200,0.0,0.0
2021-09-02,113.55000305175781,113.73999786376953,110.81999969482422,112.0199966430664,93.23873901367188,14719200,0.0,0.0
2021-09-03,111.18000030517578,112.06999969482422,111.0199966430664,111.62000274658203,92.90581512451172,5364800,0.0,0.0
2021-09-07,110.44999694824219,111.56999969482422,108.31999969482422,109.02999877929688,90.75003814697266,12694200,0.0,0.0
2021-09-08,108.05999755859375,110.9000015258789,107.72000122070312,110.36000061035156,91.85707092285156,10823200,0.0,0.0
2021-09-09,109.44000244140625,109.73999786376953,107.19999694824219,107.2699966430664,89.2851333618164,10337100,0.0,0.0
2021-09-10,107.4800033569336,108.31999969482422,106.36000061035156,106.68000030517578,88.79405212402344,7620100,0.0,0.0
2021-09-13,107.38999938964844,108.7699966430664,106.80999755859375,107.4800033569336,89.4599380493164,7398900,0.0,0.0
2021-09-14,107.98999786376953,108.06999969482422,106.25,106.4800033569336,88.6275863647461,6102700,0.0,0.0
2021-09-15,106.58999633789062,108.80000305175781,106.02999877929688,107.7699966430664,89.7012939453125,7444300,0.0,0.0
2021-09-16,108.23999786376953,108.75,106.52999877929688,108.08000183105469,89.95931243896484,5821800,0.0,0.0
2021-09-17,107.5,108.25,107.0999984741211,107.7300033569336,89.66802215576172,14157200,0.0,0.0
2021-09-20,106.0999984741211,107.48999786376953,105.55999755859375,106.4000015258789,88.56099700927734,7103400,0.0,0.0
2021-09-21,106.25,107.41000366210938,106.19999694824219,107.1500015258789,89.18526458740234,6400400,0.0,0.0
2021-09-22,107.01000213623047,107.58000183105469,105.93000030517578,106.41000366210938,88.5693130493164,6319100,0.0,0.0
2021-09-23,106.98999786376953,108.2699966430664,106.6500015258789,107.36000061035156,89.36003875732422,5847800,0.0,0.0
2021-09-24,106.87000274658203,108.05000305175781,106.44000244140625,107.06999969482422,89.11868286132812,5836100,0.0,0.0
2021-09-27,107.12999725341797,108.63999938964844,107.0199966430664,107.72000122070312,89.65968322753906,4969600,0.0,0.0
2021-09-28,107.62000274658203,108.62000274658203,107.04000091552734,107.33999633789062,89.34339904785156,6445600,0.0,0.0
2021-09-29,107.8499984741211,109.58000183105469,107.4800033569336,108.83999633789062,90.59192657470703,6270100,0.0,0.0
2021-09-30,109.19999694824219,110.41999816894531,107.77999877929688,107.87000274658203,89.78455352783203,7886400,0.0,0.0
2021-10-01,108.25,109.69000244140625,106.87000274658203,109.08999633789062,90.79999542236328,8611500,0.0,0.0
2021-10-04,108.83999633789062,110.19999694824219,107.69000244140625,108.7300033569336,90.50035858154297,9779200,0.0,0.0
2021-10-05,109.38999938964844,110.58000183105469,109.0999984741211,109.51000213623047,91.14958953857422,7146900,0.0,0.0
2021-10-06,109.30000305175781,109.66999816894531,108.1500015258789,109.31999969482422,90.99144744873047,5710300,0.0,0.0
2021-10-07,109.77999877929688,111.79000091552734,109.55999755859375,110.87000274658203,92.28156280517578,7842600,0.0,0.0
2021-10-08,111.05000305175781,111.75,110.63999938964844,111.18000030517578,92.5395736694336,5019800,0.0,0.0
2021-10-11,111.13999938964844,111.4000015258789,110.27999877929688,110.33999633789062,91.84042358398438,4613800,0.0,0.0
2021-10-12,110.12000274658203,110.26000213623047,108.16000366210938,108.56999969482422,90.36717987060547,6305800,0.0,0.0
2021-10-13,108.58999633789062,109.04000091552734,108.0,108.52999877929688,90.33387756347656,5471100,0.0,0.0
2021-10-14,107.95999908447266,108.98999786376953,107.80000305175781,108.91000366210938,91.74917602539062,7289500,1.3,0.0
2021-10-15,109.1500015258789,109.95999908447266,109.08000183105469,109.33000183105469,92.10299682617188,4634500,0.0,0.0
2021-10-18,108.98999786376953,108.98999786376953,107.08999633789062,107.43000030517578,90.50236511230469,7949400,0.0,0.0
2021-10-19,107.75,108.06999969482422,106.86000061035156,107.44999694824219,90.51920318603516,4614900,0.0,0.0
2021-10-20,107.5,109.11000061035156,107.5,108.41000366210938,91.32795715332031,5626800,0.0,0.0
2021-10-21,108.41000366210938,108.94999694824219,107.1500015258789,108.76000213623047,91.6228256225586,4811800,0.0,0.0
2021-10-22,108.66999816894531,109.22000122070312,108.30999755859375,109.13999938964844,91.94292449951172,4614400,0.0,0.0
2021-10-25,109.08000183105469,109.13999938964844,107.75,108.5,91.40377807617188,5697400,0.0,0.0
2021-10-26,108.80999755859375,109.58000183105469,108.19999694824219,109.48999786376953,92.23777770996094,5047400,0.0,0.0
2021-10-27,109.58000183105469,109.72000122070312,108.16999816894531,108.4000015258789,91.31953430175781,4875300,0.0,0.0
2021-10-28,108.38999938964844,109.9000015258789,108.19999694824219,109.66999816894531,92.38943481445312,5193300,0.0,0.0
2021-10-29,112.08999633789062,114.91999816894531,111.41999816894531,114.66999816894531,96.6015625,16545000,0.0,0.0
2021-11-01,115.25,115.72000122070312,113.56999969482422,114.80999755859375,96.71951293945312,7096800,0.0,0.0
2021-11-02,115.25,117.69000244140625,115.16000366210938,116.52999877929688,98.16850280761719,10357800,0.0,0.0
2021-11-03,116.52999877929688,117.61000061035156,116.23999786376953,117.56999969482422,99.04463958740234,6186900,0.0,0.0
2021-11-04,117.56999969482422,117.72000122070312,116.33000183105469,117.05999755859375,98.61499786376953,4912200,0.0,0.0
2021-11-05,116.7300033569336,117.31999969482422,115.5,117.18000030517578,98.71607971191406,4635800,0.0,0.0
2021-11-08,117.19999694824219,117.44999694824219,115.77999877929688,116.05999755859375,97.7725601196289,7015000,0.0,0.0
2021-11-09,116.23999786376953,116.58999633789062,115.41000366210938,115.61000061035156,97.39347076416016,3146800,0.0,0.0
2021-11-10,115.4000015258789,117.0999984741211,115.38999938964844,116.75,98.35384368896484,4981100,0.0,0.0
2021-11-11,116.94000244140625,117.48999786376953,116.29000091552734,116.62999725341797,98.25274658203125,3120900,0.0,0.0
2021-11-12,117.4000015258789,117.4000015258789,116.43000030517578,116.97000122070312,98.5391616821289,2740300,0.0,0.0
2021-11-15,116.94999694824219,117.80000305175781,116.22000122070312,116.83999633789062,98.42964172363281,3941000,0.0,0.0
2021-11-16,116.61000061035156,117.47000122070312,116.33999633789062,116.41999816894531,98.07583618164062,3476400,0.0,0.0
2021-11-17,116.5999984741211,117.62000274658203,116.25,117.3499984741211,98.85928344726562,4361500,0.0,0.0
2021-11-18,117.41000366210938,118.37000274658203,116.63999938964844,117.06999969482422,98.6234130859375,3160300,0.0,0.0
2021-11-19,117.62999725341797,117.80000305175781,115.86000061035156,116.23999786376953,97.9241943359375,5885800,0.0,0.0
2021-11-22,115.94999694824219,117.33999633789062,115.01000213623047,115.6500015258789,97.42716217041016,3975800,0.0,0.0
2021-11-23,116.55999755859375,119.33000183105469,116.1500015258789,118.87999725341797,100.148193359375,8948300,0.0,0.0
2021-11-24,118.68000030517578,119.23999786376953,118.08000183105469,118.66000366210938,99.96288299560547,5792800,0.0,0.0
2021-11-26,117.61000061035156,118.11000061035156,115.83000183105469,116.51000213623047,98.15165710449219,5016700,0.0,0.0
2021-11-29,116.83000183105469,117.91999816894531,116.58000183105469,116.88999938964844,98.47178649902344,4372500,0.0,0.0
2021-11-30,116.68000030517578,116.79000091552734,115.0999984741211,115.27999877929688,97.11544799804688,8172100,0.0,0.0
2021-12-01,115.77999877929688,118.9800033569336,115.61000061035156,115.91000366210938,97.64618682861328,6287500,0.0,0.0
2021-12-02,116.25,117.5999984741211,115.5999984741211,116.87000274658203,98.45491790771484,4919800,0.0,0.0
2021-12-03,117.73999786376953,119.0,117.0,118.8499984741211,100.12294006347656,6428100,0.0,0.0
2021-12-06,119.62999725341797,122.44999694824219,119.20999908447266,121.3499984741211,102.22900390625,8939900,0.0,0.0
2021-12-07,121.9800033569336,122.13999938964844,121.0,121.51000213623047,102.36380767822266,6123300,0.0,0.0
2021-12-08,121.95999908447266,122.44000244140625,120.75,121.87000274658203,102.6670913696289,5278100,0.0,0.0
2021-12-09,122.20999908447266,124.45999908447266,122.0999984741211,124.1500015258789,104.58782196044922,8082300,0.0,0.0
2021-12-10,123.72000122070312,126.01000213623047,123.72000122070312,125.47000122070312,105.6998291015625,7059500,0.0,0.0
2021-12-13,125.19999694824219,127.73999786376953,125.19999694824219,126.51000213623047,106.5759506225586,7834200,0.0,0.0
2021-12-14,125.69999694824219,127.8499984741211,125.37999725341797,127.29000091552734,107.2330551147461,6381400,0.0,0.0
2021-12-15,128.25,130.77999877929688,127.5999984741211,130.22999572753906,109.70979309082031,9585600,0.0,0.0
2021-12-16,130.10000610351562,133.27999877929688,129.91000366210938,131.77999877929688,111.01557922363281,9569000,0.0,0.0
2021-12-17,130.83999633789062,131.02000427246094,129.3699951171875,129.52999877929688,109.12010192871094,12631100,0.0,0.0
2021-12-20,128.50999450683594,131.38999938964844,128.22999572753906,130.86000061035156,110.24053192138672,7119200,0.0,0.0
2021-12-21,131.22999572753906,131.35000610351562,129.14999389648438,129.9499969482422,109.47393798828125,6085900,0.0,0.0
2021-12-22,129.91000366210938,132.5800018310547,129.77999877929688,132.0500030517578,111.2430419921875,7070900,0.0,0.0
2021-12-23,132.3300018310547,133.77000427246094,132.1699981689453,133.08999633789062,112.11915588378906,5702300,0.0,0.0
2021-12-27,133.19000244140625,134.47999572753906,133.16000366210938,134.41000366210938,113.23115539550781,4436800,0.0,0.0
2021-12-28,134.5500030517578,135.25999450683594,133.74000549316406,134.38999938964844,113.21430969238281,4237200,0.0,0.0
2021-12-29,134.61000061035156,135.8699951171875,134.0800018310547,135.36000061035156,114.03145599365234,5594300,0.0,0.0
2021-12-30,135.75,136.8300018310547,135.6300048828125,135.92999267578125,114.51167297363281,6354300,0.0,0.0
2021-12-31,136.0399932861328,136.2100067138672,135.3000030517578,135.39999389648438,114.06514739990234,3963400,0.0,0.0
2022-01-03,135.41000366210938,135.6999969482422,133.50999450683594,135.4199981689453,114.0820083618164,6839800,0.0,0.0
2022-01-04,135.3300018310547,136.22000122070312,134.3800048828125,135.16000366210938,113.86297607421875,6298300,0.0,0.0
2022-01-05,135.0,138.14999389648438,135.0,135.8699951171875,114.46111297607422,7724900,0.0,0.0
2022-01-06,136.39999389648438,136.66000366210938,135.16000366210938,135.22999572753906,113.9219741821289,4667000,0.0,0.0
2022-01-07,135.25,135.83999633789062,134.1300048828125,134.8800048828125,113.62710571289062,8630300,0.0,0.0
2022-01-10,135.0800018310547,136.89999389648438,134.57000732421875,136.38999938964844,114.899169921875,9794400,0.0,0.0
2022-01-11,135.85000610351562,137.08999633789062,134.8000030517578,136.97000122070312,115.38780212402344,7159400,0.0,0.0
2022-01-12,136.52000427246094,137.38999938964844,136.02999877929688,137.2899932861328,115.65735626220703,6589300,0.0,0.0
2022-01-13,135.0,135.1199951171875,132.89999389648438,133.52000427246094,113.64860534667969,8386400,1.41,0.0
2022-01-14,133.35000610351562,136.0500030517578,132.2899932861328,135.8699951171875,115.64885711669922,10484500,0.0,0.0
2022-01-18,135.50999450683594,137.97999572753906,135.27999877929688,136.77999877929688,116.42342376708984,12341900,0.0,0.0
2022-01-19,136.41000366210938,137.5,134.83999633789062,135.2100067138672,115.08708953857422,6196700,0.0,0.0
2022-01-20,134.5,134.8000030517578,132.75,133.02999877929688,113.2315444946289,6612800,0.0,0.0
2022-01-21,133.05999755859375,134.25,131.6699981689453,131.97999572753906,112.33779907226562,7583000,0.0,0.0
2022-01-24,132.82000732421875,133.25,128.25999450683594,132.16000366210938,112.49100494384766,13733800,0.0,0.0
2022-01-25,131.49000549316406,134.32000732421875,130.7899932861328,133.08999633789062,113.2825927734375,10296500,0.0,0.0
2022-01-26,133.2899932861328,135.47999572753906,132.8300018310547,134.22999572753906,114.25293731689453,8040300,0.0,0.0
2022-01-27,135.5,138.3000030517578,135.36000061035156,135.97000122070312,115.7339859008789,8869100,0.0,0.0
2022-01-28,135.99000549316406,137.97999572753906,134.60000610351562,137.9199981689453,117.39374542236328,8014400,0.0,0.0
2022-01-31,136.82000732421875,137.1699981689453,135.6199951171875,136.88999938964844,116.51707458496094,10300000,0.0,0.0
2022-02-01,137.3699951171875,137.83999633789062,136.0399932861328,137.0,116.6106948852539,7413900,0.0,0.0
2022-02-02,135.41000366210938,139.41000366210938,133.0500030517578,138.6199951171875,117.98955535888672,11363100,0.0,0.0
2022-02-03,139.5,141.7100067138672,139.0399932861328,140.72999572753906,119.78556823730469,10272700,0.0,0.0
2022-02-04,140.14999389648438,142.8000030517578,139.22999572753906,140.64999389648438,119.71746063232422,6921500,0.0,0.0
2022-02-07,141.1699981689453,143.00999450683594,140.3300018310547,142.52999877929688,121.31764221191406,9597800,0.0,0.0
2022-02-08,142.02999877929688,143.60000610351562,141.25,143.50999450683594,122.15180969238281,7559500,0.0,0.0
2022-02-09,143.97999572753906,143.97999572753906,142.83999633789062,143.1999969482422,121.88795471191406,5989100,0.0,0.0
2022-02-10,143.14999389648438,144.4199981689453,142.30999755859375,142.7100067138672,121.47089385986328,7333400,0.0,0.0
2022-02-11,142.86000061035156,143.61000061035156,141.5399932861328,142.00999450683594,120.87507629394531,6475200,0.0,0.0
2022-02-14,141.77999877929688,143.19000244140625,139.44000244140625,143.0,121.71771240234375,9931900,0.0,0.0
2022-02-15,143.35000610351562,145.4600067138672,143.1999969482422,144.75999450683594,123.21574401855469,9530100,0.0,0.0
2022-02-16,144.74000549316406,147.22000122070312,144.16000366210938,145.8699951171875,124.16057586669922,8028900,0.0,0.0
2022-02-17,144.8000030517578,145.47000122070312,143.5800018310547,144.97000122070312,123.39452362060547,5486600,0.0,0.0
2022-02-18,144.69000244140625,145.72999572753906,143.3699951171875,144.02999877929688,122.59442901611328,7585900,0.0,0.0
2022-02-22,141.25,146.35000610351562,141.25,145.55999755859375,123.89671325683594,11576800,0.0,0.0
2022-02-23,146.22000122070312,148.35000610351562,145.36000061035156,146.75999450683594,124.9181137084961,9271000,0.0,0.0
2022-02-24,143.61000061035156,145.6999969482422,143.47000122070312,145.27000427246094,123.64990997314453,12070200,0.0,0.0
2022-02-25,146.1300048828125,150.36000061035156,146.0500030517578,149.5399932861328,127.28437805175781,8320700,0.0,0.0
2022-02-28,146.64999389648438,148.0800018310547,145.75999450683594,147.77000427246094,125.77781677246094,11090600,0.0,0.0
2022-03-01,147.6699981689453,149.5,146.2100067138672,147.69000244140625,125.709716796875,7489900,0.0,0.0
2022-03-02,147.6999969482422,151.25,147.22000122070312,149.57000732421875,127.3099136352539,8247200,0.0,0.0
2022-03-03,149.80999755859375,150.7899932861328,148.85000610351562,150.41000366210938,128.02491760253906,5408400,0.0,0.0
2022-03-04,148.60000610351562,150.67999267578125,148.10000610351562,150.55999755859375,128.15260314941406,5389500,0.0,0.0
2022-03-07,149.0,150.75,148.19000244140625,149.4499969482422,127.20779418945312,7137700,0.0,0.0
2022-03-08,149.0,149.88999938964844,146.36000061035156,147.14999389648438,125.2500991821289,8817500,0.0,0.0
2022-03-09,148.25999450683594,150.11000061035156,147.75999450683594,148.83999633789062,126.68856811523438,5368900,0.0,0.0
2022-03-10,148.07000732421875,149.75,147.6999969482422,149.1699981689453,126.96946716308594,4635700,0.0,0.0
2022-03-11,149.33999633789062,150.39999389648438,148.97999572753906,149.05999755859375,126.87581634521484,5171400,0.0,0.0
2022-03-14,150.72999572753906,152.97000122070312,149.02000427246094,152.10000610351562,129.46339416503906,8647200,0.0,0.0
2022-03-15,152.25999450683594,156.42999267578125,152.16000366210938,155.8800048828125,132.6808319091797,8384300,0.0,0.0
2022-03-16,156.5,156.82000732421875,153.52000427246094,156.0500030517578,132.82554626464844,7178900,0.0,0.0
2022-03-17,157.1699981689453,158.61000061035156,156.2100067138672,158.58999633789062,134.98748779296875,7227900,0.0,0.0
2022-03-18,158.0,159.44000244140625,157.13999938964844,159.1999969482422,135.5067138671875,9912800,0.0,0.0
2022-03-21,159.9499969482422,160.9499969482422,158.99000549316406,160.0500030517578,136.23023986816406,5825000,0.0,0.0
2022-03-22,160.0500030517578,160.3000030517578,158.02000427246094,160.00999450683594,136.1961669921875,5756600,0.0,0.0
2022-03-23,160.00999450683594,161.17999267578125,158.36000061035156,158.4199981689453,134.84280395507812,6300600,0.0,0.0
2022-03-24,159.22000122070312,160.72999572753906,158.85000610351562,160.27999877929688,136.42599487304688,4638100,0.0,0.0
2022-03-25,160.5500030517578,161.97999572753906,160.22999572753906,161.3300018310547,137.31971740722656,5129400,0.0,0.0
2022-03-28,160.61000061035156,162.02999877929688,159.52999877929688,161.97000122070312,137.8644561767578,4516500,0.0,0.0
2022-03-29,162.99000549316406,163.27999877929688,161.2899932861328,162.17999267578125,138.04319763183594,6154100,0.0,0.0
2022-03-30,161.72000122070312,164.35000610351562,161.72000122070312,163.75,139.37954711914062,5151800,0.0,0.0
2022-03-31,162.92999267578125,164.66000366210938,162.10000610351562,162.11000061035156,137.983642578125,8670100,0.0,0.0
2022-04-01,162.14999389648438,163.07000732421875,160.10000610351562,162.67999267578125,138.4687957763672,5703300,0.0,0.0
2022-04-04,162.5,163.83999633789062,161.4600067138672,161.88999938964844,137.7963409423828,6892400,0.0,0.0
2022-04-05,161.88999938964844,165.9600067138672,161.83999633789062,163.42999267578125,139.10714721679688,6683300,0.0,0.0
2022-04-06,164.49000549316406,169.27000427246094,163.8000030517578,168.91000366210938,143.77162170410156,8810800,0.0,0.0
2022-04-07,167.6699981689453,174.58999633789062,167.5399932861328,173.27999877929688,147.4912109375,7469000,0.0,0.0
2022-04-08,173.0,175.91000366210938,172.5,174.9600067138672,148.92120361328125,7204200,0.0,0.0
2022-04-11,174.89999389648438,175.0399932861328,169.32000732421875,169.8300018310547,144.5546875,8163200,0.0,0.0
2022-04-12,169.30999755859375,170.55999755859375,166.2100067138672,167.30999755859375,142.4097442626953,8279700,0.0,0.0
2022-04-13,165.0,165.0,156.4499969482422,158.9499969482422,136.44378662109375,18312600,1.41,0.0
2022-04-14,157.85000610351562,163.8699951171875,156.82000732421875,162.30999755859375,139.3280487060547,11074800,0.0,0.0
2022-04-18,161.9600067138672,162.7899932861328,158.75,159.36000061035156,136.7957000732422,6500200,0.0,0.0
2022-04-19,160.39999389648438,160.5,153.7100067138672,156.35000610351562,134.21194458007812,9359900,0.0,0.0
2022-04-20,156.36000061035156,158.10000610351562,155.52000427246094,156.6999969482422,134.5123748779297,6250000,0.0,0.0
2022-04-21,157.0,160.3800048828125,155.35000610351562,158.52000427246094,136.07469177246094,7903300,0.0,0.0
2022-04-22,157.27999877929688,158.32000732421875,154.33999633789062,154.99000549316406,133.0445098876953,7938300,0.0,0.0
2022-04-25,154.83999633789062,156.63999938964844,152.83999633789062,156.3000030517578,134.1690216064453,6932600,0.0,0.0
2022-04-26,156.44000244140625,159.69000244140625,155.82000732421875,156.17999267578125,134.06600952148438,6787800,0.0,0.0
2022-04-27,156.55999755859375,159.5,154.55999755859375,157.6199951171875,135.30209350585938,6039100,0.0,0.0
2022-04-28,158.36000061035156,158.44000244140625,154.33999633789062,156.30999755859375,134.17755126953125,7465000,0.0,0.0
2022-04-29,149.55999755859375,149.86000061035156,139.92999267578125,146.8800048828125,126.08284759521484,25155900,0.0,0.0
2022-05-02,146.64999389648438,148.89999389648438,143.44000244140625,147.8699951171875,126.93267822265625,9690800,0.0,0.0
2022-05-03,148.0500030517578,150.74000549316406,147.9499969482422,149.60000610351562,128.4176788330078,6163400,0.0,0.0
2022-05-04,148.17999267578125,152.3699951171875,147.58999633789062,151.58999633789062,130.12588500976562,5791500,0.0,0.0
2022-05-05,152.77000427246094,153.32000732421875,150.0399932861328,152.17999267578125,130.6323699951172,6869300,0.0,0.0
2022-05-06,149.67999267578125,153.52000427246094,149.00999450683594,152.8300018310547,131.19036865234375,6145600,0.0,0.0
2022-05-09,151.6199951171875,153.5399932861328,148.92999267578125,150.9600067138672,129.5851287841797,6969000,0.0,0.0
2022-05-10,151.27000427246094,154.52999877929688,150.50999450683594,152.08999633789062,130.5551300048828,6525200,0.0,0.0
2022-05-11,151.02000427246094,154.75999450683594,150.94000244140625,151.9600067138672,130.44349670410156,5630000,0.0,0.0
2022-05-12,153.3800048828125,154.35000610351562,150.14999389648438,154.2899932861328,132.443603515625,6914800,0.0,0.0
2022-05-13,153.4199981689453,154.38999938964844,151.89999389648438,153.5,131.76551818847656,6398500,0.0,0.0
2022-05-16,153.92999267578125,156.88999938964844,153.27000427246094,155.47000122070312,133.45655822753906,6565600,0.0,0.0
2022-05-17,155.3800048828125,155.7899932861328,152.85000610351562,154.77999877929688,132.86422729492188,6032200,0.0,0.0
2022-05-18,154.7899932861328,155.6999969482422,151.75,152.42999267578125,130.84698486328125,6498100,0.0,0.0
2022-05-19,151.1999969482422,152.39999389648438,149.27999877929688,151.72000122070312,130.23751831054688,5994800,0.0,0.0
2022-05-20,152.3300018310547,153.52000427246094,147.80999755859375,151.00999450683594,129.6280517578125,6746400,0.0,0.0
2022-05-23,151.64999389648438,152.0,147.19000244140625,148.02999877929688,127.06999206542969,6886400,0.0,0.0
2022-05-24,147.02999877929688,151.35000610351562,146.61000061035156,149.11000061035156,127.99705505371094,6367200,0.0,0.0
2022-05-25,150.36000061035156,152.99000549316406,149.7899932861328,151.9600067138672,130.44349670410156,5042600,0.0,0.0
2022-05-26,151.6300048828125,153.07000732421875,150.38999938964844,150.57000732421875,129.25033569335938,6659300,0.0,0.0
2022-05-27,149.52000427246094,150.0500030517578,147.75,150.0,128.76104736328125,8405000,0.0,0.0
2022-05-31,148.63999938964844,148.8800048828125,146.6699981689453,147.3699951171875,126.50341796875,11227800,0.0,0.0
2022-06-01,147.7899932861328,147.88999938964844,144.32000732421875,146.02000427246094,125.3446044921875,5597900,0.0,0.0
2022-06-02,146.64999389648438,147.07000732421875,142.89999389648438,146.75,125.97124481201172,5998900,0.0,0.0
2022-06-03,146.75,148.2100067138672,146.75,147.1699981689453,126.33177947998047,4891800,0.0,0.0
2022-06-06,147.0,147.82000732421875,145.66000366210938,146.52999877929688,125.7823715209961,3912400,0.0,0.0
2022-06-07,146.9199981689453,149.35000610351562,145.8699951171875,149.13999938964844,128.02281188964844,4991200,0.0,0.0
2022-06-08,148.89999389648438,149.85000610351562,148.25,149.25,128.1172637939453,4835200,0.0,0.0
2022-06-09,149.72000122070312,150.52000427246094,145.3000030517578,145.42999267578125,124.83810424804688,5642900,0.0,0.0
2022-06-10,144.33999633789062,144.6300048828125,142.14999389648438,143.1999969482422,122.92389678955078,5464700,0.0,0.0
2022-06-13,140.86000061035156,142.07000732421875,138.77999877929688,139.4199981689453,119.67910766601562,5997000,0.0,0.0
2022-06-14,139.44000244140625,140.66000366210938,136.32000732421875,137.6199951171875,118.13395690917969,5861800,0.0,0.0
2022-06-15,136.57000732421875,139.08999633789062,136.22999572753906,138.08999633789062,118.53743743896484,5981800,0.0,0.0
2022-06-16,136.5399932861328,139.2899932861328,135.75999450683594,139.14999389648438,119.44734191894531,6963400,0.0,0.0
2022-06-17,137.60000610351562,139.52999877929688,137.19000244140625,138.27999877929688,118.70052337646484,10429900,0.0,0.0
2022-06-21,139.9499969482422,143.97000122070312,139.6999969482422,143.47000122070312,123.15567779541016,7160500,0.0,0.0
2022-06-22,143.72000122070312,150.10000610351562,143.61000061035156,147.55999755859375,126.66651153564453,7995700,0.0,0.0
2022-06-23,148.72000122070312,150.8000030517578,147.5399932861328,149.4499969482422,128.28892517089844,7795000,0.0,0.0
2022-06-24,150.88999938964844,152.74000549316406,149.6199951171875,152.33999633789062,130.76971435546875,8527600,0.0,0.0
2022-06-27,153.0,155.4499969482422,152.75,153.13999938964844,131.4564666748047,5377300,0.0,0.0
2022-06-28,153.1699981689453,155.1199951171875,151.38999938964844,152.49000549316406,130.89849853515625,5735700,0.0,0.0
2022-06-29,153.89999389648438,156.6199951171875,153.35000610351562,154.13999938964844,132.31484985351562,6140900,0.0,0.0
2022-06-30,153.1699981689453,154.0399932861328,150.8699951171875,153.16000366210938,131.47364807128906,7289500,0.0,0.0
2022-07-01,153.0800018310547,153.86000061035156,151.4600067138672,153.8000030517578,132.02301025390625,4620000,0.0,0.0
2022-07-05,151.89999389648438,154.0500030517578,149.66000366210938,153.92999267578125,132.13458251953125,5478800,0.0,0.0
2022-07-06,154.61000061035156,154.99000549316406,151.69000244140625,152.52999877929688,130.93283081054688,5113600,0.0,0.0
2022-07-07,150.1999969482422,152.5800018310547,150.00999450683594,152.0,130.47784423828125,6516100,0.0,0.0
2022-07-08,152.0,155.25,151.7899932861328,152.85000610351562,131.2074737548828,4078400,0.0,0.0
2022-07-11,152.27999877929688,154.5,152.27999877929688,153.22999572753906,131.53372192382812,4491000,0.0,0.0
2022-07-12,153.0,154.57000732421875,152.05999755859375,152.4600067138672,130.87274169921875,5319500,0.0,0.0
2022-07-13,152.0,153.8300018310547,151.3000030517578,152.14999389648438,130.60662841796875,5221200,0.0,0.0
2022-07-14,148.88999938964844,151.00999450683594,148.49000549316406,150.44000244140625,130.3467254638672,7576900,1.41,0.0
2022-07-15,151.83999633789062,153.8699951171875,151.42999267578125,153.6199951171875,133.10194396972656,4873000,0.0,0.0
2022-07-18,153.8000030517578,154.47000122070312,148.88999938964844,149.57000732421875,129.59291076660156,6838400,0.0,0.0
2022-07-19,150.0,150.22999572753906,148.8000030517578,149.74000549316406,129.74020385742188,5647100,0.0,0.0
2022-07-20,149.52999877929688,150.4499969482422,147.33999633789062,147.69000244140625,127.96399688720703,5315700,0.0,0.0
2022-07-21,147.24000549316406,147.83999633789062,146.02000427246094,147.75,128.01597595214844,4066800,0.0,0.0
2022-07-22,148.47000122070312,149.2899932861328,147.5800018310547,148.47000122070312,128.63980102539062,3639700,0.0,0.0
2022-07-25,148.5399932861328,150.94000244140625,148.50999450683594,150.22000122070312,130.15609741210938,4347000,0.0,0.0
2022-07-26,151.14999389648438,153.55999755859375,150.3300018310547,150.8699951171875,130.71923828125,4900600,0.0,0.0
2022-07-27,149.5,151.5,148.92999267578125,151.14999389648438,130.9618377685547,4145800,0.0,0.0
2022-07-28,151.44000244140625,152.41000366210938,146.6199951171875,149.75,129.74888610839844,6572300,0.0,0.0
2022-07-29,145.44000244140625,146.3000030517578,139.0500030517578,143.50999450683594,124.34230041503906,17754700,0.0,0.0
2022-08-01,141.50999450683594,142.83999633789062,139.14999389648438,140.22000122070312,121.4917221069336,8523900,0.0,0.0
2022-08-02,141.17999267578125,142.83999633789062,140.10000610351562,140.38999938964844,121.6390151977539,5197100,0.0,0.0
2022-08-03,141.72000122070312,143.02000427246094,140.64999389648438,141.1999969482422,122.34081268310547,5474200,0.0,0.0
2022-08-04,142.08999633789062,142.5800018310547,138.69000244140625,138.9199981689453,120.36531829833984,7071700,0.0,0.0
2022-08-05,139.0500030517578,139.91000366210938,137.9499969482422,138.0399932861328,119.6028823852539,5371100,0.0,0.0
2022-08-08,138.0399932861328,140.8000030517578,137.77000427246094,140.33999633789062,121.5956802368164,4854600,0.0,0.0
2022-08-09,140.67999267578125,142.24000549316406,139.8800048828125,140.25,121.5177001953125,3819700,0.0,0.0
2022-08-10,140.91000366210938,141.05999755859375,139.0,140.94000244140625,122.11555480957031,4075300,0.0,0.0
2022-08-11,140.22999572753906,142.8699951171875,139.66000366210938,142.0800018310547,123.103271484375,5972800,0.0,0.0
2022-08-12,141.88999938964844,143.08999633789062,140.27000427246094,142.60000610351562,123.55384063720703,5208700,0.0,0.0
2022-08-15,143.11000061035156,143.27999877929688,140.4199981689453,142.2899932861328,123.28524017333984,4513200,0.0,0.0
2022-08-16,142.11000061035156,143.97999572753906,142.0800018310547,142.5500030517578,123.51054382324219,3852300,0.0,0.0
2022-08-17,141.4199981689453,142.75999450683594,140.5500030517578,141.44000244140625,122.54875183105469,3605200,0.0,0.0
2022-08-18,141.49000549316406,141.5800018310547,139.82000732421875,141.2899932861328,122.41879272460938,3525200,0.0,0.0
2022-08-19,141.77999877929688,143.36000061035156,141.4600067138672,141.85000610351562,122.90403747558594,4530700,0.0,0.0
2022-08-22,141.97000122070312,142.66000366210938,139.9600067138672,140.33999633789062,121.5956802368164,4023500,0.0,0.0
2022-08-23,139.64999389648438,140.85000610351562,138.4499969482422,139.02000427246094,120.45198059082031,3768100,0.0,0.0
2022-08-24,139.0500030517578,139.4600067138672,137.6999969482422,137.91000366210938,119.49024963378906,5018900,0.0,0.0
2022-08-25,138.77000427246094,139.55999755859375,137.6699981689453,139.3300018310547,120.72061157226562,3301200,0.0,0.0
2022-08-26,138.88999938964844,139.85000610351562,136.25,136.35000610351562,118.13861846923828,3838800,0.0,0.0
2022-08-29,136.1999969482422,136.72000122070312,134.75999450683594,135.7100067138672,117.5840835571289,3835800,0.0,0.0
2022-08-30,135.13999938964844,136.49000549316406,134.88999938964844,135.5500030517578,117.44544219970703,4337100,0.0,0.0
2022-08-31,135.69000244140625,136.0399932861328,134.1699981689453,134.4600067138672,116.50103759765625,5789600,0.0,0.0
2022-09-01,134.63999938964844,138.58999633789062,134.10000610351562,138.4499969482422,119.9581298828125,4521000,0.0,0.0
2022-09-02,138.66000366210938,139.39999389648438,135.80999755859375,136.27999877929688,118.0779800415039,3601600,0.0,0.0
2022-09-06,137.3000030517578,139.35000610351562,136.24000549316406,137.58999633789062,119.21296691894531,4810600,0.0,0.0
2022-09-07,137.5500030517578,139.0399932861328,135.33999633789062,138.7100067138672,120.18341064453125,4141700,0.0,0.0
2022-09-08,139.63999938964844,140.57000732421875,138.64999389648438,140.52000427246094,121.75164794921875,3988300,0.0,0.0
2022-09-09,140.39999389648438,142.1699981689453,140.10000610351562,141.4199981689453,122.53143310546875,4427000,0.0,0.0
2022-09-12,141.00999450683594,142.8699951171875,140.32000732421875,142.24000549316406,123.24190521240234,4938400,0.0,0.0
2022-09-13,140.5500030517578,141.92999267578125,137.49000549316406,138.52999877929688,120.0274429321289,6195900,0.0,0.0
2022-09-14,139.1699981689453,140.44000244140625,138.27000427246094,139.5500030517578,120.91120910644531,4673600,0.0,0.0
2022-09-15,139.99000549316406,143.89999389648438,139.38999938964844,142.50999450683594,123.47586822509766,6416900,0.0,0.0
2022-09-16,143.39999389648438,144.85000610351562,141.36000061035156,144.05999755859375,124.81880187988281,13887500,0.0,0.0
2022-09-19,143.63999938964844,143.86000061035156,141.42999267578125,142.66000366210938,123.6058349609375,5042500,0.0,0.0
2022-09-20,141.82000732421875,142.49000549316406,140.3699951171875,141.77000427246094,122.83470153808594,4532900,0.0,0.0
2022-09-21,142.14999389648438,143.6300048828125,140.2899932861328,140.30999755859375,121.56970977783203,5076100,0.0,0.0
2022-09-22,140.2100067138672,144.4600067138672,140.0,143.00999450683594,123.9090576171875,6161000,0.0,0.0
2022-09-23,142.07000732421875,143.4199981689453,140.9499969482422,143.05999755859375,123.952392578125,5751600,0.0,0.0
2022-09-26,142.0800018310547,142.8000030517578,140.11000061035156,141.2100067138672,122.3494873046875,5697800,0.0,0.0
2022-09-27,142.58999633789062,145.5399932861328,141.2899932861328,141.72000122070312,122.79137420654297,5598000,0.0,0.0
2022-09-28,144.22000122070312,145.32000732421875,142.6199951171875,144.60000610351562,125.28669738769531,5226700,0.0,0.0
2022-09-29,144.85000610351562,145.25,141.8300018310547,142.72000122070312,123.65778350830078,5509400,0.0,0.0
2022-09-30,142.1999969482422,142.32000732421875,134.08999633789062,134.2100067138672,116.28443908691406,15359000,0.0,0.0
2022-10-03,135.8800048828125,138.8000030517578,135.30999755859375,138.32000732421875,119.8454818725586,7437500,0.0,0.0
2022-10-04,139.2100067138672,142.72000122070312,137.75999450683594,141.99000549316406,123.02531433105469,6612300,0.0,0.0
2022-10-05,141.47000122070312,144.47000122070312,141.11000061035156,143.3300018310547,124.18632507324219,4777900,0.0,0.0
2022-10-06,142.7899932861328,142.99000549316406,139.89999389648438,140.2899932861328,121.55233764648438,5124800,0.0,0.0
2022-10-07,139.00999450683594,140.0500030517578,137.5500030517578,138.75999450683594,120.2267074584961,4648800,0.0,0.0
2022-10-10,139.02999877929688,139.58999633789062,136.8699951171875,138.30999755859375,119.83680725097656,3830800,0.0,0.0
2022-10-11,138.02000427246094,143.67999267578125,138.02000427246094,141.50999450683594,122.60941314697266,5675100,0.0,0.0
2022-10-12,141.63999938964844,143.05999755859375,139.92999267578125,139.97999572753906,121.28376770019531,4528000,0.0,0.0
2022-10-13,136.6999969482422,143.17999267578125,136.27000427246094,142.9199981689453,125.09110260009766,5066200,1.41,0.0
2022-10-14,142.60000610351562,144.47999572753906,142.2100067138672,142.94000244140625,125.10865020751953,5290500,0.0,0.0
2022-10-17,142.64999389648438,144.92999267578125,142.10000610351562,144.41000366210938,126.3952407836914,4016200,0.0,0.0
2022-10-18,145.22999572753906,145.8699951171875,143.52999877929688,144.60000610351562,126.56153106689453,3540400,0.0,0.0
2022-10-19,144.8000030517578,145.4499969482422,142.30999755859375,143.1300048828125,125.27491760253906,3333300,0.0,0.0
2022-10-20,143.16000366210938,144.0399932861328,142.42999267578125,142.92999267578125,125.09986877441406,3880100,0.0,0.0
2022-10-21,143.33999633789062,147.75999450683594,142.42999267578125,147.05999755859375,128.71466064453125,5419400,0.0,0.0
2022-10-24,148.7100067138672,151.52999877929688,148.6999969482422,150.88999938964844,132.06686401367188,5139700,0.0,0.0
2022-10-25,148.02999877929688,150.60000610351562,147.2899932861328,149.82000732421875,131.13035583496094,5229400,0.0,0.0
2022-10-26,151.00999450683594,152.88999938964844,150.6999969482422,152.50999450683594,133.4847869873047,4727900,0.0,0.0
2022-10-27,153.75999450683594,153.99000549316406,152.05999755859375,153.5,134.35130310058594,6850400,0.0,0.0
2022-10-28,145.92999267578125,148.97999572753906,142.33999633789062,147.61000061035156,129.19606018066406,10812200,0.0,0.0
2022-10-31,145.1699981689453,146.77999877929688,144.0800018310547,146.39999389648438,128.13697814941406,8604800,0.0,0.0
2022-11-01,146.66000366210938,147.6999969482422,144.5500030517578,146.91000366210938,128.58340454101562,6351200,0.0,0.0
2022-11-02,147.02999877929688,148.0800018310547,144.47999572753906,144.52000427246094,126.49153900146484,5345000,0.0,0.0
2022-11-03,144.0,145.4199981689453,143.02999877929688,144.4199981689453,126.40400695800781,3850700,0.0,0.0
2022-11-04,145.35000610351562,145.5800018310547,143.0800018310547,145.27999877929688,127.15669250488281,4623700,0.0,0.0
2022-11-07,145.27999877929688,148.8000030517578,144.6999969482422,148.10000610351562,129.62493896484375,4304000,0.0,0.0
2022-11-08,148.8300018310547,151.6300048828125,147.9600067138672,148.52999877929688,130.00128173828125,4637500,0.0,0.0
2022-11-09,148.58999633789062,150.57000732421875,147.0399932861328,147.6199951171875,129.20480346679688,4573700,0.0,0.0
2022-11-10,150.66000366210938,150.66000366210938,147.75,149.72000122070312,131.04287719726562,5607700,0.0,0.0
2022-11-11,149.5399932861328,150.52000427246094,145.75,150.16000366210938,131.42796325683594,6786400,0.0,0.0
2022-11-14,150.97999572753906,154.5399932861328,150.97999572753906,151.74000549316406,132.8108673095703,7077100,0.0,0.0
2022-11-15,153.38999938964844,153.4199981689453,149.9600067138672,153.0399932861328,133.9486846923828,5909500,0.0,0.0
2022-11-16,153.44000244140625,156.69000244140625,151.22999572753906,151.8699951171875,132.9246368408203,7358700,0.0,0.0
2022-11-17,150.97000122070312,153.07000732421875,149.97000122070312,152.16000366210938,133.17845153808594,5069500,0.0,0.0
2022-11-18,153.6699981689453,155.63999938964844,153.6699981689453,154.97999572753906,135.64666748046875,5691100,0.0,0.0
2022-11-21,155.39999389648438,158.6300048828125,154.42999267578125,157.11000061035156,137.51095581054688,6492100,0.0,0.0
2022-11-22,157.69000244140625,159.8800048828125,157.55999755859375,159.7899932861328,139.85662841796875,5351100,0.0,0.0
2022-11-23,159.9499969482422,160.94000244140625,158.82000732421875,159.38999938964844,139.5065155029297,3221100,0.0,0.0
2022-11-25,159.58999633789062,160.75,159.24000549316406,159.6199951171875,139.70785522460938,1661900,0.0,0.0
2022-11-28,160.0,160.72999572753906,157.8300018310547,158.42999267578125,138.66627502441406,3902800,0.0,0.0
2022-11-29,158.30999755859375,159.42999267578125,157.2100067138672,158.1999969482422,138.46498107910156,3689000,0.0,0.0
2022-11-30,158.7899932861328,161.17999267578125,156.4600067138672,161.17999267578125,141.07322692871094,12342500,0.0,0.0
2022-12-01,161.0,163.1999969482422,159.97999572753906,161.6300048828125,141.4671173095703,5827800,0.0,0.0
2022-12-02,160.72000122070312,163.75999450683594,160.50999450683594,163.66000366210938,143.24386596679688,4304900,0.0,0.0
2022-12-05,162.88999938964844,165.19000244140625,162.88999938964844,163.94000244140625,143.4889373779297,4859400,0.0,0.0
2022-12-06,164.02999877929688,164.38999938964844,161.5500030517578,163.72000122070312,143.29640197753906,5480400,0.0,0.0
2022-12-07,163.69000244140625,165.52999877929688,163.25999450683594,165.39999389648438,144.76678466796875,4637800,0.0,0.0
2022-12-08,165.39999389648438,166.22999572753906,164.27999877929688,165.99000549316406,145.28321838378906,4274400,0.0,0.0
2022-12-09,166.75999450683594,167.75,162.80999755859375,163.05999755859375,142.71871948242188,4644800,0.0,0.0
2022-12-12,163.2100067138672,165.49000549316406,162.75,165.32000732421875,144.69680786132812,4109400,0.0,0.0
2022-12-13,166.9499969482422,167.5,164.6699981689453,164.7899932861328,144.23287963867188,5050400,0.0,0.0
2022-12-14,164.60000610351562,165.97999572753906,162.8300018310547,164.86000061035156,144.2941436767578,4485400,0.0,0.0
2022-12-15,163.88999938964844,164.61000061035156,161.9499969482422,163.10000610351562,142.75372314453125,5268300,0.0,0.0
2022-12-16,162.0500030517578,163.32000732421875,160.47999572753906,160.47999572753906,140.46055603027344,18905500,0.0,0.0
2022-12-19,160.77999877929688,162.22999572753906,160.05999755859375,161.49000549316406,141.3445587158203,4033400,0.0,0.0
2022-12-20,161.61000061035156,161.85000610351562,160.07000732421875,160.5800018310547,140.548095703125,4221000,0.0,0.0
2022-12-21,161.4499969482422,162.72999572753906,160.36000061035156,162.2100067138672,141.97474670410156,3707200,0.0,0.0
2022-12-22,161.8699951171875,163.38999938964844,161.52999877929688,163.27000427246094,142.9025115966797,3606000,0.0,0.0
2022-12-23,163.38999938964844,163.82000732421875,162.3300018310547,163.10000610351562,142.75372314453125,2685100,0.0,0.0
2022-12-27,163.49000549316406,163.80999755859375,161.77999877929688,162.99000549316406,142.65744018554688,2669200,0.0,0.0
2022-12-28,163.6999969482422,164.69000244140625,162.11000061035156,162.22999572753906,141.9922332763672,2944500,0.0,0.0
2022-12-29,162.9600067138672,163.8800048828125,162.19000244140625,162.55999755859375,142.28106689453125,3112500,0.0,0.0
2022-12-30,162.22999572753906,162.85000610351562,159.82000732421875,161.61000061035156,141.44961547851562,3680400,0.0,0.0
2023-01-03,162.0399932861328,163.02000427246094,160.80999755859375,162.3800048828125,142.12353515625,4937500,0.0,0.0
2023-01-04,162.39999389648438,164.27999877929688,161.50999450683594,163.69000244140625,143.27012634277344,4440400,0.0,0.0
2023-01-05,163.08999633789062,164.49000549316406,162.33999633789062,163.49000549316406,143.09506225585938,3516000,0.0,0.0
2023-01-06,164.83999633789062,168.11000061035156,164.1199951171875,166.5500030517578,145.7733612060547,5099100,0.0,0.0
2023-01-09,165.89999389648438,166.27999877929688,160.8800048828125,161.66000366210938,141.49337768554688,7833000,0.0,0.0
2023-01-10,162.22999572753906,162.4199981689453,158.3000030517578,159.63999938964844,139.72532653808594,5936200,0.0,0.0
2023-01-11,159.22000122070312,159.33999633789062,155.05999755859375,157.1699981689453,137.5634765625,7492000,0.0,0.0
2023-01-12,155.0,155.25999450683594,151.72000122070312,152.22000122070312,134.4974822998047,7665100,1.48,0.0
2023-01-13,152.08999633789062,153.80999755859375,151.33999633789062,153.60000610351562,135.7168426513672,6019300,0.0,0.0
2023-01-17,153.8000030517578,155.10000610351562,152.5800018310547,152.8300018310547,135.0364532470703,8507000,0.0,0.0
2023-01-18,152.1199951171875,152.4199981689453,149.07000732421875,149.1999969482422,131.82907104492188,6190800,0.0,0.0
2023-01-19,148.9499969482422,150.5399932861328,147.3300018310547,148.7100067138672,131.39613342285156,7169900,0.0,0.0
2023-01-20,149.42999267578125,149.7100067138672,147.14999389648438,149.58999633789062,132.17364501953125,7059000,0.0,0.0
2023-01-23,149.86000061035156,150.42999267578125,148.0500030517578,148.5500030517578,131.2547607421875,7616400,0.0,0.0
2023-01-24,148.0800018310547,148.8699951171875,146.44000244140625,147.69000244140625,130.49488830566406,5171400,0.0,0.0
2023-01-25,147.3800048828125,147.97999572753906,146.5,147.7899932861328,130.583251953125,5744300,0.0,0.0
2023-01-26,147.9199981689453,148.6999969482422,147.11000061035156,147.39999389648438,130.2386474609375,4577800,0.0,0.0
2023-01-27,147.30999755859375,147.67999267578125,146.00999450683594,146.27999877929688,129.24908447265625,4591500,0.0,0.0
2023-01-30,145.8699951171875,147.1199951171875,145.25999450683594,145.64999389648438,128.69239807128906,4573400,0.0,0.0
2023-01-31,145.6300048828125,147.85000610351562,144.41000366210938,147.75,130.54788208007812,5628700,0.0,0.0
2023-02-01,146.6300048828125,147.44000244140625,145.25,146.60000610351562,129.53179931640625,5439900,0.0,0.0
2023-02-02,145.92999267578125,145.92999267578125,143.44000244140625,144.83999633789062,127.97669219970703,6160800,0.0,0.0
2023-02-03,145.9199981689453,146.8000030517578,144.6999969482422,145.1999969482422,128.29476928710938,6553000,0.0,0.0
2023-02-06,145.74000549316406,146.3300018310547,144.80999755859375,145.02000427246094,128.1357879638672,4297000,0.0,0.0
2023-02-07,144.5800018310547,145.4600067138672,143.66000366210938,145.13999938964844,128.24176025390625,5401900,0.0,0.0
2023-02-08,145.41000366210938,146.35000610351562,144.47000122070312,144.61000061035156,127.77349090576172,5753800,0.0,0.0
2023-02-09,148.5,153.6999969482422,147.89999389648438,148.6999969482422,131.3872528076172,12216900,0.0,0.0
2023-02-10,149.69000244140625,153.17999267578125,148.77000427246094,152.0500030517578,134.34730529785156,8956700,0.0,0.0
2023-02-13,152.02000427246094,153.77999877929688,151.25999450683594,153.72999572753906,135.8317108154297,5602600,0.0,0.0
2023-02-14,153.9199981689453,154.0,151.75999450683594,152.58999633789062,134.8244171142578,4662800,0.0,0.0
2023-02-15,152.6199951171875,153.49000549316406,150.8300018310547,151.05999755859375,133.47254943847656,5648100,0.0,0.0
2023-02-16,149.11000061035156,150.5,148.72999572753906,149.52999877929688,132.1206817626953,3757500,0.0,0.0
2023-02-17,149.14999389648438,151.38999938964844,148.61000061035156,151.30999755859375,133.69342041015625,4562400,0.0,0.0
2023-02-21,149.82000732421875,153.02000427246094,149.82000732421875,152.0,134.3031005859375,8466100,0.0,0.0
2023-02-22,151.0,152.14999389648438,150.24000549316406,150.6699981689453,133.1279296875,6041700,0.0,0.0
2023-02-23,150.89999389648438,153.57000732421875,149.1699981689453,152.07000732421875,134.36495971679688,5993300,0.0,0.0
2023-02-24,151.3000030517578,152.97999572753906,150.91000366210938,152.7100067138672,134.93045043945312,5621100,0.0,0.0
2023-02-27,153.25999450683594,154.75,153.10000610351562,154.27999877929688,136.31761169433594,6828800,0.0,0.0
2023-02-28,153.9600067138672,154.3699951171875,152.6199951171875,153.89999389648438,135.98187255859375,7561700,0.0,0.0
2023-03-01,152.75999450683594,155.5800018310547,152.3699951171875,155.27000427246094,137.1923828125,5485800,0.0,0.0
2023-03-02,155.22999572753906,155.77000427246094,154.2100067138672,154.3800048828125,136.406005859375,4567800,0.0,0.0
2023-03-03,154.3300018310547,156.1699981689453,154.00999450683594,156.05999755859375,137.890380859375,4851200,0.0,0.0
2023-03-06,155.7899932861328,156.4600067138672,154.5399932861328,155.27999877929688,137.20120239257812,4051900,0.0,0.0
2023-03-07,155.57000732421875,155.6699981689453,152.0500030517578,152.92999267578125,135.1248016357422,4606900,0.0,0.0
2023-03-08,152.7899932861328,153.74000549316406,148.5399932861328,149.60000610351562,132.18251037597656,5860100,0.0,0.0
2023-03-09,150.07000732421875,150.91000366210938,146.57000732421875,147.35000610351562,130.19448852539062,5350200,0.0,0.0
2023-03-10,147.83999633789062,150.63999938964844,147.47000122070312,149.7100067138672,132.27972412109375,6825500,0.0,0.0
2023-03-13,149.0,153.32000732421875,149.0,151.9499969482422,134.25892639160156,7653800,0.0,0.0
2023-03-14,151.9499969482422,153.99000549316406,151.4600067138672,153.85000610351562,135.9376983642578,6644100,0.0,0.0
2023-03-15,152.17999267578125,154.3800048828125,151.72999572753906,154.05999755859375,136.1232452392578,6304600,0.0,0.0
2023-03-16,153.1999969482422,155.9199981689453,152.50999450683594,155.3000030517578,137.21885681152344,6331200,0.0,0.0
2023-03-17,155.77999877929688,156.07000732421875,151.8800048828125,154.22000122070312,136.26463317871094,42756400,0.0,0.0
2023-03-20,154.52000427246094,156.33999633789062,154.4600067138672,156.1199951171875,137.9434051513672,4408200,0.0,0.0
2023-03-21,156.63999938964844,157.0500030517578,155.10000610351562,156.77000427246094,138.51776123046875,4675700,0.0,0.0
2023-03-22,155.67999267578125,156.8800048828125,153.61000061035156,153.6699981689453,135.77867126464844,4376900,0.0,0.0
2023-03-23,154.10000610351562,156.5,154.02000427246094,155.3000030517578,137.21885681152344,4584000,0.0,0.0
2023-03-24,155.27999877929688,158.47999572753906,154.58999633789062,158.02000427246094,139.6222381591797,4678700,0.0,0.0
2023-03-27,158.8300018310547,159.13999938964844,157.3800048828125,157.5399932861328,139.19808959960938,3887800,0.0,0.0
2023-03-28,157.8000030517578,158.60000610351562,157.4499969482422,158.25,139.82542419433594,3532500,0.0,0.0
2023-03-29,158.97999572753906,159.6999969482422,156.36000061035156,158.0,139.6045379638672,3959900,0.0,0.0
2023-03-30,158.00999450683594,158.52999877929688,157.4199981689453,157.9199981689453,139.5338592529297,3635800,0.0,0.0
2023-03-31,158.42999267578125,159.57000732421875,157.72999572753906,159.3699951171875,140.81500244140625,4957300,0.0,0.0
2023-04-03,158.25,160.47000122070312,157.7899932861328,160.4199981689453,141.74278259277344,4389400,0.0,0.0
2023-04-04,160.50999450683594,161.72999572753906,159.52999877929688,159.77999877929688,141.17727661132812,4224400,0.0,0.0
2023-04-05,160.0,161.6699981689453,159.00999450683594,160.8000030517578,142.0785675048828,5743000,0.0,0.0
2023-04-06,160.8000030517578,162.19000244140625,160.6199951171875,161.5500030517578,142.7411651611328,5498300,0.0,0.0
2023-04-10,161.7100067138672,162.05999755859375,160.2100067138672,161.27999877929688,142.50265502929688,3309500,0.0,0.0
2023-04-11,161.49000549316406,162.58999633789062,161.19000244140625,161.3800048828125,142.59103393554688,2875800,0.0,0.0
2023-04-12,162.1199951171875,163.47999572753906,161.60000610351562,162.36000061035156,143.4569091796875,4005000,0.0,0.0
2023-04-13,161.0,162.86000061035156,160.5500030517578,162.69000244140625,145.07089233398438,3868500,1.48,0.0
2023-04-14,162.63999938964844,163.0,160.92999267578125,161.58999633789062,144.09002685546875,3473100,0.0,0.0
2023-04-17,161.9199981689453,162.1999969482422,160.64999389648438,161.17999267578125,143.7244415283203,4354100,0.0,0.0
2023-04-18,161.0,161.22999572753906,158.41000366210938,159.58999633789062,142.3065948486328,4996200,0.0,0.0
2023-04-19,158.6699981689453,161.44000244140625,158.52000427246094,161.2100067138672,143.75115966796875,4826900,0.0,0.0
2023-04-20,161.17999267578125,161.77000427246094,160.5800018310547,161.74000549316406,144.22378540039062,3808100,0.0,0.0
2023-04-21,162.58999633789062,163.19000244140625,162.02000427246094,162.41000366210938,144.8212127685547,4812100,0.0,0.0
2023-04-24,162.57000732421875,164.36000061035156,162.3300018310547,164.0800018310547,146.31036376953125,4728900,0.0,0.0
2023-04-25,164.80999755859375,166.1999969482422,164.49000549316406,164.89999389648438,147.0415496826172,5506200,0.0,0.0
2023-04-26,162.67999267578125,163.25999450683594,160.5,161.8000030517578,144.27725219726562,5192000,0.0,0.0
2023-04-27,153.8699951171875,153.8699951171875,147.16000366210938,148.8699951171875,132.74757385253906,17063000,0.0,0.0
2023-04-28,147.97000122070312,151.38999938964844,147.44000244140625,151.1199951171875,134.75389099121094,7123800,0.0,0.0
2023-05-01,150.83999633789062,154.7100067138672,150.82000732421875,153.7100067138672,137.06341552734375,5601000,0.0,0.0
2023-05-02,153.5500030517578,155.02000427246094,151.1999969482422,151.6199951171875,135.19972229003906,5135600,0.0,0.0
2023-05-03,151.07000732421875,151.50999450683594,148.4499969482422,149.25,133.08644104003906,6815300,0.0,0.0
2023-05-04,149.0,149.0,146.35000610351562,147.36000061035156,131.401123046875,5694300,0.0,0.0
2023-05-05,148.5399932861328,149.3800048828125,147.13999938964844,148.02999877929688,131.99856567382812,4447700,0.0,0.0
2023-05-08,148.14999389648438,148.1999969482422,146.74000549316406,147.4499969482422,131.4813690185547,3689500,0.0,0.0
2023-05-09,147.41000366210938,148.4600067138672,146.27000427246094,146.8300018310547,130.92849731445312,4201600,0.0,0.0
2023-05-10,146.52000427246094,146.97999572753906,145.14999389648438,146.4199981689453,130.56288146972656,4127300,0.0,0.0
2023-05-11,147.2899932861328,147.57000732421875,145.19000244140625,146.58999633789062,130.71449279785156,4300400,0.0,0.0
2023-05-12,146.7899932861328,147.60000610351562,146.07000732421875,147.14999389648438,131.21383666992188,3526500,0.0,0.0
2023-05-15,147.6699981689453,148.89999389648438,145.66000366210938,146.58999633789062,130.71449279785156,4391800,0.0,0.0
2023-05-16,145.86000061035156,146.94000244140625,143.22999572753906,143.2899932861328,127.7718734741211,4685400,0.0,0.0
2023-05-17,143.02000427246094,143.52000427246094,140.52000427246094,143.35000610351562,127.82540893554688,5482000,0.0,0.0
2023-05-18,142.61000061035156,143.55999755859375,141.97999572753906,143.44000244140625,127.90562438964844,4791200,0.0,0.0
2023-05-19,143.86000061035156,145.8000030517578,143.8000030517578,145.11000061035156,129.39479064941406,5610300,0.0,0.0
2023-05-22,145.47000122070312,146.66000366210938,143.77999877929688,144.89999389648438,129.20750427246094,3867300,0.0,0.0
2023-05-23,144.4499969482422,144.82000732421875,142.33999633789062,142.52000427246094,127.08528137207031,5121900,0.0,0.0
2023-05-24,142.58999633789062,142.94000244140625,140.94000244140625,141.14999389648438,125.86360168457031,4143500,0.0,0.0
2023-05-25,140.02999877929688,140.1999969482422,138.25999450683594,138.6199951171875,123.60763549804688,6986600,0.0,0.0
2023-05-26,138.72000122070312,139.85000610351562,137.10000610351562,137.55999755859375,122.66242980957031,7590300,0.0,0.0
2023-05-30,135.49000549316406,136.83999633789062,135.25,136.44000244140625,121.66374206542969,7671500,0.0,0.0
2023-05-31,136.6199951171875,138.7100067138672,135.77000427246094,137.9600067138672,123.01913452148438,12579100,0.0,0.0
2023-06-01,135.25999450683594,135.25999450683594,131.10000610351562,133.44000244140625,118.98863220214844,11895600,0.0,0.0
2023-06-02,133.7100067138672,136.97000122070312,133.5,136.8699951171875,122.04713439941406,6661600,0.0,0.0
2023-06-05,137.0,138.30999755859375,136.2899932861328,136.86000061035156,122.03824615478516,4276200,0.0,0.0
2023-06-06,137.47000122070312,137.5399932861328,134.6300048828125,135.42999267578125,120.76310729980469,4359900,0.0,0.0
2023-06-07,134.89999389648438,137.05999755859375,134.25999450683594,136.5,121.71723937988281,4645200,0.0,0.0
2023-06-08,137.0,137.88999938964844,136.0,137.63999938964844,122.73375701904297,4714200,0.0,0.0
2023-06-09,137.55999755859375,139.19000244140625,137.0800018310547,138.17999267578125,123.21528625488281,4359500,0.0,0.0
2023-06-12,139.5800018310547,139.6699981689453,136.91000366210938,137.72999572753906,122.81401062011719,4888500,0.0,0.0
2023-06-13,137.50999450683594,138.47000122070312,137.1999969482422,138.30999755859375,123.33118438720703,4229100,0.0,0.0
2023-06-14,138.80999755859375,139.27000427246094,136.0800018310547,136.22999572753906,121.47647857666016,6128300,0.0,0.0
2023-06-15,136.75,136.83999633789062,135.4600067138672,135.88999938964844,121.17327880859375,6614900,0.0,0.0
2023-06-16,136.6999969482422,138.9199981689453,136.49000549316406,138.63999938964844,123.62548828125,14616000,0.0,0.0
2023-06-20,137.10000610351562,138.9499969482422,136.66000366210938,137.82000732421875,122.89427947998047,4868800,0.0,0.0
2023-06-21,136.75,137.42999267578125,134.67999267578125,136.86000061035156,122.03824615478516,5828400,0.0,0.0
2023-06-22,137.14999389648438,137.89999389648438,135.88999938964844,137.41000366210938,122.5286636352539,4826900,0.0,0.0
2023-06-23,137.3000030517578,138.69000244140625,135.6699981689453,135.9199981689453,121.20006561279297,7395600,0.0,0.0
2023-06-26,136.14999389648438,136.14999389648438,133.69000244140625,134.9499969482422,120.3350830078125,6468100,0.0,0.0
2023-06-27,134.8800048828125,134.8800048828125,132.52000427246094,132.60000610351562,118.23959350585938,7839900,0.0,0.0
2023-06-28,132.60000610351562,133.1699981689453,130.9600067138672,132.50999450683594,118.15933990478516,6911900,0.0,0.0
2023-06-29,132.3699951171875,133.91000366210938,132.1300048828125,133.22999572753906,118.80136108398438,4947600,0.0,0.0
2023-06-30,133.47000122070312,135.92999267578125,132.8000030517578,134.72999572753906,120.138916015625,8711300,0.0,0.0
2023-07-03,134.0,135.42999267578125,133.14999389648438,135.00999450683594,120.38858032226562,2674600,0.0,0.0
2023-07-05,135.17999267578125,137.8800048828125,134.63999938964844,137.6199951171875,122.71591186523438,6903300,0.0,0.0
2023-07-06,137.47999572753906,138.27999877929688,136.44000244140625,137.25,122.38600158691406,6091000,0.0,0.0
2023-07-07,137.14999389648438,137.64999389648438,135.35000610351562,135.5,120.82552337646484,6873200,0.0,0.0
2023-07-10,135.41000366210938,136.08999633789062,134.05999755859375,134.49000549316406,119.92491912841797,5153300,0.0,0.0
2023-07-11,134.0,135.75999450683594,133.67999267578125,135.57000732421875,120.88796997070312,5144800,0.0,0.0
2023-07-12,135.82000732421875,136.60000610351562,134.7899932861328,134.97999572753906,120.36182403564453,4944100,0.0,0.0
2023-07-13,132.92999267578125,134.10000610351562,132.6999969482422,133.58999633789062,120.44300079345703,4631800,1.48,0.0
2023-07-14,134.72999572753906,136.6199951171875,134.1199951171875,136.00999450683594,122.62480163574219,5544100,0.0,0.0
2023-07-17,135.82000732421875,136.22999572753906,134.55999755859375,134.8300018310547,121.56094360351562,4033000,0.0,0.0
2023-07-18,134.8000030517578,137.89999389648438,134.7100067138672,136.5800018310547,123.13870239257812,5392800,0.0,0.0
2023-07-19,137.24000549316406,138.05999755859375,136.9499969482422,137.67999267578125,124.13046264648438,4784200,0.0,0.0
2023-07-20,138.83999633789062,142.72000122070312,138.5500030517578,142.19000244140625,128.19664001464844,7009800,0.0,0.0
2023-07-21,142.1999969482422,144.17999267578125,141.94000244140625,143.74000549316406,129.59408569335938,5654300,0.0,0.0
2023-07-24,143.10000610351562,144.42999267578125,142.83999633789062,143.17999267578125,129.08920288085938,4468700,0.0,0.0
2023-07-25,142.39999389648438,142.92999267578125,141.32000732421875,141.6300048828125,127.69173431396484,4778200,0.0,0.0
2023-07-26,141.42999267578125,142.27999877929688,140.52000427246094,141.89999389648438,127.9351577758789,5006800,0.0,0.0
2023-07-27,144.47999572753906,151.3699951171875,144.47999572753906,148.85000610351562,134.20118713378906,13664400,0.0,0.0
2023-07-28,149.9199981689453,151.75999450683594,148.55999755859375,150.85000610351562,136.00439453125,8000300,0.0,0.0
2023-07-31,150.42999267578125,150.5,147.6199951171875,149.5800018310547,134.85934448242188,9109200,0.0,0.0
2023-08-01,150.0,150.8699951171875,147.83999633789062,148.5399932861328,133.92169189453125,4409600,0.0,0.0
2023-08-02,148.11000061035156,150.57000732421875,148.11000061035156,149.3800048828125,134.6790313720703,5756400,0.0,0.0
2023-08-03,148.9600067138672,149.36000061035156,148.17999267578125,149.0500030517578,134.38153076171875,4674300,0.0,0.0
2023-08-04,148.97000122070312,150.57000732421875,147.16000366210938,147.72999572753906,133.19140625,4231200,0.0,0.0
2023-08-07,148.0,150.8800048828125,147.8000030517578,150.3300018310547,135.53553771972656,3800600,0.0,0.0
2023-08-08,150.77999877929688,151.75,148.9199981689453,149.6199951171875,134.8954315185547,4013400,0.0,0.0
2023-08-09,150.49000549316406,152.05999755859375,149.91000366210938,150.77000427246094,135.93223571777344,3737100,0.0,0.0
2023-08-10,151.1999969482422,152.83999633789062,150.57000732421875,151.44000244140625,136.5363311767578,3275800,0.0,0.0
2023-08-11,151.9499969482422,153.5,151.72000122070312,152.17999267578125,137.20346069335938,3454800,0.0,0.0
2023-08-14,153.02000427246094,153.13999938964844,151.57000732421875,152.27000427246094,137.28463745117188,2570900,0.0,0.0
2023-08-15,151.57000732421875,152.89999389648438,150.7899932861328,152.1199951171875,137.1493682861328,3636300,0.0,0.0
2023-08-16,152.58999633789062,153.60000610351562,151.3800048828125,151.5500030517578,136.63551330566406,3214900,0.0,0.0
2023-08-17,151.16000366210938,151.91000366210938,149.9199981689453,150.02000427246094,135.25604248046875,5285700,0.0,0.0
2023-08-18,150.2899932861328,150.92999267578125,149.22999572753906,150.13999938964844,135.36422729492188,4050900,0.0,0.0
2023-08-21,149.7100067138672,150.35000610351562,148.8800048828125,150.16000366210938,135.38229370117188,3944800,0.0,0.0
2023-08-22,150.0,150.0,147.97000122070312,148.24000549316406,133.65121459960938,3209300,0.0,0.0
2023-08-23,148.6699981689453,149.0,145.94000244140625,147.0800018310547,132.60540771484375,5414800,0.0,0.0
2023-08-24,146.9199981689453,147.82000732421875,146.35000610351562,146.6300048828125,132.19967651367188,3986300,0.0,0.0
2023-08-25,147.02000427246094,147.6699981689453,146.1999969482422,146.69000244140625,132.25375366210938,3275100,0.0,0.0
2023-08-28,147.08999633789062,148.07000732421875,146.77000427246094,147.42999267578125,132.9209442138672,2806900,0.0,0.0
2023-08-29,147.99000549316406,148.91000366210938,146.5,147.58999633789062,133.06521606445312,3419100,0.0,0.0
2023-08-30,148.1199951171875,148.8000030517578,146.89999389648438,148.32000732421875,133.72337341308594,3486400,0.0,0.0
2023-08-31,148.38999938964844,148.7100067138672,146.8699951171875,146.9600067138672,132.4971923828125,4110700,0.0,0.0
2023-09-01,147.36000061035156,148.88999938964844,147.36000061035156,148.1999969482422,133.61512756347656,3357800,0.0,0.0
2023-09-05,148.5,148.9600067138672,145.86000061035156,146.10000610351562,131.7218475341797,3911100,0.0,0.0
2023-09-06,146.10000610351562,146.1199951171875,143.74000549316406,145.61000061035156,131.28005981445312,5304300,0.0,0.0
2023-09-07,146.14999389648438,149.0,145.8699951171875,148.91000366210938,134.2552947998047,5142100,0.0,0.0
2023-09-08,149.0,149.75999450683594,148.1999969482422,149.02000427246094,134.35447692871094,4339800,0.0,0.0
2023-09-11,148.86000061035156,149.41000366210938,148.4199981689453,149.0399932861328,134.3724822998047,2911600,0.0,0.0
2023-09-12,149.5,149.60000610351562,147.6199951171875,149.27000427246094,134.57989501953125,2424800,0.0,0.0
2023-09-13,149.4199981689453,152.39999389648438,149.0500030517578,151.16000366210938,136.28384399414062,5953700,0.0,0.0
2023-09-14,152.00999450683594,154.69000244140625,151.8000030517578,153.63999938964844,138.51979064941406,6336900,0.0,0.0
2023-09-15,152.77999877929688,154.6999969482422,151.92999267578125,152.1199951171875,137.1493682861328,8868300,0.0,0.0
2023-09-18,153.0800018310547,153.97000122070312,152.10000610351562,153.94000244140625,138.79026794433594,2967600,0.0,0.0
2023-09-19,153.88999938964844,154.63999938964844,151.60000610351562,153.49000549316406,138.3845672607422,3509700,0.0,0.0
2023-09-20,154.05999755859375,154.8800048828125,153.3699951171875,153.61000061035156,138.49276733398438,2744800,0.0,0.0
2023-09-21,153.67999267578125,154.85000610351562,152.66000366210938,153.42999267578125,138.33047485351562,3660300,0.0,0.0
2023-09-22,153.89999389648438,153.89999389648438,152.52000427246094,152.74000549316406,137.70835876464844,3049200,0.0,0.0
2023-09-25,152.44000244140625,154.74000549316406,151.66000366210938,154.64999389648438,139.43038940429688,3740000,0.0,0.0
2023-09-26,154.39999389648438,154.60000610351562,153.3300018310547,153.91000366210938,138.76324462890625,3936300,0.0,0.0
2023-09-27,153.83999633789062,154.0,151.61000061035156,153.1300048828125,138.05999755859375,3621300,0.0,0.0
2023-09-28,153.63999938964844,153.8300018310547,151.3699951171875,152.25,137.26658630371094,3697400,0.0,0.0
2023-09-29,152.4600067138672,152.52999877929688,148.8300018310547,149.05999755859375,134.39051818847656,5581600,0.0,0.0
2023-10-02,148.47000122070312,148.86000061035156,146.72000122070312,148.25,133.6602325439453,3827800,0.0,0.0
2023-10-03,147.8300018310547,147.99000549316406,145.35000610351562,147.42999267578125,132.9209442138672,4580900,0.0,0.0
2023-10-04,146.57000732421875,148.0800018310547,146.30999755859375,147.69000244140625,133.1553955078125,3159600,0.0,0.0
2023-10-05,147.92999267578125,149.52999877929688,147.08999633789062,147.4499969482422,132.93898010253906,3599500,0.0,0.0
2023-10-06,146.49000549316406,149.3300018310547,146.1199951171875,148.24000549316406,133.65121459960938,5370100,0.0,0.0
2023-10-09,148.27000427246094,149.75,147.16000366210938,149.11000061035156,134.4356231689453,2903300,0.0,0.0
2023-10-10,149.38999938964844,149.55999755859375,148.0399932861328,148.88999938964844,134.23727416992188,3729000,0.0,0.0
2023-10-11,149.1300048828125,150.39999389648438,148.77000427246094,149.33999633789062,134.64295959472656,3189800,0.0,0.0
2023-10-12,148.1300048828125,148.60000610351562,147.00999450683594,148.3000030517578,135.04364013671875,4554400,1.48,0.0
2023-10-13,148.9499969482422,149.66000366210938,147.33999633789062,147.9600067138672,134.7340545654297,4304700,0.0,0.0
2023-10-16,148.22000122070312,149.5,146.9199981689453,147.22999572753906,134.0692901611328,3704400,0.0,0.0
2023-10-17,147.3300018310547,149.66000366210938,147.14999389648438,149.17999267578125,135.844970703125,5372400,0.0,0.0
2023-10-18,149.27000427246094,149.61000061035156,148.33999633789062,149.27999877929688,135.93603515625,4910500,0.0,0.0
2023-10-19,148.5500030517578,148.5500030517578,143.3300018310547,145.52000427246094,132.51214599609375,6147100,0.0,0.0
2023-10-20,145.27999877929688,147.50999450683594,145.27999877929688,146.22999572753906,133.15866088867188,4223800,0.0,0.0
2023-10-23,146.16000366210938,146.4199981689453,144.1999969482422,144.72999572753906,131.7927703857422,3903300,0.0,0.0
2023-10-24,145.14999389648438,146.97000122070312,145.10000610351562,146.30999755859375,133.23153686523438,3362900,0.0,0.0
2023-10-25,146.11000061035156,146.89999389648438,144.82000732421875,145.25999450683594,132.27540588378906,5461500,0.0,0.0
2023-10-26,144.86000061035156,145.9499969482422,144.22999572753906,145.1999969482422,132.2207794189453,5569400,0.0,0.0
2023-10-27,138.77000427246094,143.0,136.02999877929688,138.92999267578125,126.51121520996094,9427200,0.0,0.0
2023-10-30,140.6699981689453,145.7100067138672,140.6699981689453,141.88999938964844,129.20664978027344,9258500,0.0,0.0
2023-10-31,142.08999633789062,142.22000122070312,139.67999267578125,141.17999267578125,128.56007385253906,10394000,0.0,0.0
2023-11-01,141.86000061035156,143.7100067138672,141.75,142.47000122070312,129.7347869873047,4207800,0.0,0.0
2023-11-02,141.30999755859375,143.77000427246094,140.50999450683594,143.25999450683594,130.45413208007812,4066800,0.0,0.0
2023-11-03,143.9499969482422,143.9499969482422,140.88999938964844,141.4199981689453,128.7786407470703,5414500,0.0,0.0
2023-11-06,141.88999938964844,142.3699951171875,140.97999572753906,141.1999969482422,128.5782928466797,4377000,0.0,0.0
2023-11-07,141.52000427246094,142.17999267578125,140.57000732421875,142.16000366210938,129.4525146484375,5024400,0.0,0.0
2023-11-08,143.44000244140625,143.88999938964844,141.9199981689453,142.02999877929688,129.33409118652344,5299100,0.0,0.0
2023-11-09,141.0,141.60000610351562,135.85000610351562,138.0399932861328,125.70075225830078,14970300,0.0,0.0
2023-11-10,138.64999389648438,139.36000061035156,136.39999389648438,138.58999633789062,126.20162200927734,4586400,0.0,0.0
2023-11-13,138.58999633789062,139.16000366210938,137.42999267578125,138.63999938964844,126.24714660644531,4454700,0.0,0.0
2023-11-14,138.92999267578125,140.10000610351562,137.9600067138672,138.05999755859375,125.7190170288086,4509200,0.0,0.0
2023-11-15,138.25,138.25,136.3000030517578,137.60000610351562,125.30010986328125,6473200,0.0,0.0
2023-11-16,138.27999877929688,138.82000732421875,137.0500030517578,138.27999877929688,125.91931915283203,5257000,0.0,0.0
2023-11-17,138.36000061035156,138.8800048828125,137.3800048828125,138.3000030517578,125.93753051757812,4332300,0.0,0.0
2023-11-20,137.52999877929688,138.69000244140625,137.13999938964844,138.30999755859375,125.9466323852539,4490000,0.0,0.0
2023-11-21,138.72999572753906,139.36000061035156,137.8300018310547,138.72999572753906,126.3291015625,4690800,0.0,0.0
2023-11-22,139.05999755859375,139.83999633789062,138.3300018310547,138.47000122070312,126.09233856201172,3428500,0.0,0.0
2023-11-24,140.0,140.0800018310547,138.4600067138672,138.6699981689453,126.27446746826172,1636500,0.0,0.0
2023-11-27,138.6999969482422,139.3800048828125,137.7899932861328,139.08999633789062,126.65690612792969,5529400,0.0,0.0
2023-11-28,139.0500030517578,139.66000366210938,137.9199981689453,138.0800018310547,125.73719787597656,5347200,0.0,0.0
2023-11-29,138.02000427246094,139.08999633789062,137.64999389648438,138.5,126.11965942382812,3996500,0.0,0.0
2023-11-30,138.00999450683594,142.6999969482422,138.00999450683594,142.38999938964844,129.66192626953125,9297400,0.0,0.0
2023-12-01,142.5399932861328,144.10000610351562,142.27999877929688,143.41000366210938,130.5907440185547,4903400,0.0,0.0
2023-12-04,143.41000366210938,145.49000549316406,143.27000427246094,144.14999389648438,131.26458740234375,4845300,0.0,0.0
2023-12-05,144.11000061035156,145.0800018310547,142.66000366210938,144.57000732421875,131.64707946777344,3961700,0.0,0.0
2023-12-06,144.7899932861328,147.07000732421875,144.72999572753906,146.3800048828125,133.2952880859375,4978800,0.0,0.0
2023-12-07,147.63999938964844,148.3800048828125,145.1999969482422,147.97000122070312,134.74314880371094,7225100,0.0,0.0
2023-12-08,148.07000732421875,150.07000732421875,148.0,149.27999877929688,135.93603515625,5695200,0.0,0.0
2023-12-11,150.6699981689453,152.7100067138672,150.63999938964844,151.24000549316406,137.72085571289062,6343500,0.0,0.0
2023-12-12,151.72999572753906,153.58999633789062,150.1699981689453,153.24000549316406,139.54209899902344,5882200,0.0,0.0
2023-12-13,152.97999572753906,154.77000427246094,152.72999572753906,154.3000030517578,140.50732421875,8104500,0.0,0.0
2023-12-14,154.36000061035156,155.16000366210938,152.75999450683594,154.8800048828125,141.0354766845703,7869600,0.0,0.0
2023-12-15,154.74000549316406,155.88999938964844,153.11000061035156,154.0399932861328,140.27053833007812,15203000,0.0,0.0
2023-12-18,153.0,154.35000610351562,151.75,153.4199981689453,139.7059783935547,5379600,0.0,0.0
2023-12-19,153.58999633789062,154.47999572753906,152.4499969482422,153.60000610351562,139.86990356445312,5476700,0.0,0.0
2023-12-20,153.99000549316406,154.2100067138672,151.5399932861328,151.69000244140625,138.130615234375,4716400,0.0,0.0
2023-12-21,152.0500030517578,152.91000366210938,151.2899932861328,152.58999633789062,138.95016479492188,4036100,0.0,0.0
2023-12-22,153.2899932861328,155.4600067138672,153.08999633789062,154.94000244140625,141.09010314941406,3373400,0.0,0.0
2023-12-26,154.25,155.27999877929688,154.1300048828125,154.6199951171875,140.79872131347656,2073400,0.0,0.0
2023-12-27,154.0500030517578,154.97000122070312,153.72000122070312,154.8800048828125,141.0354766845703,3747400,0.0,0.0
2023-12-28,155.25,155.6300048828125,154.5399932861328,154.75,140.91708374023438,2601200,0.0,0.0
2023-12-29,154.5399932861328,155.2100067138672,154.41000366210938,154.97000122070312,141.117431640625,3712000,0.0,0.0
2024-01-02,154.89999389648438,160.13999938964844,154.77000427246094,159.82000732421875,145.5338897705078,8059900,0.0,0.0
2024-01-03,160.58999633789062,161.75,159.83999633789062,160.4600067138672,146.1166534423828,5301400,0.0,0.0
2024-01-04,160.30999755859375,162.2899932861328,159.42999267578125,161.4600067138672,147.02728271484375,8332200,0.0,0.0
2024-01-05,161.3300018310547,163.02999877929688,160.61000061035156,162.13999938964844,147.64651489257812,5607600,0.0,0.0
2024-01-08,162.17999267578125,162.77000427246094,159.77999877929688,161.42999267578125,146.9999542236328,6001600,0.0,0.0
2024-01-09,161.42999267578125,163.47000122070312,160.83999633789062,162.30999755859375,147.80130004882812,4454000,0.0,0.0
2024-01-10,162.27000427246094,165.0800018310547,161.8800048828125,164.88999938964844,150.1506805419922,6609900,0.0,0.0
2024-01-11,164.25,165.1199951171875,163.08999633789062,163.77999877929688,149.139892578125,4591500,0.0,0.0
2024-01-12,162.75,163.3000030517578,162.17999267578125,162.39999389648438,149.29617309570312,4971400,1.55,0.0
2024-01-16,161.97999572753906,162.3000030517578,161.02000427246094,161.47999572753906,148.45040893554688,4747700,0.0,0.0
2024-01-17,161.75,162.9499969482422,161.52000427246094,162.0399932861328,148.96522521972656,4423100,0.0,0.0
2024-01-18,161.16000366210938,163.66000366210938,161.0,163.3000030517578,150.12356567382812,5074300,0.0,0.0
2024-01-19,163.91000366210938,164.8699951171875,162.60000610351562,164.77000427246094,151.47500610351562,5863000,0.0,0.0
2024-01-22,164.44000244140625,165.4499969482422,163.75999450683594,165.38999938964844,152.044921875,4864000,0.0,0.0
2024-01-23,164.4499969482422,167.52999877929688,164.05999755859375,167.5,153.9846649169922,5784700,0.0,0.0
2024-01-24,167.77000427246094,167.9499969482422,164.05999755859375,164.22000122070312,150.96934509277344,5422200,0.0,0.0
2024-01-25,164.0,165.2100067138672,163.1999969482422,165.1300048828125,151.805908203125,4465800,0.0,0.0
2024-01-26,165.27000427246094,165.86000061035156,163.5,164.39999389648438,151.13478088378906,4654300,0.0,0.0
2024-01-29,165.85000610351562,166.75999450683594,163.67999267578125,163.91000366210938,150.68434143066406,4704100,0.0,0.0
2024-01-30,164.22000122070312,164.97999572753906,163.25999450683594,164.9199981689453,151.61285400390625,3819600,0.0,0.0
2024-01-31,165.75,165.86000061035156,163.9499969482422,164.39999389648438,151.13478088378906,4993900,0.0,0.0
2024-02-01,163.6999969482422,167.67999267578125,162.6699981689453,167.58999633789062,154.06741333007812,5584400,0.0,0.0
2024-02-02,169.4199981689453,172.85000610351562,165.22999572753906,168.6699981689453,155.06028747558594,7870400,0.0,0.0
2024-02-05,169.83999633789062,173.1300048828125,168.4499969482422,171.25999450683594,157.4412841796875,6486700,0.0,0.0
2024-02-06,171.64999389648438,173.9600067138672,169.77000427246094,173.2899932861328,159.30751037597656,7037400,0.0,0.0
2024-02-07,174.00999450683594,175.55999755859375,173.32000732421875,175.00999450683594,160.88868713378906,6409100,0.0,0.0
2024-02-08,174.35000610351562,175.91000366210938,174.3000030517578,174.7899932861328,160.68643188476562,5709100,0.0,0.0
2024-02-09,175.07000732421875,175.39999389648438,173.0500030517578,174.0800018310547,160.03375244140625,3502700,0.0,0.0
2024-02-12,173.5399932861328,174.75999450683594,172.22999572753906,173.07000732421875,159.10525512695312,3477100,0.0,0.0
2024-02-13,174.4600067138672,175.1999969482422,171.97000122070312,173.2899932861328,159.30751037597656,5480400,0.0,0.0
2024-02-14,173.05999755859375,174.86000061035156,172.67999267578125,174.4199981689453,160.34629821777344,4348500,0.0,0.0
2024-02-15,174.02000427246094,176.74000549316406,173.80999755859375,176.58999633789062,162.34121704101562,5276200,0.0,0.0
2024-02-16,176.88999938964844,178.9199981689453,176.07000732421875,177.49000549316406,163.1685791015625,6689900,0.0,0.0
2024-02-20,175.8300018310547,178.67999267578125,175.52000427246094,175.75,161.56900024414062,5484100,0.0,0.0
2024-02-21,176.2899932861328,176.6300048828125,173.5,175.13999938964844,161.0082244873047,3818500,0.0,0.0
2024-02-22,174.77999877929688,177.33999633789062,173.13999938964844,176.75,162.48829650878906,4852300,0.0,0.0
2024-02-23,177.25999450683594,178.91000366210938,177.00999450683594,178.08999633789062,163.7201690673828,3941800,0.0,0.0
2024-02-26,178.83999633789062,179.7899932861328,178.0,178.80999755859375,164.38209533691406,4327400,0.0,0.0
2024-02-27,178.77000427246094,179.52999877929688,176.97999572753906,178.99000549316406,164.54759216308594,3888500,0.0,0.0
2024-02-28,179.85000610351562,179.88999938964844,176.88999938964844,178.0,163.63746643066406,4331300,0.0,0.0
2024-02-29,177.8699951171875,178.02000427246094,175.38999938964844,176.0500030517578,161.84478759765625,7485700,0.0,0.0
2024-03-01,176.0500030517578,179.19000244140625,175.75,178.91000366210938,164.47401428222656,4028700,0.0,0.0
2024-03-04,178.35000610351562,179.97999572753906,176.27999877929688,177.0500030517578,162.76409912109375,4723600,0.0,0.0
2024-03-05,177.7899932861328,179.58999633789062,177.7899932861328,179.16000366210938,164.703857421875,5309800,0.0,0.0
2024-03-06,178.39999389648438,182.16000366210938,178.10000610351562,181.05999755859375,166.45053100585938,6047100,0.0,0.0
2024-03-07,182.19000244140625,182.4199981689453,179.5399932861328,180.57000732421875,166.0000762939453,6125200,0.0,0.0
2024-03-08,179.74000549316406,182.13999938964844,178.67999267578125,178.85000610351562,164.41885375976562,6195600,0.0,0.0
2024-03-11,178.41000366210938,181.25999450683594,178.24000549316406,179.6300048828125,165.13592529296875,5134800,0.0,0.0
2024-03-12,179.72000122070312,182.88999938964844,179.69000244140625,180.9199981689453,166.32183837890625,5391100,0.0,0.0
2024-03-13,182.5,182.50999450683594,179.4199981689453,179.86000061035156,165.3473663330078,5987900,0.0,0.0
2024-03-14,180.16000366210938,182.0399932861328,178.66000366210938,181.1999969482422,166.57928466796875,6999400,0.0,0.0
2024-03-15,179.83999633789062,180.5800018310547,177.5399932861328,177.8800048828125,163.5271453857422,20957800,0.0,0.0
2024-03-18,179.00999450683594,179.8800048828125,177.57000732421875,178.49000549316406,164.08792114257812,8569000,0.0,0.0
2024-03-19,178.19000244140625,179.92999267578125,178.19000244140625,179.66000366210938,165.16351318359375,7625600,0.0,0.0
2024-03-20,179.22000122070312,179.22999572753906,175.72999572753906,176.27000427246094,162.04702758789062,7326600,0.0,0.0
2024-03-21,176.80999755859375,177.74000549316406,175.8800048828125,177.5,163.1778106689453,5743600,0.0,0.0
2024-03-22,177.22999572753906,178.99000549316406,176.77999877929688,178.4499969482422,164.05113220214844,4084400,0.0,0.0
2024-03-25,179.0,179.1999969482422,178.1300048828125,178.52999877929688,164.12466430664062,4366400,0.0,0.0
2024-03-26,179.22999572753906,179.77000427246094,178.3800048828125,179.19000244140625,164.73143005371094,4392400,0.0,0.0
2024-03-27,179.8000030517578,180.5800018310547,178.80999755859375,180.35000610351562,165.7978515625,5073500,0.0,0.0
2024-03-28,181.0,182.3000030517578,180.3000030517578,182.10000610351562,167.4066619873047,5418700,0.0,0.0
2024-04-01,181.8800048828125,181.89999389648438,179.24000549316406,180.75999450683594,166.1747283935547,3502100,0.0,0.0
2024-04-02,179.38999938964844,181.02999877929688,178.50999450683594,180.69000244140625,166.11041259765625,4523800,0.0,0.0
2024-04-03,180.72000122070312,181.60000610351562,176.60000610351562,177.3300018310547,163.02151489257812,5893000,0.0,0.0
2024-04-04,177.64999389648438,177.6999969482422,167.4499969482422,167.89999389648438,154.35238647460938,10539000,0.0,0.0
2024-04-05,168.0,171.0399932861328,167.2899932861328,170.0,156.28294372558594,7030100,0.0,0.0
2024-04-08,169.2100067138672,171.97000122070312,168.39999389648438,169.8000030517578,156.0990753173828,4745000,0.0,0.0
2024-04-09,169.72999572753906,170.5500030517578,167.39999389648438,170.13999938964844,156.4116668701172,5933200,0.0,0.0
2024-04-10,168.58999633789062,169.9600067138672,167.36000061035156,169.02999877929688,155.39122009277344,3231700,0.0,0.0
2024-04-11,169.1999969482422,169.3699951171875,167.22999572753906,167.52000427246094,154.00308227539062,3307000,0.0,0.0
2024-04-12,164.4499969482422,164.4499969482422,160.0,162.27999877929688,150.57911682128906,7029400,1.55,0.0
2024-04-15,164.52000427246094,164.6999969482422,161.5,161.6699981689453,150.01309204101562,5433700,0.0,0.0
2024-04-16,162.17999267578125,163.74000549316406,162.0800018310547,162.5399932861328,150.82037353515625,4881300,0.0,0.0
2024-04-17,164.14999389648438,164.74000549316406,163.22999572753906,164.25,152.40707397460938,4792200,0.0,0.0
2024-04-18,164.9600067138672,167.44000244140625,164.42999267578125,164.66000366210938,152.7875213623047,4480100,0.0,0.0
2024-04-19,165.02000427246094,166.60000610351562,163.25,166.41000366210938,154.41131591796875,5532400,0.0,0.0
2024-04-22,167.67999267578125,169.58999633789062,166.9199981689453,167.88999938964844,155.78463745117188,5580700,0.0,0.0
2024-04-23,168.58999633789062,170.3699951171875,168.22000122070312,169.5399932861328,157.31564331054688,4084100,0.0,0.0
2024-04-24,168.52000427246094,169.11000061035156,166.74000549316406,167.8000030517578,155.70111083984375,4074700,0.0,0.0
2024-04-25,167.66000366210938,169.2899932861328,165.57000732421875,167.2899932861328,155.22787475585938,5503700,0.0,0.0
2024-04-26,167.08999633789062,167.4600067138672,157.64999389648438,159.6199951171875,148.1109161376953,10721700,0.0,0.0
2024-04-29,159.58999633789062,161.5500030517578,158.55999755859375,161.52000427246094,149.87393188476562,6219000,0.0,0.0
2024-04-30,161.27000427246094,163.0500030517578,159.69000244140625,162.63999938964844,150.9131622314453,5484800,0.0,0.0
2024-05-01,162.08999633789062,163.69000244140625,161.13999938964844,161.72000122070312,150.05950927734375,5176400,0.0,0.0
2024-05-02,162.1699981689453,162.44000244140625,158.1199951171875,160.80999755859375,149.215087890625,5904300,0.0,0.0
2024-05-03,161.16000366210938,164.25,160.74000549316406,163.7899932861328,151.980224609375,5849900,0.0,0.0
2024-05-06,164.41000366210938,164.6300048828125,161.0,162.72999572753906,150.99667358398438,5834600,0.0,0.0
2024-05-07,163.36000061035156,163.99000549316406,161.88999938964844,162.5500030517578,150.82965087890625,5301700,0.0,0.0
2024-05-08,162.13999938964844,162.89999389648438,159.8699951171875,160.4499969482422,148.8810577392578,5906700,0.0,0.0
2024-05-09,160.80999755859375,161.32000732421875,160.02000427246094,160.39999389648438,148.83465576171875,3570000,0.0,0.0
2024-05-10,160.7100067138672,161.44000244140625,160.35000610351562,160.75,149.15945434570312,3509500,0.0,0.0
2024-05-13,161.27999877929688,162.57000732421875,160.8000030517578,161.27999877929688,149.65122985839844,3505900,0.0,0.0
2024-05-14,161.64999389648438,162.25,159.72000122070312,161.58999633789062,149.93887329101562,4025000,0.0,0.0
2024-05-15,162.30999755859375,164.4199981689453,161.8699951171875,163.7899932861328,151.980224609375,5261300,0.0,0.0
2024-05-16,163.4499969482422,164.92999267578125,162.17999267578125,164.35000610351562,152.49986267089844,4642000,0.0,0.0
2024-05-17,165.38999938964844,166.49000549316406,164.49000549316406,166.4199981689453,154.42062377929688,5152200,0.0,0.0
2024-05-20,166.00999450683594,166.4199981689453,164.41000366210938,164.55999755859375,152.69471740722656,3058700,0.0,0.0
2024-05-21,165.3699951171875,165.7100067138672,162.5,162.92999267578125,151.18223571777344,3645200,0.0,0.0
2024-05-22,161.57000732421875,161.94000244140625,159.17999267578125,159.61000061035156,148.1016387939453,6904900,0.0,0.0
2024-05-23,159.02999877929688,160.0399932861328,157.75999450683594,158.25999450683594,146.84896850585938,5672900,0.0,0.0
2024-05-24,158.36000061035156,158.77999877929688,156.36000061035156,157.05999755859375,145.73550415039062,3691700,0.0,0.0
2024-05-28,156.35000610351562,156.35000610351562,153.9499969482422,155.33999633789062,144.13949584960938,5533500,0.0,0.0
2024-05-29,154.88999938964844,156.3800048828125,153.67999267578125,154.7899932861328,143.62918090820312,4254500,0.0,0.0
2024-05-30,154.64999389648438,156.42999267578125,153.5800018310547,156.30999755859375,145.03956604003906,4311100,0.0,0.0
2024-05-31,156.64999389648438,161.63999938964844,156.1999969482422,161.24000549316406,149.61412048339844,15664400,0.0,0.0
2024-06-03,160.0,163.19000244140625,158.8300018310547,160.19000244140625,148.63983154296875,4467800,0.0,0.0
2024-06-04,160.19000244140625,162.80999755859375,159.77000427246094,162.13999938964844,150.44920349121094,4215500,0.0,0.0
2024-06-05,162.89999389648438,165.97999572753906,162.16000366210938,165.44000244140625,153.51129150390625,5100500,0.0,0.0
2024-06-06,165.49000549316406,168.8800048828125,164.35000610351562,168.57000732421875,156.4156036376953,5186700,0.0,0.0
2024-06-07,169.0,170.33999633789062,167.7899932861328,169.4199981689453,157.20433044433594,3781700,0.0,0.0
2024-06-10,169.0,170.75,167.69000244140625,170.4600067138672,158.16932678222656,4247500,0.0,0.0
2024-06-11,170.25,170.63999938964844,167.4199981689453,167.6999969482422,155.60830688476562,3790200,0.0,0.0
2024-06-12,167.8800048828125,168.5399932861328,165.02999877929688,166.08999633789062,154.1144256591797,4725600,0.0,0.0
2024-06-13,166.0,166.89999389648438,165.0,166.55999755859375,154.55052185058594,3690800,0.0,0.0
2024-06-14,166.47000122070312,169.24000549316406,166.0,168.58999633789062,156.43414306640625,4377600,0.0,0.0
2024-06-17,168.39999389648438,170.39999389648438,167.36000061035156,169.67999267578125,157.44552612304688,4076000,0.0,0.0
2024-06-18,170.44000244140625,173.00999450683594,169.8699951171875,171.36000061035156,159.00442504882812,4250900,0.0,0.0
2024-06-20,171.17999267578125,172.80999755859375,170.02000427246094,172.1300048828125,159.71893310546875,5847500,0.0,0.0
2024-06-21,172.6999969482422,172.92999267578125,169.58999633789062,170.38999938964844,158.1043701171875,12228100,0.0,0.0
2024-06-24,171.1300048828125,173.41000366210938,170.6999969482422,172.74000549316406,160.28492736816406,6249900,0.0,0.0
2024-06-25,172.10000610351562,173.41000366210938,170.6199951171875,170.75,158.4384307861328,4844600,0.0,0.0
2024-06-26,170.2899932861328,172.35000610351562,170.14999389648438,171.14999389648438,158.80955505371094,5576100,0.0,0.0
2024-06-27,171.2899932861328,171.55999755859375,167.75,168.99000549316406,156.80531311035156,5382000,0.0,0.0
2024-06-28,169.99000549316406,171.82000732421875,169.0500030517578,171.52000427246094,159.1529083251953,24463400,0.0,0.0
2024-07-01,171.27000427246094,173.8800048828125,169.5399932861328,170.3699951171875,158.08580017089844,5194500,0.0,0.0
2024-07-02,168.6300048828125,168.6300048828125,165.4499969482422,165.9600067138672,153.99378967285156,5965500,0.0,0.0
2024-07-03,166.08999633789062,167.10000610351562,163.52000427246094,163.83999633789062,152.02664184570312,3527600,0.0,0.0
2024-07-05,164.72000122070312,167.30999755859375,163.6300048828125,167.25,155.1907501220703,5978300,0.0,0.0
2024-07-08,166.5399932861328,167.72000122070312,165.6199951171875,166.52000427246094,154.51341247558594,3500200,0.0,0.0
2024-07-09,167.02000427246094,168.52999877929688,164.86000061035156,168.0500030517578,155.93309020996094,4224600,0.0,0.0
2024-07-10,167.4499969482422,168.4499969482422,166.11000061035156,168.13999938964844,156.0166015625,3887800,0.0,0.0
2024-07-11,167.52000427246094,170.35000610351562,167.35000610351562,169.91000366210938,157.65896606445312,3689500,0.0,0.0
2024-07-12,170.6300048828125,171.6300048828125,169.89999389648438,170.27999877929688,158.00228881835938,4133500,0.0,0.0
2024-07-15,168.91000366210938,170.3699951171875,167.4199981689453,168.02999877929688,157.3468017578125,2395100,1.55,0.0
2024-07-16,168.60000610351562,169.85000610351562,167.25999450683594,169.1999969482422,158.44241333007812,3829500,0.0,0.0
2024-07-17,169.50999450683594,175.74000549316406,169.50999450683594,175.27000427246094,164.12648010253906,6983200,0.0,0.0
2024-07-18,174.4499969482422,176.67999267578125,170.72000122070312,171.13999938964844,160.2590789794922,5957800,0.0,0.0
2024-07-19,173.6699981689453,173.85000610351562,171.22000122070312,172.32000732421875,161.36404418945312,4293600,0.0,0.0
2024-07-22,173.32000732421875,174.72999572753906,172.0,173.61000061035156,162.572021484375,4066900,0.0,0.0
2024-07-23,173.32000732421875,174.58999633789062,172.77000427246094,173.14999389648438,162.14126586914062,2933800,0.0,0.0
2024-07-24,173.1999969482422,176.60000610351562,172.9499969482422,176.2100067138672,165.00672912597656,6117700,0.0,0.0
2024-07-25,177.0,186.11000061035156,171.8000030517578,182.1699981689453,170.5877685546875,9442200,0.0,0.0
2024-07-26,183.4499969482422,186.85000610351562,182.11000061035156,185.16000366210938,173.3876953125,6948800,0.0,0.0
2024-07-29,184.0399932861328,186.1300048828125,180.52999877929688,181.94000244140625,170.3724365234375,5458500,0.0,0.0
2024-07-30,183.58999633789062,187.7100067138672,182.60000610351562,186.77999877929688,174.90467834472656,6032200,0.0,0.0
2024-07-31,186.38999938964844,187.5,183.4499969482422,185.32000732421875,173.5375213623047,6473900,0.0,0.0
2024-08-01,187.77000427246094,190.97000122070312,186.77000427246094,189.7100067138672,177.64842224121094,6595500,0.0,0.0
2024-08-02,190.97999572753906,193.91000366210938,186.4600067138672,189.2899932861328,177.25511169433594,6303900,0.0,0.0
2024-08-05,187.4499969482422,189.2899932861328,183.0399932861328,184.36000061035156,172.6385498046875,6459300,0.0,0.0
2024-08-06,185.42999267578125,187.82000732421875,183.0800018310547,185.7100067138672,173.90272521972656,4273200,0.0,0.0
2024-08-07,187.89999389648438,189.58999633789062,185.97999572753906,187.50999450683594,175.5882568359375,6351000,0.0,0.0
2024-08-08,186.9199981689453,190.7100067138672,186.9199981689453,190.39999389648438,178.29452514648438,5744600,0.0,0.0
2024-08-09,190.77999877929688,191.00999450683594,188.10000610351562,189.92999267578125,177.85443115234375,3206500,0.0,0.0
2024-08-12,190.0800018310547,190.57000732421875,187.6999969482422,190.17999267578125,178.08853149414062,4808300,0.0,0.0
2024-08-13,190.55999755859375,191.94000244140625,189.3800048828125,191.22999572753906,179.07176208496094,3477300,0.0,0.0
2024-08-14,191.0,193.35000610351562,190.47000122070312,193.0,180.72921752929688,4153400,0.0,0.0
2024-08-15,194.49000549316406,194.99000549316406,191.2899932861328,193.39999389648438,181.10379028320312,4719900,0.0,0.0
2024-08-16,193.8800048828125,194.25,192.27000427246094,193.89999389648438,181.57200622558594,3674900,0.0,0.0
2024-08-19,193.39999389648438,197.17999267578125,193.35000610351562,196.8699951171875,184.35316467285156,4309300,0.0,0.0
2024-08-20,197.1199951171875,197.47999572753906,194.1300048828125,196.14999389648438,183.67897033691406,3631800,0.0,0.0
2024-08-21,196.44000244140625,197.33999633789062,195.6699981689453,196.52999877929688,184.03482055664062,4250400,0.0,0.0
2024-08-22,197.00999450683594,197.5399932861328,195.35000610351562,196.3699951171875,183.8849639892578,3676700,0.0,0.0
2024-08-23,197.25,197.97999572753906,196.22999572753906,197.5500030517578,184.98992919921875,4720300,0.0,0.0
2024-08-26,197.55999755859375,197.97000122070312,196.07000732421875,197.44000244140625,184.88693237304688,4182300,0.0,0.0
2024-08-27,197.99000549316406,198.3000030517578,195.17999267578125,195.9199981689453,183.46359252929688,2504500,0.0,0.0
2024-08-28,195.52000427246094,196.22999572753906,194.02999877929688,195.39999389648438,182.97662353515625,3910200,0.0,0.0
2024-08-29,196.0,196.44000244140625,193.85000610351562,195.17999267578125,182.7706298828125,4538300,0.0,0.0
2024-08-30,195.25,196.5,194.1699981689453,196.30999755859375,183.8287811279297,3820800,0.0,0.0
2024-09-03,196.13999938964844,199.9499969482422,196.10000610351562,197.69000244140625,185.1210479736328,4872400,0.0,0.0
2024-09-04,198.67999267578125,199.8800048828125,196.44000244140625,197.00999450683594,184.4842529296875,4214300,0.0,0.0
2024-09-05,196.9600067138672,197.1300048828125,192.16000366210938,192.86000061035156,180.59812927246094,5902800,0.0,0.0
2024-09-06,193.47000122070312,194.74000549316406,192.8300018310547,193.39999389648438,181.10379028320312,4312600,0.0,0.0
2024-09-09,194.97000122070312,196.61000061035156,193.94000244140625,196.4199981689453,183.93177795410156,3606900,0.0,0.0
2024-09-10,196.1199951171875,199.47000122070312,192.91000366210938,199.35000610351562,186.675537109375,6333300,0.0,0.0
2024-09-11,197.67999267578125,197.67999267578125,193.4199981689453,194.58999633789062,182.21815490722656,4909300,0.0,0.0
2024-09-12,194.77999877929688,195.07000732421875,191.27000427246094,194.02000427246094,181.68438720703125,4165200,0.0,0.0
2024-09-13,193.86000061035156,194.58999633789062,191.80999755859375,194.2100067138672,181.8623046875,2718100,0.0,0.0
2024-09-16,195.82000732421875,196.16000366210938,194.4600067138672,195.72999572753906,183.28565979003906,3235700,0.0,0.0
2024-09-17,194.8000030517578,196.0800018310547,191.82000732421875,193.4499969482422,181.15061950683594,3534100,0.0,0.0
2024-09-18,193.1300048828125,195.5800018310547,191.77999877929688,192.94000244140625,180.67303466796875,3236800,0.0,0.0
2024-09-19,193.42999267578125,194.16000366210938,191.9600067138672,193.6199951171875,181.309814453125,3929300,0.0,0.0
2024-09-20,193.0,193.82000732421875,192.1300048828125,193.47000122070312,181.16934204101562,11661200,0.0,0.0
2024-09-23,193.6999969482422,194.3000030517578,192.1999969482422,193.8300018310547,181.50645446777344,3178000,0.0,0.0
2024-09-24,192.9499969482422,195.2100067138672,191.58999633789062,193.50999450683594,181.20681762695312,4286500,0.0,0.0
2024-09-25,194.0,194.57000732421875,190.9600067138672,191.25999450683594,179.09986877441406,5589300,0.0,0.0
2024-09-26,190.10000610351562,192.8699951171875,189.6199951171875,191.89999389648438,179.69915771484375,6215700,0.0,0.0
2024-09-27,192.60000610351562,196.1300048828125,190.27000427246094,194.7899932861328,182.40541076660156,4891900,0.0,0.0
2024-09-30,194.85000610351562,197.6199951171875,194.3699951171875,197.47999572753906,184.92437744140625,4550200,0.0,0.0
2024-10-01,197.64999389648438,198.97000122070312,196.4199981689453,196.9600067138672,184.43746948242188,3924600,0.0,0.0
2024-10-02,195.66000366210938,197.0,194.4499969482422,196.82000732421875,184.30636596679688,2946900,0.0,0.0
2024-10-03,196.8699951171875,197.0500030517578,194.74000549316406,195.4499969482422,183.02345275878906,3453800,0.0,0.0
2024-10-04,195.10000610351562,195.63999938964844,193.0500030517578,194.2899932861328,181.9372100830078,4749700,0.0,0.0
2024-10-07,194.4199981689453,195.08999633789062,192.83999633789062,193.61000061035156,181.3004608154297,5033800,0.0,0.0
2024-10-08,194.33999633789062,195.0,192.25,193.00999450683594,180.73858642578125,4419000,0.0,0.0
2024-10-09,192.85000610351562,194.88999938964844,191.9499969482422,194.75,182.36795043945312,4478900,0.0,0.0
2024-10-10,194.5399932861328,194.82000732421875,193.27999877929688,194.35000610351562,181.993408203125,3562500,0.0,0.0
2024-10-11,195.0,195.24000549316406,193.5800018310547,194.19000244140625,181.8435821533203,2973000,0.0,0.0
2024-10-14,194.24000549316406,196.33999633789062,193.66000366210938,195.64999389648438,183.2107391357422,3623900,0.0,0.0
2024-10-15,194.72999572753906,196.25,191.22000122070312,191.86000061035156,181.09640502929688,6553500,1.55,0.0
2024-10-16,190.4499969482422,191.0399932861328,188.72999572753906,190.4600067138672,179.77493286132812,5576000,0.0,0.0
2024-10-17,190.5399932861328,191.6199951171875,188.4600067138672,188.57000732421875,177.99098205566406,4419000,0.0,0.0
2024-10-18,188.97000122070312,189.69000244140625,188.16000366210938,188.86000061035156,178.26470947265625,5607900,0.0,0.0
2024-10-21,188.7100067138672,189.3800048828125,185.88999938964844,186.5399932861328,176.07485961914062,4496500,0.0,0.0
2024-10-22,186.32000732421875,189.10000610351562,186.22999572753906,188.75999450683594,178.17030334472656,4210400,0.0,0.0
2024-10-23,188.6999969482422,189.27000427246094,187.5,187.8800048828125,177.33970642089844,4266700,0.0,0.0
2024-10-24,188.42999267578125,190.47000122070312,188.1699981689453,189.64999389648438,179.01039123535156,6741800,0.0,0.0
2024-10-25,189.67999267578125,189.8800048828125,187.1699981689453,187.85000610351562,177.31137084960938,4017400,0.0,0.0
2024-10-28,188.08999633789062,190.13999938964844,187.52000427246094,189.67999267578125,179.03868103027344,5383700,0.0,0.0
2024-10-29,190.49000549316406,191.16000366210938,188.52000427246094,189.4499969482422,178.82162475585938,6131500,0.0,0.0
2024-10-30,191.6199951171875,202.35000610351562,188.5500030517578,201.5,190.19558715820312,10396400,0.0,0.0
2024-10-31,201.97000122070312,207.32000732421875,201.4199981689453,203.8699951171875,192.4326171875,8829300,0.0,0.0
2024-11-01,204.3699951171875,204.72999572753906,202.32000732421875,203.5500030517578,192.13058471679688,4493900,0.0,0.0
2024-11-04,203.7899932861328,204.24000549316406,200.22000122070312,200.47000122070312,189.22337341308594,3531800,0.0,0.0
2024-11-05,200.49000549316406,202.4199981689453,198.35000610351562,201.67999267578125,190.365478515625,5109300,0.0,0.0
2024-11-06,205.7899932861328,206.14999389648438,200.85000610351562,201.1999969482422,189.9124298095703,7194800,0.0,0.0
2024-11-07,201.9499969482422,202.32000732421875,199.22000122070312,200.50999450683594,189.26109313964844,4520200,0.0,0.0
2024-11-08,201.16000366210938,201.88999938964844,199.47999572753906,199.5,188.3078155517578,4596900,0.0,0.0
2024-11-11,178.57000732421875,178.57000732421875,172.6999969482422,174.42999267578125,164.64425659179688,20760300,0.0,0.0
2024-11-12,176.00999450683594,176.6300048828125,171.02999877929688,171.08999633789062,161.4916229248047,10557000,0.0,0.0
2024-11-13,171.6699981689453,172.63999938964844,169.64999389648438,170.35000610351562,160.79315185546875,8483500,0.0,0.0
2024-11-14,170.0,171.6199951171875,168.58999633789062,169.6300048828125,160.113525390625,8442500,0.0,0.0
2024-11-15,169.6300048828125,169.6300048828125,164.72000122070312,164.99000549316406,155.73387145996094,11265400,0.0,0.0
2024-11-18,165.6199951171875,166.74000549316406,164.8000030517578,166.27999877929688,156.95147705078125,8336900,0.0,0.0
2024-11-19,165.27000427246094,167.10000610351562,163.80999755859375,166.57000732421875,157.22523498535156,5246000,0.0,0.0
2024-11-20,166.91000366210938,167.91000366210938,165.64999389648438,167.75999450683594,158.3484344482422,7135600,0.0,0.0
2024-11-21,168.58999633789062,172.4600067138672,166.9199981689453,171.72999572753906,162.09573364257812,6847700,0.0,0.0
2024-11-22,174.33999633789062,178.86000061035156,173.5,176.9499969482422,167.0228729248047,11328600,0.0,0.0
2024-11-25,177.02000427246094,180.19000244140625,176.75,177.05999755859375,167.126708984375,12465000,0.0,0.0
2024-11-26,177.08999633789062,181.64999389648438,176.6699981689453,181.13999938964844,170.97781372070312,6947500,0.0,0.0
2024-11-27,181.13999938964844,184.24000549316406,180.88999938964844,183.0800018310547,172.8089599609375,5271500,0.0,0.0
2024-11-29,183.13999938964844,183.5399932861328,182.5,182.92999267578125,172.66737365722656,2710700,0.0,0.0
2024-12-02,182.27999877929688,182.6999969482422,178.86000061035156,181.77000427246094,171.57249450683594,3936600,0.0,0.0
2024-12-03,182.27999877929688,183.50999450683594,181.47999572753906,181.5,171.31759643554688,4107600,0.0,0.0
2024-12-04,180.10000610351562,180.4499969482422,175.91000366210938,176.4600067138672,166.5603790283203,6125500,0.0,0.0
2024-12-05,174.97999572753906,176.72000122070312,173.52999877929688,176.1699981689453,166.28663635253906,5444200,0.0,0.0
2024-12-06,176.0,176.74000549316406,174.16000366210938,176.19000244140625,166.30552673339844,4839600,0.0,0.0
2024-12-09,175.58999633789062,178.1300048828125,174.3800048828125,176.57000732421875,166.66421508789062,4394500,0.0,0.0
2024-12-10,175.52999877929688,176.9199981689453,173.8300018310547,175.6699981689453,165.81468200683594,4089600,0.0,0.0
2024-12-11,175.9600067138672,176.0,173.83999633789062,174.3699951171875,164.58763122558594,9492200,0.0,0.0
2024-12-12,174.91000366210938,175.91000366210938,171.99000549316406,173.19000244140625,163.4738311767578,4999500,0.0,0.0
2024-12-13,173.25,174.9199981689453,172.38999938964844,173.3699951171875,163.64370727539062,5471600,0.0,0.0
2024-12-16,171.6699981689453,173.33999633789062,170.52999877929688,171.6300048828125,162.00135803222656,8157900,0.0,0.0
2024-12-17,170.5800018310547,176.5,170.2100067138672,175.3800048828125,165.5409698486328,7664700,0.0,0.0
2024-12-18,176.02999877929688,176.5,172.82000732421875,173.02000427246094,163.31338500976562,5471600,0.0,0.0
2024-12-19,172.92999267578125,173.8800048828125,170.33999633789062,171.52000427246094,161.89752197265625,6110500,0.0,0.0
2024-12-20,171.7899932861328,176.8000030517578,170.66000366210938,175.5800018310547,165.729736328125,18950900,0.0,0.0
2024-12-23,175.2899932861328,178.64999389648438,174.6300048828125,178.38999938964844,168.382080078125,6945600,0.0,0.0
2024-12-24,178.41000366210938,180.1699981689453,177.83999633789062,180.0,169.9017791748047,2692800,0.0,0.0
2024-12-26,179.02000427246094,180.35000610351562,178.6300048828125,179.1999969482422,169.1466522216797,2759300,0.0,0.0
2024-12-27,177.9199981689453,179.66000366210938,177.2899932861328,178.00999450683594,168.02340698242188,2745400,0.0,0.0
2024-12-30,177.02000427246094,177.33999633789062,175.50999450683594,176.1999969482422,166.31497192382812,3405700,0.0,0.0
2024-12-31,176.35000610351562,177.83999633789062,175.9199981689453,177.6999969482422,167.73080444335938,3326400,0.0,0.0
2025-01-02,178.66000366210938,179.77999877929688,177.89999389648438,179.44000244140625,169.37318420410156,4092000,0.0,0.0
2025-01-03,179.66000366210938,181.57000732421875,178.8000030517578,181.22000122070312,171.05331420898438,4380200,0.0,0.0
2025-01-06,180.77999877929688,181.97999572753906,179.25999450683594,180.10000610351562,169.99615478515625,6302100,0.0,0.0
2025-01-07,179.6300048828125,182.1699981689453,178.38999938964844,179.52999877929688,169.45814514160156,5905200,0.0,0.0
2025-01-08,179.1999969482422,179.24000549316406,176.17999267578125,178.5,168.48593139648438,4488500,0.0,0.0
2025-01-10,176.86000061035156,177.5399932861328,173.3300018310547,175.1699981689453,165.34275817871094,5372200,0.0,0.0
2025-01-13,175.16000366210938,177.97999572753906,174.33999633789062,176.74000549316406,166.82467651367188,4734100,0.0,0.0
2025-01-14,176.61000061035156,176.77999877929688,174.08999633789062,175.5500030517578,165.70140075683594,4779100,0.0,0.0
2025-01-15,173.52000427246094,174.4600067138672,168.72000122070312,171.35000610351562,163.26226806640625,8048700,1.64,0.0
2025-01-16,171.4499969482422,173.9600067138672,170.52000427246094,173.6999969482422,165.50132751464844,5236000,0.0,0.0
2025-01-17,172.8800048828125,173.99000549316406,171.27000427246094,171.55999755859375,163.4623260498047,7852500,0.0,0.0
2025-01-21,172.16000366210938,175.66000366210938,171.22000122070312,172.61000061035156,164.46279907226562,7548500,0.0,0.0
2025-01-22,170.3000030517578,170.8699951171875,168.05999755859375,169.1999969482422,161.21372985839844,9465000,0.0,0.0
2025-01-23,170.4600067138672,170.69000244140625,168.47999572753906,170.6699981689453,162.6143341064453,7116200,0.0,0.0
2025-01-24,169.32000732421875,171.11000061035156,169.25,170.3000030517578,162.2617950439453,5584900,0.0,0.0
2025-01-27,172.66000366210938,177.4499969482422,172.58999633789062,176.89999389648438,168.55027770996094,6985200,0.0,0.0
2025-01-28,176.8000030517578,177.16000366210938,173.72999572753906,174.80999755859375,166.55894470214844,5603700,0.0,0.0
2025-01-29,174.5,176.9199981689453,174.3000030517578,175.25999450683594,166.98770141601562,3748300,0.0,0.0
2025-01-30,176.00999450683594,176.1199951171875,173.97999572753906,175.64999389648438,167.35928344726562,5209200,0.0,0.0
2025-01-31,187.3000030517578,191.77000427246094,183.6699981689453,183.89999389648438,175.21987915039062,11926500,0.0,0.0
2025-02-03,183.17999267578125,191.66000366210938,182.14999389648438,190.13999938964844,181.16537475585938,9830000,0.0,0.0
2025-02-04,187.6300048828125,191.14999389648438,187.0500030517578,189.9499969482422,180.9843292236328,7377800,0.0,0.0
2025-02-05,190.52000427246094,193.3800048828125,189.9199981689453,191.75,182.69937133789062,6449600,0.0,0.0
2025-02-06,191.89999389648438,194.49000549316406,190.55999755859375,192.97000122070312,183.86178588867188,4586400,0.0,0.0
2025-02-07,193.16000366210938,193.86000061035156,190.44000244140625,190.60000610351562,181.60365295410156,3805900,0.0,0.0
2025-02-10,191.4600067138672,191.4600067138672,189.08999633789062,190.33999633789062,181.3559112548828,3685700,0.0,0.0
2025-02-11,189.8000030517578,191.92999267578125,188.25999450683594,191.8300018310547,182.77561950683594,3977000,0.0,0.0
2025-02-12,190.5,194.3699951171875,190.38999938964844,193.0,183.89039611816406,4525000,0.0,0.0
2025-02-13,194.27999877929688,194.27999877929688,191.42999267578125,193.4499969482422,184.31912231445312,4108900,0.0,0.0
2025-02-14,193.9499969482422,195.17999267578125,192.77999877929688,192.8699951171875,183.7664794921875,3976900,0.0,0.0
2025-02-18,192.0,197.02000427246094,190.6699981689453,196.25,186.98696899414062,6065500,0.0,0.0
2025-02-19,196.7899932861328,198.11000061035156,196.00999450683594,197.35000610351562,188.03506469726562,4888700,0.0,0.0
2025-02-20,198.0,201.36000061035156,196.8300018310547,200.8800048828125,191.39845275878906,5067000,0.0,0.0
2025-02-21,200.32000732421875,203.97999572753906,200.02000427246094,202.0800018310547,192.5417938232422,5889400,0.0,0.0
2025-02-24,201.8300018310547,205.5,201.27999877929688,204.0800018310547,194.44740295410156,6305000,0.0,0.0
2025-02-25,205.17999267578125,206.00999450683594,202.35000610351562,204.13999938964844,194.50457763671875,7746800,0.0,0.0
2025-02-26,203.58999633789062,203.8300018310547,201.42999267578125,203.00999450683594,193.4279022216797,4766700,0.0,0.0
2025-02-27,203.05999755859375,206.8000030517578,202.25,205.02000427246094,195.34303283691406,5696900,0.0,0.0
2025-02-28,205.1199951171875,209.60000610351562,204.41000366210938,209.02999877929688,199.16375732421875,13136400,0.0,0.0
2025-03-03,209.97999572753906,212.3000030517578,208.91000366210938,211.47999572753906,201.4980926513672,7016400,0.0,0.0
2025-03-04,214.47000122070312,215.66000366210938,207.6699981689453,207.75999450683594,197.9536895751953,7554000,0.0,0.0
2025-03-05,207.07000732421875,212.17999267578125,206.0,211.5399932861328,201.55526733398438,5752800,0.0,0.0
2025-03-06,211.4499969482422,211.97999572753906,208.5,210.75,200.8025665283203,4346000,0.0,0.0
2025-03-07,211.11000061035156,214.99000549316406,209.0,214.2899932861328,204.17547607421875,6806100,0.0,0.0
2025-03-10,209.99000549316406,218.66000366210938,209.1999969482422,216.66000366210938,206.43360900878906,8604000,0.0,0.0
2025-03-11,216.66000366210938,216.66000366210938,212.41000366210938,213.58999633789062,203.50851440429688,7144500,0.0,0.0
2025-03-12,212.0,213.8699951171875,209.30999755859375,212.05999755859375,202.0507354736328,6139800,0.0,0.0
2025-03-13,212.0,213.8000030517578,210.67999267578125,211.5500030517578,201.56483459472656,5559500,0.0,0.0
2025-03-14,209.77999877929688,212.82000732421875,208.2899932861328,211.77000427246094,201.7744140625,4511600,0.0,0.0
2025-03-17,212.22000122070312,215.5,209.52000427246094,214.47000122070312,204.3469696044922,5075400,0.0,0.0
2025-03-18,214.47000122070312,215.17999267578125,212.27000427246094,213.85000610351562,203.7562713623047,5088200,0.0,0.0
2025-03-19,214.02999877929688,214.5,210.77999877929688,212.25,202.23175048828125,5412900,0.0,0.0
2025-03-20,213.00999450683594,213.4199981689453,211.11000061035156,211.9600067138672,201.95545959472656,5836100,0.0,0.0
2025-03-21,211.72999572753906,212.8800048828125,208.74000549316406,210.00999450683594,200.0974884033203,16657700,0.0,0.0
2025-03-24,209.38999938964844,211.02000427246094,207.5,209.1699981689453,199.29714965820312,7393800,0.0,0.0
2025-03-25,209.22000122070312,209.25999450683594,199.3800048828125,201.33999633789062,191.8367156982422,10089100,0.0,0.0
2025-03-26,203.1199951171875,203.1199951171875,196.49000549316406,201.3000030517578,191.79861450195312,6742900,0.0,0.0
2025-03-27,202.02000427246094,203.67999267578125,201.3000030517578,202.72000122070312,193.15158081054688,4995300,0.0,0.0
2025-03-28,202.72999572753906,206.02000427246094,201.58999633789062,205.2899932861328,195.60028076171875,6478100,0.0,0.0
2025-03-31,204.42999267578125,210.80999755859375,204.42999267578125,209.52000427246094,199.63063049316406,11093700,0.0,0.0
2025-04-01,210.52000427246094,212.14999389648438,205.60000610351562,206.27000427246094,196.53402709960938,7853200,0.0,0.0
2025-04-02,207.22000122070312,207.22000122070312,200.33999633789062,205.19000244140625,195.50502014160156,9262800,0.0,0.0
2025-04-03,210.3000030517578,210.69000244140625,201.24000549316406,201.63999938964844,192.12257385253906,7593100,0.0,0.0
2025-04-04,200.0,200.0,186.1699981689453,186.9600067138672,178.1354522705078,13505200,0.0,0.0
2025-04-07,181.02999877929688,188.1999969482422,176.27999877929688,186.5500030517578,177.7448272705078,12581100,0.0,0.0
2025-04-08,187.60000610351562,188.38999938964844,172.32000732421875,175.6699981689453,167.3783416748047,12517100,0.0,0.0
2025-04-09,168.3000030517578,180.60000610351562,164.38999938964844,179.83999633789062,171.35153198242188,18977800,0.0,0.0
2025-04-10,177.75,178.0,164.97000122070312,174.1999969482422,165.9777374267578,13970000,0.0,0.0
2025-04-11,173.80999755859375,176.97000122070312,169.3300018310547,175.0500030517578,166.78759765625,9047700,0.0,0.0
2025-04-14,177.44000244140625,180.19000244140625,176.1999969482422,179.10000610351562,170.64646911621094,7164400,0.0,0.0
2025-04-15,177.6999969482422,180.5,176.30999755859375,176.8000030517578,170.0117950439453,8078500,1.64,0.0
2025-04-16,176.52999877929688,176.85000610351562,169.75,171.67999267578125,165.08836364746094,9459300,0.0,0.0
2025-04-17,172.57000732421875,175.1999969482422,171.91000366210938,172.99000549316406,166.34808349609375,8998100,0.0,0.0
2025-04-21,173.47000122070312,174.1699981689453,168.5399932861328,170.16000366210938,163.62673950195312,7364600,0.0,0.0
2025-04-22,171.0800018310547,174.66000366210938,170.91000366210938,173.77999877929688,167.1077423095703,6191900,0.0,0.0
2025-04-23,175.0,178.14999389648438,174.39999389648438,177.0500030517578,170.252197265625,7119700,0.0,0.0
2025-04-24,177.61000061035156,181.49000549316406,176.11000061035156,180.3699951171875,173.44471740722656,8789400,0.0,0.0
2025-04-25,187.1199951171875,188.6999969482422,179.99000549316406,186.05999755859375,178.91624450683594,10482100,0.0,0.0
2025-04-28,188.0,193.1199951171875,187.63999938964844,192.33999633789062,184.95513916015625,10408000,0.0,0.0
2025-04-29,192.58999633789062,195.5399932861328,190.5800018310547,193.50999450683594,186.0802001953125,6671400,0.0,0.0
2025-04-30,194.49000549316406,195.77999877929688,191.00999450683594,195.10000610351562,187.60916137695312,8400700,0.0,0.0
2025-05-01,192.8800048828125,195.82000732421875,189.8000030517578,193.33999633789062,185.916748046875,5823600,0.0,0.0
2025-05-02,195.1699981689453,198.97999572753906,194.6300048828125,198.47000122070312,190.8497772216797,6424800,0.0,0.0
2025-05-05,198.47000122070312,198.5,195.02999877929688,196.07000732421875,188.54193115234375,5121500,0.0,0.0
2025-05-06,195.5,195.82000732421875,185.74000549316406,187.14999389648438,179.96441650390625,9392000,0.0,0.0
2025-05-07,188.1699981689453,190.17999267578125,186.75,188.08999633789062,180.86831665039062,5771700,0.0,0.0
2025-05-08,184.1300048828125,186.66000366210938,181.63999938964844,185.5800018310547,178.45468139648438,8816700,0.0,0.0
2025-05-09,185.75,189.77000427246094,184.22999572753906,184.60000610351562,177.51231384277344,7806100,0.0,0.0
2025-05-12,180.0,192.69000244140625,180.0,190.07000732421875,182.7722930908203,12792700,0.0,0.0
2025-05-13,189.02999877929688,189.75999450683594,185.41000366210938,188.0,180.78176879882812,7523800,0.0,0.0
2025-05-14,186.52000427246094,187.64999389648438,176.60000610351562,177.44000244140625,170.62722778320312,12212000,0.0,0.0
2025-05-15,178.02000427246094,182.11000061035156,176.57000732421875,181.67999267578125,174.7044219970703,12073300,0.0,0.0
2025-05-16,181.3000030517578,184.07000732421875,180.52000427246094,184.02000427246094,176.95458984375,6152800,0.0,0.0
2025-05-19,184.22000122070312,185.8000030517578,182.50999450683594,185.7100067138672,178.57969665527344,5216700,0.0,0.0
2025-05-20,184.86000061035156,186.0,183.63999938964844,184.85000610351562,177.75271606445312,5505100,0.0,0.0
2025-05-21,183.92999267578125,184.80999755859375,181.5399932861328,181.8000030517578,174.81980895996094,5140900,0.0,0.0
2025-05-22,181.41000366210938,183.55999755859375,180.25,182.5399932861328,175.53138732910156,4689200,0.0,0.0
2025-05-23,182.3699951171875,184.1199951171875,181.72000122070312,183.25999450683594,176.2237548828125,4027000,0.0,0.0
2025-05-27,184.27000427246094,185.99000549316406,183.89999389648438,185.72000122070312,178.5893096923828,5726700,0.0,0.0
2025-05-28,185.35000610351562,186.10000610351562,182.3699951171875,183.08999633789062,176.06028747558594,4787800,0.0,0.0
2025-05-29,183.4600067138672,186.75,182.69000244140625,185.6199951171875,178.49313354492188,4925900,0.0,0.0
2025-05-30,185.0,186.69000244140625,183.00999450683594,186.11000061035156,178.96434020996094,11609000,0.0,0.0
2025-06-02,185.72999572753906,186.99000549316406,183.16000366210938,186.99000549316406,179.81056213378906,4435600,0.0,0.0
2025-06-03,186.89999389648438,188.72999572753906,184.82000732421875,187.25,180.060546875,5335600,0.0,0.0
2025-06-04,188.41000366210938,190.17999267578125,187.27000427246094,187.33999633789062,180.14710998535156,4382200,0.0,0.0
2025-06-05,187.5,188.60000610351562,185.0500030517578,187.47000122070312,180.27212524414062,4417900,0.0,0.0
2025-06-06,188.49000549316406,190.49000549316406,188.3000030517578,189.8300018310547,182.54150390625,3607800,0.0,0.0
2025-06-09,190.50999450683594,191.7899932861328,189.00999450683594,189.16000366210938,181.8972625732422,4661500,0.0,0.0
2025-06-10,189.0399932861328,191.8800048828125,188.8000030517578,189.5,182.22418212890625,4087500,0.0,0.0
2025-06-11,189.33999633789062,192.72000122070312,189.05999755859375,191.5,184.1473846435547,3908000,0.0,0.0
2025-06-12,192.1999969482422,193.58999633789062,187.41000366210938,192.4199981689453,185.03207397460938,5781400,0.0,0.0
2025-06-13,191.55999755859375,193.47000122070312,190.2899932861328,191.0800018310547,183.74351501464844,4965700,0.0,0.0
2025-06-16,190.89999389648438,191.66000366210938,188.92999267578125,190.86000061035156,183.5319366455078,4203900,0.0,0.0
2025-06-17,189.16000366210938,190.61000061035156,185.02999877929688,185.47999572753906,178.35850524902344,4733900,0.0,0.0
2025-06-18,185.25,187.1199951171875,183.6999969482422,185.49000549316406,178.36814880371094,3573200,0.0,0.0
2025-06-20,186.08999633789062,187.10000610351562,184.16000366210938,185.3000030517578,178.18544006347656,12158100,0.0,0.0
2025-06-23,184.49000549316406,185.8000030517578,182.3000030517578,183.75999450683594,176.7045440673828,5157900,0.0,0.0
2025-06-24,184.52000427246094,186.13999938964844,183.19000244140625,185.5500030517578,178.4258575439453,4074400,0.0,0.0
2025-06-25,185.3000030517578,187.08999633789062,184.63999938964844,185.38999938964844,178.27197265625,4471100,0.0,0.0
2025-06-26,186.52999877929688,188.99000549316406,185.7899932861328,186.7899932861328,179.6182098388672,5734000,0.0,0.0
2025-06-27,187.89999389648438,188.0,181.72999572753906,182.30999755859375,175.31024169921875,29264700,0.0,0.0
2025-06-30,182.42999267578125,186.25,181.75,185.6199951171875,178.49313354492188,6482600,0.0,0.0
2025-07-01,185.00999450683594,191.75999450683594,184.38999938964844,189.99000549316406,182.6953887939453,5937600,0.0,0.0
2025-07-02,189.6999969482422,192.58999633789062,189.52999877929688,190.75,183.42617797851562,4658200,0.0,0.0
2025-07-03,191.14999389648438,191.47000122070312,188.8699951171875,189.27999877929688,182.01263427734375,3706200,0.0,0.0
2025-07-07,189.44000244140625,191.38999938964844,186.8300018310547,187.6300048828125,180.42599487304688,11049100,0.0,0.0
2025-07-08,186.7899932861328,193.0,186.6699981689453,189.77000427246094,182.48379516601562,7106900,0.0,0.0
2025-07-09,188.5,191.08999633789062,188.32000732421875,190.6199951171875,183.30117797851562,5594100,0.0,0.0
2025-07-10,190.5,197.5,189.55999755859375,195.0,187.51300048828125,6049400,0.0,0.0
2025-07-11,193.88999938964844,194.0,191.16000366210938,192.4499969482422,185.0609130859375,4991000,0.0,0.0
2025-07-14,191.72000122070312,192.6699981689453,190.0399932861328,191.52000427246094,184.16661071777344,4072800,0.0,0.0
2025-07-15,190.2100067138672,190.6699981689453,185.00999450683594,186.38999938964844,180.78163146972656,6729200,1.64,0.0
2025-07-16,186.9199981689453,191.38999938964844,186.5,190.5800018310547,184.84556579589844,6202600,0.0,0.0
2025-07-17,189.0,192.1199951171875,188.25999450683594,191.39999389648438,185.64089965820312,4853100,0.0,0.0
2025-07-18,191.50999450683594,192.33999633789062,188.57000732421875,189.25999450683594,183.56527709960938,5332000,0.0,0.0
2025-07-21,189.6199951171875,189.89999389648438,184.6300048828125,184.85000610351562,179.2879638671875,4954800,0.0,0.0
2025-07-22,184.94000244140625,188.1999969482422,184.89999389648438,187.11000061035156,181.47998046875,4432100,0.0,0.0
2025-07-23,187.0500030517578,190.8000030517578,186.77000427246094,190.5500030517578,184.8164520263672,4344500,0.0,0.0
2025-07-24,190.75999450683594,192.24000549316406,189.99000549316406,190.8300018310547,185.08802795410156,3462700,0.0,0.0
2025-07-25,191.39999389648438,191.39999389648438,188.52999877929688,190.27999877929688,184.55459594726562,3786800,0.0,0.0
2025-07-28,191.2100067138672,191.2100067138672,187.63999938964844,188.52000427246094,182.84754943847656,3776900,0.0,0.0
2025-07-29,189.14999389648438,192.49000549316406,187.86000061035156,191.22000122070312,185.46630859375,6715500,0.0,0.0
2025-07-30,191.77000427246094,192.6999969482422,188.00999450683594,189.30999755859375,183.61378479003906,5008400,0.0,0.0
2025-07-31,197.05999755859375,198.8300018310547,187.6199951171875,189.02000427246094,183.33250427246094,10347900,0.0,0.0
2025-08-01,189.9199981689453,197.05999755859375,189.7899932861328,195.22000122070312,189.345947265625,8082000,0.0,0.0
2025-08-04,194.80999755859375,197.3699951171875,193.72000122070312,197.19000244140625,191.2566680908203,4217500,0.0,0.0
2025-08-05,197.5500030517578,199.88999938964844,196.47999572753906,198.5500030517578,192.57574462890625,4153400,0.0,0.0
2025-08-06,197.22999572753906,198.0500030517578,194.6699981689453,196.3000030517578,190.39346313476562,4057200,0.0,0.0
2025-08-07,197.0500030517578,199.8300018310547,196.5,198.86000061035156,192.8764190673828,4683300,0.0,0.0
2025-08-08,199.0800018310547,200.3300018310547,197.13999938964844,198.0500030517578,192.09078979492188,4101700,0.0,0.0
2025-08-11,198.17999267578125,199.42999267578125,196.88999938964844,198.63999938964844,192.6630401611328,6067800,0.0,0.0
2025-08-12,198.08999633789062,200.02000427246094,197.0500030517578,198.63999938964844,192.6630401611328,3049800,0.0,0.0
2025-08-13,199.75999450683594,201.72000122070312,199.2100067138672,201.47000122070312,195.4078826904297,3558500,0.0,0.0
2025-08-14,201.8000030517578,205.05999755859375,200.86000061035156,204.67999267578125,198.5212860107422,4635400,0.0,0.0
2025-08-15,205.91000366210938,206.83999633789062,204.32000732421875,206.69000244140625,200.4708251953125,4430900,0.0,0.0
2025-08-18,206.60000610351562,208.33999633789062,205.9600067138672,206.57000732421875,200.3544464111328,6083500,0.0,0.0
2025-08-19,206.52999877929688,207.8000030517578,205.10000610351562,206.19000244140625,199.9858856201172,3975500,0.0,0.0
2025-08-20,206.64999389648438,211.69000244140625,206.64999389648438,209.14999389648438,202.85679626464844,5782100,0.0,0.0
2025-08-21,209.13999938964844,212.4499969482422,208.8699951171875,209.5,203.19627380371094,5323900,0.0,0.0
2025-08-22,210.83999633789062,211.47000122070312,207.1199951171875,210.60000610351562,204.26318359375,5516900,0.0,0.0
2025-08-25,210.3000030517578,211.3000030517578,207.0500030517578,207.5500030517578,201.30494689941406,2796200,0.0,0.0
2025-08-26,207.52000427246094,208.5800018310547,206.57000732421875,208.36000061035156,202.09056091308594,3702900,0.0,0.0
2025-08-27,208.82000732421875,210.4199981689453,207.80999755859375,208.05999755859375,201.7996063232422,3459100,0.0,0.0
2025-08-28,207.64999389648438,208.00999450683594,205.49000549316406,207.9199981689453,201.663818359375,4523100,0.0,0.0
2025-08-29,208.0,211.0,207.89999389648438,210.39999389648438,204.0691680908203,4264700,0.0,0.0
2025-09-02,210.13999938964844,212.16000366210938,208.99000549316406,211.9199981689453,205.54345703125,4335500,0.0,0.0
2025-09-03,212.4199981689453,213.4199981689453,211.47999572753906,211.86000061035156,205.48526000976562,3973500,0.0,0.0
2025-09-04,212.25,214.19000244140625,211.66000366210938,213.0,206.5909423828125,3531600,0.0,0.0
2025-09-05,212.5500030517578,214.33999633789062,211.0,212.55999755859375,206.16421508789062,4465400,0.0,0.0
2025-09-08,210.99000549316406,212.0,207.61000061035156,209.7899932861328,203.47752380371094,5525500,0.0,0.0
2025-09-09,209.52999877929688,210.72000122070312,209.1199951171875,210.4199981689453,204.0885772705078,3097100,0.0,0.0
2025-09-10,210.22999572753906,212.27000427246094,208.44000244140625,211.63999938964844,205.27188110351562,4520600,0.0,0.0
2025-09-11,220.35000610351562,221.77000427246094,216.75,220.22000122070312,213.5937042236328,7647700,0.0,0.0
2025-09-12,219.1199951171875,220.3800048828125,218.22999572753906,218.33999633789062,211.77027893066406,4418800,0.0,0.0
2025-09-15,219.60000610351562,219.60000610351562,214.30999755859375,217.61000061035156,211.06224060058594,5162100,0.0,0.0
2025-09-16,218.3300018310547,218.7100067138672,215.83999633789062,216.25999450683594,209.7528533935547,4251000,0.0,0.0
2025-09-17,219.10000610351562,221.5500030517578,217.3000030517578,220.80999755859375,214.16595458984375,5258400,0.0,0.0
2025-09-18,221.07000732421875,222.07000732421875,219.9199981689453,221.99000549316406,215.31045532226562,4445600,0.0,0.0
2025-09-19,222.4199981689453,223.49000549316406,221.58999633789062,222.47000122070312,215.77601623535156,14415100,0.0,0.0
2025-09-22,222.4600067138672,225.16000366210938,221.42999267578125,222.58999633789062,215.8923797607422,5990700,0.0,0.0
2025-09-23,222.00999450683594,224.39999389648438,221.92999267578125,222.61000061035156,215.91180419921875,4629900,0.0,0.0
2025-09-24,222.0,222.24000549316406,218.5399932861328,219.99000549316406,213.37063598632812,5074500,0.0,0.0
2025-09-25,220.10000610351562,222.25999450683594,218.02999877929688,218.5399932861328,211.96426391601562,6666000,0.0,0.0
2025-09-26,220.6300048828125,221.47999572753906,217.6699981689453,220.61000061035156,213.9720001220703,4185600,0.0,0.0
2025-09-29,220.75,223.24000549316406,219.7899932861328,223.16000366210938,216.44525146484375,4958400,0.0,0.0
2025-09-30,223.05999755859375,232.35000610351562,222.57000732421875,231.5399932861328,224.57308959960938,9187300,0.0,0.0
2025-10-01,233.63999938964844,244.80999755859375,232.0,244.3800048828125,237.02674865722656,12243100,0.0,0.0
2025-10-02,240.88999938964844,242.6699981689453,234.52000427246094,236.55999755859375,229.4420623779297,8107700,0.0,0.0
2025-10-03,236.89999389648438,238.83999633789062,233.7100067138672,233.91000366210938,226.87179565429688,6547300,0.0,0.0
2025-10-06,231.7100067138672,232.9499969482422,227.9199981689453,230.19000244140625,223.26373291015625,11940300,0.0,0.0
2025-10-07,231.2899932861328,234.0800018310547,227.58999633789062,232.8300018310547,225.8242950439453,4901000,0.0,0.0
2025-10-08,231.47999572753906,233.0,229.67999267578125,231.24000549316406,224.28211975097656,5412800,0.0,0.0
2025-10-09,233.27000427246094,233.7899932861328,230.6199951171875,230.69000244140625,223.74868774414062,4607600,0.0,0.0
2025-10-10,231.50999450683594,234.67999267578125,230.5,230.5,223.56439208984375,6156900,0.0,0.0
2025-10-13,230.0,233.80999755859375,229.22000122070312,230.3000030517578,223.3704071044922,5411900,0.0,0.0
2025-10-14,228.07000732421875,230.64999389648438,227.50999450683594,229.1300048828125,222.23561096191406,5527600,0.0,0.0
2025-10-15,227.1999969482422,228.9499969482422,225.32000732421875,226.22000122070312,220.9949493408203,5459400,1.64,0.0
2025-10-16,226.22000122070312,228.11000061035156,225.4600067138672,226.8699951171875,221.6299285888672,4737500,0.0,0.0
2025-10-17,227.52000427246094,230.7100067138672,226.80999755859375,229.57000732421875,224.267578125,7150000,0.0,0.0
2025-10-20,231.0,232.25999450683594,230.0,232.05999755859375,226.70005798339844,5246700,0.0,0.0
2025-10-21,232.14999389648438,232.80999755859375,229.8300018310547,231.38999938964844,226.0455322265625,3298100,0.0,0.0
2025-10-22,231.6699981689453,232.16000366210938,228.42999267578125,228.67999267578125,223.3981170654297,3523500,0.0,0.0
2025-10-23,228.99000549316406,229.86000061035156,227.25,228.25,222.97805786132812,5818000,0.0,0.0
2025-10-24,228.77999877929688,229.0399932861328,226.25,227.99000549316406,222.72406005859375,3554700,0.0,0.0
2025-10-27,227.9499969482422,228.60000610351562,227.1199951171875,228.02999877929688,222.76312255859375,2784400,0.0,0.0
2025-10-28,227.0,228.39999389648438,224.30999755859375,227.5399932861328,222.2844696044922,3724200,0.0,0.0
2025-10-29,227.6199951171875,228.0,224.0399932861328,225.13999938964844,219.93988037109375,5469300,0.0,0.0
2025-10-30,227.0500030517578,229.64999389648438,226.41000366210938,228.1999969482422,222.92922973632812,5020700,0.0,0.0
2025-10-31,223.0,223.8699951171875,216.0,218.0399932861328,213.00387573242188,10825300,0.0,0.0
2025-11-03,216.67999267578125,219.0,211.69000244140625,211.9600067138672,207.06431579589844,8874300,0.0,0.0
2025-11-04,212.3699951171875,217.0800018310547,212.3699951171875,215.88999938964844,210.90353393554688,6184000,0.0,0.0
2025-11-05,215.74000549316406,217.42999267578125,212.60000610351562,216.77000427246094,211.76321411132812,4928200,0.0,0.0
2025-11-06,215.88999938964844,219.67999267578125,215.64999389648438,219.0399932861328,213.98077392578125,6615300,0.0,0.0
2025-11-07,219.30999755859375,220.99000549316406,217.08999633789062,219.16000366210938,214.09800720214844,4647900,0.0,0.0
2025-11-10,217.0,219.86000061035156,216.14999389648438,218.7100067138672,213.65841674804688,4530800,0.0,0.0
2025-11-11,219.0,225.4199981689453,219.0,225.1699981689453,219.9691925048828,4802400,0.0,0.0
2025-11-12,225.39999389648438,234.0,225.2899932861328,233.22999572753906,227.84303283691406,8583200,0.0,0.0
2025-11-13,233.74000549316406,239.2899932861328,232.16000366210938,232.2899932861328,226.92474365234375,7968500,0.0,0.0
2025-11-14,233.61000061035156,235.0,230.32000732421875,232.36000061035156,226.99313354492188,5461500,0.0,0.0
2025-11-17,233.25999450683594,235.35000610351562,229.22999572753906,234.0,228.5952606201172,5023100,0.0,0.0
2025-11-18,235.0,237.19000244140625,232.11000061035156,233.8699951171875,228.46826171875,6232600,0.0,0.0
2025-11-19,233.5399932861328,238.14999389648438,230.36000061035156,232.91000366210938,227.53042602539062,7618400,0.0,0.0
2025-11-20,233.25999450683594,234.9499969482422,228.0,229.4499969482422,224.1503448486328,4283600,0.0,0.0
2025-11-21,230.5500030517578,238.00999450683594,230.13999938964844,236.27999877929688,230.8225860595703,8017600,0.0,0.0
2025-11-24,236.0,237.6199951171875,228.47999572753906,229.50999450683594,224.20895385742188,10225900,0.0,0.0
2025-11-25,230.32000732421875,234.0800018310547,230.30999755859375,231.8000030517578,226.44606018066406,7134100,0.0,0.0
2025-11-26,232.0399932861328,232.47999572753906,226.63999938964844,227.66000366210938,222.4016876220703,5920800,0.0,0.0
2025-11-28,226.85000610351562,228.08999633789062,225.50999450683594,227.6999969482422,222.44076538085938,2655600,0.0,0.0
2025-12-01,227.19000244140625,229.49000549316406,223.97999572753906,225.11000061035156,219.91058349609375,5208300,0.0,0.0
2025-12-02,224.82000732421875,226.6300048828125,223.11000061035156,224.3699951171875,219.1876678466797,5096700,0.0,0.0
2025-12-03,224.83999633789062,230.7899932861328,224.52000427246094,230.24000549316406,224.92208862304688,4872900,0.0,0.0
2025-12-04,230.11000061035156,230.94000244140625,227.58999633789062,228.7100067138672,223.4274444580078,3732900,0.0,0.0
2025-12-05,228.92999267578125,229.25,225.0500030517578,226.0800018310547,220.85818481445312,3985200,0.0,0.0
2025-12-08,226.0800018310547,226.1199951171875,222.38999938964844,223.1199951171875,217.966552734375,4006100,0.0,0.0
2025-12-09,223.88999938964844,224.82000732421875,220.22999572753906,222.99000549316406,217.8395538330078,4267900,0.0,0.0
2025-12-10,225.0,225.97999572753906,221.0,225.17999267578125,219.9789581298828,8735200,0.0,0.0
2025-12-11,225.5399932861328,225.9600067138672,222.24000549316406,223.97999572753906,218.8066864013672,4170600,0.0,0.0
2025-12-12,223.69000244140625,223.82000732421875,221.10000610351562,223.32000732421875,218.1619415283203,5467600,0.0,0.0
2025-12-15,224.24000549316406,228.3000030517578,223.55999755859375,227.4499969482422,222.19654846191406,5971900,0.0,0.0
2025-12-16,226.41000366210938,226.83999633789062,221.91000366210938,223.6699981689453,218.50384521484375,6405900,0.0,0.0
2025-12-17,223.8800048828125,226.41000366210938,222.86000061035156,224.30999755859375,219.12904357910156,5243400,0.0,0.0
2025-12-18,224.0,226.25999450683594,222.7899932861328,222.82000732421875,217.67347717285156,4760400,0.0,0.0
2025-12-19,222.9499969482422,229.47000122070312,222.35000610351562,226.82000732421875,221.5811004638672,18968800,0.0,0.0
2025-12-22,226.11000061035156,228.64999389648438,224.25,227.91000366210938,222.6459197998047,4828100,0.0,0.0
2025-12-23,228.22000122070312,230.7899932861328,227.91000366210938,228.7899932861328,223.50558471679688,3612100,0.0,0.0
2025-12-24,229.4600067138672,230.8000030517578,228.97999572753906,229.88999938964844,224.5802001953125,1744900,0.0,0.0
2025-12-26,229.82000732421875,230.61000061035156,228.67999267578125,229.97999572753906,224.6680908203125,1593900,0.0,0.0
2025-12-29,230.14999389648438,232.02000427246094,229.74000549316406,230.83999633789062,225.50823974609375,3803000,0.0,0.0
2025-12-30,230.77000427246094,231.2100067138672,228.6199951171875,229.74000549316406,224.43365478515625,2348000,0.0,0.0
2025-12-31,229.74000549316406,230.25,228.42999267578125,228.49000549316406,223.2125244140625,3196900,0.0,0.0
2026-01-02,228.74000549316406,230.74000549316406,225.7100067138672,229.30999755859375,224.01358032226562,3336800,0.0,0.0
2026-01-05,227.0,227.24000549316406,217.86000061035156,220.17999267578125,215.09445190429688,9341300,0.0,0.0
2026-01-06,219.75,224.1999969482422,219.5500030517578,223.92999267578125,218.75784301757812,9151700,0.0,0.0
2026-01-07,225.24000549316406,237.0399932861328,224.74000549316406,233.4199981689453,228.0286407470703,10285400,0.0,0.0
2026-01-08,231.1300048828125,231.5399932861328,223.1199951171875,224.1300048828125,218.95321655273438,9365900,0.0,0.0
2026-01-09,223.75,225.1199951171875,219.0,220.0800018310547,214.99676513671875,6714200,0.0,0.0
2026-01-12,221.19000244140625,222.49000549316406,218.38999938964844,220.0399932861328,214.95767211914062,6546100,0.0,0.0
2026-01-13,219.52999877929688,220.75,215.85000610351562,220.75,215.65130615234375,4872600,0.0,0.0
2026-01-14,221.0,223.33999633789062,217.0,221.88999938964844,216.76495361328125,8426400,0.0,0.0
2026-01-15,222.52000427246094,223.02999877929688,215.8300018310547,216.75,211.74368286132812,6954200,0.0,0.0
2026-01-16,215.61000061035156,217.35000610351562,213.8800048828125,214.35000610351562,211.08389282226562,8649700,1.73,0.0
2026-01-20,211.6999969482422,214.0399932861328,209.9600067138672,214.0399932861328,210.7786102294922,8251400,0.0,0.0
2026-01-21,212.47000122070312,218.0,211.57000732421875,216.14999389648438,212.8564453125,10727100,0.0,0.0
2026-01-22,216.27999877929688,219.0500030517578,214.75999450683594,218.11000061035156,214.78659057617188,5650900,0.0,0.0
2026-01-23,217.25999450683594,219.82000732421875,215.8800048828125,219.25999450683594,215.9190673828125,5816400,0.0,0.0
2026-01-26,219.11000061035156,221.47999572753906,218.5,220.77000427246094,217.40606689453125,6553400,0.0,0.0
2026-01-27,220.8800048828125,226.86000061035156,220.64999389648438,223.92999267578125,220.51791381835938,5747400,0.0,0.0
2026-01-28,223.60000610351562,224.02999877929688,216.6999969482422,218.6699981689453,215.3380584716797,5215800,0.0,0.0
2026-01-29,218.0,224.13999938964844,218.0,220.42999267578125,217.07122802734375,7834000,0.0,0.0
2026-01-30,220.50999450683594,224.02000427246094,219.55999755859375,223.00999450683594,219.61192321777344,6622200,0.0,0.0
2026-02-02,224.85000610351562,229.7899932861328,224.4199981689453,225.63999938964844,222.2018585205078,5413000,0.0,0.0
2026-02-03,223.9499969482422,228.6999969482422,223.63999938964844,225.66000366210938,222.2215576171875,8158500,0.0,0.0
2026-02-04,209.77999877929688,220.85000610351562,204.27000427246094,217.11000061035156,213.80181884765625,15319700,0.0,0.0
2026-02-05,216.89999389648438,219.8699951171875,214.0399932861328,219.02000427246094,215.68272399902344,10794000,0.0,0.0
2026-02-06,218.75,225.82000732421875,218.5,223.42999267578125,220.0255126953125,6067100,0.0,0.0
2026-02-09,223.4199981689453,223.9600067138672,220.1199951171875,223.25999450683594,219.8581085205078,6767700,0.0,0.0
2026-02-10,223.75,225.80999755859375,221.94000244140625,222.44000244140625,219.0506134033203,6044500,0.0,0.0
2026-02-11,222.27000427246094,224.14999389648438,218.0500030517578,220.88999938964844,217.52423095703125,8072400,0.0,0.0
2026-02-12,221.57000732421875,229.0500030517578,220.91000366210938,227.5,224.0335235595703,8712000,0.0,0.0
2026-02-13,228.4199981689453,234.74000549316406,228.0,231.5,227.97256469726562,8252200,0.0,0.0
2026-02-17,232.66000366210938,235.25,231.19000244140625,232.86000061035156,229.3118438720703,7336400,0.0,0.0
2026-02-18,234.0,234.0,226.07000732421875,228.72000122070312,225.23492431640625,5495100,0.0,0.0
2026-02-19,228.97000122070312,229.3699951171875,223.02000427246094,224.35000610351562,220.9315185546875,5410800,0.0,0.0
2026-02-20,225.0399932861328,226.69000244140625,223.11000061035156,224.80999755859375,221.38449096679688,6830300,0.0,0.0
2026-02-23,225.82000732421875,231.42999267578125,225.7899932861328,229.47999572753906,225.98333740234375,5463200,0.0,0.0
2026-02-24,229.0,230.75999450683594,227.6699981689453,228.44000244140625,224.95919799804688,4880800,0.0,0.0
2026-02-25,229.7100067138672,232.5500030517578,226.47999572753906,226.9199981689453,223.4623565673828,5410900,0.0,0.0
2026-02-26,227.58999633789062,227.77999877929688,221.1300048828125,224.69000244140625,221.26632690429688,5331300,0.0,0.0
2026-02-27,225.10000610351562,232.27000427246094,225.05999755859375,232.0800018310547,228.54373168945312,8018100,0.0,0.0
2026-03-02,233.66000366210938,235.66000366210938,231.89999389648438,234.25999450683594,230.6905059814453,7438800,0.0,0.0
2026-03-03,233.36000061035156,235.7100067138672,230.24000549316406,233.86000061035156,230.29660034179688,6595700,0.0,0.0
2026-03-04,233.55999755859375,237.11000061035156,232.0800018310547,236.19000244140625,232.5911102294922,5380800,0.0,0.0
2026-03-05,233.4199981689453,234.8000030517578,228.0,232.35000610351562,228.80963134765625,9423100,0.0,0.0
2026-03-06,230.36000061035156,231.60000610351562,226.8000030517578,230.11000061035156,226.60374450683594,6139600,0.0,0.0
2026-03-09,229.97000122070312,230.67999267578125,223.22999572753906,227.4499969482422,223.98428344726562,7915800,0.0,0.0
2026-03-10,227.66000366210938,231.27000427246094,226.16000366210938,227.00999450683594,223.5509796142578,6466800,0.0,0.0
2026-03-11,226.0500030517578,229.2899932861328,225.3000030517578,227.67999267578125,224.2107696533203,5299200,0.0,0.0
2026-03-12,225.1199951171875,227.80999755859375,223.57000732421875,225.3699951171875,221.9359588623047,7607000,0.0,0.0
2026-03-13,226.88999938964844,228.6199951171875,219.44000244140625,219.67999267578125,216.33267211914062,5676100,0.0,0.0
2026-03-16,221.08999633789062,224.3699951171875,220.32000732421875,221.4499969482422,218.07569885253906,3991800,0.0,0.0
2026-03-17,222.0399932861328,223.27999877929688,219.75999450683594,219.75999450683594,216.41143798828125,4405700,0.0,0.0
2026-03-18,218.5,219.0,207.60000610351562,208.33999633789062,205.1654510498047,8597000,0.0,0.0
2026-03-19,208.3699951171875,210.42999267578125,204.3000030517578,206.22999572753906,203.0876007080078,7006800,0.0,0.0
2026-03-20,206.27000427246094,207.77999877929688,203.05999755859375,205.07000732421875,201.94529724121094,27982400,0.0,0.0
2026-03-23,207.36000061035156,208.6199951171875,203.22000122070312,204.92999267578125,201.8074188232422,7419900,0.0,0.0
2026-03-24,203.0399932861328,206.00999450683594,201.8000030517578,205.1999969482422,202.0733184814453,6990500,0.0,0.0
2026-03-25,206.86000061035156,209.67999267578125,205.86000061035156,207.17999267578125,204.02313232421875,6000100,0.0,0.0
2026-03-26,207.19000244140625,211.4499969482422,205.75999450683594,211.1199951171875,207.90309143066406,4576300,0.0,0.0
2026-03-27,211.4199981689453,213.49000549316406,209.1199951171875,209.39999389648438,206.2093048095703,5654000,0.0,0.0
2026-03-30,212.25999450683594,213.94000244140625,210.77999877929688,213.1199951171875,209.87261962890625,7491200,0.0,0.0
2026-03-31,215.05999755859375,219.1699981689453,214.85000610351562,217.49000549316406,214.17604064941406,8311700,0.0,0.0
2026-04-01,218.3699951171875,220.4499969482422,213.75,214.97999572753906,211.70428466796875,5702800,0.0,0.0
2026-04-02,213.99000549316406,214.55999755859375,207.7100067138672,208.83999633789062,205.6578369140625,5151100,0.0,0.0
2026-04-06,207.0399932861328,209.0,205.3000030517578,206.69000244140625,203.5406036376953,4929100,0.0,0.0
2026-04-07,206.22999572753906,206.49000549316406,201.66000366210938,206.3699951171875,203.22547912597656,8801600,0.0,0.0
2026-04-08,206.25999450683594,212.22000122070312,204.55999755859375,211.58999633789062,208.36593627929688,5477500,0.0,0.0
2026-04-09,209.47999572753906,213.50999450683594,208.74000549316406,212.39999389648438,209.16358947753906,4477800,0.0,0.0
2026-04-10,213.5500030517578,214.10000610351562,207.75,207.94000244140625,204.7715606689453,4633200,0.0,0.0
2026-04-13,206.42999267578125,208.0800018310547,203.00999450683594,206.47000122070312,203.32395935058594,7532500,0.0,0.0
2026-04-14,204.8000030517578,210.4199981689453,204.05999755859375,210.25999450683594,207.0561981201172,6199400,0.0,0.0
2026-04-15,208.99000549316406,209.82000732421875,205.5500030517578,208.4199981689453,206.9469757080078,5952100,1.73,0.0
2026-04-16,207.77999877929688,209.66000366210938,206.52000427246094,208.99000549316406,207.51295471191406,5075400,0.0,0.0
2026-04-17,209.66000366210938,212.35000610351562,207.82000732421875,208.3800048828125,206.9072723388672,8986600,0.0,0.0
2026-04-20,207.94000244140625,208.3300018310547,202.83999633789062,203.7100067138672,202.27027893066406,5774300,0.0,0.0
2026-04-21,204.00999450683594,206.1999969482422,200.9199981689453,205.1199951171875,203.67030334472656,7772100,0.0,0.0
2026-04-22,205.1699981689453,205.99000549316406,199.80999755859375,200.5,199.08294677734375,7646200,0.0,0.0
2026-04-23,201.0500030517578,202.75999450683594,200.41000366210938,200.9499969482422,199.52976989746094,7461100,0.0,0.0
2026-04-24,198.92999267578125,200.25,197.13999938964844,198.7100067138672,197.3056182861328,7605800,0.0,0.0
2026-04-27,198.0,201.4199981689453,196.22999572753906,197.3800048828125,195.98501586914062,7467600,0.0,0.0
2026-04-28,198.6699981689453,199.17999267578125,196.44000244140625,197.69000244140625,196.29281616210938,6313100,0.0,0.0
2026-04-29,192.0,205.8300018310547,190.75,203.88999938964844,202.44898986816406,10406300,0.0,0.0
2026-04-30,209.0,214.8699951171875,208.1699981689453,211.32000732421875,209.8264923095703,10319200,0.0,0.0
2026-05-01,211.0,211.0,205.57000732421875,206.60000610351562,205.1398468017578,6343100,0.0,0.0
2026-05-04,205.7100067138672,208.33999633789062,204.8699951171875,208.16000366210938,206.68882751464844,4579300,0.0,0.0
2026-05-05,208.97000122070312,209.52000427246094,205.8300018310547,206.11000061035156,204.65330505371094,4490500,0.0,0.0
2026-05-06,206.11000061035156,207.00999450683594,203.55999755859375,205.02999877929688,203.5809326171875,7290000,0.0,0.0
2026-05-07,204.9199981689453,207.0,202.02999877929688,202.7100067138672,201.27734375,6681100,0.0,0.0
2026-05-08,201.9199981689453,202.39999389648438,200.02000427246094,201.5500030517578,200.1255340576172,4915400,0.0,0.0
2026-05-11,202.00999450683594,205.3800048828125,202.00999450683594,202.77999877929688,201.34683227539062,4931700,0.0,0.0
2026-05-12,204.58999633789062,211.32000732421875,203.50999450683594,207.86000061035156,206.39093017578125,7044100,0.0,0.0
2026-05-13,206.86000061035156,209.52999877929688,204.3000030517578,208.5,207.0264129638672,5705700,0.0,0.0
2026-05-14,209.5,213.50999450683594,208.35000610351562,210.77000427246094,209.28038024902344,5006500,0.0,0.0
2026-05-15,213.10000610351562,214.9199981689453,209.02000427246094,210.38999938964844,208.90306091308594,5385000,0.0,0.0
2026-05-18,210.3699951171875,211.36000061035156,207.67999267578125,209.41000366210938,207.92999267578125,5069000,0.0,0.0
2026-05-19,209.89999389648438,215.8000030517578,208.72999572753906,213.75999450683594,212.24923706054688,7220300,0.0,0.0
2026-05-20,213.36000061035156,214.5,211.5,212.3000030517578,210.799560546875,5129000,0.0,0.0
2026-05-21,210.9499969482422,215.63999938964844,209.5,214.5,212.9840087890625,3813800,0.0,0.0
2026-05-22,217.0,220.00999450683594,215.6999969482422,215.6999969482422,214.17552185058594,5406100,0.0,0.0
2026-05-26,215.9199981689453,217.0500030517578,211.91000366210938,213.1199951171875,211.61375427246094,4706700,0.0,0.0
2026-05-27,213.1199951171875,215.94000244140625,211.36000061035156,215.39999389648438,213.8776397705078,4640100,0.0,0.0
2026-05-28,215.89999389648438,219.3800048828125,215.89999389648438,218.6300048828125,217.08482360839844,5189300,0.0,0.0
2026-05-29,219.02000427246094,219.60000610351562,214.89999389648438,217.72000122070312,216.18125915527344,7618500,0.0,0.0
2026-06-01,215.25999450683594,216.5,211.50999450683594,212.92999267578125,211.4250946044922,4858400,0.0,0.0
2026-06-02,211.00999450683594,216.57000732421875,208.99000549316406,215.39999389648438,213.8776397705078,5861800,0.0,0.0
2026-06-03,214.8000030517578,219.5399932861328,213.72999572753906,217.1300048828125,215.59542846679688,5667500,0.0,0.0
2026-06-04,222.5,224.99000549316406,219.83999633789062,224.94000244140625,223.3502197265625,6782000,0.0,0.0
2026-06-05,227.3699951171875,230.47000122070312,226.0,227.22999572753906,225.62403869628906,6248900,0.0,0.0
2026-06-08,226.75,228.5800018310547,221.1699981689453,223.07000732421875,221.4934539794922,4915600,0.0,0.0
2026-06-09,224.8000030517578,227.13999938964844,221.72000122070312,225.4199981689453,223.8268280029297,4257500,0.0,0.0
2026-06-10,226.92999267578125,227.13999938964844,224.1199951171875,224.9499969482422,223.3601531982422,4147300,0.0,0.0
2026-06-11,226.00999450683594,227.5500030517578,224.0399932861328,224.77000427246094,223.18142700195312,4569000,0.0,0.0
2026-06-12,227.5,228.39999389648438,224.32000732421875,227.72999572753906,226.12049865722656,4086500,0.0,0.0
2026-06-15,226.0,226.5,220.0,221.58999633789062,220.02389526367188,5261900,0.0,0.0
2026-06-16,223.30999755859375,223.5,219.14999389648438,222.47000122070312,220.89767456054688,5945500,0.0,0.0
2026-06-17,222.39999389648438,222.83999633789062,218.8300018310547,221.22999572753906,219.66644287109375,5624200,0.0,0.0
2026-06-18,221.3699951171875,222.35000610351562,215.3699951171875,216.49000549316406,214.95994567871094,9646100,0.0,0.0
2026-06-22,221.94000244140625,232.32000732421875,221.94000244140625,230.00999450683594,228.38438415527344,9912800,0.0,0.0
2026-06-23,232.97000122070312,235.30999755859375,231.3000030517578,234.75999450683594,233.10081481933594,7365600,0.0,0.0
2026-06-24,236.35000610351562,237.36000061035156,232.85000610351562,234.88999938964844,233.2299041748047,7311000,0.0,0.0
2026-06-25,233.66000366210938,244.61000061035156,233.66000366210938,243.13999938964844,241.4215850830078,10278100,0.0,0.0
2026-06-26,245.25999450683594,253.35000610351562,244.66000366210938,253.35000610351562,251.55943298339844,52635100,0.0,0.0
2026-06-29,253.0500030517578,255.99000549316406,249.1999969482422,254.30999755859375,252.5126495361328,9760500,0.0,0.0
2026-06-30,255.0,255.5,250.10000610351562,251.63999938964844,249.86151123046875,6999700,0.0,0.0
2026-07-01,250.75,251.8000030517578,247.55999755859375,251.05999755859375,249.28561401367188,6988000,0.0,0.0
2026-07-02,252.3000030517578,261.6400146484375,250.50999450683594,261.07000732421875,259.2248840332031,7113400,0.0,0.0
2026-07-06,259.9200134277344,260.9200134277344,253.60000610351562,254.75999450683594,252.95945739746094,8580200,0.0,0.0
2026-07-07,257.2099914550781,260.3500061035156,254.27000427246094,254.64999389648438,252.85023498535156,8238300,0.0,0.0
2026-07-08,253.25,255.82000732421875,250.6999969482422,252.74000549316406,250.95375061035156,7578700,0.0,0.0
2026-07-09,251.1999969482422,254.86000061035156,247.99000549316406,249.91000366210938,248.1437530517578,5526000,0.0,0.0
2026-07-10,251.00999450683594,251.66000366210938,245.0500030517578,248.0800018310547,246.32667541503906,5780700,0.0,0.0
2026-07-13,248.3699951171875,249.74000549316406,244.61000061035156,248.0,246.2472381591797,4156400,0.0,0.0
2026-07-14,245.99000549316406,246.4199981689453,243.19000244140625,244.77999877929688,243.0500030517578,5246800,0.0,0.0
2026-07-15,243.32000732421875,247.75,243.07000732421875,244.11000061035156,244.11000061035156,6389000,1.73,0.0
2026-07-16,244.75,254.5399932861328,243.5,254.38999938964844,254.38999938964844,6555500,0.0,0.0
2026-07-17,257.0,260.9599914550781,254.2899932861328,254.49000549316406,254.49000549316406,6872400,0.0,0.0
2026-07-20,253.10000610351562,256.1499938964844,252.67999267578125,253.3800048828125,253.3800048828125,4332400,0.0,0.0
2026-07-21,253.6999969482422,257.05999755859375,252.60000610351562,256.1000061035156,256.1000061035156,4819300,0.0,0.0
2026-07-22,257.80999755859375,257.80999755859375,252.25,253.3000030517578,253.3000030517578,4953200,0.0,0.0
2026-07-23,253.97999572753906,258.3800048828125,253.10000610351562,256.9200134277344,256.9200134277344,4622700,0.0,0.0
2026-07-24,258.5400085449219,260.2200012207031,256.7699890136719,259.3599853515625,259.3599853515625,4195000,0.0,0.0
2026-07-27,259.0,262.1000061035156,256.7799987792969,256.9100036621094,256.9100036621094,5404400,0.0,0.0
2026-07-28,262.8299865722656,266.9200134277344,261.45001220703125,263.20001220703125,263.20001220703125,7058400,0.0,0.0
2026-07-29,264.2099914550781,267.4700012207031,262.760009765625,263.29998779296875,263.29998779296875,5562300,0.0,0.0
2026-07-30,258.3800048828125,259.8900146484375,253.50999450683594,257.4100036621094,257.4100036621094,6403400,0.0,0.0
2026-07-31,252.5399932861328,255.52000427246094,247.0,250.94000244140625,250.94000244140625,7258200,0.0,0.0
2026-08-03,251.4499969482422,256.20001220703125,244.44000244140625,245.10000610351562,245.10000610351562,7435600,0.0,0.0
2026-08-04,246.74000549316406,246.91000366210938,242.38999938964844,243.8000030517578,243.8000030517578,8028800,0.0,0.0
2026-08-05,247.0,249.3800048828125,243.75999450683594,246.1999969482422,246.1999969482422,5193700,0.0,0.0
2026-08-06,249.0399932861328,249.9499969482422,241.1999969482422,243.8699951171875,243.8699951171875,4570200,0.0,0.0
2026-08-07,243.6199951171875,246.75999450683594,241.9499969482422,246.0399932861328,246.0399932861328,4930700,0.0,0.0
2026-08-10,245.64999389648438,248.00999450683594,244.02999877929688,247.97000122070312,247.97000122070312,4209500,0.0,0.0
2026-08-11,248.13999938964844,250.77000427246094,247.17999267578125,250.08999633789062,250.08999633789062,4485200,0.0,0.0
2026-08-12,245.97999572753906,250.08999633789062,245.52000427246094,248.75999450683594,248.75999450683594,3780500,0.0,0.0
2026-08-13,252.94000244140625,255.3000030517578,249.35000610351562,250.82000732421875,250.82000732421875,4370400,0.0,0.0
2026-08-14,250.60000610351562,250.61000061035156,247.67999267578125,249.4600067138672,249.4600067138672,4195000,0.0,0.0
2026-08-17,249.49000549316406,251.49000549316406,248.30999755859375,250.3300018310547,250.3300018310547,4648600,0.0,0.0
2026-08-18,253.92999267578125,259.17999267578125,252.41000366210938,258.9200134277344,258.9200134277344,5010200,0.0,0.0
2026-08-19,261.510009765625,266.9700012207031,259.54998779296875,265.9700012207031,265.9700012207031,5536000,0.0,0.0
2026-08-20,265.69000244140625,265.92999267578125,260.4800109863281,261.8299865722656,261.8299865722656,5228900,0.0,0.0
2026-08-21,260.70001220703125,266.8399963378906,260.1000061035156,264.9599914550781,264.9599914550781,5157200,0.0,0.0
2026-08-24,263.989990234375,266.0400085449219,262.07000732421875,264.5199890136719,264.5199890136719,3883600,0.0,0.0
2026-08-25,264.5,266.9100036621094,263.0299987792969,265.7900085449219,265.7900085449219,3671000,0.0,0.0
2026-08-26,264.6000061035156,265.0,260.30999755859375,262.8999938964844,262.8999938964844,3305100,0.0,0.0
2026-08-27,260.80999755859375,262.5,257.25,258.1499938964844,258.1499938964844,4761900,0.0,0.0
2026-08-28,258.6700134277344,259.0,255.0800018310547,255.47999572753906,255.47999572753906,3224400,0.0,0.0
2026-08-31,254.1699981689453,258.239990234375,252.3300018310547,256.4200134277344,256.4200134277344,4315000,0.0,0.0
2026-09-01,260.989990234375,262.2699890136719,257.7900085449219,259.989990234375,259.989990234375,3866100,0.0,0.0
2026-09-02,262.70001220703125,262.9700012207031,257.70001220703125,261.7200012207031,261.7200012207031,4225200,0.0,0.0
2026-09-03,264.0,264.25,257.1400146484375,260.2099914550781,260.2099914550781,2878400,0.0,0.0
2026-09-04,257.9599914550781,258.9100036621094,255.5800018310547,256.4599914550781,256.4599914550781,4728800,0.0,0.0
2026-09-08,251.83999633789062,254.6199951171875,248.41000366210938,248.77999877929688,248.77999877929688,5570300,0.0,0.0
2026-09-09,247.72999572753906,251.17999267578125,246.77000427246094,250.91000366210938,250.91000366210938,3866400,0.0,0.0
2026-09-10,251.22999572753906,255.30999755859375,249.74000549316406,255.0,255.0,4396100,0.0,0.0
2026-09-11,253.9199981689453,259.6099853515625,253.9199981689453,257.1199951171875,257.1199951171875,4308700,0.0,0.0
2026-09-14,261.6700134277344,264.6499938964844,260.1000061035156,261.7699890136719,261.7699890136719,4512200,0.0,0.0
2026-09-15,260.0,264.80999755859375,257.79998779296875,263.0400085449219,263.0400085449219,5119300,0.0,0.0
2026-09-16,261.989990234375,264.0,260.9800109863281,262.510009765625,262.510009765625,3117800,0.0,0.0
2026-09-17,262.6099853515625,264.6199951171875,260.8800048828125,264.0199890136719,264.0199890136719,3507500,0.0,0.0
2026-09-18,263.2900085449219,266.3399963378906,262.44000244140625,263.9599914550781,263.9599914550781,8176600,0.0,0.0
2026-09-21,263.07000732421875,266.6000061035156,261.2300109863281,264.4800109863281,264.4800109863281,3434900,0.0,0.0
2026-09-22,263.1000061035156,266.82000732421875,262.1499938964844,265.2099914550781,265.2099914550781,2765900,0.0,0.0
2026-09-23,266.0,269.3900146484375,263.5899963378906,265.0799865722656,265.0799865722656,3466400,0.0,0.0
2026-09-24,265.3699951171875,267.4100036621094,263.0899963378906,265.1199951171875,265.1199951171875,3456000,0.0,0.0
2026-09-25,265.489990234375,266.0,262.5899963378906,264.3399963378906,264.3399963378906,2540400,0.0,0.0
2026-09-28,264.3299865722656,267.739990234375,263.3800048828125,266.2799987792969,266.2799987792969,4421300,0.0,0.0
2026-09-29,265.45001220703125,268.92999267578125,261.5199890136719,263.2900085449219,263.2900085449219,4004200,0.0,0.0
2026-09-30,264.6000061035156,265.3599853515625,261.5899963378906,261.5899963378906,261.5899963378906,4386600,0.0,0.0
2026-10-01,260.510009765625,262.32000732421875,259.0,259.92999267578125,259.92999267578125,3889900,0.0,0.0
2026-10-02,259.739990234375,264.05999755859375,257.8699951171875,262.82000732421875,262.82000732421875,5861400,0.0,0.0
