Date,Open,High,Low,Close,Adj Close,Volume,Dividends,Stock Splits
2015-01-02,17.989999771118164,18.030000686645508,17.68000030517578,17.899999618530273,13.979467391967773,48951100,0.0,0.0
2015-01-05,17.790000915527344,17.809999465942383,17.290000915527344,17.3799991607666,13.57336139678955,105605500,0.0,0.0
2015-01-06,17.420000076293945,17.440000534057617,16.780000686645508,16.860000610351562,13.167257308959961,144912400,0.0,0.0
2015-01-07,17.139999389648438,17.18000030517578,16.8700008392334,16.940000534057617,13.229737281799316,104603800,0.0,0.0
2015-01-08,17.15999984741211,17.34000015258789,17.100000381469727,17.290000915527344,13.503079414367676,73388500,0.0,0.0
2015-01-09,17.3799991607666,17.3799991607666,16.950000762939453,16.979999542236328,13.26097583770752,84144600,0.0,0.0
2015-01-12,17.020000457763672,17.030000686645508,16.65999984741211,16.68000030517578,13.02668285369873,92762500,0.0,0.0
2015-01-13,16.81999969482422,16.889999389648438,16.31999969482422,16.450000762939453,12.84705924987793,100845400,0.0,0.0
2015-01-14,16.0,16.219999313354492,15.770000457763672,16.040000915527344,12.52685832977295,164779800,0.0,0.0
2015-01-15,15.59000015258789,15.760000228881836,15.149999618530273,15.199999809265137,11.870840072631836,193241300,0.0,0.0
2015-01-16,15.15999984741211,15.399999618530273,14.970000267028809,15.380000114440918,12.011412620544434,149802000,0.0,0.0
2015-01-20,15.59000015258789,15.630000114440918,15.199999809265137,15.260000228881836,11.917695045471191,123402800,0.0,0.0
2015-01-21,15.279999732971191,15.569999694824219,15.149999618530273,15.40999984741211,12.034841537475586,101054200,0.0,0.0
2015-01-22,15.550000190734863,16.190000534057617,15.430000305175781,16.09000015258789,12.56590461730957,183042100,0.0,0.0
2015-01-23,16.040000915527344,16.190000534057617,15.729999542236328,15.729999542236328,12.284749031066895,103376900,0.0,0.0
2015-01-26,15.720000267028809,15.930000305175781,15.699999809265137,15.850000381469727,12.37846851348877,69969300,0.0,0.0
2015-01-27,15.550000190734863,15.789999961853027,15.479999542236328,15.630000114440918,12.206656455993652,86184200,0.0,0.0
2015-01-28,15.720000267028809,15.729999542236328,15.180000305175781,15.199999809265137,11.870840072631836,105359800,0.0,0.0
2015-01-29,15.3100004196167,15.489999771118164,15.199999809265137,15.430000305175781,12.050460815429688,76095800,0.0,0.0
2015-01-30,15.229999542236328,15.470000267028809,15.149999618530273,15.149999618530273,11.831788063049316,99844600,0.0,0.0
2015-02-02,15.270000457763672,15.489999771118164,15.119999885559082,15.460000038146973,12.07388973236084,101586700,0.0,0.0
2015-02-03,15.619999885559082,15.930000305175781,15.609999656677246,15.890000343322754,12.409708976745605,105159400,0.0,0.0
2015-02-04,15.789999961853027,16.0,15.75,15.789999961853027,12.331613540649414,83848100,0.0,0.0
2015-02-05,15.979999542236328,16.09000015258789,15.899999618530273,15.970000267028809,12.472190856933594,92264700,0.0,0.0
2015-02-06,16.299999237060547,16.75,16.219999313354492,16.489999771118164,12.8782958984375,160832300,0.0,0.0
2015-02-09,16.350000381469727,16.5,16.25,16.350000381469727,12.76895523071289,95532900,0.0,0.0
2015-02-10,16.559999465942383,16.6200008392334,16.350000381469727,16.420000076293945,12.823626518249512,100322800,0.0,0.0
2015-02-11,16.329999923706055,16.450000762939453,16.209999084472656,16.360000610351562,12.776768684387207,99924400,0.0,0.0
2015-02-12,16.40999984741211,16.729999542236328,16.3700008392334,16.670000076293945,13.018869400024414,116394100,0.0,0.0
2015-02-13,16.729999542236328,16.790000915527344,16.540000915527344,16.610000610351562,12.972010612487793,93632700,0.0,0.0
2015-02-17,16.520000457763672,16.68000030517578,16.3700008392334,16.6299991607666,12.987627983093262,93350600,0.0,0.0
2015-02-18,16.549999237060547,16.559999465942383,16.239999771118164,16.299999237060547,12.729909896850586,84057400,0.0,0.0
2015-02-19,16.209999084472656,16.3799991607666,16.079999923706055,16.209999084472656,12.659622192382812,83604300,0.0,0.0
2015-02-20,16.139999389648438,16.43000030517578,16.010000228881836,16.3799991607666,12.792389869689941,89763600,0.0,0.0
2015-02-23,16.31999969482422,16.31999969482422,16.100000381469727,16.200000762939453,12.651810646057129,87623700,0.0,0.0
2015-02-24,16.270000457763672,16.549999237060547,16.25,16.3799991607666,12.792389869689941,74109600,0.0,0.0
2015-02-25,16.3700008392334,16.5,16.31999969482422,16.489999771118164,12.8782958984375,57201000,0.0,0.0
2015-02-26,16.420000076293945,16.440000534057617,15.899999618530273,16.040000915527344,12.52685832977295,161100700,0.0,0.0
2015-02-27,15.779999732971191,15.880000114440918,15.619999885559082,15.8100004196167,12.347229957580566,130448200,0.0,0.0
2015-03-02,15.789999961853027,16.030000686645508,15.720000267028809,16.010000228881836,12.503430366516113,71402400,0.0,0.0
2015-03-03,16.030000686645508,16.149999618530273,15.960000038146973,16.040000915527344,12.52685832977295,65689800,0.0,0.0
2015-03-04,15.960000038146973,15.979999542236328,15.760000228881836,15.84000015258789,12.409341812133789,78441600,0.05,0.0
2015-03-05,15.920000076293945,16.030000686645508,15.75,16.0,12.534689903259277,69510000,0.0,0.0
2015-03-06,16.0,16.6200008392334,16.0,16.219999313354492,12.70704460144043,163207200,0.0,0.0
2015-03-09,16.309999465942383,16.329999923706055,16.1200008392334,16.170000076293945,12.667869567871094,72912700,0.0,0.0
2015-03-10,16.040000915527344,16.1299991607666,15.789999961853027,15.789999961853027,12.370173454284668,85633600,0.0,0.0
2015-03-11,15.920000076293945,16.15999984741211,15.869999885559082,16.110000610351562,12.620865821838379,85910100,0.0,0.0
2015-03-12,16.049999237060547,16.209999084472656,15.899999618530273,16.09000015258789,12.60519790649414,126376300,0.0,0.0
2015-03-13,16.079999923706055,16.149999618530273,15.9399995803833,16.09000015258789,12.60519790649414,88581900,0.0,0.0
2015-03-16,16.110000610351562,16.219999313354492,15.850000381469727,16.1299991607666,12.6365327835083,63406500,0.0,0.0
2015-03-17,16.06999969482422,16.1200008392334,15.960000038146973,16.09000015258789,12.60519790649414,67315000,0.0,0.0
2015-03-18,16.010000228881836,16.100000381469727,15.90999984741211,15.979999542236328,12.519021987915039,86387600,0.0,0.0
2015-03-19,15.960000038146973,15.970000267028809,15.609999656677246,15.609999656677246,12.229157447814941,109169200,0.0,0.0
2015-03-20,15.699999809265137,15.930000305175781,15.640000343322754,15.84000015258789,12.409341812133789,99867700,0.0,0.0
2015-03-23,15.819999694824219,15.880000114440918,15.720000267028809,15.720000267028809,12.315335273742676,73773500,0.0,0.0
2015-03-24,15.729999542236328,15.800000190734863,15.609999656677246,15.609999656677246,12.229157447814941,77011000,0.0,0.0
2015-03-25,15.630000114440918,15.649999618530273,15.399999618530273,15.40999984741211,12.072474479675293,88541500,0.0,0.0
2015-03-26,15.390000343322754,15.539999961853027,15.260000228881836,15.420000076293945,12.080307960510254,76741500,0.0,0.0
2015-03-27,15.479999542236328,15.489999771118164,15.270000457763672,15.3100004196167,11.994131088256836,73140800,0.0,0.0
2015-03-30,15.420000076293945,15.609999656677246,15.399999618530273,15.520000457763672,12.158650398254395,70835300,0.0,0.0
2015-03-31,15.5,15.520000457763672,15.380000114440918,15.390000343322754,12.056802749633789,61381700,0.0,0.0
2015-04-01,15.420000076293945,15.460000038146973,15.25,15.40999984741211,12.072474479675293,73153900,0.0,0.0
2015-04-02,15.430000305175781,15.619999885559082,15.430000305175781,15.539999961853027,12.174318313598633,50443500,0.0,0.0
2015-04-06,15.390000343322754,15.600000381469727,15.34000015258789,15.510000228881836,12.150815963745117,51189500,0.0,0.0
2015-04-07,15.529999732971191,15.649999618530273,15.449999809265137,15.460000038146973,12.111644744873047,50057800,0.0,0.0
2015-04-08,15.510000228881836,15.739999771118164,15.5,15.609999656677246,12.229157447814941,71732500,0.0,0.0
2015-04-09,15.630000114440918,15.760000228881836,15.529999732971191,15.710000038146973,12.307496070861816,44935600,0.0,0.0
2015-04-10,15.6899995803833,15.789999961853027,15.600000381469727,15.720000267028809,12.315335273742676,43817700,0.0,0.0
2015-04-13,15.779999732971191,15.859999656677246,15.739999771118164,15.800000190734863,12.378007888793945,49191200,0.0,0.0
2015-04-14,15.880000114440918,15.949999809265137,15.710000038146973,15.819999694824219,12.39367389678955,84385400,0.0,0.0
2015-04-15,15.699999809265137,15.850000381469727,15.59000015258789,15.640000343322754,12.252659797668457,124479100,0.0,0.0
2015-04-16,15.640000343322754,15.9399995803833,15.579999923706055,15.789999961853027,12.370173454284668,105591000,0.0,0.0
2015-04-17,15.710000038146973,15.75,15.5,15.5600004196167,12.189987182617188,88994300,0.0,0.0
2015-04-20,15.619999885559082,15.6899995803833,15.5600004196167,15.569999694824219,12.197822570800781,53649400,0.0,0.0
2015-04-21,15.600000381469727,15.640000343322754,15.430000305175781,15.5,12.14298152923584,64033100,0.0,0.0
2015-04-22,15.550000190734863,15.829999923706055,15.489999771118164,15.739999771118164,12.331000328063965,73092800,0.0,0.0
2015-04-23,15.720000267028809,15.800000190734863,15.680000305175781,15.6899995803833,12.291828155517578,50292200,0.0,0.0
2015-04-24,15.710000038146973,15.75,15.609999656677246,15.640000343322754,12.252659797668457,40766100,0.0,0.0
2015-04-27,15.630000114440918,15.760000228881836,15.5600004196167,15.5600004196167,12.189987182617188,73523400,0.0,0.0
2015-04-28,15.579999923706055,15.710000038146973,15.5,15.649999618530273,12.26049518585205,58080100,0.0,0.0
2015-04-29,15.600000381469727,16.040000915527344,15.569999694824219,15.979999542236328,12.519021987915039,134499400,0.0,0.0
2015-04-30,16.0,16.049999237060547,15.800000190734863,15.930000305175781,12.479854583740234,78313900,0.0,0.0
2015-05-01,16.0,16.149999618530273,15.920000076293945,16.110000610351562,12.620865821838379,78171400,0.0,0.0
2015-05-04,16.139999389648438,16.450000762939453,16.1200008392334,16.440000534057617,12.87939167022705,76592300,0.0,0.0
2015-05-05,16.420000076293945,16.610000610351562,16.329999923706055,16.350000381469727,12.80888557434082,106148700,0.0,0.0
2015-05-06,16.360000610351562,16.489999771118164,16.079999923706055,16.290000915527344,12.761881828308105,96426500,0.0,0.0
2015-05-07,16.229999542236328,16.329999923706055,16.09000015258789,16.239999771118164,12.722711563110352,73794800,0.0,0.0
2015-05-08,16.31999969482422,16.459999084472656,16.219999313354492,16.450000762939453,12.887231826782227,86333700,0.0,0.0
2015-05-11,16.450000762939453,16.59000015258789,16.43000030517578,16.489999771118164,12.918566703796387,56246000,0.0,0.0
2015-05-12,16.459999084472656,16.479999542236328,16.350000381469727,16.43000030517578,12.871560096740723,59627100,0.0,0.0
2015-05-13,16.440000534057617,16.520000457763672,16.360000610351562,16.469999313354492,12.902894020080566,47330600,0.0,0.0
2015-05-14,16.530000686645508,16.59000015258789,16.450000762939453,16.520000457763672,12.942070007324219,55395700,0.0,0.0
2015-05-15,16.520000457763672,16.520000457763672,16.299999237060547,16.350000381469727,12.80888557434082,54937800,0.0,0.0
2015-05-18,16.309999465942383,16.540000915527344,16.309999465942383,16.510000228881836,12.934235572814941,51059900,0.0,0.0
2015-05-19,16.59000015258789,16.780000686645508,16.579999923706055,16.770000457763672,13.13792610168457,89115500,0.0,0.0
2015-05-20,16.780000686645508,16.850000381469727,16.6299991607666,16.739999771118164,13.114419937133789,67684000,0.0,0.0
2015-05-21,16.709999084472656,16.75,16.559999465942383,16.729999542236328,13.106583595275879,52056600,0.0,0.0
2015-05-22,16.719999313354492,16.799999237060547,16.700000762939453,16.75,13.1222562789917,47032900,0.0,0.0
2015-05-26,16.729999542236328,16.729999542236328,16.43000030517578,16.5,12.926401138305664,100048200,0.0,0.0
2015-05-27,16.559999465942383,16.75,16.540000915527344,16.739999771118164,13.114419937133789,70026700,0.0,0.0
2015-05-28,16.719999313354492,16.729999542236328,16.579999923706055,16.670000076293945,13.05958080291748,60970000,0.0,0.0
2015-05-29,16.65999984741211,16.670000076293945,16.469999313354492,16.5,12.926401138305664,74266200,0.0,0.0
2015-06-01,16.579999923706055,16.639999389648438,16.469999313354492,16.549999237060547,12.965572357177734,62941600,0.0,0.0
2015-06-02,16.520000457763672,16.760000228881836,16.5,16.719999313354492,13.098748207092285,65513200,0.0,0.0
2015-06-03,16.670000076293945,17.020000457763672,16.670000076293945,16.93000030517578,13.30305004119873,89614900,0.05,0.0
2015-06-04,16.8700008392334,16.979999542236328,16.719999313354492,16.780000686645508,13.185186386108398,61025500,0.0,0.0
2015-06-05,17.040000915527344,17.350000381469727,16.969999313354492,17.190000534057617,13.507355690002441,119087400,0.0,0.0
2015-06-08,17.270000457763672,17.329999923706055,17.049999237060547,17.079999923706055,13.420918464660645,69749600,0.0,0.0
2015-06-09,17.049999237060547,17.350000381469727,17.0,17.309999465942383,13.601644515991211,82104900,0.0,0.0
2015-06-10,17.389999389648438,17.6200008392334,17.360000610351562,17.59000015258789,13.821656227111816,102643100,0.0,0.0
2015-06-11,17.6200008392334,17.68000030517578,17.440000534057617,17.489999771118164,13.743083000183105,77191500,0.0,0.0
2015-06-12,17.450000762939453,17.579999923706055,17.360000610351562,17.489999771118164,13.743083000183105,53149400,0.0,0.0
2015-06-15,17.329999923706055,17.5,17.25,17.469999313354492,13.727362632751465,68053400,0.0,0.0
2015-06-16,17.459999084472656,17.559999465942383,17.3700008392334,17.549999237060547,13.790230751037598,47291200,0.0,0.0
2015-06-17,17.59000015258789,17.600000381469727,17.299999237060547,17.3700008392334,13.64879322052002,88712100,0.0,0.0
2015-06-18,17.350000381469727,17.399999618530273,17.219999313354492,17.3799991607666,13.656643867492676,97599900,0.0,0.0
2015-06-19,17.280000686645508,17.389999389648438,17.1200008392334,17.170000076293945,13.4916353225708,83395400,0.0,0.0
2015-06-22,17.360000610351562,17.530000686645508,17.350000381469727,17.469999313354492,13.727362632751465,58477700,0.0,0.0
2015-06-23,17.559999465942383,17.719999313354492,17.559999465942383,17.670000076293945,13.88451862335205,63865700,0.0,0.0
2015-06-24,17.530000686645508,17.690000534057617,17.450000762939453,17.489999771118164,13.743083000183105,59079500,0.0,0.0
2015-06-25,17.56999969482422,17.6200008392334,17.350000381469727,17.3700008392334,13.64879322052002,59772200,0.0,0.0
2015-06-26,17.479999542236328,17.520000457763672,17.350000381469727,17.40999984741211,13.680220603942871,63080800,0.0,0.0
2015-06-29,17.1299991607666,17.25,16.860000610351562,16.889999389648438,13.271623611450195,98604200,0.0,0.0
2015-06-30,17.079999923706055,17.1299991607666,16.850000381469727,17.020000457763672,13.373772621154785,89039800,0.0,0.0
2015-07-01,17.25,17.309999465942383,17.09000015258789,17.219999313354492,13.530921936035156,62317400,0.0,0.0
2015-07-02,17.15999984741211,17.209999084472656,16.889999389648438,17.030000686645508,13.381630897521973,64736500,0.0,0.0
2015-07-06,16.780000686645508,17.010000228881836,16.709999084472656,16.940000534057617,13.310912132263184,58726900,0.0,0.0
2015-07-07,16.899999618530273,16.93000030517578,16.34000015258789,16.690000534057617,13.114465713500977,115450500,0.0,0.0
2015-07-08,16.420000076293945,16.5,16.219999313354492,16.25,12.768729209899902,83033000,0.0,0.0
2015-07-09,16.530000686645508,16.719999313354492,16.450000762939453,16.479999542236328,12.94945240020752,81534400,0.0,0.0
2015-07-10,16.799999237060547,16.84000015258789,16.65999984741211,16.700000762939453,13.12232494354248,72965300,0.0,0.0
2015-07-13,16.969999313354492,17.049999237060547,16.899999618530273,17.020000457763672,13.373772621154785,67934300,0.0,0.0
2015-07-14,16.93000030517578,17.149999618530273,16.860000610351562,17.1299991607666,13.460205078125,69999800,0.0,0.0
2015-07-15,17.530000686645508,17.850000381469727,17.489999771118164,17.68000030517578,13.89238166809082,173099900,0.0,0.0
2015-07-16,17.90999984741211,18.06999969482422,17.860000610351562,17.950000762939453,14.104537963867188,117054300,0.0,0.0
2015-07-17,17.959999084472656,18.15999984741211,17.889999389648438,18.100000381469727,14.22239875793457,96894900,0.0,0.0
2015-07-20,18.149999618530273,18.229999542236328,18.079999923706055,18.1200008392334,14.238117218017578,71980100,0.0,0.0
2015-07-21,18.110000610351562,18.170000076293945,18.020000457763672,18.079999923706055,14.206685066223145,63732800,0.0,0.0
2015-07-22,18.030000686645508,18.479999542236328,18.030000686645508,18.450000762939453,14.497415542602539,110327000,0.0,0.0
2015-07-23,18.389999389648438,18.43000030517578,18.079999923706055,18.18000030517578,14.28526496887207,103650100,0.0,0.0
2015-07-24,18.18000030517578,18.229999542236328,17.84000015258789,17.899999618530273,14.065241813659668,86364300,0.0,0.0
2015-07-27,17.65999984741211,17.780000686645508,17.5,17.670000076293945,13.88451862335205,93231900,0.0,0.0
2015-07-28,17.790000915527344,17.889999389648438,17.600000381469727,17.8799991607666,14.049528121948242,82166800,0.0,0.0
2015-07-29,17.950000762939453,18.200000762939453,17.920000076293945,18.15999984741211,14.269545555114746,96388600,0.0,0.0
2015-07-30,18.200000762939453,18.290000915527344,18.049999237060547,18.1299991607666,14.2459716796875,65667900,0.0,0.0
2015-07-31,18.030000686645508,18.059999465942383,17.860000610351562,17.8799991607666,14.049528121948242,67176900,0.0,0.0
2015-08-03,17.90999984741211,17.969999313354492,17.639999389648438,17.770000457763672,13.963098526000977,62376800,0.0,0.0
2015-08-04,17.790000915527344,17.93000030517578,17.709999084472656,17.799999237060547,13.98667049407959,69741500,0.0,0.0
2015-08-05,17.93000030517578,18.049999237060547,17.799999237060547,17.8700008392334,14.041675567626953,65228600,0.0,0.0
2015-08-06,17.90999984741211,17.979999542236328,17.770000457763672,17.809999465942383,13.994523048400879,47594700,0.0,0.0
2015-08-07,17.920000076293945,18.06999969482422,17.600000381469727,17.75,13.947380065917969,71020700,0.0,0.0
2015-08-10,17.8700008392334,18.049999237060547,17.860000610351562,18.040000915527344,14.175252914428711,65791200,0.0,0.0
2015-08-11,17.850000381469727,17.969999313354492,17.719999313354492,17.790000915527344,13.978809356689453,65868600,0.0,0.0
2015-08-12,17.6200008392334,17.649999618530273,17.020000457763672,17.520000457763672,13.766650199890137,141600100,0.0,0.0
2015-08-13,17.559999465942383,17.690000534057617,17.440000534057617,17.6200008392334,13.845231056213379,67456200,0.0,0.0
2015-08-14,17.56999969482422,17.700000762939453,17.540000915527344,17.700000762939453,13.90809440612793,52710300,0.0,0.0
2015-08-17,17.610000610351562,17.809999465942383,17.559999465942383,17.770000457763672,13.963098526000977,42310000,0.0,0.0
2015-08-18,17.719999313354492,17.899999618530273,17.649999618530273,17.690000534057617,13.900230407714844,50360700,0.0,0.0
2015-08-19,17.549999237060547,17.690000534057617,17.440000534057617,17.459999084472656,13.71950626373291,78540500,0.0,0.0
2015-08-20,17.190000534057617,17.200000762939453,16.719999313354492,16.719999313354492,13.138038635253906,149185400,0.0,0.0
2015-08-21,16.200000762939453,16.65999984741211,16.100000381469727,16.100000381469727,12.650863647460938,148874300,0.0,0.0
2015-08-24,15.020000457763672,15.979999542236328,14.600000381469727,15.289999961853027,12.01439094543457,214649500,0.0,0.0
2015-08-25,16.200000762939453,16.200000762939453,15.25,15.260000228881836,11.990819931030273,194377000,0.0,0.0
2015-08-26,15.8100004196167,16.059999465942383,15.34000015258789,16.059999465942383,12.619436264038086,174208500,0.0,0.0
2015-08-27,16.3799991607666,16.450000762939453,16.09000015258789,16.440000534057617,12.918024063110352,124185400,0.0,0.0
2015-08-28,16.399999618530273,16.440000534057617,16.200000762939453,16.360000610351562,12.8551607131958,75899300,0.0,0.0
2015-08-31,16.329999923706055,16.3799991607666,16.18000030517578,16.34000015258789,12.839449882507324,66695200,0.0,0.0
2015-09-01,15.949999809265137,16.049999237060547,15.460000038146973,15.579999923706055,12.242263793945312,119064000,0.0,0.0
2015-09-02,15.819999694824219,15.859999656677246,15.569999694824219,15.850000381469727,12.494519233703613,74820400,0.05,0.0
2015-09-03,15.970000267028809,16.190000534057617,15.869999885559082,15.9399995803833,12.56546688079834,77175800,0.0,0.0
2015-09-04,15.789999961853027,15.859999656677246,15.5,15.649999618530273,12.336858749389648,104539500,0.0,0.0
2015-09-08,15.960000038146973,16.15999984741211,15.899999618530273,16.15999984741211,12.73888874053955,73960200,0.0,0.0
2015-09-09,16.3700008392334,16.459999084472656,15.829999923706055,15.899999618530273,12.533931732177734,70466100,0.0,0.0
2015-09-10,15.869999885559082,16.110000610351562,15.8100004196167,16.040000915527344,12.644298553466797,71110200,0.0,0.0
2015-09-11,15.989999771118164,16.059999465942383,15.899999618530273,16.040000915527344,12.644298553466797,54287700,0.0,0.0
2015-09-14,15.970000267028809,16.06999969482422,15.899999618530273,15.960000038146973,12.581231117248535,50640900,0.0,0.0
2015-09-15,16.040000915527344,16.389999389648438,16.010000228881836,16.309999465942383,12.857132911682129,62327100,0.0,0.0
2015-09-16,16.350000381469727,16.389999389648438,16.09000015258789,16.329999923706055,12.872903823852539,83776400,0.0,0.0
2015-09-17,16.290000915527344,16.479999542236328,15.779999732971191,15.859999656677246,12.502400398254395,119088200,0.0,0.0
2015-09-18,15.680000305175781,15.710000038146973,15.5,15.5600004196167,12.265913963317871,136531200,0.0,0.0
2015-09-21,15.670000076293945,15.75,15.569999694824219,15.699999809265137,12.376272201538086,79096200,0.0,0.0
2015-09-22,15.489999771118164,15.579999923706055,15.449999809265137,15.569999694824219,12.273796081542969,92235200,0.0,0.0
2015-09-23,15.600000381469727,15.850000381469727,15.579999923706055,15.720000267028809,12.392040252685547,78117500,0.0,0.0
2015-09-24,15.539999961853027,15.619999885559082,15.399999618530273,15.550000190734863,12.258028030395508,99520100,0.0,0.0
2015-09-25,15.880000114440918,16.020000457763672,15.8100004196167,15.890000343322754,12.526050567626953,88655000,0.0,0.0
2015-09-28,15.789999961853027,15.819999694824219,15.380000114440918,15.470000267028809,12.194967269897461,91324300,0.0,0.0
2015-09-29,15.5,15.529999732971191,15.25,15.350000381469727,12.10036849975586,79829400,0.0,0.0
2015-09-30,15.550000190734863,15.600000381469727,15.319999694824219,15.579999923706055,12.281679153442383,71347100,0.0,0.0
2015-10-01,15.520000457763672,15.640000343322754,15.359999656677246,15.550000190734863,12.258028030395508,71516800,0.0,0.0
2015-10-02,15.079999923706055,15.380000114440918,14.630000114440918,15.380000114440918,12.124016761779785,181838400,0.0,0.0
2015-10-05,15.449999809265137,15.789999961853027,15.4399995803833,15.6899995803833,12.368391990661621,75315300,0.0,0.0
2015-10-06,15.680000305175781,15.819999694824219,15.569999694824219,15.6899995803833,12.368391990661621,67473700,0.0,0.0
2015-10-07,15.779999732971191,15.930000305175781,15.569999694824219,15.75,12.415689468383789,66655600,0.0,0.0
2015-10-08,15.720000267028809,15.779999732971191,15.510000228881836,15.75,12.415689468383789,79056900,0.0,0.0
2015-10-09,15.75,15.819999694824219,15.5,15.579999923706055,12.281679153442383,76667100,0.0,0.0
2015-10-12,15.600000381469727,15.619999885559082,15.430000305175781,15.520000457763672,12.234382629394531,50725800,0.0,0.0
2015-10-13,15.449999809265137,15.59000015258789,15.399999618530273,15.520000457763672,12.234382629394531,73689800,0.0,0.0
2015-10-14,15.770000457763672,15.920000076293945,15.550000190734863,15.640000343322754,12.328975677490234,122272400,0.0,0.0
2015-10-15,15.8100004196167,16.280000686645508,15.720000267028809,16.190000534057617,12.762539863586426,127028800,0.0,0.0
2015-10-16,16.290000915527344,16.290000915527344,16.030000686645508,16.1200008392334,12.70736026763916,66989500,0.0,0.0
2015-10-19,16.0,16.209999084472656,15.979999542236328,16.139999389648438,12.723124504089355,62953500,0.0,0.0
2015-10-20,16.15999984741211,16.290000915527344,16.100000381469727,16.200000762939453,12.770424842834473,50797800,0.0,0.0
2015-10-21,16.260000228881836,16.290000915527344,15.899999618530273,15.899999618530273,12.533931732177734,64440400,0.0,0.0
2015-10-22,16.0,16.200000762939453,16.0,16.15999984741211,12.73888874053955,74116600,0.0,0.0
2015-10-23,16.290000915527344,16.549999237060547,16.25,16.520000457763672,13.02268123626709,82285800,0.0,0.0
2015-10-26,16.520000457763672,16.549999237060547,16.34000015258789,16.510000228881836,13.014798164367676,67702800,0.0,0.0
2015-10-27,16.399999618530273,16.469999313354492,16.299999237060547,16.399999618530273,12.928081512451172,56159300,0.0,0.0
2015-10-28,16.450000762939453,17.309999465942383,16.450000762939453,17.280000686645508,13.62178897857666,147720100,0.0,0.0
2015-10-29,17.15999984741211,17.440000534057617,16.969999313354492,17.09000015258789,13.472009658813477,95542300,0.0,0.0
2015-10-30,17.18000030517578,17.18000030517578,16.760000228881836,16.780000686645508,13.227638244628906,87645800,0.0,0.0
2015-11-02,16.899999618530273,17.139999389648438,16.8700008392334,17.059999465942383,13.448359489440918,56948200,0.0,0.0
2015-11-03,17.010000228881836,17.260000228881836,16.989999771118164,17.18000030517578,13.54295825958252,66127100,0.0,0.0
2015-11-04,17.299999237060547,17.309999465942383,16.959999084472656,17.010000228881836,13.408943176269531,78728400,0.0,0.0
2015-11-05,17.030000686645508,17.3700008392334,17.030000686645508,17.309999465942383,13.645434379577637,85505500,0.0,0.0
2015-11-06,17.84000015258789,18.09000015258789,17.760000228881836,17.950000762939453,14.14995002746582,158037500,0.0,0.0
2015-11-09,18.030000686645508,18.079999923706055,17.559999465942383,17.68000030517578,13.93710708618164,129920700,0.0,0.0
2015-11-10,17.6299991607666,17.940000534057617,17.559999465942383,17.850000381469727,14.071115493774414,59905800,0.0,0.0
2015-11-11,17.989999771118164,17.989999771118164,17.68000030517578,17.75,13.992283821105957,59235000,0.0,0.0
2015-11-12,17.579999923706055,17.6299991607666,17.350000381469727,17.3700008392334,13.69273567199707,77850900,0.0,0.0
2015-11-13,17.1299991607666,17.309999465942383,17.09000015258789,17.200000762939453,13.558720588684082,103574900,0.0,0.0
2015-11-16,17.1299991607666,17.459999084472656,17.010000228881836,17.43000030517578,13.740029335021973,70384300,0.0,0.0
2015-11-17,17.5,17.600000381469727,17.34000015258789,17.420000076293945,13.732145309448242,70488600,0.0,0.0
2015-11-18,17.43000030517578,17.8700008392334,17.43000030517578,17.84000015258789,14.063230514526367,85708300,0.0,0.0
2015-11-19,17.780000686645508,17.850000381469727,17.6200008392334,17.690000534057617,13.944984436035156,51829700,0.0,0.0
2015-11-20,17.809999465942383,17.829999923706055,17.59000015258789,17.649999618530273,13.913457870483398,56288300,0.0,0.0
2015-11-23,17.6200008392334,17.729999542236328,17.459999084472656,17.469999313354492,13.77155876159668,50362900,0.0,0.0
2015-11-24,17.260000228881836,17.56999969482422,17.25,17.469999313354492,13.77155876159668,58724200,0.0,0.0
2015-11-25,17.510000228881836,17.56999969482422,17.40999984741211,17.440000534057617,13.74791145324707,34939000,0.0,0.0
2015-11-27,17.459999084472656,17.5,17.329999923706055,17.479999542236328,13.77944564819336,22937500,0.0,0.0
2015-11-30,17.479999542236328,17.579999923706055,17.420000076293945,17.43000030517578,13.740029335021973,61893700,0.0,0.0
2015-12-01,17.520000457763672,17.809999465942383,17.479999542236328,17.809999465942383,14.03957748413086,74351800,0.0,0.0
2015-12-02,17.8799991607666,17.889999389648438,17.549999237060547,17.6200008392334,13.928910255432129,76919000,0.05,0.0
2015-12-03,17.68000030517578,17.770000457763672,17.25,17.299999237060547,13.675946235656738,95810100,0.0,0.0
2015-12-04,17.440000534057617,17.829999923706055,17.3799991607666,17.799999237060547,14.071206092834473,103021700,0.0,0.0
2015-12-07,17.790000915527344,17.799999237060547,17.440000534057617,17.540000915527344,13.865671157836914,81633300,0.0,0.0
2015-12-08,17.389999389648438,17.459999084472656,17.1299991607666,17.190000534057617,13.588985443115234,84873500,0.0,0.0
2015-12-09,17.110000610351562,17.3799991607666,16.8700008392334,17.100000381469727,13.517842292785645,82418100,0.0,0.0
2015-12-10,17.149999618530273,17.40999984741211,16.959999084472656,17.200000762939453,13.596890449523926,68395000,0.0,0.0
2015-12-11,16.969999313354492,17.059999465942383,16.639999389648438,16.729999542236328,13.225348472595215,91503900,0.0,0.0
2015-12-14,16.760000228881836,16.889999389648438,16.5,16.799999237060547,13.280684471130371,121121200,0.0,0.0
2015-12-15,17.020000457763672,17.489999771118164,16.989999771118164,17.420000076293945,13.770804405212402,99737200,0.0,0.0
2015-12-16,17.649999618530273,17.780000686645508,17.229999542236328,17.75,14.0316801071167,171576700,0.0,0.0
2015-12-17,17.799999237060547,17.829999923706055,17.299999237060547,17.299999237060547,13.675946235656738,97265700,0.0,0.0
2015-12-18,17.190000534057617,17.270000457763672,16.760000228881836,16.760000228881836,13.249067306518555,136737800,0.0,0.0
2015-12-21,16.979999542236328,17.030000686645508,16.770000457763672,16.969999313354492,13.41507339477539,65150300,0.0,0.0
2015-12-22,17.049999237060547,17.110000610351562,16.850000381469727,17.079999923706055,13.502031326293945,56173500,0.0,0.0
2015-12-23,17.15999984741211,17.34000015258789,17.100000381469727,17.34000015258789,13.707565307617188,65770700,0.0,0.0
2015-12-24,17.31999969482422,17.3799991607666,17.219999313354492,17.270000457763672,13.652230262756348,29369400,0.0,0.0
2015-12-28,17.219999313354492,17.229999542236328,16.979999542236328,17.1299991607666,13.541556358337402,41777500,0.0,0.0
2015-12-29,17.25,17.350000381469727,17.15999984741211,17.280000686645508,13.660137176513672,45670400,0.0,0.0
2015-12-30,17.200000762939453,17.239999771118164,17.040000915527344,17.049999237060547,13.478313446044922,35066400,0.0,0.0
2015-12-31,17.010000228881836,17.06999969482422,16.829999923706055,16.829999923706055,13.304401397705078,47153000,0.0,0.0
2016-01-04,16.450000762939453,16.489999771118164,16.25,16.43000030517578,12.988195419311523,114888000,0.0,0.0
2016-01-05,16.520000457763672,16.59000015258789,16.229999542236328,16.43000030517578,12.988195419311523,66670000,0.0,0.0
2016-01-06,16.190000534057617,16.290000915527344,16.020000457763672,16.079999923706055,12.711514472961426,102760800,0.0,0.0
2016-01-07,15.729999542236328,15.899999618530273,15.4399995803833,15.5,12.253015518188477,116255900,0.0,0.0
2016-01-08,15.9399995803833,15.9399995803833,15.15999984741211,15.199999809265137,12.015860557556152,124782400,0.0,0.0
2016-01-11,15.260000228881836,15.369999885559082,14.9399995803833,15.3100004196167,12.102816581726074,104611700,0.0,0.0
2016-01-12,15.539999961853027,15.579999923706055,15.0600004196167,15.3100004196167,12.102816581726074,100023500,0.0,0.0
2016-01-13,15.470000267028809,15.520000457763672,14.850000381469727,14.899999618530273,11.778704643249512,119413000,0.0,0.0
2016-01-14,15.010000228881836,15.199999809265137,14.649999618530273,14.989999771118164,11.849853515625,125920000,0.0,0.0
2016-01-15,14.40999984741211,14.65999984741211,14.130000114440918,14.460000038146973,11.430877685546875,172296100,0.0,0.0
2016-01-19,14.6899995803833,14.789999961853027,14.010000228881836,14.239999771118164,11.256962776184082,185727400,0.0,0.0
2016-01-20,13.789999961853027,14.0,13.270000457763672,13.6899995803833,10.822178840637207,250537600,0.0,0.0
2016-01-21,13.670000076293945,13.84000015258789,13.25,13.359999656677246,10.561307907104492,188976000,0.0,0.0
2016-01-22,13.649999618530273,13.720000267028809,13.470000267028809,13.5600004196167,10.71941089630127,169999800,0.0,0.0
2016-01-25,13.539999961853027,13.550000190734863,12.9399995803833,12.960000038146973,10.245102882385254,186419100,0.0,0.0
2016-01-26,13.069999694824219,13.350000381469727,13.039999961853027,13.3100004196167,10.521781921386719,124246900,0.0,0.0
2016-01-27,13.199999809265137,13.729999542236328,13.1899995803833,13.359999656677246,10.561307907104492,124095800,0.0,0.0
2016-01-28,13.59000015258789,13.710000038146973,13.260000228881836,13.529999732971191,10.695697784423828,110996200,0.0,0.0
2016-01-29,13.65999984741211,14.149999618530273,13.59000015258789,14.140000343322754,11.177912712097168,159984100,0.0,0.0
2016-02-01,14.050000190734863,14.09000015258789,13.800000190734863,13.960000038146973,11.035616874694824,105739400,0.0,0.0
2016-02-02,13.739999771118164,13.75,13.130000114440918,13.229999542236328,10.458540916442871,147101200,0.0,0.0
2016-02-03,13.279999732971191,13.289999961853027,12.520000457763672,13.029999732971191,10.300432205200195,257664600,0.0,0.0
2016-02-04,12.890000343322754,13.59000015258789,12.890000343322754,13.25,10.474349975585938,179394400,0.0,0.0
2016-02-05,13.319999694824219,13.390000343322754,12.890000343322754,12.949999809265137,10.237196922302246,125842800,0.0,0.0
2016-02-08,12.670000076293945,12.699999809265137,12.130000114440918,12.270000457763672,9.699642181396484,221363600,0.0,0.0
2016-02-09,11.989999771118164,12.430000305175781,11.960000038146973,12.199999809265137,9.644306182861328,247349000,0.0,0.0
2016-02-10,12.420000076293945,12.539999961853027,11.90999984741211,11.979999542236328,9.470396041870117,227530000,0.0,0.0
2016-02-11,11.460000038146973,11.550000190734863,10.989999771118164,11.15999984741211,8.822169303894043,375088700,0.0,0.0
2016-02-12,11.479999542236328,12.029999732971191,11.399999618530273,11.949999809265137,9.44667911529541,245388400,0.0,0.0
2016-02-16,12.380000114440918,12.390000343322754,12.109999656677246,12.25,9.683834075927734,194306700,0.0,0.0
2016-02-17,12.569999694824219,12.6899995803833,12.470000267028809,12.5600004196167,9.928895950317383,221859400,0.0,0.0
2016-02-18,12.710000038146973,12.739999771118164,12.100000381469727,12.239999771118164,9.675931930541992,161539400,0.0,0.0
2016-02-19,12.220000267028809,12.239999771118164,11.979999542236328,12.130000114440918,9.588971138000488,121045600,0.0,0.0
2016-02-22,12.130000114440918,12.539999961853027,12.130000114440918,12.539999961853027,9.913084983825684,88865500,0.0,0.0
2016-02-23,12.470000267028809,12.479999542236328,12.100000381469727,12.15999984741211,9.612688064575195,104498700,0.0,0.0
2016-02-24,11.960000038146973,12.149999618530273,11.649999618530273,12.130000114440918,9.588971138000488,159552800,0.0,0.0
2016-02-25,12.140000343322754,12.329999923706055,12.09000015258789,12.319999694824219,9.739171981811523,103054600,0.0,0.0
2016-02-26,12.489999771118164,12.949999809265137,12.399999618530273,12.699999809265137,10.039567947387695,160314400,0.0,0.0
2016-02-29,12.699999809265137,12.859999656677246,12.510000228881836,12.520000457763672,9.8972749710083,123661100,0.0,0.0
2016-03-01,12.640000343322754,13.210000038146973,12.619999885559082,13.1899995803833,10.426922798156738,153558200,0.0,0.0
2016-03-02,13.199999809265137,13.510000228881836,13.130000114440918,13.40999984741211,10.641169548034668,139622500,0.05,0.0
2016-03-03,13.380000114440918,13.550000190734863,13.25,13.5,10.712587356567383,105082700,0.0,0.0
2016-03-04,13.760000228881836,13.890000343322754,13.489999771118164,13.539999961853027,10.744330406188965,171410900,0.0,0.0
2016-03-07,13.449999809265137,13.619999885559082,13.369999885559082,13.529999732971191,10.736394882202148,97650300,0.0,0.0
2016-03-08,13.399999618530273,13.470000267028809,13.050000190734863,13.0600004196167,10.36344051361084,125894800,0.0,0.0
2016-03-09,13.170000076293945,13.270000457763672,13.0,13.140000343322754,10.426922798156738,92253800,0.0,0.0
2016-03-10,13.229999542236328,13.399999618530273,13.0,13.270000457763672,10.53007984161377,123016200,0.0,0.0
2016-03-11,13.4399995803833,13.84000015258789,13.369999885559082,13.789999961853027,10.942710876464844,120400600,0.0,0.0
2016-03-14,13.720000267028809,13.739999771118164,13.489999771118164,13.640000343322754,10.823681831359863,87746800,0.0,0.0
2016-03-15,13.510000228881836,13.600000381469727,13.390000343322754,13.569999694824219,10.768136024475098,80404000,0.0,0.0
2016-03-16,13.510000228881836,13.8100004196167,13.09000015258789,13.3100004196167,10.561819076538086,149645400,0.0,0.0
2016-03-17,13.220000267028809,13.479999542236328,13.050000190734863,13.399999618530273,10.633237838745117,122212300,0.0,0.0
2016-03-18,13.680000305175781,13.880000114440918,13.550000190734863,13.789999961853027,10.942710876464844,146616200,0.0,0.0
2016-03-21,13.800000190734863,14.029999732971191,13.720000267028809,13.84000015258789,10.982385635375977,104695700,0.0,0.0
2016-03-22,13.670000076293945,13.84000015258789,13.630000114440918,13.760000228881836,10.918907165527344,83252100,0.0,0.0
2016-03-23,13.770000457763672,13.829999923706055,13.600000381469727,13.619999885559082,10.807809829711914,95789700,0.0,0.0
2016-03-24,13.40999984741211,13.6899995803833,13.270000457763672,13.680000305175781,10.855423927307129,94836500,0.0,0.0
2016-03-28,13.729999542236328,13.739999771118164,13.539999961853027,13.619999885559082,10.807809829711914,54498500,0.0,0.0
2016-03-29,13.539999961853027,13.539999961853027,13.260000228881836,13.420000076293945,10.649107933044434,101606800,0.0,0.0
2016-03-30,13.489999771118164,13.65999984741211,13.460000038146973,13.479999542236328,10.696717262268066,85897000,0.0,0.0
2016-03-31,13.489999771118164,13.710000038146973,13.449999809265137,13.520000457763672,10.728459358215332,79592100,0.0,0.0
2016-04-01,13.470000267028809,13.649999618530273,13.319999694824219,13.5600004196167,10.760202407836914,73130900,0.0,0.0
2016-04-04,13.539999961853027,13.649999618530273,13.40999984741211,13.510000228881836,10.720521926879883,59709600,0.0,0.0
2016-04-05,13.300000190734863,13.34000015258789,13.15999984741211,13.1899995803833,10.466597557067871,78445900,0.0,0.0
2016-04-06,13.199999809265137,13.300000190734863,13.109999656677246,13.270000457763672,10.53007984161377,62558500,0.0,0.0
2016-04-07,13.149999618530273,13.210000038146973,12.75,12.850000381469727,10.196797370910645,105704500,0.0,0.0
2016-04-08,13.029999732971191,13.140000343322754,12.859999656677246,12.880000114440918,10.220602989196777,76548100,0.0,0.0
2016-04-11,12.920000076293945,13.09000015258789,12.880000114440918,12.970000267028809,10.29201889038086,79411500,0.0,0.0
2016-04-12,13.0,13.329999923706055,12.930000305175781,13.270000457763672,10.53007984161377,100791600,0.0,0.0
2016-04-13,13.550000190734863,13.850000381469727,13.529999732971191,13.789999961853027,10.942710876464844,138647200,0.0,0.0
2016-04-14,13.710000038146973,14.279999732971191,13.699999809265137,14.140000343322754,11.22044849395752,179383300,0.0,0.0
2016-04-15,14.270000457763672,14.289999961853027,13.949999809265137,14.0,11.109353065490723,87958700,0.0,0.0
2016-04-18,13.850000381469727,14.239999771118164,13.819999694824219,14.170000076293945,11.244250297546387,81998200,0.0,0.0
2016-04-19,14.260000228881836,14.539999961853027,14.239999771118164,14.449999809265137,11.466437339782715,107153600,0.0,0.0
2016-04-20,14.5600004196167,14.9399995803833,14.529999732971191,14.930000305175781,11.847332000732422,115628700,0.0,0.0
2016-04-21,14.930000305175781,15.140000343322754,14.75,14.899999618530273,11.823524475097656,121589000,0.0,0.0
2016-04-22,14.869999885559082,15.140000343322754,14.869999885559082,15.109999656677246,11.990161895751953,83456600,0.0,0.0
2016-04-25,15.020000457763672,15.140000343322754,14.8100004196167,14.960000038146973,11.871134757995605,70489500,0.0,0.0
2016-04-26,15.020000457763672,15.140000343322754,14.800000190734863,15.09000015258789,11.974297523498535,84812400,0.0,0.0
2016-04-27,15.020000457763672,15.300000190734863,14.979999542236328,15.020000457763672,11.918747901916504,115789000,0.0,0.0
2016-04-28,14.920000076293945,15.079999923706055,14.760000228881836,14.789999961853027,11.736238479614258,78639300,0.0,0.0
2016-04-29,14.729999542236328,14.850000381469727,14.430000305175781,14.5600004196167,11.553727149963379,122128100,0.0,0.0
2016-05-02,14.579999923706055,14.779999732971191,14.399999618530273,14.770000457763672,11.720369338989258,68882800,0.0,0.0
2016-05-03,14.510000228881836,14.510000228881836,14.149999618530273,14.359999656677246,11.39501953125,110549000,0.0,0.0
2016-05-04,14.09000015258789,14.270000457763672,14.0,14.130000114440918,11.212512016296387,99269700,0.0,0.0
2016-05-05,14.149999618530273,14.319999694824219,14.0,14.050000190734863,11.149027824401855,73145900,0.0,0.0
2016-05-06,13.829999923706055,14.140000343322754,13.800000190734863,14.109999656677246,11.196638107299805,76595100,0.0,0.0
2016-05-09,14.079999923706055,14.1899995803833,13.90999984741211,13.989999771118164,11.10141658782959,55399600,0.0,0.0
2016-05-10,14.079999923706055,14.329999923706055,14.050000190734863,14.300000190734863,11.347408294677734,59870500,0.0,0.0
2016-05-11,14.25,14.5,14.1899995803833,14.199999809265137,11.26805591583252,68088900,0.0,0.0
2016-05-12,14.300000190734863,14.470000267028809,14.050000190734863,14.140000343322754,11.22044849395752,72567100,0.0,0.0
2016-05-13,14.149999618530273,14.369999885559082,13.869999885559082,13.880000114440918,11.014123916625977,86193900,0.0,0.0
2016-05-16,13.819999694824219,14.020000457763672,13.800000190734863,13.930000305175781,11.053803443908691,57848600,0.0,0.0
2016-05-17,13.890000343322754,14.130000114440918,13.819999694824219,14.010000228881836,11.11728572845459,76273800,0.0,0.0
2016-05-18,14.020000457763672,14.75,14.010000228881836,14.6899995803833,11.656883239746094,150748500,0.0,0.0
2016-05-19,14.600000381469727,14.869999885559082,14.430000305175781,14.529999732971191,11.52991771697998,106156900,0.0,0.0
2016-05-20,14.640000343322754,14.699999809265137,14.430000305175781,14.520000457763672,11.521982192993164,81214000,0.0,0.0
2016-05-23,14.539999961853027,14.600000381469727,14.399999618530273,14.470000267028809,11.48231315612793,66303200,0.0,0.0
2016-05-24,14.600000381469727,14.75,14.529999732971191,14.680000305175781,11.648948669433594,96183700,0.0,0.0
2016-05-25,14.829999923706055,15.149999618530273,14.829999923706055,14.920000076293945,11.839395523071289,123498700,0.0,0.0
2016-05-26,14.979999542236328,14.989999771118164,14.6899995803833,14.699999809265137,11.664820671081543,65356600,0.0,0.0
2016-05-27,14.760000228881836,14.880000114440918,14.6899995803833,14.880000114440918,11.80765151977539,62411300,0.0,0.0
2016-05-31,15.029999732971191,15.050000190734863,14.729999542236328,14.789999961853027,11.736238479614258,85635900,0.0,0.0
2016-06-01,14.600000381469727,14.899999618530273,14.449999809265137,14.859999656677246,11.831781387329102,62612100,0.05,0.0
2016-06-02,14.949999809265137,14.979999542236328,14.770000457763672,14.9399995803833,11.895475387573242,64327300,0.0,0.0
2016-06-03,14.460000038146973,14.5,14.1899995803833,14.420000076293945,11.481449127197266,148600900,0.0,0.0
2016-06-06,14.4399995803833,14.699999809265137,14.369999885559082,14.520000457763672,11.561066627502441,80949300,0.0,0.0
2016-06-07,14.539999961853027,14.600000381469727,14.34000015258789,14.350000381469727,11.425711631774902,67447100,0.0,0.0
2016-06-08,14.350000381469727,14.460000038146973,14.300000190734863,14.430000305175781,11.489411354064941,58292900,0.0,0.0
2016-06-09,14.319999694824219,14.319999694824219,14.079999923706055,14.1899995803833,11.298316955566406,74814900,0.0,0.0
2016-06-10,13.979999542236328,14.0,13.75,13.829999923706055,11.011680603027344,90725700,0.0,0.0
2016-06-13,13.640000343322754,13.90999984741211,13.579999923706055,13.600000381469727,10.828545570373535,71925000,0.0,0.0
2016-06-14,13.5600004196167,13.729999542236328,13.170000076293945,13.260000228881836,10.557836532592773,85377800,0.0,0.0
2016-06-15,13.380000114440918,13.65999984741211,13.279999732971191,13.34000015258789,10.621533393859863,100659100,0.0,0.0
2016-06-16,13.229999542236328,13.329999923706055,13.020000457763672,13.3100004196167,10.59764575958252,90152000,0.0,0.0
2016-06-17,13.380000114440918,13.529999732971191,13.279999732971191,13.399999618530273,10.669306755065918,89022300,0.0,0.0
2016-06-20,13.739999771118164,13.850000381469727,13.510000228881836,13.539999961853027,10.780776977539062,89874000,0.0,0.0
2016-06-21,13.619999885559082,13.649999618530273,13.449999809265137,13.619999885559082,10.844470977783203,73810800,0.0,0.0
2016-06-22,13.600000381469727,13.779999732971191,13.59000015258789,13.609999656677246,10.836511611938477,77980500,0.0,0.0
2016-06-23,13.84000015258789,14.050000190734863,13.819999694824219,14.039999961853027,11.178884506225586,82494600,0.0,0.0
2016-06-24,13.050000190734863,13.4399995803833,12.970000267028809,13.0,10.35081672668457,231499200,0.0,0.0
2016-06-27,12.770000457763672,12.770000457763672,12.050000190734863,12.180000305175781,9.697922706604004,250847700,0.0,0.0
2016-06-28,12.569999694824219,12.720000267028809,12.350000381469727,12.699999809265137,10.111954689025879,150136300,0.0,0.0
2016-06-29,13.069999694824219,13.220000267028809,12.920000076293945,13.1899995803833,10.50210189819336,118484000,0.0,0.0
2016-06-30,13.369999885559082,13.380000114440918,13.069999694824219,13.270000457763672,10.56579875946045,125773900,0.0,0.0
2016-07-01,13.1899995803833,13.270000457763672,13.020000457763672,13.100000381469727,10.430442810058594,88888100,0.0,0.0
2016-07-05,12.930000305175781,12.9399995803833,12.630000114440918,12.739999771118164,10.14380168914795,98246500,0.0,0.0
2016-07-06,12.520000457763672,12.920000076293945,12.449999809265137,12.859999656677246,10.239350318908691,94983300,0.0,0.0
2016-07-07,12.869999885559082,13.109999656677246,12.84000015258789,13.010000228881836,10.358780860900879,101100300,0.0,0.0
2016-07-08,13.279999732971191,13.319999694824219,13.109999656677246,13.170000076293945,10.486175537109375,92698900,0.0,0.0
2016-07-11,13.289999961853027,13.399999618530273,13.199999809265137,13.210000038146973,10.518026351928711,67267300,0.0,0.0
2016-07-12,13.40999984741211,13.600000381469727,13.399999618530273,13.539999961853027,10.780776977539062,89070600,0.0,0.0
2016-07-13,13.5,13.579999923706055,13.319999694824219,13.4399995803833,10.701154708862305,74595600,0.0,0.0
2016-07-14,13.729999542236328,13.779999732971191,13.640000343322754,13.649999618530273,10.868359565734863,97852100,0.0,0.0
2016-07-15,13.779999732971191,13.789999961853027,13.520000457763672,13.65999984741211,10.876322746276855,78652500,0.0,0.0
2016-07-18,13.84000015258789,14.229999542236328,13.819999694824219,14.109999656677246,11.234618186950684,187187100,0.0,0.0
2016-07-19,14.0600004196167,14.369999885559082,14.029999732971191,14.260000228881836,11.35405445098877,96940100,0.0,0.0
2016-07-20,14.350000381469727,14.430000305175781,14.260000228881836,14.399999618530273,11.465521812438965,79277900,0.0,0.0
2016-07-21,14.430000305175781,14.470000267028809,14.260000228881836,14.270000457763672,11.36201286315918,65376300,0.0,0.0
2016-07-22,14.260000228881836,14.399999618530273,14.180000305175781,14.380000114440918,11.449599266052246,46604800,0.0,0.0
2016-07-25,14.3100004196167,14.390000343322754,14.279999732971191,14.369999885559082,11.44163703918457,46420800,0.0,0.0
2016-07-26,14.319999694824219,14.550000190734863,14.3100004196167,14.529999732971191,11.569028854370117,60205600,0.0,0.0
2016-07-27,14.569999694824219,14.699999809265137,14.449999809265137,14.630000114440918,11.648652076721191,100986000,0.0,0.0
2016-07-28,14.569999694824219,14.6899995803833,14.460000038146973,14.680000305175781,11.68846321105957,72049500,0.0,0.0
2016-07-29,14.5600004196167,14.699999809265137,14.479999542236328,14.489999771118164,11.53718376159668,63276500,0.0,0.0
2016-08-01,14.520000457763672,14.600000381469727,14.260000228881836,14.329999923706055,11.409789085388184,61460900,0.0,0.0
2016-08-02,14.279999732971191,14.449999809265137,14.09000015258789,14.130000114440918,11.2505464553833,83776300,0.0,0.0
2016-08-03,14.109999656677246,14.479999542236328,14.100000381469727,14.479999542236328,11.529220581054688,65305400,0.0,0.0
2016-08-04,14.479999542236328,14.539999961853027,14.359999656677246,14.479999542236328,11.529220581054688,46176600,0.0,0.0
2016-08-05,14.75,15.0600004196167,14.75,15.050000190734863,11.983063697814941,120947800,0.0,0.0
2016-08-08,15.079999923706055,15.170000076293945,14.920000076293945,15.130000114440918,12.046759605407715,71960300,0.0,0.0
2016-08-09,15.109999656677246,15.1899995803833,15.069999694824219,15.1899995803833,12.094534873962402,49973300,0.0,0.0
2016-08-10,15.15999984741211,15.180000305175781,14.779999732971191,14.8100004196167,11.791973114013672,79080700,0.0,0.0
2016-08-11,14.829999923706055,14.970000267028809,14.75,14.880000114440918,11.847704887390137,68945400,0.0,0.0
2016-08-12,14.770000457763672,14.90999984741211,14.699999809265137,14.90999984741211,11.871591567993164,63031300,0.0,0.0
2016-08-15,14.970000267028809,15.029999732971191,14.949999809265137,15.020000457763672,11.95917797088623,48592100,0.0,0.0
2016-08-16,14.970000267028809,15.1899995803833,14.930000305175781,15.170000076293945,12.07861042022705,80307500,0.0,0.0
2016-08-17,15.15999984741211,15.239999771118164,15.079999923706055,15.149999618530273,12.062686920166016,93407300,0.0,0.0
2016-08-18,15.109999656677246,15.239999771118164,15.0600004196167,15.15999984741211,12.070647239685059,62804300,0.0,0.0
2016-08-19,15.130000114440918,15.25,15.050000190734863,15.220000267028809,12.118420600891113,59834800,0.0,0.0
2016-08-22,15.199999809265137,15.25,15.119999885559082,15.180000305175781,12.086573600769043,60877100,0.0,0.0
2016-08-23,15.260000228881836,15.40999984741211,15.260000228881836,15.350000381469727,12.221928596496582,67817900,0.0,0.0
2016-08-24,15.369999885559082,15.5,15.359999656677246,15.399999618530273,12.261737823486328,65484900,0.0,0.0
2016-08-25,15.420000076293945,15.539999961853027,15.399999618530273,15.529999732971191,12.36524772644043,67714400,0.0,0.0
2016-08-26,15.609999656677246,15.899999618530273,15.579999923706055,15.789999961853027,12.572263717651367,126886300,0.0,0.0
2016-08-29,15.8100004196167,16.010000228881836,15.779999732971191,15.84000015258789,12.612074851989746,120144900,0.0,0.0
2016-08-30,15.84000015258789,16.229999542236328,15.800000190734863,16.190000534057617,12.890751838684082,121280600,0.0,0.0
2016-08-31,16.209999084472656,16.239999771118164,15.880000114440918,16.139999389648438,12.910748481750488,127664300,0.075,0.0
2016-09-01,16.149999618530273,16.149999618530273,15.75,15.979999542236328,12.782759666442871,128812600,0.0,0.0
2016-09-02,15.9399995803833,16.059999465942383,15.819999694824219,16.0,12.798759460449219,100997300,0.0,0.0
2016-09-06,16.049999237060547,16.059999465942383,15.699999809265137,15.779999732971191,12.622777938842773,96542200,0.0,0.0
2016-09-07,15.720000267028809,15.850000381469727,15.649999618530273,15.699999809265137,12.558784484863281,63310300,0.0,0.0
2016-09-08,15.770000457763672,15.9399995803833,15.680000305175781,15.859999656677246,12.686773300170898,69292700,0.0,0.0
2016-09-09,15.90999984741211,16.149999618530273,15.739999771118164,15.739999771118164,12.590778350830078,135182500,0.0,0.0
2016-09-12,15.649999618530273,15.9399995803833,15.479999542236328,15.899999618530273,12.718766212463379,109724000,0.0,0.0
2016-09-13,15.670000076293945,15.859999656677246,15.550000190734863,15.720000267028809,12.574782371520996,89317600,0.0,0.0
2016-09-14,15.670000076293945,15.84000015258789,15.5600004196167,15.630000114440918,12.502788543701172,75528100,0.0,0.0
2016-09-15,15.640000343322754,15.75,15.579999923706055,15.670000076293945,12.534784317016602,67322600,0.0,0.0
2016-09-16,15.65999984741211,15.680000305175781,15.479999542236328,15.489999771118164,12.390799522399902,90926200,0.0,0.0
2016-09-19,15.550000190734863,15.779999732971191,15.550000190734863,15.59000015258789,12.47079086303711,66186400,0.0,0.0
2016-09-20,15.739999771118164,15.760000228881836,15.510000228881836,15.600000381469727,12.478793144226074,68210400,0.0,0.0
2016-09-21,15.710000038146973,15.829999923706055,15.390000343322754,15.649999618530273,12.51878833770752,95464600,0.0,0.0
2016-09-22,15.6899995803833,15.710000038146973,15.5,15.600000381469727,12.478793144226074,75611300,0.0,0.0
2016-09-23,15.529999732971191,15.670000076293945,15.5,15.520000457763672,12.414798736572266,51604400,0.0,0.0
2016-09-26,15.399999618530273,15.4399995803833,15.020000457763672,15.09000015258789,12.070832252502441,94972100,0.0,0.0
2016-09-27,15.010000228881836,15.34000015258789,14.8100004196167,15.289999961853027,12.230814933776855,81992600,0.0,0.0
2016-09-28,15.359999656677246,15.390000343322754,15.149999618530273,15.380000114440918,12.302807807922363,66076400,0.0,0.0
2016-09-29,15.380000114440918,15.5,15.0600004196167,15.15999984741211,12.126824378967285,78997700,0.0,0.0
2016-09-30,15.260000228881836,15.729999542236328,15.170000076293945,15.649999618530273,12.51878833770752,119428700,0.0,0.0
2016-10-03,15.59000015258789,15.729999542236328,15.5,15.630000114440918,12.502788543701172,69873100,0.0,0.0
2016-10-04,15.699999809265137,16.049999237060547,15.670000076293945,15.800000190734863,12.638777732849121,98501500,0.0,0.0
2016-10-05,15.960000038146973,16.229999542236328,15.960000038146973,16.110000610351562,12.886750221252441,86056900,0.0,0.0
2016-10-06,16.170000076293945,16.229999542236328,16.040000915527344,16.219999313354492,12.97474479675293,75886700,0.0,0.0
2016-10-07,16.190000534057617,16.25,15.979999542236328,16.1299991607666,12.90274715423584,99605400,0.0,0.0
2016-10-10,16.219999313354492,16.399999618530273,16.18000030517578,16.299999237060547,13.038735389709473,64158500,0.0,0.0
2016-10-11,16.260000228881836,16.329999923706055,16.020000457763672,16.110000610351562,12.886750221252441,77374000,0.0,0.0
2016-10-12,16.09000015258789,16.239999771118164,16.010000228881836,16.030000686645508,12.822757720947266,67165800,0.0,0.0
2016-10-13,16.09000015258789,16.09000015258789,15.600000381469727,15.829999923706055,12.66277027130127,78637000,0.0,0.0
2016-10-14,16.149999618530273,16.229999542236328,15.9399995803833,16.0,12.798759460449219,108865700,0.0,0.0
2016-10-17,16.170000076293945,16.200000762939453,15.899999618530273,16.049999237060547,12.83875560760498,101795500,0.0,0.0
2016-10-18,16.190000534057617,16.270000457763672,16.110000610351562,16.260000228881836,13.006741523742676,71433100,0.0,0.0
2016-10-19,16.299999237060547,16.530000686645508,16.280000686645508,16.469999313354492,13.174721717834473,97969000,0.0,0.0
2016-10-20,16.450000762939453,16.6299991607666,16.40999984741211,16.559999465942383,13.24671745300293,88081200,0.0,0.0
2016-10-21,16.459999084472656,16.670000076293945,16.399999618530273,16.670000076293945,13.334708213806152,77954900,0.0,0.0
2016-10-24,16.75,16.799999237060547,16.610000610351562,16.770000457763672,13.41469955444336,68244800,0.0,0.0
2016-10-25,16.709999084472656,16.81999969482422,16.68000030517578,16.719999313354492,13.374702453613281,49350300,0.0,0.0
2016-10-26,16.639999389648438,16.8700008392334,16.6200008392334,16.8700008392334,13.494693756103516,58730400,0.0,0.0
2016-10-27,16.950000762939453,17.100000381469727,16.860000610351562,16.90999984741211,13.526688575744629,97937300,0.0,0.0
2016-10-28,16.950000762939453,16.979999542236328,16.5,16.68000030517578,13.34270191192627,115123600,0.0,0.0
2016-10-31,16.68000030517578,16.729999542236328,16.5,16.5,13.198724746704102,70387600,0.0,0.0
2016-11-01,16.559999465942383,16.75,16.329999923706055,16.610000610351562,13.286712646484375,88587100,0.0,0.0
2016-11-02,16.459999084472656,16.559999465942383,16.280000686645508,16.479999542236328,13.182721138000488,119202000,0.0,0.0
2016-11-03,16.479999542236328,16.670000076293945,16.450000762939453,16.479999542236328,13.182721138000488,69690400,0.0,0.0
2016-11-04,16.530000686645508,16.709999084472656,16.350000381469727,16.549999237060547,13.238716125488281,82437400,0.0,0.0
2016-11-07,16.860000610351562,17.040000915527344,16.850000381469727,17.010000228881836,13.606679916381836,91581900,0.0,0.0
2016-11-08,16.81999969482422,17.110000610351562,16.709999084472656,17.0,13.598682403564453,95842800,0.0,0.0
2016-11-09,17.65999984741211,18.049999237060547,17.399999618530273,17.969999313354492,14.374604225158691,319516900,0.0,0.0
2016-11-10,18.260000228881836,18.989999771118164,18.25,18.760000228881836,15.006547927856445,304986400,0.0,0.0
2016-11-11,18.639999389648438,19.030000686645508,18.6299991607666,19.020000457763672,15.21452522277832,212952500,0.0,0.0
2016-11-14,19.40999984741211,20.200000762939453,19.399999618530273,20.079999923706055,16.06244468688965,320959900,0.0,0.0
2016-11-15,19.790000915527344,20.18000030517578,19.600000381469727,20.15999984741211,16.12644386291504,190293100,0.0,0.0
2016-11-16,19.780000686645508,19.959999084472656,19.68000030517578,19.75,15.798468589782715,126734500,0.0,0.0
2016-11-17,19.760000228881836,20.219999313354492,19.700000762939453,20.079999923706055,16.06244468688965,167979200,0.0,0.0
2016-11-18,20.059999465942383,20.139999389648438,19.8700008392334,20.0,15.998449325561523,120620200,0.0,0.0
2016-11-21,20.100000381469727,20.350000381469727,20.010000228881836,20.329999923706055,16.262422561645508,117479100,0.0,0.0
2016-11-22,20.329999923706055,20.469999313354492,20.1200008392334,20.299999237060547,16.238426208496094,104771800,0.0,0.0
2016-11-23,20.420000076293945,20.65999984741211,20.200000762939453,20.559999465942383,16.446401596069336,110801300,0.0,0.0
2016-11-25,20.6200008392334,20.8799991607666,20.5,20.860000610351562,16.686382293701172,62610400,0.0,0.0
2016-11-28,20.670000076293945,20.850000381469727,20.25,20.299999237060547,16.238426208496094,108651200,0.0,0.0
2016-11-29,20.3799991607666,20.540000915527344,20.25,20.290000915527344,16.23042869567871,114216800,0.0,0.0
2016-11-30,20.770000457763672,21.190000534057617,20.719999313354492,21.1200008392334,16.957046508789062,191699600,0.075,0.0
2016-12-01,21.420000076293945,21.940000534057617,21.34000015258789,21.5,17.26213836669922,199233900,0.0,0.0
2016-12-02,21.489999771118164,21.5,21.020000457763672,21.229999542236328,17.045360565185547,128468700,0.0,0.0
2016-12-05,21.469999313354492,21.8700008392334,21.459999084472656,21.84000015258789,17.53512191772461,130377300,0.0,0.0
2016-12-06,22.09000015258789,22.15999984741211,21.719999313354492,22.15999984741211,17.79203987121582,120789200,0.0,0.0
2016-12-07,22.190000534057617,22.56999969482422,21.950000762939453,22.56999969482422,18.121231079101562,168005200,0.0,0.0
2016-12-08,22.790000915527344,23.239999771118164,22.690000534057617,22.950000762939453,18.426334381103516,182693900,0.0,0.0
2016-12-09,22.950000762939453,23.170000076293945,22.780000686645508,23.09000015258789,18.538734436035156,130590400,0.0,0.0
2016-12-12,23.0,23.25,22.540000915527344,22.610000610351562,18.153345108032227,136986000,0.0,0.0
2016-12-13,22.799999237060547,22.8799991607666,22.290000915527344,22.610000610351562,18.153345108032227,118204100,0.0,0.0
2016-12-14,22.309999465942383,23.299999237060547,22.209999084472656,22.670000076293945,18.201520919799805,225340900,0.0,0.0
2016-12-15,22.899999618530273,23.389999389648438,22.799999237060547,23.15999984741211,18.59493637084961,162025800,0.0,0.0
2016-12-16,23.15999984741211,23.31999969482422,22.649999618530273,22.65999984741211,18.19349479675293,147497700,0.0,0.0
2016-12-19,22.600000381469727,22.719999313354492,22.329999923706055,22.479999542236328,18.04897117614746,97508900,0.0,0.0
2016-12-20,22.6299991607666,22.829999923706055,22.610000610351562,22.709999084472656,18.233642578125,83879500,0.0,0.0
2016-12-21,22.719999313354492,22.719999313354492,22.469999313354492,22.6299991607666,18.169410705566406,61079100,0.0,0.0
2016-12-22,22.600000381469727,22.729999542236328,22.469999313354492,22.540000915527344,18.097145080566406,67123500,0.0,0.0
2016-12-23,22.510000228881836,22.649999618530273,22.43000030517578,22.600000381469727,18.145320892333984,38187800,0.0,0.0
2016-12-27,22.709999084472656,22.739999771118164,22.540000915527344,22.610000610351562,18.153345108032227,39988600,0.0,0.0
2016-12-28,22.6200008392334,22.670000076293945,22.260000228881836,22.329999923706055,17.92854118347168,52652900,0.0,0.0
2016-12-29,22.329999923706055,22.389999389648438,21.770000457763672,22.0,17.663585662841797,79188400,0.0,0.0
2016-12-30,22.020000457763672,22.260000228881836,21.950000762939453,22.100000381469727,17.743873596191406,72605900,0.0,0.0
2017-01-03,22.600000381469727,22.68000030517578,22.200000762939453,22.530000686645508,18.089111328125,99298100,0.0,0.0
2017-01-04,22.719999313354492,22.959999084472656,22.600000381469727,22.950000762939453,18.426334381103516,76875100,0.0,0.0
2017-01-05,22.81999969482422,22.93000030517578,22.350000381469727,22.68000030517578,18.209552764892578,86826400,0.0,0.0
2017-01-06,22.780000686645508,22.850000381469727,22.559999465942383,22.68000030517578,18.209552764892578,66281500,0.0,0.0
2017-01-09,22.510000228881836,22.709999084472656,22.399999618530273,22.549999237060547,18.105175018310547,75901500,0.0,0.0
2017-01-10,22.59000015258789,23.139999389648438,22.540000915527344,22.940000534057617,18.418302536010742,100977700,0.0,0.0
2017-01-11,22.940000534057617,23.06999969482422,22.719999313354492,23.06999969482422,18.522682189941406,92385600,0.0,0.0
2017-01-12,23.010000228881836,23.1200008392334,22.610000610351562,22.920000076293945,18.40224266052246,120474200,0.0,0.0
2017-01-13,23.209999084472656,23.40999984741211,22.799999237060547,23.010000228881836,18.474498748779297,161930900,0.0,0.0
2017-01-17,22.68000030517578,22.790000915527344,22.010000228881836,22.049999237060547,17.70372772216797,152495900,0.0,0.0
2017-01-18,22.299999237060547,22.649999618530273,22.100000381469727,22.6299991607666,18.169410705566406,124366000,0.0,0.0
2017-01-19,22.729999542236328,22.809999465942383,22.40999984741211,22.530000686645508,18.089111328125,75990800,0.0,0.0
2017-01-20,22.65999984741211,22.93000030517578,22.520000457763672,22.639999389648438,18.17743492126465,102564900,0.0,0.0
2017-01-23,22.6200008392334,22.760000228881836,22.420000076293945,22.559999465942383,18.113203048706055,61385600,0.0,0.0
2017-01-24,22.610000610351562,23.100000381469727,22.479999542236328,22.950000762939453,18.426334381103516,98508700,0.0,0.0
2017-01-25,23.31999969482422,23.420000076293945,23.100000381469727,23.3700008392334,18.763545989990234,99753300,0.0,0.0
2017-01-26,23.40999984741211,23.549999237060547,23.280000686645508,23.440000534057617,18.81974983215332,84146400,0.0,0.0
2017-01-27,23.43000030517578,23.450000762939453,23.280000686645508,23.360000610351562,18.755516052246094,54590200,0.0,0.0
2017-01-30,23.200000762939453,23.200000762939453,22.709999084472656,22.950000762939453,18.426334381103516,91561200,0.0,0.0
2017-01-31,22.770000457763672,23.030000686645508,22.5,22.639999389648438,18.17743492126465,91044300,0.0,0.0
2017-02-01,22.969999313354492,23.219999313354492,22.81999969482422,22.889999389648438,18.37816047668457,103630900,0.0,0.0
2017-02-02,22.739999771118164,22.790000915527344,22.510000228881836,22.719999313354492,18.241661071777344,88679100,0.0,0.0
2017-02-03,23.149999618530273,23.350000381469727,22.950000762939453,23.290000915527344,18.699308395385742,116035100,0.0,0.0
2017-02-06,23.149999618530273,23.3799991607666,23.06999969482422,23.1200008392334,18.562824249267578,92228400,0.0,0.0
2017-02-07,23.280000686645508,23.290000915527344,22.860000610351562,22.899999618530273,18.38619041442871,87982900,0.0,0.0
2017-02-08,22.729999542236328,22.729999542236328,22.450000762939453,22.670000076293945,18.201520919799805,102264500,0.0,0.0
2017-02-09,22.760000228881836,23.149999618530273,22.639999389648438,23.1200008392334,18.562824249267578,102634200,0.0,0.0
2017-02-10,23.190000534057617,23.239999771118164,22.959999084472656,23.079999923706055,18.53070831298828,90548300,0.0,0.0
2017-02-13,23.170000076293945,23.540000915527344,23.170000076293945,23.399999618530273,18.78763198852539,105342500,0.0,0.0
2017-02-14,23.399999618530273,24.170000076293945,23.329999923706055,24.059999465942383,19.317541122436523,139711400,0.0,0.0
2017-02-15,24.34000015258789,24.770000457763672,24.110000610351562,24.579999923706055,19.735036849975586,151233300,0.0,0.0
2017-02-16,24.540000915527344,24.6200008392334,24.299999237060547,24.579999923706055,19.735036849975586,98144500,0.0,0.0
2017-02-17,24.280000686645508,24.579999923706055,24.200000762939453,24.520000457763672,19.686874389648438,85789200,0.0,0.0
2017-02-21,24.59000015258789,24.799999237060547,24.579999923706055,24.780000686645508,19.895620346069336,78571500,0.0,0.0
2017-02-22,24.610000610351562,24.950000762939453,24.540000915527344,24.790000915527344,19.90365219116211,81531900,0.0,0.0
2017-02-23,24.790000915527344,24.889999389648438,24.510000228881836,24.579999923706055,19.735036849975586,85846000,0.0,0.0
2017-02-24,24.1200008392334,24.350000381469727,24.020000457763672,24.229999542236328,19.454029083251953,97074400,0.0,0.0
2017-02-27,24.200000762939453,24.65999984741211,24.190000534057617,24.56999969482422,19.72701072692871,69129100,0.0,0.0
2017-02-28,24.479999542236328,24.700000762939453,24.420000076293945,24.68000030517578,19.815330505371094,90242000,0.0,0.0
2017-03-01,25.3700008392334,25.610000610351562,25.219999313354492,25.5,20.53611183166504,143947500,0.075,0.0
2017-03-02,25.68000030517578,25.799999237060547,25.200000762939453,25.229999542236328,20.31866455078125,99824600,0.0,0.0
2017-03-03,25.299999237060547,25.649999618530273,25.299999237060547,25.440000534057617,20.48778533935547,92456100,0.0,0.0
2017-03-06,25.329999923706055,25.350000381469727,25.079999923706055,25.25,20.33477210998535,75660400,0.0,0.0
2017-03-07,25.219999313354492,25.360000610351562,25.100000381469727,25.209999084472656,20.302560806274414,64053700,0.0,0.0
2017-03-08,25.600000381469727,25.770000457763672,25.219999313354492,25.260000228881836,20.34282875061035,105314600,0.0,0.0
2017-03-09,25.350000381469727,25.530000686645508,25.229999542236328,25.350000381469727,20.41530990600586,78984600,0.0,0.0
2017-03-10,25.6200008392334,25.6200008392334,25.09000015258789,25.309999465942383,20.38309669494629,86998800,0.0,0.0
2017-03-13,25.299999237060547,25.40999984741211,25.1299991607666,25.299999237060547,20.375038146972656,56886200,0.0,0.0
2017-03-14,25.190000534057617,25.34000015258789,25.049999237060547,25.31999969482422,20.39114761352539,63182700,0.0,0.0
2017-03-15,25.389999389648438,25.549999237060547,24.959999084472656,25.18000030517578,20.278398513793945,114662700,0.0,0.0
2017-03-16,25.239999771118164,25.489999771118164,25.190000534057617,25.219999313354492,20.31061363220215,70306200,0.0,0.0
2017-03-17,25.219999313354492,25.270000457763672,24.829999923706055,24.860000610351562,20.020694732666016,105222400,0.0,0.0
2017-03-20,24.579999923706055,24.760000228881836,24.420000076293945,24.440000534057617,19.68244743347168,87287500,0.0,0.0
2017-03-21,24.5,24.559999465942383,22.950000762939453,23.020000457763672,18.53887176513672,259545800,0.0,0.0
2017-03-22,22.649999618530273,23.18000030517578,22.450000762939453,22.940000534057617,18.474445343017578,167984400,0.0,0.0
2017-03-23,23.040000915527344,23.489999771118164,22.90999984741211,23.06999969482422,18.579139709472656,111666800,0.0,0.0
2017-03-24,23.200000762939453,23.350000381469727,22.760000228881836,23.1200008392334,18.619400024414062,113499100,0.0,0.0
2017-03-27,22.280000686645508,23.049999237060547,22.15999984741211,23.030000686645508,18.546926498413086,119513500,0.0,0.0
2017-03-28,23.010000228881836,23.670000076293945,23.0,23.479999542236328,18.909324645996094,95761700,0.0,0.0
2017-03-29,23.510000228881836,23.649999618530273,23.309999465942383,23.350000381469727,18.804637908935547,67204500,0.0,0.0
2017-03-30,23.3799991607666,23.979999542236328,23.329999923706055,23.8700008392334,19.22340965270996,79189200,0.0,0.0
2017-03-31,23.829999923706055,23.969999313354492,23.59000015258789,23.59000015258789,18.99791717529297,77158300,0.0,0.0
2017-04-03,23.649999618530273,23.75,23.079999923706055,23.59000015258789,18.99791717529297,88076600,0.0,0.0
2017-04-04,23.200000762939453,23.510000228881836,23.200000762939453,23.440000534057617,18.877119064331055,75244400,0.0,0.0
2017-04-05,23.770000457763672,23.8799991607666,23.149999618530273,23.170000076293945,18.65967559814453,97453300,0.0,0.0
2017-04-06,23.170000076293945,23.459999084472656,22.959999084472656,23.260000228881836,18.732149124145508,82975200,0.0,0.0
2017-04-07,23.030000686645508,23.34000015258789,22.93000030517578,23.15999984741211,18.65161895751953,79519400,0.0,0.0
2017-04-10,23.1299991607666,23.280000686645508,22.90999984741211,23.020000457763672,18.53887176513672,63254700,0.0,0.0
2017-04-11,22.829999923706055,22.950000762939453,22.579999923706055,22.920000076293945,18.45833396911621,94206700,0.0,0.0
2017-04-12,22.8799991607666,22.940000534057617,22.610000610351562,22.649999618530273,18.240896224975586,76556300,0.0,0.0
2017-04-13,22.559999465942383,22.959999084472656,22.34000015258789,22.34000015258789,17.99124526977539,88061800,0.0,0.0
2017-04-17,22.360000610351562,22.829999923706055,22.260000228881836,22.809999465942383,18.3697509765625,85053200,0.0,0.0
2017-04-18,23.110000610351562,23.149999618530273,22.3799991607666,22.709999084472656,18.289216995239258,146488400,0.0,0.0
2017-04-19,22.920000076293945,23.149999618530273,22.68000030517578,22.739999771118164,18.31338119506836,101771800,0.0,0.0
2017-04-20,22.959999084472656,23.170000076293945,22.81999969482422,23.06999969482422,18.579139709472656,103802600,0.0,0.0
2017-04-21,23.030000686645508,23.079999923706055,22.59000015258789,22.709999084472656,18.289216995239258,127235400,0.0,0.0
2017-04-24,23.239999771118164,23.850000381469727,23.239999771118164,23.6299991607666,19.03012466430664,138638900,0.0,0.0
2017-04-25,23.989999771118164,24.350000381469727,23.90999984741211,23.979999542236328,19.31199836730957,131531100,0.0,0.0
2017-04-26,24.0,24.190000534057617,23.860000610351562,23.889999389648438,19.239513397216797,95172200,0.0,0.0
2017-04-27,23.899999618530273,23.93000030517578,23.459999084472656,23.649999618530273,19.046234130859375,80024200,0.0,0.0
2017-04-28,23.56999969482422,23.719999313354492,23.31999969482422,23.34000015258789,18.796579360961914,69384900,0.0,0.0
2017-05-01,23.520000457763672,23.770000457763672,23.350000381469727,23.610000610351562,19.01402473449707,72382900,0.0,0.0
2017-05-02,23.610000610351562,23.670000076293945,23.329999923706055,23.530000686645508,18.949588775634766,60262600,0.0,0.0
2017-05-03,23.3700008392334,23.780000686645508,23.34000015258789,23.770000457763672,19.142868041992188,64272800,0.0,0.0
2017-05-04,23.979999542236328,24.049999237060547,23.729999542236328,23.850000381469727,19.207300186157227,68133400,0.0,0.0
2017-05-05,23.979999542236328,23.989999771118164,23.600000381469727,23.739999771118164,19.11871337890625,56678800,0.0,0.0
2017-05-08,23.75,24.059999465942383,23.75,23.959999084472656,19.295881271362305,56016500,0.0,0.0
2017-05-09,24.030000686645508,24.309999465942383,23.8700008392334,23.979999542236328,19.31199836730957,61622000,0.0,0.0
2017-05-10,23.90999984741211,24.170000076293945,23.8700008392334,24.149999618530273,19.448902130126953,48495300,0.0,0.0
2017-05-11,24.100000381469727,24.229999542236328,23.84000015258789,24.06999969482422,19.384471893310547,68350800,0.0,0.0
2017-05-12,23.920000076293945,24.0,23.75,24.0,19.328100204467773,62589000,0.0,0.0
2017-05-15,24.059999465942383,24.139999389648438,23.979999542236328,24.059999465942383,19.376419067382812,50688800,0.0,0.0
2017-05-16,24.06999969482422,24.170000076293945,23.940000534057617,23.989999771118164,19.320053100585938,55774800,0.0,0.0
2017-05-17,23.3700008392334,23.450000762939453,22.459999084472656,22.56999969482422,18.176464080810547,190353300,0.0,0.0
2017-05-18,22.610000610351562,23.0,22.5,22.739999771118164,18.31338119506836,108444100,0.0,0.0
2017-05-19,22.90999984741211,23.299999237060547,22.8700008392334,23.049999237060547,18.563034057617188,89566700,0.0,0.0
2017-05-22,23.190000534057617,23.239999771118164,22.81999969482422,23.040000915527344,18.554981231689453,74839400,0.0,0.0
2017-05-23,23.030000686645508,23.5,22.84000015258789,23.389999389648438,18.836843490600586,79020000,0.0,0.0
2017-05-24,23.440000534057617,23.469999313354492,23.219999313354492,23.360000610351562,18.812686920166016,58823200,0.0,0.0
2017-05-25,23.40999984741211,23.579999923706055,23.219999313354492,23.25,18.724102020263672,60443500,0.0,0.0
2017-05-26,23.229999542236328,23.420000076293945,23.170000076293945,23.239999771118164,18.716045379638672,50399500,0.0,0.0
2017-05-30,23.1299991607666,23.209999084472656,22.8799991607666,22.90999984741211,18.450279235839844,61307900,0.0,0.0
2017-05-31,22.780000686645508,22.799999237060547,22.09000015258789,22.40999984741211,18.106897354125977,138636300,0.075,0.0
2017-06-01,22.479999542236328,22.639999389648438,22.299999237060547,22.6299991607666,18.284645080566406,69725100,0.0,0.0
2017-06-02,22.270000457763672,22.59000015258789,22.15999984741211,22.450000762939453,18.139209747314453,79722300,0.0,0.0
2017-06-05,22.440000534057617,22.700000762939453,22.389999389648438,22.40999984741211,18.106897354125977,51590300,0.0,0.0
2017-06-06,22.200000762939453,22.40999984741211,22.06999969482422,22.229999542236328,17.961454391479492,71735600,0.0,0.0
2017-06-07,22.299999237060547,22.6200008392334,22.270000457763672,22.600000381469727,18.26041030883789,66429700,0.0,0.0
2017-06-08,22.6200008392334,23.209999084472656,22.600000381469727,22.969999313354492,18.55936050415039,93685900,0.0,0.0
2017-06-09,23.219999313354492,23.670000076293945,23.209999084472656,23.670000076293945,19.12494659423828,108254300,0.0,0.0
2017-06-12,23.81999969482422,24.040000915527344,23.729999542236328,23.780000686645508,19.213823318481445,85829900,0.0,0.0
2017-06-13,23.950000762939453,24.110000610351562,23.65999984741211,23.770000457763672,19.20574188232422,68047300,0.0,0.0
2017-06-14,23.549999237060547,23.809999465942383,23.200000762939453,23.760000228881836,19.197669982910156,102352400,0.0,0.0
2017-06-15,23.549999237060547,23.950000762939453,23.469999313354492,23.540000915527344,19.019912719726562,69707500,0.0,0.0
2017-06-16,23.559999465942383,23.6200008392334,23.3700008392334,23.43000030517578,18.931034088134766,57745800,0.0,0.0
2017-06-19,23.610000610351562,24.0,23.600000381469727,23.90999984741211,19.318872451782227,58587800,0.0,0.0
2017-06-20,23.90999984741211,23.989999771118164,23.479999542236328,23.489999771118164,18.979511260986328,59693500,0.0,0.0
2017-06-21,23.5,23.56999969482422,23.06999969482422,23.1299991607666,18.688631057739258,72432800,0.0,0.0
2017-06-22,23.1200008392334,23.200000762939453,22.899999618530273,22.93000030517578,18.527042388916016,64763300,0.0,0.0
2017-06-23,23.110000610351562,23.110000610351562,22.739999771118164,22.81999969482422,18.438156127929688,85399600,0.0,0.0
2017-06-26,22.90999984741211,23.139999389648438,22.729999542236328,22.889999389648438,18.49472999572754,61307800,0.0,0.0
2017-06-27,23.100000381469727,23.600000381469727,23.0,23.270000457763672,18.8017635345459,88257800,0.0,0.0
2017-06-28,23.530000686645508,23.959999084472656,23.530000686645508,23.8799991607666,19.29463005065918,119049300,0.0,0.0
2017-06-29,24.579999923706055,24.670000076293945,24.040000915527344,24.31999969482422,19.650136947631836,150501200,0.0,0.0
2017-06-30,24.6200008392334,24.6200008392334,24.170000076293945,24.260000228881836,19.601654052734375,84005200,0.0,0.0
2017-07-03,24.459999084472656,24.90999984741211,24.440000534057617,24.68000030517578,19.941009521484375,58129700,0.0,0.0
2017-07-05,24.799999237060547,24.950000762939453,24.6200008392334,24.920000076293945,20.13492774963379,76172500,0.0,0.0
2017-07-06,24.899999618530273,25.110000610351562,24.690000534057617,24.709999084472656,19.965251922607422,84465400,0.0,0.0
2017-07-07,24.920000076293945,25.0,24.649999618530273,24.829999923706055,20.062206268310547,54478800,0.0,0.0
2017-07-10,24.719999313354492,24.989999771118164,24.639999389648438,24.889999389648438,20.11069107055664,54632800,0.0,0.0
2017-07-11,24.8799991607666,24.90999984741211,24.459999084472656,24.600000381469727,19.87637710571289,69410600,0.0,0.0
2017-07-12,24.420000076293945,24.600000381469727,24.299999237060547,24.350000381469727,19.674379348754883,68708700,0.0,0.0
2017-07-13,24.43000030517578,24.6299991607666,24.3700008392334,24.6200008392334,19.89253044128418,55533400,0.0,0.0
2017-07-14,24.200000762939453,24.31999969482422,23.81999969482422,24.209999084472656,19.56125831604004,92625400,0.0,0.0
2017-07-17,24.219999313354492,24.219999313354492,23.93000030517578,24.020000457763672,19.407739639282227,81522000,0.0,0.0
2017-07-18,23.90999984741211,24.059999465942383,23.610000610351562,23.899999618530273,19.310789108276367,107981400,0.0,0.0
2017-07-19,24.049999237060547,24.200000762939453,23.809999465942383,24.059999465942383,19.440059661865234,74140100,0.0,0.0
2017-07-20,24.020000457763672,24.1200008392334,23.829999923706055,23.940000534057617,19.343101501464844,62793500,0.0,0.0
2017-07-21,23.84000015258789,23.959999084472656,23.65999984741211,23.799999237060547,19.229984283447266,65922500,0.0,0.0
2017-07-24,23.739999771118164,24.030000686645508,23.729999542236328,23.90999984741211,19.318872451782227,51382700,0.0,0.0
2017-07-25,24.25,24.670000076293945,24.239999771118164,24.479999542236328,19.779417037963867,86154700,0.0,0.0
2017-07-26,24.670000076293945,24.670000076293945,24.139999389648438,24.209999084472656,19.56125831604004,65704700,0.0,0.0
2017-07-27,24.260000228881836,24.450000762939453,24.030000686645508,24.110000610351562,19.48046112060547,62902100,0.0,0.0
2017-07-28,24.049999237060547,24.209999084472656,23.959999084472656,24.030000686645508,19.41582489013672,50143400,0.0,0.0
2017-07-31,24.1200008392334,24.299999237060547,24.09000015258789,24.1200008392334,19.488542556762695,62272000,0.0,0.0
2017-08-01,24.290000915527344,24.489999771118164,24.270000457763672,24.450000762939453,19.755170822143555,52782500,0.0,0.0
2017-08-02,24.440000534057617,24.59000015258789,24.260000228881836,24.59000015258789,19.868297576904297,55317100,0.0,0.0
2017-08-03,24.549999237060547,24.600000381469727,24.31999969482422,24.3700008392334,19.690542221069336,53210600,0.0,0.0
2017-08-04,24.68000030517578,25.079999923706055,24.649999618530273,24.969999313354492,20.175323486328125,105206600,0.0,0.0
2017-08-07,25.010000228881836,25.049999237060547,24.899999618530273,24.959999084472656,20.16724395751953,41860900,0.0,0.0
2017-08-08,24.950000762939453,25.350000381469727,24.81999969482422,24.899999618530273,20.118772506713867,73399300,0.0,0.0
2017-08-09,24.600000381469727,24.770000457763672,24.459999084472656,24.739999771118164,19.98948860168457,56910400,0.0,0.0
2017-08-10,24.579999923706055,24.579999923706055,24.09000015258789,24.1200008392334,19.488542556762695,78023700,0.0,0.0
2017-08-11,24.06999969482422,24.239999771118164,23.799999237060547,23.860000610351562,19.278465270996094,68157400,0.0,0.0
2017-08-14,24.229999542236328,24.489999771118164,24.170000076293945,24.420000076293945,19.730941772460938,54989500,0.0,0.0
2017-08-15,24.75,24.850000381469727,24.450000762939453,24.469999313354492,19.771333694458008,45143200,0.0,0.0
2017-08-16,24.540000915527344,24.6200008392334,24.079999923706055,24.190000534057617,19.545103073120117,59188900,0.0,0.0
2017-08-17,24.06999969482422,24.170000076293945,23.6200008392334,23.639999389648438,19.100711822509766,78969300,0.0,0.0
2017-08-18,23.559999465942383,23.899999618530273,23.450000762939453,23.6200008392334,19.084550857543945,60461200,0.0,0.0
2017-08-21,23.579999923706055,23.639999389648438,23.139999389648438,23.3799991607666,18.890626907348633,70124800,0.0,0.0
2017-08-22,23.600000381469727,23.889999389648438,23.56999969482422,23.829999923706055,19.254222869873047,59228600,0.0,0.0
2017-08-23,23.610000610351562,23.969999313354492,23.59000015258789,23.760000228881836,19.197669982910156,39825500,0.0,0.0
2017-08-24,23.93000030517578,23.940000534057617,23.68000030517578,23.84000015258789,19.262304306030273,39178700,0.0,0.0
2017-08-25,23.889999389648438,24.06999969482422,23.75,23.770000457763672,19.20574188232422,43511900,0.0,0.0
2017-08-28,23.84000015258789,23.899999618530273,23.56999969482422,23.719999313354492,19.16535186767578,37155000,0.0,0.0
2017-08-29,23.219999313354492,23.700000762939453,23.1200008392334,23.579999923706055,19.052230834960938,60897200,0.0,0.0
2017-08-30,23.729999542236328,24.040000915527344,23.559999465942383,23.8700008392334,19.385194778442383,58412900,0.12,0.0
2017-08-31,24.030000686645508,24.040000915527344,23.780000686645508,23.889999389648438,19.401443481445312,62362400,0.0,0.0
2017-09-01,23.899999618530273,24.18000030517578,23.799999237060547,24.09000015258789,19.563865661621094,56233900,0.0,0.0
2017-09-05,23.829999923706055,23.829999923706055,23.229999542236328,23.309999465942383,18.930410385131836,108605400,0.0,0.0
2017-09-06,23.489999771118164,23.579999923706055,23.209999084472656,23.40999984741211,19.01162338256836,64188900,0.0,0.0
2017-09-07,23.3799991607666,23.40999984741211,22.75,22.969999313354492,18.654294967651367,103501200,0.0,0.0
2017-09-08,22.93000030517578,23.229999542236328,22.850000381469727,22.889999389648438,18.589323043823242,68365000,0.0,0.0
2017-09-11,23.219999313354492,23.40999984741211,23.079999923706055,23.360000610351562,18.971019744873047,73741000,0.0,0.0
2017-09-12,23.459999084472656,24.030000686645508,23.450000762939453,23.950000762939453,19.45016860961914,99658500,0.0,0.0
2017-09-13,23.920000076293945,24.350000381469727,23.8700008392334,24.329999923706055,19.758771896362305,86339800,0.0,0.0
2017-09-14,24.3799991607666,24.540000915527344,24.200000762939453,24.239999771118164,19.68568229675293,70051000,0.0,0.0
2017-09-15,24.209999084472656,24.40999984741211,24.149999618530273,24.3799991607666,19.79938316345215,85937600,0.0,0.0
2017-09-18,24.420000076293945,24.770000457763672,24.40999984741211,24.700000762939453,20.05925178527832,68076400,0.0,0.0
2017-09-19,24.700000762939453,24.989999771118164,24.6200008392334,24.860000610351562,20.189193725585938,56218100,0.0,0.0
2017-09-20,24.8799991607666,25.239999771118164,24.670000076293945,25.059999465942383,20.351613998413086,82289900,0.0,0.0
2017-09-21,25.049999237060547,25.280000686645508,24.920000076293945,25.15999984741211,20.432823181152344,57864000,0.0,0.0
2017-09-22,25.010000228881836,25.06999969482422,24.850000381469727,25.020000457763672,20.319129943847656,61446000,0.0,0.0
2017-09-25,24.940000534057617,25.079999923706055,24.579999923706055,24.760000228881836,20.107980728149414,62361700,0.0,0.0
2017-09-26,24.829999923706055,24.959999084472656,24.690000534057617,24.809999465942383,20.148584365844727,53012700,0.0,0.0
2017-09-27,25.309999465942383,25.639999389648438,25.18000030517578,25.40999984741211,20.635854721069336,92877400,0.0,0.0
2017-09-28,25.59000015258789,25.639999389648438,25.34000015258789,25.450000762939453,20.668338775634766,64991400,0.0,0.0
2017-09-29,25.40999984741211,25.479999542236328,25.309999465942383,25.34000015258789,20.57900619506836,66232600,0.0,0.0
2017-10-02,25.459999084472656,25.649999618530273,25.389999389648438,25.6200008392334,20.806400299072266,54001400,0.0,0.0
2017-10-03,25.75,25.93000030517578,25.6200008392334,25.860000610351562,21.001306533813477,55946900,0.0,0.0
2017-10-04,25.860000610351562,25.950000762939453,25.700000762939453,25.709999084472656,20.879493713378906,53402800,0.0,0.0
2017-10-05,25.770000457763672,26.229999542236328,25.65999984741211,26.1299991607666,21.2205810546875,62636900,0.0,0.0
2017-10-06,26.25,26.299999237060547,26.040000915527344,26.209999084472656,21.28554916381836,53900600,0.0,0.0
2017-10-09,26.260000228881836,26.270000457763672,25.760000228881836,25.850000381469727,20.99318504333496,55172500,0.0,0.0
2017-10-10,25.829999923706055,25.950000762939453,25.709999084472656,25.93000030517578,21.05815887451172,46133800,0.0,0.0
2017-10-11,25.93000030517578,25.93000030517578,25.649999618530273,25.829999923706055,20.976947784423828,51652300,0.0,0.0
2017-10-12,25.8700008392334,25.93000030517578,25.34000015258789,25.450000762939453,20.668338775634766,71770000,0.0,0.0
2017-10-13,25.3799991607666,26.0,25.1200008392334,25.829999923706055,20.976947784423828,104196900,0.0,0.0
2017-10-16,25.8700008392334,26.329999923706055,25.8700008392334,26.239999771118164,21.309907913208008,71927200,0.0,0.0
2017-10-17,26.3700008392334,26.43000030517578,26.110000610351562,26.200000762939453,21.277427673339844,48644400,0.0,0.0
2017-10-18,26.34000015258789,26.549999237060547,26.329999923706055,26.479999542236328,21.50481605529785,55382500,0.0,0.0
2017-10-19,26.200000762939453,26.59000015258789,26.149999618530273,26.579999923706055,21.58603286743164,54542700,0.0,0.0
2017-10-20,27.040000915527344,27.18000030517578,26.899999618530273,27.170000076293945,22.06517791748047,83764700,0.0,0.0
2017-10-23,27.219999313354492,27.43000030517578,27.09000015258789,27.15999984741211,22.057056427001953,69607700,0.0,0.0
2017-10-24,27.350000381469727,27.84000015258789,27.34000015258789,27.68000030517578,22.479358673095703,90346500,0.0,0.0
2017-10-25,27.889999389648438,27.920000076293945,27.34000015258789,27.6299991607666,22.438756942749023,81265300,0.0,0.0
2017-10-26,27.690000534057617,27.979999542236328,27.68000030517578,27.739999771118164,22.528085708618164,55342500,0.0,0.0
2017-10-27,27.68000030517578,27.959999084472656,27.6200008392334,27.799999237060547,22.576814651489258,58856700,0.0,0.0
2017-10-30,27.649999618530273,27.760000228881836,27.459999084472656,27.600000381469727,22.414384841918945,51357600,0.0,0.0
2017-10-31,27.639999389648438,27.719999313354492,27.34000015258789,27.389999389648438,22.24384117126465,50311200,0.0,0.0
2017-11-01,27.639999389648438,27.729999542236328,27.360000610351562,27.530000686645508,22.357540130615234,46527700,0.0,0.0
2017-11-02,27.510000228881836,27.940000534057617,27.280000686645508,27.8700008392334,22.633657455444336,59692000,0.0,0.0
2017-11-03,27.729999542236328,27.81999969482422,27.6200008392334,27.81999969482422,22.593055725097656,37816100,0.0,0.0
2017-11-06,27.739999771118164,27.81999969482422,27.6200008392334,27.75,22.53620147705078,37261000,0.0,0.0
2017-11-07,27.739999771118164,27.770000457763672,27.020000457763672,27.18000030517578,22.073299407958984,68342100,0.0,0.0
2017-11-08,26.959999084472656,26.959999084472656,26.489999771118164,26.790000915527344,21.756576538085938,83128200,0.0,0.0
2017-11-09,26.489999771118164,26.65999984741211,26.1200008392334,26.489999771118164,21.5129451751709,95448600,0.0,0.0
2017-11-10,26.59000015258789,26.739999771118164,26.459999084472656,26.510000228881836,21.52918815612793,61105300,0.0,0.0
2017-11-13,26.260000228881836,26.479999542236328,26.139999389648438,26.399999618530273,21.439851760864258,55902200,0.0,0.0
2017-11-14,26.260000228881836,26.350000381469727,26.079999923706055,26.239999771118164,21.309907913208008,61596800,0.0,0.0
2017-11-15,25.989999771118164,26.93000030517578,25.809999465942383,26.790000915527344,21.756576538085938,98274900,0.0,0.0
2017-11-16,26.90999984741211,27.049999237060547,26.739999771118164,26.760000228881836,21.732213973999023,54565200,0.0,0.0
2017-11-17,26.510000228881836,26.729999542236328,26.440000534057617,26.6200008392334,21.618520736694336,48420700,0.0,0.0
2017-11-20,26.739999771118164,26.84000015258789,26.540000915527344,26.739999771118164,21.715970993041992,46328800,0.0,0.0
2017-11-21,26.799999237060547,26.860000610351562,26.690000534057617,26.729999542236328,21.707843780517578,57749100,0.0,0.0
2017-11-22,26.770000457763672,26.899999618530273,26.59000015258789,26.65999984741211,21.650997161865234,38103200,0.0,0.0
2017-11-24,26.719999313354492,26.739999771118164,26.56999969482422,26.59000015258789,21.594152450561523,14273600,0.0,0.0
2017-11-27,26.520000457763672,26.920000076293945,26.510000228881836,26.59000015258789,21.594152450561523,44828600,0.0,0.0
2017-11-28,26.6200008392334,27.700000762939453,26.56999969482422,27.639999389648438,22.44687271118164,99765000,0.0,0.0
2017-11-29,28.020000457763672,28.489999771118164,27.84000015258789,28.280000686645508,22.966632843017578,119728400,0.0,0.0
2017-11-30,28.6200008392334,28.719999313354492,28.079999923706055,28.170000076293945,22.974788665771484,122131900,0.12,0.0
2017-12-01,28.25,28.510000228881836,27.5,28.100000381469727,22.917695999145508,137774800,0.0,0.0
2017-12-04,28.850000381469727,29.309999465942383,28.81999969482422,29.059999465942383,23.70064926147461,145661700,0.0,0.0
2017-12-05,29.100000381469727,29.299999237060547,28.850000381469727,28.93000030517578,23.594623565673828,91349800,0.0,0.0
2017-12-06,28.729999542236328,28.969999313354492,28.56999969482422,28.639999389648438,23.358102798461914,74593800,0.0,0.0
2017-12-07,28.889999389648438,28.969999313354492,28.3700008392334,28.780000686645508,23.472286224365234,80706100,0.0,0.0
2017-12-08,29.020000457763672,29.09000015258789,28.760000228881836,29.049999237060547,23.692487716674805,60991300,0.0,0.0
2017-12-11,29.030000686645508,29.170000076293945,28.899999618530273,28.940000534057617,23.602773666381836,54001900,0.0,0.0
2017-12-12,29.31999969482422,29.5,28.90999984741211,29.31999969482422,23.912696838378906,76017200,0.0,0.0
2017-12-13,29.309999465942383,29.440000534057617,28.829999923706055,28.84000015258789,23.52121925354004,79980600,0.0,0.0
2017-12-14,29.059999465942383,29.18000030517578,28.709999084472656,28.729999542236328,23.431509017944336,60615800,0.0,0.0
2017-12-15,28.90999984741211,29.18000030517578,28.739999771118164,29.040000915527344,23.6843318939209,129859400,0.0,0.0
2017-12-18,29.290000915527344,29.5,29.270000457763672,29.479999542236328,24.04318618774414,70548600,0.0,0.0
2017-12-19,29.600000381469727,29.639999389648438,29.3700008392334,29.450000762939453,24.018718719482422,67984100,0.0,0.0
2017-12-20,29.760000228881836,29.84000015258789,29.450000762939453,29.479999542236328,24.04318618774414,81271200,0.0,0.0
2017-12-21,29.59000015258789,29.979999542236328,29.579999923706055,29.81999969482422,24.320484161376953,72953200,0.0,0.0
2017-12-22,29.979999542236328,30.030000686645508,29.6200008392334,29.8799991607666,24.369421005249023,54203000,0.0,0.0
2017-12-26,29.739999771118164,29.940000534057617,29.579999923706055,29.780000686645508,24.287858963012695,42371200,0.0,0.0
2017-12-27,29.65999984741211,29.729999542236328,29.600000381469727,29.729999542236328,24.247087478637695,35111800,0.0,0.0
2017-12-28,29.729999542236328,29.81999969482422,29.65999984741211,29.799999237060547,24.304168701171875,37914900,0.0,0.0
2017-12-29,29.850000381469727,29.8799991607666,29.520000457763672,29.520000457763672,24.075809478759766,40672000,0.0,0.0
2018-01-02,29.75,29.899999618530273,29.610000610351562,29.899999618530273,24.38573455810547,57121600,0.0,0.0
2018-01-03,29.899999618530273,29.940000534057617,29.690000534057617,29.799999237060547,24.304168701171875,57865700,0.0,0.0
2018-01-04,29.969999313354492,30.440000534057617,29.8799991607666,30.190000534057617,24.622251510620117,76512500,0.0,0.0
2018-01-05,30.3700008392334,30.420000076293945,30.049999237060547,30.329999923706055,24.73642921447754,56445200,0.0,0.0
2018-01-08,30.229999542236328,30.270000457763672,30.049999237060547,30.1200008392334,24.565155029296875,42914800,0.0,0.0
2018-01-09,30.200000762939453,30.540000915527344,30.1299991607666,30.270000457763672,24.68749237060547,69479100,0.0,0.0
2018-01-10,30.3700008392334,30.729999542236328,30.309999465942383,30.549999237060547,24.915851593017578,63532800,0.0,0.0
2018-01-11,30.65999984741211,30.690000534057617,30.450000762939453,30.65999984741211,25.005563735961914,59318300,0.0,0.0
2018-01-12,30.8799991607666,31.200000762939453,30.770000457763672,31.190000534057617,25.437820434570312,66371600,0.0,0.0
2018-01-16,31.739999771118164,31.790000915527344,31.030000686645508,31.239999771118164,25.47859764099121,104467900,0.0,0.0
2018-01-17,31.0,31.290000915527344,30.34000015258789,31.18000030517578,25.429670333862305,124382900,0.0,0.0
2018-01-18,31.329999923706055,31.709999084472656,31.209999084472656,31.479999542236328,25.674339294433594,76463800,0.0,0.0
2018-01-19,31.579999923706055,31.739999771118164,31.459999084472656,31.719999313354492,25.870080947875977,66491000,0.0,0.0
2018-01-22,31.670000076293945,31.940000534057617,31.579999923706055,31.940000534057617,26.049503326416016,53848800,0.0,0.0
2018-01-23,31.860000610351562,32.130001068115234,31.790000915527344,31.920000076293945,26.033193588256836,56531400,0.0,0.0
2018-01-24,32.0099983215332,32.209999084472656,31.81999969482422,32.09000015258789,26.171842575073242,81585000,0.0,0.0
2018-01-25,32.2400016784668,32.25,31.93000030517578,32.09000015258789,26.171842575073242,62265800,0.0,0.0
2018-01-26,32.11000061035156,32.20000076293945,31.950000762939453,32.20000076293945,26.261552810668945,52699900,0.0,0.0
2018-01-29,32.25,32.45000076293945,32.18000030517578,32.279998779296875,26.326799392700195,59126500,0.0,0.0
2018-01-30,31.950000762939453,32.20000076293945,31.850000381469727,31.8799991607666,26.00057029724121,60555800,0.0,0.0
2018-01-31,32.04999923706055,32.290000915527344,31.950000762939453,32.0,26.098445892333984,65734100,0.0,0.0
2018-02-01,32.0,32.5,31.959999084472656,32.5,26.5062313079834,62367400,0.0,0.0
2018-02-02,32.439998626708984,32.66999816894531,31.860000610351562,31.950000762939453,26.057662963867188,96971900,0.0,0.0
2018-02-05,31.1200008392334,31.979999542236328,29.149999618530273,30.260000228881836,24.679338455200195,155908300,0.0,0.0
2018-02-06,29.40999984741211,31.290000915527344,29.299999237060547,31.200000762939453,25.445980072021484,165878400,0.0,0.0
2018-02-07,31.1200008392334,31.739999771118164,30.860000610351562,31.25,25.486759185791016,101180500,0.0,0.0
2018-02-08,31.309999465942383,31.3799991607666,29.729999542236328,29.739999771118164,24.25524139404297,128981300,0.0,0.0
2018-02-09,30.170000076293945,30.610000610351562,29.1299991607666,30.329999923706055,24.73642921447754,143071100,0.0,0.0
2018-02-12,30.6200008392334,31.440000534057617,30.540000915527344,31.1200008392334,25.380735397338867,95055100,0.0,0.0
2018-02-13,31.040000915527344,31.399999618530273,30.760000228881836,31.18000030517578,25.429670333862305,76727300,0.0,0.0
2018-02-14,31.170000076293945,32.029998779296875,31.059999465942383,32.0,26.098445892333984,97251500,0.0,0.0
2018-02-15,32.38999938964844,32.470001220703125,31.8700008392334,32.209999084472656,26.269710540771484,68117400,0.0,0.0
2018-02-16,32.0,32.2599983215332,31.920000076293945,31.969999313354492,26.073974609375,62137800,0.0,0.0
2018-02-20,31.959999084472656,32.15999984741211,31.75,31.93000030517578,26.041349411010742,58573900,0.0,0.0
2018-02-21,31.799999237060547,32.369998931884766,31.770000457763672,31.8700008392334,25.992412567138672,72210300,0.0,0.0
2018-02-22,31.989999771118164,32.13999938964844,31.59000015258789,31.690000534057617,25.845611572265625,64749700,0.0,0.0
2018-02-23,31.799999237060547,32.060001373291016,31.760000228881836,32.029998779296875,26.12290382385254,53626300,0.0,0.0
2018-02-26,32.16999816894531,32.439998626708984,32.04999923706055,32.41999816894531,26.440975189208984,61796300,0.0,0.0
2018-02-27,32.31999969482422,32.849998474121094,32.31999969482422,32.33000183105469,26.367586135864258,69235500,0.0,0.0
2018-02-28,32.4900016784668,32.77000045776367,32.09000015258789,32.099998474121094,26.179994583129883,72044000,0.0,0.0
2018-03-01,32.06999969482422,32.349998474121094,31.360000610351562,31.479999542236328,25.770681381225586,90547100,0.12,0.0
2018-03-02,31.1200008392334,31.690000534057617,30.6299991607666,31.6299991607666,25.89347267150879,82739100,0.0,0.0
2018-03-05,31.350000381469727,32.349998474121094,31.170000076293945,32.130001068115234,26.30279541015625,70543100,0.0,0.0
2018-03-06,32.29999923706055,32.31999969482422,31.950000762939453,32.11000061035156,26.286422729492188,50832600,0.0,0.0
2018-03-07,31.700000762939453,32.22999954223633,31.579999923706055,32.18000030517578,26.34372329711914,52763900,0.0,0.0
2018-03-08,32.189998626708984,32.27000045776367,31.809999465942383,32.20000076293945,26.360097885131836,53139800,0.0,0.0
2018-03-09,32.470001220703125,32.72999954223633,32.400001525878906,32.720001220703125,26.785795211791992,73905800,0.0,0.0
2018-03-12,32.689998626708984,33.04999923706055,32.63999938964844,32.84000015258789,26.88402557373047,60322800,0.0,0.0
2018-03-13,32.970001220703125,32.9900016784668,32.29999923706055,32.36000061035156,26.491077423095703,63347500,0.0,0.0
2018-03-14,32.54999923706055,32.54999923706055,31.93000030517578,32.13999938964844,26.310983657836914,58011400,0.0,0.0
2018-03-15,32.290000915527344,32.34000015258789,31.93000030517578,32.099998474121094,26.27823257446289,41964200,0.0,0.0
2018-03-16,32.11000061035156,32.56999969482422,32.08000183105469,32.16999816894531,26.335540771484375,83447600,0.0,0.0
2018-03-19,32.130001068115234,32.220001220703125,31.68000030517578,31.979999542236328,26.179994583129883,57363200,0.0,0.0
2018-03-20,32.060001373291016,32.20000076293945,31.8799991607666,31.979999542236328,26.179994583129883,44784500,0.0,0.0
2018-03-21,32.0,32.45000076293945,31.68000030517578,31.8700008392334,26.089948654174805,64546300,0.0,0.0
2018-03-22,31.440000534057617,31.489999771118164,30.420000076293945,30.549999237060547,25.00934410095215,110271900,0.0,0.0
2018-03-23,30.690000534057617,30.709999084472656,29.049999237060547,29.170000076293945,23.8796329498291,115740200,0.0,0.0
2018-03-26,29.889999389648438,30.559999465942383,29.649999618530273,30.440000534057617,24.919300079345703,83297000,0.0,0.0
2018-03-27,30.649999618530273,30.670000076293945,29.209999084472656,29.520000457763672,24.166154861450195,85821800,0.0,0.0
2018-03-28,29.790000915527344,29.959999084472656,29.010000228881836,29.389999389648438,24.059730529785156,79396100,0.0,0.0
2018-03-29,29.56999969482422,30.139999389648438,29.309999465942383,29.989999771118164,24.550907135009766,65678300,0.0,0.0
2018-04-02,29.799999237060547,30.059999465942383,28.75,29.309999465942383,23.99423599243164,86644200,0.0,0.0
2018-04-03,29.540000915527344,29.649999618530273,29.100000381469727,29.59000015258789,24.22345542907715,69698700,0.0,0.0
2018-04-04,29.0,29.969999313354492,28.950000762939453,29.8799991607666,24.460859298706055,66640800,0.0,0.0
2018-04-05,30.18000030517578,30.549999237060547,30.1200008392334,30.31999969482422,24.82106590270996,55765500,0.0,0.0
2018-04-06,30.010000228881836,30.290000915527344,29.3700008392334,29.6299991607666,24.256202697753906,79687600,0.0,0.0
2018-04-09,29.81999969482422,30.6299991607666,29.760000228881836,29.8700008392334,24.452674865722656,65917500,0.0,0.0
2018-04-10,30.479999542236328,30.579999923706055,30.229999542236328,30.479999542236328,24.952043533325195,60540500,0.0,0.0
2018-04-11,30.149999618530273,30.239999771118164,29.889999389648438,29.899999618530273,24.47723388671875,62211500,0.0,0.0
2018-04-12,30.219999313354492,30.799999237060547,30.170000076293945,30.649999618530273,25.091217041015625,57989100,0.0,0.0
2018-04-13,31.1299991607666,31.170000076293945,29.559999465942383,29.799999237060547,24.395370483398438,99254500,0.0,0.0
2018-04-16,30.079999923706055,30.3700008392334,29.469999313354492,29.93000030517578,24.501792907714844,110588900,0.0,0.0
2018-04-17,30.170000076293945,30.3700008392334,29.8799991607666,30.040000915527344,24.591842651367188,83475900,0.0,0.0
2018-04-18,30.030000686645508,30.219999313354492,29.5,29.530000686645508,24.174335479736328,79743200,0.0,0.0
2018-04-19,29.549999237060547,30.239999771118164,29.540000915527344,30.18000030517578,24.706451416015625,80902600,0.0,0.0
2018-04-20,30.260000228881836,30.530000686645508,30.1299991607666,30.260000228881836,24.771940231323242,65554600,0.0,0.0
2018-04-23,30.270000457763672,30.399999618530273,30.1200008392334,30.31999969482422,24.82106590270996,50686300,0.0,0.0
2018-04-24,30.459999084472656,30.860000610351562,30.0,30.190000534057617,24.714635848999023,81486800,0.0,0.0
2018-04-25,30.09000015258789,30.34000015258789,29.799999237060547,30.139999389648438,24.673704147338867,65893500,0.0,0.0
2018-04-26,30.040000915527344,30.280000686645508,29.989999771118164,30.06999969482422,24.61639976501465,45936700,0.0,0.0
2018-04-27,29.989999771118164,30.209999084472656,29.969999313354492,30.149999618530273,24.6818904876709,47411200,0.0,0.0
2018-04-30,30.270000457763672,30.43000030517578,29.920000076293945,29.920000076293945,24.493606567382812,55153900,0.0,0.0
2018-05-01,29.920000076293945,29.959999084472656,29.6200008392334,29.950000762939453,24.51816177368164,52871700,0.0,0.0
2018-05-02,29.950000762939453,30.06999969482422,29.559999465942383,29.579999923706055,24.21527099609375,68234600,0.0,0.0
2018-05-03,29.510000228881836,29.520000457763672,28.43000030517578,29.200000762939453,23.90418243408203,110672700,0.0,0.0
2018-05-04,28.989999771118164,29.420000076293945,28.81999969482422,29.299999237060547,23.986061096191406,58281900,0.0,0.0
2018-05-07,29.440000534057617,29.790000915527344,29.329999923706055,29.639999389648438,24.26439094543457,46765200,0.0,0.0
2018-05-08,29.770000457763672,30.1299991607666,29.670000076293945,29.93000030517578,24.501792907714844,65119800,0.0,0.0
2018-05-09,30.100000381469727,30.790000915527344,30.079999923706055,30.719999313354492,25.14851951599121,72266500,0.0,0.0
2018-05-10,30.610000610351562,31.06999969482422,30.420000076293945,30.889999389648438,25.287683486938477,54773200,0.0,0.0
2018-05-11,30.90999984741211,31.030000686645508,30.809999465942383,30.920000076293945,25.312246322631836,42024800,0.0,0.0
2018-05-14,31.040000915527344,31.229999542236328,31.030000686645508,31.1200008392334,25.475969314575195,41791600,0.0,0.0
2018-05-15,30.920000076293945,31.360000610351562,30.850000381469727,31.219999313354492,25.557832717895508,64433500,0.0,0.0
2018-05-16,31.18000030517578,31.25,31.020000457763672,31.059999465942383,25.426849365234375,43590100,0.0,0.0
2018-05-17,31.040000915527344,31.079999923706055,30.670000076293945,30.809999465942383,25.222196578979492,45981500,0.0,0.0
2018-05-18,30.770000457763672,30.790000915527344,30.229999542236328,30.260000228881836,24.771940231323242,58641700,0.0,0.0
2018-05-21,30.520000457763672,30.68000030517578,30.479999542236328,30.549999237060547,25.00934410095215,34983300,0.0,0.0
2018-05-22,30.600000381469727,31.139999389648438,30.540000915527344,30.889999389648438,25.287683486938477,61103000,0.0,0.0
2018-05-23,30.709999084472656,30.760000228881836,30.079999923706055,30.440000534057617,24.919300079345703,73893100,0.0,0.0
2018-05-24,30.399999618530273,30.40999984741211,29.829999923706055,30.209999084472656,24.73101234436035,62146200,0.0,0.0
2018-05-25,30.010000228881836,30.190000534057617,29.8799991607666,30.15999984741211,24.690078735351562,44166700,0.0,0.0
2018-05-29,29.760000228881836,29.799999237060547,28.700000762939453,28.959999084472656,23.70771598815918,135895000,0.0,0.0
2018-05-30,29.290000915527344,29.600000381469727,29.15999984741211,29.489999771118164,24.141592025756836,79435300,0.0,0.0
2018-05-31,29.200000762939453,29.260000228881836,28.829999923706055,29.040000915527344,23.870338439941406,97509300,0.12,0.0
2018-06-01,29.489999771118164,29.65999984741211,29.309999465942383,29.399999618530273,24.166250228881836,64796600,0.0,0.0
2018-06-04,29.549999237060547,29.59000015258789,29.329999923706055,29.399999618530273,24.166250228881836,43777000,0.0,0.0
2018-06-05,29.309999465942383,29.34000015258789,29.059999465942383,29.1200008392334,23.93610382080078,47690800,0.0,0.0
2018-06-06,29.290000915527344,30.049999237060547,29.280000686645508,30.040000915527344,24.692323684692383,74995800,0.0,0.0
2018-06-07,30.200000762939453,30.309999465942383,29.889999389648438,30.09000015258789,24.73341941833496,68402700,0.0,0.0
2018-06-08,30.010000228881836,30.049999237060547,29.809999465942383,30.010000228881836,24.66765785217285,49572900,0.0,0.0
2018-06-11,30.1299991607666,30.40999984741211,30.059999465942383,30.059999465942383,24.708763122558594,46732800,0.0,0.0
2018-06-12,30.170000076293945,30.270000457763672,29.75,29.899999618530273,24.577238082885742,49644600,0.0,0.0
2018-06-13,29.979999542236328,30.360000610351562,29.700000762939453,29.84000015258789,24.527923583984375,68900200,0.0,0.0
2018-06-14,30.040000915527344,30.049999237060547,29.3799991607666,29.5,24.24845314025879,77863200,0.0,0.0
2018-06-15,29.25,29.40999984741211,28.8700008392334,29.280000686645508,24.067615509033203,105079500,0.0,0.0
2018-06-18,28.940000534057617,29.5,28.809999465942383,29.399999618530273,24.166250228881836,52644100,0.0,0.0
2018-06-19,29.040000915527344,29.3700008392334,28.950000762939453,29.260000228881836,24.051172256469727,65466200,0.0,0.0
2018-06-20,29.420000076293945,29.5,29.18000030517578,29.239999771118164,24.034730911254883,52256500,0.0,0.0
2018-06-21,29.209999084472656,29.450000762939453,29.0,29.290000915527344,24.07583999633789,68322600,0.0,0.0
2018-06-22,29.459999084472656,29.520000457763672,28.989999771118164,28.989999771118164,23.829240798950195,76079200,0.0,0.0
2018-06-25,28.860000610351562,28.90999984741211,28.260000228881836,28.479999542236328,23.410024642944336,73616400,0.0,0.0
2018-06-26,28.520000457763672,28.670000076293945,28.010000228881836,28.540000915527344,23.459348678588867,56369300,0.0,0.0
2018-06-27,28.510000228881836,28.850000381469727,28.239999771118164,28.239999771118164,23.212753295898438,61764400,0.0,0.0
2018-06-28,28.399999618530273,28.84000015258789,28.299999237060547,28.670000076293945,23.566205978393555,71292100,0.0,0.0
2018-06-29,29.09000015258789,29.170000076293945,28.18000030517578,28.190000534057617,23.171655654907227,102307600,0.0,0.0
2018-07-02,28.079999923706055,28.280000686645508,27.829999923706055,28.280000686645508,23.245634078979492,52534300,0.0,0.0
2018-07-03,28.329999923706055,28.43000030517578,27.739999771118164,27.780000686645508,22.834640502929688,40599000,0.0,0.0
2018-07-05,27.950000762939453,28.079999923706055,27.809999465942383,27.920000076293945,22.94972038269043,44506800,0.0,0.0
2018-07-06,27.809999465942383,28.149999618530273,27.6299991607666,28.030000686645508,23.040136337280273,39424900,0.0,0.0
2018-07-09,28.229999542236328,29.09000015258789,28.219999313354492,29.049999237060547,23.87856101989746,61758900,0.0,0.0
2018-07-10,29.219999313354492,29.329999923706055,28.75,28.829999923706055,23.697717666625977,58858400,0.0,0.0
2018-07-11,28.670000076293945,28.90999984741211,28.6200008392334,28.68000030517578,23.574426651000977,50218900,0.0,0.0
2018-07-12,28.899999618530273,28.969999313354492,28.65999984741211,28.770000457763672,23.64840316772461,51700700,0.0,0.0
2018-07-13,28.6200008392334,28.690000534057617,28.219999313354492,28.549999237060547,23.467565536499023,75178000,0.0,0.0
2018-07-16,28.780000686645508,29.850000381469727,28.729999542236328,29.780000686645508,24.478607177734375,129172000,0.0,0.0
2018-07-17,29.889999389648438,30.200000762939453,29.579999923706055,30.010000228881836,24.66765785217285,87778900,0.0,0.0
2018-07-18,29.920000076293945,30.290000915527344,29.84000015258789,30.1299991607666,24.766294479370117,59109200,0.0,0.0
2018-07-19,29.93000030517578,30.020000457763672,29.639999389648438,29.670000076293945,24.3881893157959,59260600,0.0,0.0
2018-07-20,29.6200008392334,30.15999984741211,29.459999084472656,30.1299991607666,24.766294479370117,80432700,0.0,0.0
2018-07-23,30.139999389648438,30.850000381469727,30.1299991607666,30.75,25.275920867919922,74080200,0.0,0.0
2018-07-24,30.850000381469727,31.110000610351562,30.649999618530273,30.829999923706055,25.341684341430664,64761500,0.0,0.0
2018-07-25,30.700000762939453,31.110000610351562,30.670000076293945,31.06999969482422,25.538955688476562,57644100,0.0,0.0
2018-07-26,31.190000534057617,31.209999084472656,30.889999389648438,30.940000534057617,25.432098388671875,46215000,0.0,0.0
2018-07-27,30.989999771118164,31.139999389648438,30.799999237060547,31.059999465942383,25.530742645263672,57198900,0.0,0.0
2018-07-30,31.139999389648438,31.450000762939453,31.1299991607666,31.309999465942383,25.736236572265625,58721000,0.0,0.0
2018-07-31,31.360000610351562,31.420000076293945,30.81999969482422,30.8799991607666,25.38278579711914,64066000,0.0,0.0
2018-08-01,31.219999313354492,31.549999237060547,31.170000076293945,31.25,25.686918258666992,69070700,0.0,0.0
2018-08-02,30.979999542236328,31.309999465942383,30.8700008392334,31.280000686645508,25.711578369140625,46427200,0.0,0.0
2018-08-03,31.18000030517578,31.510000228881836,31.15999984741211,31.510000228881836,25.900634765625,50153800,0.0,0.0
2018-08-06,31.450000762939453,31.59000015258789,31.31999969482422,31.520000457763672,25.908851623535156,41261500,0.0,0.0
2018-08-07,31.549999237060547,31.799999237060547,31.489999771118164,31.510000228881836,25.900634765625,43946200,0.0,0.0
2018-08-08,31.510000228881836,31.90999984741211,31.479999542236328,31.799999237060547,26.139007568359375,43689600,0.0,0.0
2018-08-09,31.729999542236328,31.790000915527344,31.549999237060547,31.600000381469727,25.974613189697266,38219100,0.0,0.0
2018-08-10,31.229999542236328,31.329999923706055,30.899999618530273,31.190000534057617,25.63759422302246,55679800,0.0,0.0
2018-08-13,31.079999923706055,31.1200008392334,30.450000762939453,30.479999542236328,25.053997039794922,63960600,0.0,0.0
2018-08-14,30.610000610351562,30.899999618530273,30.420000076293945,30.790000915527344,25.308805465698242,42521200,0.0,0.0
2018-08-15,30.479999542236328,30.6200008392334,30.15999984741211,30.360000610351562,24.955358505249023,59747900,0.0,0.0
2018-08-16,30.559999465942383,30.84000015258789,30.520000457763672,30.719999313354492,25.25126838684082,44015400,0.0,0.0
2018-08-17,30.65999984741211,30.860000610351562,30.549999237060547,30.739999771118164,25.2677059173584,39843500,0.0,0.0
2018-08-20,30.690000534057617,30.93000030517578,30.649999618530273,30.8700008392334,25.374563217163086,40011000,0.0,0.0
2018-08-21,30.90999984741211,31.25,30.829999923706055,31.020000457763672,25.49785804748535,53510600,0.0,0.0
2018-08-22,30.920000076293945,31.09000015258789,30.8799991607666,30.979999542236328,25.464984893798828,33062900,0.0,0.0
2018-08-23,30.940000534057617,30.979999542236328,30.739999771118164,30.84000015258789,25.349903106689453,38259100,0.0,0.0
2018-08-24,30.940000534057617,31.079999923706055,30.850000381469727,30.889999389648438,25.391006469726562,43585000,0.0,0.0
2018-08-27,31.030000686645508,31.489999771118164,30.989999771118164,31.309999465942383,25.736236572265625,47729300,0.0,0.0
2018-08-28,31.360000610351562,31.40999984741211,31.190000534057617,31.270000457763672,25.70335578918457,38539000,0.0,0.0
2018-08-29,31.239999771118164,31.309999465942383,31.06999969482422,31.139999389648438,25.596500396728516,46401800,0.0,0.0
2018-08-30,31.020000457763672,31.149999618530273,30.950000762939453,31.010000228881836,25.489643096923828,47358900,0.0,0.0
2018-08-31,30.8799991607666,30.950000762939453,30.6200008392334,30.93000030517578,25.423879623413086,49266000,0.0,0.0
2018-09-04,30.90999984741211,31.15999984741211,30.81999969482422,31.139999389648438,25.596500396728516,44745600,0.0,0.0
2018-09-05,31.06999969482422,31.239999771118164,30.969999313354492,31.18000030517578,25.629377365112305,48516700,0.0,0.0
2018-09-06,31.049999237060547,31.110000610351562,30.729999542236328,30.850000381469727,25.480703353881836,42666000,0.15,0.0
2018-09-07,31.0,31.1200008392334,30.6299991607666,30.860000610351562,25.488967895507812,49103800,0.0,0.0
2018-09-10,30.8799991607666,31.0,30.75,30.81999969482422,25.45592498779297,34156200,0.0,0.0
2018-09-11,30.719999313354492,30.899999618530273,30.700000762939453,30.850000381469727,25.480703353881836,53071000,0.0,0.0
2018-09-12,30.8799991607666,30.959999084472656,30.3799991607666,30.43000030517578,25.133808135986328,59482300,0.0,0.0
2018-09-13,30.530000686645508,30.670000076293945,30.079999923706055,30.139999389648438,24.894275665283203,59219500,0.0,0.0
2018-09-14,30.1299991607666,30.389999389648438,30.110000610351562,30.3700008392334,25.08424949645996,33743900,0.0,0.0
2018-09-17,30.34000015258789,30.489999771118164,30.149999618530273,30.280000686645508,25.00991439819336,35026600,0.0,0.0
2018-09-18,30.329999923706055,30.399999618530273,30.1299991607666,30.209999084472656,24.95209503173828,49921700,0.0,0.0
2018-09-19,30.1299991607666,31.200000762939453,30.1299991607666,31.0,25.60460090637207,92666300,0.0,0.0
2018-09-20,31.299999237060547,31.3700008392334,31.139999389648438,31.190000534057617,25.761526107788086,83357400,0.0,0.0
2018-09-21,31.34000015258789,31.3700008392334,30.969999313354492,31.030000686645508,25.629379272460938,85992100,0.0,0.0
2018-09-24,30.979999542236328,31.200000762939453,30.65999984741211,30.739999771118164,25.38985252380371,45587700,0.0,0.0
2018-09-25,30.850000381469727,31.040000915527344,30.600000381469727,30.670000076293945,25.33203125,40949900,0.0,0.0
2018-09-26,30.709999084472656,30.739999771118164,30.059999465942383,30.1299991607666,24.886016845703125,57882400,0.0,0.0
2018-09-27,30.239999771118164,30.309999465942383,29.93000030517578,29.940000534057617,24.72908592224121,45879700,0.0,0.0
2018-09-28,29.649999618530273,29.850000381469727,29.420000076293945,29.459999084472656,24.332630157470703,74707600,0.0,0.0
2018-10-01,29.68000030517578,29.940000534057617,29.540000915527344,29.649999618530273,24.489559173583984,53900900,0.0,0.0
2018-10-02,29.579999923706055,29.719999313354492,29.270000457763672,29.579999923706055,24.431747436523438,42940300,0.0,0.0
2018-10-03,29.809999465942383,30.18000030517578,29.719999313354492,30.0,24.778640747070312,61080300,0.0,0.0
2018-10-04,30.170000076293945,30.790000915527344,30.139999389648438,30.43000030517578,25.133808135986328,72325700,0.0,0.0
2018-10-05,30.600000381469727,30.649999618530273,30.049999237060547,30.229999542236328,24.968612670898438,51931000,0.0,0.0
2018-10-08,30.049999237060547,30.420000076293945,29.90999984741211,30.270000457763672,25.001659393310547,47471600,0.0,0.0
2018-10-09,30.030000686645508,30.190000534057617,29.8700008392334,29.979999542236328,24.76212501525879,58868600,0.0,0.0
2018-10-10,29.979999542236328,30.1299991607666,29.209999084472656,29.239999771118164,24.15091896057129,88454400,0.0,0.0
2018-10-11,28.889999389648438,29.25,28.260000228881836,28.360000610351562,23.4240779876709,111417300,0.0,0.0
2018-10-12,28.989999771118164,29.040000915527344,27.729999542236328,28.459999084472656,23.506671905517578,102279200,0.0,0.0
2018-10-15,28.489999771118164,28.6200008392334,27.639999389648438,27.920000076293945,23.06065559387207,114636100,0.0,0.0
2018-10-16,28.239999771118164,28.579999923706055,27.899999618530273,28.530000686645508,23.564491271972656,87887800,0.0,0.0
2018-10-17,28.3700008392334,29.190000534057617,28.15999984741211,28.899999618530273,23.870092391967773,79068700,0.0,0.0
2018-10-18,28.670000076293945,28.899999618530273,28.139999389648438,28.25,23.333229064941406,77369200,0.0,0.0
2018-10-19,28.139999389648438,28.520000457763672,27.969999313354492,28.31999969482422,23.391040802001953,64305400,0.0,0.0
2018-10-22,28.31999969482422,28.350000381469727,27.309999465942383,27.3799991607666,22.614643096923828,89942900,0.0,0.0
2018-10-23,26.389999389648438,27.200000762939453,26.110000610351562,27.020000457763672,22.317304611206055,102392500,0.0,0.0
2018-10-24,26.860000610351562,26.899999618530273,26.079999923706055,26.190000534057617,21.631755828857422,86386600,0.0,0.0
2018-10-25,26.3799991607666,26.93000030517578,26.18000030517578,26.59000015258789,21.962146759033203,73780400,0.0,0.0
2018-10-26,26.329999923706055,26.579999923706055,25.8799991607666,26.389999389648438,21.796947479248047,91103500,0.0,0.0
2018-10-29,26.690000534057617,27.18000030517578,26.290000915527344,26.610000610351562,21.978652954101562,89367000,0.0,0.0
2018-10-30,26.760000228881836,26.860000610351562,26.31999969482422,26.780000686645508,22.11907196044922,79004800,0.0,0.0
2018-10-31,27.100000381469727,27.8799991607666,27.059999465942383,27.5,22.713760375976562,92296300,0.0,0.0
2018-11-01,27.770000457763672,28.0,27.610000610351562,27.809999465942383,22.96980094909668,49827300,0.0,0.0
2018-11-02,28.010000228881836,28.3799991607666,27.520000457763672,27.889999389648438,23.03587532043457,69010200,0.0,0.0
2018-11-05,27.950000762939453,28.239999771118164,27.889999389648438,28.059999465942383,23.17629051208496,41103100,0.0,0.0
2018-11-06,28.020000457763672,28.25,27.739999771118164,28.209999084472656,23.300186157226562,43514400,0.0,0.0
2018-11-07,28.420000076293945,28.670000076293945,28.139999389648438,28.540000915527344,23.57275390625,56679200,0.0,0.0
2018-11-08,28.5,29.1200008392334,28.43000030517578,28.8700008392334,23.84531593322754,49421200,0.0,0.0
2018-11-09,28.75,28.889999389648438,28.3799991607666,28.520000457763672,23.556230545043945,43270600,0.0,0.0
2018-11-12,28.3799991607666,28.520000457763672,27.639999389648438,27.75,22.920246124267578,50307500,0.0,0.0
2018-11-13,27.75,28.139999389648438,27.690000534057617,27.760000228881836,22.928508758544922,57423400,0.0,0.0
2018-11-14,27.950000762939453,28.100000381469727,26.780000686645508,27.209999084472656,22.474227905273438,69213300,0.0,0.0
2018-11-15,27.139999389648438,27.969999313354492,26.8799991607666,27.899999618530273,23.04413604736328,66174800,0.0,0.0
2018-11-16,27.690000534057617,27.889999389648438,27.420000076293945,27.75,22.920246124267578,52456100,0.0,0.0
2018-11-19,27.780000686645508,28.020000457763672,27.540000915527344,27.75,22.920246124267578,46000000,0.0,0.0
2018-11-20,27.420000076293945,27.56999969482422,26.969999313354492,27.3799991607666,22.614643096923828,92330600,0.0,0.0
2018-11-21,27.59000015258789,27.760000228881836,27.25,27.270000457763672,22.523786544799805,40364400,0.0,0.0
2018-11-23,27.079999923706055,27.170000076293945,26.8799991607666,26.969999313354492,22.275999069213867,22974100,0.0,0.0
2018-11-26,27.18000030517578,27.729999542236328,27.100000381469727,27.559999465942383,22.763317108154297,53210700,0.0,0.0
2018-11-27,27.43000030517578,27.899999618530273,27.389999389648438,27.739999771118164,22.911985397338867,43617100,0.0,0.0
2018-11-28,27.8799991607666,28.469999313354492,27.559999465942383,28.43000030517578,23.48189353942871,61388100,0.0,0.0
2018-11-29,28.18000030517578,28.350000381469727,27.969999313354492,28.040000915527344,23.159774780273438,46824600,0.0,0.0
2018-11-30,27.940000534057617,28.6299991607666,27.8700008392334,28.399999618530273,23.457117080688477,64284600,0.0,0.0
2018-12-03,28.989999771118164,29.040000915527344,28.360000610351562,28.540000915527344,23.57275390625,59908700,0.0,0.0
2018-12-04,28.31999969482422,28.31999969482422,26.729999542236328,26.989999771118164,22.292518615722656,103565700,0.0,0.0
2018-12-06,26.229999542236328,26.31999969482422,25.530000686645508,26.280000686645508,21.827396392822266,133294200,0.15,0.0
2018-12-07,26.149999618530273,26.540000915527344,25.299999237060547,25.43000030517578,21.121414184570312,107477600,0.0,0.0
2018-12-10,25.18000030517578,25.229999542236328,24.290000915527344,24.760000228881836,20.5649356842041,110166900,0.0,0.0
2018-12-11,25.209999084472656,25.399999618530273,24.530000686645508,24.579999923706055,20.41543197631836,78545000,0.0,0.0
2018-12-12,24.8700008392334,24.989999771118164,24.3700008392334,24.520000457763672,20.3655948638916,87191800,0.0,0.0
2018-12-13,24.65999984741211,24.81999969482422,24.280000686645508,24.399999618530273,20.26593017578125,64860100,0.0,0.0
2018-12-14,24.18000030517578,24.8700008392334,24.1200008392334,24.479999542236328,20.332374572753906,92762600,0.0,0.0
2018-12-17,24.260000228881836,24.93000030517578,24.15999984741211,24.469999313354492,20.324068069458008,98602800,0.0,0.0
2018-12-18,24.670000076293945,25.09000015258789,24.309999465942383,24.469999313354492,20.324068069458008,89046300,0.0,0.0
2018-12-19,24.450000762939453,25.239999771118164,24.06999969482422,24.18000030517578,20.083202362060547,121887600,0.0,0.0
2018-12-20,23.850000381469727,24.43000030517578,23.760000228881836,24.110000610351562,20.02506446838379,112594000,0.0,0.0
2018-12-21,23.90999984741211,24.510000228881836,23.260000228881836,23.3700008392334,19.410446166992188,160800400,0.0,0.0
2018-12-24,22.760000228881836,23.209999084472656,22.65999984741211,22.729999542236328,18.878873825073242,64859100,0.0,0.0
2018-12-26,22.90999984741211,24.18000030517578,22.690000534057617,24.110000610351562,20.02506446838379,100877800,0.0,0.0
2018-12-27,23.780000686645508,24.3700008392334,23.389999389648438,24.3700008392334,20.241008758544922,91575400,0.0,0.0
2018-12-28,24.59000015258789,24.75,24.260000228881836,24.389999389648438,20.25762367248535,78693800,0.0,0.0
2018-12-31,24.56999969482422,24.969999313354492,24.3700008392334,24.639999389648438,20.46526527404785,56257300,0.0,0.0
2019-01-02,24.079999923706055,25.139999389648438,24.010000228881836,24.959999084472656,20.731048583984375,71836300,0.0,0.0
2019-01-03,24.940000534057617,25.040000915527344,24.450000762939453,24.559999465942383,20.39881706237793,66599600,0.0,0.0
2019-01-04,25.100000381469727,25.649999618530273,25.030000686645508,25.579999923706055,21.246004104614258,83829100,0.0,0.0
2019-01-07,25.559999465942383,25.780000686645508,25.290000915527344,25.559999465942383,21.229389190673828,57016300,0.0,0.0
2019-01-08,25.719999313354492,25.790000915527344,25.09000015258789,25.510000228881836,21.1878604888916,67339400,0.0,0.0
2019-01-09,25.670000076293945,25.850000381469727,25.389999389648438,25.760000228881836,21.3955020904541,69707200,0.0,0.0
2019-01-10,25.559999465942383,25.780000686645508,25.420000076293945,25.729999542236328,21.37058448791504,65235800,0.0,0.0
2019-01-11,25.530000686645508,26.040000915527344,25.459999084472656,26.030000686645508,21.6197566986084,63476000,0.0,0.0
2019-01-14,25.770000457763672,26.479999542236328,25.610000610351562,26.3700008392334,21.902151107788086,76715400,0.0,0.0
2019-01-15,26.209999084472656,26.809999465942383,26.049999237060547,26.549999237060547,22.051654815673828,80625500,0.0,0.0
2019-01-16,28.1299991607666,28.719999313354492,27.860000610351562,28.450000762939453,23.629741668701172,163131700,0.0,0.0
2019-01-17,28.34000015258789,29.0,28.09000015258789,28.989999771118164,24.078248977661133,107428800,0.0,0.0
2019-01-18,29.020000457763672,29.459999084472656,28.709999084472656,29.299999237060547,24.335725784301758,97928200,0.0,0.0
2019-01-22,28.979999542236328,29.299999237060547,28.889999389648438,29.09000015258789,24.16130256652832,84861400,0.0,0.0
2019-01-23,29.219999313354492,29.280000686645508,28.6200008392334,28.920000076293945,24.02010726928711,79425900,0.0,0.0
2019-01-24,28.75,29.200000762939453,28.739999771118164,29.079999923706055,24.152999877929688,59492300,0.0,0.0
2019-01-25,29.280000686645508,29.719999313354492,29.139999389648438,29.579999923706055,24.568283081054688,72182100,0.0,0.0
2019-01-28,29.31999969482422,29.670000076293945,29.290000915527344,29.6299991607666,24.60980987548828,59963800,0.0,0.0
2019-01-29,29.540000915527344,29.700000762939453,29.34000015258789,29.389999389648438,24.41047477722168,51451900,0.0,0.0
2019-01-30,29.420000076293945,29.469999313354492,28.950000762939453,29.06999969482422,24.144699096679688,66475800,0.0,0.0
2019-01-31,28.75,28.84000015258789,27.979999542236328,28.469999313354492,23.646347045898438,100201200,0.0,0.0
2019-02-01,28.600000381469727,28.84000015258789,28.309999465942383,28.3799991607666,23.57160186767578,64244100,0.0,0.0
2019-02-04,28.469999313354492,28.969999313354492,28.420000076293945,28.8799991607666,23.986886978149414,55195900,0.0,0.0
2019-02-05,28.850000381469727,28.8799991607666,28.56999969482422,28.780000686645508,23.903827667236328,46622600,0.0,0.0
2019-02-06,28.670000076293945,28.899999618530273,28.540000915527344,28.729999542236328,23.862300872802734,35606900,0.0,0.0
2019-02-07,28.540000915527344,28.639999389648438,27.899999618530273,28.239999771118164,23.455320358276367,62289200,0.0,0.0
2019-02-08,28.149999618530273,28.31999969482422,27.860000610351562,28.290000915527344,23.49684715270996,50031300,0.0,0.0
2019-02-11,28.34000015258789,28.459999084472656,28.209999084472656,28.40999984741211,23.596515655517578,47724400,0.0,0.0
2019-02-12,28.6200008392334,28.860000610351562,28.579999923706055,28.690000534057617,23.829076766967773,49178100,0.0,0.0
2019-02-13,28.8700008392334,28.989999771118164,28.65999984741211,28.700000762939453,23.837385177612305,48951200,0.0,0.0
2019-02-14,28.360000610351562,28.6200008392334,28.110000610351562,28.389999389648438,23.579904556274414,47756600,0.0,0.0
2019-02-15,28.760000228881836,29.309999465942383,28.670000076293945,29.110000610351562,24.17791748046875,65867000,0.0,0.0
2019-02-19,28.93000030517578,29.260000228881836,28.75,29.1299991607666,24.19452667236328,40841300,0.0,0.0
2019-02-20,29.100000381469727,29.450000762939453,29.010000228881836,29.40999984741211,24.427087783813477,42806300,0.0,0.0
2019-02-21,29.329999923706055,29.450000762939453,29.110000610351562,29.290000915527344,24.32741928100586,42754100,0.0,0.0
2019-02-22,29.049999237060547,29.270000457763672,28.959999084472656,29.079999923706055,24.152999877929688,47887800,0.0,0.0
2019-02-25,29.1200008392334,29.59000015258789,29.1200008392334,29.270000457763672,24.310808181762695,61227400,0.0,0.0
2019-02-26,29.020000457763672,29.6299991607666,28.959999084472656,29.290000915527344,24.32741928100586,53153200,0.0,0.0
2019-02-27,29.299999237060547,29.670000076293945,29.209999084472656,29.530000686645508,24.526752471923828,48128600,0.0,0.0
2019-02-28,29.5,29.549999237060547,29.010000228881836,29.079999923706055,24.27631378173828,62358100,0.15,0.0
2019-03-01,29.329999923706055,29.649999618530273,29.209999084472656,29.309999465942383,24.46831512451172,45771500,0.0,0.0
2019-03-04,29.329999923706055,29.540000915527344,28.770000457763672,29.030000686645508,24.234573364257812,56893200,0.0,0.0
2019-03-05,29.020000457763672,29.190000534057617,28.700000762939453,29.079999923706055,24.27631378173828,39932500,0.0,0.0
2019-03-06,29.010000228881836,29.15999984741211,28.799999237060547,28.84000015258789,24.075956344604492,41672000,0.0,0.0
2019-03-07,28.670000076293945,28.719999313354492,28.260000228881836,28.549999237060547,23.833864212036133,53908600,0.0,0.0
2019-03-08,28.059999465942383,28.670000076293945,28.010000228881836,28.649999618530273,23.917343139648438,40860700,0.0,0.0
2019-03-11,28.700000762939453,29.059999465942383,28.700000762939453,28.940000534057617,24.159439086914062,40709300,0.0,0.0
2019-03-12,29.0,29.1200008392334,28.889999389648438,28.940000534057617,24.159439086914062,34450000,0.0,0.0
2019-03-13,29.049999237060547,29.510000228881836,28.979999542236328,29.290000915527344,24.451623916625977,54683300,0.0,0.0
2019-03-14,29.309999465942383,29.639999389648438,29.239999771118164,29.459999084472656,24.59354019165039,45219100,0.0,0.0
2019-03-15,29.440000534057617,29.610000610351562,29.260000228881836,29.299999237060547,24.459970474243164,82346200,0.0,0.0
2019-03-18,29.3799991607666,29.959999084472656,29.329999923706055,29.81999969482422,24.89406967163086,58568600,0.0,0.0
2019-03-19,30.010000228881836,30.139999389648438,29.540000915527344,29.649999618530273,24.752147674560547,55455100,0.0,0.0
2019-03-20,29.6200008392334,29.65999984741211,28.600000381469727,28.639999389648438,23.90899085998535,81689900,0.0,0.0
2019-03-21,28.450000762939453,28.600000381469727,28.040000915527344,28.18000030517578,23.524988174438477,77444400,0.0,0.0
2019-03-22,27.90999984741211,28.06999969482422,26.709999084472656,27.010000228881836,22.54825210571289,118851600,0.0,0.0
2019-03-25,26.90999984741211,27.3799991607666,26.610000610351562,26.84000015258789,22.40633201599121,65568000,0.0,0.0
2019-03-26,27.149999618530273,27.350000381469727,26.8799991607666,27.209999084472656,22.715213775634766,59878500,0.0,0.0
2019-03-27,27.09000015258789,27.3700008392334,26.950000762939453,27.030000686645508,22.56494903564453,57621700,0.0,0.0
2019-03-28,27.200000762939453,27.40999984741211,27.020000457763672,27.329999923706055,22.815393447875977,45872300,0.0,0.0
2019-03-29,27.549999237060547,27.68000030517578,27.299999237060547,27.59000015258789,23.032445907592773,83446300,0.0,0.0
2019-04-01,27.899999618530273,28.739999771118164,27.850000381469727,28.540000915527344,23.82551383972168,91751100,0.0,0.0
2019-04-02,28.469999313354492,28.8700008392334,28.350000381469727,28.8700008392334,24.10099983215332,66694000,0.0,0.0
2019-04-03,29.06999969482422,29.239999771118164,28.700000762939453,28.84000015258789,24.075956344604492,63110600,0.0,0.0
2019-04-04,28.850000381469727,29.309999465942383,28.84000015258789,29.149999618530273,24.334747314453125,53712100,0.0,0.0
2019-04-05,29.31999969482422,29.5,28.979999542236328,29.079999923706055,24.27631378173828,46383400,0.0,0.0
2019-04-08,28.889999389648438,29.200000762939453,28.8700008392334,29.170000076293945,24.351444244384766,35272800,0.0,0.0
2019-04-09,29.0,29.06999969482422,28.739999771118164,28.889999389648438,24.11769676208496,40535300,0.0,0.0
2019-04-10,28.899999618530273,29.149999618530273,28.75,29.06999969482422,24.267969131469727,42669700,0.0,0.0
2019-04-11,29.25,29.489999771118164,28.989999771118164,29.06999969482422,24.267969131469727,50440100,0.0,0.0
2019-04-12,29.559999465942383,30.219999313354492,29.559999465942383,30.170000076293945,25.186256408691406,100192000,0.0,0.0
2019-04-15,30.100000381469727,30.139999389648438,29.65999984741211,29.84000015258789,24.910764694213867,57438800,0.0,0.0
2019-04-16,29.299999237060547,30.049999237060547,29.0,29.8799991607666,24.94416046142578,105168400,0.0,0.0
2019-04-17,29.829999923706055,30.1200008392334,29.459999084472656,30.030000686645508,25.069385528564453,94831600,0.0,0.0
2019-04-18,29.950000762939453,30.15999984741211,29.81999969482422,30.030000686645508,25.069385528564453,61796600,0.0,0.0
2019-04-22,29.93000030517578,30.100000381469727,29.780000686645508,30.049999237060547,25.086078643798828,34763400,0.0,0.0
2019-04-23,29.989999771118164,30.209999084472656,29.920000076293945,30.06999969482422,25.102771759033203,41889700,0.0,0.0
2019-04-24,29.950000762939453,30.170000076293945,29.850000381469727,30.020000457763672,25.061033248901367,40078100,0.0,0.0
2019-04-25,29.90999984741211,30.31999969482422,29.899999618530273,30.079999923706055,25.111122131347656,43243800,0.0,0.0
2019-04-26,30.170000076293945,30.389999389648438,30.049999237060547,30.350000381469727,25.336517333984375,40627500,0.0,0.0
2019-04-29,30.43000030517578,31.170000076293945,30.40999984741211,30.770000457763672,25.687145233154297,68408600,0.0,0.0
2019-04-30,30.799999237060547,30.8799991607666,30.40999984741211,30.579999923706055,25.528526306152344,47764200,0.0,0.0
2019-05-01,30.559999465942383,30.889999389648438,30.18000030517578,30.260000228881836,25.26138687133789,56161000,0.0,0.0
2019-05-02,30.260000228881836,30.559999465942383,30.149999618530273,30.5,25.461746215820312,40634100,0.0,0.0
2019-05-03,30.65999984741211,30.799999237060547,30.5,30.709999084472656,25.637056350708008,35256100,0.0,0.0
2019-05-06,30.110000610351562,30.610000610351562,30.06999969482422,30.469999313354492,25.43669891357422,39882000,0.0,0.0
2019-05-07,30.15999984741211,30.170000076293945,29.6299991607666,29.920000076293945,24.977550506591797,58528400,0.0,0.0
2019-05-08,29.729999542236328,30.110000610351562,29.670000076293945,29.799999237060547,24.87738037109375,39903400,0.0,0.0
2019-05-09,29.420000076293945,29.780000686645508,29.280000686645508,29.709999084472656,24.80224609375,44173500,0.0,0.0
2019-05-10,29.459999084472656,29.709999084472656,29.190000534057617,29.579999923706055,24.693716049194336,59649900,0.0,0.0
2019-05-13,28.959999084472656,29.0,28.049999237060547,28.25,23.583415985107422,72547000,0.0,0.0
2019-05-14,28.360000610351562,28.989999771118164,28.209999084472656,28.6200008392334,23.892295837402344,52216100,0.0,0.0
2019-05-15,28.100000381469727,28.489999771118164,28.010000228881836,28.290000915527344,23.616811752319336,51973200,0.0,0.0
2019-05-16,28.459999084472656,28.829999923706055,28.43000030517578,28.59000015258789,23.86725425720215,42791500,0.0,0.0
2019-05-17,28.25,28.639999389648438,28.219999313354492,28.399999618530273,23.708637237548828,43772500,0.0,0.0
2019-05-20,28.399999618530273,28.520000457763672,28.239999771118164,28.399999618530273,23.708637237548828,41717600,0.0,0.0
2019-05-21,28.56999969482422,28.75,28.450000762939453,28.690000534057617,23.95073699951172,39258700,0.0,0.0
2019-05-22,28.510000228881836,28.6299991607666,28.350000381469727,28.489999771118164,23.78377342224121,29177600,0.0,0.0
2019-05-23,28.1299991607666,28.200000762939453,27.5,27.760000228881836,23.174362182617188,59772900,0.0,0.0
2019-05-24,27.93000030517578,28.260000228881836,27.860000610351562,28.18000030517578,23.524988174438477,35524400,0.0,0.0
2019-05-28,28.049999237060547,28.25,27.8799991607666,27.899999618530273,23.29123306274414,44273400,0.0,0.0
2019-05-29,27.530000686645508,27.850000381469727,27.3799991607666,27.75,23.1660099029541,49818900,0.0,0.0
2019-05-30,27.770000457763672,27.93000030517578,26.979999542236328,27.15999984741211,22.673473358154297,58649300,0.0,0.0
2019-05-31,26.5,26.8700008392334,26.479999542236328,26.600000381469727,22.205982208251953,68304200,0.0,0.0
2019-06-03,26.59000015258789,26.989999771118164,26.399999618530273,26.68000030517578,22.272756576538086,50109900,0.0,0.0
2019-06-04,27.18000030517578,27.950000762939453,27.139999389648438,27.920000076293945,23.30792808532715,58426400,0.0,0.0
2019-06-05,27.84000015258789,28.010000228881836,27.459999084472656,27.90999984741211,23.29958152770996,44874400,0.0,0.0
2019-06-06,27.760000228881836,28.040000915527344,27.540000915527344,27.8799991607666,23.40030288696289,38633600,0.15,0.0
2019-06-07,27.75,27.790000915527344,27.420000076293945,27.530000686645508,23.106542587280273,51317200,0.0,0.0
2019-06-10,27.860000610351562,28.469999313354492,27.84000015258789,28.06999969482422,23.55977439880371,48305800,0.0,0.0
2019-06-11,28.3799991607666,28.700000762939453,28.139999389648438,28.239999771118164,23.70245933532715,38691800,0.0,0.0
2019-06-12,28.200000762939453,28.270000457763672,27.860000610351562,27.950000762939453,23.459054946899414,33528900,0.0,0.0
2019-06-13,27.969999313354492,28.15999984741211,27.809999465942383,27.940000534057617,23.450658798217773,33404200,0.0,0.0
2019-06-14,27.90999984741211,28.170000076293945,27.780000686645508,28.040000915527344,23.534595489501953,37322100,0.0,0.0
2019-06-17,28.010000228881836,28.219999313354492,27.790000915527344,27.93000030517578,23.442270278930664,33410100,0.0,0.0
2019-06-18,28.020000457763672,28.799999237060547,27.829999923706055,28.6200008392334,24.02139663696289,60170700,0.0,0.0
2019-06-19,28.700000762939453,28.969999313354492,28.299999237060547,28.31999969482422,23.769607543945312,61953500,0.0,0.0
2019-06-20,28.59000015258789,28.610000610351562,27.850000381469727,28.270000457763672,23.72764015197754,60887200,0.0,0.0
2019-06-21,28.190000534057617,28.549999237060547,28.079999923706055,28.1200008392334,23.60173797607422,69444000,0.0,0.0
2019-06-24,28.079999923706055,28.3799991607666,27.889999389648438,27.979999542236328,23.48423194885254,40046400,0.0,0.0
2019-06-25,28.020000457763672,28.020000457763672,27.3799991607666,27.760000228881836,23.299585342407227,46901300,0.0,0.0
2019-06-26,27.940000534057617,28.18000030517578,27.850000381469727,27.90999984741211,23.425479888916016,42312300,0.0,0.0
2019-06-27,28.079999923706055,28.31999969482422,28.059999465942383,28.209999084472656,23.677276611328125,35575600,0.0,0.0
2019-06-28,29.010000228881836,29.270000457763672,28.729999542236328,29.0,24.340343475341797,101856900,0.0,0.0
2019-07-01,29.479999542236328,29.850000381469727,29.25,29.420000076293945,24.692855834960938,48029900,0.0,0.0
2019-07-02,29.34000015258789,29.43000030517578,28.93000030517578,29.149999618530273,24.46623992919922,32263500,0.0,0.0
2019-07-03,29.190000534057617,29.239999771118164,28.93000030517578,29.049999237060547,24.382308959960938,26642300,0.0,0.0
2019-07-05,29.360000610351562,29.56999969482422,29.149999618530273,29.260000228881836,24.55856704711914,33092000,0.0,0.0
2019-07-08,29.010000228881836,29.299999237060547,28.940000534057617,29.200000762939453,24.50820541381836,30924400,0.0,0.0
2019-07-09,28.969999313354492,29.420000076293945,28.940000534057617,29.350000381469727,24.634105682373047,28750100,0.0,0.0
2019-07-10,29.170000076293945,29.399999618530273,28.959999084472656,29.020000457763672,24.357128143310547,40574800,0.0,0.0
2019-07-11,29.100000381469727,29.5,29.030000686645508,29.360000610351562,24.642498016357422,37376800,0.0,0.0
2019-07-12,29.440000534057617,29.530000686645508,29.360000610351562,29.450000762939453,24.718032836914062,29632900,0.0,0.0
2019-07-15,29.5,29.530000686645508,29.079999923706055,29.219999313354492,24.524991989135742,46462100,0.0,0.0
2019-07-16,29.170000076293945,29.200000762939453,28.860000610351562,28.989999771118164,24.331951141357422,54920400,0.0,0.0
2019-07-17,29.100000381469727,29.6200008392334,29.0,29.190000534057617,24.499814987182617,84958300,0.0,0.0
2019-07-18,29.280000686645508,29.579999923706055,29.18000030517578,29.479999542236328,24.74321746826172,49468800,0.0,0.0
2019-07-19,29.540000915527344,29.610000610351562,29.3799991607666,29.399999618530273,24.676069259643555,44863200,0.0,0.0
2019-07-22,29.290000915527344,29.610000610351562,29.280000686645508,29.56999969482422,24.818754196166992,31224300,0.0,0.0
2019-07-23,29.75,30.280000686645508,29.700000762939453,30.25,25.389497756958008,64030300,0.0,0.0
2019-07-24,30.06999969482422,30.75,30.040000915527344,30.670000076293945,25.74201202392578,53171900,0.0,0.0
2019-07-25,30.739999771118164,30.889999389648438,30.209999084472656,30.34000015258789,25.46503448486328,43251900,0.0,0.0
2019-07-26,30.56999969482422,30.989999771118164,30.420000076293945,30.770000457763672,25.825944900512695,46978800,0.0,0.0
2019-07-29,30.719999313354492,30.850000381469727,30.489999771118164,30.520000457763672,25.616113662719727,39176700,0.0,0.0
2019-07-30,30.209999084472656,30.899999618530273,30.149999618530273,30.889999389648438,25.926658630371094,37598300,0.0,0.0
2019-07-31,30.829999923706055,31.059999465942383,30.59000015258789,30.68000030517578,25.75040054321289,60607600,0.0,0.0
2019-08-01,30.549999237060547,31.06999969482422,29.360000610351562,29.489999771118164,24.751611709594727,76913400,0.0,0.0
2019-08-02,29.360000610351562,29.5,28.90999984741211,29.3799991607666,24.65928840637207,57492300,0.0,0.0
2019-08-05,28.530000686645508,28.639999389648438,27.709999084472656,28.079999923706055,23.568166732788086,96207700,0.0,0.0
2019-08-06,28.40999984741211,28.489999771118164,27.690000534057617,28.420000076293945,23.85353660583496,65115800,0.0,0.0
2019-08-07,27.610000610351562,27.93000030517578,27.1200008392334,27.889999389648438,23.408693313598633,75388500,0.0,0.0
2019-08-08,28.110000610351562,28.489999771118164,28.06999969482422,28.3799991607666,23.819963455200195,53141900,0.0,0.0
2019-08-09,28.270000457763672,28.520000457763672,27.969999313354492,28.329999923706055,23.777999877929688,53499600,0.0,0.0
2019-08-12,27.829999923706055,27.850000381469727,27.459999084472656,27.639999389648438,23.19886589050293,55674700,0.0,0.0
2019-08-13,27.56999969482422,28.25,27.3799991607666,27.719999313354492,23.266006469726562,69919200,0.0,0.0
2019-08-14,26.940000534057617,27.079999923706055,26.280000686645508,26.420000076293945,22.174896240234375,106591700,0.0,0.0
2019-08-15,26.579999923706055,26.829999923706055,26.209999084472656,26.25,22.032207489013672,70192000,0.0,0.0
2019-08-16,26.530000686645508,27.1200008392334,26.440000534057617,27.030000686645508,22.686880111694336,70841700,0.0,0.0
2019-08-19,27.639999389648438,27.700000762939453,27.139999389648438,27.270000457763672,22.888315200805664,44964800,0.0,0.0
2019-08-20,27.020000457763672,27.059999465942383,26.700000762939453,26.719999313354492,22.426685333251953,47665000,0.0,0.0
2019-08-21,26.93000030517578,27.079999923706055,26.790000915527344,26.93000030517578,22.602951049804688,47785400,0.0,0.0
2019-08-22,27.09000015258789,27.299999237060547,26.959999084472656,27.190000534057617,22.821163177490234,49353700,0.0,0.0
2019-08-23,26.950000762939453,27.219999313354492,26.260000228881836,26.469999313354492,22.21685218811035,81880700,0.0,0.0
2019-08-26,26.700000762939453,26.799999237060547,26.489999771118164,26.780000686645508,22.477041244506836,41499100,0.0,0.0
2019-08-27,26.860000610351562,26.899999618530273,26.280000686645508,26.469999313354492,22.21685218811035,52517000,0.0,0.0
2019-08-28,26.219999313354492,27.079999923706055,26.209999084472656,26.850000381469727,22.535799026489258,45897900,0.0,0.0
2019-08-29,27.0,27.450000762939453,26.920000076293945,27.329999923706055,22.938674926757812,55432900,0.0,0.0
2019-08-30,27.5,27.690000534057617,27.350000381469727,27.510000228881836,23.089759826660156,41326200,0.0,0.0
2019-09-03,27.209999084472656,27.229999542236328,26.610000610351562,27.049999237060547,22.70366668701172,50743100,0.0,0.0
2019-09-04,27.31999969482422,27.579999923706055,27.15999984741211,27.489999771118164,23.072965621948242,40862500,0.0,0.0
2019-09-05,27.850000381469727,28.43000030517578,27.799999237060547,28.1200008392334,23.757295608520508,63413700,0.18,0.0
2019-09-06,28.020000457763672,28.09000015258789,27.56999969482422,27.729999542236328,23.42780113220215,56054100,0.0,0.0
2019-09-09,28.0,28.850000381469727,27.969999313354492,28.6299991607666,24.18817138671875,68629300,0.0,0.0
2019-09-10,28.889999389648438,29.350000381469727,28.809999465942383,29.350000381469727,24.796470642089844,71066200,0.0,0.0
2019-09-11,29.3700008392334,29.469999313354492,28.899999618530273,29.459999084472656,24.889400482177734,53982200,0.0,0.0
2019-09-12,29.219999313354492,29.799999237060547,28.90999984741211,29.670000076293945,25.06682014465332,72943900,0.0,0.0
2019-09-13,30.0,30.31999969482422,29.8700008392334,30.170000076293945,25.48925018310547,79657000,0.0,0.0
2019-09-16,29.68000030517578,30.170000076293945,29.639999389648438,30.1299991607666,25.455453872680664,43391300,0.0,0.0
2019-09-17,29.850000381469727,30.020000457763672,29.59000015258789,29.940000534057617,25.294933319091797,48284900,0.0,0.0
2019-09-18,29.770000457763672,30.149999618530273,29.549999237060547,30.0,25.345623016357422,66640400,0.0,0.0
2019-09-19,30.0,30.100000381469727,29.75,29.81999969482422,25.19355010986328,43035700,0.0,0.0
2019-09-20,29.969999313354492,30.1299991607666,29.56999969482422,29.59000015258789,24.999229431152344,167269000,0.0,0.0
2019-09-23,29.309999465942383,29.6200008392334,29.170000076293945,29.520000457763672,24.940095901489258,52048300,0.0,0.0
2019-09-24,29.600000381469727,29.639999389648438,28.739999771118164,28.940000534057617,24.450077056884766,64806900,0.0,0.0
2019-09-25,28.780000686645508,29.40999984741211,28.780000686645508,29.25,24.71198272705078,45807700,0.0,0.0
2019-09-26,29.209999084472656,29.329999923706055,29.049999237060547,29.1299991607666,24.610597610473633,33198100,0.0,0.0
2019-09-27,29.40999984741211,29.709999084472656,29.209999084472656,29.350000381469727,24.796470642089844,41336600,0.0,0.0
2019-09-30,29.489999771118164,29.520000457763672,29.079999923706055,29.170000076293945,24.644397735595703,39191000,0.0,0.0
2019-10-01,29.440000534057617,29.510000228881836,28.40999984741211,28.440000534057617,24.02764892578125,49434400,0.0,0.0
2019-10-02,28.200000762939453,28.299999237060547,27.809999465942383,27.84000015258789,23.520734786987305,52293100,0.0,0.0
2019-10-03,27.760000228881836,27.8799991607666,27.15999984741211,27.809999465942383,23.495391845703125,53015800,0.0,0.0
2019-10-04,27.850000381469727,28.399999618530273,27.84000015258789,28.3700008392334,23.96851348876953,42641800,0.0,0.0
2019-10-07,28.329999923706055,28.6200008392334,28.18000030517578,28.309999465942383,23.917816162109375,36742400,0.0,0.0
2019-10-08,27.8700008392334,27.920000076293945,27.459999084472656,27.6299991607666,23.343318939208984,58201100,0.0,0.0
2019-10-09,27.829999923706055,28.06999969482422,27.75,27.889999389648438,23.56298065185547,37511400,0.0,0.0
2019-10-10,28.040000915527344,28.75,28.040000915527344,28.450000762939453,24.036100387573242,48239300,0.0,0.0
2019-10-11,28.989999771118164,29.34000015258789,28.860000610351562,28.90999984741211,24.424724578857422,70008600,0.0,0.0
2019-10-14,28.739999771118164,29.15999984741211,28.729999542236328,29.139999389648438,24.61905288696289,36040100,0.0,0.0
2019-10-15,29.34000015258789,30.239999771118164,29.110000610351562,29.729999542236328,25.117517471313477,78656000,0.0,0.0
2019-10-16,30.3700008392334,30.719999313354492,30.149999618530273,30.170000076293945,25.48925018310547,87131700,0.0,0.0
2019-10-17,30.299999237060547,30.540000915527344,30.0,30.260000228881836,25.565284729003906,55575900,0.0,0.0
2019-10-18,30.1299991607666,30.489999771118164,30.100000381469727,30.350000381469727,25.64131736755371,48872900,0.0,0.0
2019-10-21,30.670000076293945,31.149999618530273,30.6299991607666,31.020000457763672,26.20737075805664,61087400,0.0,0.0
2019-10-22,30.969999313354492,31.3700008392334,30.75,31.200000762939453,26.35944938659668,58662100,0.0,0.0
2019-10-23,31.1299991607666,31.440000534057617,31.09000015258789,31.420000076293945,26.54531478881836,47771200,0.0,0.0
2019-10-24,31.450000762939453,31.520000457763672,31.200000762939453,31.360000610351562,26.49462127685547,39491000,0.0,0.0
2019-10-25,31.360000610351562,31.850000381469727,31.34000015258789,31.719999313354492,26.79877471923828,43702000,0.0,0.0
2019-10-28,31.969999313354492,32.22999954223633,31.739999771118164,31.84000015258789,26.900156021118164,58790300,0.0,0.0
2019-10-29,31.940000534057617,32.13999938964844,31.809999465942383,32.06999969482422,27.094472885131836,48266600,0.0,0.0
2019-10-30,32.0099983215332,32.0099983215332,31.530000686645508,31.6200008392334,26.714290618896484,45262400,0.0,0.0
2019-10-31,31.40999984741211,31.6200008392334,30.81999969482422,31.270000457763672,26.41858673095703,49430900,0.0,0.0
2019-11-01,31.700000762939453,31.84000015258789,31.3700008392334,31.799999237060547,26.866361618041992,41985300,0.0,0.0
2019-11-04,32.2400016784668,32.5,32.099998474121094,32.400001525878906,27.373273849487305,54228600,0.0,0.0
2019-11-05,32.5099983215332,33.09000015258789,32.5,32.81999969482422,27.728107452392578,68785600,0.0,0.0
2019-11-06,32.7599983215332,33.060001373291016,32.66999816894531,32.790000915527344,27.70276641845703,47524500,0.0,0.0
2019-11-07,33.11000061035156,33.599998474121094,33.0099983215332,33.22999954223633,28.074501037597656,68310700,0.0,0.0
2019-11-08,33.06999969482422,33.27000045776367,32.93000030517578,33.2599983215332,28.0998477935791,38724000,0.0,0.0
2019-11-11,33.029998779296875,33.25,32.970001220703125,33.18000030517578,28.032257080078125,27784000,0.0,0.0
2019-11-12,33.130001068115234,33.31999969482422,32.9900016784668,33.09000015258789,27.956220626831055,37282200,0.0,0.0
2019-11-13,32.720001220703125,32.88999938964844,32.47999954223633,32.790000915527344,27.70276641845703,48887800,0.0,0.0
2019-11-14,32.689998626708984,32.86000061035156,32.4900016784668,32.70000076293945,27.626728057861328,35554600,0.0,0.0
2019-11-15,32.91999816894531,32.959999084472656,32.70000076293945,32.93000030517578,27.821043014526367,36398300,0.0,0.0
2019-11-18,32.86000061035156,33.029998779296875,32.75,32.959999084472656,27.846391677856445,31133700,0.0,0.0
2019-11-19,33.119998931884766,33.150001525878906,32.81999969482422,32.939998626708984,27.829496383666992,33183700,0.0,0.0
2019-11-20,32.790000915527344,32.83000183105469,32.41999816894531,32.689998626708984,27.618284225463867,43612200,0.0,0.0
2019-11-21,32.779998779296875,33.040000915527344,32.630001068115234,32.84000015258789,27.745006561279297,42787600,0.0,0.0
2019-11-22,32.959999084472656,33.31999969482422,32.939998626708984,33.18000030517578,28.032257080078125,38783900,0.0,0.0
2019-11-25,33.33000183105469,33.5099983215332,33.2599983215332,33.470001220703125,28.277265548706055,50238800,0.0,0.0
2019-11-26,33.380001068115234,33.400001525878906,33.119998931884766,33.349998474121094,28.175884246826172,50626600,0.0,0.0
2019-11-27,33.4900016784668,33.599998474121094,33.310001373291016,33.41999816894531,28.23501968383789,32097700,0.0,0.0
2019-11-29,33.369998931884766,33.52000045776367,33.2400016784668,33.31999969482422,28.150535583496094,19503400,0.0,0.0
2019-12-02,33.45000076293945,33.75,33.34000015258789,33.43000030517578,28.24347496032715,47158800,0.0,0.0
2019-12-03,32.869998931884766,32.900001525878906,32.54999923706055,32.84000015258789,27.745006561279297,58745100,0.0,0.0
2019-12-04,33.08000183105469,33.29999923706055,32.849998474121094,33.150001525878906,28.00691032409668,46637900,0.0,0.0
2019-12-05,33.15999984741211,33.220001220703125,33.0,33.09000015258789,28.10884666442871,38304500,0.18,0.0
2019-12-06,33.68000030517578,33.79999923706055,33.56999969482422,33.66999816894531,28.601539611816406,50908500,0.0,0.0
2019-12-09,33.5,33.70000076293945,33.439998626708984,33.5099983215332,28.465621948242188,32974500,0.0,0.0
2019-12-10,33.400001525878906,33.630001068115234,33.29999923706055,33.529998779296875,28.48261833190918,41960100,0.0,0.0
2019-12-11,33.47999954223633,33.7599983215332,33.47999954223633,33.63999938964844,28.57605743408203,43107800,0.0,0.0
2019-12-12,33.779998779296875,34.810001373291016,33.68000030517578,34.68000030517578,29.459503173828125,64942500,0.0,0.0
2019-12-13,34.689998626708984,34.959999084472656,34.349998474121094,34.439998626708984,29.25562858581543,48539600,0.0,0.0
2019-12-16,34.95000076293945,35.09000015258789,34.70000076293945,34.70000076293945,29.476491928100586,50777100,0.0,0.0
2019-12-17,34.849998474121094,35.27000045776367,34.7400016784668,35.040000915527344,29.76531219482422,50840500,0.0,0.0
2019-12-18,35.11000061035156,35.27000045776367,35.04999923706055,35.11000061035156,29.824771881103516,48757900,0.0,0.0
2019-12-19,35.150001525878906,35.22999954223633,34.88999938964844,34.95000076293945,29.688858032226562,45409500,0.0,0.0
2019-12-20,35.2400016784668,35.2400016784668,34.90999984741211,34.959999084472656,29.697357177734375,109395500,0.0,0.0
2019-12-23,35.040000915527344,35.189998626708984,34.95000076293945,35.16999816894531,29.875734329223633,33995400,0.0,0.0
2019-12-24,35.189998626708984,35.279998779296875,35.119998931884766,35.220001220703125,29.918209075927734,13805400,0.0,0.0
2019-12-26,35.31999969482422,35.560001373291016,35.290000915527344,35.52000045776367,30.17305564880371,26992100,0.0,0.0
2019-12-27,35.70000076293945,35.720001220703125,35.2599983215332,35.349998474121094,30.028654098510742,28111300,0.0,0.0
2019-12-30,35.56999969482422,35.650001525878906,35.09000015258789,35.150001525878906,29.858745574951172,30705100,0.0,0.0
2019-12-31,35.029998779296875,35.2599983215332,34.970001220703125,35.220001220703125,29.918209075927734,29630100,0.0,0.0
2020-01-02,35.349998474121094,35.65999984741211,35.290000915527344,35.63999938964844,30.274991989135742,37614200,0.0,0.0
2020-01-03,34.97999954223633,35.150001525878906,34.7599983215332,34.900001525878906,29.646390914916992,50357900,0.0,0.0
2020-01-06,34.40999984741211,34.900001525878906,34.369998931884766,34.849998474121094,29.603910446166992,42185000,0.0,0.0
2020-01-07,34.70000076293945,34.91999816894531,34.529998779296875,34.619998931884766,29.408536911010742,34149000,0.0,0.0
2020-01-08,34.56999969482422,35.189998626708984,34.54999923706055,34.970001220703125,29.70585060119629,45311600,0.0,0.0
2020-01-09,35.29999923706055,35.33000183105469,34.939998626708984,35.029998779296875,29.75681495666504,39861600,0.0,0.0
2020-01-10,35.0,35.06999969482422,34.65999984741211,34.7400016784668,29.510475158691406,39730400,0.0,0.0
2020-01-13,34.84000015258789,35.06999969482422,34.65999984741211,35.060001373291016,29.782304763793945,37956100,0.0,0.0
2020-01-14,35.29999923706055,35.66999816894531,35.11000061035156,35.31999969482422,30.003156661987305,66719300,0.0,0.0
2020-01-15,34.77000045776367,34.790000915527344,34.34000015258789,34.66999816894531,29.451004028320312,74745500,0.0,0.0
2020-01-16,34.900001525878906,34.9900016784668,34.599998474121094,34.720001220703125,29.49347686767578,50368500,0.0,0.0
2020-01-17,34.91999816894531,34.95000076293945,34.599998474121094,34.709999084472656,29.4849910736084,54156100,0.0,0.0
2020-01-21,34.41999816894531,34.52000045776367,34.220001220703125,34.2599983215332,29.10272789001465,50811000,0.0,0.0
2020-01-22,34.369998931884766,34.45000076293945,34.22999954223633,34.36000061035156,29.18767738342285,38879700,0.0,0.0
2020-01-23,34.09000015258789,34.2599983215332,33.72999954223633,34.119998931884766,28.983800888061523,45717100,0.0,0.0
2020-01-24,34.119998931884766,34.13999938964844,33.27000045776367,33.540000915527344,28.491107940673828,47797200,0.0,0.0
2020-01-27,32.56999969482422,33.130001068115234,32.470001220703125,32.849998474121094,27.904972076416016,57096200,0.0,0.0
2020-01-28,33.02000045776367,33.4900016784668,32.95000076293945,33.2400016784668,28.23627471923828,38834600,0.0,0.0
2020-01-29,33.33000183105469,33.439998626708984,32.97999954223633,33.0099983215332,28.04088592529297,37414700,0.0,0.0
2020-01-30,32.70000076293945,33.52000045776367,32.66999816894531,33.47999954223633,28.44013786315918,50542800,0.0,0.0
2020-01-31,33.06999969482422,33.16999816894531,32.650001525878906,32.83000183105469,27.88799285888672,54845300,0.0,0.0
2020-02-03,33.0,33.400001525878906,32.91999816894531,32.970001220703125,28.00691795349121,48485500,0.0,0.0
2020-02-04,33.560001373291016,33.900001525878906,33.529998779296875,33.619998931884766,28.55906867980957,45061600,0.0,0.0
2020-02-05,34.099998474121094,34.810001373291016,34.06999969482422,34.709999084472656,29.4849910736084,54604800,0.0,0.0
2020-02-06,34.939998626708984,35.0099983215332,34.599998474121094,34.66999816894531,29.451004028320312,39511500,0.0,0.0
2020-02-07,34.31999969482422,34.65999984741211,34.2400016784668,34.61000061035156,29.400041580200195,31263000,0.0,0.0
2020-02-10,34.439998626708984,34.689998626708984,34.380001068115234,34.689998626708984,29.468000411987305,24373800,0.0,0.0
2020-02-11,34.849998474121094,35.040000915527344,34.7599983215332,34.77000045776367,29.535959243774414,32476300,0.0,0.0
2020-02-12,35.08000183105469,35.45000076293945,34.779998779296875,34.91999816894531,29.66337013244629,36656700,0.0,0.0
2020-02-13,34.7599983215332,35.029998779296875,34.54999923706055,34.90999984741211,29.65488052368164,31775100,0.0,0.0
2020-02-14,34.880001068115234,34.959999084472656,34.70000076293945,34.849998474121094,29.603910446166992,26447700,0.0,0.0
2020-02-18,34.77000045776367,34.83000183105469,34.0099983215332,34.27000045776367,29.111215591430664,40318000,0.0,0.0
2020-02-19,34.45000076293945,34.849998474121094,34.40999984741211,34.720001220703125,29.49347686767578,29632100,0.0,0.0
2020-02-20,34.459999084472656,35.08000183105469,34.459999084472656,34.849998474121094,29.603910446166992,42604100,0.0,0.0
2020-02-21,34.529998779296875,34.63999938964844,34.13999938964844,34.36000061035156,29.18767738342285,46675500,0.0,0.0
2020-02-24,33.18000030517578,33.209999084472656,32.52000045776367,32.72999954223633,27.803043365478516,79159600,0.0,0.0
2020-02-25,32.689998626708984,32.7599983215332,30.84000015258789,31.079999923706055,26.40142250061035,91586800,0.0,0.0
2020-02-26,31.389999389648438,31.600000381469727,30.559999465942383,30.6299991607666,26.0191593170166,80012800,0.0,0.0
2020-02-27,29.549999237060547,30.299999237060547,28.90999984741211,29.1299991607666,24.74496078491211,121148300,0.0,0.0
2020-02-28,28.0,28.75,27.700000762939453,28.5,24.209800720214844,171198800,0.0,0.0
2020-03-02,28.350000381469727,29.3799991607666,27.440000534057617,29.3700008392334,24.94883155822754,147776300,0.0,0.0
2020-03-03,29.3700008392334,29.75,27.6200008392334,27.75,23.572696685791016,138698500,0.0,0.0
2020-03-04,28.25,28.420000076293945,27.399999618530273,28.389999389648438,24.11635398864746,111239800,0.0,0.0
2020-03-05,27.239999771118164,27.350000381469727,26.399999618530273,26.780000686645508,22.89386558532715,110878700,0.18,0.0
2020-03-06,25.469999313354492,26.209999084472656,25.100000381469727,25.709999084472656,21.979141235351562,119121200,0.0,0.0
2020-03-09,22.229999542236328,23.489999771118164,21.510000228881836,21.93000030517578,18.747669219970703,145196000,0.0,0.0
2020-03-10,23.25,23.68000030517578,21.59000015258789,23.610000610351562,20.183876037597656,134863600,0.0,0.0
2020-03-11,22.84000015258789,23.959999084472656,22.260000228881836,22.670000076293945,19.380287170410156,127347000,0.0,0.0
2020-03-12,20.59000015258789,22.8700008392334,20.149999618530273,20.510000228881836,17.533727645874023,139552600,0.0,0.0
2020-03-13,22.190000534057617,24.25,21.479999542236328,24.15999984741211,20.654067993164062,128357400,0.0,0.0
2020-03-16,19.850000381469727,21.729999542236328,19.579999923706055,20.440000534057617,17.473888397216797,121688800,0.0,0.0
2020-03-17,21.059999465942383,22.690000534057617,20.030000686645508,21.979999542236328,18.790409088134766,120065700,0.0,0.0
2020-03-18,20.270000457763672,20.969999313354492,19.700000762939453,20.790000915527344,17.773103713989258,148272500,0.0,0.0
2020-03-19,20.260000228881836,21.75,19.0,21.200000762939453,18.123600006103516,122461300,0.0,0.0
2020-03-20,21.760000228881836,21.84000015258789,19.559999465942383,19.670000076293945,16.815622329711914,150910400,0.0,0.0
2020-03-23,19.260000228881836,19.670000076293945,17.950000762939453,18.079999923706055,15.456356048583984,181898500,0.0,0.0
2020-03-24,19.420000076293945,21.149999618530273,19.010000228881836,21.030000686645508,17.978271484375,147882400,0.0,0.0
2020-03-25,21.709999084472656,22.100000381469727,20.40999984741211,21.100000381469727,18.03811264038086,146991300,0.0,0.0
2020-03-26,21.309999465942383,22.950000762939453,21.170000076293945,22.719999313354492,19.42302131652832,116111400,0.0,0.0
2020-03-27,21.68000030517578,22.200000762939453,21.100000381469727,21.600000381469727,18.465553283691406,91522800,0.0,0.0
2020-03-30,21.649999618530273,22.350000381469727,21.270000457763672,22.040000915527344,18.841705322265625,80449100,0.0,0.0
2020-03-31,21.81999969482422,22.489999771118164,20.959999084472656,21.229999542236328,18.149248123168945,95213700,0.0,0.0
2020-04-01,19.93000030517578,20.350000381469727,19.510000228881836,19.770000457763672,16.901113510131836,83961300,0.0,0.0
2020-04-02,19.649999618530273,20.790000915527344,19.59000015258789,20.56999969482422,17.585023880004883,70007400,0.0,0.0
2020-04-03,20.399999618530273,20.739999771118164,19.68000030517578,20.030000686645508,17.123382568359375,68293500,0.0,0.0
2020-04-06,21.030000686645508,21.600000381469727,20.809999465942383,21.389999389648438,18.28602409362793,97766200,0.0,0.0
2020-04-07,22.799999237060547,22.8799991607666,21.850000381469727,22.139999389648438,18.92719078063965,94560300,0.0,0.0
2020-04-08,22.40999984741211,23.600000381469727,22.40999984741211,23.450000762939453,20.047096252441406,81212300,0.0,0.0
2020-04-09,24.06999969482422,25.31999969482422,24.049999237060547,24.860000610351562,21.252487182617188,125275700,0.0,0.0
2020-04-13,24.780000686645508,24.850000381469727,23.780000686645508,23.920000076293945,20.44889259338379,83164700,0.0,0.0
2020-04-14,24.5,24.649999618530273,23.100000381469727,23.729999542236328,20.286466598510742,88991100,0.0,0.0
2020-04-15,22.15999984741211,22.649999618530273,21.90999984741211,22.190000534057617,18.96993637084961,99082200,0.0,0.0
2020-04-16,22.149999618530273,22.209999084472656,21.09000015258789,21.420000076293945,18.311676025390625,89213300,0.0,0.0
2020-04-17,22.34000015258789,23.399999618530273,22.309999465942383,23.280000686645508,19.90176010131836,92800300,0.0,0.0
2020-04-20,22.56999969482422,23.1299991607666,22.18000030517578,22.5,19.234954833984375,74446300,0.0,0.0
2020-04-21,21.899999618530273,22.3700008392334,21.5,21.639999389648438,18.4997501373291,78871300,0.0,0.0
2020-04-22,22.15999984741211,22.229999542236328,21.75,21.799999237060547,18.63652992248535,49669500,0.0,0.0
2020-04-23,21.959999084472656,22.389999389648438,21.850000381469727,21.8700008392334,18.696372985839844,50614800,0.0,0.0
2020-04-24,22.110000610351562,22.299999237060547,21.670000076293945,22.18000030517578,18.961389541625977,47633500,0.0,0.0
2020-04-27,22.520000457763672,23.649999618530273,22.450000762939453,23.469999313354492,20.064191818237305,66916700,0.0,0.0
2020-04-28,24.450000762939453,24.809999465942383,23.850000381469727,23.889999389648438,20.42324447631836,65504900,0.0,0.0
2020-04-29,24.90999984741211,25.110000610351562,24.510000228881836,24.780000686645508,21.184093475341797,73493900,0.0,0.0
2020-04-30,24.209999084472656,24.3799991607666,23.850000381469727,24.049999237060547,20.56002426147461,55244100,0.0,0.0
2020-05-01,23.3799991607666,23.459999084472656,22.809999465942383,23.079999923706055,19.730785369873047,51772600,0.0,0.0
2020-05-04,22.700000762939453,22.989999771118164,22.43000030517578,22.93000030517578,19.602554321289062,45886100,0.0,0.0
2020-05-05,23.479999542236328,23.520000457763672,22.6200008392334,22.65999984741211,19.371736526489258,45691900,0.0,0.0
2020-05-06,23.0,23.079999923706055,22.229999542236328,22.350000381469727,19.106719970703125,53874600,0.0,0.0
2020-05-07,22.65999984741211,23.3700008392334,22.610000610351562,22.84000015258789,19.525609970092773,51884300,0.0,0.0
2020-05-08,23.469999313354492,23.6200008392334,23.25,23.56999969482422,20.149681091308594,45181000,0.0,0.0
2020-05-11,23.110000610351562,23.1200008392334,22.559999465942383,22.579999923706055,19.303342819213867,68951800,0.0,0.0
2020-05-12,22.709999084472656,22.81999969482422,21.850000381469727,21.8700008392334,18.696372985839844,69588700,0.0,0.0
2020-05-13,21.65999984741211,21.75,20.719999313354492,20.8700008392334,17.841489791870117,112113400,0.0,0.0
2020-05-14,20.290000915527344,21.790000915527344,20.100000381469727,21.709999084472656,18.559593200683594,88359100,0.0,0.0
2020-05-15,21.399999618530273,21.700000762939453,21.229999542236328,21.440000534057617,18.32877540588379,64484000,0.0,0.0
2020-05-18,22.420000076293945,23.059999465942383,22.06999969482422,22.93000030517578,19.602554321289062,86589400,0.0,0.0
2020-05-19,22.65999984741211,23.0,22.190000534057617,22.209999084472656,18.98703384399414,62179000,0.0,0.0
2020-05-20,22.68000030517578,23.0,22.639999389648438,22.90999984741211,19.5854549407959,59789500,0.0,0.0
2020-05-21,22.809999465942383,23.270000457763672,22.780000686645508,22.899999618530273,19.576906204223633,57726000,0.0,0.0
2020-05-22,22.93000030517578,22.950000762939453,22.459999084472656,22.65999984741211,19.371736526489258,48107000,0.0,0.0
2020-05-26,23.75,24.600000381469727,23.700000762939453,24.280000686645508,20.75665283203125,119485500,0.0,0.0
2020-05-27,26.06999969482422,26.170000076293945,24.969999313354492,25.979999542236328,22.20995330810547,117672700,0.0,0.0
2020-05-28,26.079999923706055,26.139999389648438,24.790000915527344,24.860000610351562,21.252487182617188,84340800,0.0,0.0
2020-05-29,24.420000076293945,24.90999984741211,24.059999465942383,24.1200008392334,20.61986541748047,113811100,0.0,0.0
2020-06-01,24.280000686645508,24.8700008392334,24.049999237060547,24.610000610351562,21.03876304626465,58375500,0.0,0.0
2020-06-02,24.959999084472656,25.389999389648438,24.559999465942383,24.84000015258789,21.235387802124023,71118100,0.0,0.0
2020-06-03,25.5,26.139999389648438,25.389999389648438,25.989999771118164,22.218509674072266,86744600,0.0,0.0
2020-06-04,25.709999084472656,26.829999923706055,25.56999969482422,26.780000686645508,23.05353355407715,94545300,0.18,0.0
2020-06-05,28.950000762939453,29.010000228881836,27.8799991607666,28.110000610351562,24.198457717895508,118767900,0.0,0.0
2020-06-08,28.59000015258789,28.899999618530273,28.139999389648438,28.540000915527344,24.56863021850586,79598500,0.0,0.0
2020-06-09,27.719999313354492,28.540000915527344,27.549999237060547,28.219999313354492,24.293155670166016,77773400,0.0,0.0
2020-06-10,27.969999313354492,28.100000381469727,26.510000228881836,26.600000381469727,22.89858055114746,90415300,0.0,0.0
2020-06-11,24.979999542236328,25.690000534057617,23.68000030517578,23.93000030517578,20.600114822387695,149875500,0.0,0.0
2020-06-12,25.030000686645508,25.049999237060547,24.040000915527344,24.780000686645508,21.33183479309082,73729700,0.0,0.0
2020-06-15,23.760000228881836,25.170000076293945,23.690000534057617,25.149999618530273,21.650348663330078,76538900,0.0,0.0
2020-06-16,26.18000030517578,26.239999771118164,24.860000610351562,25.799999237060547,22.209896087646484,96796500,0.0,0.0
2020-06-17,25.899999618530273,25.899999618530273,24.920000076293945,25.0,21.521223068237305,58349500,0.0,0.0
2020-06-18,24.700000762939453,25.489999771118164,24.579999923706055,25.040000915527344,21.55565643310547,53419000,0.0,0.0
2020-06-19,25.440000534057617,25.489999771118164,24.489999771118164,25.25,21.736433029174805,127563600,0.0,0.0
2020-06-22,24.889999389648438,25.030000686645508,24.610000610351562,24.6200008392334,21.1940975189209,55484300,0.0,0.0
2020-06-23,25.010000228881836,25.40999984741211,24.760000228881836,24.790000915527344,21.340444564819336,46108300,0.0,0.0
2020-06-24,24.540000915527344,24.540000915527344,23.68000030517578,23.809999465942383,20.49680519104004,75437100,0.0,0.0
2020-06-25,23.700000762939453,24.770000457763672,23.549999237060547,24.719999313354492,21.280181884765625,65031900,0.0,0.0
2020-06-26,24.09000015258789,24.110000610351562,23.020000457763672,23.149999618530273,19.928651809692383,118139200,0.0,0.0
2020-06-29,23.40999984741211,23.84000015258789,23.100000381469727,23.389999389648438,20.135257720947266,66269200,0.0,0.0
2020-06-30,23.200000762939453,23.90999984741211,23.100000381469727,23.75,20.445158004760742,61716200,0.0,0.0
2020-07-01,24.030000686645508,24.06999969482422,23.229999542236328,23.260000228881836,20.023338317871094,57379900,0.0,0.0
2020-07-02,23.84000015258789,23.989999771118164,23.219999313354492,23.290000915527344,20.049175262451172,56000200,0.0,0.0
2020-07-06,23.81999969482422,24.079999923706055,23.459999084472656,23.65999984741211,20.367687225341797,59589000,0.0,0.0
2020-07-07,23.3799991607666,23.389999389648438,22.899999618530273,23.010000228881836,19.808128356933594,60645800,0.0,0.0
2020-07-08,23.030000686645508,23.190000534057617,22.700000762939453,23.100000381469727,19.885610580444336,52922600,0.0,0.0
2020-07-09,22.940000534057617,23.15999984741211,22.389999389648438,22.770000457763672,19.601530075073242,79385900,0.0,0.0
2020-07-10,22.709999084472656,24.049999237060547,22.68000030517578,24.020000457763672,20.67759132385254,81142900,0.0,0.0
2020-07-13,24.3700008392334,24.510000228881836,23.860000610351562,24.190000534057617,20.823932647705078,73598100,0.0,0.0
2020-07-14,23.889999389648438,24.149999618530273,23.450000762939453,24.139999389648438,20.780893325805664,67423100,0.0,0.0
2020-07-15,24.760000228881836,24.8700008392334,24.280000686645508,24.600000381469727,21.1768856048584,57384400,0.0,0.0
2020-07-16,23.75,24.219999313354492,23.540000915527344,23.93000030517578,20.600114822387695,78067100,0.0,0.0
2020-07-17,23.8799991607666,23.979999542236328,23.200000762939453,23.219999313354492,19.98890495300293,66659100,0.0,0.0
2020-07-20,23.190000534057617,23.700000762939453,23.110000610351562,23.579999923706055,20.298818588256836,61114000,0.0,0.0
2020-07-21,23.709999084472656,24.479999542236328,23.690000534057617,24.420000076293945,21.02192497253418,75499300,0.0,0.0
2020-07-22,24.239999771118164,24.329999923706055,23.969999313354492,24.309999465942383,20.927236557006836,52193700,0.0,0.0
2020-07-23,24.520000457763672,24.639999389648438,24.110000610351562,24.540000915527344,21.12523078918457,61047600,0.0,0.0
2020-07-24,24.559999465942383,24.829999923706055,24.270000457763672,24.350000381469727,20.961668014526367,50217600,0.0,0.0
2020-07-27,24.219999313354492,24.270000457763672,23.8799991607666,24.139999389648438,20.780893325805664,54721300,0.0,0.0
2020-07-28,24.1299991607666,24.559999465942383,24.079999923706055,24.360000610351562,20.97028160095215,48406500,0.0,0.0
2020-07-29,24.360000610351562,25.290000915527344,24.190000534057617,25.270000457763672,21.75364875793457,71393500,0.0,0.0
2020-07-30,24.719999313354492,24.950000762939453,24.350000381469727,24.84000015258789,21.38348388671875,61755900,0.0,0.0
2020-07-31,24.93000030517578,24.950000762939453,24.459999084472656,24.8799991607666,21.41791534423828,61955800,0.0,0.0
2020-08-03,25.030000686645508,25.309999465942383,24.690000534057617,24.989999771118164,21.51260757446289,58284000,0.0,0.0
2020-08-04,24.959999084472656,25.059999465942383,24.860000610351562,25.010000228881836,21.529830932617188,37985300,0.0,0.0
2020-08-05,25.31999969482422,25.59000015258789,25.25,25.389999389648438,21.856950759887695,51322600,0.0,0.0
2020-08-06,25.450000762939453,25.670000076293945,25.280000686645508,25.469999313354492,21.92582130432129,51999700,0.0,0.0
2020-08-07,25.34000015258789,26.190000534057617,25.260000228881836,26.110000610351562,22.476762771606445,63354500,0.0,0.0
2020-08-10,26.309999465942383,26.809999465942383,26.209999084472656,26.559999465942383,22.864147186279297,64051100,0.0,0.0
2020-08-11,27.280000686645508,27.75,26.780000686645508,26.920000076293945,23.174049377441406,81441000,0.0,0.0
2020-08-12,27.479999542236328,27.56999969482422,26.40999984741211,26.729999542236328,23.01049041748047,61971300,0.0,0.0
2020-08-13,26.489999771118164,26.670000076293945,26.139999389648438,26.350000381469727,22.68337059020996,55955500,0.0,0.0
2020-08-14,26.059999465942383,26.65999984741211,25.920000076293945,26.469999313354492,22.786666870117188,50931900,0.0,0.0
2020-08-17,26.309999465942383,26.40999984741211,25.84000015258789,25.899999618530273,22.295984268188477,57518700,0.0,0.0
2020-08-18,25.8700008392334,25.989999771118164,25.459999084472656,25.530000686645508,21.97747230529785,45850100,0.0,0.0
2020-08-19,25.65999984741211,26.079999923706055,25.389999389648438,25.5,21.951644897460938,59856000,0.0,0.0
2020-08-20,25.15999984741211,25.329999923706055,25.020000457763672,25.100000381469727,21.6073055267334,49403700,0.0,0.0
2020-08-21,24.979999542236328,25.43000030517578,24.899999618530273,24.979999542236328,21.50400161743164,55010700,0.0,0.0
2020-08-24,25.219999313354492,25.700000762939453,25.040000915527344,25.690000534057617,22.11520767211914,54579500,0.0,0.0
2020-08-25,26.040000915527344,26.190000534057617,25.729999542236328,26.0,22.38207244873047,57304700,0.0,0.0
2020-08-26,25.940000534057617,25.940000534057617,25.540000915527344,25.559999465942383,22.003293991088867,39478000,0.0,0.0
2020-08-27,25.489999771118164,26.219999313354492,25.440000534057617,26.049999237060547,22.425111770629883,52934800,0.0,0.0
2020-08-28,26.399999618530273,26.469999313354492,25.989999771118164,26.299999237060547,22.640321731567383,46466400,0.0,0.0
2020-08-31,26.09000015258789,26.139999389648438,25.690000534057617,25.739999771118164,22.158248901367188,49416200,0.0,0.0
2020-09-01,25.579999923706055,25.899999618530273,25.399999618530273,25.709999084472656,22.132423400878906,46109200,0.0,0.0
2020-09-02,25.530000686645508,26.15999984741211,25.489999771118164,26.020000457763672,22.3992862701416,57300900,0.0,0.0
2020-09-03,26.200000762939453,26.6200008392334,25.459999084472656,25.65999984741211,22.243255615234375,86192500,0.18,0.0
2020-09-04,26.260000228881836,26.760000228881836,25.799999237060547,26.540000915527344,23.006080627441406,99621400,0.0,0.0
2020-09-08,26.139999389648438,26.31999969482422,25.389999389648438,25.479999542236328,22.08722496032715,74978600,0.0,0.0
2020-09-09,25.639999389648438,25.719999313354492,25.229999542236328,25.510000228881836,22.113231658935547,53822700,0.0,0.0
2020-09-10,25.700000762939453,25.889999389648438,25.079999923706055,25.139999389648438,21.792497634887695,56609600,0.0,0.0
2020-09-11,25.219999313354492,25.579999923706055,25.09000015258789,25.5,22.10455894470215,47708300,0.0,0.0
2020-09-14,25.670000076293945,25.989999771118164,25.540000915527344,25.75,22.32126808166504,47802400,0.0,0.0
2020-09-15,25.770000457763672,25.829999923706055,25.190000534057617,25.280000686645508,21.91385841369629,63820200,0.0,0.0
2020-09-16,25.280000686645508,25.90999984741211,25.049999237060547,25.600000381469727,22.191238403320312,64598600,0.0,0.0
2020-09-17,25.1299991607666,25.479999542236328,25.100000381469727,25.350000381469727,21.974538803100586,48862000,0.0,0.0
2020-09-18,25.149999618530273,25.579999923706055,25.100000381469727,25.209999084472656,21.853172302246094,94055800,0.0,0.0
2020-09-21,24.56999969482422,24.780000686645508,24.030000686645508,24.469999313354492,21.21170425415039,75218600,0.0,0.0
2020-09-22,24.270000457763672,24.600000381469727,23.809999465942383,23.940000534057617,20.752281188964844,68665300,0.0,0.0
2020-09-23,24.100000381469727,24.260000228881836,23.260000228881836,23.260000228881836,20.162822723388672,59950300,0.0,0.0
2020-09-24,23.3799991607666,23.81999969482422,22.950000762939453,23.34000015258789,20.232177734375,53570700,0.0,0.0
2020-09-25,23.280000686645508,23.549999237060547,23.1299991607666,23.489999771118164,20.362199783325195,42111300,0.0,0.0
2020-09-28,23.8799991607666,24.309999465942383,23.790000915527344,24.09000015258789,20.882305145263672,47996900,0.0,0.0
2020-09-29,23.979999542236328,23.989999771118164,23.530000686645508,23.770000457763672,20.60491371154785,45695200,0.0,0.0
2020-09-30,23.780000686645508,24.31999969482422,23.770000457763672,24.09000015258789,20.882305145263672,56226100,0.0,0.0
2020-10-01,24.270000457763672,24.40999984741211,23.860000610351562,24.100000381469727,20.89097785949707,44782200,0.0,0.0
2020-10-02,23.639999389648438,24.43000030517578,23.56999969482422,24.209999084472656,20.986328125,51682100,0.0,0.0
2020-10-05,24.520000457763672,24.709999084472656,24.3799991607666,24.6200008392334,21.34173583984375,44396800,0.0,0.0
2020-10-06,24.920000076293945,25.190000534057617,24.280000686645508,24.3700008392334,21.125022888183594,67541100,0.0,0.0
2020-10-07,24.6299991607666,25.110000610351562,24.600000381469727,24.8799991607666,21.567115783691406,47648000,0.0,0.0
2020-10-08,24.950000762939453,25.299999237060547,24.809999465942383,25.239999771118164,21.879179000854492,52080600,0.0,0.0
2020-10-09,25.34000015258789,25.489999771118164,25.040000915527344,25.360000610351562,21.983203887939453,44511500,0.0,0.0
2020-10-12,25.299999237060547,25.829999923706055,25.239999771118164,25.68000030517578,22.260589599609375,48362900,0.0,0.0
2020-10-13,25.639999389648438,25.68000030517578,24.84000015258789,24.950000762939453,21.62779426574707,61186900,0.0,0.0
2020-10-14,24.350000381469727,24.59000015258789,23.59000015258789,23.6200008392334,20.47489356994629,127409500,0.0,0.0
2020-10-15,23.59000015258789,24.200000762939453,23.479999542236328,24.149999618530273,20.9343204498291,66832400,0.0,0.0
2020-10-16,24.200000762939453,24.350000381469727,23.940000534057617,24.239999771118164,21.012332916259766,58357700,0.0,0.0
2020-10-19,24.299999237060547,24.31999969482422,23.690000534057617,23.719999313354492,20.56157875061035,51377900,0.0,0.0
2020-10-20,23.889999389648438,24.479999542236328,23.8799991607666,24.139999389648438,20.9256534576416,62476400,0.0,0.0
2020-10-21,24.219999313354492,24.34000015258789,24.010000228881836,24.049999237060547,20.847631454467773,41564900,0.0,0.0
2020-10-22,24.049999237060547,24.90999984741211,24.0,24.8700008392334,21.558446884155273,55402000,0.0,0.0
2020-10-23,25.239999771118164,25.260000228881836,24.709999084472656,24.899999618530273,21.58445167541504,51007400,0.0,0.0
2020-10-26,24.469999313354492,24.579999923706055,24.149999618530273,24.540000915527344,21.272390365600586,59450200,0.0,0.0
2020-10-27,24.290000915527344,24.389999389648438,23.809999465942383,23.850000381469727,20.674264907836914,55009300,0.0,0.0
2020-10-28,23.40999984741211,23.65999984741211,23.1200008392334,23.469999313354492,20.34486198425293,81942500,0.0,0.0
2020-10-29,23.360000610351562,23.75,23.1200008392334,23.540000915527344,20.405546188354492,57490400,0.0,0.0
2020-10-30,23.489999771118164,23.84000015258789,23.239999771118164,23.700000762939453,20.544240951538086,66453400,0.0,0.0
2020-11-02,23.889999389648438,24.260000228881836,23.469999313354492,24.079999923706055,20.873641967773438,59756400,0.0,0.0
2020-11-03,24.579999923706055,24.940000534057617,24.510000228881836,24.690000534057617,21.40241050720215,65106200,0.0,0.0
2020-11-04,23.889999389648438,24.139999389648438,23.270000457763672,23.68000030517578,20.526901245117188,88845500,0.0,0.0
2020-11-05,23.899999618530273,24.790000915527344,23.860000610351562,24.610000610351562,21.333072662353516,74722600,0.0,0.0
2020-11-06,24.93000030517578,24.959999084472656,24.229999542236328,24.309999465942383,21.07301139831543,55454500,0.0,0.0
2020-11-09,26.600000381469727,28.270000457763672,26.299999237060547,27.760000228881836,24.063629150390625,178378800,0.0,0.0
2020-11-10,27.489999771118164,27.760000228881836,27.18000030517578,27.65999984741211,23.976947784423828,77694600,0.0,0.0
2020-11-11,27.75,27.770000457763672,27.1200008392334,27.34000015258789,23.699552536010742,48360900,0.0,0.0
2020-11-12,26.84000015258789,26.899999618530273,26.309999465942383,26.690000534057617,23.136106491088867,67912600,0.0,0.0
2020-11-13,26.8799991607666,27.209999084472656,26.760000228881836,27.0,23.404829025268555,52421000,0.0,0.0
2020-11-16,27.860000610351562,28.0,27.18000030517578,27.579999923706055,23.907596588134766,57396700,0.0,0.0
2020-11-17,27.25,27.600000381469727,27.010000228881836,27.549999237060547,23.881587982177734,46402300,0.0,0.0
2020-11-18,27.6299991607666,27.93000030517578,26.959999084472656,26.979999542236328,23.387495040893555,54416700,0.0,0.0
2020-11-19,26.93000030517578,27.010000228881836,26.649999618530273,26.979999542236328,23.387495040893555,46423000,0.0,0.0
2020-11-20,26.739999771118164,26.950000762939453,26.6299991607666,26.809999465942383,23.240129470825195,40538000,0.0,0.0
2020-11-23,27.110000610351562,27.520000457763672,27.059999465942383,27.389999389648438,23.74289894104004,45421200,0.0,0.0
2020-11-24,27.93000030517578,28.989999771118164,27.920000076293945,28.979999542236328,25.12118148803711,80387800,0.0,0.0
2020-11-25,28.709999084472656,29.040000915527344,28.479999542236328,29.030000686645508,25.16452407836914,57249900,0.0,0.0
2020-11-27,28.969999313354492,29.100000381469727,28.809999465942383,28.989999771118164,25.129852294921875,25971600,0.0,0.0
2020-11-30,28.719999313354492,28.860000610351562,28.100000381469727,28.15999984741211,24.410369873046875,63567900,0.0,0.0
2020-12-01,28.739999771118164,29.040000915527344,28.670000076293945,28.690000534057617,24.86979866027832,50255100,0.0,0.0
2020-12-02,28.690000534057617,29.18000030517578,28.530000686645508,29.059999465942383,25.190528869628906,45257500,0.0,0.0
2020-12-03,28.940000534057617,29.100000381469727,28.6299991607666,28.90999984741211,25.216691970825195,54013700,0.18,0.0
2020-12-04,29.200000762939453,29.43000030517578,29.0,29.290000915527344,25.548154830932617,66188200,0.0,0.0
2020-12-07,28.899999618530273,29.149999618530273,28.690000534057617,29.09000015258789,25.37369728088379,42197800,0.0,0.0
2020-12-08,28.860000610351562,29.149999618530273,28.770000457763672,28.93000030517578,25.23413848876953,33869100,0.0,0.0
2020-12-09,29.25,29.25,28.75,28.799999237060547,25.120750427246094,54886300,0.0,0.0
2020-12-10,28.6299991607666,29.1299991607666,28.469999313354492,29.110000610351562,25.391145706176758,58859600,0.0,0.0
2020-12-11,28.68000030517578,28.75,28.299999237060547,28.56999969482422,24.92013168334961,40538400,0.0,0.0
2020-12-14,28.920000076293945,28.959999084472656,28.139999389648438,28.219999313354492,24.61484718322754,40267100,0.0,0.0
2020-12-15,28.350000381469727,28.81999969482422,28.25,28.639999389648438,24.98118782043457,43672700,0.0,0.0
2020-12-16,28.799999237060547,28.81999969482422,28.440000534057617,28.719999313354492,25.050966262817383,42463200,0.0,0.0
2020-12-17,28.709999084472656,28.920000076293945,28.530000686645508,28.829999923706055,25.146913528442383,43182700,0.0,0.0
2020-12-18,28.889999389648438,29.100000381469727,28.56999969482422,28.670000076293945,25.007356643676758,82817200,0.0,0.0
2020-12-21,29.100000381469727,29.989999771118164,28.729999542236328,29.739999771118164,25.940658569335938,93397400,0.0,0.0
2020-12-22,29.780000686645508,29.780000686645508,29.170000076293945,29.209999084472656,25.478368759155273,39054300,0.0,0.0
2020-12-23,29.389999389648438,30.350000381469727,29.329999923706055,30.049999237060547,26.211055755615234,52537200,0.0,0.0
2020-12-24,30.270000457763672,30.270000457763672,29.739999771118164,29.959999084472656,26.13255500793457,22632300,0.0,0.0
2020-12-28,30.229999542236328,30.549999237060547,29.989999771118164,30.1299991607666,26.28084373474121,32861200,0.0,0.0
2020-12-29,30.170000076293945,30.25,29.93000030517578,30.010000228881836,26.176166534423828,33291900,0.0,0.0
2020-12-30,30.0,30.219999313354492,29.940000534057617,29.979999542236328,26.149999618530273,26370100,0.0,0.0
2020-12-31,30.010000228881836,30.389999389648438,29.899999618530273,30.309999465942383,26.43783950805664,28716000,0.0,0.0
2021-01-04,30.459999084472656,30.56999969482422,29.75,30.030000686645508,26.193614959716797,51483900,0.0,0.0
2021-01-05,30.170000076293945,30.540000915527344,29.90999984741211,30.260000228881836,26.39423179626465,48507000,0.0,0.0
2021-01-06,31.899999618530273,32.619998931884766,31.360000610351562,32.150001525878906,28.04277992248535,107002800,0.0,0.0
2021-01-07,33.310001373291016,33.619998931884766,32.84000015258789,32.86000061035156,28.66207504272461,74358500,0.0,0.0
2021-01-08,32.91999816894531,33.0,32.11000061035156,32.529998779296875,28.374231338500977,44641400,0.0,0.0
2021-01-11,32.09000015258789,33.130001068115234,31.899999618530273,33.06999969482422,28.845252990722656,51868200,0.0,0.0
2021-01-12,33.41999816894531,33.970001220703125,33.20000076293945,33.65999984741211,29.35987091064453,68166200,0.0,0.0
2021-01-13,33.43000030517578,33.68000030517578,33.09000015258789,33.459999084472656,29.1854248046875,43172800,0.0,0.0
2021-01-14,33.47999954223633,34.369998931884766,33.41999816894531,33.9900016784668,29.64771842956543,48483500,0.0,0.0
2021-01-15,33.290000915527344,33.630001068115234,32.70000076293945,33.0099983215332,28.792917251586914,57684300,0.0,0.0
2021-01-19,32.5,33.599998474121094,32.20000076293945,32.77000045776367,28.583574295043945,78130200,0.0,0.0
2021-01-20,32.7599983215332,32.790000915527344,32.15999984741211,32.34000015258789,28.208505630493164,53920000,0.0,0.0
2021-01-21,32.34000015258789,32.47999954223633,31.729999542236328,31.770000457763672,27.711322784423828,49626600,0.0,0.0
2021-01-22,31.360000610351562,31.75,31.25,31.549999237060547,27.51943016052246,45314500,0.0,0.0
2021-01-25,31.270000457763672,31.299999237060547,30.56999969482422,31.15999984741211,27.179256439208984,48078400,0.0,0.0
2021-01-26,31.399999618530273,31.43000030517578,30.90999984741211,30.940000534057617,26.987361907958984,36373000,0.0,0.0
2021-01-27,30.309999465942383,30.43000030517578,29.670000076293945,29.829999923706055,26.019168853759766,63809200,0.0,0.0
2021-01-28,30.420000076293945,30.75,29.920000076293945,30.31999969482422,26.446563720703125,51223300,0.0,0.0
2021-01-29,30.399999618530273,30.5,29.59000015258789,29.649999618530273,25.862159729003906,64019100,0.0,0.0
2021-02-01,29.8700008392334,30.040000915527344,29.56999969482422,29.959999084472656,26.13255500793457,40985300,0.0,0.0
2021-02-02,30.579999923706055,31.200000762939453,30.540000915527344,31.030000686645508,27.065858840942383,53527000,0.0,0.0
2021-02-03,30.90999984741211,31.729999542236328,30.8799991607666,31.579999923706055,27.54559898376465,49404900,0.0,0.0
2021-02-04,31.799999237060547,32.529998779296875,31.780000686645508,32.5,28.34807014465332,51751900,0.0,0.0
2021-02-05,32.88999938964844,32.90999984741211,32.31999969482422,32.369998931884766,28.23467445373535,42008800,0.0,0.0
2021-02-08,32.43000030517578,33.279998779296875,32.400001525878906,33.09000015258789,28.86269187927246,46014100,0.0,0.0
2021-02-09,32.970001220703125,33.02000045776367,32.59000015258789,32.95000076293945,28.74057960510254,35868600,0.0,0.0
2021-02-10,33.119998931884766,33.41999816894531,32.86000061035156,32.97999954223633,28.766742706298828,45031900,0.0,0.0
2021-02-11,32.970001220703125,33.310001373291016,32.54999923706055,32.880001068115234,28.67952537536621,29479900,0.0,0.0
2021-02-12,33.0,33.45000076293945,32.90999984741211,33.369998931884766,29.1069278717041,37468300,0.0,0.0
2021-02-16,33.97999954223633,34.560001373291016,33.70000076293945,34.27000045776367,29.891948699951172,52802600,0.0,0.0
2021-02-17,34.040000915527344,34.560001373291016,33.790000915527344,34.40999984741211,30.014053344726562,45455300,0.0,0.0
2021-02-18,34.060001373291016,34.650001525878906,34.02000045776367,34.189998626708984,29.822174072265625,37541700,0.0,0.0
2021-02-19,34.20000076293945,34.72999954223633,34.18000030517578,34.540000915527344,30.12745475769043,54514100,0.0,0.0
2021-02-22,34.45000076293945,35.25,34.40999984741211,35.150001525878906,30.659523010253906,56783400,0.0,0.0
2021-02-23,35.41999816894531,35.88999938964844,35.13999938964844,35.52000045776367,30.982257843017578,67440700,0.0,0.0
2021-02-24,35.7400016784668,36.52000045776367,35.599998474121094,36.380001068115234,31.732385635375977,58139500,0.0,0.0
2021-02-25,36.959999084472656,37.029998779296875,35.7599983215332,35.93000030517578,31.33988380432129,74762000,0.0,0.0
2021-02-26,35.72999954223633,36.029998779296875,34.68000030517578,34.709999084472656,30.27573585510254,70933300,0.0,0.0
2021-03-01,35.52000045776367,36.04999923706055,35.2400016784668,35.790000915527344,31.2177677154541,45901700,0.0,0.0
2021-03-02,35.650001525878906,35.939998626708984,35.5,35.529998779296875,30.990978240966797,41167400,0.0,0.0
2021-03-03,35.970001220703125,36.970001220703125,35.84000015258789,36.41999816894531,31.76727294921875,66047000,0.0,0.0
2021-03-04,36.13999938964844,36.869998931884766,35.91999816894531,36.5,31.995193481445312,96512800,0.18,0.0
2021-03-05,37.029998779296875,37.599998474121094,36.16999816894531,36.93000030517578,32.37212371826172,74292300,0.0,0.0
2021-03-08,37.380001068115234,37.72999954223633,36.81999969482422,37.130001068115234,32.54743957519531,65335500,0.0,0.0
2021-03-09,36.54999923706055,37.15999984741211,35.810001373291016,36.31999969482422,31.837411880493164,63946000,0.0,0.0
2021-03-10,36.540000915527344,37.529998779296875,36.369998931884766,37.369998931884766,32.757808685302734,53365600,0.0,0.0
2021-03-11,37.27000045776367,37.790000915527344,36.849998474121094,37.2400016784668,32.64386749267578,45834000,0.0,0.0
2021-03-12,37.91999816894531,38.18000030517578,37.58000183105469,37.939998626708984,33.257476806640625,46069600,0.0,0.0
2021-03-15,38.029998779296875,38.06999969482422,37.220001220703125,37.75,33.090919494628906,50131600,0.0,0.0
2021-03-16,37.41999816894531,37.720001220703125,36.970001220703125,37.63999938964844,32.994503021240234,50300400,0.0,0.0
2021-03-17,38.0,38.36000061035156,37.33000183105469,37.95000076293945,33.266239166259766,63796000,0.0,0.0
2021-03-18,38.5099983215332,39.970001220703125,38.41999816894531,38.939998626708984,34.1340446472168,95439700,0.0,0.0
2021-03-19,38.290000915527344,38.91999816894531,37.529998779296875,38.529998779296875,33.7746467590332,106252700,0.0,0.0
2021-03-22,38.08000183105469,38.380001068115234,37.400001525878906,37.65999984741211,33.01201629638672,54701300,0.0,0.0
2021-03-23,37.36000061035156,37.81999969482422,36.779998779296875,36.900001525878906,32.345829010009766,49838000,0.0,0.0
2021-03-24,37.209999084472656,37.790000915527344,36.88999938964844,36.900001525878906,32.345829010009766,43896800,0.0,0.0
2021-03-25,36.869998931884766,37.75,36.630001068115234,37.65999984741211,33.01201629638672,47517900,0.0,0.0
2021-03-26,38.349998474121094,38.7599983215332,38.08000183105469,38.68000030517578,33.906131744384766,66846000,0.0,0.0
2021-03-29,38.04999923706055,38.630001068115234,37.86000061035156,38.310001373291016,33.58180618286133,45680000,0.0,0.0
2021-03-30,38.630001068115234,39.459999084472656,38.630001068115234,38.9900016784668,34.177879333496094,56705900,0.0,0.0
2021-03-31,38.619998931884766,38.9900016784668,38.459999084472656,38.689998626708984,33.91490173339844,49270000,0.0,0.0
2021-04-01,38.83000183105469,39.52000045776367,38.720001220703125,39.4900016784668,34.61616516113281,65587000,0.0,0.0
2021-04-05,40.0,40.279998779296875,39.599998474121094,39.79999923706055,34.88791275024414,50328500,0.0,0.0
2021-04-06,39.529998779296875,40.150001525878906,39.459999084472656,39.689998626708984,34.791473388671875,42590100,0.0,0.0
2021-04-07,39.77000045776367,40.150001525878906,39.59000015258789,40.04999923706055,35.107051849365234,43136400,0.0,0.0
2021-04-08,39.79999923706055,39.849998474121094,39.220001220703125,39.70000076293945,34.80025100708008,45285900,0.0,0.0
2021-04-09,39.90999984741211,40.18000030517578,39.5099983215332,39.9900016784668,35.05445861816406,45872900,0.0,0.0
2021-04-12,39.9900016784668,40.380001068115234,39.849998474121094,40.060001373291016,35.115821838378906,45544600,0.0,0.0
2021-04-13,39.810001373291016,39.81999969482422,39.20000076293945,39.31999969482422,34.46714401245117,46770400,0.0,0.0
2021-04-14,38.97999954223633,40.33000183105469,38.91999816894531,39.880001068115234,34.95803451538086,52023800,0.0,0.0
2021-04-15,39.72999954223633,39.84000015258789,38.04999923706055,38.7400016784668,33.9587287902832,118128900,0.0,0.0
2021-04-16,39.310001373291016,39.41999816894531,38.90999984741211,39.150001525878906,34.31813430786133,60633400,0.0,0.0
2021-04-19,39.38999938964844,39.43000030517578,39.029998779296875,39.16999816894531,34.335662841796875,42321100,0.0,0.0
2021-04-20,39.0,39.0,37.88999938964844,38.08000183105469,33.38019561767578,50834100,0.0,0.0
2021-04-21,37.75,38.779998779296875,37.40999984741211,38.720001220703125,33.94120407104492,37851800,0.0,0.0
2021-04-22,38.75,38.77000045776367,38.16999816894531,38.36000061035156,33.625640869140625,48093400,0.0,0.0
2021-04-23,38.31999969482422,39.34000015258789,38.220001220703125,39.18000030517578,34.344425201416016,48674100,0.0,0.0
2021-04-26,39.349998474121094,39.849998474121094,39.279998779296875,39.40999984741211,34.546051025390625,34699800,0.0,0.0
2021-04-27,39.66999816894531,39.91999816894531,39.5099983215332,39.880001068115234,34.95803451538086,34304800,0.0,0.0
2021-04-28,39.93000030517578,40.220001220703125,39.880001068115234,40.029998779296875,35.08951950073242,34084400,0.0,0.0
2021-04-29,40.54999923706055,41.130001068115234,40.459999084472656,41.11000061035156,36.03622817993164,44008700,0.0,0.0
2021-04-30,40.84000015258789,40.900001525878906,40.470001220703125,40.529998779296875,35.527809143066406,39203400,0.0,0.0
2021-05-03,40.869998931884766,41.04999923706055,40.41999816894531,40.560001373291016,35.554107666015625,41940500,0.0,0.0
2021-05-04,40.2400016784668,41.08000183105469,39.779998779296875,41.0,35.9398078918457,53880000,0.0,0.0
2021-05-05,41.20000076293945,41.560001373291016,40.7599983215332,41.38999938964844,36.28167724609375,37471100,0.0,0.0
2021-05-06,41.47999954223633,42.060001373291016,41.2400016784668,42.0099983215332,36.82514572143555,39044400,0.0,0.0
2021-05-07,41.130001068115234,42.25,41.11000061035156,42.18000030517578,36.97417068481445,39249200,0.0,0.0
2021-05-10,42.5,42.939998626708984,42.029998779296875,42.04999923706055,36.86021041870117,41271500,0.0,0.0
2021-05-11,41.54999923706055,42.34000015258789,41.34000015258789,41.56999969482422,36.43946075439453,42964700,0.0,0.0
2021-05-12,42.380001068115234,42.560001373291016,41.040000915527344,41.18000030517578,36.09757995605469,47533000,0.0,0.0
2021-05-13,40.86000061035156,42.09000015258789,40.779998779296875,41.84000015258789,36.6761360168457,42026100,0.0,0.0
2021-05-14,42.060001373291016,42.47999954223633,41.91999816894531,42.36000061035156,37.1319580078125,30932600,0.0,0.0
2021-05-17,42.2400016784668,42.849998474121094,42.15999984741211,42.7400016784668,37.46506118774414,32656400,0.0,0.0
2021-05-18,42.70000076293945,42.95000076293945,42.13999938964844,42.15999984741211,36.956634521484375,37880300,0.0,0.0
2021-05-19,41.650001525878906,42.0,41.310001373291016,41.970001220703125,36.79008483886719,42672800,0.0,0.0
2021-05-20,41.900001525878906,42.130001068115234,41.459999084472656,41.869998931884766,36.702430725097656,36871100,0.0,0.0
2021-05-21,42.02000045776367,42.599998474121094,41.88999938964844,42.400001525878906,37.167015075683594,40243800,0.0,0.0
2021-05-24,42.58000183105469,42.779998779296875,42.25,42.630001068115234,37.36863327026367,31390800,0.0,0.0
2021-05-25,42.689998626708984,43.2599983215332,41.93000030517578,42.0099983215332,36.82514572143555,52657700,0.0,0.0
2021-05-26,42.02000045776367,42.25,41.65999984741211,42.040000915527344,36.851444244384766,41332800,0.0,0.0
2021-05-27,42.47999954223633,42.849998474121094,42.119998931884766,42.54999923706055,37.29850387573242,52981100,0.0,0.0
2021-05-28,42.65999984741211,42.709999084472656,42.04999923706055,42.38999938964844,37.15825271606445,38509700,0.0,0.0
2021-06-01,42.95000076293945,43.279998779296875,42.77000045776367,42.91999816894531,37.62283706665039,42890700,0.0,0.0
2021-06-02,43.099998474121094,43.16999816894531,42.599998474121094,42.939998626708984,37.6403694152832,34180500,0.0,0.0
2021-06-03,42.77000045776367,43.4900016784668,42.68000030517578,43.25,38.07170486450195,46981200,0.18,0.0
2021-06-04,43.2400016784668,43.38999938964844,42.83000183105469,43.27000045776367,38.089317321777344,37192600,0.0,0.0
2021-06-07,43.27000045776367,43.38999938964844,43.060001373291016,43.119998931884766,37.9572639465332,28401900,0.0,0.0
2021-06-08,42.86000061035156,43.2400016784668,42.43000030517578,42.880001068115234,37.74599838256836,41871400,0.0,0.0
2021-06-09,42.470001220703125,42.72999954223633,42.11000061035156,42.31999969482422,37.25304412841797,42366300,0.0,0.0
2021-06-10,42.7599983215332,42.959999084472656,41.619998931884766,41.689998626708984,36.69847869873047,40123600,0.0,0.0
2021-06-11,41.810001373291016,41.88999938964844,41.5099983215332,41.86000061035156,36.84812927246094,31203600,0.0,0.0
2021-06-14,41.849998474121094,41.90999984741211,41.060001373291016,41.36000061035156,36.40799331665039,36050700,0.0,0.0
2021-06-15,41.279998779296875,41.560001373291016,40.900001525878906,41.38999938964844,36.43439865112305,39247900,0.0,0.0
2021-06-16,41.279998779296875,41.9900016784668,40.66999816894531,41.619998931884766,36.636863708496094,63859100,0.0,0.0
2021-06-17,42.02000045776367,42.099998474121094,39.720001220703125,39.79999923706055,35.03476333618164,80728200,0.0,0.0
2021-06-18,39.0099983215332,39.29999923706055,38.4900016784668,38.779998779296875,34.136898040771484,102774200,0.0,0.0
2021-06-21,39.119998931884766,39.779998779296875,39.029998779296875,39.75,34.99075698852539,48119400,0.0,0.0
2021-06-22,39.880001068115234,40.2599983215332,39.279998779296875,39.970001220703125,35.184410095214844,44113200,0.0,0.0
2021-06-23,40.15999984741211,40.41999816894531,40.06999969482422,40.20000076293945,35.386878967285156,32039900,0.0,0.0
2021-06-24,40.439998626708984,41.0099983215332,40.18000030517578,40.83000183105469,35.941444396972656,37161800,0.0,0.0
2021-06-25,41.27000045776367,41.83000183105469,40.84000015258789,41.619998931884766,36.636863708496094,53178800,0.0,0.0
2021-06-28,41.459999084472656,41.58000183105469,41.099998474121094,41.560001373291016,36.584049224853516,34416500,0.0,0.0
2021-06-29,41.630001068115234,41.95000076293945,40.75,40.88999938964844,35.9942626953125,38519600,0.0,0.0
2021-06-30,40.7599983215332,41.36000061035156,40.720001220703125,41.22999954223633,36.293556213378906,29159800,0.0,0.0
2021-07-01,41.560001373291016,41.70000076293945,41.209999084472656,41.540000915527344,36.56644821166992,28045100,0.0,0.0
2021-07-02,41.369998931884766,41.470001220703125,41.099998474121094,41.150001525878906,36.22313690185547,28980800,0.0,0.0
2021-07-06,40.810001373291016,40.880001068115234,39.869998931884766,40.06999969482422,35.272438049316406,47578700,0.0,0.0
2021-07-07,39.56999969482422,40.0,39.36000061035156,39.75,34.99075698852539,43499900,0.0,0.0
2021-07-08,38.619998931884766,39.2400016784668,38.47999954223633,38.779998779296875,34.136898040771484,52793100,0.0,0.0
2021-07-09,39.650001525878906,40.2400016784668,39.400001525878906,40.040000915527344,35.24604034423828,43887200,0.0,0.0
2021-07-12,39.790000915527344,40.810001373291016,39.63999938964844,40.630001068115234,35.7653923034668,42624500,0.0,0.0
2021-07-13,40.47999954223633,40.47999954223633,39.58000183105469,39.86000061035156,35.087589263916016,54338100,0.0,0.0
2021-07-14,39.11000061035156,39.54999923706055,37.790000915527344,38.86000061035156,34.20732116699219,105651700,0.0,0.0
2021-07-15,38.38999938964844,39.33000183105469,38.31999969482422,38.83000183105469,34.180904388427734,54697300,0.0,0.0
2021-07-16,39.220001220703125,39.290000915527344,37.59000015258789,37.91999816894531,33.379852294921875,60469700,0.0,0.0
2021-07-19,36.75,37.25,36.5099983215332,36.93000030517578,32.50839614868164,83251500,0.0,0.0
2021-07-20,36.86000061035156,38.119998931884766,36.61000061035156,37.689998626708984,33.177398681640625,59462900,0.0,0.0
2021-07-21,38.04999923706055,38.77000045776367,37.97999954223633,38.459999084472656,33.8552131652832,49907400,0.0,0.0
2021-07-22,38.36000061035156,38.400001525878906,37.68000030517578,37.959999084472656,33.415069580078125,52715600,0.0,0.0
2021-07-23,38.20000076293945,38.27000045776367,37.560001373291016,37.70000076293945,33.18620300292969,48659400,0.0,0.0
2021-07-26,37.65999984741211,38.2400016784668,37.65999984741211,38.130001068115234,33.5647087097168,32258000,0.0,0.0
2021-07-27,37.720001220703125,38.2400016784668,37.459999084472656,37.97999954223633,33.43267822265625,39121400,0.0,0.0
2021-07-28,38.189998626708984,38.5,37.75,38.130001068115234,33.5647087097168,43331100,0.0,0.0
2021-07-29,38.54999923706055,38.97999954223633,38.369998931884766,38.68000030517578,34.048866271972656,43039100,0.0,0.0
2021-07-30,38.5099983215332,38.83000183105469,38.04999923706055,38.36000061035156,33.76718521118164,46210100,0.0,0.0
2021-08-02,38.400001525878906,38.95000076293945,37.90999984741211,37.959999084472656,33.415069580078125,49894000,0.0,0.0
2021-08-03,38.060001373291016,38.630001068115234,37.54999923706055,38.54999923706055,33.93442916870117,39680600,0.0,0.0
2021-08-04,38.029998779296875,38.77000045776367,37.86000061035156,38.27000045776367,33.68795394897461,42289800,0.0,0.0
2021-08-05,38.56999969482422,39.060001373291016,38.54999923706055,39.02000045776367,34.3481559753418,34754500,0.0,0.0
2021-08-06,39.470001220703125,40.40999984741211,39.470001220703125,40.150001525878906,35.34286117553711,58022300,0.0,0.0
2021-08-09,40.04999923706055,40.959999084472656,39.79999923706055,40.66999816894531,35.80060958862305,56340100,0.0,0.0
2021-08-10,40.709999084472656,41.619998931884766,40.58000183105469,41.43000030517578,36.4696044921875,44987300,0.0,0.0
2021-08-11,41.599998474121094,42.189998626708984,41.47999954223633,41.95000076293945,36.92735290527344,58458200,0.0,0.0
2021-08-12,42.22999954223633,42.290000915527344,41.77000045776367,42.150001525878906,37.1034049987793,37400100,0.0,0.0
2021-08-13,42.09000015258789,42.22999954223633,41.43000030517578,41.630001068115234,36.64566421508789,41344900,0.0,0.0
2021-08-16,41.15999984741211,41.29999923706055,40.61000061035156,41.290000915527344,36.34637451171875,38599100,0.0,0.0
2021-08-17,41.04999923706055,41.56999969482422,40.619998931884766,41.09000015258789,36.17031478881836,43526900,0.0,0.0
2021-08-18,40.77000045776367,41.529998779296875,40.65999984741211,40.790000915527344,35.9062385559082,50342500,0.0,0.0
2021-08-19,40.119998931884766,40.66999816894531,40.0099983215332,40.189998626708984,35.378074645996094,51883900,0.0,0.0
2021-08-20,40.09000015258789,40.470001220703125,39.90999984741211,40.369998931884766,35.53651428222656,40415000,0.0,0.0
2021-08-23,40.630001068115234,41.099998474121094,40.599998474121094,40.90999984741211,36.011871337890625,35364500,0.0,0.0
2021-08-24,41.099998474121094,41.68000030517578,41.040000915527344,41.47999954223633,36.51362991333008,35579300,0.0,0.0
2021-08-25,41.65999984741211,42.45000076293945,41.540000915527344,42.150001525878906,37.1034049987793,51219900,0.0,0.0
2021-08-26,42.5,42.84000015258789,42.02000045776367,42.040000915527344,37.00657653808594,41184500,0.0,0.0
2021-08-27,42.119998931884766,42.650001525878906,41.939998626708984,42.4900016784668,37.4026985168457,46468600,0.0,0.0
2021-08-30,42.630001068115234,42.630001068115234,41.630001068115234,41.65999984741211,36.67206954956055,44855600,0.0,0.0
2021-08-31,41.66999816894531,42.06999969482422,41.36000061035156,41.75,36.75130081176758,54654600,0.0,0.0
2021-09-01,41.75,41.779998779296875,41.029998779296875,41.189998626708984,36.25835418701172,52361900,0.0,0.0
2021-09-02,41.11000061035156,41.4900016784668,40.63999938964844,41.02000045776367,36.293731689453125,44538900,0.21,0.0
2021-09-03,41.02000045776367,41.189998626708984,40.68000030517578,41.04999923706055,36.320289611816406,41812400,0.0,0.0
2021-09-07,41.25,41.849998474121094,41.18000030517578,41.31999969482422,36.55917739868164,43748600,0.0,0.0
2021-09-08,41.08000183105469,41.4900016784668,40.68000030517578,40.779998779296875,36.081390380859375,36064400,0.0,0.0
2021-09-09,40.65999984741211,41.349998474121094,40.560001373291016,40.93000030517578,36.2140998840332,36266400,0.0,0.0
2021-09-10,41.220001220703125,41.349998474121094,40.2400016784668,40.27000045776367,35.6301383972168,40514700,0.0,0.0
2021-09-13,40.599998474121094,40.959999084472656,40.349998474121094,40.939998626708984,36.222957611083984,42036300,0.0,0.0
2021-09-14,41.130001068115234,41.310001373291016,39.65999984741211,39.84000015258789,35.24969482421875,53820400,0.0,0.0
2021-09-15,39.72999954223633,40.34000015258789,39.66999816894531,40.13999938964844,35.51512908935547,52358200,0.0,0.0
2021-09-16,40.47999954223633,40.810001373291016,40.20000076293945,40.45000076293945,35.78941345214844,42922000,0.0,0.0
2021-09-17,40.34000015258789,40.66999816894531,40.08000183105469,40.5,35.833648681640625,92746000,0.0,0.0
2021-09-20,39.380001068115234,39.459999084472656,38.36000061035156,39.11000061035156,34.60380935668945,67566200,0.0,0.0
2021-09-21,39.27000045776367,39.599998474121094,38.939998626708984,39.130001068115234,34.62150573730469,38271100,0.0,0.0
2021-09-22,39.75,40.52000045776367,39.75,40.13999938964844,35.51512908935547,46261400,0.0,0.0
2021-09-23,40.7599983215332,41.880001068115234,40.650001525878906,41.689998626708984,36.886539459228516,49779800,0.0,0.0
2021-09-24,41.720001220703125,42.34000015258789,41.650001525878906,42.13999938964844,37.28468704223633,39042300,0.0,0.0
2021-09-27,42.68000030517578,43.43000030517578,42.63999938964844,43.2599983215332,38.27564239501953,49755400,0.0,0.0
2021-09-28,43.43000030517578,44.040000915527344,43.060001373291016,43.15999984741211,38.187171936035156,60781200,0.0,0.0
2021-09-29,43.18000030517578,43.31999969482422,42.7400016784668,43.06999969482422,38.10753631591797,44260200,0.0,0.0
2021-09-30,43.349998474121094,43.349998474121094,42.22999954223633,42.45000076293945,37.558982849121094,47410800,0.0,0.0
2021-10-01,42.47999954223633,43.43000030517578,42.38999938964844,43.08000183105469,38.116390228271484,40987100,0.0,0.0
2021-10-04,43.11000061035156,44.06999969482422,43.06999969482422,43.34000015258789,38.34642791748047,48273400,0.0,0.0
2021-10-05,43.77000045776367,44.75,43.66999816894531,44.220001220703125,39.12504196166992,54070700,0.0,0.0
2021-10-06,43.849998474121094,44.290000915527344,43.54999923706055,44.2400016784668,39.14273452758789,47031700,0.0,0.0
2021-10-07,44.790000915527344,44.869998931884766,44.029998779296875,44.119998931884766,39.03656005859375,46258800,0.0,0.0
2021-10-08,44.06999969482422,44.810001373291016,43.91999816894531,44.34000015258789,39.23120880126953,39389400,0.0,0.0
2021-10-11,44.599998474121094,44.810001373291016,43.75,43.779998779296875,38.735740661621094,36283500,0.0,0.0
2021-10-12,43.66999816894531,44.0,43.27000045776367,43.540000915527344,38.52338409423828,36898300,0.0,0.0
2021-10-13,43.54999923706055,43.63999938964844,42.33000183105469,43.13999938964844,38.16947555541992,43908000,0.0,0.0
2021-10-14,44.369998931884766,45.099998474121094,43.47999954223633,45.06999969482422,39.877098083496094,82201000,0.0,0.0
2021-10-15,45.77000045776367,46.66999816894531,45.36000061035156,46.369998931884766,41.02731704711914,64264900,0.0,0.0
2021-10-18,46.290000915527344,46.88999938964844,46.029998779296875,46.279998779296875,40.94769287109375,49542500,0.0,0.0
2021-10-19,46.5,46.630001068115234,46.20000076293945,46.47999954223633,41.124637603759766,32515500,0.0,0.0
2021-10-20,46.4900016784668,47.2400016784668,46.04999923706055,47.09000015258789,41.66435623168945,40411000,0.0,0.0
2021-10-21,47.099998474121094,47.47999954223633,46.61000061035156,46.83000183105469,41.43431854248047,36848600,0.0,0.0
2021-10-22,46.9900016784668,47.619998931884766,46.9900016784668,47.56999969482422,42.08905792236328,36225600,0.0,0.0
2021-10-25,47.79999923706055,47.97999954223633,47.20000076293945,47.5099983215332,42.03596878051758,31679500,0.0,0.0
2021-10-26,47.65999984741211,48.43000030517578,47.439998626708984,47.959999084472656,42.434120178222656,35674800,0.0,0.0
2021-10-27,47.47999954223633,48.16999816894531,47.029998779296875,47.040000915527344,41.620113372802734,45790800,0.0,0.0
2021-10-28,47.59000015258789,48.0,47.29999923706055,47.779998779296875,42.27486038208008,37209600,0.0,0.0
2021-10-29,47.75,48.130001068115234,47.52000045776367,47.779998779296875,42.27486038208008,31756200,0.0,0.0
2021-11-01,48.099998474121094,48.16999816894531,47.279998779296875,47.849998474121094,42.33679962158203,36937200,0.0,0.0
2021-11-02,47.56999969482422,48.41999816894531,47.349998474121094,47.880001068115234,42.36333465576172,36283400,0.0,0.0
2021-11-03,47.79999923706055,48.689998626708984,47.61000061035156,48.369998931884766,42.796875,42553000,0.0,0.0
2021-11-04,48.150001525878906,48.150001525878906,46.880001068115234,47.33000183105469,41.876708984375,47646300,0.0,0.0
2021-11-05,47.599998474121094,47.81999969482422,46.81999969482422,46.970001220703125,41.558189392089844,38271200,0.0,0.0
2021-11-08,47.349998474121094,47.79999923706055,47.25,47.34000015258789,41.885562896728516,33815500,0.0,0.0
2021-11-09,46.650001525878906,47.36000061035156,46.40999984741211,46.880001068115234,41.478553771972656,36900300,0.0,0.0
2021-11-10,46.75,47.52000045776367,46.650001525878906,47.22999954223633,41.78822326660156,39385600,0.0,0.0
2021-11-11,47.310001373291016,47.88999938964844,47.0099983215332,47.4900016784668,42.018272399902344,31194800,0.0,0.0
2021-11-12,47.5099983215332,47.529998779296875,46.7599983215332,46.90999984741211,41.505104064941406,44268500,0.0,0.0
2021-11-15,47.2599983215332,47.38999938964844,46.900001525878906,47.04999923706055,41.628971099853516,35335500,0.0,0.0
2021-11-16,47.18000030517578,47.279998779296875,46.689998626708984,47.08000183105469,41.655517578125,35120800,0.0,0.0
2021-11-17,47.08000183105469,47.20000076293945,46.45000076293945,46.5099983215332,41.151180267333984,32963700,0.0,0.0
2021-11-18,46.709999084472656,46.810001373291016,46.209999084472656,46.31999969482422,40.98308181762695,30639000,0.0,0.0
2021-11-19,45.70000076293945,45.77000045776367,44.83000183105469,45.400001525878906,40.1690788269043,48429500,0.0,0.0
2021-11-22,46.720001220703125,46.869998931884766,45.90999984741211,46.279998779296875,40.94769287109375,53697100,0.0,0.0
2021-11-23,46.869998931884766,47.650001525878906,46.66999816894531,47.5,42.02711868286133,49362900,0.0,0.0
2021-11-24,47.41999816894531,47.97999954223633,47.209999084472656,47.630001068115234,42.14213943481445,40060000,0.0,0.0
2021-11-26,45.52000045776367,46.040000915527344,44.75,45.7599983215332,40.48759841918945,55110100,0.0,0.0
2021-11-29,46.41999816894531,46.70000076293945,45.16999816894531,45.59000015258789,40.337196350097656,50231100,0.0,0.0
2021-11-30,44.7599983215332,45.220001220703125,44.36000061035156,44.470001220703125,39.34623336791992,77193600,0.0,0.0
2021-12-01,45.220001220703125,45.70000076293945,43.810001373291016,43.84000015258789,38.788818359375,60601600,0.0,0.0
2021-12-02,44.33000183105469,45.5,44.0,44.88999938964844,39.90900802612305,57821400,0.21,0.0
2021-12-03,45.0,45.06999969482422,43.599998474121094,43.869998931884766,39.00218963623047,74605300,0.0,0.0
2021-12-06,44.560001373291016,44.880001068115234,43.959999084472656,44.150001525878906,39.25112533569336,48193100,0.0,0.0
2021-12-07,44.560001373291016,44.90999984741211,44.43000030517578,44.709999084472656,39.748992919921875,40740800,0.0,0.0
2021-12-08,44.68000030517578,44.79999923706055,44.09000015258789,44.15999984741211,39.26001739501953,50560300,0.0,0.0
2021-12-09,43.90999984741211,44.72999954223633,43.650001525878906,44.4900016784668,39.55340576171875,37316700,0.0,0.0
2021-12-10,44.709999084472656,44.83000183105469,44.06999969482422,44.52000045776367,39.58007049560547,37700200,0.0,0.0
2021-12-13,44.27000045776367,44.400001525878906,43.38999938964844,43.58000183105469,38.74436569213867,38653900,0.0,0.0
2021-12-14,43.59000015258789,44.81999969482422,43.529998779296875,44.130001068115234,39.23333740234375,47099400,0.0,0.0
2021-12-15,44.369998931884766,44.45000076293945,43.619998931884766,43.939998626708984,39.06442642211914,60057100,0.0,0.0
2021-12-16,44.70000076293945,45.36000061035156,44.09000015258789,45.0,40.006805419921875,69487200,0.0,0.0
2021-12-17,44.5,44.70000076293945,43.619998931884766,43.880001068115234,39.011085510253906,124242400,0.0,0.0
2021-12-20,43.27000045776367,43.36000061035156,42.70000076293945,43.15999984741211,38.37096405029297,56455200,0.0,0.0
2021-12-21,43.540000915527344,44.47999954223633,43.540000915527344,44.189998626708984,39.28667449951172,47845600,0.0,0.0
2021-12-22,44.08000183105469,44.58000183105469,43.880001068115234,44.279998779296875,39.3666877746582,35715700,0.0,0.0
2021-12-23,44.68000030517578,45.06999969482422,44.400001525878906,44.41999816894531,39.49116134643555,34053500,0.0,0.0
2021-12-27,44.54999923706055,44.81999969482422,44.310001373291016,44.63999938964844,39.686744689941406,33879200,0.0,0.0
2021-12-28,44.470001220703125,45.08000183105469,44.41999816894531,44.70000076293945,39.74009323120117,32492400,0.0,0.0
2021-12-29,44.849998474121094,45.119998931884766,44.599998474121094,44.630001068115234,39.6778564453125,25294900,0.0,0.0
2021-12-30,44.75,45.099998474121094,44.47999954223633,44.529998779296875,39.58895492553711,23852200,0.0,0.0
2021-12-31,44.52000045776367,44.720001220703125,44.279998779296875,44.4900016784668,39.55340576171875,24253900,0.0,0.0
2022-01-03,45.09000015258789,46.4900016784668,44.97999954223633,46.18000030517578,41.05587387084961,58587900,0.0,0.0
2022-01-04,47.060001373291016,48.43000030517578,47.040000915527344,47.9900016784668,42.66503143310547,74606700,0.0,0.0
2022-01-05,48.13999938964844,48.369998931884766,47.15999984741211,47.18000030517578,41.944915771484375,57791600,0.0,0.0
2022-01-06,47.97999954223633,48.15999984741211,47.189998626708984,48.130001068115234,42.78950881958008,52040900,0.0,0.0
2022-01-07,48.150001525878906,49.310001373291016,48.060001373291016,49.18000030517578,43.72299575805664,59082600,0.0,0.0
2022-01-10,49.90999984741211,50.08000183105469,48.34000015258789,48.93000030517578,43.500732421875,66839500,0.0,0.0
2022-01-11,48.9900016784668,49.25,48.63999938964844,49.209999084472656,43.749664306640625,40454400,0.0,0.0
2022-01-12,49.16999816894531,49.380001068115234,48.68000030517578,48.86000061035156,43.438507080078125,41378000,0.0,0.0
2022-01-13,48.91999816894531,49.4900016784668,48.630001068115234,48.7599983215332,43.34959030151367,46337500,0.0,0.0
2022-01-14,47.52000045776367,48.22999954223633,47.189998626708984,47.90999984741211,42.59391784667969,72953300,0.0,0.0
2022-01-18,47.849998474121094,47.91999816894531,46.04999923706055,46.2599983215332,41.12699508666992,65877400,0.0,0.0
2022-01-19,48.38999938964844,48.58000183105469,46.349998474121094,46.439998626708984,41.287025451660156,84451800,0.0,0.0
2022-01-20,46.689998626708984,47.04999923706055,45.65999984741211,45.75,40.673583984375,46265300,0.0,0.0
2022-01-21,45.56999969482422,46.02000045776367,44.65999984741211,44.91999816894531,39.93567657470703,71303600,0.0,0.0
2022-01-24,43.900001525878906,44.689998626708984,42.59000015258789,44.54999923706055,39.60673141479492,90672700,0.0,0.0
2022-01-25,44.290000915527344,45.56999969482422,43.83000183105469,45.43000030517578,40.389095306396484,73555300,0.0,0.0
2022-01-26,45.779998779296875,46.459999084472656,45.2599983215332,45.900001525878906,40.806941986083984,63735800,0.0,0.0
2022-01-27,46.369998931884766,46.75,45.09000015258789,45.470001220703125,40.424652099609375,63402400,0.0,0.0
2022-01-28,45.33000183105469,45.88999938964844,44.45000076293945,45.869998931884766,40.7802619934082,51048300,0.0,0.0
2022-01-31,45.52000045776367,46.27000045776367,45.220001220703125,46.13999938964844,41.02030563354492,44793700,0.0,0.0
2022-02-01,46.209999084472656,47.099998474121094,45.900001525878906,46.939998626708984,41.73154067993164,40326600,0.0,0.0
2022-02-02,46.720001220703125,46.959999084472656,46.29999923706055,46.88999938964844,41.68709182739258,41125600,0.0,0.0
2022-02-03,47.220001220703125,47.290000915527344,46.349998474121094,46.43000030517578,41.278133392333984,35879900,0.0,0.0
2022-02-04,47.08000183105469,48.689998626708984,46.68000030517578,48.279998779296875,42.92285919189453,60297100,0.0,0.0
2022-02-07,48.560001373291016,48.7599983215332,47.9900016784668,48.5099983215332,43.12733840942383,44824800,0.0,0.0
2022-02-08,49.150001525878906,50.02000045776367,48.939998626708984,49.380001068115234,43.90080642700195,49560500,0.0,0.0
2022-02-09,49.220001220703125,49.790000915527344,49.029998779296875,49.279998779296875,43.81189727783203,33861100,0.0,0.0
2022-02-10,49.68000030517578,50.11000061035156,48.7599983215332,49.04999923706055,43.607418060302734,47082800,0.0,0.0
2022-02-11,48.630001068115234,49.439998626708984,47.5,47.91999816894531,42.60280990600586,61056000,0.0,0.0
2022-02-14,48.02000045776367,48.189998626708984,46.939998626708984,47.41999816894531,42.15827941894531,44791900,0.0,0.0
2022-02-15,48.0,48.369998931884766,47.56999969482422,47.790000915527344,42.48722839355469,42397600,0.0,0.0
2022-02-16,47.439998626708984,48.2400016784668,47.310001373291016,47.68000030517578,42.38943862915039,36664600,0.0,0.0
2022-02-17,47.0,47.290000915527344,45.95000076293945,46.06999969482422,40.958072662353516,49442400,0.0,0.0
2022-02-18,46.06999969482422,46.540000915527344,45.720001220703125,45.959999084472656,40.860286712646484,37856500,0.0,0.0
2022-02-22,45.16999816894531,45.97999954223633,45.040000915527344,45.560001373291016,40.50466537475586,51905600,0.0,0.0
2022-02-23,45.95000076293945,46.11000061035156,44.56999969482422,44.779998779296875,39.811222076416016,45704900,0.0,0.0
2022-02-24,43.0,43.68000030517578,42.04999923706055,43.599998474121094,38.76214599609375,80484800,0.0,0.0
2022-02-25,43.810001373291016,45.349998474121094,43.630001068115234,45.02000045776367,40.02458190917969,68530700,0.0,0.0
2022-02-28,43.720001220703125,44.2599983215332,43.439998626708984,44.20000076293945,39.29557418823242,69955300,0.0,0.0
2022-03-01,43.709999084472656,43.7400016784668,41.93000030517578,42.470001220703125,37.75753402709961,74895600,0.0,0.0
2022-03-02,42.7400016784668,43.540000915527344,42.619998931884766,43.15999984741211,38.37096405029297,70834600,0.0,0.0
2022-03-03,43.09000015258789,43.5,42.209999084472656,42.4900016784668,37.96000671386719,48733800,0.21,0.0
2022-03-04,41.43000030517578,41.439998626708984,40.31999969482422,40.95000076293945,36.58419418334961,75572800,0.0,0.0
2022-03-07,39.93000030517578,40.11000061035156,38.209999084472656,38.34000015258789,34.2524528503418,109779000,0.0,0.0
2022-03-08,39.06999969482422,39.65999984741211,38.16999816894531,38.59000015258789,34.47579574584961,76553800,0.0,0.0
2022-03-09,40.310001373291016,41.61000061035156,40.15999984741211,41.040000915527344,36.664608001708984,78207900,0.0,0.0
2022-03-10,40.290000915527344,41.47999954223633,40.11000061035156,40.66999816894531,36.334049224853516,48804400,0.0,0.0
2022-03-11,41.040000915527344,41.380001068115234,40.290000915527344,40.33000183105469,36.030296325683594,43946600,0.0,0.0
2022-03-14,40.900001525878906,42.18000030517578,40.900001525878906,41.20000076293945,36.80754089355469,54262400,0.0,0.0
2022-03-15,41.2599983215332,41.779998779296875,40.869998931884766,41.5,37.0755615234375,41395300,0.0,0.0
2022-03-16,42.2400016784668,43.04999923706055,41.91999816894531,42.79999923706055,38.23696517944336,59477600,0.0,0.0
2022-03-17,42.40999984741211,43.040000915527344,41.83000183105469,43.029998779296875,38.442440032958984,50260200,0.0,0.0
2022-03-18,42.7599983215332,42.93000030517578,42.2599983215332,42.900001525878906,38.326297760009766,74470600,0.0,0.0
2022-03-21,43.349998474121094,43.43000030517578,42.5099983215332,42.84000015258789,38.272701263427734,47106400,0.0,0.0
2022-03-22,43.81999969482422,44.630001068115234,43.70000076293945,44.18000030517578,39.46984100341797,52360600,0.0,0.0
2022-03-23,43.720001220703125,44.0099983215332,43.029998779296875,43.09000015258789,38.49604415893555,48539300,0.0,0.0
2022-03-24,43.380001068115234,43.43000030517578,42.88999938964844,43.06999969482422,38.478179931640625,30360800,0.0,0.0
2022-03-25,43.47999954223633,44.2599983215332,43.33000183105469,43.72999954223633,39.067813873291016,38968100,0.0,0.0
2022-03-28,43.709999084472656,43.75,42.83000183105469,43.54999923706055,38.90700149536133,37428600,0.0,0.0
2022-03-29,44.25,44.38999938964844,43.11000061035156,43.439998626708984,38.8087272644043,46355800,0.0,0.0
2022-03-30,43.439998626708984,43.650001525878906,42.75,43.0,38.41564178466797,36601800,0.0,0.0
2022-03-31,42.84000015258789,42.88999938964844,41.20000076293945,41.220001220703125,36.825416564941406,67902500,0.0,0.0
2022-04-01,41.689998626708984,41.7400016784668,40.349998474121094,40.900001525878906,36.53953170776367,61929200,0.0,0.0
2022-04-04,40.47999954223633,41.13999938964844,40.15999984741211,40.83000183105469,36.476993560791016,53761700,0.0,0.0
2022-04-05,40.439998626708984,40.7599983215332,40.040000915527344,40.13999938964844,35.86054992675781,51781700,0.0,0.0
2022-04-06,39.7400016784668,40.0099983215332,39.349998474121094,39.70000076293945,35.467464447021484,54159800,0.0,0.0
2022-04-07,39.88999938964844,39.97999954223633,38.849998474121094,39.38999938964844,35.190513610839844,54585000,0.0,0.0
2022-04-08,39.4900016784668,40.099998474121094,39.31999969482422,39.66999816894531,35.44065856933594,41018900,0.0,0.0
2022-04-11,39.47999954223633,40.400001525878906,39.38999938964844,39.59000015258789,35.36919021606445,34198700,0.0,0.0
2022-04-12,39.56999969482422,40.08000183105469,38.849998474121094,39.16999816894531,34.99396514892578,42855300,0.0,0.0
2022-04-13,38.5,39.0099983215332,38.36000061035156,38.81999969482422,34.6812858581543,45484200,0.0,0.0
2022-04-14,38.4900016784668,38.970001220703125,37.41999816894531,37.56999969482422,33.564552307128906,79032000,0.0,0.0
2022-04-18,37.41999816894531,39.310001373291016,37.220001220703125,38.849998474121094,34.70808029174805,80080300,0.0,0.0
2022-04-19,39.209999084472656,39.880001068115234,39.11000061035156,39.56999969482422,35.351314544677734,53714200,0.0,0.0
2022-04-20,40.150001525878906,40.369998931884766,39.61000061035156,39.65999984741211,35.431732177734375,47064300,0.0,0.0
2022-04-21,40.0,40.209999084472656,38.619998931884766,38.90999984741211,34.761688232421875,46245900,0.0,0.0
2022-04-22,38.810001373291016,38.849998474121094,37.5,37.560001373291016,33.55561828613281,50409800,0.0,0.0
2022-04-25,36.88999938964844,37.400001525878906,35.93000030517578,37.290000915527344,33.31439971923828,64301100,0.0,0.0
2022-04-26,36.880001068115234,37.540000915527344,36.41999816894531,36.45000076293945,32.56394958496094,44809900,0.0,0.0
2022-04-27,36.27000045776367,36.90999984741211,36.16999816894531,36.25,32.38526916503906,39824900,0.0,0.0
2022-04-28,36.72999954223633,36.95000076293945,36.15999984741211,36.810001373291016,32.88557052612305,39567800,0.0,0.0
2022-04-29,36.75,37.130001068115234,35.540000915527344,35.68000030517578,31.876052856445312,47385200,0.0,0.0
2022-05-02,36.029998779296875,36.279998779296875,35.400001525878906,36.13999938964844,32.28700637817383,46652200,0.0,0.0
2022-05-03,36.34000015258789,37.630001068115234,36.33000183105469,37.130001068115234,33.17145538330078,48926000,0.0,0.0
2022-05-04,37.369998931884766,38.75,37.279998779296875,38.619998931884766,34.502601623535156,57860300,0.0,0.0
2022-05-05,38.04999923706055,38.209999084472656,36.869998931884766,37.540000915527344,33.53774642944336,48860600,0.0,0.0
2022-05-06,37.369998931884766,37.619998931884766,36.61000061035156,37.45000076293945,33.45733642578125,50440100,0.0,0.0
2022-05-09,36.869998931884766,37.060001373291016,36.060001373291016,36.369998931884766,32.49248123168945,51242000,0.0,0.0
2022-05-10,36.75,37.130001068115234,35.18000030517578,35.7599983215332,31.947513580322266,60235300,0.0,0.0
2022-05-11,35.900001525878906,36.91999816894531,35.5099983215332,35.56999969482422,31.777772903442383,54969300,0.0,0.0
2022-05-12,35.0099983215332,35.43000030517578,34.2599983215332,35.06999969482422,31.33107566833496,61231500,0.0,0.0
2022-05-13,35.529998779296875,35.72999954223633,34.7599983215332,35.16999816894531,31.420421600341797,49117900,0.0,0.0
2022-05-16,35.0,35.16999816894531,34.40999984741211,34.810001373291016,31.098804473876953,39076500,0.0,0.0
2022-05-17,35.619998931884766,36.220001220703125,35.43000030517578,35.9900016784668,32.15300369262695,42635600,0.0,0.0
2022-05-18,35.619998931884766,35.689998626708984,34.599998474121094,34.880001068115234,31.16134262084961,47396900,0.0,0.0
2022-05-19,34.290000915527344,34.84000015258789,34.25,34.45000076293945,30.777177810668945,47002700,0.0,0.0
2022-05-20,34.79999923706055,34.97999954223633,32.959999084472656,33.86000061035156,30.250080108642578,62406500,0.0,0.0
2022-05-23,34.7599983215332,36.2599983215332,34.65999984741211,35.869998931884766,32.04579162597656,69081900,0.0,0.0
2022-05-24,35.470001220703125,35.959999084472656,34.959999084472656,35.650001525878906,31.8492374420166,46146700,0.0,0.0
2022-05-25,35.5,36.27000045776367,35.290000915527344,35.84000015258789,32.01899337768555,49343400,0.0,0.0
2022-05-26,36.5,36.84000015258789,36.34000015258789,36.66999816894531,32.760498046875,60201200,0.0,0.0
2022-05-27,36.88999938964844,37.04999923706055,36.58000183105469,37.02000045776367,33.073184967041016,43365600,0.0,0.0
2022-05-31,36.81999969482422,37.529998779296875,36.61000061035156,37.20000076293945,33.2339973449707,71609200,0.0,0.0
2022-06-01,37.459999084472656,37.470001220703125,36.16999816894531,36.66999816894531,32.760498046875,35237900,0.0,0.0
2022-06-02,36.40999984741211,36.709999084472656,36.06999969482422,36.70000076293945,32.976158142089844,35341900,0.21,0.0
2022-06-03,36.47999954223633,36.68000030517578,36.130001068115234,36.189998626708984,32.51789855957031,25235200,0.0,0.0
2022-06-06,36.70000076293945,37.209999084472656,36.099998474121094,36.150001525878906,32.481956481933594,40394000,0.0,0.0
2022-06-07,35.900001525878906,36.40999984741211,35.7400016784668,36.349998474121094,32.66165542602539,29152200,0.0,0.0
2022-06-08,35.91999816894531,36.11000061035156,35.52000045776367,35.88999938964844,32.24834060668945,33590600,0.0,0.0
2022-06-09,35.7400016784668,35.84000015258789,34.5,34.5099983215332,31.008359909057617,49419000,0.0,0.0
2022-06-10,33.68000030517578,34.040000915527344,33.02000045776367,33.16999816894531,29.8043270111084,49318200,0.0,0.0
2022-06-13,32.38999938964844,32.77000045776367,31.739999771118164,32.02000045776367,28.771015167236328,61216600,0.0,0.0
2022-06-14,31.920000076293945,32.599998474121094,31.229999542236328,31.459999084472656,28.267833709716797,49349800,0.0,0.0
2022-06-15,31.979999542236328,32.4900016784668,31.420000076293945,32.04999923706055,28.797969818115234,51540100,0.0,0.0
2022-06-16,31.5,32.0,30.860000610351562,31.850000381469727,28.61826515197754,61363400,0.0,0.0
2022-06-17,32.029998779296875,32.58000183105469,31.639999389648438,31.920000076293945,28.681161880493164,80470300,0.0,0.0
2022-06-21,32.88999938964844,33.290000915527344,32.619998931884766,32.849998474121094,29.516794204711914,53537200,0.0,0.0
2022-06-22,32.38999938964844,32.939998626708984,32.31999969482422,32.599998474121094,29.292163848876953,38305600,0.0,0.0
2022-06-23,32.380001068115234,32.40999984741211,31.260000228881836,32.08000183105469,28.824928283691406,44091500,0.0,0.0
2022-06-24,31.25,32.77000045776367,31.229999542236328,32.310001373291016,29.03158950805664,79504700,0.0,0.0
2022-06-27,32.41999816894531,32.599998474121094,31.90999984741211,32.349998474121094,29.067529678344727,47900300,0.0,0.0
2022-06-28,32.83000183105469,33.5,32.189998626708984,32.2599983215332,28.986661911010742,49863800,0.0,0.0
2022-06-29,32.22999954223633,32.439998626708984,31.65999984741211,31.860000610351562,28.62725257873535,35149700,0.0,0.0
2022-06-30,31.170000076293945,31.549999237060547,30.639999389648438,31.1299991607666,27.9713191986084,46312300,0.0,0.0
2022-07-01,30.979999542236328,31.670000076293945,30.6299991607666,31.559999465942383,28.357688903808594,40236100,0.0,0.0
2022-07-05,30.799999237060547,31.239999771118164,30.450000762939453,31.239999771118164,28.07015609741211,47411800,0.0,0.0
2022-07-06,31.010000228881836,31.25,30.639999389648438,30.979999542236328,27.8365421295166,35933700,0.0,0.0
2022-07-07,31.5,32.0099983215332,31.469999313354492,31.860000610351562,28.62725257873535,40137900,0.0,0.0
2022-07-08,32.0099983215332,32.25,31.559999465942383,31.790000915527344,28.564353942871094,31153800,0.0,0.0
2022-07-11,31.549999237060547,31.790000915527344,31.290000915527344,31.459999084472656,28.267833709716797,29311900,0.0,0.0
2022-07-12,31.020000457763672,32.029998779296875,30.979999542236328,31.360000610351562,28.177982330322266,39527000,0.0,0.0
2022-07-13,31.06999969482422,31.149999618530273,30.399999618530273,30.84000015258789,27.710750579833984,44153700,0.0,0.0
2022-07-14,30.09000015258789,30.219999313354492,29.670000076293945,30.1299991607666,27.072786331176758,51707800,0.0,0.0
2022-07-15,30.649999618530273,32.630001068115234,30.610000610351562,32.25,28.977672576904297,77801700,0.0,0.0
2022-07-18,33.08000183105469,33.380001068115234,32.099998474121094,32.2599983215332,28.986661911010742,56382900,0.0,0.0
2022-07-19,32.900001525878906,33.619998931884766,32.68000030517578,33.349998474121094,29.966060638427734,46874900,0.0,0.0
2022-07-20,33.18000030517578,33.45000076293945,32.95000076293945,33.36000061035156,29.975046157836914,35514900,0.0,0.0
2022-07-21,33.09000015258789,33.66999816894531,32.95000076293945,33.650001525878906,30.23563003540039,31244000,0.0,0.0
2022-07-22,33.599998474121094,33.939998626708984,33.09000015258789,33.43000030517578,30.037944793701172,27115400,0.0,0.0
2022-07-25,33.779998779296875,33.97999954223633,33.439998626708984,33.72999954223633,30.30750274658203,30381000,0.0,0.0
2022-07-26,33.40999984741211,33.779998779296875,32.959999084472656,33.04999923706055,29.696502685546875,30645700,0.0,0.0
2022-07-27,33.2400016784668,33.77000045776367,32.95000076293945,33.59000015258789,30.181705474853516,30344800,0.0,0.0
2022-07-28,33.5,33.75,32.900001525878906,33.31999969482422,29.939109802246094,40176500,0.0,0.0
2022-07-29,33.470001220703125,33.939998626708984,33.349998474121094,33.810001373291016,30.37939453125,48152500,0.0,0.0
2022-08-01,33.619998931884766,33.88999938964844,33.220001220703125,33.709999084472656,30.28952980041504,32336700,0.0,0.0
2022-08-02,33.599998474121094,33.720001220703125,33.0,33.040000915527344,29.687519073486328,37884100,0.0,0.0
2022-08-03,33.41999816894531,33.75,33.16999816894531,33.63999938964844,30.226642608642578,30065800,0.0,0.0
2022-08-04,33.52000045776367,33.66999816894531,33.16999816894531,33.400001525878906,30.010995864868164,28404500,0.0,0.0
2022-08-05,33.279998779296875,34.33000183105469,33.2400016784668,33.959999084472656,30.514171600341797,35874500,0.0,0.0
2022-08-08,34.16999816894531,34.290000915527344,33.45000076293945,33.4900016784668,30.091861724853516,33454300,0.0,0.0
2022-08-09,33.650001525878906,33.959999084472656,33.40999984741211,33.91999816894531,30.478229522705078,40196900,0.0,0.0
2022-08-10,34.5,35.43000030517578,34.45000076293945,35.06999969482422,31.51153564453125,61415800,0.0,0.0
2022-08-11,35.77000045776367,36.060001373291016,35.650001525878906,35.90999984741211,32.26630401611328,50420800,0.0,0.0
2022-08-12,36.15999984741211,36.310001373291016,35.689998626708984,36.29999923706055,32.61673355102539,31821700,0.0,0.0
2022-08-15,35.84000015258789,36.29999923706055,35.66999816894531,36.25,32.57180404663086,24908000,0.0,0.0
2022-08-16,36.189998626708984,36.939998626708984,36.099998474121094,36.63999938964844,32.922237396240234,31870200,0.0,0.0
2022-08-17,36.20000076293945,36.59000015258789,36.08000183105469,36.40999984741211,32.71556854248047,27125600,0.0,0.0
2022-08-18,36.25,36.400001525878906,36.0,36.279998779296875,32.5987548828125,23138300,0.0,0.0
2022-08-19,35.959999084472656,36.029998779296875,35.310001373291016,35.47999954223633,31.87993621826172,36485400,0.0,0.0
2022-08-22,34.75,34.81999969482422,34.45000076293945,34.720001220703125,31.197053909301758,31210300,0.0,0.0
2022-08-23,34.66999816894531,34.970001220703125,34.36000061035156,34.40999984741211,30.918502807617188,26588000,0.0,0.0
2022-08-24,34.25,34.79999923706055,34.04999923706055,34.52000045776367,31.01734733581543,31389400,0.0,0.0
2022-08-25,34.599998474121094,35.279998779296875,34.45000076293945,35.13999938964844,31.574443817138672,40576700,0.0,0.0
2022-08-26,35.439998626708984,35.47999954223633,34.02000045776367,34.029998779296875,30.577062606811523,36152600,0.0,0.0
2022-08-29,33.86000061035156,34.150001525878906,33.61000061035156,33.900001525878906,30.460254669189453,34931000,0.0,0.0
2022-08-30,34.18000030517578,34.279998779296875,33.540000915527344,34.09000015258789,30.63097381591797,48194900,0.0,0.0
2022-08-31,34.13999938964844,34.369998931884766,33.599998474121094,33.61000061035156,30.199684143066406,44917600,0.0,0.0
2022-09-01,33.34000015258789,33.4900016784668,32.65999984741211,33.470001220703125,30.27203941345215,32848900,0.22,0.0
2022-09-02,33.93000030517578,34.47999954223633,33.27000045776367,33.43000030517578,30.235858917236328,44000800,0.0,0.0
2022-09-06,33.63999938964844,33.72999954223633,32.61000061035156,33.060001373291016,29.901216506958008,40762400,0.0,0.0
2022-09-07,32.810001373291016,33.66999816894531,32.630001068115234,33.56999969482422,30.362489700317383,40742600,0.0,0.0
2022-09-08,33.459999084472656,34.72999954223633,33.27000045776367,34.650001525878906,31.33930015563965,44361800,0.0,0.0
2022-09-09,34.97999954223633,35.25,34.84000015258789,34.939998626708984,31.60158348083496,37295100,0.0,0.0
2022-09-12,35.20000076293945,35.630001068115234,35.029998779296875,35.27000045776367,31.900056838989258,30534000,0.0,0.0
2022-09-13,34.58000183105469,34.720001220703125,33.810001373291016,34.0,30.75139808654785,40959600,0.0,0.0
2022-09-14,34.20000076293945,34.41999816894531,33.540000915527344,33.869998931884766,30.633819580078125,32004400,0.0,0.0
2022-09-15,33.790000915527344,34.900001525878906,33.70000076293945,34.5099983215332,31.212665557861328,44863300,0.0,0.0
2022-09-16,34.189998626708984,34.22999954223633,33.65999984741211,34.119998931884766,30.85993003845215,54281800,0.0,0.0
2022-09-19,33.720001220703125,34.869998931884766,33.630001068115234,34.689998626708984,31.375469207763672,29782000,0.0,0.0
2022-09-20,34.5,34.779998779296875,33.880001068115234,34.16999816894531,30.9051570892334,33591100,0.0,0.0
2022-09-21,34.310001373291016,34.400001525878906,33.119998931884766,33.150001525878906,29.98261260986328,51667800,0.0,0.0
2022-09-22,33.310001373291016,33.41999816894531,32.38999938964844,32.5,29.39472007751465,47527500,0.0,0.0
2022-09-23,31.93000030517578,32.09000015258789,31.209999084472656,31.729999542236328,28.69828987121582,55316100,0.0,0.0
2022-09-26,31.31999969482422,31.81999969482422,30.68000030517578,31.030000686645508,28.06517219543457,40360200,0.0,0.0
2022-09-27,31.270000457763672,31.3700008392334,30.299999237060547,30.56999969482422,27.649124145507812,43396600,0.0,0.0
2022-09-28,30.530000686645508,31.309999465942383,30.389999389648438,31.06999969482422,28.101348876953125,38372900,0.0,0.0
2022-09-29,30.690000534057617,30.899999618530273,30.209999084472656,30.65999984741211,27.730525970458984,35220900,0.0,0.0
2022-09-30,30.760000228881836,31.190000534057617,30.170000076293945,30.200000762939453,27.314476013183594,42294100,0.0,0.0
2022-10-03,30.59000015258789,31.280000686645508,30.200000762939453,31.09000015258789,28.11944007873535,34591700,0.0,0.0
2022-10-04,31.719999313354492,32.52000045776367,31.65999984741211,32.380001068115234,29.28618812561035,39758700,0.0,0.0
2022-10-05,31.540000915527344,32.029998779296875,31.450000762939453,31.920000076293945,28.870134353637695,35791100,0.0,0.0
2022-10-06,31.600000381469727,31.8799991607666,31.360000610351562,31.459999084472656,28.454086303710938,40891900,0.0,0.0
2022-10-07,31.170000076293945,31.239999771118164,30.530000686645508,30.75,27.811927795410156,52304600,0.0,0.0
2022-10-10,30.899999618530273,31.049999237060547,30.350000381469727,30.65999984741211,27.730525970458984,37669100,0.0,0.0
2022-10-11,30.3700008392334,30.469999313354492,29.56999969482422,29.770000457763672,26.92556381225586,58124000,0.0,0.0
2022-10-12,29.639999389648438,30.309999465942383,29.479999542236328,29.860000610351562,27.00696563720703,36137900,0.0,0.0
2022-10-13,29.40999984741211,31.770000457763672,29.309999465942383,31.690000534057617,28.662111282348633,67671000,0.0,0.0
2022-10-14,31.809999465942383,32.630001068115234,31.56999969482422,31.700000762939453,28.671157836914062,58108500,0.0,0.0
2022-10-17,33.36000061035156,33.869998931884766,32.869998931884766,33.619998931884766,30.407699584960938,88896800,0.0,0.0
2022-10-18,34.97999954223633,35.36000061035156,34.279998779296875,34.880001068115234,31.547317504882812,81937900,0.0,0.0
2022-10-19,34.58000183105469,34.83000183105469,33.77000045776367,33.91999816894531,30.679040908813477,43139900,0.0,0.0
2022-10-20,33.97999954223633,34.630001068115234,33.59000015258789,33.70000076293945,30.480060577392578,39549100,0.0,0.0
2022-10-21,33.560001373291016,35.040000915527344,33.560001373291016,34.95000076293945,31.61063003540039,54870300,0.0,0.0
2022-10-24,35.11000061035156,35.2599983215332,34.709999084472656,35.06999969482422,31.719158172607422,33765600,0.0,0.0
2022-10-25,34.7400016784668,35.58000183105469,34.529998779296875,35.38999938964844,32.00857925415039,37132300,0.0,0.0
2022-10-26,35.41999816894531,36.09000015258789,35.349998474121094,35.70000076293945,32.28896713256836,41104600,0.0,0.0
2022-10-27,36.150001525878906,36.369998931884766,35.77000045776367,35.869998931884766,32.442718505859375,35261900,0.0,0.0
2022-10-28,36.040000915527344,36.29999923706055,35.63999938964844,36.18000030517578,32.723106384277344,31659100,0.0,0.0
2022-10-31,36.0,36.33000183105469,35.810001373291016,36.040000915527344,32.59648513793945,32565500,0.0,0.0
2022-11-01,36.439998626708984,36.7599983215332,36.11000061035156,36.20000076293945,32.74119186401367,29913200,0.0,0.0
2022-11-02,36.06999969482422,37.279998779296875,35.95000076293945,36.09000015258789,32.64170455932617,57380600,0.0,0.0
2022-11-03,35.70000076293945,36.13999938964844,35.40999984741211,35.88999938964844,32.46080780029297,30046500,0.0,0.0
2022-11-04,36.5,37.0,36.220001220703125,36.790000915527344,33.27482223510742,39369400,0.0,0.0
2022-11-07,37.0099983215332,37.34000015258789,36.72999954223633,37.0099983215332,33.47380065917969,37533700,0.0,0.0
2022-11-08,37.09000015258789,37.41999816894531,36.75,37.11000061035156,33.56425094604492,32664300,0.0,0.0
2022-11-09,36.880001068115234,36.959999084472656,36.38999938964844,36.52000045776367,33.03062057495117,30164400,0.0,0.0
2022-11-10,37.29999923706055,38.220001220703125,37.13999938964844,38.130001068115234,34.48678970336914,45702800,0.0,0.0
2022-11-11,38.189998626708984,38.599998474121094,37.970001220703125,38.40999984741211,34.740028381347656,35688700,0.0,0.0
2022-11-14,38.09000015258789,38.2599983215332,37.75,37.7599983215332,34.15214157104492,35541400,0.0,0.0
2022-11-15,38.189998626708984,38.29999923706055,37.29999923706055,37.70000076293945,34.097869873046875,46082800,0.0,0.0
2022-11-16,37.61000061035156,37.7400016784668,37.20000076293945,37.36000061035156,33.79035949707031,23813000,0.0,0.0
2022-11-17,36.880001068115234,37.20000076293945,36.560001373291016,37.16999816894531,33.618507385253906,23689700,0.0,0.0
2022-11-18,37.790000915527344,37.849998474121094,36.91999816894531,37.189998626708984,33.63660430908203,32041800,0.0,0.0
2022-11-21,37.09000015258789,37.52000045776367,37.060001373291016,37.310001373291016,33.74513626098633,27935700,0.0,0.0
2022-11-22,37.59000015258789,37.79999923706055,37.43000030517578,37.4900016784668,33.90793991088867,23499300,0.0,0.0
2022-11-23,37.4900016784668,37.65999984741211,37.369998931884766,37.61000061035156,34.01647186279297,18934700,0.0,0.0
2022-11-25,37.720001220703125,37.869998931884766,37.560001373291016,37.70000076293945,34.097869873046875,16118500,0.0,0.0
2022-11-28,37.400001525878906,37.65999984741211,36.83000183105469,36.86000061035156,33.33812713623047,35428300,0.0,0.0
2022-11-29,36.97999954223633,37.150001525878906,36.720001220703125,37.0,33.464759826660156,27048800,0.0,0.0
2022-11-30,36.900001525878906,37.849998474121094,36.20000076293945,37.849998474121094,34.23353958129883,51747900,0.0,0.0
2022-12-01,37.5,37.689998626708984,36.400001525878906,36.54999923706055,33.25102233886719,46213200,0.22,0.0
2022-12-02,36.060001373291016,36.290000915527344,35.810001373291016,36.08000183105469,32.82344436645508,42295300,0.0,0.0
2022-12-05,35.810001373291016,35.88999938964844,34.13999938964844,34.470001220703125,31.358762741088867,71386600,0.0,0.0
2022-12-06,34.56999969482422,34.68000030517578,32.40999984741211,33.0,30.02144432067871,84085700,0.0,0.0
2022-12-07,32.59000015258789,32.91999816894531,32.349998474121094,32.7400016784668,29.784912109375,49234100,0.0,0.0
2022-12-08,32.970001220703125,32.9900016784668,32.18000030517578,32.439998626708984,29.511987686157227,45491100,0.0,0.0
2022-12-09,32.11000061035156,32.599998474121094,32.08000183105469,32.380001068115234,29.4574031829834,36985500,0.0,0.0
2022-12-12,32.310001373291016,32.779998779296875,32.060001373291016,32.72999954223633,29.77581214904785,41060500,0.0,0.0
2022-12-13,33.54999923706055,33.66999816894531,32.56999969482422,32.75,29.79400634765625,54804800,0.0,0.0
2022-12-14,32.79999923706055,33.0,32.15999984741211,32.279998779296875,29.366426467895508,48819500,0.0,0.0
2022-12-15,31.75,31.989999771118164,31.489999771118164,31.770000457763672,28.9024600982666,49027600,0.0,0.0
2022-12-16,31.6200008392334,31.93000030517578,31.350000381469727,31.700000762939453,28.83877944946289,61795200,0.0,0.0
2022-12-19,31.760000228881836,32.22999954223633,31.729999542236328,32.060001373291016,29.166288375854492,38374100,0.0,0.0
2022-12-20,32.400001525878906,32.58000183105469,32.13999938964844,32.189998626708984,29.2845458984375,35561100,0.0,0.0
2022-12-21,32.52000045776367,32.869998931884766,32.40999984741211,32.68000030517578,29.730327606201172,32544000,0.0,0.0
2022-12-22,32.52000045776367,32.58000183105469,31.8700008392334,32.38999938964844,29.46649932861328,30234400,0.0,0.0
2022-12-23,32.400001525878906,32.58000183105469,32.189998626708984,32.470001220703125,29.53927993774414,21378600,0.0,0.0
2022-12-27,32.5,32.66999816894531,32.279998779296875,32.529998779296875,29.593862533569336,22776100,0.0,0.0
2022-12-28,32.56999969482422,32.970001220703125,32.529998779296875,32.77000045776367,29.812198638916016,30541000,0.0,0.0
2022-12-29,32.88999938964844,33.15999984741211,32.75,33.13999938964844,30.148805618286133,22252900,0.0,0.0
2022-12-30,33.099998474121094,33.29999923706055,32.86000061035156,33.119998931884766,30.1306095123291,28198900,0.0,0.0
2023-01-03,33.22999954223633,34.09000015258789,33.209999084472656,33.5099983215332,30.485408782958984,35221500,0.0,0.0
2023-01-04,33.900001525878906,34.81999969482422,33.83000183105469,34.13999938964844,31.058544158935547,41998500,0.0,0.0
2023-01-05,33.91999816894531,34.13999938964844,33.58000183105469,34.06999969482422,30.9948673248291,34177000,0.0,0.0
2023-01-06,34.09000015258789,34.58000183105469,33.540000915527344,34.40999984741211,31.30417251586914,34068700,0.0,0.0
2023-01-09,34.75,34.7599983215332,33.709999084472656,33.88999938964844,30.831111907958984,43818800,0.0,0.0
2023-01-10,33.7400016784668,34.27000045776367,33.63999938964844,34.119998931884766,31.040355682373047,35096000,0.0,0.0
2023-01-11,34.119998931884766,34.439998626708984,34.0,34.380001068115234,31.276884078979492,36783700,0.0,0.0
2023-01-12,34.599998474121094,34.869998931884766,34.36000061035156,34.470001220703125,31.358762741088867,44230400,0.0,0.0
2023-01-13,34.20000076293945,35.38999938964844,33.09000015258789,35.22999954223633,32.0501708984375,89667800,0.0,0.0
2023-01-17,34.689998626708984,34.83000183105469,34.150001525878906,34.52000045776367,31.404251098632812,56458400,0.0,0.0
2023-01-18,34.33000183105469,34.34000015258789,33.5099983215332,33.720001220703125,30.67645263671875,54517800,0.0,0.0
2023-01-19,33.279998779296875,33.54999923706055,32.88999938964844,33.22999954223633,30.230684280395508,42707100,0.0,0.0
2023-01-20,33.29999923706055,33.88999938964844,33.09000015258789,33.849998474121094,30.79472541809082,45004400,0.0,0.0
2023-01-23,33.810001373291016,34.5099983215332,33.75,34.31999969482422,31.222307205200195,33683300,0.0,0.0
2023-01-24,34.220001220703125,34.790000915527344,33.95000076293945,34.56999969482422,31.449735641479492,26716700,0.0,0.0
2023-01-25,34.29999923706055,34.959999084472656,34.25,34.869998931884766,31.7226505279541,28859700,0.0,0.0
2023-01-26,35.04999923706055,35.349998474121094,34.790000915527344,35.34000015258789,32.15023422241211,30035500,0.0,0.0
2023-01-27,35.439998626708984,35.779998779296875,35.27000045776367,35.45000076293945,32.250308990478516,29964900,0.0,0.0
2023-01-30,35.209999084472656,35.560001373291016,35.18000030517578,35.29999923706055,32.11384201049805,27353500,0.0,0.0
2023-01-31,35.16999816894531,35.47999954223633,35.0,35.47999954223633,32.27760314941406,38917400,0.0,0.0
2023-02-01,35.20000076293945,36.2599983215332,35.11000061035156,35.91999816894531,32.67789077758789,44438700,0.0,0.0
2023-02-02,36.099998474121094,36.380001068115234,35.439998626708984,36.130001068115234,32.86893081665039,33729100,0.0,0.0
2023-02-03,36.02000045776367,36.7599983215332,35.900001525878906,36.43000030517578,33.14185333251953,37411700,0.0,0.0
2023-02-06,36.25,36.439998626708984,35.97999954223633,36.369998931884766,33.08726119995117,29463200,0.0,0.0
2023-02-07,36.16999816894531,37.0,36.130001068115234,36.77000045776367,33.45116424560547,44100200,0.0,0.0
2023-02-08,36.40999984741211,36.84000015258789,36.34000015258789,36.5,33.205535888671875,28032800,0.0,0.0
2023-02-09,36.27000045776367,36.349998474121094,35.560001373291016,35.720001220703125,32.49594497680664,35257100,0.0,0.0
2023-02-10,35.54999923706055,35.59000015258789,35.029998779296875,35.58000183105469,32.36857604980469,32898900,0.0,0.0
2023-02-13,35.47999954223633,35.779998779296875,35.38999938964844,35.650001525878906,32.432254791259766,29163900,0.0,0.0
2023-02-14,35.630001068115234,35.9900016784668,35.459999084472656,35.619998931884766,32.40496063232422,33625200,0.0,0.0
2023-02-15,35.31999969482422,35.61000061035156,35.15999984741211,35.560001373291016,32.35038375854492,23500100,0.0,0.0
2023-02-16,35.41999816894531,35.65999984741211,35.220001220703125,35.279998779296875,32.09565353393555,22681100,0.0,0.0
2023-02-17,35.08000183105469,35.38999938964844,34.7400016784668,35.349998474121094,32.15933609008789,28562700,0.0,0.0
2023-02-21,34.90999984741211,35.04999923706055,34.27000045776367,34.52000045776367,31.404251098632812,37068900,0.0,0.0
2023-02-22,34.36000061035156,34.54999923706055,34.06999969482422,34.290000915527344,31.195003509521484,38550400,0.0,0.0
2023-02-23,34.400001525878906,34.599998474121094,33.86000061035156,34.2599983215332,31.16771125793457,28488000,0.0,0.0
2023-02-24,33.86000061035156,34.290000915527344,33.84000015258789,34.209999084472656,31.122222900390625,27046600,0.0,0.0
2023-02-27,34.45000076293945,34.689998626708984,34.16999816894531,34.209999084472656,31.122222900390625,30137500,0.0,0.0
2023-02-28,34.349998474121094,34.4900016784668,34.18000030517578,34.29999923706055,31.2041015625,32620600,0.0,0.0
2023-03-01,34.150001525878906,34.4900016784668,33.97999954223633,34.13999938964844,31.058544158935547,29281600,0.0,0.0
2023-03-02,33.65999984741211,33.70000076293945,33.0,33.4900016784668,30.664827346801758,44607200,0.22,0.0
2023-03-03,33.650001525878906,34.290000915527344,33.650001525878906,34.15999984741211,31.278303146362305,39109100,0.0,0.0
2023-03-06,34.2400016784668,34.560001373291016,33.9900016784668,34.09000015258789,31.214202880859375,36646700,0.0,0.0
2023-03-07,33.849998474121094,33.900001525878906,32.79999923706055,33.0,30.216154098510742,52855300,0.0,0.0
2023-03-08,32.65999984741211,32.970001220703125,32.439998626708984,32.560001373291016,29.813274383544922,40045600,0.0,0.0
2023-03-09,32.279998779296875,32.38999938964844,30.309999465942383,30.540000915527344,27.963680267333984,112457900,0.0,0.0
2023-03-10,30.31999969482422,31.040000915527344,28.920000076293945,30.270000457763672,27.716453552246094,165330900,0.0,0.0
2023-03-13,28.920000076293945,29.719999313354492,27.8700008392334,28.510000228881836,26.10492515563965,218403300,0.0,0.0
2023-03-14,29.989999771118164,30.09000015258789,28.469999313354492,28.760000228881836,26.333837509155273,154255800,0.0,0.0
2023-03-15,27.8799991607666,28.559999465942383,27.68000030517578,28.489999771118164,26.08661460876465,131104400,0.0,0.0
2023-03-16,28.3799991607666,29.469999313354492,28.110000610351562,28.969999313354492,26.526121139526367,108348800,0.0,0.0
2023-03-17,28.65999984741211,28.65999984741211,27.6200008392334,27.81999969482422,25.473134994506836,130665500,0.0,0.0
2023-03-20,28.239999771118164,28.43000030517578,27.649999618530273,27.75,25.409042358398438,81441200,0.0,0.0
2023-03-21,28.6299991607666,28.979999542236328,28.510000228881836,28.59000015258789,26.178178787231445,84854800,0.0,0.0
2023-03-22,28.709999084472656,28.739999771118164,27.639999389648438,27.639999389648438,25.308317184448242,76925900,0.0,0.0
2023-03-23,28.0,28.09000015258789,26.790000915527344,26.969999313354492,24.69483757019043,105335900,0.0,0.0
2023-03-24,26.600000381469727,27.290000915527344,26.31999969482422,27.139999389648438,24.85049819946289,96872700,0.0,0.0
2023-03-27,27.93000030517578,28.649999618530273,27.90999984741211,28.489999771118164,26.08661460876465,102469800,0.0,0.0
2023-03-28,28.3799991607666,28.649999618530273,27.979999542236328,28.1200008392334,25.747827529907227,63416500,0.0,0.0
2023-03-29,28.489999771118164,28.770000457763672,28.239999771118164,28.670000076293945,26.25143051147461,62666400,0.0,0.0
2023-03-30,28.920000076293945,29.059999465942383,28.110000610351562,28.299999237060547,25.91264533996582,67427100,0.0,0.0
2023-03-31,28.6200008392334,28.68000030517578,28.260000228881836,28.600000381469727,26.18733787536621,56482100,0.0,0.0
2023-04-03,28.639999389648438,28.979999542236328,28.329999923706055,28.59000015258789,26.178178787231445,51996800,0.0,0.0
2023-04-04,28.549999237060547,28.649999618530273,27.65999984741211,27.979999542236328,25.61963653564453,56233300,0.0,0.0
2023-04-05,27.65999984741211,27.90999984741211,27.459999084472656,27.639999389648438,25.308317184448242,47799400,0.0,0.0
2023-04-06,27.719999313354492,28.010000228881836,27.6200008392334,27.84000015258789,25.491445541381836,41216600,0.0,0.0
2023-04-10,27.670000076293945,28.100000381469727,27.649999618530273,27.940000534057617,25.583011627197266,40572700,0.0,0.0
2023-04-11,28.020000457763672,28.75,27.959999084472656,28.709999084472656,26.288053512573242,58761200,0.0,0.0
2023-04-12,28.68000030517578,29.010000228881836,28.3700008392334,28.479999542236328,26.077457427978516,44313300,0.0,0.0
2023-04-13,28.559999465942383,28.639999389648438,28.239999771118164,28.559999465942383,26.150711059570312,52261400,0.0,0.0
2023-04-14,29.299999237060547,29.8700008392334,29.25,29.520000457763672,27.029726028442383,81110800,0.0,0.0
2023-04-17,29.770000457763672,30.40999984741211,29.399999618530273,30.3700008392334,27.808019638061523,83704400,0.0,0.0
2023-04-18,30.799999237060547,30.93000030517578,29.799999237060547,30.559999465942383,27.981992721557617,114498800,0.0,0.0
2023-04-19,30.1299991607666,30.200000762939453,29.790000915527344,30.059999465942383,27.5241756439209,65594200,0.0,0.0
2023-04-20,29.84000015258789,30.229999542236328,29.770000457763672,29.899999618530273,27.377670288085938,43193800,0.0,0.0
2023-04-21,29.75,29.979999542236328,29.40999984741211,29.8700008392334,27.350200653076172,44759000,0.0,0.0
2023-04-24,29.790000915527344,29.899999618530273,29.59000015258789,29.760000228881836,27.24947738647461,28020300,0.0,0.0
2023-04-25,29.450000762939453,29.530000686645508,28.81999969482422,28.84000015258789,26.407089233398438,49718800,0.0,0.0
2023-04-26,28.760000228881836,28.940000534057617,28.299999237060547,28.440000534057617,26.040834426879883,45848400,0.0,0.0
2023-04-27,28.520000457763672,29.079999923706055,28.520000457763672,28.889999389648438,26.452871322631836,33060100,0.0,0.0
2023-04-28,28.530000686645508,29.43000030517578,28.510000228881836,29.280000686645508,26.809972763061523,45592500,0.0,0.0
2023-05-01,29.5,29.540000915527344,29.0,29.040000915527344,26.590221405029297,34076800,0.0,0.0
2023-05-02,28.850000381469727,28.860000610351562,27.709999084472656,28.15999984741211,25.78445053100586,70797700,0.0,0.0
2023-05-03,28.15999984741211,28.5,27.809999465942383,27.860000610351562,25.509761810302734,51139500,0.0,0.0
2023-05-04,27.579999923706055,27.809999465942383,26.829999923706055,26.989999771118164,24.713151931762695,82173800,0.0,0.0
2023-05-05,27.6200008392334,27.889999389648438,27.469999313354492,27.709999084472656,25.37241554260254,50087100,0.0,0.0
2023-05-08,28.079999923706055,28.149999618530273,27.65999984741211,27.690000534057617,25.354101181030273,34245500,0.0,0.0
2023-05-09,27.420000076293945,27.829999923706055,27.239999771118164,27.65999984741211,25.326631546020508,32188800,0.0,0.0
2023-05-10,27.959999084472656,28.0,27.020000457763672,27.31999969482422,25.015308380126953,44446400,0.0,0.0
2023-05-11,27.010000228881836,27.489999771118164,26.8799991607666,27.389999389648438,25.079410552978516,34897300,0.0,0.0
2023-05-12,27.520000457763672,27.549999237060547,26.8799991607666,27.09000015258789,24.80471420288086,38142000,0.0,0.0
2023-05-15,27.100000381469727,27.81999969482422,27.030000686645508,27.649999618530273,25.317474365234375,38722800,0.0,0.0
2023-05-16,27.780000686645508,27.899999618530273,27.329999923706055,27.360000610351562,25.05194091796875,33347500,0.0,0.0
2023-05-17,27.739999771118164,28.670000076293945,27.729999542236328,28.56999969482422,26.159866333007812,61750400,0.0,0.0
2023-05-18,28.440000534057617,28.5,28.0,28.469999313354492,26.068300247192383,51146100,0.0,0.0
2023-05-19,28.459999084472656,28.670000076293945,28.030000686645508,28.110000610351562,25.738672256469727,50062500,0.0,0.0
2023-05-22,28.299999237060547,28.450000762939453,28.010000228881836,28.34000015258789,25.94927215576172,36473700,0.0,0.0
2023-05-23,28.31999969482422,29.079999923706055,28.299999237060547,28.579999923706055,26.169021606445312,51400400,0.0,0.0
2023-05-24,28.329999923706055,28.510000228881836,28.0,28.100000381469727,25.72951316833496,50606900,0.0,0.0
2023-05-25,27.989999771118164,28.239999771118164,27.8799991607666,28.170000076293945,25.793607711791992,40517800,0.0,0.0
2023-05-26,28.200000762939453,28.399999618530273,27.790000915527344,28.309999465942383,25.921802520751953,57879100,0.0,0.0
2023-05-30,28.31999969482422,28.489999771118164,27.950000762939453,28.260000228881836,25.876014709472656,41819600,0.0,0.0
2023-05-31,28.100000381469727,28.15999984741211,27.479999542236328,27.790000915527344,25.44566535949707,61905200,0.0,0.0
2023-06-01,27.760000228881836,27.979999542236328,27.34000015258789,27.780000686645508,25.639484405517578,57426100,0.22,0.0
2023-06-02,28.15999984741211,28.950000762939453,28.1200008392334,28.709999084472656,26.49782371520996,66578100,0.0,0.0
2023-06-05,28.81999969482422,28.81999969482422,28.299999237060547,28.540000915527344,26.340927124023438,34757800,0.0,0.0
2023-06-06,28.459999084472656,29.43000030517578,28.450000762939453,29.229999542236328,26.977758407592773,46297900,0.0,0.0
2023-06-07,29.299999237060547,29.649999618530273,29.010000228881836,29.479999542236328,27.20849609375,44502600,0.0,0.0
2023-06-08,29.280000686645508,29.3799991607666,28.989999771118164,29.229999542236328,26.977758407592773,41483100,0.0,0.0
2023-06-09,29.200000762939453,29.399999618530273,29.079999923706055,29.270000457763672,27.014673233032227,32692000,0.0,0.0
2023-06-12,29.299999237060547,29.559999465942383,28.90999984741211,29.1299991607666,26.88546371459961,41011300,0.0,0.0
2023-06-13,29.1299991607666,29.799999237060547,29.030000686645508,29.399999618530273,27.134658813476562,42718800,0.0,0.0
2023-06-14,29.56999969482422,29.729999542236328,28.989999771118164,29.1200008392334,26.87623405456543,38322800,0.0,0.0
2023-06-15,28.899999618530273,29.469999313354492,28.690000534057617,29.3700008392334,27.106969833374023,42044900,0.0,0.0
2023-06-16,29.530000686645508,29.68000030517578,29.15999984741211,29.190000534057617,26.940839767456055,53050200,0.0,0.0
2023-06-20,29.010000228881836,29.040000915527344,28.579999923706055,28.8700008392334,26.645496368408203,39040900,0.0,0.0
2023-06-21,28.780000686645508,29.0,28.540000915527344,28.56999969482422,26.36861228942871,39553400,0.0,0.0
2023-06-22,28.5,28.530000686645508,27.899999618530273,27.959999084472656,25.805614471435547,50742900,0.0,0.0
2023-06-23,27.739999771118164,27.889999389648438,27.59000015258789,27.75,25.61179542541504,55181100,0.0,0.0
2023-06-26,27.799999237060547,28.280000686645508,27.790000915527344,28.09000015258789,25.925601959228516,47519300,0.0,0.0
2023-06-27,28.100000381469727,28.399999618530273,27.950000762939453,28.239999771118164,26.06403923034668,39081800,0.0,0.0
2023-06-28,28.25,28.270000457763672,27.899999618530273,28.06999969482422,25.907142639160156,37803800,0.0,0.0
2023-06-29,28.5,29.0,28.399999618530273,28.65999984741211,26.451679229736328,68376400,0.0,0.0
2023-06-30,28.940000534057617,29.110000610351562,28.670000076293945,28.690000534057617,26.479368209838867,50479000,0.0,0.0
2023-07-03,28.700000762939453,29.350000381469727,28.649999618530273,29.200000762939453,26.9500732421875,30995800,0.0,0.0
2023-07-05,29.139999389648438,29.420000076293945,28.950000762939453,29.079999923706055,26.839319229125977,37492000,0.0,0.0
2023-07-06,28.799999237060547,28.81999969482422,28.100000381469727,28.280000686645508,26.100961685180664,52098000,0.0,0.0
2023-07-07,28.299999237060547,28.81999969482422,28.290000915527344,28.530000686645508,26.331695556640625,34288000,0.0,0.0
2023-07-10,28.59000015258789,28.850000381469727,28.469999313354492,28.65999984741211,26.451679229736328,36086000,0.0,0.0
2023-07-11,28.65999984741211,29.079999923706055,28.420000076293945,29.020000457763672,26.783937454223633,40978700,0.0,0.0
2023-07-12,29.510000228881836,29.889999389648438,29.270000457763672,29.360000610351562,27.09774398803711,41855500,0.0,0.0
2023-07-13,29.520000457763672,29.8700008392334,29.40999984741211,29.670000076293945,27.38385581970215,39589000,0.0,0.0
2023-07-14,30.0,30.100000381469727,29.049999237060547,29.110000610351562,26.867006301879883,58720300,0.0,0.0
2023-07-17,29.149999618530273,29.559999465942383,29.1200008392334,29.399999618530273,27.134658813476562,49477200,0.0,0.0
2023-07-18,30.0,30.860000610351562,29.920000076293945,30.700000762939453,28.334495544433594,98253800,0.0,0.0
2023-07-19,30.889999389648438,31.700000762939453,30.690000534057617,31.530000686645508,29.10053825378418,70619800,0.0,0.0
2023-07-20,31.329999923706055,31.799999237060547,31.260000228881836,31.690000534057617,29.24820899963379,42128800,0.0,0.0
2023-07-21,31.8700008392334,32.11000061035156,31.420000076293945,31.979999542236328,29.51586151123047,70872400,0.0,0.0
2023-07-24,32.0,32.849998474121094,31.979999542236328,32.650001525878906,30.13423728942871,64548600,0.0,0.0
2023-07-25,32.7599983215332,32.790000915527344,32.06999969482422,32.150001525878906,29.672765731811523,51208800,0.0,0.0
2023-07-26,32.2400016784668,32.540000915527344,32.150001525878906,32.40999984741211,29.912729263305664,41814600,0.0,0.0
2023-07-27,32.43000030517578,32.7400016784668,31.81999969482422,31.950000762939453,29.488176345825195,45529500,0.0,0.0
2023-07-28,32.150001525878906,32.15999984741211,31.709999084472656,31.899999618530273,29.44202995300293,33296500,0.0,0.0
2023-07-31,31.899999618530273,32.25,31.780000686645508,32.0,29.534324645996094,29093400,0.0,0.0
2023-08-01,31.84000015258789,31.940000534057617,31.420000076293945,31.6200008392334,29.183605194091797,32712000,0.0,0.0
2023-08-02,31.15999984741211,31.280000686645508,30.780000686645508,31.190000534057617,28.7867374420166,38855100,0.0,0.0
2023-08-03,30.940000534057617,31.549999237060547,30.8799991607666,31.40999984741211,28.989784240722656,27933400,0.0,0.0
2023-08-04,31.360000610351562,31.670000076293945,31.170000076293945,31.299999237060547,28.888259887695312,30768100,0.0,0.0
2023-08-07,31.40999984741211,31.899999618530273,31.40999984741211,31.8799991607666,29.423568725585938,31745200,0.0,0.0
2023-08-08,31.299999237060547,31.309999465942383,30.479999542236328,31.270000457763672,28.860572814941406,45951800,0.0,0.0
2023-08-09,31.219999313354492,31.280000686645508,30.829999923706055,30.860000610351562,28.482166290283203,30732100,0.0,0.0
2023-08-10,31.010000228881836,31.31999969482422,30.799999237060547,30.940000534057617,28.555999755859375,26062600,0.0,0.0
2023-08-11,30.799999237060547,31.399999618530273,30.75,31.290000915527344,28.879032135009766,35720700,0.0,0.0
2023-08-14,31.049999237060547,31.110000610351562,30.75,30.93000030517578,28.546772003173828,32563700,0.0,0.0
2023-08-15,30.5,30.549999237060547,29.84000015258789,29.940000534057617,27.633052825927734,43406100,0.0,0.0
2023-08-16,29.75,29.84000015258789,29.209999084472656,29.290000915527344,27.03313446044922,47220400,0.0,0.0
2023-08-17,29.440000534057617,29.540000915527344,29.110000610351562,29.280000686645508,27.023906707763672,37202200,0.0,0.0
2023-08-18,29.040000915527344,29.350000381469727,28.979999542236328,29.110000610351562,26.867006301879883,31430400,0.0,0.0
2023-08-21,29.219999313354492,29.299999237060547,28.799999237060547,29.149999618530273,26.90392303466797,34959000,0.0,0.0
2023-08-22,29.1299991607666,29.239999771118164,28.420000076293945,28.440000534057617,26.24863052368164,37564200,0.0,0.0
2023-08-23,28.450000762939453,28.510000228881836,28.18000030517578,28.450000762939453,26.25786018371582,44686600,0.0,0.0
2023-08-24,28.399999618530273,28.790000915527344,28.3700008392334,28.6200008392334,26.414762496948242,31934800,0.0,0.0
2023-08-25,28.639999389648438,28.790000915527344,28.299999237060547,28.5,26.304006576538086,34253200,0.0,0.0
2023-08-28,28.690000534057617,29.0,28.56999969482422,28.760000228881836,26.543973922729492,33075200,0.0,0.0
2023-08-29,28.889999389648438,29.260000228881836,28.719999313354492,29.170000076293945,26.922382354736328,30428200,0.0,0.0
2023-08-30,29.219999313354492,29.270000457763672,28.93000030517578,29.040000915527344,26.802400588989258,33366400,0.0,0.0
2023-08-31,28.93000030517578,28.969999313354492,28.530000686645508,28.670000076293945,26.681419372558594,37243000,0.24,0.0
2023-09-01,28.760000228881836,29.1299991607666,28.760000228881836,28.979999542236328,26.969913482666016,35228600,0.0,0.0
2023-09-05,28.940000534057617,29.1200008392334,28.5,28.649999618530273,26.66280174255371,46543600,0.0,0.0
2023-09-06,28.399999618530273,28.559999465942383,28.1200008392334,28.389999389648438,26.42083740234375,45022600,0.0,0.0
2023-09-07,28.40999984741211,28.549999237060547,28.059999465942383,28.1299991607666,26.178869247436523,35023600,0.0,0.0
2023-09-08,28.1200008392334,28.3799991607666,27.959999084472656,28.360000610351562,26.392919540405273,36513900,0.0,0.0
2023-09-11,28.510000228881836,28.760000228881836,28.399999618530273,28.479999542236328,26.504594802856445,34168300,0.0,0.0
2023-09-12,28.459999084472656,29.139999389648438,28.399999618530273,28.969999313354492,26.960607528686523,42284000,0.0,0.0
2023-09-13,29.1200008392334,29.190000534057617,28.700000762939453,28.8799991607666,26.876848220825195,37215700,0.0,0.0
2023-09-14,29.170000076293945,29.440000534057617,29.100000381469727,29.200000762939453,27.17465591430664,44634800,0.0,0.0
2023-09-15,28.950000762939453,29.09000015258789,28.75,28.84000015258789,26.839622497558594,61661100,0.0,0.0
2023-09-18,28.799999237060547,28.799999237060547,28.489999771118164,28.760000228881836,26.765174865722656,25752300,0.0,0.0
2023-09-19,28.760000228881836,28.940000534057617,28.510000228881836,28.649999618530273,26.66280174255371,34888100,0.0,0.0
2023-09-20,28.809999465942383,28.969999313354492,28.530000686645508,28.549999237060547,26.569740295410156,26641100,0.0,0.0
2023-09-21,28.360000610351562,28.59000015258789,28.020000457763672,28.049999237060547,26.104421615600586,39906000,0.0,0.0
2023-09-22,28.06999969482422,28.190000534057617,27.600000381469727,27.639999389648438,25.722856521606445,41284400,0.0,0.0
2023-09-25,27.5,27.6200008392334,27.350000381469727,27.600000381469727,25.685632705688477,32749200,0.0,0.0
2023-09-26,27.34000015258789,27.5,27.010000228881836,27.170000076293945,25.28546142578125,42237400,0.0,0.0
2023-09-27,27.229999542236328,27.610000610351562,27.06999969482422,27.270000457763672,25.378522872924805,38296300,0.0,0.0
2023-09-28,27.170000076293945,27.639999389648438,27.170000076293945,27.559999465942383,25.648406982421875,36734300,0.0,0.0
2023-09-29,27.889999389648438,27.989999771118164,27.270000457763672,27.3799991607666,25.48088836669922,40645900,0.0,0.0
2023-10-02,27.270000457763672,27.360000610351562,26.579999923706055,26.700000762939453,24.84805679321289,50388600,0.0,0.0
2023-10-03,26.489999771118164,26.520000457763672,25.81999969482422,25.90999984741211,24.112852096557617,62144500,0.0,0.0
2023-10-04,25.8799991607666,26.010000228881836,25.579999923706055,25.940000534057617,24.14076805114746,55696400,0.0,0.0
2023-10-05,25.780000686645508,26.09000015258789,25.559999465942383,26.059999465942383,24.25244903564453,49044100,0.0,0.0
2023-10-06,25.770000457763672,26.229999542236328,25.469999313354492,26.06999969482422,24.261754989624023,58177300,0.0,0.0
2023-10-09,25.760000228881836,26.360000610351562,25.719999313354492,26.309999465942383,24.485111236572266,39953700,0.0,0.0
2023-10-10,26.610000610351562,27.299999237060547,26.56999969482422,27.010000228881836,25.136558532714844,51960100,0.0,0.0
2023-10-11,27.170000076293945,27.440000534057617,26.899999618530273,27.020000457763672,25.145862579345703,38508200,0.0,0.0
2023-10-12,26.969999313354492,27.079999923706055,26.610000610351562,26.899999618530273,25.034183502197266,44249800,0.0,0.0
2023-10-13,27.43000030517578,27.719999313354492,26.520000457763672,26.760000228881836,24.903898239135742,55089700,0.0,0.0
2023-10-16,27.15999984741211,27.18000030517578,26.770000457763672,26.989999771118164,25.117942810058594,56817500,0.0,0.0
2023-10-17,27.049999237060547,27.8700008392334,26.719999313354492,27.6200008392334,25.70424461364746,95344200,0.0,0.0
2023-10-18,27.540000915527344,28.040000915527344,27.209999084472656,27.309999465942383,25.41575050354004,68371100,0.0,0.0
2023-10-19,27.25,27.780000686645508,26.8799991607666,26.959999084472656,25.090023040771484,58611000,0.0,0.0
2023-10-20,26.799999237060547,26.940000534057617,26.239999771118164,26.309999465942383,24.485111236572266,62058400,0.0,0.0
2023-10-23,26.1299991607666,26.209999084472656,25.520000457763672,25.56999969482422,23.796432495117188,59857200,0.0,0.0
2023-10-24,25.739999771118164,25.8700008392334,25.399999618530273,25.469999313354492,23.703371047973633,55975700,0.0,0.0
2023-10-25,25.3799991607666,25.649999618530273,25.18000030517578,25.549999237060547,23.777822494506836,45522400,0.0,0.0
2023-10-26,25.489999771118164,26.360000610351562,25.440000534057617,26.1200008392334,24.30828857421875,60921000,0.0,0.0
2023-10-27,26.06999969482422,26.06999969482422,24.959999084472656,25.170000076293945,23.42418098449707,64709300,0.0,0.0
2023-10-30,25.31999969482422,25.780000686645508,25.280000686645508,25.690000534057617,23.90811538696289,41891900,0.0,0.0
2023-10-31,25.739999771118164,26.3799991607666,25.719999313354492,26.34000015258789,24.513025283813477,50106700,0.0,0.0
2023-11-01,26.440000534057617,26.6200008392334,26.149999618530273,26.399999618530273,24.568862915039062,44046300,0.0,0.0
2023-11-02,26.709999084472656,27.65999984741211,26.59000015258789,27.6200008392334,25.70424461364746,63278300,0.0,0.0
2023-11-03,28.15999984741211,28.93000030517578,28.1299991607666,28.420000076293945,26.44875717163086,62613600,0.0,0.0
2023-11-06,28.559999465942383,28.770000457763672,28.020000457763672,28.329999923706055,26.364999771118164,45548000,0.0,0.0
2023-11-07,28.049999237060547,28.260000228881836,27.950000762939453,28.15999984741211,26.206790924072266,33081900,0.0,0.0
2023-11-08,28.15999984741211,28.200000762939453,27.670000076293945,27.889999389648438,25.955516815185547,31896000,0.0,0.0
2023-11-09,28.06999969482422,28.079999923706055,27.399999618530273,27.530000686645508,25.620487213134766,32267900,0.0,0.0
2023-11-10,27.760000228881836,27.770000457763672,27.34000015258789,27.68000030517578,25.760082244873047,32858500,0.0,0.0
2023-11-13,27.540000915527344,27.850000381469727,27.420000076293945,27.700000762939453,25.77869987487793,28521800,0.0,0.0
2023-11-14,28.5,29.40999984741211,28.469999313354492,29.219999313354492,27.193269729614258,66676300,0.0,0.0
2023-11-15,29.200000762939453,29.729999542236328,29.200000762939453,29.6200008392334,27.565521240234375,46968900,0.0,0.0
2023-11-16,29.43000030517578,29.700000762939453,29.219999313354492,29.540000915527344,27.49107551574707,36952800,0.0,0.0
2023-11-17,29.709999084472656,30.0,29.549999237060547,29.979999542236328,27.90055274963379,38493300,0.0,0.0
2023-11-20,29.979999542236328,30.25,29.75,30.010000228881836,27.9284725189209,46783400,0.0,0.0
2023-11-21,29.989999771118164,29.989999771118164,29.549999237060547,29.65999984741211,27.60274887084961,41611900,0.0,0.0
2023-11-22,29.739999771118164,29.790000915527344,29.520000457763672,29.6299991607666,27.574827194213867,41422700,0.0,0.0
2023-11-24,29.479999542236328,29.889999389648438,29.479999542236328,29.729999542236328,27.667892456054688,15815600,0.0,0.0
2023-11-27,29.600000381469727,29.690000534057617,29.510000228881836,29.559999465942383,27.50968360900879,42039500,0.0,0.0
2023-11-28,29.530000686645508,29.649999618530273,29.31999969482422,29.530000686645508,27.481765747070312,29705800,0.0,0.0
2023-11-29,29.8799991607666,30.610000610351562,29.809999465942383,30.309999465942383,28.207664489746094,57954900,0.0,0.0
2023-11-30,30.209999084472656,30.549999237060547,30.040000915527344,30.489999771118164,28.60165023803711,52547700,0.24,0.0
2023-12-01,30.399999618530273,31.049999237060547,30.350000381469727,30.959999084472656,29.042543411254883,46133300,0.0,0.0
2023-12-04,30.530000686645508,31.0,30.520000457763672,30.81999969482422,28.91121482849121,37811300,0.0,0.0
2023-12-05,30.68000030517578,30.790000915527344,30.329999923706055,30.579999923706055,28.686079025268555,45723100,0.0,0.0
2023-12-06,30.780000686645508,31.520000457763672,30.440000534057617,30.530000686645508,28.63917350769043,49803100,0.0,0.0
2023-12-07,30.59000015258789,30.93000030517578,30.540000915527344,30.65999984741211,28.761123657226562,32699600,0.0,0.0
2023-12-08,30.670000076293945,31.139999389648438,30.610000610351562,30.959999084472656,29.042543411254883,34794300,0.0,0.0
2023-12-11,30.920000076293945,31.079999923706055,30.709999084472656,30.850000381469727,28.939355850219727,32254000,0.0,0.0
2023-12-12,30.770000457763672,30.860000610351562,30.450000762939453,30.739999771118164,28.836172103881836,34566700,0.0,0.0
2023-12-13,30.75,32.130001068115234,30.6299991607666,32.040000915527344,30.055652618408203,60311100,0.0,0.0
2023-12-14,32.619998931884766,34.06999969482422,32.56999969482422,33.939998626708984,31.837980270385742,107190000,0.0,0.0
2023-12-15,33.81999969482422,34.02000045776367,33.290000915527344,33.599998474121094,31.519041061401367,83771800,0.0,0.0
2023-12-18,33.709999084472656,33.790000915527344,33.40999984741211,33.43000030517578,31.359569549560547,40694700,0.0,0.0
2023-12-19,33.029998779296875,33.66999816894531,32.79999923706055,33.5099983215332,31.43461036682129,44534800,0.0,0.0
2023-12-20,33.380001068115234,33.709999084472656,32.95000076293945,32.97999954223633,30.937435150146484,44711400,0.0,0.0
2023-12-21,33.2400016784668,33.45000076293945,32.88999938964844,33.20000076293945,31.14381217956543,32325700,0.0,0.0
2023-12-22,33.209999084472656,33.66999816894531,33.20000076293945,33.43000030517578,31.359569549560547,37265900,0.0,0.0
2023-12-26,33.45000076293945,33.959999084472656,33.369998931884766,33.86000061035156,31.762939453125,24845400,0.0,0.0
2023-12-27,33.79999923706055,33.95000076293945,33.65999984741211,33.84000015258789,31.744178771972656,24498600,0.0,0.0
2023-12-28,33.81999969482422,33.970001220703125,33.77000045776367,33.880001068115234,31.781702041625977,21799600,0.0,0.0
2023-12-29,33.939998626708984,33.9900016784668,33.54999923706055,33.66999816894531,31.58470344543457,28060700,0.0,0.0
2024-01-02,33.38999938964844,34.06999969482422,33.27000045776367,33.900001525878906,31.80046272277832,36668600,0.0,0.0
2024-01-03,33.650001525878906,33.77000045776367,33.2400016784668,33.529998779296875,31.45337677001953,45988700,0.0,0.0
2024-01-04,33.56999969482422,34.310001373291016,33.540000915527344,33.79999923706055,31.70665740966797,39834600,0.0,0.0
2024-01-05,33.79999923706055,34.689998626708984,33.709999084472656,34.43000030517578,32.297630310058594,49242400,0.0,0.0
2024-01-08,34.29999923706055,34.29999923706055,33.63999938964844,34.15999984741211,32.04435729980469,40253900,0.0,0.0
2024-01-09,33.81999969482422,33.84000015258789,33.5099983215332,33.630001068115234,31.547183990478516,39268800,0.0,0.0
2024-01-10,33.5,33.630001068115234,33.2400016784668,33.599998474121094,31.519041061401367,34904000,0.0,0.0
2024-01-11,33.36000061035156,33.5,32.779998779296875,33.150001525878906,31.09691047668457,48790600,0.0,0.0
2024-01-12,32.25,33.189998626708984,31.959999084472656,32.79999923706055,30.768585205078125,74344300,0.0,0.0
2024-01-16,32.40999984741211,32.5099983215332,31.81999969482422,32.119998931884766,30.130701065063477,58420800,0.0,0.0
2024-01-17,31.719999313354492,31.989999771118164,31.270000457763672,31.799999237060547,29.830520629882812,48811300,0.0,0.0
2024-01-18,31.75,31.770000457763672,31.399999618530273,31.729999542236328,29.764854431152344,35484400,0.0,0.0
2024-01-19,31.799999237060547,32.22999954223633,31.56999969482422,32.220001220703125,30.224510192871094,49493600,0.0,0.0
2024-01-22,32.36000061035156,32.9900016784668,32.31999969482422,32.54999923706055,30.53406524658203,43903400,0.0,0.0
2024-01-23,32.540000915527344,32.81999969482422,32.38999938964844,32.77000045776367,30.74044418334961,30003400,0.0,0.0
2024-01-24,33.029998779296875,33.34000015258789,32.90999984741211,32.97999954223633,30.937435150146484,36403900,0.0,0.0
2024-01-25,33.209999084472656,33.45000076293945,32.83000183105469,33.38999938964844,31.322040557861328,46204000,0.0,0.0
2024-01-26,33.400001525878906,33.66999816894531,33.31999969482422,33.43000030517578,31.359569549560547,30839800,0.0,0.0
2024-01-29,33.400001525878906,33.650001525878906,33.2400016784668,33.61000061035156,31.52842140197754,30269300,0.0,0.0
2024-01-30,33.900001525878906,34.88999938964844,33.84000015258789,34.790000915527344,32.63533401489258,60315700,0.0,0.0
2024-01-31,34.56999969482422,35.099998474121094,34.0,34.0099983215332,31.903648376464844,54716000,0.0,0.0
2024-02-01,33.93000030517578,34.25,32.93000030517578,33.54999923706055,31.47213363647461,57084800,0.0,0.0
2024-02-02,33.369998931884766,33.709999084472656,33.16999816894531,33.470001220703125,31.39708709716797,40416000,0.0,0.0
2024-02-05,33.11000061035156,33.290000915527344,32.86000061035156,32.9900016784668,30.946823120117188,43573000,0.0,0.0
2024-02-06,32.91999816894531,33.36000061035156,32.880001068115234,33.040000915527344,30.993722915649414,27188000,0.0,0.0
2024-02-07,33.060001373291016,33.2599983215332,32.630001068115234,33.18000030517578,31.12505340576172,29660100,0.0,0.0
2024-02-08,33.04999923706055,33.279998779296875,32.79999923706055,33.119998931884766,31.068769454956055,36852200,0.0,0.0
2024-02-09,33.099998474121094,33.25,32.84000015258789,33.06999969482422,31.021862030029297,36176000,0.0,0.0
2024-02-12,33.0,33.970001220703125,32.97999954223633,33.619998931884766,31.537799835205078,34160400,0.0,0.0
2024-02-13,33.119998931884766,33.310001373291016,32.349998474121094,32.75,30.7216796875,43801500,0.0,0.0
2024-02-14,32.97999954223633,33.18000030517578,32.869998931884766,33.130001068115234,31.078144073486328,27833900,0.0,0.0
2024-02-15,33.31999969482422,34.2400016784668,33.31999969482422,34.06999969482422,31.95992660522461,41683100,0.0,0.0
2024-02-16,33.91999816894531,34.150001525878906,32.4900016784668,34.09000015258789,31.97869300842285,33290700,0.0,0.0
2024-02-20,33.779998779296875,34.09000015258789,33.77000045776367,33.959999084472656,31.85674476623535,30372900,0.0,0.0
2024-02-21,33.36000061035156,33.7400016784668,33.16999816894531,33.70000076293945,31.612836837768555,37847100,0.0,0.0
2024-02-22,33.369998931884766,34.06999969482422,33.369998931884766,33.61000061035156,31.52842140197754,42756900,0.0,0.0
2024-02-23,33.72999954223633,34.04999923706055,33.4900016784668,33.91999816894531,31.81922149658203,30586000,0.0,0.0
2024-02-26,33.790000915527344,34.220001220703125,33.529998779296875,33.61000061035156,31.52842140197754,31129200,0.0,0.0
2024-02-27,33.72999954223633,34.43000030517578,33.709999084472656,34.279998779296875,32.15692138671875,40536300,0.0,0.0
2024-02-28,34.220001220703125,34.599998474121094,34.11000061035156,34.310001373291016,32.18506622314453,39548600,0.0,0.0
2024-02-29,34.33000183105469,34.650001525878906,34.150001525878906,34.52000045776367,32.610164642333984,43863400,0.24,0.0
2024-03-01,34.529998779296875,34.650001525878906,34.029998779296875,34.349998474121094,32.44957733154297,38432300,0.0,0.0
2024-03-04,34.290000915527344,35.41999816894531,34.25,35.150001525878906,33.20531463623047,49136400,0.0,0.0
2024-03-05,34.93000030517578,35.720001220703125,34.869998931884766,35.38999938964844,33.432029724121094,47591600,0.0,0.0
2024-03-06,35.650001525878906,35.790000915527344,35.06999969482422,35.41999816894531,33.46037673950195,49149700,0.0,0.0
2024-03-07,35.599998474121094,35.900001525878906,35.25,35.630001068115234,33.65875244140625,35900700,0.0,0.0
2024-03-08,35.869998931884766,36.130001068115234,35.5,35.599998474121094,33.63042449951172,42769900,0.0,0.0
2024-03-11,35.38999938964844,35.93000030517578,35.27000045776367,35.88999938964844,33.90436935424805,34131500,0.0,0.0
2024-03-12,35.900001525878906,36.150001525878906,35.779998779296875,35.959999084472656,33.970497131347656,29260400,0.0,0.0
2024-03-13,35.959999084472656,36.45000076293945,35.959999084472656,36.08000183105469,34.083866119384766,38289600,0.0,0.0
2024-03-14,35.91999816894531,36.220001220703125,35.47999954223633,35.689998626708984,33.7154426574707,40178100,0.0,0.0
2024-03-15,35.279998779296875,36.0099983215332,35.2400016784668,35.40999984741211,33.450927734375,69646400,0.0,0.0
2024-03-18,35.65999984741211,36.09000015258789,35.38999938964844,36.0099983215332,34.01772689819336,50617900,0.0,0.0
2024-03-19,35.88999938964844,36.38999938964844,35.849998474121094,36.029998779296875,34.0366325378418,46113800,0.0,0.0
2024-03-20,35.84000015258789,36.880001068115234,35.72999954223633,36.75,34.716793060302734,40519000,0.0,0.0
2024-03-21,36.93000030517578,37.599998474121094,36.880001068115234,37.5099983215332,35.43474578857422,43219500,0.0,0.0
2024-03-22,37.40999984741211,37.61000061035156,37.0,37.04999923706055,35.00019073486328,29001100,0.0,0.0
2024-03-25,37.099998474121094,37.279998779296875,36.84000015258789,36.86000061035156,34.820709228515625,30480200,0.0,0.0
2024-03-26,37.0,37.2400016784668,36.79999923706055,37.09000015258789,35.03797912597656,33673400,0.0,0.0
2024-03-27,37.25,37.849998474121094,37.2400016784668,37.810001373291016,35.71814727783203,36350200,0.0,0.0
2024-03-28,37.720001220703125,38.0,37.41999816894531,37.91999816894531,35.82206344604492,42262500,0.0,0.0
2024-04-01,37.939998626708984,38.349998474121094,37.439998626708984,37.52000045776367,35.44419479370117,33908000,0.0,0.0
2024-04-02,37.189998626708984,37.58000183105469,37.15999984741211,37.29999923706055,35.23636245727539,34806800,0.0,0.0
2024-04-03,37.400001525878906,38.02000045776367,37.27000045776367,37.439998626708984,35.36861801147461,33338500,0.0,0.0
2024-04-04,37.70000076293945,37.959999084472656,36.869998931884766,36.91999816894531,34.87738800048828,42888200,0.0,0.0
2024-04-05,36.810001373291016,37.34000015258789,36.72999954223633,37.11000061035156,35.05687713623047,30823500,0.0,0.0
2024-04-08,37.20000076293945,37.58000183105469,37.130001068115234,37.5,35.425296783447266,29470300,0.0,0.0
2024-04-09,37.5099983215332,37.77000045776367,37.20000076293945,37.72999954223633,35.64257049560547,30967300,0.0,0.0
2024-04-10,37.18000030517578,37.22999954223633,36.54999923706055,36.650001525878906,34.62232971191406,37610700,0.0,0.0
2024-04-11,36.75,36.75,36.04999923706055,36.349998474121094,34.33891677856445,38604000,0.0,0.0
2024-04-12,35.810001373291016,36.09000015258789,35.529998779296875,35.790000915527344,33.80990982055664,47126100,0.0,0.0
2024-04-15,36.33000183105469,36.7599983215332,35.7599983215332,35.95000076293945,33.9610595703125,44392000,0.0,0.0
2024-04-16,36.099998474121094,36.16999816894531,34.150001525878906,34.68000030517578,32.761322021484375,95566100,0.0,0.0
2024-04-17,34.88999938964844,35.75,34.75,35.22999954223633,33.280887603759766,65951400,0.0,0.0
2024-04-18,35.540000915527344,35.9900016784668,35.18000030517578,35.77000045776367,33.79100799560547,44506200,0.0,0.0
2024-04-19,36.099998474121094,37.119998931884766,36.060001373291016,36.970001220703125,34.924617767333984,56273700,0.0,0.0
2024-04-22,37.0,37.90999984741211,36.869998931884766,37.72999954223633,35.64257049560547,43867100,0.0,0.0
2024-04-23,37.939998626708984,38.41999816894531,37.83000183105469,38.369998931884766,36.24716567993164,39180300,0.0,0.0
2024-04-24,38.02000045776367,38.4900016784668,38.0,38.31999969482422,36.19993591308594,28670600,0.0,0.0
2024-04-25,37.93000030517578,38.27000045776367,37.380001068115234,37.90999984741211,35.81261444091797,41116000,0.0,0.0
2024-04-26,37.93000030517578,38.310001373291016,37.779998779296875,37.83000183105469,35.73704528808594,28668700,0.0,0.0
2024-04-29,37.84000015258789,38.060001373291016,37.45000076293945,37.54999923706055,35.4725341796875,26438800,0.0,0.0
2024-04-30,37.349998474121094,37.66999816894531,36.97999954223633,37.0099983215332,34.96240234375,30283800,0.0,0.0
2024-05-01,37.209999084472656,37.5099983215332,36.77000045776367,36.95000076293945,34.90572738647461,32272000,0.0,0.0
2024-05-02,37.369998931884766,37.4900016784668,36.650001525878906,36.880001068115234,34.83960723876953,34860300,0.0,0.0
2024-05-03,37.25,37.529998779296875,37.08000183105469,37.25,35.18912887573242,34082700,0.0,0.0
2024-05-06,37.65999984741211,37.790000915527344,37.36000061035156,37.689998626708984,35.60478591918945,28422300,0.0,0.0
2024-05-07,37.70000076293945,38.150001525878906,37.70000076293945,37.84000015258789,35.746490478515625,29119500,0.0,0.0
2024-05-08,37.70000076293945,37.81999969482422,37.52000045776367,37.709999084472656,35.62367630004883,32803300,0.0,0.0
2024-05-09,37.529998779296875,38.41999816894531,37.459999084472656,38.279998779296875,36.16214370727539,26855400,0.0,0.0
2024-05-10,38.47999954223633,38.779998779296875,38.33000183105469,38.45000076293945,36.32273864746094,27359100,0.0,0.0
2024-05-13,38.619998931884766,38.779998779296875,38.18000030517578,38.209999084472656,36.09601974487305,24060600,0.0,0.0
2024-05-14,38.400001525878906,38.790000915527344,38.369998931884766,38.4900016784668,36.36052703857422,27594800,0.0,0.0
2024-05-15,38.79999923706055,39.2400016784668,38.779998779296875,38.90999984741211,36.75728988647461,34084400,0.0,0.0
2024-05-16,38.91999816894531,39.36000061035156,38.709999084472656,39.220001220703125,37.05014419555664,32554200,0.0,0.0
2024-05-17,39.45000076293945,39.4900016784668,39.15999984741211,39.290000915527344,37.116268157958984,25537300,0.0,0.0
2024-05-20,39.2599983215332,39.470001220703125,38.790000915527344,38.81999969482422,36.672271728515625,28369800,0.0,0.0
2024-05-21,38.77000045776367,39.75,38.77000045776367,39.650001525878906,37.456356048583984,31799200,0.0,0.0
2024-05-22,39.40999984741211,39.810001373291016,39.34000015258789,39.7599983215332,37.56026077270508,42837600,0.0,0.0
2024-05-23,39.77000045776367,39.84000015258789,38.939998626708984,39.16999816894531,37.002906799316406,39033900,0.0,0.0
2024-05-24,39.15999984741211,39.779998779296875,39.06999969482422,39.70000076293945,37.50358581542969,22166300,0.0,0.0
2024-05-28,39.650001525878906,39.7400016784668,39.11000061035156,39.31999969482422,37.14460754394531,31217900,0.0,0.0
2024-05-29,38.84000015258789,38.900001525878906,38.560001373291016,38.720001220703125,36.57780838012695,26677500,0.0,0.0
2024-05-30,38.72999954223633,39.119998931884766,37.59000015258789,38.630001068115234,36.492774963378906,50989100,0.0,0.0
2024-05-31,38.70000076293945,40.08000183105469,38.65999984741211,39.9900016784668,37.77753829956055,58188400,0.0,0.0
2024-06-03,40.040000915527344,40.189998626708984,39.36000061035156,39.880001068115234,37.67363357543945,31898600,0.0,0.0
2024-06-04,39.619998931884766,40.13999938964844,39.41999816894531,39.68000030517578,37.48469161987305,26974200,0.0,0.0
2024-06-05,39.81999969482422,39.9900016784668,39.52000045776367,39.959999084472656,37.749202728271484,34140300,0.0,0.0
2024-06-06,39.90999984741211,40.0,39.41999816894531,39.70000076293945,37.50358581542969,38676400,0.0,0.0
2024-06-07,39.279998779296875,39.959999084472656,39.279998779296875,39.779998779296875,37.807716369628906,25928700,0.24,0.0
2024-06-10,39.58000183105469,39.84000015258789,39.209999084472656,39.66999816894531,37.70317077636719,37176200,0.0,0.0
2024-06-11,39.33000183105469,39.349998474121094,38.459999084472656,38.86000061035156,36.933326721191406,44629000,0.0,0.0
2024-06-12,39.79999923706055,39.880001068115234,39.099998474121094,39.40999984741211,37.456058502197266,38964700,0.0,0.0
2024-06-13,39.290000915527344,39.349998474121094,38.93000030517578,39.2599983215332,37.313499450683594,40018700,0.0,0.0
2024-06-14,39.099998474121094,39.47999954223633,38.90999984741211,39.2400016784668,37.294490814208984,32347900,0.0,0.0
2024-06-17,39.09000015258789,39.529998779296875,38.97999954223633,39.5099983215332,37.55110168457031,26135400,0.0,0.0
2024-06-18,39.560001373291016,40.02000045776367,39.459999084472656,39.9900016784668,38.00730514526367,30804500,0.0,0.0
2024-06-20,39.779998779296875,40.310001373291016,39.75,39.9900016784668,38.00730514526367,29383300,0.0,0.0
2024-06-21,39.849998474121094,39.90999984741211,39.369998931884766,39.4900016784668,37.532100677490234,72244900,0.0,0.0
2024-06-24,39.77000045776367,40.34000015258789,39.650001525878906,40.02000045776367,38.03581619262695,31064900,0.0,0.0
2024-06-25,39.779998779296875,40.06999969482422,39.349998474121094,39.380001068115234,37.427547454833984,30596000,0.0,0.0
2024-06-26,39.16999816894531,39.349998474121094,38.470001220703125,39.0,37.06639099121094,44310200,0.0,0.0
2024-06-27,38.70000076293945,39.349998474121094,38.34000015258789,39.25,37.30399703979492,29464200,0.0,0.0
2024-06-28,39.7400016784668,40.060001373291016,39.31999969482422,39.77000045776367,37.7982177734375,52028200,0.0,0.0
2024-07-01,39.90999984741211,40.34000015258789,39.66999816894531,40.0099983215332,38.02631378173828,26770500,0.0,0.0
2024-07-02,40.0,40.959999084472656,39.959999084472656,40.93000030517578,38.90070724487305,35626100,0.0,0.0
2024-07-03,41.02000045776367,41.20000076293945,40.75,40.900001525878906,38.872196197509766,17100700,0.0,0.0
2024-07-05,40.93000030517578,40.959999084472656,40.290000915527344,40.40999984741211,38.4064826965332,23489000,0.0,0.0
2024-07-08,40.599998474121094,41.040000915527344,40.43000030517578,40.619998931884766,38.606075286865234,26728500,0.0,0.0
2024-07-09,40.7599983215332,41.83000183105469,40.599998474121094,41.41999816894531,39.36640167236328,34697200,0.0,0.0
2024-07-10,41.279998779296875,41.7599983215332,41.06999969482422,41.7400016784668,39.6705436706543,25333400,0.0,0.0
2024-07-11,41.77000045776367,41.900001525878906,41.38999938964844,41.810001373291016,39.7370719909668,33824600,0.0,0.0
2024-07-12,41.4900016784668,41.91999816894531,41.09000015258789,41.59000015258789,39.52798080444336,31856600,0.0,0.0
2024-07-15,41.849998474121094,42.22999954223633,41.70000076293945,41.88999938964844,39.81310272216797,36648100,0.0,0.0
2024-07-16,42.52000045776367,44.400001525878906,42.220001220703125,44.130001068115234,41.94204330444336,75953300,0.0,0.0
2024-07-17,43.650001525878906,44.439998626708984,43.650001525878906,43.97999954223633,41.79948425292969,65713600,0.0,0.0
2024-07-18,43.619998931884766,44.2400016784668,42.93000030517578,43.0099983215332,40.8775749206543,48549200,0.0,0.0
2024-07-19,42.86000061035156,43.560001373291016,42.689998626708984,42.900001525878906,40.77302932739258,43903000,0.0,0.0
2024-07-22,42.63999938964844,42.869998931884766,41.959999084472656,42.29999923706055,40.202781677246094,42838300,0.0,0.0
2024-07-23,42.220001220703125,42.779998779296875,42.150001525878906,42.40999984741211,40.30732345581055,36705100,0.0,0.0
2024-07-24,42.279998779296875,42.75,42.06999969482422,42.189998626708984,40.09823226928711,36567200,0.0,0.0
2024-07-25,42.02000045776367,42.29999923706055,41.65999984741211,41.68000030517578,39.613521575927734,41593900,0.0,0.0
2024-07-26,41.58000183105469,41.959999084472656,41.40999984741211,41.66999816894531,39.604007720947266,52049300,0.0,0.0
2024-07-29,41.779998779296875,41.880001068115234,40.97999954223633,41.09000015258789,39.05276870727539,37133100,0.0,0.0
2024-07-30,41.04999923706055,41.88999938964844,40.810001373291016,41.279998779296875,39.23335266113281,44163200,0.0,0.0
2024-07-31,41.22999954223633,41.380001068115234,40.220001220703125,40.310001373291016,38.311439514160156,50851600,0.0,0.0
2024-08-01,40.439998626708984,40.45000076293945,38.97999954223633,39.5,37.54159927368164,60107800,0.0,0.0
2024-08-02,38.0,38.529998779296875,37.18000030517578,37.58000183105469,35.71678924560547,76728000,0.0,0.0
2024-08-05,35.650001525878906,36.959999084472656,35.13999938964844,36.650001525878906,34.83290100097656,76075200,0.0,0.0
2024-08-06,36.650001525878906,37.310001373291016,36.540000915527344,36.91999816894531,35.089515686035156,40614100,0.0,0.0
2024-08-07,38.099998474121094,38.59000015258789,37.27000045776367,37.29999923706055,35.45067596435547,44952400,0.0,0.0
2024-08-08,37.81999969482422,38.41999816894531,37.65999984741211,38.209999084472656,36.31555938720703,36557800,0.0,0.0
2024-08-09,38.15999984741211,38.45000076293945,37.90999984741211,38.279998779296875,36.38208770751953,26411200,0.0,0.0
2024-08-12,38.5,38.72999954223633,38.0099983215332,38.16999816894531,36.27754211425781,33040600,0.0,0.0
2024-08-13,38.369998931884766,38.47999954223633,38.119998931884766,38.459999084472656,36.55316162109375,21553500,0.0,0.0
2024-08-14,38.52000045776367,38.91999816894531,38.43000030517578,38.810001373291016,36.885807037353516,25658900,0.0,0.0
2024-08-15,39.43000030517578,39.68000030517578,38.970001220703125,39.029998779296875,37.09490203857422,37379800,0.0,0.0
2024-08-16,39.0,39.41999816894531,38.9900016784668,39.34000015258789,37.3895378112793,26886600,0.0,0.0
2024-08-19,39.47999954223633,39.7400016784668,39.45000076293945,39.66999816894531,37.70317077636719,27268900,0.0,0.0
2024-08-20,39.119998931884766,39.2400016784668,38.34000015258789,38.689998626708984,36.77175521850586,44440800,0.0,0.0
2024-08-21,38.869998931884766,38.9900016784668,38.38999938964844,38.75,36.82878875732422,33751100,0.0,0.0
2024-08-22,38.779998779296875,39.290000915527344,38.56999969482422,39.2400016784668,37.294490814208984,35421600,0.0,0.0
2024-08-23,39.27000045776367,40.16999816894531,39.27000045776367,39.77000045776367,37.7982177734375,45616600,0.0,0.0
2024-08-26,40.0,40.20000076293945,39.65999984741211,39.91999816894531,37.94078063964844,44659500,0.0,0.0
2024-08-27,40.0,40.130001068115234,39.61000061035156,39.66999816894531,37.70317077636719,32323900,0.0,0.0
2024-08-28,39.34000015258789,40.27000045776367,39.33000183105469,39.95000076293945,37.96929168701172,40700500,0.0,0.0
2024-08-29,40.04999923706055,40.34000015258789,39.529998779296875,40.16999816894531,38.178375244140625,34810800,0.0,0.0
2024-08-30,40.16999816894531,40.86000061035156,40.130001068115234,40.75,38.72962951660156,49098200,0.0,0.0
2024-09-03,40.58000183105469,40.900001525878906,40.22999954223633,40.70000076293945,38.682106018066406,48489300,0.0,0.0
2024-09-04,40.65999984741211,40.95000076293945,40.279998779296875,40.5,38.49202346801758,39629600,0.0,0.0
2024-09-05,40.79999923706055,40.939998626708984,40.0099983215332,40.13999938964844,38.14986801147461,34214500,0.0,0.0
2024-09-06,39.77000045776367,39.880001068115234,38.560001373291016,38.7599983215332,37.07846450805664,47007600,0.26,0.0
2024-09-09,39.25,39.709999084472656,39.099998474121094,39.470001220703125,37.757659912109375,37610200,0.0,0.0
2024-09-10,39.84000015258789,39.84000015258789,38.33000183105469,39.279998779296875,37.57590103149414,53983900,0.0,0.0
2024-09-11,38.9900016784668,39.029998779296875,38.0099983215332,39.0,37.308048248291016,41190000,0.0,0.0
2024-09-12,39.04999923706055,39.33000183105469,38.529998779296875,38.779998779296875,37.097591400146484,39921600,0.0,0.0
2024-09-13,38.880001068115234,39.09000015258789,38.439998626708984,38.650001525878906,36.97323226928711,31887300,0.0,0.0
2024-09-16,38.810001373291016,39.209999084472656,38.790000915527344,39.099998474121094,37.403709411621094,26336400,0.0,0.0
2024-09-17,39.279998779296875,39.79999923706055,39.209999084472656,39.54999923706055,37.83418655395508,27769400,0.0,0.0
2024-09-18,39.619998931884766,40.119998931884766,39.41999816894531,39.619998931884766,37.901153564453125,42527800,0.0,0.0
2024-09-19,40.040000915527344,41.04999923706055,40.0099983215332,40.869998931884766,39.096923828125,57977800,0.0,0.0
2024-09-20,40.619998931884766,40.72999954223633,40.2400016784668,40.27000045776367,38.522953033447266,70725000,0.0,0.0
2024-09-23,40.209999084472656,40.439998626708984,39.75,39.869998931884766,38.14030075073242,31714800,0.0,0.0
2024-09-24,39.849998474121094,39.97999954223633,39.25,39.45000076293945,37.738525390625,32534900,0.0,0.0
2024-09-25,39.25,39.40999984741211,38.939998626708984,39.25,37.547203063964844,28866000,0.0,0.0
2024-09-26,39.38999938964844,39.720001220703125,39.11000061035156,39.52000045776367,37.80548858642578,39601400,0.0,0.0
2024-09-27,39.650001525878906,39.900001525878906,39.349998474121094,39.400001525878906,37.69070053100586,27861100,0.0,0.0
2024-09-30,39.22999954223633,39.790000915527344,39.02000045776367,39.68000030517578,37.958553314208984,35055200,0.0,0.0
2024-10-01,39.5099983215332,39.560001373291016,38.939998626708984,39.220001220703125,37.51850509643555,26291200,0.0,0.0
2024-10-02,39.25,39.540000915527344,39.04999923706055,39.22999954223633,37.52806854248047,23302700,0.0,0.0
2024-10-03,38.97999954223633,39.27000045776367,38.72999954223633,39.25,37.547203063964844,26030200,0.0,0.0
2024-10-04,39.93000030517578,40.25,39.619998931884766,40.11000061035156,38.36989212036133,34209900,0.0,0.0
2024-10-07,40.209999084472656,40.439998626708984,39.709999084472656,39.959999084472656,38.226402282714844,27177500,0.0,0.0
2024-10-08,40.04999923706055,40.150001525878906,39.810001373291016,39.93000030517578,38.19770050048828,26023600,0.0,0.0
2024-10-09,39.869998931884766,40.38999938964844,39.720001220703125,40.189998626708984,38.44641876220703,27421000,0.0,0.0
2024-10-10,40.0099983215332,40.130001068115234,39.77000045776367,39.970001220703125,38.2359733581543,26182300,0.0,0.0
2024-10-11,40.5,42.16999816894531,40.400001525878906,41.95000076293945,40.130069732666016,50660700,0.0,0.0
2024-10-14,41.959999084472656,42.18000030517578,41.720001220703125,41.90999984741211,40.09180450439453,28098900,0.0,0.0
2024-10-15,43.22999954223633,43.36000061035156,42.04999923706055,42.13999938964844,40.311832427978516,61490000,0.0,0.0
2024-10-16,42.209999084472656,43.099998474121094,42.150001525878906,42.79999923706055,40.94319534301758,42437800,0.0,0.0
2024-10-17,42.83000183105469,43.0,42.470001220703125,42.599998474121094,40.75186538696289,31708600,0.0,0.0
2024-10-18,42.43000030517578,42.650001525878906,42.11000061035156,42.31999969482422,40.4840202331543,30593500,0.0,0.0
2024-10-21,42.25,42.40999984741211,41.7400016784668,41.7599983215332,39.94831085205078,26589500,0.0,0.0
2024-10-22,41.650001525878906,42.40999984741211,41.56999969482422,42.29999923706055,40.46488571166992,37104400,0.0,0.0
2024-10-23,42.20000076293945,42.470001220703125,42.02000045776367,42.34000015258789,40.503150939941406,28569400,0.0,0.0
2024-10-24,42.31999969482422,42.65999984741211,41.970001220703125,42.650001525878906,40.79969787597656,28392000,0.0,0.0
2024-10-25,42.91999816894531,42.97999954223633,41.790000915527344,41.88999938964844,40.07266616821289,27466900,0.0,0.0
2024-10-28,42.06999969482422,42.75,42.0099983215332,42.619998931884766,40.770999908447266,24527600,0.0,0.0
2024-10-29,42.59000015258789,42.810001373291016,42.470001220703125,42.529998779296875,40.68490219116211,22313500,0.0,0.0
2024-10-30,41.709999084472656,42.900001525878906,41.63999938964844,42.310001373291016,40.47445297241211,38100500,0.0,0.0
2024-10-31,42.290000915527344,42.54999923706055,41.79999923706055,41.81999969482422,40.00571060180664,28138200,0.0,0.0
2024-11-01,42.150001525878906,42.43000030517578,41.75,41.7599983215332,39.94831085205078,31220000,0.0,0.0
2024-11-04,41.61000061035156,42.02000045776367,41.11000061035156,41.33000183105469,39.536964416503906,31110100,0.0,0.0
2024-11-05,41.5099983215332,42.0099983215332,41.380001068115234,41.880001068115234,40.0631103515625,30851400,0.0,0.0
2024-11-06,44.79999923706055,45.54999923706055,44.0,45.40999984741211,43.43996047973633,110086700,0.0,0.0
2024-11-07,45.040000915527344,45.22999954223633,44.5099983215332,44.77000045776367,42.82772445678711,48339700,0.0,0.0
2024-11-08,45.13999938964844,45.5,44.95000076293945,45.130001068115234,43.1721076965332,38331800,0.0,0.0
2024-11-11,45.599998474121094,46.52000045776367,45.58000183105469,46.08000183105469,44.08089828491211,43293500,0.0,0.0
2024-11-12,46.13999938964844,46.45000076293945,45.84000015258789,45.86000061035156,43.87044143676758,38155900,0.0,0.0
2024-11-13,46.20000076293945,46.47999954223633,45.83000183105469,45.869998931884766,43.8800048828125,36903900,0.0,0.0
2024-11-14,45.95000076293945,46.15999984741211,45.72999954223633,45.900001525878906,43.90870666503906,35733100,0.0,0.0
2024-11-15,45.619998931884766,46.84000015258789,45.619998931884766,46.75,44.721832275390625,40488900,0.0,0.0
2024-11-18,46.75,47.02000045776367,46.4900016784668,46.720001220703125,44.6931266784668,32360300,0.0,0.0
2024-11-19,45.9900016784668,46.619998931884766,45.95000076293945,46.40999984741211,44.39657211303711,28534100,0.0,0.0
2024-11-20,46.56999969482422,46.63999938964844,45.91999816894531,46.060001373291016,44.061763763427734,28021000,0.0,0.0
2024-11-21,46.38999938964844,47.04999923706055,46.29999923706055,46.459999084472656,44.44441223144531,45336500,0.0,0.0
2024-11-22,46.369998931884766,47.220001220703125,46.279998779296875,47.0,44.96097946166992,37996200,0.0,0.0
2024-11-25,47.2599983215332,47.7400016784668,47.15999984741211,47.5,45.43928909301758,42718600,0.0,0.0
2024-11-26,47.5099983215332,47.84000015258789,47.209999084472656,47.75,45.678443908691406,30301500,0.0,0.0
2024-11-27,47.81999969482422,47.97999954223633,47.650001525878906,47.77000045776367,45.69757843017578,23278400,0.0,0.0
2024-11-29,47.79999923706055,48.08000183105469,47.5,47.5099983215332,45.4488525390625,23262000,0.0,0.0
2024-12-02,47.7400016784668,47.81999969482422,46.849998474121094,47.040000915527344,44.99924850463867,35891500,0.0,0.0
2024-12-03,47.369998931884766,47.47999954223633,46.650001525878906,46.81999969482422,44.788795471191406,38123800,0.0,0.0
2024-12-04,46.689998626708984,46.779998779296875,46.130001068115234,46.369998931884766,44.35831069946289,24941300,0.0,0.0
2024-12-05,46.560001373291016,47.2400016784668,46.5,47.0,44.96097946166992,31572100,0.0,0.0
2024-12-06,47.060001373291016,47.060001373291016,46.400001525878906,46.75,44.97060012817383,28931700,0.26,0.0
2024-12-09,46.560001373291016,46.75,45.900001525878906,45.90999984741211,44.162574768066406,34660900,0.0,0.0
2024-12-10,45.90999984741211,46.290000915527344,45.59000015258789,45.75,44.00865936279297,35665800,0.0,0.0
2024-12-11,46.0,46.15999984741211,45.470001220703125,46.08000183105469,44.326107025146484,36790500,0.0,0.0
2024-12-12,46.13999938964844,46.470001220703125,45.91999816894531,46.08000183105469,44.326107025146484,24017300,0.0,0.0
2024-12-13,46.09000015258789,46.099998474121094,45.380001068115234,45.66999816894531,43.931705474853516,32902300,0.0,0.0
2024-12-16,45.59000015258789,45.68000030517578,45.15999984741211,45.470001220703125,43.739322662353516,27330400,0.0,0.0
2024-12-17,45.189998626708984,45.189998626708984,44.619998931884766,45.04999923706055,43.335304260253906,33054600,0.0,0.0
2024-12-18,45.13999938964844,45.43000030517578,43.349998474121094,43.5,41.84429931640625,41771900,0.0,0.0
2024-12-19,43.970001220703125,44.47999954223633,43.310001373291016,43.380001068115234,41.72887420654297,38583600,0.0,0.0
2024-12-20,43.20000076293945,44.400001525878906,43.099998474121094,44.16999816894531,42.488800048828125,74222200,0.0,0.0
2024-12-23,43.900001525878906,44.11000061035156,42.779998779296875,43.88999938964844,42.21945571899414,35374800,0.0,0.0
2024-12-24,43.93000030517578,44.41999816894531,43.93000030517578,44.380001068115234,42.69080352783203,12054400,0.0,0.0
2024-12-26,44.209999084472656,44.58000183105469,44.11000061035156,44.54999923706055,42.854339599609375,16077400,0.0,0.0
2024-12-27,44.2400016784668,44.779998779296875,44.060001373291016,44.34000015258789,42.6523323059082,17972500,0.0,0.0
2024-12-30,43.88999938964844,44.13999938964844,43.54999923706055,43.90999984741211,42.23869705200195,16109800,0.0,0.0
2024-12-31,44.040000915527344,44.22999954223633,43.709999084472656,43.95000076293945,42.27717208862305,16110400,0.0,0.0
2025-01-02,44.13999938964844,44.59000015258789,43.79999923706055,44.290000915527344,42.60423278808594,25610600,0.0,0.0
2025-01-03,44.75,44.849998474121094,44.150001525878906,44.810001373291016,43.10443878173828,23455700,0.0,0.0
2025-01-06,45.15999984741211,46.150001525878906,45.099998474121094,45.400001525878906,43.6719856262207,30518500,0.0,0.0
2025-01-07,46.279998779296875,46.650001525878906,45.650001525878906,46.08000183105469,44.326107025146484,41111200,0.0,0.0
2025-01-08,45.900001525878906,46.2599983215332,45.689998626708984,46.209999084472656,44.45115661621094,40246000,0.0,0.0
2025-01-10,46.0,46.04999923706055,44.7400016784668,45.11000061035156,43.39302444458008,40741300,0.0,0.0
2025-01-13,45.099998474121094,45.34000015258789,44.689998626708984,45.060001373291016,43.34492492675781,34353600,0.0,0.0
2025-01-14,45.599998474121094,45.91999816894531,45.22999954223633,45.779998779296875,44.03752517700195,36379000,0.0,0.0
2025-01-15,47.119998931884766,47.459999084472656,46.84000015258789,47.099998474121094,45.307281494140625,57154800,0.0,0.0
2025-01-16,47.0,47.5099983215332,45.81999969482422,46.63999938964844,44.86478805541992,56339300,0.0,0.0
2025-01-17,46.61000061035156,46.880001068115234,46.08000183105469,46.529998779296875,44.75897216796875,44486100,0.0,0.0
2025-01-21,46.619998931884766,47.150001525878906,46.540000915527344,46.65999984741211,44.884033203125,52089100,0.0,0.0
2025-01-22,46.599998474121094,46.72999954223633,45.7599983215332,45.790000915527344,44.04713821411133,40296200,0.0,0.0
2025-01-23,46.04999923706055,46.88999938964844,46.04999923706055,46.38999938964844,44.62430191040039,35324100,0.0,0.0
2025-01-24,46.22999954223633,46.86000061035156,46.150001525878906,46.52000045776367,44.74936294555664,24655100,0.0,0.0
2025-01-27,46.54999923706055,47.13999938964844,46.380001068115234,47.09000015258789,45.297664642333984,44260000,0.0,0.0
2025-01-28,47.08000183105469,47.439998626708984,46.709999084472656,46.84000015258789,45.05717468261719,27156600,0.0,0.0
2025-01-29,46.75,47.38999938964844,46.63999938964844,46.75,44.97060012817383,23681500,0.0,0.0
2025-01-30,47.11000061035156,47.16999816894531,46.400001525878906,46.720001220703125,44.94174575805664,31199900,0.0,0.0
2025-01-31,46.70000076293945,46.83000183105469,46.15999984741211,46.29999923706055,44.53772735595703,30388900,0.0,0.0
2025-02-03,45.41999816894531,46.47999954223633,45.11000061035156,46.209999084472656,44.45115661621094,36497700,0.0,0.0
2025-02-04,46.349998474121094,47.130001068115234,46.27000045776367,46.709999084472656,44.93212127685547,32894000,0.0,0.0
2025-02-05,46.97999954223633,47.130001068115234,46.63999938964844,47.11000061035156,45.316898345947266,27696600,0.0,0.0
2025-02-06,47.439998626708984,47.97999954223633,47.16999816894531,47.7400016784668,45.92292404174805,39793400,0.0,0.0
2025-02-07,47.84000015258789,47.970001220703125,47.380001068115234,47.400001525878906,45.59586715698242,26504700,0.0,0.0
2025-02-10,47.47999954223633,47.560001373291016,46.400001525878906,46.66999816894531,44.89364242553711,26725200,0.0,0.0
2025-02-11,46.54999923706055,46.93000030517578,46.279998779296875,46.790000915527344,45.00907897949219,20314900,0.0,0.0
2025-02-12,46.56999969482422,46.58000183105469,45.939998626708984,46.209999084472656,44.45115661621094,29777100,0.0,0.0
2025-02-13,46.52000045776367,46.56999969482422,45.970001220703125,46.33000183105469,44.56658935546875,26815400,0.0,0.0
2025-02-14,46.47999954223633,47.09000015258789,46.47999954223633,46.959999084472656,45.172607421875,25960500,0.0,0.0
2025-02-18,46.560001373291016,46.650001525878906,46.15999984741211,46.529998779296875,44.75897216796875,37824100,0.0,0.0
2025-02-19,45.880001068115234,46.060001373291016,45.41999816894531,46.0099983215332,44.25876235961914,38967800,0.0,0.0
2025-02-20,45.900001525878906,46.189998626708984,45.040000915527344,45.29999923706055,43.5757942199707,40001100,0.0,0.0
2025-02-21,45.25,45.5099983215332,44.540000915527344,44.810001373291016,43.10443878173828,43485900,0.0,0.0
2025-02-24,45.029998779296875,45.38999938964844,44.439998626708984,44.459999084472656,42.767765045166016,35512200,0.0,0.0
2025-02-25,44.529998779296875,44.84000015258789,43.349998474121094,43.939998626708984,42.267555236816406,38119000,0.0,0.0
2025-02-26,44.040000915527344,44.54999923706055,43.86000061035156,43.939998626708984,42.267555236816406,32251700,0.0,0.0
2025-02-27,44.09000015258789,44.779998779296875,43.939998626708984,44.119998931884766,42.440704345703125,28477700,0.0,0.0
2025-02-28,44.31999969482422,46.20000076293945,44.20000076293945,46.099998474121094,44.345340728759766,62621100,0.0,0.0
2025-03-03,46.209999084472656,46.959999084472656,45.220001220703125,45.560001373291016,43.825897216796875,46946000,0.0,0.0
2025-03-04,44.72999954223633,44.84000015258789,42.029998779296875,42.66999816894531,41.04589080810547,78278100,0.0,0.0
2025-03-05,42.650001525878906,42.72999954223633,41.709999084472656,42.290000915527344,40.68035888671875,52588900,0.0,0.0
2025-03-06,41.59000015258789,41.88999938964844,40.959999084472656,41.459999084472656,39.8819465637207,58103500,0.0,0.0
2025-03-07,41.310001373291016,41.72999954223633,40.61000061035156,41.400001525878906,40.0755500793457,50651400,0.26,0.0
2025-03-10,40.400001525878906,40.619998931884766,39.18000030517578,39.83000183105469,38.55577850341797,77498400,0.0,0.0
2025-03-11,39.70000076293945,40.65999984741211,39.27000045776367,39.61000061035156,38.34281921386719,50608400,0.0,0.0
2025-03-12,40.310001373291016,40.5,39.20000076293945,39.90999984741211,38.633216857910156,42290700,0.0,0.0
2025-03-13,39.970001220703125,40.189998626708984,39.33000183105469,39.66999816894531,38.40089416503906,37766100,0.0,0.0
2025-03-14,40.2599983215332,41.02000045776367,40.16999816894531,40.88999938964844,39.58186340332031,35979900,0.0,0.0
2025-03-17,40.91999816894531,41.77000045776367,40.59000015258789,41.439998626708984,40.1142692565918,37242800,0.0,0.0
2025-03-18,41.720001220703125,41.83000183105469,41.290000915527344,41.650001525878906,40.31755828857422,37644500,0.0,0.0
2025-03-19,41.720001220703125,42.70000076293945,41.29999923706055,42.209999084472656,40.85963821411133,42471100,0.0,0.0
2025-03-20,41.7599983215332,42.720001220703125,41.650001525878906,42.47999954223633,41.121002197265625,41018100,0.0,0.0
2025-03-21,42.15999984741211,42.65999984741211,41.88999938964844,42.470001220703125,41.11132049560547,65011000,0.0,0.0
2025-03-24,42.93000030517578,43.150001525878906,42.75,43.06999969482422,41.6921272277832,30646100,0.0,0.0
2025-03-25,43.349998474121094,43.529998779296875,43.040000915527344,43.279998779296875,41.895408630371094,25445300,0.0,0.0
2025-03-26,43.459999084472656,43.720001220703125,42.72999954223633,42.81999969482422,41.45012283325195,30012100,0.0,0.0
2025-03-27,42.81999969482422,43.09000015258789,42.52000045776367,42.560001373291016,41.19844436645508,25619200,0.0,0.0
2025-03-28,42.439998626708984,42.619998931884766,40.9900016784668,41.25,39.93035125732422,34253000,0.0,0.0
2025-03-31,40.779998779296875,41.900001525878906,40.599998474121094,41.72999954223633,40.394989013671875,36390000,0.0,0.0
2025-04-01,41.31999969482422,41.70000076293945,40.970001220703125,41.4900016784668,40.16267395019531,25578500,0.0,0.0
2025-04-02,40.880001068115234,41.970001220703125,40.81999969482422,41.849998474121094,40.51115417480469,28216100,0.0,0.0
2025-04-03,38.630001068115234,38.84000015258789,37.02000045776367,37.220001220703125,36.02928161621094,115497900,0.0,0.0
2025-04-04,35.290000915527344,35.790000915527344,33.66999816894531,34.38999938964844,33.2898063659668,107761200,0.0,0.0
2025-04-07,34.970001220703125,36.630001068115234,33.540000915527344,35.58000183105469,34.44174575805664,137329100,0.0,0.0
2025-04-08,36.86000061035156,37.33000183105469,34.33000183105469,35.029998779296875,33.909332275390625,79116300,0.0,0.0
2025-04-09,34.04999923706055,37.849998474121094,33.06999969482422,37.150001525878906,35.96151351928711,161173500,0.0,0.0
2025-04-10,36.31999969482422,36.400001525878906,34.630001068115234,35.849998474121094,34.70309829711914,90451800,0.0,0.0
2025-04-11,35.20000076293945,36.22999954223633,34.810001373291016,35.95000076293945,34.799903869628906,63671900,0.0,0.0
2025-04-14,36.4900016784668,36.9900016784668,36.27000045776367,36.66999816894531,35.49687194824219,46830600,0.0,0.0
2025-04-15,37.79999923706055,38.75,37.79999923706055,37.9900016784668,36.77463912963867,84677800,0.0,0.0
2025-04-16,37.86000061035156,38.15999984741211,36.970001220703125,37.33000183105469,36.1357536315918,52872700,0.0,0.0
2025-04-17,37.5099983215332,37.869998931884766,37.2400016784668,37.40999984741211,36.21319580078125,47144400,0.0,0.0
2025-04-21,37.06999969482422,37.279998779296875,36.4900016784668,36.91999816894531,35.73887252807617,34928300,0.0,0.0
2025-04-22,37.56999969482422,38.4900016784668,37.400001525878906,38.31999969482422,37.094085693359375,42288900,0.0,0.0
2025-04-23,39.40999984741211,40.130001068115234,38.66999816894531,38.75,37.51032257080078,54428400,0.0,0.0
2025-04-24,38.65999984741211,39.70000076293945,38.599998474121094,39.58000183105469,38.313777923583984,42457100,0.0,0.0
2025-04-25,39.540000915527344,39.790000915527344,39.31999969482422,39.689998626708984,38.42025375366211,32694200,0.0,0.0
2025-04-28,39.79999923706055,40.08000183105469,39.459999084472656,39.779998779296875,38.50737762451172,37428000,0.0,0.0
2025-04-29,39.630001068115234,40.13999938964844,39.47999954223633,39.9900016784668,38.71065902709961,33792500,0.0,0.0
2025-04-30,39.36000061035156,40.0,38.81999969482422,39.880001068115234,38.60418701171875,40994600,0.0,0.0
2025-05-01,39.81999969482422,40.439998626708984,39.58000183105469,40.16999816894531,38.88489532470703,33569100,0.0,0.0
2025-05-02,40.90999984741211,41.22999954223633,40.70000076293945,41.06999969482422,39.75611114501953,41613000,0.0,0.0
2025-05-05,40.849998474121094,41.4900016784668,40.619998931884766,41.119998931884766,39.80451202392578,32829200,0.0,0.0
2025-05-06,40.650001525878906,41.27000045776367,40.560001373291016,40.84000015258789,39.533470153808594,29541800,0.0,0.0
2025-05-07,41.040000915527344,41.34000015258789,40.86000061035156,40.93000030517578,39.62058639526367,30925900,0.0,0.0
2025-05-08,41.290000915527344,42.150001525878906,41.25,41.599998474121094,40.2691535949707,41861700,0.0,0.0
2025-05-09,41.72999954223633,41.97999954223633,41.689998626708984,41.790000915527344,40.45307540893555,27222800,0.0,0.0
2025-05-12,43.31999969482422,43.959999084472656,42.939998626708984,43.36000061035156,41.97285079956055,44875100,0.0,0.0
2025-05-13,43.41999816894531,44.4900016784668,43.41999816894531,44.279998779296875,42.86341857910156,43232500,0.0,0.0
2025-05-14,44.189998626708984,44.91999816894531,44.130001068115234,44.7400016784668,43.3087043762207,42419500,0.0,0.0
2025-05-15,44.599998474121094,44.97999954223633,44.0099983215332,44.380001068115234,42.9602165222168,47379400,0.0,0.0
2025-05-16,44.34000015258789,44.790000915527344,43.65999984741211,44.689998626708984,43.26029968261719,49488100,0.0,0.0
2025-05-19,44.11000061035156,45.13999938964844,44.11000061035156,44.77000045776367,43.337738037109375,37915700,0.0,0.0
2025-05-20,44.59000015258789,44.90999984741211,44.40999984741211,44.689998626708984,43.26029968261719,33424300,0.0,0.0
2025-05-21,44.369998931884766,44.4900016784668,43.150001525878906,43.25,41.86636734008789,55594100,0.0,0.0
2025-05-22,43.18000030517578,43.56999969482422,42.959999084472656,43.310001373291016,41.9244499206543,29026200,0.0,0.0
2025-05-23,42.47999954223633,43.43000030517578,42.349998474121094,43.20000076293945,41.817970275878906,34875100,0.0,0.0
2025-05-27,43.790000915527344,44.220001220703125,43.29999923706055,44.220001220703125,42.805335998535156,36322000,0.0,0.0
2025-05-28,44.209999084472656,44.439998626708984,43.959999084472656,44.060001373291016,42.65045928955078,35673800,0.0,0.0
2025-05-29,44.369998931884766,44.459999084472656,43.900001525878906,44.2400016784668,42.8246955871582,28545100,0.0,0.0
2025-05-30,44.189998626708984,44.29999923706055,43.720001220703125,44.130001068115234,42.71821212768555,66537500,0.0,0.0
2025-06-02,43.880001068115234,44.150001525878906,43.36000061035156,44.08000183105469,42.66981887817383,28582600,0.0,0.0
2025-06-03,44.0099983215332,44.72999954223633,43.939998626708984,44.650001525878906,43.221580505371094,31320200,0.0,0.0
2025-06-04,44.599998474121094,45.09000015258789,44.34000015258789,44.36000061035156,42.94085693359375,30591700,0.0,0.0
2025-06-05,44.45000076293945,44.58000183105469,44.0099983215332,44.380001068115234,42.9602165222168,32020900,0.0,0.0
2025-06-06,44.689998626708984,45.16999816894531,44.63999938964844,44.970001220703125,43.78786849975586,37013000,0.26,0.0
2025-06-09,45.11000061035156,45.400001525878906,44.779998779296875,44.869998931884766,43.69049835205078,32414000,0.0,0.0
2025-06-10,44.79999923706055,45.20000076293945,44.75,45.09000015258789,43.90471267700195,32229100,0.0,0.0
2025-06-11,45.20000076293945,45.40999984741211,44.54999923706055,44.72999954223633,43.55418014526367,47873500,0.0,0.0
2025-06-12,44.400001525878906,44.650001525878906,44.02000045776367,44.619998931884766,43.44707107543945,30165400,0.0,0.0
2025-06-13,44.0,44.459999084472656,43.65999984741211,44.09000015258789,42.93100357055664,43281700,0.0,0.0
2025-06-16,44.63999938964844,44.88999938964844,44.349998474121094,44.40999984741211,43.24259567260742,34103600,0.0,0.0
2025-06-17,44.27000045776367,44.66999816894531,44.060001373291016,44.22999954223633,43.067325592041016,27489600,0.0,0.0
2025-06-18,44.2599983215332,45.20000076293945,44.209999084472656,45.060001373291016,43.875511169433594,37684700,0.0,0.0
2025-06-20,45.310001373291016,45.650001525878906,45.27000045776367,45.5,44.3039436340332,64591600,0.0,0.0
2025-06-23,45.400001525878906,46.369998931884766,45.11000061035156,46.29999923706055,45.082908630371094,42683600,0.0,0.0
2025-06-24,46.75,47.189998626708984,46.56999969482422,46.65999984741211,45.433448791503906,45437600,0.0,0.0
2025-06-25,46.58000183105469,46.97999954223633,46.459999084472656,46.849998474121094,45.61845016479492,33532400,0.0,0.0
2025-06-26,46.95000076293945,47.58000183105469,46.900001525878906,47.459999084472656,46.21241760253906,40127000,0.0,0.0
2025-06-27,47.45000076293945,47.66999816894531,46.90999984741211,47.119998931884766,45.8813591003418,56705000,0.0,0.0
2025-06-30,47.619998931884766,47.619998931884766,47.029998779296875,47.31999969482422,46.07609939575195,47921200,0.0,0.0
2025-07-01,47.02000045776367,48.41999816894531,46.939998626708984,48.150001525878906,46.884281158447266,48540900,0.0,0.0
2025-07-02,48.36000061035156,48.72999954223633,48.060001373291016,48.709999084472656,47.42955780029297,48003600,0.0,0.0
2025-07-03,48.95000076293945,49.310001373291016,48.810001373291016,48.93000030517578,47.64377212524414,21620300,0.0,0.0
2025-07-07,48.7400016784668,49.209999084472656,48.369998931884766,48.65999984741211,47.3808708190918,35567900,0.0,0.0
2025-07-08,47.5,47.790000915527344,46.7599983215332,47.150001525878906,45.91057205200195,88086500,0.0,0.0
2025-07-09,47.15999984741211,47.45000076293945,46.709999084472656,46.84000015258789,45.60871505737305,46227900,0.0,0.0
2025-07-10,46.900001525878906,47.220001220703125,46.779998779296875,46.970001220703125,45.73529815673828,44225000,0.0,0.0
2025-07-11,46.63999938964844,46.810001373291016,46.25,46.72999954223633,45.50160598754883,31653000,0.0,0.0
2025-07-14,46.810001373291016,47.06999969482422,46.54999923706055,47.06999969482422,45.83266830444336,36381200,0.0,0.0
2025-07-15,46.880001068115234,47.0099983215332,45.95000076293945,46.150001525878906,44.93685531616211,55145000,0.0,0.0
2025-07-16,46.25,46.560001373291016,45.0099983215332,46.029998779296875,44.82000732421875,61296600,0.0,0.0
2025-07-17,45.63999938964844,47.220001220703125,45.439998626708984,47.02000045776367,45.78398513793945,56480700,0.0,0.0
2025-07-18,47.0099983215332,47.380001068115234,46.900001525878906,47.31999969482422,46.07609939575195,48314200,0.0,0.0
2025-07-21,47.540000915527344,48.040000915527344,47.20000076293945,47.47999954223633,46.23189163208008,32199700,0.0,0.0
2025-07-22,47.599998474121094,48.16999816894531,47.459999084472656,47.77000045776367,46.5142707824707,34749400,0.0,0.0
2025-07-23,48.0099983215332,48.310001373291016,47.810001373291016,48.13999938964844,46.874542236328125,31380100,0.0,0.0
2025-07-24,48.4900016784668,49.0,48.209999084472656,48.38999938964844,47.11796569824219,42967600,0.0,0.0
2025-07-25,48.38999938964844,48.54999923706055,47.939998626708984,48.45000076293945,47.176395416259766,24461200,0.0,0.0
2025-07-28,48.45000076293945,48.540000915527344,48.08000183105469,48.22999954223633,46.96217727661133,20590400,0.0,0.0
2025-07-29,48.38999938964844,48.5099983215332,47.88999938964844,47.95000076293945,46.68953323364258,26216500,0.0,0.0
2025-07-30,48.2599983215332,48.5,47.7400016784668,47.959999084472656,46.699275970458984,32265900,0.0,0.0
2025-07-31,47.7599983215332,48.029998779296875,47.189998626708984,47.27000045776367,46.02741622924805,40016300,0.0,0.0
2025-08-01,46.36000061035156,46.40999984741211,45.31999969482422,45.65999984741211,44.45973587036133,52310400,0.0,0.0
2025-08-04,45.959999084472656,46.11000061035156,45.63999938964844,45.849998474121094,44.644737243652344,31038900,0.0,0.0
2025-08-05,45.95000076293945,46.0,44.75,45.560001373291016,44.362369537353516,36798300,0.0,0.0
2025-08-06,45.709999084472656,45.939998626708984,45.38999938964844,45.41999816894531,44.22603988647461,27916800,0.0,0.0
2025-08-07,45.709999084472656,45.7599983215332,44.779998779296875,44.91999816894531,43.73918533325195,30609900,0.0,0.0
2025-08-08,45.150001525878906,46.29999923706055,44.97999954223633,46.0099983215332,44.80052947998047,37131600,0.0,0.0
2025-08-11,46.060001373291016,46.52000045776367,45.810001373291016,46.15999984741211,44.946590423583984,35559400,0.0,0.0
2025-08-12,46.47999954223633,47.65999984741211,46.36000061035156,47.5,46.25136947631836,35481200,0.0,0.0
2025-08-13,47.68000030517578,47.7599983215332,46.9900016784668,47.2400016784668,45.998207092285156,29465100,0.0,0.0
2025-08-14,47.09000015258789,47.72999954223633,46.88999938964844,47.709999084472656,46.45584487915039,21073800,0.0,0.0
2025-08-15,47.75,47.81999969482422,46.900001525878906,46.939998626708984,45.706085205078125,26276900,0.0,0.0
2025-08-18,46.91999816894531,48.040000915527344,46.790000915527344,47.91999816894531,46.66032791137695,43125100,0.0,0.0
2025-08-19,47.81999969482422,48.119998931884766,47.630001068115234,48.08000183105469,46.81612014770508,33783400,0.0,0.0
2025-08-20,48.16999816894531,48.5,47.869998931884766,48.349998474121094,47.079017639160156,30822200,0.0,0.0
2025-08-21,48.27000045776367,48.4900016784668,47.810001373291016,48.2599983215332,46.99138641357422,28713200,0.0,0.0
2025-08-22,48.52000045776367,49.65999984741211,48.459999084472656,49.47999954223633,48.17931365966797,45078900,0.0,0.0
2025-08-25,49.38999938964844,49.65999984741211,49.209999084472656,49.47999954223633,48.17931365966797,34715700,0.0,0.0
2025-08-26,49.25,50.2599983215332,49.25,50.25,48.9290771484375,40609300,0.0,0.0
2025-08-27,50.029998779296875,50.630001068115234,49.9900016784668,50.380001068115234,49.05565643310547,42428200,0.0,0.0
2025-08-28,50.54999923706055,50.63999938964844,50.279998779296875,50.4900016784668,49.16276550292969,32949400,0.0,0.0
2025-08-29,50.5099983215332,50.91999816894531,50.5099983215332,50.7400016784668,49.40619659423828,32496500,0.0,0.0
2025-09-02,50.220001220703125,50.470001220703125,49.66999816894531,50.41999816894531,49.0946044921875,52719800,0.0,0.0
2025-09-03,50.400001525878906,50.56999969482422,49.70000076293945,50.060001373291016,48.74407196044922,38344200,0.0,0.0
2025-09-04,50.2400016784668,50.83000183105469,50.119998931884766,50.619998931884766,49.28934860229492,34796900,0.0,0.0
2025-09-05,50.439998626708984,50.790000915527344,49.22999954223633,49.77000045776367,48.73124313354492,40063300,0.28,0.0
2025-09-08,49.79999923706055,49.90999984741211,48.880001068115234,49.459999084472656,48.42771530151367,48033100,0.0,0.0
2025-09-09,49.5,50.560001373291016,49.459999084472656,50.290000915527344,49.24039840698242,40060100,0.0,0.0
2025-09-10,50.369998931884766,50.630001068115234,49.970001220703125,50.130001068115234,49.083736419677734,31706300,0.0,0.0
2025-09-11,50.13999938964844,50.959999084472656,49.9900016784668,50.75,49.690792083740234,28055200,0.0,0.0
2025-09-12,50.70000076293945,50.93000030517578,50.459999084472656,50.58000183105469,49.52434539794922,27851100,0.0,0.0
2025-09-15,50.849998474121094,51.09000015258789,50.459999084472656,50.59000015258789,49.53413391113281,29043600,0.0,0.0
2025-09-16,50.63999938964844,50.880001068115234,50.209999084472656,50.65999984741211,49.6026725769043,31624400,0.0,0.0
2025-09-17,50.86000061035156,51.630001068115234,50.790000915527344,51.400001525878906,50.32722854614258,38337900,0.0,0.0
2025-09-18,51.4900016784668,52.189998626708984,51.29999923706055,52.130001068115234,51.041996002197266,35246900,0.0,0.0
2025-09-19,52.150001525878906,52.65999984741211,51.7599983215332,52.25,51.159488677978516,98970700,0.0,0.0
2025-09-22,51.7599983215332,52.349998474121094,51.7599983215332,51.91999816894531,50.83637237548828,27468000,0.0,0.0
2025-09-23,52.0,52.880001068115234,51.52000045776367,51.70000076293945,50.62096405029297,28278200,0.0,0.0
2025-09-24,51.849998474121094,52.25,51.459999084472656,51.70000076293945,50.62096405029297,27010400,0.0,0.0
2025-09-25,51.47999954223633,52.33000183105469,51.439998626708984,51.849998474121094,50.76782989501953,22957900,0.0,0.0
2025-09-26,52.11000061035156,52.619998931884766,51.97999954223633,52.209999084472656,51.120323181152344,20025800,0.0,0.0
2025-09-29,52.36000061035156,52.54999923706055,52.11000061035156,52.41999816894531,51.32593536376953,23701000,0.0,0.0
2025-09-30,52.47999954223633,52.56999969482422,51.02000045776367,51.59000015258789,50.51326370239258,29945000,0.0,0.0
2025-10-01,51.29999923706055,51.68000030517578,50.560001373291016,50.68000030517578,49.62225341796875,27709100,0.0,0.0
2025-10-02,50.650001525878906,50.849998474121094,50.06999969482422,50.47999954223633,49.426429748535156,22757200,0.0,0.0
2025-10-03,50.619998931884766,51.130001068115234,50.54999923706055,50.63999938964844,49.58308792114258,24565700,0.0,0.0
2025-10-06,50.93000030517578,51.31999969482422,49.88999938964844,50.38999938964844,49.33830642700195,25386300,0.0,0.0
2025-10-07,50.54999923706055,50.90999984741211,50.130001068115234,50.290000915527344,49.24039840698242,24107300,0.0,0.0
2025-10-08,50.400001525878906,50.5099983215332,49.779998779296875,49.84000015258789,48.79978561401367,24014200,0.0,0.0
2025-10-09,50.0,50.279998779296875,49.66999816894531,49.790000915527344,48.75082778930664,21816900,0.0,0.0
2025-10-10,49.93000030517578,50.13999938964844,48.54999923706055,48.650001525878906,47.63462829589844,31831900,0.0,0.0
2025-10-13,49.20000076293945,49.400001525878906,48.810001373291016,48.86000061035156,47.840240478515625,34462800,0.0,0.0
2025-10-14,48.849998474121094,50.5,48.529998779296875,50.09000015258789,49.0445671081543,42462600,0.0,0.0
2025-10-15,51.56999969482422,52.849998474121094,51.22999954223633,52.279998779296875,51.18886184692383,69992200,0.0,0.0
2025-10-16,52.599998474121094,52.7599983215332,50.0,50.439998626708984,49.38726043701172,49027700,0.0,0.0
2025-10-17,50.95000076293945,51.77000045776367,50.33000183105469,51.279998779296875,50.2097282409668,48915400,0.0,0.0
2025-10-20,51.439998626708984,52.279998779296875,51.369998931884766,52.040000915527344,50.9538688659668,25786000,0.0,0.0
2025-10-21,52.09000015258789,52.369998931884766,51.439998626708984,51.52000045776367,50.444725036621094,27303400,0.0,0.0
2025-10-22,51.5,51.58000183105469,50.439998626708984,51.099998474121094,50.03348922729492,34955000,0.0,0.0
2025-10-23,51.47999954223633,51.79999923706055,51.11000061035156,51.7599983215332,50.67971420288086,26028800,0.0,0.0
2025-10-24,51.849998474121094,52.81999969482422,51.849998474121094,52.56999969482422,51.472808837890625,38923900,0.0,0.0
2025-10-27,52.79999923706055,53.06999969482422,52.529998779296875,53.02000045776367,51.91341781616211,27345800,0.0,0.0
2025-10-28,53.0,53.279998779296875,52.34000015258789,52.869998931884766,51.76654815673828,29575200,0.0,0.0
2025-10-29,52.65999984741211,53.0099983215332,52.31999969482422,52.58000183105469,51.48260498046875,29158800,0.0,0.0
2025-10-30,52.66999816894531,53.439998626708984,52.560001373291016,53.029998779296875,51.9232063293457,37548600,0.0,0.0
2025-10-31,52.790000915527344,53.63999938964844,52.77000045776367,53.45000076293945,52.334442138671875,39295700,0.0,0.0
2025-11-03,53.2599983215332,53.63999938964844,52.709999084472656,53.560001373291016,52.44214630126953,31252300,0.0,0.0
2025-11-04,53.02000045776367,54.0,52.720001220703125,53.540000915527344,52.42256546020508,47226600,0.0,0.0
2025-11-05,52.959999084472656,53.06999969482422,51.7400016784668,52.45000076293945,51.355316162109375,54353600,0.0,0.0
2025-11-06,53.41999816894531,53.75,52.77000045776367,53.290000915527344,52.17778396606445,55296000,0.0,0.0
2025-11-07,53.150001525878906,53.58000183105469,52.709999084472656,53.20000076293945,52.08966064453125,40537700,0.0,0.0
2025-11-10,53.40999984741211,53.9900016784668,53.34000015258789,53.41999816894531,52.30506896972656,26094600,0.0,0.0
2025-11-11,53.75,53.97999954223633,53.279998779296875,53.630001068115234,52.510684967041016,22244300,0.0,0.0
2025-11-12,53.88999938964844,54.689998626708984,53.77000045776367,54.11000061035156,52.98066711425781,40536700,0.0,0.0
2025-11-13,53.790000915527344,54.209999084472656,52.77000045776367,52.869998931884766,51.76654815673828,37716100,0.0,0.0
2025-11-14,52.86000061035156,52.900001525878906,52.029998779296875,52.61000061035156,51.5119743347168,32363100,0.0,0.0
2025-11-17,52.58000183105469,52.58000183105469,51.38999938964844,51.47999954223633,50.40555953979492,35546800,0.0,0.0
2025-11-18,51.279998779296875,52.18000030517578,51.150001525878906,51.63999938964844,50.562217712402344,35189500,0.0,0.0
2025-11-19,51.66999816894531,52.4900016784668,51.66999816894531,52.02000045776367,50.934288024902344,28112300,0.0,0.0
2025-11-20,52.5,52.95000076293945,50.970001220703125,51.0,49.935577392578125,36661600,0.0,0.0
2025-11-21,51.290000915527344,51.779998779296875,50.70000076293945,51.560001373291016,50.483890533447266,43867200,0.0,0.0
2025-11-24,51.650001525878906,52.2400016784668,51.400001525878906,51.93000030517578,50.846160888671875,52852100,0.0,0.0
2025-11-25,52.25,52.880001068115234,51.86000061035156,52.47999954223633,51.38468551635742,41310100,0.0,0.0
2025-11-26,52.70000076293945,53.25,52.54999923706055,52.9900016784668,51.8840446472168,32045600,0.0,0.0
2025-11-28,53.11000061035156,53.939998626708984,53.04999923706055,53.650001525878906,52.5302734375,18920800,0.0,0.0
2025-12-01,53.5,53.900001525878906,53.209999084472656,53.2400016784668,52.12882614135742,30536500,0.0,0.0
2025-12-02,53.529998779296875,53.63999938964844,52.970001220703125,53.189998626708984,52.079864501953125,46073500,0.0,0.0
2025-12-03,53.25,54.2400016784668,53.18000030517578,54.09000015258789,52.96108627319336,37134400,0.0,0.0
2025-12-04,54.209999084472656,54.689998626708984,54.0,54.15999984741211,53.029624938964844,38529600,0.0,0.0
2025-12-05,53.93000030517578,54.83000183105469,53.7400016784668,53.95000076293945,53.0985221862793,33986500,0.28,0.0
2025-12-08,53.900001525878906,54.209999084472656,53.4900016784668,53.900001525878906,53.04930877685547,34386600,0.0,0.0
2025-12-09,53.970001220703125,54.279998779296875,53.27000045776367,53.540000915527344,52.69498825073242,47189300,0.0,0.0
2025-12-10,53.59000015258789,54.54999923706055,53.34000015258789,54.08000183105469,53.22646713256836,54424400,0.0,0.0
2025-12-11,53.95000076293945,54.650001525878906,53.75,54.560001373291016,53.69889450073242,35686900,0.0,0.0
2025-12-12,54.779998779296875,55.29999923706055,54.349998474121094,55.13999938964844,54.26973342895508,40539400,0.0,0.0
2025-12-15,55.40999984741211,56.06999969482422,55.06999969482422,55.33000183105469,54.45674133300781,32881300,0.0,0.0
2025-12-16,55.13999938964844,55.349998474121094,54.689998626708984,54.810001373291016,53.9449462890625,32931900,0.0,0.0
2025-12-17,55.119998931884766,55.56999969482422,54.459999084472656,54.54999923706055,53.689048767089844,35304100,0.0,0.0
2025-12-18,54.79999923706055,55.150001525878906,53.77000045776367,54.2599983215332,53.40362548828125,87452700,0.0,0.0
2025-12-19,54.52000045776367,55.310001373291016,54.380001068115234,55.27000045776367,54.39768600463867,73001900,0.0,0.0
2025-12-22,55.369998931884766,56.11000061035156,55.34000015258789,55.880001068115234,54.9980583190918,33408800,0.0,0.0
2025-12-23,55.810001373291016,56.220001220703125,55.810001373291016,55.970001220703125,55.086639404296875,22274600,0.0,0.0
2025-12-24,56.130001068115234,56.5,55.88999938964844,56.25,55.36221694946289,13634400,0.0,0.0
2025-12-26,56.279998779296875,56.54999923706055,56.029998779296875,56.16999816894531,55.283477783203125,15259400,0.0,0.0
2025-12-29,56.11000061035156,56.25,55.27000045776367,55.349998474121094,54.47642135620117,21040100,0.0,0.0
2025-12-30,55.4900016784668,55.63999938964844,55.16999816894531,55.279998779296875,54.407527923583984,17427600,0.0,0.0
2025-12-31,55.31999969482422,55.41999816894531,54.93000030517578,55.0,54.1319465637207,16293000,0.0,0.0
2026-01-02,55.029998779296875,55.9900016784668,54.880001068115234,55.95000076293945,55.066959381103516,25503600,0.0,0.0
2026-01-05,56.16999816894531,57.54999923706055,56.13999938964844,56.88999938964844,55.99211502075195,36096600,0.0,0.0
2026-01-06,57.0099983215332,57.40999984741211,56.75,57.25,56.346435546875,31791900,0.0,0.0
2026-01-07,56.689998626708984,56.810001373291016,55.439998626708984,55.63999938964844,54.761844635009766,49695500,0.0,0.0
2026-01-08,55.47999954223633,56.58000183105469,55.470001220703125,56.18000030517578,55.2933235168457,30933700,0.0,0.0
2026-01-09,56.16999816894531,56.61000061035156,55.790000915527344,55.849998474121094,54.96853256225586,30768800,0.0,0.0
2026-01-12,55.290000915527344,55.45000076293945,54.72999954223633,55.189998626708984,54.318946838378906,45860600,0.0,0.0
2026-01-13,55.27000045776367,55.52000045776367,54.29999923706055,54.540000915527344,53.67920684814453,43542200,0.0,0.0
2026-01-14,52.880001068115234,53.47999954223633,51.65999984741211,52.47999954223633,51.65171813964844,84750000,0.0,0.0
2026-01-15,52.720001220703125,53.040000915527344,52.22999954223633,52.59000015258789,51.759986877441406,51018300,0.0,0.0
2026-01-16,52.689998626708984,53.380001068115234,52.25,52.970001220703125,52.13398742675781,52178400,0.0,0.0
2026-01-20,52.31999969482422,53.47999954223633,51.959999084472656,52.099998474121094,51.27771759033203,49172700,0.0,0.0
2026-01-21,52.22999954223633,52.86000061035156,52.04999923706055,52.06999969482422,51.248191833496094,36340000,0.0,0.0
2026-01-22,52.470001220703125,53.130001068115234,52.33000183105469,52.45000076293945,51.6221923828125,31229200,0.0,0.0
2026-01-23,52.11000061035156,52.20000076293945,51.380001068115234,51.720001220703125,50.903717041015625,34553500,0.0,0.0
2026-01-26,51.79999923706055,52.279998779296875,51.66999816894531,52.02000045776367,51.19898223876953,27728400,0.0,0.0
2026-01-27,52.209999084472656,52.25,51.810001373291016,52.16999816894531,51.34661102294922,26494300,0.0,0.0
2026-01-28,51.95000076293945,52.13999938964844,51.310001373291016,51.810001373291016,50.99229431152344,35030200,0.0,0.0
2026-01-29,51.97999954223633,53.09000015258789,51.95000076293945,53.08000183105469,52.242252349853516,35200500,0.0,0.0
2026-01-30,52.869998931884766,53.40999984741211,52.77000045776367,53.20000076293945,52.360355377197266,34549100,0.0,0.0
2026-02-02,53.20000076293945,54.09000015258789,52.95000076293945,54.029998779296875,53.17725372314453,34624500,0.0,0.0
2026-02-03,54.20000076293945,55.119998931884766,53.68000030517578,54.45000076293945,53.59062576293945,41208400,0.0,0.0
2026-02-04,54.779998779296875,56.040000915527344,54.709999084472656,55.380001068115234,54.50595474243164,54522500,0.0,0.0
2026-02-05,55.02000045776367,55.290000915527344,54.25,54.939998626708984,54.07289505004883,32959700,0.0,0.0
2026-02-06,55.54999923706055,56.869998931884766,55.290000915527344,56.529998779296875,55.63779830932617,42468000,0.0,0.0
2026-02-09,56.38999938964844,56.720001220703125,56.18000030517578,56.40999984741211,55.51969528198242,31968400,0.0,0.0
2026-02-10,56.439998626708984,56.83000183105469,54.27000045776367,55.38999938964844,54.51579284667969,48304700,0.0,0.0
2026-02-11,55.970001220703125,56.11000061035156,53.2400016784668,53.849998474121094,53.00009536743164,48973500,0.0,0.0
2026-02-12,53.90999984741211,53.939998626708984,51.790000915527344,52.52000045776367,51.69108963012695,55481600,0.0,0.0
2026-02-13,51.90999984741211,52.81999969482422,51.439998626708984,52.54999923706055,51.720611572265625,31772100,0.0,0.0
2026-02-17,53.040000915527344,53.54999923706055,52.619998931884766,52.7400016784668,51.90761947631836,35542400,0.0,0.0
2026-02-18,52.9900016784668,53.61000061035156,52.790000915527344,53.36000061035156,52.5178337097168,30698900,0.0,0.0
2026-02-19,51.90999984741211,52.810001373291016,51.83000183105469,52.77000045776367,51.9371452331543,47148600,0.0,0.0
2026-02-20,52.529998779296875,53.09000015258789,51.83000183105469,53.060001373291016,52.22256851196289,33552000,0.0,0.0
2026-02-23,52.84000015258789,53.2599983215332,50.88999938964844,51.06999969482422,50.263973236083984,50602500,0.0,0.0
2026-02-24,50.7400016784668,50.880001068115234,49.470001220703125,50.40999984741211,49.61438751220703,53062700,0.0,0.0
2026-02-25,50.33000183105469,51.77000045776367,50.310001373291016,51.689998626708984,50.874183654785156,41375000,0.0,0.0
2026-02-26,51.880001068115234,52.66999816894531,51.7400016784668,52.29999923706055,51.47455978393555,52418500,0.0,0.0
2026-02-27,51.08000183105469,51.40999984741211,49.31999969482422,49.83000183105469,49.043548583984375,77728700,0.0,0.0
2026-03-02,48.779998779296875,50.41999816894531,48.58000183105469,49.810001373291016,49.02386474609375,40595200,0.0,0.0
2026-03-03,48.7599983215332,50.5099983215332,48.5,49.970001220703125,49.18133544921875,51242900,0.0,0.0
2026-03-04,49.88999938964844,50.40999984741211,49.209999084472656,50.29999923706055,49.506126403808594,34208500,0.0,0.0
2026-03-05,49.81999969482422,50.43000030517578,49.33000183105469,49.810001373291016,49.02386474609375,39073900,0.0,0.0
2026-03-06,48.54999923706055,48.70000076293945,47.619998931884766,48.63999938964844,48.14295196533203,47016000,0.28,0.0
2026-03-09,47.939998626708984,48.150001525878906,46.77000045776367,47.900001525878906,47.410518646240234,62752800,0.0,0.0
2026-03-10,48.279998779296875,49.150001525878906,47.599998474121094,48.560001373291016,48.06377410888672,50271100,0.0,0.0
2026-03-11,48.36000061035156,48.650001525878906,47.779998779296875,48.52000045776367,48.0241813659668,42185800,0.0,0.0
2026-03-12,47.70000076293945,47.779998779296875,46.790000915527344,47.130001068115234,46.64838790893555,58354500,0.0,0.0
2026-03-13,47.52000045776367,47.81999969482422,46.65999984741211,46.720001220703125,46.242576599121094,45473100,0.0,0.0
2026-03-16,47.119998931884766,47.68000030517578,46.900001525878906,47.060001373291016,46.5791015625,38055600,0.0,0.0
2026-03-17,47.65999984741211,48.08000183105469,47.20000076293945,47.279998779296875,46.796852111816406,33427800,0.0,0.0
2026-03-18,47.220001220703125,47.880001068115234,46.689998626708984,46.83000183105469,46.3514518737793,40251800,0.0,0.0
2026-03-19,46.41999816894531,47.189998626708984,46.119998931884766,47.0099983215332,46.52960968017578,38601400,0.0,0.0
2026-03-20,47.130001068115234,47.459999084472656,46.689998626708984,47.15999984741211,46.67808151245117,78060900,0.0,0.0
2026-03-23,48.34000015258789,48.38999938964844,47.47999954223633,47.52000045776367,47.034400939941406,42333200,0.0,0.0
2026-03-24,47.04999923706055,48.459999084472656,47.02000045776367,48.13999938964844,47.64806365966797,39804100,0.0,0.0
2026-03-25,48.52000045776367,49.11000061035156,48.18000030517578,48.75,48.2518310546875,29988300,0.0,0.0
2026-03-26,48.709999084472656,48.869998931884766,48.029998779296875,48.2400016784668,47.747047424316406,32502600,0.0,0.0
2026-03-27,48.06999969482422,48.25,46.84000015258789,46.970001220703125,46.49002456665039,36781900,0.0,0.0
2026-03-30,47.54999923706055,47.86000061035156,46.93000030517578,47.22999954223633,46.74736404418945,43375900,0.0,0.0
2026-03-31,47.68000030517578,48.77000045776367,47.369998931884766,48.75,48.2518310546875,49060600,0.0,0.0
2026-04-01,49.70000076293945,50.04999923706055,48.779998779296875,49.27000045776367,48.766517639160156,32947000,0.0,0.0
2026-04-02,48.75,49.56999969482422,48.15999984741211,49.380001068115234,48.875396728515625,27548200,0.0,0.0
2026-04-06,49.43000030517578,50.119998931884766,49.25,50.060001373291016,49.54844665527344,28507200,0.0,0.0
2026-04-07,49.79999923706055,50.47999954223633,49.619998931884766,50.279998779296875,49.76619338989258,28473200,0.0,0.0
2026-04-08,51.939998626708984,52.2599983215332,51.369998931884766,51.880001068115234,51.34984588623047,36473500,0.0,0.0
2026-04-09,51.630001068115234,52.84000015258789,51.630001068115234,52.709999084472656,52.171363830566406,32008000,0.0,0.0
2026-04-10,52.79999923706055,52.83000183105469,52.20000076293945,52.540000915527344,52.00310516357422,25225300,0.0,0.0
2026-04-13,52.18000030517578,53.439998626708984,51.849998474121094,53.349998474121094,52.80482482910156,27835300,0.0,0.0
2026-04-14,53.099998474121094,53.56999969482422,52.79999923706055,53.349998474121094,52.80482482910156,40178500,0.0,0.0
2026-04-15,54.25,55.400001525878906,53.709999084472656,54.31999969482422,53.76491165161133,63838200,0.0,0.0
2026-04-16,54.040000915527344,54.5099983215332,53.470001220703125,53.5099983215332,52.96318817138672,35206700,0.0,0.0
2026-04-17,54.15999984741211,54.599998474121094,53.75,53.90999984741211,53.35910415649414,43484700,0.0,0.0
2026-04-20,53.5,53.95000076293945,53.18000030517578,53.95000076293945,53.3986930847168,43999200,0.0,0.0
2026-04-21,54.0,54.650001525878906,53.209999084472656,53.47999954223633,52.933494567871094,34266300,0.0,0.0
2026-04-22,53.66999816894531,53.79999923706055,53.0,53.119998931884766,52.57717514038086,24097600,0.0,0.0
2026-04-23,53.060001373291016,53.52000045776367,52.25,52.470001220703125,51.93381881713867,31956300,0.0,0.0
2026-04-24,52.31999969482422,52.5099983215332,51.93000030517578,52.04999923706055,51.51810836791992,30265400,0.0,0.0
2026-04-27,51.9900016784668,52.93000030517578,51.83000183105469,52.630001068115234,52.09218215942383,28043700,0.0,0.0
2026-04-28,53.02000045776367,53.43000030517578,52.630001068115234,52.65999984741211,52.12187576293945,21164100,0.0,0.0
2026-04-29,52.43000030517578,53.02000045776367,51.83000183105469,52.880001068115234,52.33962631225586,26250700,0.0,0.0
2026-04-30,52.61000061035156,53.65999984741211,52.150001525878906,53.459999084472656,52.9136962890625,27089200,0.0,0.0
2026-05-01,53.689998626708984,54.060001373291016,53.09000015258789,53.2400016784668,52.69594955444336,24825000,0.0,0.0
2026-05-04,53.06999969482422,53.06999969482422,52.0,52.189998626708984,51.65667724609375,42929000,0.0,0.0
2026-05-05,52.56999969482422,53.36000061035156,52.279998779296875,53.119998931884766,52.57717514038086,28458600,0.0,0.0
2026-05-06,53.81999969482422,54.20000076293945,53.470001220703125,53.599998474121094,53.052268981933594,27541200,0.0,0.0
2026-05-07,53.54999923706055,54.0,52.5,52.75,52.21095657348633,28682100,0.0,0.0
2026-05-08,52.97999954223633,53.0099983215332,51.099998474121094,51.310001373291016,50.78567123413086,36111200,0.0,0.0
2026-05-11,51.209999084472656,51.38999938964844,50.27000045776367,50.54999923706055,50.0334358215332,33132200,0.0,0.0
2026-05-12,50.86000061035156,51.08000183105469,49.84000015258789,50.779998779296875,50.261085510253906,33518800,0.0,0.0
2026-05-13,50.36000061035156,50.779998779296875,49.79999923706055,49.84000015258789,49.33069610595703,29838000,0.0,0.0
2026-05-14,50.060001373291016,50.470001220703125,49.4900016784668,49.849998474121094,49.3405876159668,37671800,0.0,0.0
2026-05-15,49.619998931884766,49.9900016784668,49.29999923706055,49.77000045776367,49.261409759521484,46282300,0.0,0.0
2026-05-18,49.720001220703125,50.91999816894531,49.720001220703125,50.689998626708984,50.17200469970703,33404100,0.0,0.0
2026-05-19,50.72999954223633,51.279998779296875,50.380001068115234,50.70000076293945,50.18190383911133,44154600,0.0,0.0
2026-05-20,50.9900016784668,51.58000183105469,50.4900016784668,51.22999954223633,50.70648956298828,47739400,0.0,0.0
2026-05-21,51.0,51.5,50.7599983215332,51.4900016784668,50.96383285522461,27461900,0.0,0.0
2026-05-22,51.689998626708984,52.150001525878906,51.650001525878906,51.79999923706055,51.270660400390625,26683700,0.0,0.0
2026-05-26,52.220001220703125,52.5,51.880001068115234,52.20000076293945,51.66657638549805,27397600,0.0,0.0
2026-05-27,52.38999938964844,52.4900016784668,50.7599983215332,51.099998474121094,50.577816009521484,48581500,0.0,0.0
2026-05-28,50.91999816894531,51.5,50.63999938964844,50.77000045776367,50.251190185546875,48550100,0.0,0.0
2026-05-29,50.970001220703125,51.79999923706055,50.61000061035156,51.599998474121094,51.07270812988281,57930600,0.0,0.0
2026-06-01,51.310001373291016,51.83000183105469,50.849998474121094,51.5099983215332,50.98362350463867,34303700,0.0,0.0
2026-06-02,51.2599983215332,52.709999084472656,51.2599983215332,52.47999954223633,51.94371795654297,42126500,0.0,0.0
2026-06-03,52.2599983215332,52.54999923706055,51.220001220703125,52.400001525878906,51.864532470703125,48065400,0.0,0.0
2026-06-04,53.130001068115234,54.33000183105469,52.79999923706055,54.16999816894531,53.6164436340332,51883600,0.0,0.0
2026-06-05,54.16999816894531,54.279998779296875,53.31999969482422,53.83000183105469,53.5567512512207,38829400,0.28,0.0
2026-06-08,53.720001220703125,54.349998474121094,53.56999969482422,53.630001068115234,53.357765197753906,30332100,0.0,0.0
2026-06-09,54.0,54.619998931884766,53.650001525878906,54.41999816894531,54.14375305175781,32329000,0.0,0.0
2026-06-10,54.540000915527344,55.29999923706055,54.220001220703125,54.540000915527344,54.263145446777344,37025500,0.0,0.0
2026-06-11,54.720001220703125,55.310001373291016,54.06999969482422,55.15999984741211,54.87999725341797,31746300,0.0,0.0
2026-06-12,55.36000061035156,56.189998626708984,55.2599983215332,56.02000045776367,55.735633850097656,32989000,0.0,0.0
2026-06-15,56.619998931884766,57.0,55.7400016784668,55.869998931884766,55.58639144897461,31666500,0.0,0.0
2026-06-16,56.5,57.06999969482422,56.22999954223633,56.84000015258789,56.55147171020508,33409800,0.0,0.0
2026-06-17,57.13999938964844,57.97999954223633,56.29999923706055,56.529998779296875,56.2430419921875,40439300,0.0,0.0
2026-06-18,57.22999954223633,57.33000183105469,56.029998779296875,56.20000076293945,55.91471862792969,70438800,0.0,0.0
2026-06-22,56.849998474121094,57.72999954223633,56.810001373291016,57.369998931884766,57.07877731323242,38653800,0.0,0.0
2026-06-23,57.52000045776367,58.0099983215332,57.20000076293945,57.90999984741211,57.61603927612305,30045700,0.0,0.0
2026-06-24,58.209999084472656,58.33000183105469,57.38999938964844,57.72999954223633,57.43695068359375,30324900,0.0,0.0
2026-06-25,57.849998474121094,59.20000076293945,57.849998474121094,58.189998626708984,57.894615173339844,33747400,0.0,0.0
2026-06-26,58.540000915527344,58.630001068115234,57.439998626708984,57.880001068115234,57.5861930847168,48757600,0.0,0.0
2026-06-29,57.7599983215332,58.34000015258789,57.61000061035156,57.880001068115234,57.5861930847168,28920800,0.0,0.0
2026-06-30,57.470001220703125,57.75,56.84000015258789,56.97999954223633,56.690757751464844,41324600,0.0,0.0
2026-07-01,57.130001068115234,58.47999954223633,56.849998474121094,58.36000061035156,58.06375503540039,35288400,0.0,0.0
2026-07-02,58.939998626708984,59.0,57.939998626708984,58.72999954223633,58.43187713623047,29329700,0.0,0.0
2026-07-06,59.13999938964844,59.939998626708984,58.91999816894531,59.900001525878906,59.59593963623047,34645400,0.0,0.0
2026-07-07,60.290000915527344,60.83000183105469,59.790000915527344,59.86000061035156,59.5561408996582,29306100,0.0,0.0
2026-07-08,59.369998931884766,59.56999969482422,58.29999923706055,58.29999923706055,58.004058837890625,29802400,0.0,0.0
2026-07-09,58.45000076293945,59.43000030517578,58.40999984741211,59.25,58.94923782348633,29203400,0.0,0.0
2026-07-10,59.63999938964844,59.869998931884766,59.38999938964844,59.66999816894531,59.367103576660156,21916600,0.0,0.0
2026-07-13,59.70000076293945,60.04999923706055,58.849998474121094,59.5,59.197967529296875,27837800,0.0,0.0
2026-07-14,59.0,61.209999084472656,58.66999816894531,60.619998931884766,60.31228256225586,49432700,0.0,0.0
2026-07-15,61.31999969482422,62.029998779296875,61.11000061035156,61.59000015258789,61.27735900878906,43361000,0.0,0.0
2026-07-16,61.97999954223633,62.0,60.9900016784668,61.4900016784668,61.1778678894043,37351900,0.0,0.0
2026-07-17,61.25,62.119998931884766,60.65999984741211,61.27000045776367,60.958984375,45045200,0.0,0.0
2026-07-20,61.349998474121094,61.4900016784668,60.369998931884766,60.41999816894531,60.11329650878906,30741100,0.0,0.0
2026-07-21,60.900001525878906,61.529998779296875,60.06999969482422,61.220001220703125,60.909236907958984,31631600,0.0,0.0
2026-07-22,61.400001525878906,61.900001525878906,61.150001525878906,61.619998931884766,61.30720520019531,51484900,0.0,0.0
2026-07-23,61.349998474121094,61.5,60.709999084472656,61.279998779296875,60.968929290771484,29253200,0.0,0.0
2026-07-24,61.529998779296875,62.279998779296875,61.279998779296875,62.04999923706055,61.735023498535156,29035400,0.0,0.0
2026-07-27,62.52000045776367,62.9900016784668,61.84000015258789,62.130001068115234,61.81461715698242,36899800,0.0,0.0
2026-07-28,62.29999923706055,62.65999984741211,61.900001525878906,62.619998931884766,62.302127838134766,28737900,0.0,0.0
2026-07-29,62.5099983215332,62.650001525878906,60.90999984741211,61.06999969482422,60.7599983215332,37919000,0.0,0.0
2026-07-30,61.52000045776367,61.93000030517578,61.029998779296875,61.72999954223633,61.416648864746094,24844000,0.0,0.0
2026-07-31,61.540000915527344,62.2400016784668,61.540000915527344,61.95000076293945,61.63553237915039,27301100,0.0,0.0
2026-08-03,62.2599983215332,62.5099983215332,61.709999084472656,62.47999954223633,62.162841796875,24013700,0.0,0.0
2026-08-04,62.470001220703125,63.540000915527344,62.349998474121094,62.900001525878906,62.580711364746094,28242100,0.0,0.0
2026-08-05,63.0,63.56999969482422,62.83000183105469,63.25,62.928932189941406,30266000,0.0,0.0
2026-08-06,63.90999984741211,63.970001220703125,62.72999954223633,63.0,62.68020248413086,24482900,0.0,0.0
2026-08-07,62.709999084472656,63.220001220703125,62.38999938964844,63.16999816894531,62.849334716796875,22620500,0.0,0.0
2026-08-10,63.15999984741211,64.0,63.0,63.86000061035156,63.53583526611328,25400400,0.0,0.0
2026-08-11,63.97999954223633,64.2699966430664,63.709999084472656,64.0,63.67512512207031,20738600,0.0,0.0
2026-08-12,64.12000274658203,64.94999694824219,63.84000015258789,64.80999755859375,64.48101043701172,27541500,0.0,0.0
2026-08-13,65.19999694824219,65.19999694824219,63.900001525878906,64.08999633789062,63.76466369628906,27306400,0.0,0.0
2026-08-14,64.04000091552734,64.55000305175781,63.810001373291016,64.48999786376953,64.16263580322266,21847900,0.0,0.0
2026-08-17,64.4000015258789,65.2300033569336,63.880001068115234,63.88999938964844,63.56568145751953,27349400,0.0,0.0
2026-08-18,64.0,64.4000015258789,63.56999969482422,64.2300033569336,63.903961181640625,28774000,0.0,0.0
2026-08-19,64.19999694824219,64.43000030517578,62.97999954223633,63.16999816894531,62.849334716796875,24082600,0.0,0.0
2026-08-20,63.060001373291016,63.2400016784668,61.810001373291016,61.86000061035156,61.545989990234375,34979400,0.0,0.0
2026-08-21,62.33000183105469,62.52000045776367,61.52000045776367,61.689998626708984,61.37685012817383,33434800,0.0,0.0
2026-08-24,61.7400016784668,62.7599983215332,61.52000045776367,62.33000183105469,62.01360321044922,27349700,0.0,0.0
2026-08-25,62.20000076293945,62.75,61.869998931884766,62.43000030517578,62.113094329833984,23386900,0.0,0.0
2026-08-26,62.38999938964844,62.58000183105469,61.939998626708984,62.22999954223633,61.91410827636719,22537100,0.0,0.0
2026-08-27,61.75,62.02000045776367,61.099998474121094,61.16999816894531,60.85948944091797,49432100,0.0,0.0
2026-08-28,61.380001068115234,62.560001373291016,61.36000061035156,62.31999969482422,62.00365447998047,33509700,0.0,0.0
2026-08-31,62.25,62.4900016784668,61.900001525878906,61.939998626708984,61.625579833984375,43470400,0.0,0.0
2026-09-01,61.970001220703125,62.83000183105469,61.720001220703125,61.9900016784668,61.675331115722656,25053700,0.0,0.0
2026-09-02,62.279998779296875,63.54999923706055,61.939998626708984,62.599998474121094,62.282230377197266,28433700,0.0,0.0
2026-09-03,62.810001373291016,63.27000045776367,62.31999969482422,63.040000915527344,62.71999740600586,29942000,0.0,0.0
2026-09-04,62.560001373291016,62.91999816894531,61.959999084472656,62.68000030517578,62.68000030517578,26587200,0.32,0.0
2026-09-08,62.4900016784668,62.81999969482422,62.11000061035156,62.38999938964844,62.38999938964844,28338000,0.0,0.0
2026-09-09,61.970001220703125,63.189998626708984,61.43000030517578,62.66999816894531,62.66999816894531,36015200,0.0,0.0
2026-09-10,62.650001525878906,63.0099983215332,62.220001220703125,62.560001373291016,62.560001373291016,29359100,0.0,0.0
2026-09-11,63.22999954223633,63.83000183105469,62.380001068115234,62.689998626708984,62.689998626708984,28873700,0.0,0.0
2026-09-14,62.34000015258789,62.439998626708984,58.91999816894531,59.470001220703125,59.470001220703125,64774000,0.0,0.0
2026-09-15,59.369998931884766,59.91999816894531,58.77000045776367,59.52000045776367,59.52000045776367,50859700,0.0,0.0
2026-09-16,59.27000045776367,59.38999938964844,57.18000030517578,57.900001525878906,57.900001525878906,50145200,0.0,0.0
2026-09-17,58.400001525878906,58.5,57.41999816894531,58.18000030517578,58.18000030517578,36733100,0.0,0.0
2026-09-18,57.52000045776367,58.22999954223633,57.52000045776367,57.72999954223633,57.72999954223633,52483900,0.0,0.0
2026-09-21,58.04999923706055,58.279998779296875,57.470001220703125,57.959999084472656,57.959999084472656,33228100,0.0,0.0
2026-09-22,58.099998474121094,58.119998931884766,56.06999969482422,56.20000076293945,56.20000076293945,45137800,0.0,0.0
2026-09-23,55.91999816894531,56.47999954223633,55.7400016784668,56.0,56.0,36727800,0.0,0.0
2026-09-24,56.38999938964844,56.529998779296875,55.84000015258789,56.029998779296875,56.029998779296875,40990300,0.0,0.0
2026-09-25,56.310001373291016,56.75,55.869998931884766,56.70000076293945,56.70000076293945,28601300,0.0,0.0
2026-09-28,56.41999816894531,56.66999816894531,55.369998931884766,55.470001220703125,55.470001220703125,29170500,0.0,0.0
2026-09-29,55.400001525878906,55.54999923706055,54.72999954223633,54.959999084472656,54.959999084472656,31666600,0.0,0.0
2026-09-30,54.91999816894531,55.11000061035156,54.38999938964844,54.43000030517578,54.43000030517578,34023700,0.0,0.0
2026-10-01,53.90999984741211,54.34000015258789,52.88999938964844,53.72999954223633,53.72999954223633,60049500,0.0,0.0
2026-10-02,53.88999938964844,54.0,53.310001373291016,53.75,53.75,35067800,0.0,0.0
