Date,Open,High,Low,Close,Adj Close,Volume,Dividends,Stock Splits
2015-01-02,54.36000061035156,54.689998626708984,53.790000915527344,54.2599983215332,39.81157684326172,11137800,0.0,0.0
2015-01-05,53.90999984741211,53.959999084472656,52.33000183105469,52.54999923706055,38.55691909790039,20945400,0.0,0.0
2015-01-06,52.68000030517578,52.77000045776367,50.529998779296875,50.70000076293945,37.19953536987305,31989300,0.0,0.0
2015-01-07,51.5099983215332,51.54999923706055,50.619998931884766,51.16999816894531,37.54439163208008,27890800,0.0,0.0
2015-01-08,51.77000045776367,52.08000183105469,51.5,51.939998626708984,38.10934829711914,17467200,0.0,0.0
2015-01-09,52.16999816894531,52.2400016784668,50.77000045776367,50.779998779296875,37.258243560791016,20180200,0.0,0.0
2015-01-12,50.81999969482422,50.90999984741211,50.029998779296875,50.380001068115234,36.96474838256836,22725800,0.0,0.0
2015-01-13,50.65999984741211,51.22999954223633,49.61000061035156,50.02000045776367,36.700618743896484,23201800,0.0,0.0
2015-01-14,48.959999084472656,49.099998474121094,47.77000045776367,49.04999923706055,35.98890686035156,44630800,0.0,0.0
2015-01-15,48.060001373291016,48.2400016784668,46.90999984741211,47.22999954223633,34.653541564941406,48799400,0.0,0.0
2015-01-16,46.70000076293945,47.689998626708984,46.599998474121094,47.61000061035156,34.9323616027832,32307000,0.0,0.0
2015-01-20,47.97999954223633,48.0,47.150001525878906,47.2599983215332,34.67555618286133,25561000,0.0,0.0
2015-01-21,47.369998931884766,48.22999954223633,47.150001525878906,47.7400016784668,35.027740478515625,22873300,0.0,0.0
2015-01-22,48.2599983215332,49.75,47.93000030517578,49.56999969482422,36.370452880859375,29652600,0.0,0.0
2015-01-23,49.4900016784668,49.7599983215332,48.61000061035156,48.619998931884766,35.67341232299805,18984700,0.0,0.0
2015-01-26,48.47999954223633,49.029998779296875,48.40999984741211,48.88999938964844,35.87150192260742,13817500,0.0,0.0
2015-01-27,48.040000915527344,48.650001525878906,47.77000045776367,48.310001373291016,35.44595718383789,16401200,0.0,0.0
2015-01-28,48.369998931884766,48.5099983215332,47.11000061035156,47.11000061035156,34.56549072265625,26065300,0.0,0.0
2015-01-29,47.06999969482422,47.779998779296875,46.83000183105469,47.619998931884766,34.94710159301758,19865700,0.01,0.0
2015-01-30,47.09000015258789,47.72999954223633,46.900001525878906,46.95000076293945,34.45541763305664,23729800,0.0,0.0
2015-02-02,47.20000076293945,47.77000045776367,46.900001525878906,47.720001220703125,35.02050018310547,19178200,0.0,0.0
2015-02-03,48.459999084472656,49.220001220703125,48.349998474121094,48.880001068115234,35.87179183959961,25220200,0.0,0.0
2015-02-04,48.56999969482422,49.0,48.29999923706055,48.400001525878906,35.519527435302734,19581800,0.0,0.0
2015-02-05,48.7400016784668,49.0,48.220001220703125,48.540000915527344,35.62226867675781,15481900,0.0,0.0
2015-02-06,49.400001525878906,49.95000076293945,49.060001373291016,49.13999938964844,36.062591552734375,25881500,0.0,0.0
2015-02-09,48.86000061035156,49.5099983215332,48.439998626708984,49.209999084472656,36.11396026611328,16364900,0.0,0.0
2015-02-10,50.0,50.060001373291016,49.13999938964844,49.38999938964844,36.246063232421875,17223700,0.0,0.0
2015-02-11,49.150001525878906,49.880001068115234,49.11000061035156,49.68000030517578,36.45888900756836,13079500,0.0,0.0
2015-02-12,49.939998626708984,51.09000015258789,49.77000045776367,50.88999938964844,37.346885681152344,28926800,0.0,0.0
2015-02-13,51.0099983215332,51.4900016784668,50.810001373291016,51.20000076293945,37.57438278198242,17448500,0.0,0.0
2015-02-17,50.95000076293945,51.79999923706055,50.900001525878906,51.689998626708984,37.93397903442383,14569400,0.0,0.0
2015-02-18,51.29999923706055,51.66999816894531,51.09000015258789,51.41999816894531,37.73583221435547,17666800,0.0,0.0
2015-02-19,51.279998779296875,51.540000915527344,51.040000915527344,51.119998931884766,37.515663146972656,11272000,0.0,0.0
2015-02-20,51.04999923706055,51.90999984741211,50.36000061035156,51.779998779296875,38.00002670288086,19429400,0.0,0.0
2015-02-23,51.529998779296875,51.540000915527344,50.75,51.31999969482422,37.66244888305664,15282600,0.0,0.0
2015-02-24,51.41999816894531,52.29999923706055,51.38999938964844,51.900001525878906,38.08809280395508,20250900,0.0,0.0
2015-02-25,51.650001525878906,52.11000061035156,51.54999923706055,52.09000015258789,38.22752380371094,10666000,0.0,0.0
2015-02-26,52.029998779296875,52.4900016784668,51.90999984741211,52.40999984741211,38.46237564086914,16358100,0.0,0.0
2015-02-27,52.31999969482422,52.869998931884766,52.16999816894531,52.41999816894531,38.46969985961914,18588400,0.0,0.0
2015-03-02,52.41999816894531,53.52000045776367,52.04999923706055,53.4900016784668,39.25495529174805,19384200,0.0,0.0
2015-03-03,53.939998626708984,54.0,53.43000030517578,53.72999954223633,39.43108367919922,24281900,0.0,0.0
2015-03-04,53.47999954223633,53.86000061035156,53.2400016784668,53.66999816894531,39.38705062866211,14698100,0.0,0.0
2015-03-05,53.709999084472656,53.72999954223633,53.150001525878906,53.560001373291016,39.30632781982422,13853800,0.0,0.0
2015-03-06,53.75,54.0099983215332,52.93000030517578,53.060001373291016,38.93939208984375,40296600,0.0,0.0
2015-03-09,52.880001068115234,53.16999816894531,52.77000045776367,52.95000076293945,38.85866165161133,17542600,0.0,0.0
2015-03-10,52.06999969482422,52.29999923706055,51.22999954223633,51.22999954223633,37.59639358520508,29061300,0.0,0.0
2015-03-11,51.619998931884766,52.7599983215332,51.52000045776367,52.33000183105469,38.40366744995117,32443600,0.0,0.0
2015-03-12,54.0,54.720001220703125,53.45000076293945,54.08000183105469,39.68794631958008,50191200,0.0,0.0
2015-03-13,53.900001525878906,54.2400016784668,53.2599983215332,53.540000915527344,39.29164505004883,20780600,0.0,0.0
2015-03-16,53.7400016784668,54.040000915527344,53.400001525878906,53.689998626708984,39.401737213134766,17031600,0.0,0.0
2015-03-17,53.209999084472656,53.9900016784668,53.15999984741211,53.84000015258789,39.51182556152344,13902900,0.0,0.0
2015-03-18,53.41999816894531,53.939998626708984,53.16999816894531,53.720001220703125,39.423736572265625,18383700,0.0,0.0
2015-03-19,53.56999969482422,53.619998931884766,52.20000076293945,52.380001068115234,38.44035339355469,21150000,0.0,0.0
2015-03-20,52.439998626708984,53.16999816894531,52.40999984741211,52.97999954223633,38.88067626953125,22466200,0.0,0.0
2015-03-23,53.029998779296875,53.04999923706055,52.47999954223633,52.47999954223633,38.51373291015625,13148900,0.0,0.0
2015-03-24,52.349998474121094,52.439998626708984,51.939998626708984,51.939998626708984,38.11744689941406,12887700,0.0,0.0
2015-03-25,51.97999954223633,52.11000061035156,51.349998474121094,51.380001068115234,37.70647430419922,15418200,0.0,0.0
2015-03-26,51.189998626708984,51.459999084472656,50.470001220703125,51.189998626708984,37.567047119140625,21839600,0.0,0.0
2015-03-27,51.4900016784668,51.4900016784668,50.720001220703125,51.0,37.42759704589844,16052400,0.0,0.0
2015-03-30,51.33000183105469,52.0,51.310001373291016,51.63999938964844,37.89729309082031,13289200,0.0,0.0
2015-03-31,51.2599983215332,51.77000045776367,51.15999984741211,51.52000045776367,37.80922317504883,13928900,0.0,0.0
2015-04-01,51.369998931884766,51.900001525878906,51.0099983215332,51.619998931884766,37.88259506225586,21577700,0.0,0.0
2015-04-02,51.68000030517578,52.220001220703125,51.59000015258789,51.86000061035156,38.05874252319336,13966900,0.0,0.0
2015-04-06,51.15999984741211,51.959999084472656,50.97999954223633,51.619998931884766,37.88259506225586,13250800,0.0,0.0
2015-04-07,51.83000183105469,51.93000030517578,51.38999938964844,51.52000045776367,37.80922317504883,11562700,0.0,0.0
2015-04-08,51.66999816894531,52.220001220703125,51.630001068115234,51.88999938964844,38.08076858520508,11773000,0.0,0.0
2015-04-09,51.72999954223633,52.209999084472656,51.689998626708984,52.130001068115234,38.25688171386719,13591400,0.0,0.0
2015-04-10,52.08000183105469,52.68000030517578,51.97999954223633,52.43000030517578,38.47703552246094,13032000,0.0,0.0
2015-04-13,52.47999954223633,52.95000076293945,52.40999984741211,52.65999984741211,38.64583969116211,11984400,0.0,0.0
2015-04-14,52.93000030517578,53.0,52.380001068115234,52.72999954223633,38.697208404541016,13259700,0.0,0.0
2015-04-15,52.93000030517578,53.380001068115234,52.75,53.209999084472656,39.04947280883789,19041100,0.0,0.0
2015-04-16,53.97999954223633,54.459999084472656,53.79999923706055,54.02000045776367,39.643898010253906,38345600,0.0,0.0
2015-04-17,53.5099983215332,54.099998474121094,52.95000076293945,53.06999969482422,38.94673538208008,23287000,0.0,0.0
2015-04-20,53.29999923706055,53.56999969482422,53.09000015258789,53.20000076293945,39.042118072509766,14730000,0.0,0.0
2015-04-21,53.349998474121094,53.459999084472656,52.25,52.47999954223633,38.51373291015625,19554400,0.0,0.0
2015-04-22,52.52000045776367,53.380001068115234,52.349998474121094,53.099998474121094,38.96875762939453,14873400,0.0,0.0
2015-04-23,53.0099983215332,53.400001525878906,52.81999969482422,53.220001220703125,39.05680847167969,13049600,0.0,0.0
2015-04-24,53.15999984741211,53.220001220703125,52.849998474121094,52.900001525878906,38.82196044921875,10150500,0.0,0.0
2015-04-27,52.880001068115234,53.38999938964844,52.779998779296875,52.79999923706055,38.74856948852539,15613000,0.0,0.0
2015-04-28,52.66999816894531,53.099998474121094,52.25,53.02000045776367,38.910030364990234,14134500,0.0,0.0
2015-04-29,52.650001525878906,53.9900016784668,52.61000061035156,53.7599983215332,39.45310592651367,22542400,0.0,0.0
2015-04-30,53.75,53.970001220703125,52.91999816894531,53.31999969482422,39.130191802978516,19420600,0.0,0.0
2015-05-01,53.63999938964844,53.84000015258789,53.310001373291016,53.7599983215332,39.45310592651367,13147600,0.0,0.0
2015-05-04,53.849998474121094,54.2599983215332,53.7400016784668,54.16999816894531,39.75399398803711,15670100,0.0,0.0
2015-05-05,53.9900016784668,54.29999923706055,53.25,53.349998474121094,39.1522102355957,20669100,0.0,0.0
2015-05-06,53.560001373291016,53.900001525878906,52.349998474121094,52.81999969482422,38.76325607299805,19414800,0.0,0.0
2015-05-07,52.59000015258789,53.439998626708984,52.40999984741211,53.310001373291016,39.15991973876953,14954200,0.05,0.0
2015-05-08,53.54999923706055,54.11000061035156,53.29999923706055,54.02000045776367,39.68146896362305,17333500,0.0,0.0
2015-05-11,53.91999816894531,54.15999984741211,53.79999923706055,53.970001220703125,39.64474105834961,13896800,0.0,0.0
2015-05-12,53.66999816894531,53.97999954223633,53.22999954223633,53.7400016784668,39.475791931152344,13336900,0.0,0.0
2015-05-13,53.720001220703125,54.36000061035156,53.47999954223633,54.20000076293945,39.81370162963867,15810400,0.0,0.0
2015-05-14,54.43000030517578,54.72999954223633,54.33000183105469,54.599998474121094,40.10750961303711,14250800,0.0,0.0
2015-05-15,54.59000015258789,54.61000061035156,54.029998779296875,54.2400016784668,39.84307861328125,10377200,0.0,0.0
2015-05-18,54.189998626708984,54.900001525878906,54.16999816894531,54.66999816894531,40.15894317626953,11717600,0.0,0.0
2015-05-19,54.790000915527344,55.369998931884766,54.75,55.33000183105469,40.64376449584961,18207400,0.0,0.0
2015-05-20,55.27000045776367,55.29999923706055,54.75,54.88999938964844,40.32054138183594,13954600,0.0,0.0
2015-05-21,54.689998626708984,55.099998474121094,54.61000061035156,54.84000015258789,40.28382873535156,11799200,0.0,0.0
2015-05-22,54.779998779296875,55.33000183105469,54.68000030517578,54.970001220703125,40.379302978515625,12652000,0.0,0.0
2015-05-26,54.75,54.84000015258789,54.0099983215332,54.2400016784668,39.84307861328125,16564500,0.0,0.0
2015-05-27,54.34000015258789,54.97999954223633,54.20000076293945,54.869998931884766,40.30586242675781,13699400,0.0,0.0
2015-05-28,54.81999969482422,54.81999969482422,54.220001220703125,54.54999923706055,40.070796966552734,13380900,0.0,0.0
2015-05-29,54.459999084472656,54.4900016784668,53.869998931884766,54.08000183105469,39.72554016113281,13841400,0.0,0.0
2015-06-01,54.68000030517578,55.04999923706055,54.439998626708984,54.45000076293945,39.99733352661133,18156300,0.0,0.0
2015-06-02,54.400001525878906,55.02000045776367,54.130001068115234,54.720001220703125,40.1956672668457,17765400,0.0,0.0
2015-06-03,55.040000915527344,56.02000045776367,55.0099983215332,55.630001068115234,40.86412048339844,21240500,0.0,0.0
2015-06-04,55.45000076293945,56.0,55.15999984741211,55.33000183105469,40.64376449584961,18517600,0.0,0.0
2015-06-05,56.02000045776367,56.58000183105469,55.84000015258789,56.2400016784668,41.312217712402344,26500400,0.0,0.0
2015-06-08,56.25,56.5,55.650001525878906,55.650001525878906,40.878814697265625,14961600,0.0,0.0
2015-06-09,55.56999969482422,56.36000061035156,55.220001220703125,56.0,41.13591384887695,15193100,0.0,0.0
2015-06-10,56.27000045776367,57.209999084472656,56.18000030517578,57.02000045776367,41.88517761230469,21275600,0.0,0.0
2015-06-11,57.20000076293945,57.5,56.93000030517578,57.209999084472656,42.02475357055664,19187100,0.0,0.0
2015-06-12,57.0099983215332,57.25,56.66999816894531,57.11000061035156,41.95128631591797,13860600,0.0,0.0
2015-06-15,56.619998931884766,56.939998626708984,56.11000061035156,56.650001525878906,41.61339569091797,17698400,0.0,0.0
2015-06-16,56.52000045776367,57.130001068115234,56.36000061035156,57.06999969482422,41.921897888183594,13563800,0.0,0.0
2015-06-17,57.06999969482422,57.150001525878906,56.380001068115234,56.540000915527344,41.5325927734375,17801900,0.0,0.0
2015-06-18,56.65999984741211,56.880001068115234,55.97999954223633,56.7599983215332,41.69418716430664,18739300,0.0,0.0
2015-06-19,56.5099983215332,56.810001373291016,56.16999816894531,56.22999954223633,41.304874420166016,18840500,0.0,0.0
2015-06-22,56.86000061035156,57.209999084472656,56.7599983215332,56.95000076293945,41.83375549316406,13011600,0.0,0.0
2015-06-23,57.279998779296875,57.63999938964844,57.119998931884766,57.38999938964844,42.15696334838867,16216100,0.0,0.0
2015-06-24,56.65999984741211,56.9900016784668,56.5,56.65999984741211,41.62073516845703,19235500,0.0,0.0
2015-06-25,56.9900016784668,57.060001373291016,56.18000030517578,56.189998626708984,41.275489807128906,12176200,0.0,0.0
2015-06-26,56.470001220703125,56.650001525878906,56.099998474121094,56.34000015258789,41.38566589355469,12148300,0.0,0.0
2015-06-29,55.040000915527344,55.619998931884766,54.849998474121094,54.880001068115234,40.31320571899414,22260400,0.0,0.0
2015-06-30,55.52000045776367,55.68000030517578,54.810001373291016,55.2400016784668,40.5776481628418,17737400,0.0,0.0
2015-07-01,56.0099983215332,56.0099983215332,55.2400016784668,55.68000030517578,40.90086364746094,17606100,0.0,0.0
2015-07-02,55.43000030517578,55.849998474121094,55.06999969482422,55.369998931884766,40.67314147949219,12062800,0.0,0.0
2015-07-06,54.790000915527344,55.25,54.5,55.08000183105469,40.46011734008789,12706200,0.0,0.0
2015-07-07,54.970001220703125,55.04999923706055,53.029998779296875,54.5,40.03406524658203,32011200,0.0,0.0
2015-07-08,53.810001373291016,53.810001373291016,52.77000045776367,52.79999923706055,38.78529357910156,26169400,0.0,0.0
2015-07-09,53.84000015258789,54.150001525878906,53.599998474121094,53.709999084472656,39.45376205444336,23540400,0.0,0.0
2015-07-10,54.54999923706055,54.790000915527344,54.29999923706055,54.560001373291016,40.078147888183594,16578700,0.0,0.0
2015-07-13,55.040000915527344,55.689998626708984,55.040000915527344,55.540000915527344,40.79802322387695,18803900,0.0,0.0
2015-07-14,55.369998931884766,56.119998931884766,55.2400016784668,55.90999984741211,41.069801330566406,18174900,0.0,0.0
2015-07-15,56.2599983215332,56.790000915527344,55.95000076293945,56.459999084472656,41.47381591796875,20470500,0.0,0.0
2015-07-16,57.900001525878906,58.650001525878906,57.709999084472656,58.59000015258789,43.0384521484375,41084000,0.0,0.0
2015-07-17,58.529998779296875,58.88999938964844,58.34000015258789,58.75,43.155982971191406,21055300,0.0,0.0
2015-07-20,58.959999084472656,59.29999923706055,58.630001068115234,58.849998474121094,43.229454040527344,16016600,0.0,0.0
2015-07-21,58.79999923706055,59.310001373291016,58.79999923706055,59.099998474121094,43.4130859375,21541700,0.0,0.0
2015-07-22,59.119998931884766,60.529998779296875,59.029998779296875,60.34000015258789,44.32394790649414,30156200,0.0,0.0
2015-07-23,60.290000915527344,60.95000076293945,59.72999954223633,59.869998931884766,43.97869873046875,29432300,0.0,0.0
2015-07-24,59.70000076293945,59.77000045776367,58.33000183105469,58.70000076293945,43.119239807128906,24760800,0.0,0.0
2015-07-27,57.900001525878906,58.33000183105469,57.43000030517578,57.959999084472656,42.57568359375,20378400,0.0,0.0
2015-07-28,58.45000076293945,58.5,57.779998779296875,58.369998931884766,42.876834869384766,12566700,0.0,0.0
2015-07-29,58.560001373291016,59.150001525878906,58.43000030517578,58.91999816894531,43.28086853027344,14460800,0.0,0.0
2015-07-30,58.72999954223633,59.04999923706055,58.29999923706055,58.880001068115234,43.288211822509766,11202100,0.05,0.0
2015-07-31,58.790000915527344,58.84000015258789,58.369998931884766,58.459999084472656,42.97943115234375,12529300,0.0,0.0
2015-08-03,58.619998931884766,58.66999816894531,57.95000076293945,58.439998626708984,42.964725494384766,10508700,0.0,0.0
2015-08-04,58.369998931884766,58.869998931884766,58.290000915527344,58.470001220703125,42.986793518066406,10984500,0.0,0.0
2015-08-05,58.939998626708984,59.25,58.599998474121094,58.7400016784668,43.18528366088867,10631000,0.0,0.0
2015-08-06,58.81999969482422,58.959999084472656,57.900001525878906,58.099998474121094,42.714759826660156,14707400,0.0,0.0
2015-08-07,58.18000030517578,58.61000061035156,57.439998626708984,57.90999984741211,42.5750846862793,11934000,0.0,0.0
2015-08-10,58.2599983215332,58.84000015258789,58.209999084472656,58.7400016784668,43.18528366088867,10812200,0.0,0.0
2015-08-11,58.0099983215332,58.25,57.2400016784668,57.63999938964844,42.37657928466797,18897600,0.0,0.0
2015-08-12,56.939998626708984,57.2400016784668,55.310001373291016,56.90999984741211,41.839874267578125,27428700,0.0,0.0
2015-08-13,57.029998779296875,57.599998474121094,56.5,57.33000183105469,42.14865493774414,15837900,0.0,0.0
2015-08-14,57.18000030517578,57.720001220703125,57.18000030517578,57.59000015258789,42.33981704711914,8864000,0.0,0.0
2015-08-17,57.15999984741211,57.849998474121094,56.9900016784668,57.77000045776367,42.472145080566406,11139200,0.0,0.0
2015-08-18,57.66999816894531,57.91999816894531,57.400001525878906,57.54999923706055,42.3104133605957,11593200,0.0,0.0
2015-08-19,57.18000030517578,57.52000045776367,56.560001373291016,57.0,41.906044006347656,17673200,0.0,0.0
2015-08-20,56.029998779296875,56.310001373291016,55.33000183105469,55.33000183105469,40.678279876708984,28455500,0.0,0.0
2015-08-21,54.400001525878906,55.04999923706055,53.58000183105469,53.599998474121094,39.40638732910156,33437500,0.0,0.0
2015-08-24,49.130001068115234,52.529998779296875,47.099998474121094,50.34000015258789,37.009666442871094,37767000,0.0,0.0
2015-08-25,52.70000076293945,52.75,49.880001068115234,49.880001068115234,36.671470642089844,27809200,0.0,0.0
2015-08-26,51.40999984741211,52.380001068115234,50.25,52.279998779296875,38.4359245300293,30721900,0.0,0.0
2015-08-27,53.189998626708984,53.619998931884766,52.349998474121094,53.439998626708984,39.28876876831055,26467300,0.0,0.0
2015-08-28,53.09000015258789,53.560001373291016,52.81999969482422,53.279998779296875,39.1711311340332,17205400,0.0,0.0
2015-08-31,53.130001068115234,53.65999984741211,52.720001220703125,53.47999954223633,39.31816482543945,20629000,0.0,0.0
2015-09-01,52.400001525878906,52.400001525878906,50.290000915527344,50.939998626708984,37.450775146484375,28621600,0.0,0.0
2015-09-02,51.810001373291016,52.029998779296875,50.9900016784668,51.75,38.0462760925293,17515800,0.0,0.0
2015-09-03,51.959999084472656,52.709999084472656,51.59000015258789,51.790000915527344,38.07568359375,15708700,0.0,0.0
2015-09-04,51.130001068115234,51.29999923706055,50.119998931884766,50.59000015258789,37.193458557128906,19054500,0.0,0.0
2015-09-08,51.400001525878906,51.880001068115234,51.02000045776367,51.650001525878906,37.97277069091797,17160200,0.0,0.0
2015-09-09,52.400001525878906,52.619998931884766,50.72999954223633,50.880001068115234,37.406654357910156,16930900,0.0,0.0
2015-09-10,50.560001373291016,51.5,50.290000915527344,51.06999969482422,37.54634475708008,17467000,0.0,0.0
2015-09-11,51.0099983215332,51.150001525878906,50.630001068115234,51.099998474121094,37.56840515136719,12001800,0.0,0.0
2015-09-14,51.08000183105469,51.18000030517578,50.68000030517578,50.97999954223633,37.48017501831055,11427000,0.0,0.0
2015-09-15,51.18000030517578,52.290000915527344,51.060001373291016,52.0,38.230079650878906,17858900,0.0,0.0
2015-09-16,52.2599983215332,52.709999084472656,51.790000915527344,52.59000015258789,38.66384506225586,17369500,0.0,0.0
2015-09-17,52.61000061035156,53.0,51.380001068115234,51.650001525878906,37.97277069091797,24075200,0.0,0.0
2015-09-18,50.70000076293945,50.84000015258789,50.11000061035156,50.290000915527344,36.97290802001953,33404600,0.0,0.0
2015-09-21,50.81999969482422,51.099998474121094,50.36000061035156,50.709999084472656,37.28167724609375,14936600,0.0,0.0
2015-09-22,49.95000076293945,50.45000076293945,49.86000061035156,50.380001068115234,37.039066314697266,19610600,0.0,0.0
2015-09-23,50.400001525878906,50.650001525878906,49.95000076293945,50.119998931884766,36.84791946411133,13680200,0.0,0.0
2015-09-24,49.65999984741211,49.75,48.75,49.130001068115234,36.120079040527344,32241000,0.0,0.0
2015-09-25,50.16999816894531,50.720001220703125,49.869998931884766,50.54999923706055,37.16404342651367,22341800,0.0,0.0
2015-09-28,50.630001068115234,50.70000076293945,48.95000076293945,49.029998779296875,36.046546936035156,21919800,0.0,0.0
2015-09-29,49.04999923706055,49.45000076293945,48.470001220703125,49.0,36.02449417114258,16485000,0.0,0.0
2015-09-30,49.810001373291016,49.84000015258789,48.900001525878906,49.61000061035156,36.47297286987305,17629000,0.0,0.0
2015-10-01,49.41999816894531,50.0,49.220001220703125,49.88999938964844,36.67882537841797,16291000,0.0,0.0
2015-10-02,48.5099983215332,49.880001068115234,47.709999084472656,49.880001068115234,36.671470642089844,27320900,0.0,0.0
2015-10-05,50.400001525878906,51.34000015258789,50.34000015258789,51.15999984741211,37.612525939941406,14881200,0.0,0.0
2015-10-06,51.04999923706055,51.5,50.83000183105469,51.060001373291016,37.53900909423828,12602100,0.0,0.0
2015-10-07,51.47999954223633,51.849998474121094,50.88999938964844,51.31999969482422,37.73014831542969,16572000,0.0,0.0
2015-10-08,51.09000015258789,51.84000015258789,50.75,51.650001525878906,37.97277069091797,16903000,0.0,0.0
2015-10-09,51.81999969482422,52.02000045776367,50.93000030517578,51.380001068115234,37.774269104003906,14341200,0.0,0.0
2015-10-12,51.36000061035156,51.4900016784668,50.880001068115234,51.279998779296875,37.70073318481445,11187000,0.0,0.0
2015-10-13,50.849998474121094,51.709999084472656,50.83000183105469,51.209999084472656,37.6492805480957,13337900,0.0,0.0
2015-10-14,51.06999969482422,51.220001220703125,50.380001068115234,50.720001220703125,37.28902816772461,22288000,0.0,0.0
2015-10-15,51.83000183105469,53.18000030517578,51.119998931884766,52.970001220703125,38.94322967529297,31023100,0.0,0.0
2015-10-16,53.34000015258789,53.36000061035156,52.56999969482422,52.689998626708984,38.737369537353516,17569200,0.0,0.0
2015-10-19,52.36000061035156,53.18000030517578,52.33000183105469,52.86000061035156,38.86235046386719,13616200,0.0,0.0
2015-10-20,52.86000061035156,53.20000076293945,52.599998474121094,52.84000015258789,38.84763717651367,11195800,0.0,0.0
2015-10-21,52.9900016784668,53.15999984741211,51.790000915527344,51.810001373291016,38.09040069580078,15577800,0.0,0.0
2015-10-22,52.18000030517578,52.869998931884766,52.150001525878906,52.5099983215332,38.60503005981445,22320500,0.0,0.0
2015-10-23,53.0,53.66999816894531,52.95000076293945,53.63999938964844,39.4358024597168,19927100,0.0,0.0
2015-10-26,53.22999954223633,53.59000015258789,52.75,53.11000061035156,39.04615020751953,14530700,0.0,0.0
2015-10-27,52.709999084472656,52.90999984741211,52.2400016784668,52.61000061035156,38.67854309082031,13232400,0.0,0.0
2015-10-28,52.86000061035156,54.959999084472656,52.709999084472656,54.72999954223633,40.23714828491211,23403900,0.0,0.0
2015-10-29,54.5,55.060001373291016,53.619998931884766,53.65999984741211,39.486576080322266,23153900,0.05,0.0
2015-10-30,53.75,53.81999969482422,52.93000030517578,53.16999816894531,39.125999450683594,18430200,0.0,0.0
2015-11-02,53.45000076293945,54.04999923706055,53.34000015258789,53.83000183105469,39.61166763305664,11999700,0.0,0.0
2015-11-03,53.560001373291016,54.38999938964844,53.52000045776367,54.15999984741211,39.85450744628906,13518300,0.0,0.0
2015-11-04,54.369998931884766,54.5,53.65999984741211,53.83000183105469,39.61166763305664,16985200,0.0,0.0
2015-11-05,53.779998779296875,54.400001525878906,53.75,54.150001525878906,39.847145080566406,13632500,0.0,0.0
2015-11-06,55.77000045776367,56.459999084472656,55.4900016784668,55.869998931884766,41.11283493041992,21654400,0.0,0.0
2015-11-09,55.91999816894531,56.189998626708984,55.06999969482422,55.709999084472656,40.99510192871094,19921800,0.0,0.0
2015-11-10,55.529998779296875,56.16999816894531,55.0,55.79999923706055,41.061336517333984,17657400,0.0,0.0
2015-11-11,56.119998931884766,56.13999938964844,54.779998779296875,54.900001525878906,40.3990478515625,15834000,0.0,0.0
2015-11-12,54.52000045776367,54.52000045776367,53.45000076293945,53.459999084472656,39.33940505981445,17735000,0.0,0.0
2015-11-13,53.16999816894531,53.58000183105469,52.66999816894531,53.16999816894531,39.125999450683594,16828800,0.0,0.0
2015-11-16,52.959999084472656,53.689998626708984,52.4900016784668,53.689998626708984,39.508663177490234,14896600,0.0,0.0
2015-11-17,53.88999938964844,54.220001220703125,53.22999954223633,53.4900016784668,39.36147689819336,14845300,0.0,0.0
2015-11-18,53.849998474121094,55.029998779296875,53.7599983215332,54.97999954223633,40.45792770385742,19100300,0.0,0.0
2015-11-19,54.880001068115234,55.29999923706055,54.7400016784668,55.060001373291016,40.516788482666016,11997500,0.0,0.0
2015-11-20,55.369998931884766,55.369998931884766,54.54999923706055,54.75,40.288658142089844,14896000,0.0,0.0
2015-11-23,54.66999816894531,54.84000015258789,54.150001525878906,54.279998779296875,39.94281768798828,14547100,0.0,0.0
2015-11-24,53.810001373291016,54.5099983215332,53.709999084472656,54.18000030517578,39.86922836303711,12950900,0.0,0.0
2015-11-25,54.290000915527344,54.33000183105469,53.7599983215332,54.08000183105469,39.79563522338867,9859400,0.0,0.0
2015-11-27,54.060001373291016,54.369998931884766,53.720001220703125,54.209999084472656,39.89130783081055,5483300,0.0,0.0
2015-11-30,54.34000015258789,54.459999084472656,53.970001220703125,54.09000015258789,39.80298614501953,14603100,0.0,0.0
2015-12-01,54.400001525878906,54.90999984741211,54.25,54.880001068115234,40.38433837890625,11856000,0.0,0.0
2015-12-02,54.9900016784668,55.02000045776367,54.029998779296875,54.13999938964844,39.83979415893555,15288800,0.0,0.0
2015-12-03,54.41999816894531,54.599998474121094,53.349998474121094,53.5099983215332,39.37620162963867,19750000,0.0,0.0
2015-12-04,53.65999984741211,55.33000183105469,53.52000045776367,55.09000015258789,40.53886413574219,21464100,0.0,0.0
2015-12-07,54.77000045776367,54.880001068115234,53.90999984741211,54.400001525878906,40.03110885620117,15077300,0.0,0.0
2015-12-08,53.84000015258789,54.0099983215332,53.18000030517578,53.38999938964844,39.28789138793945,14785500,0.0,0.0
2015-12-09,53.04999923706055,53.810001373291016,52.310001373291016,52.810001373291016,38.86109924316406,19903700,0.0,0.0
2015-12-10,52.88999938964844,53.2400016784668,52.16999816894531,52.650001525878906,38.743350982666016,16333800,0.0,0.0
2015-12-11,51.939998626708984,52.209999084472656,50.66999816894531,51.11000061035156,37.61012268066406,24093500,0.0,0.0
2015-12-14,51.13999938964844,51.72999954223633,50.5,51.099998474121094,37.60275650024414,21586800,0.0,0.0
2015-12-15,51.849998474121094,52.79999923706055,51.849998474121094,52.52000045776367,38.647682189941406,21642300,0.0,0.0
2015-12-16,53.040000915527344,54.0099983215332,52.29999923706055,53.900001525878906,39.66318893432617,26044800,0.0,0.0
2015-12-17,54.0099983215332,54.20000076293945,52.709999084472656,52.84000015258789,38.88315963745117,17179600,0.0,0.0
2015-12-18,52.459999084472656,52.68000030517578,51.15999984741211,51.209999084472656,37.68370819091797,25509600,0.0,0.0
2015-12-21,51.709999084472656,51.90999984741211,51.08000183105469,51.790000915527344,38.11050033569336,16929000,0.0,0.0
2015-12-22,51.9900016784668,52.130001068115234,51.38999938964844,52.0099983215332,38.27238845825195,13241300,0.0,0.0
2015-12-23,52.29999923706055,52.63999938964844,52.08000183105469,52.630001068115234,38.7286376953125,14950200,0.0,0.0
2015-12-24,52.47999954223633,52.970001220703125,52.45000076293945,52.709999084472656,38.787506103515625,4671200,0.0,0.0
2015-12-28,52.56999969482422,52.56999969482422,51.959999084472656,52.380001068115234,38.54467010498047,8761700,0.0,0.0
2015-12-29,52.7599983215332,53.220001220703125,52.7400016784668,52.97999954223633,38.98619079589844,10155100,0.0,0.0
2015-12-30,52.84000015258789,52.939998626708984,52.25,52.29999923706055,38.48580551147461,8763300,0.0,0.0
2015-12-31,52.06999969482422,52.38999938964844,51.75,51.75,38.0810661315918,11281800,0.0,0.0
2016-01-04,50.75,51.189998626708984,50.189998626708984,51.130001068115234,37.624839782714844,23440200,0.0,0.0
2016-01-05,51.540000915527344,51.61000061035156,50.40999984741211,50.86000061035156,37.426151275634766,17444900,0.0,0.0
2016-01-06,50.099998474121094,50.58000183105469,49.7599983215332,50.119998931884766,36.881614685058594,22501800,0.0,0.0
2016-01-07,49.06999969482422,49.380001068115234,47.5,47.560001373291016,34.9977912902832,37902900,0.0,0.0
2016-01-08,48.72999954223633,48.7400016784668,46.029998779296875,46.130001068115234,33.945499420166016,30643000,0.0,0.0
2016-01-11,46.560001373291016,46.9900016784668,45.93000030517578,46.849998474121094,34.47530746459961,26284600,0.0,0.0
2016-01-12,47.5,47.5,46.27000045776367,46.880001068115234,34.49740219116211,26310000,0.0,0.0
2016-01-13,47.31999969482422,47.349998474121094,44.970001220703125,45.189998626708984,33.253787994384766,27925800,0.0,0.0
2016-01-14,45.41999816894531,45.81999969482422,44.56999969482422,45.380001068115234,33.39360427856445,30129500,0.0,0.0
2016-01-15,42.5099983215332,43.689998626708984,41.849998474121094,42.470001220703125,31.252246856689453,52452600,0.0,0.0
2016-01-19,42.849998474121094,43.119998931884766,41.65999984741211,41.939998626708984,30.86222267150879,39032700,0.0,0.0
2016-01-20,40.52000045776367,41.029998779296875,39.439998626708984,40.4900016784668,29.795215606689453,49905400,0.0,0.0
2016-01-21,40.5099983215332,41.38999938964844,40.029998779296875,40.150001525878906,29.545024871826172,34976700,0.0,0.0
2016-01-22,41.04999923706055,41.349998474121094,40.81999969482422,41.060001373291016,30.214656829833984,30187200,0.0,0.0
2016-01-25,40.810001373291016,40.959999084472656,39.45000076293945,39.54999923706055,29.103504180908203,31924000,0.0,0.0
2016-01-26,39.599998474121094,40.790000915527344,39.5,40.5,29.802579879760742,23508400,0.0,0.0
2016-01-27,40.369998931884766,41.689998626708984,40.22999954223633,40.560001373291016,29.846736907958984,28274800,0.0,0.0
2016-01-28,41.20000076293945,41.38999938964844,40.06999969482422,40.38999938964844,29.75831413269043,23212800,0.05,0.0
2016-01-29,40.79999923706055,42.59000015258789,40.779998779296875,42.58000183105469,31.37186622619629,36107600,0.0,0.0
2016-02-01,42.36000061035156,42.83000183105469,42.0,42.47999954223633,31.298171997070312,22860300,0.0,0.0
2016-02-02,41.86000061035156,41.86000061035156,40.279998779296875,40.41999816894531,29.780412673950195,31460900,0.0,0.0
2016-02-03,40.650001525878906,40.709999084472656,38.040000915527344,40.36000061035156,29.736209869384766,43680300,0.0,0.0
2016-02-04,40.11000061035156,41.56999969482422,40.04999923706055,40.790000915527344,30.05301856994629,26732600,0.0,0.0
2016-02-05,41.02000045776367,41.439998626708984,39.54999923706055,39.86000061035156,29.367820739746094,23599700,0.0,0.0
2016-02-08,39.13999938964844,39.18000030517578,37.18000030517578,37.810001373291016,27.857431411743164,35237100,0.0,0.0
2016-02-09,36.93000030517578,38.06999969482422,36.68000030517578,37.5099983215332,27.636398315429688,39767200,0.0,0.0
2016-02-10,38.5,39.09000015258789,37.380001068115234,37.40999984741211,27.562726974487305,33390000,0.0,0.0
2016-02-11,36.0,36.15999984741211,34.52000045776367,34.97999954223633,25.772361755371094,48945600,0.0,0.0
2016-02-12,36.029998779296875,37.869998931884766,35.97999954223633,37.540000915527344,27.65850067138672,38120400,0.0,0.0
2016-02-16,38.59000015258789,39.220001220703125,38.31999969482422,38.88999938964844,28.65315055847168,31802500,0.0,0.0
2016-02-17,39.709999084472656,40.290000915527344,39.5,39.779998779296875,29.308883666992188,29133500,0.0,0.0
2016-02-18,39.93000030517578,39.9900016784668,38.619998931884766,38.91999816894531,28.675256729125977,24107700,0.0,0.0
2016-02-19,38.81999969482422,39.060001373291016,38.060001373291016,38.9900016784668,28.726839065551758,22426000,0.0,0.0
2016-02-22,39.66999816894531,39.970001220703125,39.29999923706055,39.52000045776367,29.117326736450195,22028600,0.0,0.0
2016-02-23,39.119998931884766,39.189998626708984,38.040000915527344,38.220001220703125,28.15951156616211,26234200,0.0,0.0
2016-02-24,37.439998626708984,38.18000030517578,36.61000061035156,38.09000015258789,28.063743591308594,25912400,0.0,0.0
2016-02-25,38.22999954223633,38.650001525878906,38.0099983215332,38.619998931884766,28.4542236328125,19889500,0.0,0.0
2016-02-26,39.060001373291016,40.02000045776367,38.7599983215332,39.5,29.102581024169922,23757400,0.0,0.0
2016-02-29,39.43000030517578,39.79999923706055,38.849998474121094,38.849998474121094,28.623682022094727,22268700,0.0,0.0
2016-03-01,39.150001525878906,41.290000915527344,39.099998474121094,41.27000045776367,30.40668296813965,30606800,0.0,0.0
2016-03-02,41.2400016784668,42.25,41.09000015258789,42.220001220703125,31.10662269592285,28383800,0.0,0.0
2016-03-03,42.13999938964844,42.869998931884766,41.88999938964844,42.83000183105469,31.556055068969727,21835200,0.0,0.0
2016-03-04,43.06999969482422,43.59000015258789,42.470001220703125,42.83000183105469,31.556055068969727,28071000,0.0,0.0
2016-03-07,42.36000061035156,42.93000030517578,42.08000183105469,42.61000061035156,31.393951416015625,22134600,0.0,0.0
2016-03-08,42.150001525878906,42.310001373291016,40.9900016784668,41.04999923706055,30.244583129882812,26265000,0.0,0.0
2016-03-09,41.36000061035156,41.43000030517578,40.630001068115234,41.150001525878906,30.318256378173828,18573900,0.0,0.0
2016-03-10,41.61000061035156,42.150001525878906,40.61000061035156,41.369998931884766,30.4803524017334,21139800,0.0,0.0
2016-03-11,42.27000045776367,43.0099983215332,41.7599983215332,42.9900016784668,31.67392921447754,21068500,0.0,0.0
2016-03-14,42.65999984741211,42.90999984741211,42.209999084472656,42.66999816894531,31.43816375732422,15332700,0.0,0.0
2016-03-15,42.2599983215332,42.619998931884766,41.970001220703125,42.59000015258789,31.379228591918945,13784700,0.0,0.0
2016-03-16,42.130001068115234,43.04999923706055,41.5,42.22999954223633,31.113981246948242,22981000,0.0,0.0
2016-03-17,41.9900016784668,42.93000030517578,41.380001068115234,42.849998474121094,31.570785522460938,24262800,0.0,0.0
2016-03-18,43.43000030517578,43.970001220703125,43.25,43.540000915527344,32.07916259765625,30801900,0.0,0.0
2016-03-21,43.43000030517578,44.2599983215332,43.25,43.599998474121094,32.12336349487305,16226400,0.0,0.0
2016-03-22,43.27000045776367,43.630001068115234,42.90999984741211,43.380001068115234,31.96126365661621,14885100,0.0,0.0
2016-03-23,43.279998779296875,43.5,42.279998779296875,42.369998931884766,31.21712303161621,23989200,0.0,0.0
2016-03-24,41.779998779296875,41.939998626708984,41.029998779296875,41.939998626708984,30.900310516357422,22723400,0.0,0.0
2016-03-28,42.099998474121094,42.18000030517578,41.68000030517578,41.91999816894531,30.88556671142578,13062400,0.0,0.0
2016-03-29,41.779998779296875,41.779998779296875,41.13999938964844,41.720001220703125,30.73822593688965,18160100,0.0,0.0
2016-03-30,41.97999954223633,42.59000015258789,41.849998474121094,41.880001068115234,30.856109619140625,14763200,0.0,0.0
2016-03-31,41.83000183105469,42.34000015258789,41.59000015258789,41.75,30.760332107543945,15661700,0.0,0.0
2016-04-01,41.52000045776367,42.599998474121094,41.29999923706055,42.470001220703125,31.290807723999023,17749500,0.0,0.0
2016-04-04,42.36000061035156,42.70000076293945,41.97999954223633,42.060001373291016,30.98872184753418,14376300,0.0,0.0
2016-04-05,41.45000076293945,41.900001525878906,41.119998931884766,41.5099983215332,30.583507537841797,17867800,0.0,0.0
2016-04-06,41.529998779296875,41.88999938964844,41.189998626708984,41.86000061035156,30.841373443603516,16169900,0.0,0.0
2016-04-07,41.29999923706055,41.47999954223633,39.95000076293945,40.27000045776367,29.669910430908203,22618000,0.0,0.0
2016-04-08,40.86000061035156,41.279998779296875,40.369998931884766,40.470001220703125,29.8172607421875,14676100,0.0,0.0
2016-04-11,40.7400016784668,41.5099983215332,40.709999084472656,41.119998931884766,30.2961483001709,21083700,0.0,0.0
2016-04-12,41.279998779296875,41.959999084472656,41.119998931884766,41.900001525878906,30.8708553314209,19888700,0.0,0.0
2016-04-13,42.54999923706055,44.4900016784668,42.54999923706055,44.25,32.602264404296875,33135400,0.0,0.0
2016-04-14,44.13999938964844,45.290000915527344,44.02000045776367,44.97999954223633,33.14011001586914,26885100,0.0,0.0
2016-04-15,46.45000076293945,46.560001373291016,44.599998474121094,44.91999816894531,33.09590530395508,39168600,0.0,0.0
2016-04-18,44.41999816894531,45.25,44.209999084472656,45.11000061035156,33.235897064208984,22929900,0.0,0.0
2016-04-19,45.41999816894531,45.93000030517578,45.22999954223633,45.630001068115234,33.61901092529297,18833300,0.0,0.0
2016-04-20,45.7400016784668,46.75,45.72999954223633,46.7400016784668,34.43684005737305,21645700,0.0,0.0
2016-04-21,46.790000915527344,46.95000076293945,46.22999954223633,46.599998474121094,34.33369445800781,21538600,0.0,0.0
2016-04-22,46.689998626708984,47.349998474121094,46.619998931884766,46.970001220703125,34.60629653930664,17425900,0.0,0.0
2016-04-25,46.630001068115234,46.93000030517578,46.13999938964844,46.689998626708984,34.40000534057617,13480500,0.0,0.0
2016-04-26,46.709999084472656,47.15999984741211,46.41999816894531,47.099998474121094,34.70207977294922,15573600,0.0,0.0
2016-04-27,46.88999938964844,47.84000015258789,46.790000915527344,47.33000183105469,34.87152862548828,19444700,0.0,0.0
2016-04-28,46.790000915527344,47.529998779296875,46.54999923706055,46.72999954223633,34.46586990356445,18399500,0.05,0.0
2016-04-29,46.52000045776367,46.86000061035156,46.060001373291016,46.279998779296875,34.13397216796875,23922700,0.0,0.0
2016-05-02,46.540000915527344,46.83000183105469,45.900001525878906,46.68000030517578,34.42899703979492,13802500,0.0,0.0
2016-05-03,45.77000045776367,45.83000183105469,44.97999954223633,45.56999969482422,33.61030578613281,21186200,0.0,0.0
2016-05-04,44.880001068115234,45.02000045776367,44.16999816894531,44.65999984741211,32.939144134521484,24310500,0.0,0.0
2016-05-05,44.779998779296875,45.08000183105469,44.15999984741211,44.22999954223633,32.62200164794922,14912000,0.0,0.0
2016-05-06,43.810001373291016,44.41999816894531,43.720001220703125,44.40999984741211,32.754756927490234,17632500,0.0,0.0
2016-05-09,44.310001373291016,44.61000061035156,43.650001525878906,43.88999938964844,32.371219635009766,14251900,0.0,0.0
2016-05-10,44.34000015258789,44.900001525878906,44.11000061035156,44.84000015258789,33.07191467285156,13608900,0.0,0.0
2016-05-11,44.65999984741211,45.380001068115234,44.459999084472656,44.470001220703125,32.799015045166016,15997900,0.0,0.0
2016-05-12,44.84000015258789,45.16999816894531,43.77000045776367,44.0,32.45234298706055,15551500,0.0,0.0
2016-05-13,43.97999954223633,44.56999969482422,43.0,43.11000061035156,31.795936584472656,19433500,0.0,0.0
2016-05-16,43.11000061035156,43.5,42.939998626708984,43.150001525878906,31.825439453125,17158400,0.0,0.0
2016-05-17,43.06999969482422,43.88999938964844,42.810001373291016,43.70000076293945,32.23108673095703,19943000,0.0,0.0
2016-05-18,43.75,46.13999938964844,43.75,45.869998931884766,33.83156967163086,37645200,0.0,0.0
2016-05-19,45.599998474121094,46.060001373291016,44.630001068115234,45.060001373291016,33.23415756225586,23036100,0.0,0.0
2016-05-20,45.41999816894531,45.70000076293945,44.790000915527344,44.900001525878906,33.11615753173828,19610200,0.0,0.0
2016-05-23,44.849998474121094,45.18000030517578,44.56999969482422,45.11000061035156,33.27104568481445,15050500,0.0,0.0
2016-05-24,45.45000076293945,46.189998626708984,45.310001373291016,45.86000061035156,33.8242073059082,18976500,0.0,0.0
2016-05-25,46.189998626708984,47.599998474121094,46.189998626708984,46.939998626708984,34.62075424194336,23944600,0.0,0.0
2016-05-26,47.040000915527344,47.119998931884766,46.06999969482422,46.11000061035156,34.00857925415039,16956600,0.0,0.0
2016-05-27,46.2400016784668,46.66999816894531,46.08000183105469,46.58000183105469,34.35523986816406,13854500,0.0,0.0
2016-05-31,46.880001068115234,46.900001525878906,46.310001373291016,46.56999969482422,34.347869873046875,21404000,0.0,0.0
2016-06-01,46.040000915527344,46.9900016784668,45.47999954223633,46.939998626708984,34.62075424194336,17212500,0.0,0.0
2016-06-02,46.86000061035156,47.060001373291016,46.599998474121094,46.970001220703125,34.64289855957031,15483800,0.0,0.0
2016-06-03,45.11000061035156,45.599998474121094,44.25,45.38999938964844,33.47755813598633,36961500,0.0,0.0
2016-06-06,45.38999938964844,46.2599983215332,45.209999084472656,45.7400016784668,33.73570251464844,17321400,0.0,0.0
2016-06-07,46.040000915527344,46.099998474121094,45.5099983215332,45.540000915527344,33.58818817138672,12089800,0.0,0.0
2016-06-08,45.47999954223633,45.900001525878906,45.29999923706055,45.560001373291016,33.60293960571289,13147300,0.0,0.0
2016-06-09,45.18000030517578,45.209999084472656,44.650001525878906,45.0099983215332,33.19729232788086,17069000,0.0,0.0
2016-06-10,44.27000045776367,44.400001525878906,43.68000030517578,43.900001525878906,32.37861251831055,23071100,0.0,0.0
2016-06-13,43.22999954223633,44.060001373291016,43.150001525878906,43.15999984741211,31.832813262939453,20612100,0.0,0.0
2016-06-14,43.040000915527344,43.540000915527344,41.52000045776367,41.959999084472656,30.947736740112305,27621300,0.0,0.0
2016-06-15,42.29999923706055,42.88999938964844,41.970001220703125,42.0099983215332,30.9846248626709,21934200,0.0,0.0
2016-06-16,41.61000061035156,42.18000030517578,41.150001525878906,42.119998931884766,31.06575584411621,19904800,0.0,0.0
2016-06-17,42.439998626708984,42.939998626708984,42.150001525878906,42.47999954223633,31.331283569335938,25113400,0.0,0.0
2016-06-20,43.459999084472656,44.04999923706055,42.779998779296875,42.79999923706055,31.567293167114258,20244000,0.0,0.0
2016-06-21,43.16999816894531,43.209999084472656,42.470001220703125,42.91999816894531,31.655799865722656,14714900,0.0,0.0
2016-06-22,42.869998931884766,43.43000030517578,42.63999938964844,42.68000030517578,31.478788375854492,18087600,0.0,0.0
2016-06-23,43.5099983215332,44.5,43.470001220703125,44.459999084472656,32.79164123535156,25703000,0.0,0.0
2016-06-24,40.630001068115234,41.38999938964844,40.2599983215332,40.29999923706055,29.723400115966797,71849800,0.0,0.0
2016-06-27,39.58000183105469,39.63999938964844,38.310001373291016,38.47999954223633,28.38105583190918,53380200,0.0,0.0
2016-06-28,39.810001373291016,40.630001068115234,39.20000076293945,40.439998626708984,29.82666015625,38605600,0.0,0.0
2016-06-29,41.13999938964844,42.189998626708984,40.900001525878906,42.119998931884766,31.06575584411621,34004100,0.0,0.0
2016-06-30,42.68000030517578,42.79999923706055,41.68000030517578,42.38999938964844,31.264883041381836,34485400,0.0,0.0
2016-07-01,42.29999923706055,42.689998626708984,41.970001220703125,42.16999816894531,31.102632522583008,19399600,0.0,0.0
2016-07-05,41.380001068115234,41.5,40.41999816894531,40.779998779296875,30.077436447143555,25571100,0.0,0.0
2016-07-06,40.150001525878906,41.08000183105469,40.029998779296875,41.060001373291016,30.283950805664062,27713900,0.0,0.0
2016-07-07,41.33000183105469,42.060001373291016,41.09000015258789,41.290000915527344,30.453596115112305,24585500,0.0,0.0
2016-07-08,41.79999923706055,42.27000045776367,41.630001068115234,41.97999954223633,30.962505340576172,29468600,0.0,0.0
2016-07-11,42.38999938964844,42.75,42.290000915527344,42.290000915527344,31.191133499145508,19752600,0.0,0.0
2016-07-12,42.81999969482422,43.47999954223633,42.7599983215332,43.439998626708984,32.03934097290039,23803600,0.0,0.0
2016-07-13,43.33000183105469,43.68000030517578,43.02000045776367,43.33000183105469,31.95819664001465,20488200,0.0,0.0
2016-07-14,44.380001068115234,44.77000045776367,44.119998931884766,44.45000076293945,32.784236907958984,37093600,0.0,0.0
2016-07-15,44.45000076293945,45.029998779296875,43.849998474121094,44.33000183105469,32.69575119018555,29198800,0.0,0.0
2016-07-18,44.279998779296875,44.900001525878906,44.2400016784668,44.56999969482422,32.87275695800781,18683900,0.0,0.0
2016-07-19,44.189998626708984,44.689998626708984,44.060001373291016,44.349998474121094,32.71049880981445,15297300,0.0,0.0
2016-07-20,44.529998779296875,44.70000076293945,44.20000076293945,44.470001220703125,32.799015045166016,16547100,0.0,0.0
2016-07-21,44.5,44.70000076293945,44.11000061035156,44.130001068115234,32.548240661621094,14924900,0.0,0.0
2016-07-22,44.099998474121094,44.36000061035156,43.83000183105469,44.29999923706055,32.67361831665039,12764200,0.0,0.0
2016-07-25,44.310001373291016,44.36000061035156,43.90999984741211,44.040000915527344,32.48185729980469,14391400,0.0,0.0
2016-07-26,43.93000030517578,44.2400016784668,43.900001525878906,44.150001525878906,32.562984466552734,16152500,0.0,0.0
2016-07-27,44.20000076293945,44.709999084472656,44.130001068115234,44.290000915527344,32.666236877441406,17814200,0.0,0.0
2016-07-28,44.0,44.16999816894531,43.68000030517578,44.08000183105469,32.629241943359375,13239600,0.16,0.0
2016-07-29,43.869998931884766,44.15999984741211,43.7599983215332,43.810001373291016,32.42937469482422,13773700,0.0,0.0
2016-08-01,43.91999816894531,44.02000045776367,43.2400016784668,43.41999816894531,32.14067459106445,14794400,0.0,0.0
2016-08-02,43.22999954223633,43.630001068115234,42.5,42.9900016784668,31.822383880615234,20089100,0.0,0.0
2016-08-03,42.93000030517578,43.939998626708984,42.86000061035156,43.88999938964844,32.48858642578125,14708300,0.0,0.0
2016-08-04,43.7400016784668,44.040000915527344,43.65999984741211,43.84000015258789,32.45158386230469,11747900,0.0,0.0
2016-08-05,44.630001068115234,45.72999954223633,44.5099983215332,45.720001220703125,33.84320068359375,28566800,0.0,0.0
2016-08-08,45.83000183105469,46.15999984741211,45.47999954223633,45.959999084472656,34.020870208740234,16861600,0.0,0.0
2016-08-09,45.95000076293945,46.11000061035156,45.66999816894531,45.900001525878906,33.97645568847656,12203800,0.0,0.0
2016-08-10,45.79999923706055,45.900001525878906,45.38999938964844,45.45000076293945,33.64335632324219,16566700,0.0,0.0
2016-08-11,45.5099983215332,45.90999984741211,45.290000915527344,45.72999954223633,33.850616455078125,14819400,0.0,0.0
2016-08-12,45.40999984741211,45.599998474121094,45.220001220703125,45.58000183105469,33.739566802978516,12472900,0.0,0.0
2016-08-15,45.81999969482422,46.5,45.81999969482422,46.38999938964844,34.33916091918945,12252700,0.0,0.0
2016-08-16,46.25,46.790000915527344,46.13999938964844,46.619998931884766,34.50941848754883,15202100,0.0,0.0
2016-08-17,46.5099983215332,46.79999923706055,46.380001068115234,46.630001068115234,34.516807556152344,17899300,0.0,0.0
2016-08-18,46.56999969482422,46.70000076293945,46.209999084472656,46.5,34.42058563232422,14190300,0.0,0.0
2016-08-19,46.34000015258789,46.59000015258789,46.02000045776367,46.529998779296875,34.442787170410156,12207600,0.0,0.0
2016-08-22,46.41999816894531,46.75,46.25,46.65999984741211,34.53902053833008,11007500,0.0,0.0
2016-08-23,46.900001525878906,47.060001373291016,46.59000015258789,46.59000015258789,34.48720932006836,13345500,0.0,0.0
2016-08-24,46.630001068115234,47.119998931884766,46.540000915527344,46.65999984741211,34.53902053833008,16054400,0.0,0.0
2016-08-25,46.5099983215332,46.81999969482422,46.470001220703125,46.720001220703125,34.58341979980469,16520200,0.0,0.0
2016-08-26,46.83000183105469,47.2400016784668,46.70000076293945,47.11000061035156,34.87213134765625,23338500,0.0,0.0
2016-08-29,47.189998626708984,47.689998626708984,47.11000061035156,47.2599983215332,34.983158111572266,16700000,0.0,0.0
2016-08-30,47.2599983215332,47.93000030517578,47.220001220703125,47.900001525878906,35.456905364990234,17519800,0.0,0.0
2016-08-31,47.959999084472656,48.18000030517578,47.25,47.7400016784668,35.33847427368164,20826600,0.0,0.0
2016-09-01,47.81999969482422,48.029998779296875,46.7599983215332,47.36000061035156,35.05717849731445,19403900,0.0,0.0
2016-09-02,47.5,47.709999084472656,47.0099983215332,47.5099983215332,35.168212890625,16293000,0.0,0.0
2016-09-06,47.5099983215332,47.650001525878906,46.650001525878906,47.290000915527344,35.00536346435547,17649500,0.0,0.0
2016-09-07,47.0,47.63999938964844,46.86000061035156,47.47999954223633,35.1460075378418,13610600,0.0,0.0
2016-09-08,47.459999084472656,48.06999969482422,47.31999969482422,47.790000915527344,35.37547302246094,15856400,0.0,0.0
2016-09-09,47.900001525878906,48.16999816894531,47.16999816894531,47.16999816894531,34.91653060913086,20468100,0.0,0.0
2016-09-12,46.63999938964844,47.869998931884766,46.33000183105469,47.790000915527344,35.37547302246094,22074800,0.0,0.0
2016-09-13,46.900001525878906,47.290000915527344,46.61000061035156,46.91999816894531,34.73148727416992,19885000,0.0,0.0
2016-09-14,46.88999938964844,47.439998626708984,46.68000030517578,46.75,34.605648040771484,19778400,0.0,0.0
2016-09-15,46.75,47.31999969482422,46.59000015258789,47.08000183105469,34.849910736083984,14133200,0.0,0.0
2016-09-16,46.599998474121094,46.790000915527344,46.2400016784668,46.40999984741211,34.353973388671875,24820800,0.0,0.0
2016-09-19,46.619998931884766,47.2400016784668,46.5099983215332,46.59000015258789,34.48720932006836,12759700,0.0,0.0
2016-09-20,47.040000915527344,47.189998626708984,46.45000076293945,46.540000915527344,34.4501953125,13749400,0.0,0.0
2016-09-21,47.0,47.279998779296875,46.290000915527344,46.900001525878906,34.7166748046875,16605200,0.0,0.0
2016-09-22,46.9900016784668,47.29999923706055,46.75,47.11000061035156,34.87213134765625,16247600,0.0,0.0
2016-09-23,47.02000045776367,47.459999084472656,46.84000015258789,47.150001525878906,34.90174102783203,14793500,0.0,0.0
2016-09-26,46.5099983215332,46.630001068115234,45.83000183105469,45.88999938964844,33.96904373168945,22646700,0.0,0.0
2016-09-27,45.52000045776367,46.47999954223633,45.15999984741211,46.369998931884766,34.32435989379883,16165700,0.0,0.0
2016-09-28,46.58000183105469,46.90999984741211,46.099998474121094,46.869998931884766,34.6944580078125,15871600,0.0,0.0
2016-09-29,46.79999923706055,47.400001525878906,45.40999984741211,45.79999923706055,33.90241622924805,28066800,0.0,0.0
2016-09-30,46.33000183105469,47.5,46.060001373291016,47.22999954223633,34.96095657348633,25563100,0.0,0.0
2016-10-03,47.02000045776367,47.2599983215332,46.779998779296875,47.029998779296875,34.81291198730469,13819800,0.0,0.0
2016-10-04,47.099998474121094,48.43000030517578,47.08000183105469,47.75,35.34587097167969,25542000,0.0,0.0
2016-10-05,48.0099983215332,48.880001068115234,48.0099983215332,48.650001525878906,36.01206970214844,18173400,0.0,0.0
2016-10-06,48.83000183105469,49.09000015258789,48.369998931884766,49.06999969482422,36.32296371459961,15721000,0.0,0.0
2016-10-07,49.0,49.40999984741211,48.68000030517578,49.279998779296875,36.478416442871094,16584000,0.0,0.0
2016-10-10,49.459999084472656,49.959999084472656,49.369998931884766,49.54999923706055,36.67828369140625,14022700,0.0,0.0
2016-10-11,49.279998779296875,49.650001525878906,48.689998626708984,48.9900016784668,36.26374816894531,16033300,0.0,0.0
2016-10-12,48.970001220703125,49.220001220703125,48.65999984741211,48.70000076293945,36.04909133911133,14407300,0.0,0.0
2016-10-13,47.91999816894531,48.68000030517578,47.540000915527344,48.470001220703125,35.878822326660156,22302200,0.0,0.0
2016-10-14,49.599998474121094,49.95000076293945,48.38999938964844,48.61000061035156,35.982460021972656,28291800,0.0,0.0
2016-10-17,48.59000015258789,49.13999938964844,48.40999984741211,48.599998474121094,35.97506332397461,16655000,0.0,0.0
2016-10-18,49.18000030517578,49.290000915527344,48.810001373291016,48.9900016784668,36.26374816894531,18159900,0.0,0.0
2016-10-19,49.11000061035156,49.709999084472656,49.029998779296875,49.47999954223633,36.62647247314453,14663600,0.0,0.0
2016-10-20,49.459999084472656,49.900001525878906,49.209999084472656,49.58000183105469,36.70049285888672,13522600,0.0,0.0
2016-10-21,49.06999969482422,49.630001068115234,48.97999954223633,49.56999969482422,36.693092346191406,12728600,0.0,0.0
2016-10-24,49.81999969482422,49.880001068115234,49.52000045776367,49.58000183105469,36.70049285888672,10753500,0.0,0.0
2016-10-25,49.4900016784668,49.810001373291016,49.29999923706055,49.59000015258789,36.70789337158203,9790500,0.0,0.0
2016-10-26,49.27000045776367,50.060001373291016,49.209999084472656,50.0099983215332,37.0187873840332,13960000,0.0,0.0
2016-10-27,50.31999969482422,50.599998474121094,49.900001525878906,49.93000030517578,36.95956039428711,19181400,0.0,0.0
2016-10-28,49.97999954223633,50.119998931884766,48.95000076293945,49.560001373291016,36.6856803894043,17780300,0.0,0.0
2016-10-31,49.7400016784668,49.86000061035156,49.13999938964844,49.150001525878906,36.382198333740234,15173400,0.0,0.0
2016-11-01,49.400001525878906,49.66999816894531,48.400001525878906,48.939998626708984,36.226741790771484,20691100,0.0,0.0
2016-11-02,48.630001068115234,48.72999954223633,48.15999984741211,48.540000915527344,35.9306526184082,15824100,0.0,0.0
2016-11-03,48.529998779296875,48.9900016784668,48.02000045776367,48.189998626708984,35.78954315185547,16224300,0.16,0.0
2016-11-04,48.11000061035156,48.79999923706055,47.70000076293945,48.16999816894531,35.77467727661133,14152500,0.0,0.0
2016-11-07,49.2599983215332,49.84000015258789,49.209999084472656,49.81999969482422,37.00010681152344,19357600,0.0,0.0
2016-11-08,49.41999816894531,50.029998779296875,49.040000915527344,49.90999984741211,37.066951751708984,17548300,0.0,0.0
2016-11-09,50.06999969482422,51.939998626708984,49.470001220703125,51.59000015258789,38.31463623046875,59210400,0.0,0.0
2016-11-10,52.04999923706055,54.20000076293945,51.7400016784668,53.61000061035156,39.814842224121094,52067300,0.0,0.0
2016-11-11,52.7599983215332,53.15999984741211,51.599998474121094,52.83000183105469,39.23554992675781,41858600,0.0,0.0
2016-11-14,53.040000915527344,54.88999938964844,53.0,54.68000030517578,40.60950469970703,43113100,0.0,0.0
2016-11-15,53.9900016784668,55.470001220703125,53.709999084472656,55.45000076293945,41.18136215209961,33433800,0.0,0.0
2016-11-16,54.209999084472656,55.0,54.209999084472656,54.630001068115234,40.5723762512207,24200100,0.0,0.0
2016-11-17,54.599998474121094,55.97999954223633,54.36000061035156,55.45000076293945,41.18136215209961,24579000,0.0,0.0
2016-11-18,55.380001068115234,55.84000015258789,54.97999954223633,55.459999084472656,41.18879699707031,24990000,0.0,0.0
2016-11-21,55.959999084472656,55.9900016784668,55.13999938964844,55.540000915527344,41.248199462890625,20410400,0.0,0.0
2016-11-22,55.65999984741211,56.150001525878906,55.43000030517578,56.099998474121094,41.66411590576172,21975900,0.0,0.0
2016-11-23,56.29999923706055,56.83000183105469,55.810001373291016,56.689998626708984,42.10228729248047,19906300,0.0,0.0
2016-11-25,56.599998474121094,56.79999923706055,56.189998626708984,56.779998779296875,42.16913604736328,11488200,0.0,0.0
2016-11-28,55.86000061035156,56.349998474121094,55.43000030517578,55.470001220703125,41.19622802734375,23645000,0.0,0.0
2016-11-29,55.5,55.939998626708984,55.31999969482422,55.52000045776367,41.23335266113281,15725400,0.0,0.0
2016-11-30,56.22999954223633,56.720001220703125,56.060001373291016,56.38999938964844,41.879478454589844,24395100,0.0,0.0
2016-12-01,56.77000045776367,57.56999969482422,56.540000915527344,57.27000045776367,42.533042907714844,27592500,0.0,0.0
2016-12-02,57.20000076293945,57.2400016784668,55.93000030517578,56.02000045776367,41.60469436645508,25110300,0.0,0.0
2016-12-05,56.61000061035156,57.529998779296875,56.58000183105469,57.279998779296875,42.54045867919922,24404500,0.0,0.0
2016-12-06,57.97999954223633,58.08000183105469,57.0,57.91999816894531,43.01577377319336,21487500,0.0,0.0
2016-12-07,57.88999938964844,59.15999984741211,57.88999938964844,59.060001373291016,43.8624267578125,30517600,0.0,0.0
2016-12-08,59.400001525878906,60.79999923706055,59.04999923706055,60.150001525878906,44.67194366455078,32536000,0.0,0.0
2016-12-09,59.959999084472656,60.220001220703125,59.220001220703125,60.040000915527344,44.59025192260742,22804900,0.0,0.0
2016-12-12,59.45000076293945,60.09000015258789,58.869998931884766,59.54999923706055,44.226341247558594,21879400,0.0,0.0
2016-12-13,59.630001068115234,59.970001220703125,58.7599983215332,59.790000915527344,44.40458679199219,22014500,0.0,0.0
2016-12-14,58.959999084472656,60.79999923706055,58.83000183105469,59.45000076293945,44.15207290649414,31399400,0.0,0.0
2016-12-15,60.099998474121094,60.619998931884766,59.560001373291016,60.22999954223633,44.731346130371094,22389300,0.0,0.0
2016-12-16,60.59000015258789,60.61000061035156,59.63999938964844,59.75,44.37487030029297,28405900,0.0,0.0
2016-12-19,59.4900016784668,59.779998779296875,58.91999816894531,59.65999984741211,44.30802917480469,17654400,0.0,0.0
2016-12-20,59.91999816894531,60.79999923706055,59.91999816894531,60.79999923706055,45.15468978881836,23439800,0.0,0.0
2016-12-21,60.70000076293945,60.90999984741211,60.150001525878906,60.75,45.11753845214844,15090200,0.0,0.0
2016-12-22,60.65999984741211,60.93000030517578,60.40999984741211,60.4900016784668,44.924461364746094,14571100,0.0,0.0
2016-12-23,60.529998779296875,61.0,60.380001068115234,60.9900016784668,45.29579544067383,9314000,0.0,0.0
2016-12-27,61.029998779296875,61.29999923706055,60.849998474121094,61.09000015258789,45.37005615234375,9544000,0.0,0.0
2016-12-28,61.0,61.20000076293945,59.97999954223633,60.040000915527344,44.59025192260742,17127400,0.0,0.0
2016-12-29,60.02000045776367,60.119998931884766,58.68000030517578,59.380001068115234,44.1000862121582,17121200,0.0,0.0
2016-12-30,59.5,59.79999923706055,59.189998626708984,59.43000030517578,44.13721466064453,16588500,0.0,0.0
2017-01-03,60.68000030517578,61.09000015258789,59.75,60.59000015258789,44.99871826171875,18322400,0.0,0.0
2017-01-04,60.689998626708984,61.630001068115234,60.61000061035156,61.40999984741211,45.60771179199219,16947500,0.0,0.0
2017-01-05,60.970001220703125,61.43000030517578,59.90999984741211,60.34000015258789,44.813045501708984,18317900,0.0,0.0
2017-01-06,60.68000030517578,60.84000015258789,60.08000183105469,60.54999923706055,44.96901321411133,16778400,0.0,0.0
2017-01-09,60.150001525878906,60.63999938964844,59.66999816894531,60.220001220703125,44.72392654418945,14593000,0.0,0.0
2017-01-10,60.20000076293945,60.849998474121094,59.95000076293945,60.22999954223633,44.731346130371094,13483300,0.0,0.0
2017-01-11,59.65999984741211,60.0,59.25,59.959999084472656,44.53083801269531,20737600,0.0,0.0
2017-01-12,59.529998779296875,59.81999969482422,58.7599983215332,59.22999954223633,43.98867416381836,22778900,0.0,0.0
2017-01-13,59.45000076293945,60.31999969482422,59.380001068115234,59.630001068115234,44.28575897216797,21045200,0.0,0.0
2017-01-17,59.0099983215332,59.31999969482422,58.029998779296875,58.380001068115234,43.35740661621094,25013800,0.0,0.0
2017-01-18,57.9900016784668,58.279998779296875,57.099998474121094,57.38999938964844,42.62215805053711,29276200,0.0,0.0
2017-01-19,57.529998779296875,57.599998474121094,56.38999938964844,56.65999984741211,42.08000183105469,24932400,0.0,0.0
2017-01-20,56.95000076293945,57.119998931884766,56.029998779296875,56.11000061035156,41.67154312133789,27722300,0.0,0.0
2017-01-23,56.119998931884766,56.290000915527344,55.41999816894531,55.68000030517578,41.35218811035156,23130200,0.0,0.0
2017-01-24,55.959999084472656,57.150001525878906,55.68000030517578,56.7400016784668,42.139427185058594,18416400,0.0,0.0
2017-01-25,57.900001525878906,57.91999816894531,57.099998474121094,57.689998626708984,42.8449592590332,21492900,0.0,0.0
2017-01-26,57.599998474121094,57.97999954223633,57.04999923706055,57.36000061035156,42.599876403808594,20792700,0.0,0.0
2017-01-27,57.38999938964844,57.40999984741211,56.720001220703125,57.11000061035156,42.41420364379883,17074200,0.0,0.0
2017-01-30,56.5099983215332,56.68000030517578,55.7599983215332,56.61000061035156,42.04287338256836,17537600,0.0,0.0
2017-01-31,56.33000183105469,56.959999084472656,55.58000183105469,55.83000183105469,41.463584899902344,29221000,0.0,0.0
2017-02-01,56.720001220703125,56.97999954223633,55.880001068115234,56.04999923706055,41.62696838378906,17441500,0.0,0.0
2017-02-02,55.4900016784668,56.209999084472656,55.22999954223633,55.97999954223633,41.69401168823242,15586800,0.16,0.0
2017-02-03,57.040000915527344,57.880001068115234,56.59000015258789,57.7599983215332,43.019752502441406,21404100,0.0,0.0
2017-02-06,57.5099983215332,58.349998474121094,57.34000015258789,57.63999938964844,42.93038558959961,15680200,0.0,0.0
2017-02-07,58.0,58.06999969482422,57.0099983215332,57.189998626708984,42.595218658447266,13996900,0.0,0.0
2017-02-08,56.91999816894531,56.91999816894531,56.13999938964844,56.31999969482422,41.94723129272461,18626600,0.0,0.0
2017-02-09,56.31999969482422,57.540000915527344,56.31999969482422,57.2599983215332,42.64735412597656,18054100,0.0,0.0
2017-02-10,57.81999969482422,57.95000076293945,57.130001068115234,57.630001068115234,42.92292404174805,14421700,0.0,0.0
2017-02-13,57.9900016784668,59.369998931884766,57.9900016784668,58.95000076293945,43.90606689453125,22779800,0.0,0.0
2017-02-14,59.0,60.11000061035156,58.75,59.83000183105469,44.561492919921875,22359300,0.0,0.0
2017-02-15,60.15999984741211,60.869998931884766,59.70000076293945,60.5,45.06049728393555,22423900,0.0,0.0
2017-02-16,60.349998474121094,60.5,59.7599983215332,60.380001068115234,44.971134185791016,15916600,0.0,0.0
2017-02-17,59.70000076293945,60.16999816894531,59.400001525878906,60.16999816894531,44.81473159790039,15120600,0.0,0.0
2017-02-21,60.290000915527344,60.689998626708984,60.22999954223633,60.54999923706055,45.097747802734375,15812700,0.0,0.0
2017-02-22,60.18000030517578,60.95000076293945,60.02000045776367,60.619998931884766,45.14988708496094,16025700,0.0,0.0
2017-02-23,60.63999938964844,60.84000015258789,60.22999954223633,60.619998931884766,45.14988708496094,14624400,0.0,0.0
2017-02-24,59.880001068115234,60.18000030517578,59.11000061035156,59.560001373291016,44.36040115356445,19900300,0.0,0.0
2017-02-27,59.560001373291016,60.2400016784668,59.40999984741211,60.02000045776367,44.703006744384766,15711400,0.0,0.0
2017-02-28,59.66999816894531,60.09000015258789,59.47999954223633,59.810001373291016,44.546592712402344,17237500,0.0,0.0
2017-03-01,61.20000076293945,61.939998626708984,61.0,61.540000915527344,45.83510208129883,26421700,0.0,0.0
2017-03-02,61.68000030517578,61.869998931884766,60.59000015258789,60.630001068115234,45.15732955932617,17270300,0.0,0.0
2017-03-03,60.38999938964844,61.25,60.33000183105469,61.0,45.43291091918945,15178600,0.0,0.0
2017-03-06,60.79999923706055,60.880001068115234,60.2599983215332,60.279998779296875,44.89664840698242,14979400,0.0,0.0
2017-03-07,60.189998626708984,60.709999084472656,59.779998779296875,60.5,45.06049728393555,17297800,0.0,0.0
2017-03-08,61.560001373291016,62.529998779296875,61.060001373291016,61.11000061035156,45.514835357666016,30724000,0.0,0.0
2017-03-09,61.36000061035156,62.09000015258789,61.22999954223633,61.54999923706055,45.84253692626953,21429300,0.0,0.0
2017-03-10,61.939998626708984,62.029998779296875,60.91999816894531,61.4900016784668,45.79785919189453,17421900,0.0,0.0
2017-03-13,61.540000915527344,61.790000915527344,60.97999954223633,61.529998779296875,45.82765579223633,13481500,0.0,0.0
2017-03-14,61.33000183105469,61.470001220703125,60.810001373291016,61.439998626708984,45.7606201171875,11819700,0.0,0.0
2017-03-15,61.70000076293945,61.779998779296875,60.459999084472656,60.84000015258789,45.31374740600586,20086900,0.0,0.0
2017-03-16,61.04999923706055,61.40999984741211,60.77000045776367,61.150001525878906,45.54463195800781,15198300,0.0,0.0
2017-03-17,61.15999984741211,61.27000045776367,60.20000076293945,60.369998931884766,44.963680267333984,32281900,0.0,0.0
2017-03-20,60.099998474121094,60.380001068115234,59.59000015258789,59.59000015258789,44.38274383544922,14813800,0.0,0.0
2017-03-21,60.130001068115234,60.20000076293945,57.95000076293945,58.040000915527344,43.22830581665039,34140400,0.0,0.0
2017-03-22,57.40999984741211,58.38999938964844,56.900001525878906,57.77000045776367,43.02720260620117,25648500,0.0,0.0
2017-03-23,57.7599983215332,58.81999969482422,57.529998779296875,58.04999923706055,43.235748291015625,16916500,0.0,0.0
2017-03-24,58.33000183105469,58.540000915527344,57.61000061035156,58.06999969482422,43.25065231323242,13504400,0.0,0.0
2017-03-27,56.849998474121094,58.45000076293945,56.54999923706055,58.33000183105469,43.44429397583008,17257200,0.0,0.0
2017-03-28,58.189998626708984,59.65999984741211,58.119998931884766,59.41999816894531,44.25611877441406,15391100,0.0,0.0
2017-03-29,59.529998779296875,59.880001068115234,59.27000045776367,59.38999938964844,44.23377990722656,13457400,0.0,0.0
2017-03-30,59.38999938964844,60.83000183105469,59.36000061035156,60.5099983215332,45.06795120239258,14886200,0.0,0.0
2017-03-31,60.310001373291016,60.5099983215332,59.790000915527344,59.81999969482422,44.55404281616211,14407900,0.0,0.0
2017-04-03,59.93000030517578,60.09000015258789,58.650001525878906,59.68000030517578,44.44977569580078,15460500,0.0,0.0
2017-04-04,59.290000915527344,59.95000076293945,59.20000076293945,59.68000030517578,44.44977569580078,9745600,0.0,0.0
2017-04-05,60.5,61.02000045776367,59.529998779296875,59.59000015258789,44.38274383544922,20295200,0.0,0.0
2017-04-06,59.439998626708984,60.22999954223633,59.0099983215332,59.88999938964844,44.60618209838867,13806000,0.0,0.0
2017-04-07,59.33000183105469,59.88999938964844,59.2599983215332,59.43000030517578,44.26356506347656,13449300,0.0,0.0
2017-04-10,59.36000061035156,59.97999954223633,58.97999954223633,59.279998779296875,44.15184020996094,12096700,0.0,0.0
2017-04-11,58.68000030517578,59.04999923706055,58.08000183105469,59.029998779296875,43.965641021728516,15247800,0.0,0.0
2017-04-12,59.09000015258789,59.130001068115234,58.27000045776367,58.5099983215332,43.5783576965332,15223400,0.0,0.0
2017-04-13,58.29999923706055,59.72999954223633,57.68000030517578,58.040000915527344,43.22830581665039,31784400,0.0,0.0
2017-04-17,58.36000061035156,59.060001373291016,57.93000030517578,58.9900016784668,43.935855865478516,14657300,0.0,0.0
2017-04-18,58.58000183105469,58.88999938964844,58.06999969482422,58.41999816894531,43.51131820678711,16891000,0.0,0.0
2017-04-19,58.849998474121094,59.099998474121094,57.599998474121094,57.72999954223633,42.99739456176758,18104200,0.0,0.0
2017-04-20,58.16999816894531,58.650001525878906,57.54999923706055,58.40999984741211,43.503868103027344,17074800,0.0,0.0
2017-04-21,58.380001068115234,58.439998626708984,57.630001068115234,57.720001220703125,42.989959716796875,15255900,0.0,0.0
2017-04-24,59.18000030517578,59.709999084472656,59.06999969482422,59.439998626708984,44.27101135253906,24400300,0.0,0.0
2017-04-25,60.08000183105469,60.790000915527344,60.0,60.209999084472656,44.84451675415039,21593500,0.0,0.0
2017-04-26,60.040000915527344,60.70000076293945,59.959999084472656,60.099998474121094,44.76259231567383,16058000,0.0,0.0
2017-04-27,59.97999954223633,59.9900016784668,58.93000030517578,59.38999938964844,44.35186004638672,14025900,0.16,0.0
2017-04-28,59.36000061035156,59.56999969482422,59.04999923706055,59.119998931884766,44.15021896362305,11917100,0.0,0.0
2017-05-01,59.38999938964844,60.060001373291016,59.15999984741211,59.459999084472656,44.40413284301758,12879400,0.0,0.0
2017-05-02,59.45000076293945,59.720001220703125,58.93000030517578,59.709999084472656,44.5908203125,11471900,0.0,0.0
2017-05-03,59.5,60.33000183105469,59.29999923706055,60.2400016784668,44.986629486083984,12845300,0.0,0.0
2017-05-04,60.70000076293945,60.939998626708984,60.09000015258789,60.209999084472656,44.9642219543457,14509800,0.0,0.0
2017-05-05,60.4900016784668,60.58000183105469,60.099998474121094,60.2400016784668,44.986629486083984,11484300,0.0,0.0
2017-05-08,60.150001525878906,60.72999954223633,60.119998931884766,60.5,45.1807861328125,8458300,0.0,0.0
2017-05-09,60.650001525878906,61.040000915527344,60.06999969482422,60.22999954223633,44.97915267944336,13179900,0.0,0.0
2017-05-10,60.099998474121094,60.63999938964844,60.0,60.369998931884766,45.08370590209961,11607300,0.0,0.0
2017-05-11,60.25,60.91999816894531,59.91999816894531,60.70000076293945,45.33015441894531,16314000,0.0,0.0
2017-05-12,60.36000061035156,61.099998474121094,60.209999084472656,61.06999969482422,45.606468200683594,15393200,0.0,0.0
2017-05-15,61.220001220703125,61.70000076293945,61.09000015258789,61.41999816894531,45.867855072021484,14838500,0.0,0.0
2017-05-16,61.4900016784668,62.58000183105469,61.380001068115234,62.4900016784668,46.666900634765625,21199500,0.0,0.0
2017-05-17,62.4900016784668,62.4900016784668,59.66999816894531,59.97999954223633,44.79246520996094,33251400,0.0,0.0
2017-05-18,59.72999954223633,60.599998474121094,59.099998474121094,60.08000183105469,44.86714553833008,25142200,0.0,0.0
2017-05-19,60.40999984741211,61.77000045776367,60.2400016784668,61.099998474121094,45.62885665893555,20266600,0.0,0.0
2017-05-22,61.40999984741211,61.54999923706055,60.720001220703125,61.060001373291016,45.5989875793457,11744800,0.0,0.0
2017-05-23,61.09000015258789,61.95000076293945,60.72999954223633,61.709999084472656,46.08440017700195,12414300,0.0,0.0
2017-05-24,61.84000015258789,62.439998626708984,61.65999984741211,62.27000045776367,46.50260925292969,16102700,0.0,0.0
2017-05-25,62.25,62.689998626708984,61.779998779296875,61.95000076293945,46.26363754272461,13368600,0.0,0.0
2017-05-26,61.869998931884766,62.33000183105469,61.650001525878906,62.06999969482422,46.35324478149414,10850300,0.0,0.0
2017-05-30,61.790000915527344,62.06999969482422,61.5099983215332,61.63999938964844,46.03213119506836,12603800,0.0,0.0
2017-05-31,61.59000015258789,61.599998474121094,59.869998931884766,60.540000915527344,45.210662841796875,23150500,0.0,0.0
2017-06-01,60.88999938964844,61.09000015258789,60.16999816894531,61.08000183105469,45.613922119140625,13922400,0.0,0.0
2017-06-02,60.33000183105469,61.599998474121094,60.29999923706055,61.11000061035156,45.63633346557617,13643600,0.0,0.0
2017-06-05,61.040000915527344,61.77000045776367,60.959999084472656,61.25,45.74088668823242,10024900,0.0,0.0
2017-06-06,60.68000030517578,61.16999816894531,60.439998626708984,61.0099983215332,45.56166076660156,10764300,0.0,0.0
2017-06-07,61.209999084472656,62.22999954223633,61.099998474121094,61.880001068115234,46.21135711669922,16056100,0.0,0.0
2017-06-08,61.880001068115234,63.81999969482422,61.720001220703125,63.209999084472656,47.204593658447266,25925700,0.0,0.0
2017-06-09,63.84000015258789,64.73999786376953,63.5099983215332,64.44999694824219,48.1306037902832,31488800,0.0,0.0
2017-06-12,64.51000213623047,65.4000015258789,64.06999969482422,64.31999969482422,48.03351974487305,27444400,0.0,0.0
2017-06-13,64.87999725341797,65.26000213623047,64.33000183105469,64.69000244140625,48.309837341308594,18749000,0.0,0.0
2017-06-14,64.25,64.91999816894531,63.5,64.72000122070312,48.33224105834961,20791600,0.0,0.0
2017-06-15,64.30999755859375,64.94000244140625,63.939998626708984,64.0999984741211,47.86923599243164,15111500,0.0,0.0
2017-06-16,64.16000366210938,64.2300033569336,63.709999084472656,63.88999938964844,47.712406158447266,19549900,0.0,0.0
2017-06-19,64.4000015258789,64.88999938964844,64.26000213623047,64.4800033569336,48.15301513671875,13264800,0.0,0.0
2017-06-20,64.30999755859375,64.41999816894531,63.90999984741211,63.90999984741211,47.72734451293945,12162800,0.0,0.0
2017-06-21,63.88999938964844,64.26000213623047,63.61000061035156,63.83000183105469,47.66761016845703,13532800,0.0,0.0
2017-06-22,63.619998931884766,63.90999984741211,63.34000015258789,63.619998931884766,47.510772705078125,11344700,0.0,0.0
2017-06-23,64.05000305175781,64.18000030517578,63.15999984741211,63.40999984741211,47.35395431518555,16395300,0.0,0.0
2017-06-26,63.54999923706055,64.12000274658203,63.209999084472656,63.779998779296875,47.630271911621094,14978000,0.0,0.0
2017-06-27,64.23999786376953,64.86000061035156,64.01000213623047,64.2300033569336,47.966331481933594,16416300,0.0,0.0
2017-06-28,65.0,65.36000061035156,64.5199966430664,65.18000030517578,48.675777435302734,24015200,0.0,0.0
2017-06-29,67.6500015258789,67.75,66.26000213623047,66.9800033569336,50.01999282836914,40827200,0.0,0.0
2017-06-30,67.55999755859375,67.58999633789062,66.72000122070312,66.87999725341797,49.9453010559082,15832300,0.0,0.0
2017-07-03,67.23999786376953,68.91000366210938,67.23999786376953,68.26000213623047,50.97588348388672,16488300,0.0,0.0
2017-07-05,68.33000183105469,68.7300033569336,67.94999694824219,68.44999694824219,51.117767333984375,17783100,0.0,0.0
2017-07-06,68.44999694824219,68.76000213623047,67.56999969482422,67.62999725341797,50.505409240722656,17960700,0.0,0.0
2017-07-07,68.02999877929688,68.30000305175781,67.44000244140625,67.91000366210938,50.71450424194336,14735300,0.0,0.0
2017-07-10,67.69000244140625,68.04000091552734,67.44000244140625,67.6500015258789,50.52033996582031,12613800,0.0,0.0
2017-07-11,67.5,67.56999969482422,66.5999984741211,66.81999969482422,49.900508880615234,17134600,0.0,0.0
2017-07-12,66.76000213623047,67.19999694824219,66.54000091552734,66.91999816894531,49.97516632080078,16881700,0.0,0.0
2017-07-13,67.1500015258789,67.29000091552734,66.69000244140625,67.0199966430664,50.04985427856445,20152000,0.0,0.0
2017-07-14,66.31999969482422,66.93000030517578,65.5199966430664,66.72000122070312,49.82582473754883,20742300,0.0,0.0
2017-07-17,66.76000213623047,67.0999984741211,66.41999816894531,66.83000183105469,49.90797805786133,17498000,0.0,0.0
2017-07-18,66.44000244140625,67.0999984741211,66.22000122070312,66.88999938964844,49.95277404785156,15965900,0.0,0.0
2017-07-19,67.1500015258789,67.36000061035156,66.5,66.69999694824219,49.81089401245117,12687300,0.0,0.0
2017-07-20,66.62000274658203,67.04000091552734,66.33000183105469,66.36000061035156,49.556983947753906,14027600,0.0,0.0
2017-07-21,66.0999984741211,66.44000244140625,65.88999938964844,66.0,49.28813552856445,14075500,0.0,0.0
2017-07-24,65.91999816894531,66.43000030517578,65.91000366210938,66.0999984741211,49.36281967163086,14848400,0.0,0.0
2017-07-25,67.93000030517578,68.41999816894531,67.80999755859375,68.02999877929688,50.80411911010742,30833600,0.0,0.0
2017-07-26,68.47000122070312,68.83999633789062,67.79000091552734,67.9800033569336,50.766780853271484,19228500,0.0,0.0
2017-07-27,68.0,68.72000122070312,67.36000061035156,67.5999984741211,50.483009338378906,22650200,0.0,0.0
2017-07-28,67.41999816894531,67.7699966430664,67.0,67.43000030517578,50.356048583984375,13604500,0.0,0.0
2017-07-31,67.87000274658203,68.6500015258789,67.5199966430664,68.44999694824219,51.117767333984375,23059300,0.0,0.0
2017-08-01,69.08999633789062,69.62000274658203,68.75,69.5999984741211,51.976585388183594,22974700,0.0,0.0
2017-08-02,69.56999969482422,69.6500015258789,68.81999969482422,69.41999816894531,51.84214782714844,19095600,0.0,0.0
2017-08-03,68.93000030517578,69.19999694824219,68.01000213623047,68.12999725341797,51.11441421508789,20937900,0.32,0.0
2017-08-04,68.79000091552734,69.41000366210938,68.70999908447266,68.9800033569336,51.752132415771484,18148400,0.0,0.0
2017-08-07,69.12999725341797,69.26000213623047,68.69000244140625,69.04000091552734,51.79714584350586,12961100,0.0,0.0
2017-08-08,69.0,69.86000061035156,68.81999969482422,68.87999725341797,51.677101135253906,16645900,0.0,0.0
2017-08-09,68.12000274658203,68.4800033569336,67.91999816894531,68.43000030517578,51.33948516845703,19195700,0.0,0.0
2017-08-10,68.0,68.12999725341797,67.1500015258789,67.22000122070312,50.431705474853516,19147200,0.0,0.0
2017-08-11,67.06999969482422,67.47000122070312,66.58999633789062,66.80000305175781,50.11659622192383,15172800,0.0,0.0
2017-08-14,67.61000061035156,68.12999725341797,67.41000366210938,67.88999938964844,50.93436050415039,15120200,0.0,0.0
2017-08-15,68.58000183105469,68.95999908447266,67.87999725341797,67.97000122070312,50.99440002441406,15472000,0.0,0.0
2017-08-16,68.1500015258789,68.37000274658203,67.38999938964844,67.70999908447266,50.79931640625,15064500,0.0,0.0
2017-08-17,67.30999755859375,67.6500015258789,66.51000213623047,66.5999984741211,49.96653366088867,14487900,0.0,0.0
2017-08-18,66.38999938964844,67.36000061035156,66.18000030517578,66.58000183105469,49.95153045654297,13628900,0.0,0.0
2017-08-21,66.58000183105469,66.77999877929688,65.86000061035156,65.94999694824219,49.478858947753906,15791100,0.0,0.0
2017-08-22,66.29000091552734,66.93000030517578,66.25,66.8499984741211,50.15409851074219,13247000,0.0,0.0
2017-08-23,66.20999908447266,67.56999969482422,66.20999908447266,67.2300033569336,50.439205169677734,10031600,0.0,0.0
2017-08-24,67.44999694824219,67.91000366210938,66.94999694824219,67.69000244140625,50.784305572509766,11524800,0.0,0.0
2017-08-25,67.80000305175781,68.23999786376953,67.70999908447266,67.8499984741211,50.90435028076172,11883100,0.0,0.0
2017-08-28,68.08000183105469,68.18000030517578,67.43000030517578,67.80999755859375,50.87433624267578,10797600,0.0,0.0
2017-08-29,66.69999694824219,67.7699966430664,66.51000213623047,67.4800033569336,50.62676239013672,12448000,0.0,0.0
2017-08-30,67.69999694824219,68.38999938964844,67.69000244140625,68.01000213623047,51.024391174316406,9152000,0.0,0.0
2017-08-31,68.1500015258789,68.29000091552734,67.75,68.02999877929688,51.03940200805664,12439300,0.0,0.0
2017-09-01,68.11000061035156,69.02999877929688,67.9800033569336,68.58000183105469,51.45203399658203,10720600,0.0,0.0
2017-09-05,67.7699966430664,67.94000244140625,66.76000213623047,67.16000366210938,50.38668441772461,17649500,0.0,0.0
2017-09-06,67.45999908447266,67.5999984741211,66.8499984741211,67.31999969482422,50.5067253112793,11849400,0.0,0.0
2017-09-07,67.38999938964844,67.44000244140625,65.69000244140625,66.05999755859375,49.561405181884766,20307800,0.0,0.0
2017-09-08,65.97000122070312,66.91999816894531,65.87000274658203,66.16999816894531,49.6439323425293,13438000,0.0,0.0
2017-09-11,66.76000213623047,67.79000091552734,66.37000274658203,67.70999908447266,50.79931640625,17287000,0.0,0.0
2017-09-12,68.22000122070312,69.25,68.0999984741211,68.79000091552734,51.609580993652344,15495400,0.0,0.0
2017-09-13,68.69000244140625,69.52999877929688,68.45999908447266,69.38999938964844,52.05972671508789,17467300,0.0,0.0
2017-09-14,69.3499984741211,69.75,69.20999908447266,69.23999786376953,51.947200775146484,15022100,0.0,0.0
2017-09-15,69.12000274658203,69.37999725341797,68.91000366210938,69.04000091552734,51.79714584350586,18360900,0.0,0.0
2017-09-18,69.37999725341797,70.93000030517578,69.2699966430664,70.5999984741211,52.96752166748047,18027800,0.0,0.0
2017-09-19,70.30000305175781,71.69999694824219,70.30000305175781,71.1500015258789,53.380184173583984,15466000,0.0,0.0
2017-09-20,71.37999725341797,72.19999694824219,70.81999969482422,71.45999908447266,53.61273956298828,19788100,0.0,0.0
2017-09-21,71.44999694824219,72.12999725341797,71.1500015258789,71.76000213623047,53.837825775146484,11509200,0.0,0.0
2017-09-22,71.5999984741211,71.63999938964844,71.01000213623047,71.4000015258789,53.5677375793457,10446600,0.0,0.0
2017-09-25,71.20999908447266,71.51000213623047,70.31999969482422,70.83999633789062,53.1475830078125,10762800,0.0,0.0
2017-09-26,70.8499984741211,71.23999786376953,70.51000213623047,70.94000244140625,53.22261428833008,11553800,0.0,0.0
2017-09-27,72.19000244140625,72.97000122070312,71.91000366210938,72.27999877929688,54.22793960571289,18092200,0.0,0.0
2017-09-28,72.61000061035156,72.86000061035156,72.0199966430664,72.6500015258789,54.50553512573242,13845900,0.0,0.0
2017-09-29,72.55000305175781,72.9000015258789,72.36000061035156,72.73999786376953,54.57306671142578,12777300,0.0,0.0
2017-10-02,73.06999969482422,73.88999938964844,72.91000366210938,73.80000305175781,55.36832046508789,13386300,0.0,0.0
2017-10-03,73.9800033569336,74.37999725341797,73.8499984741211,74.12999725341797,55.61592102050781,11925100,0.0,0.0
2017-10-04,74.18000030517578,74.73999786376953,73.93000030517578,74.05999755859375,55.56340408325195,12904100,0.0,0.0
2017-10-05,74.06999969482422,75.93000030517578,73.8499984741211,75.72000122070312,56.808807373046875,19701200,0.0,0.0
2017-10-06,75.80999755859375,76.0199966430664,75.0999984741211,75.63999938964844,56.748779296875,16119900,0.0,0.0
2017-10-09,75.83000183105469,75.87999725341797,75.08999633789062,75.38999938964844,56.56121826171875,12830800,0.0,0.0
2017-10-10,75.4000015258789,75.54000091552734,74.62999725341797,75.18000030517578,56.4036750793457,13866600,0.0,0.0
2017-10-11,74.97000122070312,75.33000183105469,74.66000366210938,74.94000244140625,56.2236328125,18597900,0.0,0.0
2017-10-12,75.81999969482422,76.13999938964844,72.2699966430664,72.37000274658203,54.29547119140625,40166300,0.0,0.0
2017-10-13,72.0999984741211,72.33999633789062,70.91000366210938,72.11000061035156,54.100399017333984,30907300,0.0,0.0
2017-10-16,71.37999725341797,72.58000183105469,71.37000274658203,71.7699966430664,53.845306396484375,21169200,0.0,0.0
2017-10-17,72.23999786376953,72.72000122070312,72.0,72.19000244140625,54.16042709350586,15743800,0.0,0.0
2017-10-18,72.66000366210938,73.33000183105469,72.55000305175781,73.12000274658203,54.85816192626953,15126700,0.0,0.0
2017-10-19,72.3499984741211,72.94000244140625,71.70999908447266,72.87999725341797,54.6781005859375,12322700,0.0,0.0
2017-10-20,73.76000213623047,73.87999725341797,73.18000030517578,73.52999877929688,55.165740966796875,15634600,0.0,0.0
2017-10-23,73.4800033569336,74.01000213623047,73.43000030517578,73.52999877929688,55.165740966796875,10821500,0.0,0.0
2017-10-24,73.95999908447266,74.75,73.7300033569336,74.23999786376953,55.69844436645508,15260200,0.0,0.0
2017-10-25,74.4800033569336,74.62999725341797,73.26000213623047,73.62000274658203,55.2332649230957,17188100,0.0,0.0
2017-10-26,73.66000366210938,74.25,73.5999984741211,73.79000091552734,55.360836029052734,13213100,0.0,0.0
2017-10-27,73.43000030517578,73.9800033569336,73.01000213623047,73.87000274658203,55.42084503173828,11309900,0.0,0.0
2017-10-30,73.20999908447266,73.91000366210938,73.18000030517578,73.77999877929688,55.353328704833984,10556900,0.0,0.0
2017-10-31,73.87000274658203,74.08999633789062,73.26000213623047,73.5,55.143245697021484,11733500,0.0,0.0
2017-11-01,73.98999786376953,74.5199966430664,73.80999755859375,74.02999877929688,55.54087448120117,11361900,0.0,0.0
2017-11-02,73.94999694824219,74.8499984741211,73.33000183105469,74.73999786376953,56.07354736328125,12997500,0.0,0.0
2017-11-03,74.22000122070312,74.38999938964844,73.83999633789062,74.05000305175781,55.79477310180664,10692600,0.32,0.0
2017-11-06,73.58999633789062,74.02999877929688,73.16999816894531,73.80000305175781,55.60640335083008,12636600,0.0,0.0
2017-11-07,73.77999877929688,74.0,72.31999969482422,72.70999908447266,54.785125732421875,17255700,0.0,0.0
2017-11-08,72.38999938964844,72.56999969482422,71.5199966430664,72.33999633789062,54.5063362121582,18710600,0.0,0.0
2017-11-09,71.72000122070312,72.76000213623047,71.44999694824219,72.43000030517578,54.57414627075195,15496600,0.0,0.0
2017-11-10,72.52999877929688,72.86000061035156,72.11000061035156,72.25,54.43852996826172,12853100,0.0,0.0
2017-11-13,71.66999816894531,72.1500015258789,71.4800033569336,71.98999786376953,54.242610931396484,13500600,0.0,0.0
2017-11-14,71.6500015258789,71.80999755859375,71.04000091552734,71.52999877929688,53.89601516723633,13188900,0.0,0.0
2017-11-15,70.62000274658203,72.06999969482422,70.0199966430664,71.7300033569336,54.04671096801758,17541800,0.0,0.0
2017-11-16,72.11000061035156,72.31999969482422,71.51000213623047,71.66999816894531,54.00149917602539,12415600,0.0,0.0
2017-11-17,71.16000366210938,71.83000183105469,70.94000244140625,71.33000183105469,53.74531936645508,11813000,0.0,0.0
2017-11-20,71.7699966430664,72.30000305175781,71.27999877929688,72.05000305175781,54.28782272338867,10000000,0.0,0.0
2017-11-21,72.5,72.58999633789062,72.12999725341797,72.37999725341797,54.53646469116211,9632100,0.0,0.0
2017-11-22,72.44999694824219,73.1500015258789,72.26000213623047,72.26000213623047,54.44605255126953,9146200,0.0,0.0
2017-11-24,72.41000366210938,72.5199966430664,71.98999786376953,72.0199966430664,54.26521682739258,4676100,0.0,0.0
2017-11-27,71.98999786376953,72.36000061035156,71.30999755859375,71.38999938964844,53.7905387878418,12615200,0.0,0.0
2017-11-28,71.44000244140625,74.0,71.12999725341797,73.69999694824219,55.531063079833984,18048300,0.0,0.0
2017-11-29,75.12999725341797,75.7699966430664,74.05000305175781,75.04000091552734,56.54072570800781,21876400,0.0,0.0
2017-11-30,75.7300033569336,76.88999938964844,75.1500015258789,75.5,56.8873176574707,23179600,0.0,0.0
2017-12-01,75.70999908447266,76.23999786376953,73.77999877929688,75.51000213623047,56.89485549926758,18269800,0.0,0.0
2017-12-04,77.0199966430664,77.91999816894531,76.62000274658203,77.0999984741211,58.09286117553711,23151400,0.0,0.0
2017-12-05,76.9800033569336,77.27999877929688,76.19000244140625,76.54000091552734,57.670921325683594,16045900,0.0,0.0
2017-12-06,76.23999786376953,76.5,75.08999633789062,75.44000244140625,56.842105865478516,16612500,0.0,0.0
2017-12-07,74.66999816894531,75.31999969482422,74.26000213623047,74.9800033569336,56.495506286621094,19173400,0.0,0.0
2017-12-08,75.05999755859375,75.72000122070312,74.97000122070312,75.70999908447266,57.04555130004883,12460900,0.0,0.0
2017-12-11,75.94000244140625,76.12999725341797,75.52999877929688,75.8499984741211,57.15104293823242,10461700,0.0,0.0
2017-12-12,76.04000091552734,76.80000305175781,75.5199966430664,76.1500015258789,57.3770751953125,18381900,0.0,0.0
2017-12-13,75.94999694824219,76.31999969482422,75.05000305175781,75.13999938964844,56.61606216430664,20231600,0.0,0.0
2017-12-14,75.2300033569336,75.43000030517578,73.77999877929688,73.91999816894531,55.696800231933594,24778500,0.0,0.0
2017-12-15,74.44999694824219,75.1500015258789,74.2699966430664,74.7699966430664,56.3372688293457,37121100,0.0,0.0
2017-12-18,75.27999877929688,76.01000213623047,75.2699966430664,75.66999816894531,57.01539993286133,16449300,0.0,0.0
2017-12-19,76.0999984741211,76.1500015258789,74.6500015258789,74.69999694824219,56.28453063964844,17655100,0.0,0.0
2017-12-20,75.3499984741211,75.7699966430664,74.61000061035156,74.66000366210938,56.25440979003906,17644000,0.0,0.0
2017-12-21,74.9800033569336,76.08000183105469,74.94000244140625,75.81999969482422,57.128414154052734,14085700,0.0,0.0
2017-12-22,75.88999938964844,75.98999786376953,75.05000305175781,75.48999786376953,56.8797721862793,12006600,0.0,0.0
2017-12-26,75.44999694824219,75.72000122070312,74.41999816894531,74.77999877929688,56.34481430053711,10882100,0.0,0.0
2017-12-27,74.66999816894531,75.08000183105469,74.5199966430664,74.88999938964844,56.427696228027344,10845100,0.0,0.0
2017-12-28,74.91000366210938,75.16999816894531,74.83999633789062,75.08000183105469,56.57086181640625,8759800,0.0,0.0
2017-12-29,75.16999816894531,75.29000091552734,74.37999725341797,74.41000366210938,56.066043853759766,10074900,0.0,0.0
2018-01-02,75.08999633789062,75.18000030517578,74.0199966430664,74.36000061035156,56.02836227416992,15819800,0.0,0.0
2018-01-03,74.3499984741211,74.73999786376953,73.97000122070312,74.58999633789062,56.20164489746094,14657900,0.0,0.0
2018-01-04,75.01000213623047,76.11000061035156,74.66000366210938,75.51000213623047,56.89485549926758,16864900,0.0,0.0
2018-01-05,75.70999908447266,75.7699966430664,74.95999908447266,75.41000366210938,56.81950378417969,15300500,0.0,0.0
2018-01-08,75.16999816894531,75.23999786376953,74.33000183105469,74.52999877929688,56.15642547607422,14215700,0.0,0.0
2018-01-09,74.76000213623047,75.88999938964844,74.61000061035156,75.30999755859375,56.74414825439453,14209500,0.0,0.0
2018-01-10,75.69999694824219,76.27999877929688,75.37000274658203,75.6500015258789,57.000362396240234,14008000,0.0,0.0
2018-01-11,75.9800033569336,76.0199966430664,75.13999938964844,75.55999755859375,56.93251037597656,15459900,0.0,0.0
2018-01-12,75.9000015258789,76.95999908447266,75.77999877929688,76.83999633789062,57.89696502685547,16946700,0.0,0.0
2018-01-16,77.76000213623047,78.44000244140625,76.79000091552734,77.11000061035156,58.100399017333984,26181400,0.0,0.0
2018-01-17,76.88999938964844,77.66000366210938,76.0999984741211,77.47000122070312,58.37166976928711,20958400,0.0,0.0
2018-01-18,77.66000366210938,77.69999694824219,77.08000183105469,77.38999938964844,58.31137466430664,15420800,0.0,0.0
2018-01-19,77.56999969482422,78.37999725341797,77.43000030517578,78.30000305175781,58.997047424316406,17814000,0.0,0.0
2018-01-22,78.23999786376953,78.9000015258789,78.05000305175781,78.58999633789062,59.215553283691406,11561100,0.0,0.0
2018-01-23,78.45999908447266,78.88999938964844,77.95999908447266,78.55000305175781,59.18540954589844,10080000,0.0,0.0
2018-01-24,78.95999908447266,79.70999908447266,78.66000366210938,79.44999694824219,59.863521575927734,18108600,0.0,0.0
2018-01-25,79.8499984741211,80.38999938964844,79.20999908447266,79.44000244140625,59.856021881103516,16178800,0.0,0.0
2018-01-26,79.61000061035156,80.08000183105469,78.95999908447266,80.08000183105469,60.33822250366211,12807800,0.0,0.0
2018-01-29,80.12000274658203,80.69999694824219,79.83000183105469,79.95999908447266,60.247806549072266,14611100,0.0,0.0
2018-01-30,79.19999694824219,79.5999984741211,78.61000061035156,78.62000274658203,59.238155364990234,15816900,0.0,0.0
2018-01-31,78.77999877929688,79.38999938964844,78.19000244140625,78.4800033569336,59.13267135620117,16266300,0.0,0.0
2018-02-01,78.2699966430664,79.2300033569336,78.13999938964844,79.19999694824219,59.67515563964844,12437200,0.0,0.0
2018-02-02,78.6500015258789,79.05999755859375,76.87999725341797,77.0199966430664,58.26801300048828,18561200,0.32,0.0
2018-02-05,75.5199966430664,77.22000122070312,72.19999694824219,73.2699966430664,55.431026458740234,31087800,0.0,0.0
2018-02-06,71.5199966430664,75.19000244140625,71.1500015258789,74.81999969482422,56.603633880615234,32116700,0.0,0.0
2018-02-07,74.7699966430664,76.08000183105469,74.31999969482422,74.98999786376953,56.732276916503906,18908400,0.0,0.0
2018-02-08,75.06999969482422,75.25,71.80000305175781,71.87000274658203,54.37190628051758,24941100,0.0,0.0
2018-02-09,73.0199966430664,74.27999877929688,71.0,73.68000030517578,55.741207122802734,26616500,0.0,0.0
2018-02-12,74.47000122070312,75.5,73.97000122070312,74.76000213623047,56.55826187133789,16677700,0.0,0.0
2018-02-13,74.33999633789062,75.37999725341797,74.1500015258789,75.18000030517578,56.87601089477539,11749100,0.0,0.0
2018-02-14,75.02999877929688,76.86000061035156,74.7300033569336,76.70999908447266,58.033504486083984,16261300,0.0,0.0
2018-02-15,77.18000030517578,77.45999908447266,76.4000015258789,77.08000183105469,58.31340408325195,11066400,0.0,0.0
2018-02-16,76.80000305175781,77.37000274658203,76.61000061035156,76.81999969482422,58.11671829223633,11644900,0.0,0.0
2018-02-20,76.63999938964844,77.2300033569336,76.08999633789062,76.45999908447266,57.844356536865234,12040900,0.0,0.0
2018-02-21,76.4000015258789,78.41999816894531,76.4000015258789,77.0,58.252891540527344,15888800,0.0,0.0
2018-02-22,77.27999877929688,77.4800033569336,75.94000244140625,76.2699966430664,57.70061492919922,16049500,0.0,0.0
2018-02-23,76.4800033569336,77.11000061035156,76.19999694824219,77.08000183105469,58.31340408325195,12481200,0.0,0.0
2018-02-26,77.2300033569336,77.73999786376953,76.72000122070312,77.6500015258789,58.744625091552734,17288300,0.0,0.0
2018-02-27,77.5199966430664,77.87999725341797,76.3499984741211,76.37999725341797,57.78382873535156,19977200,0.0,0.0
2018-02-28,76.5999984741211,77.12999725341797,75.44999694824219,75.48999786376953,57.110530853271484,19329900,0.0,0.0
2018-03-01,75.5,75.94000244140625,73.19999694824219,73.66000366210938,55.72608947753906,23803200,0.0,0.0
2018-03-02,73.16999816894531,73.87000274658203,71.87999725341797,73.68000030517578,55.741207122802734,21061200,0.0,0.0
2018-03-05,73.06999969482422,74.94000244140625,72.69999694824219,74.41999816894531,56.3010368347168,16814600,0.0,0.0
2018-03-06,74.93000030517578,74.98999786376953,73.75,74.05999755859375,56.02870559692383,14891200,0.0,0.0
2018-03-07,73.18000030517578,74.08000183105469,72.86000061035156,73.91999816894531,55.922760009765625,14654900,0.0,0.0
2018-03-08,74.13999938964844,74.2300033569336,73.12999725341797,74.11000061035156,56.06650924682617,10878600,0.0,0.0
2018-03-09,74.94999694824219,76.37000274658203,74.5999984741211,76.11000061035156,57.5795783996582,15939200,0.0,0.0
2018-03-12,75.94999694824219,76.52999877929688,75.91999816894531,76.0199966430664,57.51149368286133,13398200,0.0,0.0
2018-03-13,76.13999938964844,76.41000366210938,74.66000366210938,74.91000366210938,56.671756744384766,12636600,0.0,0.0
2018-03-14,75.27999877929688,75.29000091552734,73.31999969482422,73.47000122070312,55.58232116699219,18485700,0.0,0.0
2018-03-15,73.77999877929688,73.87000274658203,73.01000213623047,73.33999633789062,55.483970642089844,13334000,0.0,0.0
2018-03-16,73.16999816894531,74.13999938964844,73.1500015258789,73.47000122070312,55.58232116699219,33033700,0.0,0.0
2018-03-19,73.47000122070312,73.5,71.91999816894531,72.69999694824219,54.99979782104492,15131400,0.0,0.0
2018-03-20,73.05000305175781,73.52999877929688,72.70999908447266,72.91999816894531,55.166255950927734,13113500,0.0,0.0
2018-03-21,73.18000030517578,74.2699966430664,72.69000244140625,73.31999969482422,55.46885681152344,16374700,0.0,0.0
2018-03-22,72.33000183105469,72.4800033569336,69.87000274658203,70.30999755859375,53.191688537597656,27652300,0.0,0.0
2018-03-23,70.31999969482422,70.47000122070312,67.75,67.9000015258789,51.368473052978516,31458900,0.0,0.0
2018-03-26,69.11000061035156,70.01000213623047,68.29000091552734,69.77999877929688,52.79072570800781,19156100,0.0,0.0
2018-03-27,70.23999786376953,70.62000274658203,67.61000061035156,68.27999877929688,51.655948638916016,21610800,0.0,0.0
2018-03-28,68.4800033569336,69.04000091552734,67.52999877929688,68.26000213623047,51.640804290771484,21712000,0.0,0.0
2018-03-29,68.5199966430664,69.66999816894531,67.5,67.5,51.06583786010742,22621300,0.0,0.0
2018-04-02,68.33000183105469,69.04000091552734,66.55000305175781,67.70999908447266,51.224727630615234,29975600,0.0,0.0
2018-04-03,68.05000305175781,68.66000366210938,67.41999816894531,68.4800033569336,51.807247161865234,18822600,0.0,0.0
2018-04-04,67.16000366210938,69.55999755859375,67.05000305175781,69.30999755859375,52.43515396118164,15651300,0.0,0.0
2018-04-05,70.06999969482422,70.80999755859375,69.9000015258789,70.22000122070312,53.12361526489258,16120700,0.0,0.0
2018-04-06,69.5199966430664,70.29000091552734,67.93000030517578,68.5999984741211,51.89801788330078,21543500,0.0,0.0
2018-04-09,69.05999755859375,70.94000244140625,68.98999786376953,69.44000244140625,52.53350830078125,17036500,0.0,0.0
2018-04-10,71.05000305175781,71.23999786376953,70.29000091552734,70.51000213623047,53.343013763427734,16022300,0.0,0.0
2018-04-11,69.97000122070312,70.5999984741211,69.55000305175781,69.88999938964844,52.87393569946289,15645500,0.0,0.0
2018-04-12,70.47000122070312,72.5,70.47000122070312,72.12999725341797,54.56858825683594,24488100,0.0,0.0
2018-04-13,73.20999908447266,73.37999725341797,69.83000183105469,71.01000213623047,53.72127914428711,31356000,0.0,0.0
2018-04-16,71.08999633789062,71.33999633789062,69.76000213623047,70.06999969482422,53.0101318359375,18877000,0.0,0.0
2018-04-17,70.6500015258789,70.93000030517578,69.47000122070312,69.73999786376953,52.760475158691406,18233400,0.0,0.0
2018-04-18,69.80999755859375,70.36000061035156,68.8499984741211,68.9800033569336,52.18551254272461,15382900,0.0,0.0
2018-04-19,69.0999984741211,70.61000061035156,69.0999984741211,70.27999877929688,53.16899871826172,15531600,0.0,0.0
2018-04-20,70.4000015258789,70.83999633789062,69.75,70.0,52.95717239379883,17629900,0.0,0.0
2018-04-23,70.0,70.2699966430664,69.4000015258789,69.4800033569336,52.56377029418945,11596400,0.0,0.0
2018-04-24,69.76000213623047,70.62000274658203,68.4000015258789,69.12000274658203,52.29142761230469,16233700,0.0,0.0
2018-04-25,68.7699966430664,69.7699966430664,68.05000305175781,69.36000061035156,52.47299575805664,16059700,0.0,0.0
2018-04-26,69.11000061035156,69.58999633789062,68.9000015258789,69.18000030517578,52.336814880371094,13829700,0.0,0.0
2018-04-27,69.0,69.44000244140625,68.73999786376953,68.98999786376953,52.19305419921875,10420100,0.0,0.0
2018-04-30,69.19999694824219,69.58999633789062,68.25,68.2699966430664,51.648380279541016,12237900,0.0,0.0
2018-05-01,68.23999786376953,68.29000091552734,67.41999816894531,68.25,51.63324737548828,11602700,0.0,0.0
2018-05-02,67.94999694824219,69.0199966430664,67.75,67.98999786376953,51.43654251098633,15287300,0.0,0.0
2018-05-03,67.80000305175781,68.2300033569336,66.55000305175781,67.94000244140625,51.39872741699219,16325500,0.0,0.0
2018-05-04,67.05000305175781,68.2699966430664,66.97000122070312,67.94000244140625,51.641963958740234,12512000,0.32,0.0
2018-05-07,68.2699966430664,68.66999816894531,68.13999938964844,68.5,52.06761169433594,11801800,0.0,0.0
2018-05-08,69.6500015258789,71.44999694824219,69.38999938964844,71.0,53.9679069519043,23603200,0.0,0.0
2018-05-09,71.2300033569336,72.0,70.76000213623047,71.94999694824219,54.68999481201172,15900700,0.0,0.0
2018-05-10,71.95999908447266,72.93000030517578,71.58999633789062,72.56999969482422,55.161277770996094,11488900,0.0,0.0
2018-05-11,72.52999877929688,73.23999786376953,72.45999908447266,72.86000061035156,55.38169479370117,11531400,0.0,0.0
2018-05-14,72.93000030517578,73.30000305175781,72.5,72.62000274658203,55.19927978515625,12615500,0.0,0.0
2018-05-15,72.51000213623047,73.0199966430664,72.36000061035156,72.68000030517578,55.244895935058594,12483300,0.0,0.0
2018-05-16,72.44000244140625,72.76000213623047,71.80999755859375,71.94999694824219,54.68999481201172,11796000,0.0,0.0
2018-05-17,71.7300033569336,72.04000091552734,71.06999969482422,71.55999755859375,54.393550872802734,14876000,0.0,0.0
2018-05-18,71.26000213623047,71.31999969482422,69.88999938964844,69.95999908447266,53.17738342285156,16160700,0.0,0.0
2018-05-21,70.6500015258789,70.87000274658203,70.30000305175781,70.43000030517578,53.534629821777344,9798500,0.0,0.0
2018-05-22,70.79000091552734,71.69000244140625,70.51000213623047,71.08000183105469,54.028690338134766,14147100,0.0,0.0
2018-05-23,70.6500015258789,70.69999694824219,69.2300033569336,70.23999786376953,53.39020919799805,13626700,0.0,0.0
2018-05-24,69.83999633789062,69.88999938964844,68.48999786376953,69.30999755859375,52.683292388916016,16553700,0.0,0.0
2018-05-25,68.93000030517578,68.93000030517578,68.20999908447266,68.44000244140625,52.02201843261719,16008700,0.0,0.0
2018-05-29,67.12000274658203,67.5,65.19999694824219,65.70999908447266,49.946895599365234,37721400,0.0,0.0
2018-05-30,66.55999755859375,66.87999725341797,66.1500015258789,66.68000030517578,50.684207916259766,19040500,0.0,0.0
2018-05-31,66.55000305175781,66.94999694824219,65.75,66.69000244140625,50.69182205200195,22633000,0.0,0.0
2018-06-01,67.48999786376953,68.02999877929688,67.08000183105469,67.27999877929688,51.14027786254883,14914400,0.0,0.0
2018-06-04,67.44000244140625,67.7699966430664,67.0,67.33999633789062,51.18587875366211,10468900,0.0,0.0
2018-06-05,67.08000183105469,67.08999633789062,66.45999908447266,66.76000213623047,50.745033264160156,14072700,0.0,0.0
2018-06-06,67.20999908447266,68.41999816894531,67.0999984741211,68.2300033569336,51.862388610839844,14862400,0.0,0.0
2018-06-07,68.93000030517578,69.0,67.97000122070312,68.44999694824219,52.029605865478516,16505300,0.0,0.0
2018-06-08,68.12999725341797,68.5199966430664,67.7699966430664,68.47000122070312,52.04481506347656,11609500,0.0,0.0
2018-06-11,68.91999816894531,69.16999816894531,68.06999969482422,68.11000061035156,51.77116775512695,13941500,0.0,0.0
2018-06-12,68.26000213623047,68.56999969482422,67.44000244140625,67.61000061035156,51.3911247253418,13737100,0.0,0.0
2018-06-13,67.81999969482422,68.41000366210938,67.22000122070312,67.29000091552734,51.147884368896484,17531500,0.0,0.0
2018-06-14,67.55999755859375,67.61000061035156,65.94999694824219,66.16000366210938,50.28895568847656,24035400,0.0,0.0
2018-06-15,66.31999969482422,66.62000274658203,65.23999786376953,66.33999633789062,50.4257698059082,29314800,0.0,0.0
2018-06-18,65.75,66.80999755859375,65.37999725341797,66.75,50.7374267578125,13680800,0.0,0.0
2018-06-19,66.02999877929688,66.91000366210938,65.94999694824219,66.77999877929688,50.760223388671875,16892800,0.0,0.0
2018-06-20,67.72000122070312,67.94999694824219,67.12999725341797,67.37999725341797,51.21628952026367,16697100,0.0,0.0
2018-06-21,67.16000366210938,68.08999633789062,66.69999694824219,67.62999725341797,51.406307220458984,16545800,0.0,0.0
2018-06-22,68.04000091552734,68.20999908447266,67.16000366210938,67.19999694824219,51.07946014404297,16059900,0.0,0.0
2018-06-25,66.79000091552734,66.87999725341797,65.33999633789062,65.75,49.97731018066406,21426600,0.0,0.0
2018-06-26,65.51000213623047,66.69000244140625,64.37999725341797,66.30999755859375,50.402976989746094,22613700,0.0,0.0
2018-06-27,66.22000122070312,67.55999755859375,65.44000244140625,65.45999908447266,49.75687789916992,20917500,0.0,0.0
2018-06-28,65.9800033569336,67.12999725341797,65.55999755859375,66.87999725341797,50.83623123168945,19860100,0.0,0.0
2018-06-29,68.0,68.7699966430664,66.87999725341797,66.91999816894531,50.86663055419922,24193900,0.0,0.0
2018-07-02,66.20999908447266,67.16000366210938,65.94000244140625,67.16000366210938,51.049072265625,12699100,0.0,0.0
2018-07-03,67.44999694824219,67.48999786376953,65.94000244140625,66.05999755859375,50.21295166015625,12346000,0.0,0.0
2018-07-05,66.44000244140625,66.83000183105469,66.22000122070312,66.55999755859375,50.5930061340332,12359000,0.0,0.0
2018-07-06,66.22000122070312,67.33999633789062,65.9000015258789,67.13999938964844,51.033870697021484,13174900,0.0,0.0
2018-07-09,67.5,69.05000305175781,67.48999786376953,68.94000244140625,52.40205383300781,15148500,0.0,0.0
2018-07-10,69.2300033569336,69.3499984741211,67.94999694824219,68.2300033569336,51.862388610839844,17057700,0.0,0.0
2018-07-11,67.97000122070312,68.45999908447266,67.83999633789062,67.91000366210938,51.6191520690918,13262800,0.0,0.0
2018-07-12,68.36000061035156,68.5999984741211,67.94000244140625,68.51000213623047,52.07522201538086,13345200,0.0,0.0
2018-07-13,67.98999786376953,68.30000305175781,66.22000122070312,67.0,50.92744445800781,34054000,0.0,0.0
2018-07-16,67.36000061035156,69.70999908447266,67.27999877929688,69.45999908447266,52.79733657836914,26659900,0.0,0.0
2018-07-17,69.5,69.87000274658203,68.80000305175781,69.3499984741211,52.713706970214844,17262800,0.0,0.0
2018-07-18,69.22000122070312,70.26000213623047,69.22000122070312,69.8499984741211,53.09376907348633,16321200,0.0,0.0
2018-07-19,69.5,69.55999755859375,68.55999755859375,68.98999786376953,52.44005584716797,14833900,0.0,0.0
2018-07-20,68.79000091552734,69.55999755859375,68.52999877929688,69.22000122070312,52.61490249633789,12017500,0.0,0.0
2018-07-23,69.16000366210938,70.44999694824219,69.01000213623047,70.20999908447266,53.36739730834961,15764000,0.0,0.0
2018-07-24,70.4000015258789,71.47000122070312,70.29000091552734,71.06999969482422,54.02110290527344,21883800,0.0,0.0
2018-07-25,70.81999969482422,71.75,70.75,71.72000122070312,54.515174865722656,14232700,0.0,0.0
2018-07-26,71.75,71.91000366210938,71.25,71.33999633789062,54.226314544677734,11169200,0.0,0.0
2018-07-27,71.36000061035156,71.81999969482422,71.16000366210938,71.69000244140625,54.49237060546875,11194100,0.0,0.0
2018-07-30,71.86000061035156,72.79000091552734,71.80000305175781,72.29000091552734,54.948429107666016,16339100,0.0,0.0
2018-07-31,72.19999694824219,72.37000274658203,71.62999725341797,71.88999938964844,54.6443977355957,13608100,0.0,0.0
2018-08-01,72.5,73.08000183105469,71.9000015258789,71.93000030517578,54.67479705810547,13612200,0.0,0.0
2018-08-02,71.33999633789062,71.93000030517578,71.0199966430664,71.83999633789062,54.606380462646484,13248600,0.0,0.0
2018-08-03,71.63999938964844,72.5199966430664,71.56999969482422,72.38999938964844,55.37128448486328,13680000,0.45,0.0
2018-08-06,72.16000366210938,72.6500015258789,71.93000030517578,72.4000015258789,55.37893295288086,10121400,0.0,0.0
2018-08-07,72.56999969482422,72.91000366210938,72.38999938964844,72.41000366210938,55.386600494384766,12991100,0.0,0.0
2018-08-08,72.13999938964844,73.20999908447266,72.05999755859375,72.88999938964844,55.75372314453125,10178900,0.0,0.0
2018-08-09,72.44000244140625,72.6500015258789,71.88999938964844,71.9800033569336,55.057674407958984,11044200,0.0,0.0
2018-08-10,70.62999725341797,70.9000015258789,69.9000015258789,70.26000213623047,53.74203872680664,20240100,0.0,0.0
2018-08-13,70.19999694824219,70.36000061035156,69.05999755859375,69.16000366210938,52.900657653808594,16926100,0.0,0.0
2018-08-14,69.30000305175781,70.19999694824219,69.25,70.01000213623047,53.55082702636719,12668200,0.0,0.0
2018-08-15,69.2300033569336,69.43000030517578,68.08000183105469,68.6500015258789,52.51055145263672,18952300,0.0,0.0
2018-08-16,69.16000366210938,69.88999938964844,69.08999633789062,69.55999755859375,53.20661544799805,13439600,0.0,0.0
2018-08-17,69.41999816894531,69.87000274658203,69.25,69.66999816894531,53.2907600402832,10329600,0.0,0.0
2018-08-20,69.45999908447266,70.69999694824219,69.37999725341797,70.52999877929688,53.94857406616211,11233300,0.0,0.0
2018-08-21,70.62999725341797,71.6500015258789,70.58000183105469,71.23999786376953,54.49163818359375,12261100,0.0,0.0
2018-08-22,71.16000366210938,71.41999816894531,70.97000122070312,71.12000274658203,54.39988327026367,7297600,0.0,0.0
2018-08-23,71.02999877929688,71.20999908447266,70.63999938964844,70.80999755859375,54.16273880004883,8310000,0.0,0.0
2018-08-24,70.5999984741211,71.26000213623047,70.51000213623047,70.66999816894531,54.0556640625,8760000,0.0,0.0
2018-08-27,71.06999969482422,72.6500015258789,70.94000244140625,72.38999938964844,55.37128448486328,13545300,0.0,0.0
2018-08-28,72.56999969482422,72.75,72.22000122070312,72.37999725341797,55.36363220214844,9688600,0.0,0.0
2018-08-29,72.30000305175781,72.83999633789062,72.0199966430664,72.52999877929688,55.47835922241211,7146800,0.0,0.0
2018-08-30,72.08999633789062,72.36000061035156,71.33000183105469,71.45999908447266,54.6599235534668,13197700,0.0,0.0
2018-08-31,71.05000305175781,71.29000091552734,70.58999633789062,71.23999786376953,54.49163818359375,11898200,0.0,0.0
2018-09-04,70.98999786376953,71.58000183105469,70.37000274658203,71.4000015258789,54.614036560058594,10108500,0.0,0.0
2018-09-05,71.19999694824219,71.77999877929688,71.13999938964844,71.16999816894531,54.4381103515625,13138100,0.0,0.0
2018-09-06,70.93000030517578,71.11000061035156,69.91999816894531,70.11000061035156,53.62731170654297,15207100,0.0,0.0
2018-09-07,70.33999633789062,70.44999694824219,69.47000122070312,69.63999938964844,53.267818450927734,15180600,0.0,0.0
2018-09-10,69.9800033569336,70.27999877929688,69.62000274658203,69.62999725341797,53.26015853881836,12353600,0.0,0.0
2018-09-11,69.26000213623047,69.70999908447266,68.91000366210938,69.43000030517578,53.107181549072266,12650000,0.0,0.0
2018-09-12,70.95999908447266,71.6500015258789,70.51000213623047,70.51000213623047,53.93327713012695,17434900,0.0,0.0
2018-09-13,70.9000015258789,71.69999694824219,70.02999877929688,70.1500015258789,53.65789794921875,13569000,0.0,0.0
2018-09-14,70.18000030517578,70.87999725341797,70.1500015258789,70.54000091552734,53.95621871948242,9653300,0.0,0.0
2018-09-17,70.79000091552734,71.44999694824219,70.4000015258789,70.87999725341797,54.216285705566406,11323000,0.0,0.0
2018-09-18,71.30000305175781,71.58999633789062,70.5999984741211,71.36000061035156,54.58345413208008,11457100,0.0,0.0
2018-09-19,71.54000091552734,74.12999725341797,71.54000091552734,73.72000122070312,56.388614654541016,21766100,0.0,0.0
2018-09-20,74.5,75.01000213623047,74.26000213623047,74.79000091552734,57.20704650878906,23550500,0.0,0.0
2018-09-21,74.9800033569336,75.23999786376953,73.97000122070312,74.1500015258789,56.717533111572266,28874700,0.0,0.0
2018-09-24,74.08000183105469,74.52999877929688,73.12000274658203,73.83999633789062,56.480411529541016,14023100,0.0,0.0
2018-09-25,74.22000122070312,74.52999877929688,73.47000122070312,73.51000213623047,56.227970123291016,12324300,0.0,0.0
2018-09-26,73.5199966430664,73.98999786376953,72.37000274658203,72.44999694824219,55.41719436645508,15060000,0.0,0.0
2018-09-27,72.9000015258789,73.62000274658203,72.37999725341797,72.94999694824219,55.799644470214844,11420600,0.0,0.0
2018-09-28,72.05999755859375,72.43000030517578,71.4800033569336,71.73999786376953,54.874107360839844,14341900,0.0,0.0
2018-10-01,72.23999786376953,72.86000061035156,71.76000213623047,71.93000030517578,55.01943588256836,11263700,0.0,0.0
2018-10-02,71.51000213623047,72.18000030517578,71.02999877929688,71.80000305175781,54.91999053955078,12746900,0.0,0.0
2018-10-03,72.54000091552734,72.83999633789062,72.0199966430664,72.36000061035156,55.34834289550781,11977900,0.0,0.0
2018-10-04,72.77999877929688,73.9800033569336,72.0199966430664,72.62000274658203,55.54722213745117,18956800,0.0,0.0
2018-10-05,72.94999694824219,73.12000274658203,72.06999969482422,72.41999816894531,55.39423751831055,11481400,0.0,0.0
2018-10-08,71.69000244140625,72.9800033569336,71.5199966430664,72.58999633789062,55.52426528930664,11958200,0.0,0.0
2018-10-09,72.05999755859375,72.69999694824219,71.41000366210938,71.88999938964844,54.98884201049805,15654500,0.0,0.0
2018-10-10,72.06999969482422,72.5,69.87000274658203,69.94999694824219,53.50493621826172,23679600,0.0,0.0
2018-10-11,69.13999938964844,70.6500015258789,68.36000061035156,68.37999725341797,52.304046630859375,28890800,0.0,0.0
2018-10-12,70.44999694824219,71.2300033569336,68.41000366210938,69.83999633789062,53.42078399658203,29024200,0.0,0.0
2018-10-15,70.12999725341797,70.63999938964844,69.18000030517578,69.20999908447266,52.93888473510742,17661300,0.0,0.0
2018-10-16,69.88999938964844,70.04000091552734,69.16999816894531,69.70999908447266,53.32135009765625,15453500,0.0,0.0
2018-10-17,69.3499984741211,70.79000091552734,69.02999877929688,69.83999633789062,53.42078399658203,16774200,0.0,0.0
2018-10-18,69.54000091552734,70.38999938964844,68.41000366210938,68.62000274658203,52.487606048583984,18168500,0.0,0.0
2018-10-19,68.54000091552734,69.5999984741211,68.16000366210938,68.86000061035156,52.67118835449219,16721900,0.0,0.0
2018-10-22,68.88999938964844,69.20999908447266,66.56999969482422,66.58999633789062,50.93485641479492,17890900,0.0,0.0
2018-10-23,64.1500015258789,66.08000183105469,63.18000030517578,65.7300033569336,50.27704620361328,32809200,0.0,0.0
2018-10-24,65.41000366210938,65.41000366210938,63.59000015258789,63.79999923706055,48.800785064697266,23420600,0.0,0.0
2018-10-25,64.7699966430664,65.51000213623047,64.33000183105469,64.97000122070312,49.69572067260742,19510300,0.0,0.0
2018-10-26,64.16999816894531,64.73999786376953,63.18000030517578,64.20999908447266,49.1143798828125,24066300,0.0,0.0
2018-10-29,65.05999755859375,65.62000274658203,63.68000030517578,64.3499984741211,49.221473693847656,20036800,0.0,0.0
2018-10-30,64.5999984741211,65.19000244140625,63.810001373291016,64.52999877929688,49.359153747558594,19951900,0.0,0.0
2018-10-31,65.01000213623047,66.20999908447266,64.83999633789062,65.45999908447266,50.07051467895508,20450300,0.0,0.0
2018-11-01,66.08999633789062,66.44000244140625,65.19999694824219,65.83000183105469,50.35353469848633,17744100,0.0,0.0
2018-11-02,66.06999969482422,66.91999816894531,65.58000183105469,65.91999816894531,50.769405364990234,21214800,0.45,0.0
2018-11-05,66.30000305175781,67.47000122070312,66.26000213623047,67.30000305175781,51.83224105834961,14823900,0.0,0.0
2018-11-06,67.30999755859375,67.30999755859375,66.16999816894531,66.68000030517578,51.35475158691406,17049600,0.0,0.0
2018-11-07,67.29000091552734,68.30999755859375,66.69999694824219,68.26000213623047,52.57162094116211,15529300,0.0,0.0
2018-11-08,67.94000244140625,69.0,66.8499984741211,67.77999877929688,52.20192337036133,18908100,0.0,0.0
2018-11-09,67.19999694824219,67.48999786376953,65.18000030517578,65.76000213623047,50.64619827270508,27125800,0.0,0.0
2018-11-12,65.55999755859375,65.9800033569336,64.06999969482422,64.20999908447266,49.45244216918945,16424200,0.0,0.0
2018-11-13,64.37999725341797,65.44000244140625,64.31999969482422,64.77999877929688,49.89143371582031,14121300,0.0,0.0
2018-11-14,65.38999938964844,65.79000091552734,62.84000015258789,63.5,48.90560531616211,19754600,0.0,0.0
2018-11-15,62.970001220703125,64.72000122070312,62.34000015258789,64.5999984741211,49.75279998779297,19202300,0.0,0.0
2018-11-16,64.48999786376953,64.97000122070312,64.0199966430664,64.94999694824219,50.02235794067383,15995200,0.0,0.0
2018-11-19,65.08000183105469,65.54000091552734,64.19999694824219,64.62000274658203,49.76820755004883,12227400,0.0,0.0
2018-11-20,63.81999969482422,64.01000213623047,62.150001525878906,62.529998779296875,48.158546447753906,21024000,0.0,0.0
2018-11-21,62.7599983215332,63.83000183105469,62.66999816894531,62.869998931884766,48.420406341552734,12380200,0.0,0.0
2018-11-23,62.33000183105469,62.439998626708984,61.720001220703125,61.75,47.55781555175781,7316500,0.0,0.0
2018-11-26,62.66999816894531,63.91999816894531,62.5,63.72999954223633,49.08275604248047,19065100,0.0,0.0
2018-11-27,63.349998474121094,63.84000015258789,62.75,63.459999084472656,48.87480926513672,12867900,0.0,0.0
2018-11-28,63.63999938964844,65.6500015258789,62.90999984741211,65.58000183105469,50.507564544677734,17719000,0.0,0.0
2018-11-29,65.08999633789062,65.55999755859375,64.66000366210938,64.9000015258789,49.98385238647461,12914200,0.0,0.0
2018-11-30,64.37000274658203,65.0,64.11000061035156,64.79000091552734,49.89912414550781,14207800,0.0,0.0
2018-12-03,66.04000091552734,66.45999908447266,64.80999755859375,65.16000366210938,50.18410110473633,14255500,0.0,0.0
2018-12-04,64.58000183105469,64.63999938964844,61.119998931884766,62.2599983215332,47.95060348510742,27104500,0.0,0.0
2018-12-06,59.36000061035156,60.09000015258789,58.36000061035156,60.060001373291016,46.2562370300293,37802600,0.0,0.0
2018-12-07,59.720001220703125,60.720001220703125,58.13999938964844,58.349998474121094,44.93925857543945,24282100,0.0,0.0
2018-12-10,57.95000076293945,58.310001373291016,55.83000183105469,57.06999969482422,43.95344161987305,30695800,0.0,0.0
2018-12-11,58.16999816894531,58.33000183105469,55.900001525878906,56.220001220703125,43.298797607421875,23712500,0.0,0.0
2018-12-12,57.130001068115234,57.150001525878906,55.849998474121094,55.97999954223633,43.11396026611328,24941600,0.0,0.0
2018-12-13,56.380001068115234,56.439998626708984,55.40999984741211,55.77000045776367,42.95222854614258,27670700,0.0,0.0
2018-12-14,54.72999954223633,56.36000061035156,54.630001068115234,55.02000045776367,42.37459945678711,22839300,0.0,0.0
2018-12-17,54.849998474121094,55.93000030517578,53.91999816894531,54.25,41.78156661987305,26212500,0.0,0.0
2018-12-18,54.720001220703125,55.66999816894531,53.54999923706055,53.93000030517578,41.53511428833008,27302000,0.0,0.0
2018-12-19,53.900001525878906,55.400001525878906,52.18000030517578,52.81999969482422,40.680233001708984,31483100,0.0,0.0
2018-12-20,52.209999084472656,53.25,51.720001220703125,52.27000045776367,40.25662612915039,39800000,0.0,0.0
2018-12-21,51.900001525878906,52.560001373291016,49.880001068115234,50.2400016784668,38.69319534301758,52323000,0.0,0.0
2018-12-24,49.400001525878906,50.25,48.47999954223633,49.2599983215332,37.938438415527344,21970800,0.0,0.0
2018-12-26,49.650001525878906,51.45000076293945,48.41999816894531,51.439998626708984,39.61740493774414,32005600,0.0,0.0
2018-12-27,50.619998931884766,51.77000045776367,49.70000076293945,51.77000045776367,39.871551513671875,28573400,0.0,0.0
2018-12-28,51.93000030517578,52.54999923706055,51.56999969482422,51.83000183105469,39.91777038574219,23176900,0.0,0.0
2018-12-31,51.97999954223633,52.66999816894531,51.38999938964844,52.060001373291016,40.09490203857422,19317500,0.0,0.0
2019-01-02,50.68000030517578,53.7400016784668,50.66999816894531,53.529998779296875,41.22705078125,21646300,0.0,0.0
2019-01-03,53.40999984741211,53.619998931884766,52.220001220703125,52.560001373291016,40.4799919128418,21183000,0.0,0.0
2019-01-04,54.0099983215332,55.380001068115234,53.65999984741211,55.130001068115234,42.45931625366211,24205100,0.0,0.0
2019-01-07,55.33000183105469,56.209999084472656,54.79999923706055,55.61000061035156,42.82899856567383,20634100,0.0,0.0
2019-01-08,56.029998779296875,56.189998626708984,54.7599983215332,55.459999084472656,42.71347427368164,18840100,0.0,0.0
2019-01-09,55.709999084472656,56.7400016784668,55.61000061035156,56.380001068115234,43.42202377319336,19359100,0.0,0.0
2019-01-10,55.9900016784668,56.959999084472656,55.70000076293945,56.439998626708984,43.468231201171875,16910000,0.0,0.0
2019-01-11,56.459999084472656,57.41999816894531,56.029998779296875,56.689998626708984,43.66078567504883,23087500,0.0,0.0
2019-01-14,56.099998474121094,59.29999923706055,55.70000076293945,58.93000030517578,45.385955810546875,34783400,0.0,0.0
2019-01-15,59.88999938964844,61.81999969482422,59.54999923706055,61.380001068115234,47.27287673950195,42694200,0.0,0.0
2019-01-16,61.95000076293945,62.81999969482422,61.2400016784668,62.189998626708984,47.896697998046875,27628900,0.0,0.0
2019-01-17,61.630001068115234,62.75,61.33000183105469,62.470001220703125,48.112342834472656,22728900,0.0,0.0
2019-01-18,62.86000061035156,63.189998626708984,62.0099983215332,63.119998931884766,48.61294937133789,19947300,0.0,0.0
2019-01-22,62.66999816894531,62.810001373291016,61.43000030517578,61.849998474121094,47.634849548339844,24608700,0.0,0.0
2019-01-23,62.27000045776367,62.47999954223633,61.150001525878906,62.130001068115234,47.850486755371094,16819800,0.0,0.0
2019-01-24,61.7400016784668,62.91999816894531,61.7400016784668,62.709999084472656,48.29718017578125,14962200,0.0,0.0
2019-01-25,63.33000183105469,64.44999694824219,63.22999954223633,64.0199966430664,49.30609893798828,15827200,0.0,0.0
2019-01-28,63.189998626708984,64.05999755859375,63.099998474121094,63.849998474121094,49.175174713134766,12683500,0.0,0.0
2019-01-29,63.709999084472656,64.06999969482422,63.150001525878906,63.209999084472656,48.6822624206543,13472000,0.0,0.0
2019-01-30,63.459999084472656,64.73999786376953,62.9900016784668,64.22000122070312,49.46013259887695,15929600,0.0,0.0
2019-01-31,63.650001525878906,64.5999984741211,63.63999938964844,64.45999908447266,49.64497375488281,19442600,0.0,0.0
2019-02-01,64.25,64.66000366210938,63.59000015258789,63.66999816894531,49.38127517700195,16991700,0.45,0.0
2019-02-04,63.5,64.05999755859375,63.20000076293945,64.05999755859375,49.68375015258789,11515500,0.0,0.0
2019-02-05,64.19000244140625,64.19999694824219,63.349998474121094,63.810001373291016,49.489864349365234,13310900,0.0,0.0
2019-02-06,63.83000183105469,64.61000061035156,63.560001373291016,63.88999938964844,49.55190658569336,13774300,0.0,0.0
2019-02-07,63.61000061035156,63.630001068115234,61.90999984741211,62.810001373291016,48.71427536010742,17922400,0.0,0.0
2019-02-08,62.130001068115234,62.52000045776367,61.0099983215332,62.0099983215332,48.09381103515625,15770800,0.0,0.0
2019-02-11,62.40999984741211,62.43000030517578,61.41999816894531,61.61000061035156,47.78358459472656,14614100,0.0,0.0
2019-02-12,62.150001525878906,63.34000015258789,62.150001525878906,62.66999816894531,48.60569381713867,14347400,0.0,0.0
2019-02-13,63.29999923706055,63.75,62.970001220703125,63.040000915527344,48.892669677734375,10710500,0.0,0.0
2019-02-14,62.349998474121094,62.86000061035156,61.41999816894531,62.41999816894531,48.41180419921875,12855300,0.0,0.0
2019-02-15,63.13999938964844,64.58000183105469,63.0099983215332,64.2699966430664,49.84662628173828,17908900,0.0,0.0
2019-02-19,63.72999954223633,64.6500015258789,63.52000045776367,64.37999725341797,49.931949615478516,11013900,0.0,0.0
2019-02-20,64.5,64.69999694824219,64.13999938964844,64.63999938964844,50.13359069824219,10545000,0.0,0.0
2019-02-21,64.55000305175781,64.94000244140625,64.04000091552734,64.31999969482422,49.885398864746094,10696100,0.0,0.0
2019-02-22,64.62999725341797,65.13999938964844,63.84000015258789,64.13999938964844,49.745811462402344,14003800,0.0,0.0
2019-02-25,64.58999633789062,65.43000030517578,64.44999694824219,64.52999877929688,50.04827117919922,12853000,0.0,0.0
2019-02-26,64.08999633789062,64.66999816894531,63.88999938964844,64.12000274658203,49.73029327392578,12912800,0.0,0.0
2019-02-27,64.23999786376953,64.58000183105469,63.68000030517578,64.4000015258789,49.94746017456055,13495700,0.0,0.0
2019-02-28,64.45999908447266,64.66000366210938,63.84000015258789,63.97999954223633,49.6217155456543,14209300,0.0,0.0
2019-03-01,64.77999877929688,65.69000244140625,64.11000061035156,64.47000122070312,50.00175094604492,14376000,0.0,0.0
2019-03-04,64.52999877929688,65.30000305175781,63.11000061035156,63.75,49.443321228027344,15786600,0.0,0.0
2019-03-05,63.65999984741211,63.65999984741211,61.90999984741211,62.93000030517578,48.80735397338867,18754900,0.0,0.0
2019-03-06,62.70000076293945,63.06999969482422,62.099998474121094,62.5099983215332,48.481597900390625,12711200,0.0,0.0
2019-03-07,62.029998779296875,62.119998931884766,61.209999084472656,61.900001525878906,48.00849914550781,15788900,0.0,0.0
2019-03-08,60.959999084472656,62.119998931884766,60.7599983215332,62.060001373291016,48.132591247558594,14304400,0.0,0.0
2019-03-11,62.529998779296875,62.959999084472656,62.18000030517578,62.310001373291016,48.326499938964844,14167600,0.0,0.0
2019-03-12,62.29999923706055,62.939998626708984,61.959999084472656,62.810001373291016,48.71427536010742,14772000,0.0,0.0
2019-03-13,63.13999938964844,64.2300033569336,63.0,63.650001525878906,49.36576843261719,13781100,0.0,0.0
2019-03-14,63.689998626708984,64.2699966430664,63.41999816894531,64.11000061035156,49.722537994384766,12193600,0.0,0.0
2019-03-15,64.16000366210938,65.2699966430664,64.0199966430664,65.19000244140625,50.56016159057617,37840300,0.0,0.0
2019-03-18,65.20999908447266,66.18000030517578,65.20999908447266,65.93000030517578,51.134098052978516,15601100,0.0,0.0
2019-03-19,66.45999908447266,66.83000183105469,65.3499984741211,65.62999725341797,50.90142059326172,12723600,0.0,0.0
2019-03-20,65.26000213623047,65.5999984741211,64.22000122070312,64.30000305175781,49.86989974975586,17494000,0.0,0.0
2019-03-21,63.66999816894531,64.30999755859375,62.91999816894531,63.90999984741211,49.567420959472656,18638300,0.0,0.0
2019-03-22,62.97999954223633,63.22999954223633,60.45000076293945,60.97999954223633,47.29497528076172,27527400,0.0,0.0
2019-03-25,60.97999954223633,61.65999984741211,60.04999923706055,60.33000183105469,46.79083251953125,20899300,0.0,0.0
2019-03-26,60.9900016784668,61.349998474121094,60.529998779296875,61.220001220703125,47.481101989746094,14740300,0.0,0.0
2019-03-27,61.380001068115234,61.65999984741211,60.720001220703125,60.72999954223633,47.10106658935547,16359600,0.0,0.0
2019-03-28,60.95000076293945,62.0,60.81999969482422,61.97999954223633,48.070552825927734,12081000,0.0,0.0
2019-03-29,62.33000183105469,62.810001373291016,61.959999084472656,62.220001220703125,48.25669479370117,13406300,0.0,0.0
2019-04-01,62.849998474121094,64.62999725341797,62.81999969482422,64.36000061035156,49.91642761230469,17736300,0.0,0.0
2019-04-02,64.23999786376953,64.86000061035156,63.91999816894531,64.41999816894531,49.96295928955078,9915800,0.0,0.0
2019-04-03,64.98999786376953,65.3499984741211,64.52999877929688,65.05999755859375,50.45933532714844,11560800,0.0,0.0
2019-04-04,64.80999755859375,66.19999694824219,64.80999755859375,65.81999969482422,51.04877471923828,11915700,0.0,0.0
2019-04-05,65.93000030517578,66.41000366210938,65.19000244140625,65.55000305175781,50.83937072753906,11062400,0.0,0.0
2019-04-08,65.12999725341797,66.0999984741211,65.0199966430664,66.06999969482422,51.242679595947266,10466400,0.0,0.0
2019-04-09,65.5999984741211,65.5999984741211,64.68000030517578,65.19999694824219,50.56792068481445,10221000,0.0,0.0
2019-04-10,65.4800033569336,65.69000244140625,64.77999877929688,65.5199966430664,50.81610870361328,12293300,0.0,0.0
2019-04-11,65.80000305175781,66.44000244140625,65.30999755859375,65.91000366210938,51.118587493896484,11358700,0.0,0.0
2019-04-12,67.08000183105469,68.30999755859375,66.63999938964844,67.41999816894531,52.28970718383789,19238700,0.0,0.0
2019-04-15,67.38999938964844,67.77999877929688,66.2699966430664,67.37999725341797,52.25868606567383,19493900,0.0,0.0
2019-04-16,67.5,69.41999816894531,67.38999938964844,69.30999755859375,53.755558013916016,18635700,0.0,0.0
2019-04-17,69.94999694824219,70.75,69.55999755859375,70.3499984741211,54.562164306640625,20509000,0.0,0.0
2019-04-18,70.01000213623047,70.38999938964844,69.62000274658203,69.66999816894531,54.03477478027344,13513800,0.0,0.0
2019-04-22,69.58000183105469,69.70999908447266,69.01000213623047,69.08999633789062,53.58494186401367,13195600,0.0,0.0
2019-04-23,68.83999633789062,69.30000305175781,68.37999725341797,69.19999694824219,53.67023468017578,13205000,0.0,0.0
2019-04-24,68.98999786376953,69.22000122070312,68.4000015258789,68.83000183105469,53.38328170776367,9699900,0.0,0.0
2019-04-25,68.55999755859375,69.18000030517578,68.1500015258789,68.7300033569336,53.305728912353516,8913600,0.0,0.0
2019-04-26,68.9000015258789,69.58000183105469,68.51000213623047,69.51000213623047,53.91068649291992,10692700,0.0,0.0
2019-04-29,69.69000244140625,71.94000244140625,69.58000183105469,71.02999877929688,55.089569091796875,16491400,0.0,0.0
2019-04-30,71.0199966430664,71.33000183105469,70.22000122070312,70.69999694824219,54.83363342285156,11122000,0.0,0.0
2019-05-01,70.68000030517578,71.16999816894531,69.73999786376953,69.95999908447266,54.25969314575195,13261700,0.0,0.0
2019-05-02,69.73999786376953,70.4800033569336,69.4800033569336,70.36000061035156,54.56992721557617,12186700,0.0,0.0
2019-05-03,70.38999938964844,70.9800033569336,70.0,70.66999816894531,55.16315460205078,11486700,0.45,0.0
2019-05-06,69.05000305175781,70.66999816894531,68.76000213623047,70.41000366210938,54.96022033691406,12004000,0.0,0.0
2019-05-07,69.3499984741211,69.5,67.62000274658203,68.16000366210938,53.20391845703125,17673400,0.0,0.0
2019-05-08,67.87999725341797,68.8499984741211,67.70999908447266,68.22000122070312,53.25074768066406,9470500,0.0,0.0
2019-05-09,66.83000183105469,67.86000061035156,66.43000030517578,67.62999725341797,52.79020690917969,16994200,0.0,0.0
2019-05-10,67.2699966430664,68.0999984741211,66.52999877929688,67.9000015258789,53.000980377197266,12318700,0.0,0.0
2019-05-13,66.12999725341797,66.33000183105469,63.959999084472656,64.37999725341797,50.253353118896484,23494400,0.0,0.0
2019-05-14,64.62000274658203,65.97000122070312,64.3499984741211,65.26000213623047,50.94025421142578,15096400,0.0,0.0
2019-05-15,64.45999908447266,65.22000122070312,64.0199966430664,64.87000274658203,50.635826110839844,14570900,0.0,0.0
2019-05-16,65.30999755859375,66.38999938964844,65.16999816894531,65.9800033569336,51.50226974487305,10573100,0.0,0.0
2019-05-17,64.97000122070312,65.93000030517578,64.88999938964844,65.06999969482422,50.79194259643555,11503500,0.0,0.0
2019-05-20,64.75,65.5,64.5199966430664,64.95999908447266,50.70608139038086,11605900,0.0,0.0
2019-05-21,65.5,66.08999633789062,65.19999694824219,66.08000183105469,51.58032989501953,11051500,0.0,0.0
2019-05-22,65.83999633789062,65.91999816894531,64.63999938964844,64.66000366210938,50.471900939941406,12564900,0.0,0.0
2019-05-23,63.81999969482422,63.939998626708984,63.08000183105469,63.900001525878906,49.87868118286133,15042200,0.0,0.0
2019-05-24,64.29000091552734,64.70999908447266,64.05999755859375,64.38999938964844,50.26115798950195,9715400,0.0,0.0
2019-05-28,64.08999633789062,64.44999694824219,63.7599983215332,63.790000915527344,49.79280090332031,14727400,0.0,0.0
2019-05-29,63.150001525878906,63.83000183105469,62.720001220703125,63.709999084472656,49.730369567871094,13836300,0.0,0.0
2019-05-30,64.7699966430664,65.25,63.25,63.61000061035156,49.652305603027344,13570900,0.0,0.0
2019-05-31,62.38999938964844,62.869998931884766,61.970001220703125,62.150001525878906,48.51266860961914,19968900,0.0,0.0
2019-06-03,62.099998474121094,62.779998779296875,61.939998626708984,62.61000061035156,48.871726989746094,19636800,0.0,0.0
2019-06-04,63.790000915527344,65.94000244140625,63.7599983215332,65.87999725341797,51.4242057800293,17743100,0.0,0.0
2019-06-05,65.44999694824219,66.0199966430664,64.5,65.77999877929688,51.34614562988281,12536300,0.0,0.0
2019-06-06,65.81999969482422,66.7699966430664,65.5,66.47000122070312,51.88475036621094,10868900,0.0,0.0
2019-06-07,66.16000366210938,66.80000305175781,65.62000274658203,65.69000244140625,51.27590560913086,11674200,0.0,0.0
2019-06-10,66.87999725341797,67.9800033569336,66.7300033569336,67.12000274658203,52.39212417602539,10994700,0.0,0.0
2019-06-11,67.58000183105469,68.02999877929688,67.16000366210938,67.87999725341797,52.98534393310547,9800900,0.0,0.0
2019-06-12,67.6500015258789,67.80999755859375,66.62999725341797,66.80999755859375,52.150142669677734,9878300,0.0,0.0
2019-06-13,66.83000183105469,67.44000244140625,66.7699966430664,67.08000183105469,52.36089324951172,9453600,0.0,0.0
2019-06-14,67.1500015258789,67.72000122070312,66.5,67.4800033569336,52.673133850097656,8901900,0.0,0.0
2019-06-17,67.5,67.51000213623047,66.4000015258789,66.54000091552734,51.93939971923828,8135900,0.0,0.0
2019-06-18,66.80999755859375,68.25,66.5,67.9800033569336,53.06340789794922,12199100,0.0,0.0
2019-06-19,68.16000366210938,68.58999633789062,67.58000183105469,67.58999633789062,52.758995056152344,12334800,0.0,0.0
2019-06-20,68.55999755859375,68.72000122070312,67.23999786376953,68.0999984741211,53.15707778930664,15557100,0.0,0.0
2019-06-21,68.02999877929688,68.95999908447266,67.81999969482422,67.97000122070312,53.05559539794922,19502500,0.0,0.0
2019-06-24,67.81999969482422,68.5,67.37999725341797,67.41000366210938,52.61850357055664,11223700,0.0,0.0
2019-06-25,67.45999908447266,67.4800033569336,66.4800033569336,66.54000091552734,51.93939971923828,14205600,0.0,0.0
2019-06-26,67.04000091552734,67.72000122070312,66.7699966430664,67.22000122070312,52.47018051147461,13654100,0.0,0.0
2019-06-27,67.62000274658203,68.43000030517578,67.52999877929688,68.1500015258789,53.19610595703125,11989100,0.0,0.0
2019-06-28,69.27999877929688,70.20999908447266,69.12999725341797,70.02999877929688,54.663604736328125,20388700,0.0,0.0
2019-07-01,70.86000061035156,71.63999938964844,70.19000244140625,70.73999786376953,55.217796325683594,13573600,0.0,0.0
2019-07-02,70.36000061035156,70.9800033569336,70.08999633789062,70.44000244140625,54.98362731933594,10272200,0.0,0.0
2019-07-03,70.70999908447266,71.19999694824219,70.27999877929688,70.8499984741211,55.303646087646484,7632400,0.0,0.0
2019-07-05,71.2699966430664,71.80000305175781,70.9800033569336,71.4000015258789,55.73296356201172,9107300,0.0,0.0
2019-07-08,70.76000213623047,71.69000244140625,70.63999938964844,71.12999725341797,55.52220916748047,10196000,0.0,0.0
2019-07-09,70.52999877929688,71.66999816894531,70.41000366210938,71.55999755859375,55.85786819458008,9477700,0.0,0.0
2019-07-10,71.5,71.94000244140625,70.6500015258789,71.12999725341797,55.52220916748047,12153200,0.0,0.0
2019-07-11,71.43000030517578,72.0,71.08999633789062,71.61000061035156,55.89688491821289,10739400,0.0,0.0
2019-07-12,71.88999938964844,72.0199966430664,71.58000183105469,71.7699966430664,56.02177429199219,15355700,0.0,0.0
2019-07-15,71.7300033569336,72.1500015258789,70.08000183105469,71.70999908447266,55.974945068359375,23365800,0.0,0.0
2019-07-16,71.69999694824219,72.0,71.08999633789062,71.31999969482422,55.670536041259766,16516600,0.0,0.0
2019-07-17,71.19000244140625,71.5,70.62000274658203,70.81999969482422,55.28023910522461,12278200,0.0,0.0
2019-07-18,70.54000091552734,71.9000015258789,70.4800033569336,71.79000091552734,56.037391662597656,13407400,0.0,0.0
2019-07-19,71.7300033569336,72.16999816894531,70.86000061035156,70.91999816894531,55.35829162597656,11184600,0.0,0.0
2019-07-22,70.72000122070312,71.29000091552734,70.68000030517578,71.11000061035156,55.50660705566406,7930600,0.0,0.0
2019-07-23,71.33000183105469,72.18000030517578,71.30000305175781,71.98999786376953,56.19350051879883,11804300,0.0,0.0
2019-07-24,71.66000366210938,73.08000183105469,71.66000366210938,73.01000213623047,56.98970031738281,12512900,0.0,0.0
2019-07-25,72.95999908447266,73.08000183105469,70.93000030517578,71.38999938964844,55.72517776489258,15698300,0.0,0.0
2019-07-26,72.1500015258789,72.63999938964844,71.8499984741211,72.16000366210938,56.32621765136719,10625900,0.0,0.0
2019-07-29,71.91000366210938,72.33999633789062,71.7300033569336,71.76000213623047,56.01396942138672,8561200,0.0,0.0
2019-07-30,71.02999877929688,71.70999908447266,70.58000183105469,71.70999908447266,55.974945068359375,9208300,0.0,0.0
2019-07-31,71.4000015258789,71.66000366210938,70.80999755859375,71.16000366210938,55.54563903808594,13617300,0.0,0.0
2019-08-01,70.66999816894531,71.08999633789062,67.5999984741211,68.3499984741211,53.35222244262695,22571000,0.0,0.0
2019-08-02,67.61000061035156,68.05999755859375,66.62999725341797,67.61000061035156,53.17134475708008,14771400,0.51,0.0
2019-08-05,65.5999984741211,65.81999969482422,64.58000183105469,65.18000030517578,51.26029586791992,21144800,0.0,0.0
2019-08-06,66.0,66.33000183105469,64.83000183105469,66.25,52.101776123046875,12411500,0.0,0.0
2019-08-07,64.62999725341797,65.31999969482422,63.63999938964844,65.13999938964844,51.22882843017578,18418300,0.0,0.0
2019-08-08,65.8499984741211,66.79000091552734,65.62999725341797,66.73999786376953,52.48713684082031,13577900,0.0,0.0
2019-08-09,66.33000183105469,66.56999969482422,65.20999908447266,66.05000305175781,51.944496154785156,13604600,0.0,0.0
2019-08-12,64.61000061035156,64.79000091552734,63.84000015258789,64.23999786376953,50.521018981933594,13039500,0.0,0.0
2019-08-13,63.900001525878906,65.95999908447266,63.5099983215332,64.83000183105469,50.98503875732422,19056700,0.0,0.0
2019-08-14,62.880001068115234,63.040000915527344,61.18000030517578,61.40999984741211,48.295406341552734,29370700,0.0,0.0
2019-08-15,61.97999954223633,62.369998931884766,60.720001220703125,61.31999969482422,48.22462844848633,16340400,0.0,0.0
2019-08-16,61.93000030517578,63.65999984741211,61.849998474121094,63.47999954223633,49.923336029052734,16450700,0.0,0.0
2019-08-19,64.81999969482422,64.91000366210938,64.16000366210938,64.30999755859375,50.576080322265625,13312700,0.0,0.0
2019-08-20,63.720001220703125,64.08000183105469,63.349998474121094,63.41999816894531,49.876136779785156,9815800,0.0,0.0
2019-08-21,64.12999725341797,64.16999816894531,63.060001373291016,63.25,49.74245834350586,14692900,0.0,0.0
2019-08-22,63.810001373291016,64.20999908447266,63.40999984741211,63.90999984741211,50.261497497558594,9718500,0.0,0.0
2019-08-23,63.279998779296875,64.12999725341797,61.52000045776367,61.95000076293945,48.72008514404297,17997900,0.0,0.0
2019-08-26,62.56999969482422,62.81999969482422,62.16999816894531,62.720001220703125,49.32564926147461,10628800,0.0,0.0
2019-08-27,63.0099983215332,63.099998474121094,61.15999984741211,61.65999984741211,48.492027282714844,17219300,0.0,0.0
2019-08-28,61.29999923706055,62.79999923706055,61.29999923706055,62.36000061035156,49.04252243041992,12343500,0.0,0.0
2019-08-29,63.310001373291016,64.2300033569336,63.099998474121094,63.900001525878906,50.2536506652832,11478200,0.0,0.0
2019-08-30,64.33999633789062,64.81999969482422,64.19000244140625,64.3499984741211,50.60755157470703,11844600,0.0,0.0
2019-09-03,64.0,64.04000091552734,62.31999969482422,63.41999816894531,49.876136779785156,11991500,0.0,0.0
2019-09-04,64.0,64.4800033569336,63.84000015258789,64.27999877929688,50.552486419677734,9689800,0.0,0.0
2019-09-05,65.6500015258789,67.27999877929688,65.61000061035156,66.33999633789062,52.172569274902344,14723500,0.0,0.0
2019-09-06,66.19000244140625,66.5,65.75,65.97000122070312,51.8815803527832,10476000,0.0,0.0
2019-09-09,66.76000213623047,69.30000305175781,66.69000244140625,68.79000091552734,54.09935760498047,20193300,0.0,0.0
2019-09-10,69.18000030517578,70.01000213623047,68.44999694824219,68.9800033569336,54.2487678527832,18146200,0.0,0.0
2019-09-11,68.72000122070312,69.20999908447266,68.11000061035156,68.9000015258789,54.18586349487305,11858800,0.0,0.0
2019-09-12,68.11000061035156,70.05999755859375,67.93000030517578,69.30000305175781,54.50043869018555,15528700,0.0,0.0
2019-09-13,70.33999633789062,70.73999786376953,69.8499984741211,70.38999938964844,55.357662200927734,14313100,0.0,0.0
2019-09-16,68.95999908447266,70.11000061035156,68.95999908447266,69.83000183105469,54.91725540161133,12063700,0.0,0.0
2019-09-17,69.77999877929688,69.77999877929688,68.66999816894531,69.4800033569336,54.641990661621094,10916900,0.0,0.0
2019-09-18,69.20999908447266,70.3499984741211,68.95999908447266,70.08999633789062,55.12173080444336,11234500,0.0,0.0
2019-09-19,70.05999755859375,70.47000122070312,69.58999633789062,69.7300033569336,54.83861541748047,10069100,0.0,0.0
2019-09-20,70.1500015258789,70.54000091552734,69.33000183105469,69.3499984741211,54.53975296020508,26002100,0.0,0.0
2019-09-23,68.62000274658203,69.69999694824219,68.61000061035156,69.55000305175781,54.69704818725586,9546300,0.0,0.0
2019-09-24,69.5,69.56999969482422,67.55999755859375,67.9000015258789,53.39942169189453,16801900,0.0,0.0
2019-09-25,67.91000366210938,69.69999694824219,67.87000274658203,69.37999725341797,54.5633430480957,12243000,0.0,0.0
2019-09-26,69.31999969482422,69.52999877929688,68.80000305175781,69.11000061035156,54.351009368896484,8555500,0.0,0.0
2019-09-27,69.81999969482422,70.36000061035156,69.05999755859375,69.45999908447266,54.62626647949219,11559700,0.0,0.0
2019-09-30,69.80000305175781,69.9000015258789,69.01000213623047,69.08000183105469,54.32741165161133,8661000,0.0,0.0
2019-10-01,69.56999969482422,70.2699966430664,68.01000213623047,68.1500015258789,53.59601593017578,12428500,0.0,0.0
2019-10-02,67.76000213623047,67.80000305175781,66.19000244140625,66.26000213623047,52.10964584350586,14760900,0.0,0.0
2019-10-03,66.08000183105469,66.7300033569336,64.79000091552734,66.69999694824219,52.455684661865234,12646100,0.0,0.0
2019-10-04,66.76000213623047,68.23999786376953,66.66999816894531,68.18000030517578,53.619625091552734,10977100,0.0,0.0
2019-10-07,67.87000274658203,68.83999633789062,67.86000061035156,68.1500015258789,53.59601593017578,7835500,0.0,0.0
2019-10-08,67.02999877929688,67.18000030517578,66.02999877929688,66.4000015258789,52.21974563598633,13500700,0.0,0.0
2019-10-09,67.0,67.7699966430664,66.79000091552734,67.43000030517578,53.029781341552734,8357800,0.0,0.0
2019-10-10,67.7699966430664,69.29000091552734,67.55000305175781,68.62000274658203,53.96563720703125,9817000,0.0,0.0
2019-10-11,69.98999786376953,70.93000030517578,69.98999786376953,70.0999984741211,55.12959289550781,14921700,0.0,0.0
2019-10-14,69.52999877929688,70.5,69.45999908447266,70.23999786376953,55.239688873291016,11398600,0.0,0.0
2019-10-15,70.16999816894531,72.08000183105469,68.69999694824219,71.22000122070312,56.0103874206543,22030100,0.0,0.0
2019-10-16,70.81999969482422,71.45999908447266,69.41999816894531,69.5,54.65772247314453,17295400,0.0,0.0
2019-10-17,70.02999877929688,70.33999633789062,69.18000030517578,69.5999984741211,54.736366271972656,11382800,0.0,0.0
2019-10-18,69.31999969482422,70.08999633789062,69.13999938964844,69.73999786376953,54.846473693847656,10413600,0.0,0.0
2019-10-21,70.5199966430664,71.88999938964844,70.5199966430664,71.80999755859375,56.474403381347656,13080600,0.0,0.0
2019-10-22,71.72000122070312,72.87000274658203,71.47000122070312,72.05999755859375,56.6710090637207,11052300,0.0,0.0
2019-10-23,71.9000015258789,72.47000122070312,71.7300033569336,72.44999694824219,56.97770309448242,10327000,0.0,0.0
2019-10-24,72.55000305175781,72.86000061035156,71.86000061035156,72.30000305175781,56.859764099121094,7445700,0.0,0.0
2019-10-25,71.97000122070312,73.41999816894531,71.80999755859375,73.16999816894531,57.54395294189453,10497600,0.0,0.0
2019-10-28,73.7300033569336,74.27999877929688,73.44000244140625,73.58999633789062,57.87427520751953,13086900,0.0,0.0
2019-10-29,73.13999938964844,73.79000091552734,72.72000122070312,73.08999633789062,57.481040954589844,9592300,0.0,0.0
2019-10-30,72.75,73.3499984741211,72.0999984741211,72.97000122070312,57.38667297363281,12431500,0.0,0.0
2019-10-31,72.36000061035156,72.97000122070312,71.33000183105469,71.86000061035156,56.513729095458984,16864000,0.0,0.0
2019-11-01,72.25,73.98999786376953,72.0999984741211,73.83999633789062,58.485965728759766,12935200,0.51,0.0
2019-11-04,74.94000244140625,75.2699966430664,74.11000061035156,75.1500015258789,59.52357482910156,12585200,0.0,0.0
2019-11-05,75.19000244140625,75.97000122070312,74.63999938964844,74.83000183105469,59.270111083984375,14403200,0.0,0.0
2019-11-06,74.41999816894531,75.05000305175781,73.97000122070312,74.41999816894531,58.94536209106445,12629200,0.0,0.0
2019-11-07,75.41000366210938,76.27999877929688,75.41000366210938,75.80999755859375,60.04631805419922,14340500,0.0,0.0
2019-11-08,75.4800033569336,76.12000274658203,75.05999755859375,76.12000274658203,60.2918586730957,7927100,0.0,0.0
2019-11-11,75.44999694824219,76.08000183105469,75.23999786376953,75.5999984741211,59.87999725341797,6020300,0.0,0.0
2019-11-12,75.55000305175781,75.95999908447266,75.01000213623047,75.06999969482422,59.460201263427734,11066600,0.0,0.0
2019-11-13,74.25,74.91000366210938,73.70999908447266,73.91000366210938,58.54140090942383,14040700,0.0,0.0
2019-11-14,73.61000061035156,74.01000213623047,73.33000183105469,73.83999633789062,58.485965728759766,9446800,0.0,0.0
2019-11-15,74.33999633789062,74.45999908447266,73.68000030517578,74.4000015258789,58.92950439453125,10294000,0.0,0.0
2019-11-18,74.29000091552734,74.63999938964844,73.55999755859375,74.4000015258789,58.92950439453125,8525700,0.0,0.0
2019-11-19,74.97000122070312,75.23999786376953,74.47000122070312,74.81999969482422,59.26218032836914,9095500,0.0,0.0
2019-11-20,74.62999725341797,74.72000122070312,73.22000122070312,73.91000366210938,58.54140090942383,12799900,0.0,0.0
2019-11-21,74.08000183105469,74.62999725341797,73.51000213623047,73.9000015258789,58.53349685668945,8585100,0.0,0.0
2019-11-22,74.0999984741211,74.91999816894531,73.97000122070312,74.87000274658203,59.301788330078125,7910700,0.0,0.0
2019-11-25,74.93000030517578,75.8499984741211,74.87000274658203,75.68000030517578,59.943363189697266,11497700,0.0,0.0
2019-11-26,75.83999633789062,75.83999633789062,74.81999969482422,75.45999908447266,59.769107818603516,11306000,0.0,0.0
2019-11-27,75.83999633789062,76.12999725341797,75.5,75.72000122070312,59.975040435791016,7592100,0.0,0.0
2019-11-29,75.43000030517578,75.80000305175781,74.98999786376953,75.12000274658203,59.49982833862305,6246900,0.0,0.0
2019-12-02,75.41999816894531,75.93000030517578,74.43000030517578,74.5199966430664,59.02456283569336,11085300,0.0,0.0
2019-12-03,73.37999725341797,73.47000122070312,72.5,73.33000183105469,58.08201217651367,13559400,0.0,0.0
2019-12-04,73.83000183105469,74.58999633789062,73.41999816894531,74.2300033569336,58.79486846923828,8266400,0.0,0.0
2019-12-05,74.6500015258789,74.8499984741211,74.3499984741211,74.70999908447266,59.175071716308594,9581200,0.0,0.0
2019-12-06,75.93000030517578,76.22000122070312,75.5999984741211,75.80999755859375,60.04631805419922,9877800,0.0,0.0
2019-12-09,75.18000030517578,75.91999816894531,75.08000183105469,75.33000183105469,59.66612243652344,8817100,0.0,0.0
2019-12-10,75.06999969482422,76.2699966430664,74.87000274658203,75.77999877929688,60.02256393432617,13019600,0.0,0.0
2019-12-11,76.12000274658203,76.20999908447266,75.5,75.55000305175781,59.84040069580078,10484900,0.0,0.0
2019-12-12,75.80999755859375,77.5199966430664,75.62000274658203,77.05000305175781,61.028465270996094,15829000,0.0,0.0
2019-12-13,77.05000305175781,77.83000183105469,76.05999755859375,76.38999938964844,60.50569152832031,13447000,0.0,0.0
2019-12-16,77.36000061035156,77.5999984741211,76.9000015258789,76.91000366210938,60.917598724365234,13967200,0.0,0.0
2019-12-17,77.29000091552734,78.12999725341797,77.12999725341797,77.73999786376953,61.574989318847656,14409200,0.0,0.0
2019-12-18,77.69999694824219,78.33000183105469,77.66000366210938,77.91999816894531,61.71757507324219,12643000,0.0,0.0
2019-12-19,78.0,78.5199966430664,77.94000244140625,78.19999694824219,61.939353942871094,13006200,0.0,0.0
2019-12-20,78.94000244140625,79.05000305175781,78.04000091552734,78.51000213623047,62.18488311767578,32019400,0.0,0.0
2019-12-23,78.66999816894531,78.97000122070312,78.44000244140625,78.76000213623047,62.38291931152344,9256500,0.0,0.0
2019-12-24,78.69999694824219,78.94000244140625,78.45999908447266,78.58999633789062,62.24824905395508,4576200,0.0,0.0
2019-12-26,78.75,79.83999633789062,78.6500015258789,79.83000183105469,63.23042297363281,11992800,0.0,0.0
2019-12-27,80.0,80.18000030517578,79.58000183105469,79.66999816894531,63.10369873046875,10867900,0.0,0.0
2019-12-30,80.1500015258789,80.41999816894531,79.33999633789062,79.51000213623047,62.97694396972656,10084900,0.0,0.0
2019-12-31,79.31999969482422,79.94000244140625,79.0999984741211,79.88999938964844,63.277950286865234,8031200,0.0,0.0
2020-01-02,80.12999725341797,81.26000213623047,80.02999877929688,81.2300033569336,64.33930969238281,12728900,0.0,0.0
2020-01-03,79.80000305175781,80.5199966430664,79.44999694824219,79.69999694824219,63.127445220947266,12437400,0.0,0.0
2020-01-06,78.72000122070312,79.55000305175781,78.72000122070312,79.44999694824219,62.929443359375,10059500,0.0,0.0
2020-01-07,79.29000091552734,79.30000305175781,78.7300033569336,78.76000213623047,62.38291931152344,10469100,0.0,0.0
2020-01-08,78.7699966430664,80.0,78.68000030517578,79.36000061035156,62.858150482177734,11292400,0.0,0.0
2020-01-09,80.9800033569336,80.9800033569336,79.7300033569336,80.08000183105469,63.428443908691406,12895900,0.0,0.0
2020-01-10,80.0,80.01000213623047,79.06999969482422,79.25,62.771034240722656,10062100,0.0,0.0
2020-01-13,79.5,80.72000122070312,79.0,80.6500015258789,63.879905700683594,16566300,0.0,0.0
2020-01-14,81.19999694824219,83.11000061035156,80.97000122070312,81.91000366210938,64.87791442871094,24971800,0.0,0.0
2020-01-15,81.7300033569336,82.05000305175781,80.7300033569336,81.23999786376953,64.34722900390625,16063600,0.0,0.0
2020-01-16,81.95999908447266,82.12999725341797,80.8499984741211,81.0,64.15714263916016,10426000,0.0,0.0
2020-01-17,81.16000366210938,81.4000015258789,80.80999755859375,81.12000274658203,64.2521743774414,12413100,0.0,0.0
2020-01-21,80.4800033569336,80.91000366210938,79.87000274658203,79.9000015258789,63.285858154296875,10522000,0.0,0.0
2020-01-22,80.19999694824219,80.4800033569336,79.86000061035156,80.0999984741211,63.44426345825195,8045600,0.0,0.0
2020-01-23,79.58000183105469,80.08000183105469,78.91999816894531,79.80000305175781,63.2066535949707,11618200,0.0,0.0
2020-01-24,79.62000274658203,79.66999816894531,77.63999938964844,78.41999816894531,62.113616943359375,15036100,0.0,0.0
2020-01-27,76.26000213623047,77.0,75.8499984741211,76.70999908447266,60.759178161621094,15859600,0.0,0.0
2020-01-28,77.20999908447266,78.12999725341797,76.77999877929688,77.23999786376953,61.178958892822266,10960200,0.0,0.0
2020-01-29,77.54000091552734,77.9000015258789,76.41000366210938,76.4800033569336,60.57699966430664,9478900,0.0,0.0
2020-01-30,75.73999786376953,77.54000091552734,75.5,77.43000030517578,61.32946014404297,12498200,0.0,0.0
2020-01-31,75.95999908447266,76.18000030517578,73.91000366210938,74.41000366210938,59.32822036743164,17101200,0.51,0.0
2020-02-03,74.69999694824219,76.20999908447266,74.69999694824219,75.12999725341797,59.90228271484375,11096500,0.0,0.0
2020-02-04,76.75,77.2699966430664,76.43000030517578,76.5,60.99459457397461,12173200,0.0,0.0
2020-02-05,77.91999816894531,78.9800033569336,77.80999755859375,78.8499984741211,62.8682861328125,13070400,0.0,0.0
2020-02-06,79.80000305175781,79.86000061035156,78.4000015258789,78.97000122070312,62.96395492553711,12826400,0.0,0.0
2020-02-07,78.12999725341797,79.05000305175781,78.05999755859375,78.69000244140625,62.74073028564453,8341700,0.0,0.0
2020-02-10,78.08000183105469,78.73999786376953,78.05000305175781,78.4800033569336,62.57328414916992,8418300,0.0,0.0
2020-02-11,78.75,79.55000305175781,78.63999938964844,79.08999633789062,63.05964279174805,9437200,0.0,0.0
2020-02-12,79.9000015258789,80.7699966430664,79.30000305175781,79.33000183105469,63.250980377197266,9484100,0.0,0.0
2020-02-13,78.88999938964844,79.27999877929688,78.62000274658203,79.0,62.98786926269531,8946200,0.0,0.0
2020-02-14,78.88999938964844,79.08999633789062,78.44999694824219,78.79000091552734,62.8204345703125,9056600,0.0,0.0
2020-02-18,78.61000061035156,78.86000061035156,77.51000213623047,77.58000183105469,61.8557014465332,10343500,0.0,0.0
2020-02-19,77.87000274658203,78.38999938964844,77.62000274658203,78.05000305175781,62.230438232421875,9145200,0.0,0.0
2020-02-20,77.66000366210938,78.69000244140625,77.30999755859375,78.22000122070312,62.365970611572266,11763400,0.0,0.0
2020-02-21,77.55999755859375,77.95999908447266,76.1500015258789,76.44000244140625,60.946754455566406,14020000,0.0,0.0
2020-02-24,73.37999725341797,74.05000305175781,72.44000244140625,72.52999877929688,57.829246520996094,21096200,0.0,0.0
2020-02-25,72.62999725341797,73.20999908447266,69.0,69.43000030517578,55.357582092285156,27451000,0.0,0.0
2020-02-26,70.0199966430664,70.61000061035156,68.16000366210938,68.18000030517578,54.360939025878906,25552100,0.0,0.0
2020-02-27,66.0999984741211,66.88999938964844,64.4000015258789,64.44999694824219,51.38694381713867,34656800,0.0,0.0
2020-02-28,62.0,64.44999694824219,61.34000015258789,63.459999084472656,50.59760284423828,46013200,0.0,0.0
2020-03-02,63.849998474121094,67.61000061035156,63.119998931884766,67.58999633789062,53.89052200317383,29006400,0.0,0.0
2020-03-03,67.86000061035156,68.43000030517578,64.47000122070312,65.05000305175781,51.8653450012207,29547700,0.0,0.0
2020-03-04,66.05000305175781,67.5199966430664,64.36000061035156,67.38999938964844,53.73106002807617,24188500,0.0,0.0
2020-03-05,64.80000305175781,65.12000274658203,63.0099983215332,63.4900016784668,50.62153244018555,27277600,0.0,0.0
2020-03-06,60.459999084472656,62.310001373291016,59.7400016784668,61.279998779296875,48.859466552734375,29916600,0.0,0.0
2020-03-09,54.310001373291016,55.61000061035156,51.0,51.369998931884766,40.958072662353516,35625600,0.0,0.0
2020-03-10,54.72999954223633,55.70000076293945,51.5,55.58000183105469,44.314762115478516,32527500,0.0,0.0
2020-03-11,53.95000076293945,54.33000183105469,50.02000045776367,50.790000915527344,40.495635986328125,36709000,0.0,0.0
2020-03-12,45.29999923706055,49.0,42.81999969482422,43.2599983215332,34.491844177246094,45941600,0.0,0.0
2020-03-13,47.81999969482422,51.2400016784668,45.310001373291016,51.040000915527344,40.69495391845703,40519800,0.0,0.0
2020-03-16,40.4900016784668,45.22999954223633,39.56999969482422,41.189998626708984,32.841400146484375,35133800,0.0,0.0
2020-03-17,42.0,43.97999954223633,38.79999923706055,40.25,32.0919189453125,51650000,0.0,0.0
2020-03-18,37.060001373291016,37.9900016784668,32.0,36.43000030517578,29.04618263244629,48351400,0.0,0.0
2020-03-19,35.470001220703125,41.2400016784668,34.20000076293945,39.63999938964844,31.605575561523438,43397100,0.0,0.0
2020-03-20,40.459999084472656,40.9900016784668,37.20000076293945,38.060001373291016,30.345806121826172,38163900,0.0,0.0
2020-03-23,37.54999923706055,38.150001525878906,34.619998931884766,35.38999938964844,28.216981887817383,33013300,0.0,0.0
2020-03-24,37.650001525878906,40.91999816894531,37.34000015258789,40.65999984741211,32.418819427490234,34100600,0.0,0.0
2020-03-25,42.310001373291016,44.70000076293945,39.43000030517578,41.86000061035156,33.3756103515625,38211100,0.0,0.0
2020-03-26,43.68000030517578,46.290000915527344,43.0,46.02000045776367,36.69243240356445,31528600,0.0,0.0
2020-03-27,44.130001068115234,45.5,43.0,43.79999923706055,34.92238998413086,25484500,0.0,0.0
2020-03-30,44.04999923706055,44.2599983215332,41.56999969482422,44.08000183105469,35.14564895629883,27459000,0.0,0.0
2020-03-31,43.630001068115234,44.22999954223633,41.650001525878906,42.119998931884766,33.58291244506836,26219100,0.0,0.0
2020-04-01,39.13999938964844,40.25,38.0,38.5099983215332,30.7045955657959,29219500,0.0,0.0
2020-04-02,38.36000061035156,39.65999984741211,37.29999923706055,39.22999954223633,31.27866554260254,29532100,0.0,0.0
2020-04-03,39.0,39.459999084472656,36.66999816894531,37.4900016784668,29.89134407043457,25327100,0.0,0.0
2020-04-06,39.79999923706055,41.34000015258789,39.5099983215332,41.119998931884766,32.785587310791016,30064700,0.0,0.0
2020-04-07,44.810001373291016,45.59000015258789,41.119998931884766,41.25,32.889244079589844,35220700,0.0,0.0
2020-04-08,42.849998474121094,44.45000076293945,41.970001220703125,44.2599983215332,35.28915786743164,32944800,0.0,0.0
2020-04-09,46.939998626708984,49.220001220703125,46.369998931884766,47.40999984741211,37.80070114135742,43637200,0.0,0.0
2020-04-13,47.5,47.56999969482422,45.27000045776367,46.68000030517578,37.218658447265625,27944300,0.0,0.0
2020-04-14,47.65999984741211,47.7400016784668,43.529998779296875,45.41999816894531,36.21405029296875,40466200,0.0,0.0
2020-04-15,43.369998931884766,44.27000045776367,42.61000061035156,42.86000061035156,34.17292404174805,32249000,0.0,0.0
2020-04-16,42.709999084472656,42.84000015258789,40.099998474121094,40.52000045776367,32.30720520019531,37756000,0.0,0.0
2020-04-17,43.150001525878906,45.619998931884766,42.650001525878906,45.45000076293945,36.23796081542969,41252900,0.0,0.0
2020-04-20,43.400001525878906,45.439998626708984,42.88999938964844,44.0099983215332,35.08983612060547,33471900,0.0,0.0
2020-04-21,42.349998474121094,43.11000061035156,41.06999969482422,41.56999969482422,33.14438247680664,35336200,0.0,0.0
2020-04-22,43.0,43.119998931884766,41.849998474121094,42.2400016784668,33.67859649658203,21888100,0.0,0.0
2020-04-23,42.650001525878906,43.7400016784668,42.2599983215332,42.459999084472656,33.85398483276367,23970700,0.0,0.0
2020-04-24,43.0,43.34000015258789,41.72999954223633,43.099998474121094,34.36427307128906,26282100,0.0,0.0
2020-04-27,44.16999816894531,46.81999969482422,43.72999954223633,46.560001373291016,37.122982025146484,30929200,0.0,0.0
2020-04-28,48.939998626708984,49.59000015258789,46.93000030517578,47.209999084472656,37.64124298095703,28973300,0.0,0.0
2020-04-29,49.70000076293945,50.650001525878906,48.459999084472656,50.2599983215332,40.073055267333984,32941100,0.0,0.0
2020-04-30,49.06999969482422,49.77000045776367,48.040000915527344,48.560001373291016,38.717620849609375,28687000,0.0,0.0
2020-05-01,46.310001373291016,46.470001220703125,45.220001220703125,45.52000045776367,36.67899703979492,28078900,0.51,0.0
2020-05-04,45.029998779296875,45.36000061035156,43.97999954223633,45.119998931884766,36.35668182373047,26340200,0.0,0.0
2020-05-05,46.29999923706055,46.349998474121094,43.91999816894531,43.95000076293945,35.41393280029297,27342900,0.0,0.0
2020-05-06,44.4900016784668,45.02000045776367,42.720001220703125,42.95000076293945,34.608154296875,25028000,0.0,0.0
2020-05-07,43.52000045776367,45.15999984741211,43.439998626708984,44.63999938964844,35.96992111206055,29849100,0.0,0.0
2020-05-08,45.31999969482422,46.41999816894531,45.2599983215332,46.31999969482422,37.32362365722656,22905200,0.0,0.0
2020-05-11,45.209999084472656,45.25,43.810001373291016,44.06999969482422,35.5106201171875,34765200,0.0,0.0
2020-05-12,44.38999938964844,44.689998626708984,42.31999969482422,42.349998474121094,34.12468719482422,33328300,0.0,0.0
2020-05-13,42.0,42.20000076293945,40.22999954223633,40.599998474121094,32.71456527709961,35350600,0.0,0.0
2020-05-14,39.9900016784668,42.099998474121094,38.7599983215332,42.060001373291016,33.89100646972656,40976400,0.0,0.0
2020-05-15,41.58000183105469,42.45000076293945,41.099998474121094,41.91999816894531,33.77819061279297,28494900,0.0,0.0
2020-05-18,44.04999923706055,45.90999984741211,43.4900016784668,45.66999816894531,36.79987335205078,39383300,0.0,0.0
2020-05-19,45.27000045776367,45.790000915527344,44.209999084472656,44.43000030517578,35.80070495605469,27271600,0.0,0.0
2020-05-20,45.56999969482422,46.279998779296875,45.220001220703125,45.470001220703125,36.63871383666992,23841300,0.0,0.0
2020-05-21,45.16999816894531,45.790000915527344,44.779998779296875,45.0,36.259986877441406,21698300,0.0,0.0
2020-05-22,44.77000045776367,45.04999923706055,43.689998626708984,44.099998474121094,35.5348014831543,22631700,0.0,0.0
2020-05-26,46.20000076293945,48.900001525878906,45.97999954223633,48.16999816894531,38.814300537109375,34429300,0.0,0.0
2020-05-27,51.68000030517578,52.38999938964844,49.86000061035156,52.2599983215332,42.10994338989258,43660500,0.0,0.0
2020-05-28,52.9900016784668,53.0099983215332,49.11000061035156,49.15999984741211,39.612030029296875,37972800,0.0,0.0
2020-05-29,48.02000045776367,49.47999954223633,47.560001373291016,47.90999984741211,38.604801177978516,35873400,0.0,0.0
2020-06-01,48.13999938964844,49.68000030517578,47.81999969482422,49.45000076293945,39.845703125,22860100,0.0,0.0
2020-06-02,50.709999084472656,51.290000915527344,50.15999984741211,50.84000015258789,40.96573257446289,27651300,0.0,0.0
2020-06-03,52.560001373291016,53.7599983215332,52.41999816894531,53.34000015258789,42.98017883300781,33341800,0.0,0.0
2020-06-04,53.29999923706055,55.689998626708984,52.61000061035156,55.650001525878906,44.84153366088867,33083500,0.0,0.0
2020-06-05,61.56999969482422,62.470001220703125,58.34000015258789,58.86000061035156,47.42807388305664,44648500,0.0,0.0
2020-06-08,60.65999984741211,61.33000183105469,59.77000045776367,61.2400016784668,49.34581756591797,32587100,0.0,0.0
2020-06-09,59.0,60.20000076293945,57.650001525878906,59.5,47.94376754760742,30422900,0.0,0.0
2020-06-10,58.900001525878906,59.13999938964844,55.86000061035156,55.86000061035156,45.0107307434082,36743700,0.0,0.0
2020-06-11,51.66999816894531,53.52000045776367,48.20000076293945,48.38999938964844,38.99158477783203,62098600,0.0,0.0
2020-06-12,51.400001525878906,52.45000076293945,49.79999923706055,52.25,42.10188293457031,39040000,0.0,0.0
2020-06-15,49.959999084472656,53.0,49.7400016784668,52.97999954223633,42.69010543823242,36592100,0.0,0.0
2020-06-16,56.29999923706055,56.400001525878906,52.31999969482422,54.45000076293945,43.87459945678711,37638700,0.0,0.0
2020-06-17,54.70000076293945,54.79999923706055,52.880001068115234,53.0,42.706207275390625,23727300,0.0,0.0
2020-06-18,52.66999816894531,53.650001525878906,52.029998779296875,53.040000915527344,42.738441467285156,22280600,0.0,0.0
2020-06-19,54.060001373291016,54.09000015258789,51.560001373291016,52.91999816894531,42.64175033569336,50379300,0.0,0.0
2020-06-22,51.849998474121094,52.56999969482422,51.52000045776367,52.060001373291016,41.94878005981445,22642100,0.0,0.0
2020-06-23,52.95000076293945,53.72999954223633,52.5,52.95000076293945,42.665931701660156,22092600,0.0,0.0
2020-06-24,51.66999816894531,51.84000015258789,50.15999984741211,50.810001373291016,40.941558837890625,27207700,0.0,0.0
2020-06-25,50.29999923706055,52.790000915527344,50.130001068115234,52.68000030517578,42.4483642578125,28112400,0.0,0.0
2020-06-26,52.34000015258789,52.34000015258789,49.470001220703125,49.58000183105469,39.950462341308594,35426200,0.0,0.0
2020-06-29,50.279998779296875,50.91999816894531,49.61000061035156,50.290000915527344,40.52255630493164,22578600,0.0,0.0
2020-06-30,49.810001373291016,51.54999923706055,49.650001525878906,51.099998474121094,41.175235748291016,23360400,0.0,0.0
2020-07-01,51.7599983215332,52.0,50.150001525878906,50.349998474121094,40.570892333984375,19206900,0.0,0.0
2020-07-02,52.119998931884766,52.459999084472656,50.279998779296875,50.54999923706055,40.7320556640625,22042700,0.0,0.0
2020-07-06,51.869998931884766,52.560001373291016,51.189998626708984,51.970001220703125,41.87626266479492,22613100,0.0,0.0
2020-07-07,51.25,51.36000061035156,50.09000015258789,50.31999969482422,40.54671859741211,21235300,0.0,0.0
2020-07-08,50.20000076293945,51.06999969482422,49.939998626708984,50.880001068115234,40.99797058105469,19115300,0.0,0.0
2020-07-09,50.72999954223633,51.08000183105469,49.029998779296875,49.45000076293945,39.845703125,24263900,0.0,0.0
2020-07-10,49.45000076293945,52.689998626708984,49.45000076293945,52.650001525878906,42.4241943359375,28027800,0.0,0.0
2020-07-13,53.33000183105469,53.599998474121094,51.86000061035156,52.20000076293945,42.061588287353516,27151800,0.0,0.0
2020-07-14,51.290000915527344,52.08000183105469,50.0099983215332,50.150001525878906,40.409751892089844,35814400,0.0,0.0
2020-07-15,51.900001525878906,52.11000061035156,50.68000030517578,51.84000015258789,41.77151107788086,27676300,0.0,0.0
2020-07-16,51.279998779296875,52.459999084472656,50.939998626708984,51.459999084472656,41.465309143066406,18824000,0.0,0.0
2020-07-17,51.220001220703125,51.47999954223633,50.20000076293945,50.220001220703125,40.466156005859375,19747400,0.0,0.0
2020-07-20,49.9900016784668,50.58000183105469,49.75,50.13999938964844,40.40168380737305,23472600,0.0,0.0
2020-07-21,50.900001525878906,51.81999969482422,50.66999816894531,51.72999954223633,41.68288040161133,21943200,0.0,0.0
2020-07-22,51.540000915527344,52.279998779296875,51.150001525878906,51.65999984741211,41.62646484375,17873400,0.0,0.0
2020-07-23,51.45000076293945,52.22999954223633,51.130001068115234,52.08000183105469,41.96490478515625,17090400,0.0,0.0
2020-07-24,52.099998474121094,52.47999954223633,51.5,51.66999816894531,41.63452911376953,16258900,0.0,0.0
2020-07-27,51.459999084472656,51.459999084472656,50.61000061035156,51.290000915527344,41.328338623046875,13991400,0.0,0.0
2020-07-28,51.02000045776367,51.65999984741211,50.970001220703125,51.27000045776367,41.31221389770508,13121400,0.0,0.0
2020-07-29,51.16999816894531,52.59000015258789,50.9900016784668,52.52000045776367,42.31944274902344,16991000,0.0,0.0
2020-07-30,51.11000061035156,51.20000076293945,49.86000061035156,50.869998931884766,40.98991394042969,24154600,0.0,0.0
2020-07-31,50.2599983215332,50.310001373291016,49.369998931884766,50.0099983215332,40.70502853393555,22485800,0.51,0.0
2020-08-03,50.560001373291016,50.849998474121094,49.689998626708984,50.38999938964844,41.01432418823242,15856600,0.0,0.0
2020-08-04,50.22999954223633,50.31999969482422,49.849998474121094,50.13999938964844,40.81085205078125,16230800,0.0,0.0
2020-08-05,50.5,51.310001373291016,50.470001220703125,51.040000915527344,41.54339599609375,16412400,0.0,0.0
2020-08-06,50.75,51.290000915527344,50.58000183105469,50.88999938964844,41.42129898071289,11025000,0.0,0.0
2020-08-07,50.52000045776367,52.22999954223633,50.130001068115234,52.119998931884766,42.42243957519531,21499100,0.0,0.0
2020-08-10,52.290000915527344,53.209999084472656,52.25,52.86000061035156,43.02475357055664,16850400,0.0,0.0
2020-08-11,54.45000076293945,55.029998779296875,53.540000915527344,53.7599983215332,43.757301330566406,25256500,0.0,0.0
2020-08-12,54.939998626708984,55.02000045776367,52.75,53.349998474121094,43.423580169677734,19337900,0.0,0.0
2020-08-13,52.83000183105469,53.47999954223633,52.56999969482422,52.88999938964844,43.04916763305664,13815300,0.0,0.0
2020-08-14,52.45000076293945,53.349998474121094,52.36000061035156,52.93000030517578,43.081729888916016,13861300,0.0,0.0
2020-08-17,52.630001068115234,52.81999969482422,51.349998474121094,51.41999816894531,41.852684020996094,19788700,0.0,0.0
2020-08-18,51.52000045776367,51.529998779296875,50.279998779296875,50.34000015258789,40.9736328125,17100800,0.0,0.0
2020-08-19,50.68000030517578,51.33000183105469,50.0,50.290000915527344,40.93294143676758,20837300,0.0,0.0
2020-08-20,49.529998779296875,50.02000045776367,49.22999954223633,49.58000183105469,40.35504913330078,15920900,0.0,0.0
2020-08-21,49.45000076293945,50.08000183105469,49.15999984741211,49.29999923706055,40.12714385986328,17416000,0.0,0.0
2020-08-24,49.900001525878906,51.130001068115234,49.45000076293945,51.060001373291016,41.55966567993164,19745100,0.0,0.0
2020-08-25,51.849998474121094,52.5099983215332,50.970001220703125,51.650001525878906,42.039894104003906,17244800,0.0,0.0
2020-08-26,51.65999984741211,51.790000915527344,50.81999969482422,50.849998474121094,41.38874053955078,14541600,0.0,0.0
2020-08-27,50.720001220703125,52.209999084472656,50.650001525878906,51.720001220703125,42.096858978271484,19393500,0.0,0.0
2020-08-28,52.06999969482422,52.369998931884766,51.529998779296875,52.279998779296875,42.55267333984375,16990300,0.0,0.0
2020-08-31,51.90999984741211,52.040000915527344,51.099998474121094,51.119998931884766,41.608497619628906,16280100,0.0,0.0
2020-09-01,50.880001068115234,51.56999969482422,50.540000915527344,51.20000076293945,41.67361831665039,16903400,0.0,0.0
2020-09-02,51.040000915527344,52.13999938964844,50.65999984741211,51.95000076293945,42.284061431884766,15348600,0.0,0.0
2020-09-03,52.439998626708984,53.63999938964844,51.22999954223633,51.5,41.91779708862305,25003200,0.0,0.0
2020-09-04,52.470001220703125,53.36000061035156,51.439998626708984,52.52000045776367,42.748016357421875,25124000,0.0,0.0
2020-09-08,51.91999816894531,52.09000015258789,50.65999984741211,51.040000915527344,41.54339599609375,28128600,0.0,0.0
2020-09-09,51.20000076293945,51.59000015258789,50.619998931884766,51.400001525878906,41.83640670776367,19193900,0.0,0.0
2020-09-10,51.720001220703125,52.5,50.70000076293945,50.95000076293945,41.470130920410156,22324400,0.0,0.0
2020-09-11,50.88999938964844,51.689998626708984,50.79999923706055,51.0,41.51082229614258,21033200,0.0,0.0
2020-09-14,51.4900016784668,52.08000183105469,47.900001525878906,48.150001525878906,39.191104888916016,58798300,0.0,0.0
2020-09-15,48.119998931884766,48.38999938964844,44.66999816894531,44.810001373291016,36.47255325317383,84689700,0.0,0.0
2020-09-16,45.209999084472656,46.7599983215332,44.619998931884766,46.02000045776367,37.457420349121094,45484600,0.0,0.0
2020-09-17,45.459999084472656,45.83000183105469,45.0099983215332,45.529998779296875,37.05858612060547,28741600,0.0,0.0
2020-09-18,45.52000045776367,45.959999084472656,44.7599983215332,44.86000061035156,36.51325225830078,33201700,0.0,0.0
2020-09-21,43.40999984741211,44.15999984741211,43.06999969482422,43.93000030517578,35.756282806396484,33469700,0.0,0.0
2020-09-22,43.790000915527344,44.130001068115234,43.08000183105469,43.290000915527344,35.235382080078125,25799200,0.0,0.0
2020-09-23,43.61000061035156,43.95000076293945,41.790000915527344,41.849998474121094,34.06329345703125,28780200,0.0,0.0
2020-09-24,41.849998474121094,42.599998474121094,41.290000915527344,42.189998626708984,34.34004211425781,31259200,0.0,0.0
2020-09-25,41.84000015258789,42.130001068115234,41.52000045776367,42.02000045776367,34.20166778564453,26917200,0.0,0.0
2020-09-28,42.91999816894531,43.880001068115234,42.88999938964844,43.34000015258789,35.276065826416016,21204600,0.0,0.0
2020-09-29,43.099998474121094,43.290000915527344,42.02000045776367,42.41999816894531,34.52724075317383,20694300,0.0,0.0
2020-09-30,42.58000183105469,43.59000015258789,42.5,43.11000061035156,35.08885192871094,22533400,0.0,0.0
2020-10-01,43.33000183105469,43.650001525878906,42.599998474121094,43.439998626708984,35.35746383666992,21900500,0.0,0.0
2020-10-02,42.540000915527344,43.869998931884766,42.52000045776367,43.65999984741211,35.53652572631836,23899200,0.0,0.0
2020-10-05,44.2599983215332,45.22999954223633,44.209999084472656,44.90999984741211,36.5539436340332,24170600,0.0,0.0
2020-10-06,45.47999954223633,46.060001373291016,44.15999984741211,44.40999984741211,36.14698028564453,29505900,0.0,0.0
2020-10-07,45.02000045776367,45.630001068115234,44.61000061035156,44.84000015258789,36.49696731567383,22135800,0.0,0.0
2020-10-08,44.90999984741211,45.16999816894531,44.279998779296875,44.720001220703125,36.3993034362793,28630700,0.0,0.0
2020-10-09,45.0099983215332,45.59000015258789,44.689998626708984,44.93000030517578,36.570220947265625,25595600,0.0,0.0
2020-10-12,45.09000015258789,45.9900016784668,44.95000076293945,45.880001068115234,37.34346008300781,24070200,0.0,0.0
2020-10-13,46.119998931884766,46.119998931884766,43.54999923706055,43.68000030517578,35.55280685424805,49899100,0.0,0.0
2020-10-14,43.52000045776367,44.2400016784668,43.0,43.029998779296875,35.023746490478516,30260500,0.0,0.0
2020-10-15,42.540000915527344,43.63999938964844,42.25,43.61000061035156,35.495826721191406,26408000,0.0,0.0
2020-10-16,43.68000030517578,43.880001068115234,43.08000183105469,43.189998626708984,35.15398025512695,25998000,0.0,0.0
2020-10-19,43.349998474121094,43.38999938964844,42.810001373291016,42.900001525878906,34.91793441772461,22793600,0.0,0.0
2020-10-20,43.369998931884766,44.08000183105469,43.34000015258789,43.52000045776367,35.422576904296875,21255900,0.0,0.0
2020-10-21,43.459999084472656,43.72999954223633,42.900001525878906,43.0099983215332,35.007469177246094,19816300,0.0,0.0
2020-10-22,42.88999938964844,43.9900016784668,42.65999984741211,43.95000076293945,35.77256393432617,21341200,0.0,0.0
2020-10-23,44.209999084472656,44.56999969482422,43.66999816894531,43.95000076293945,35.77256393432617,18486500,0.0,0.0
2020-10-26,43.36000061035156,43.400001525878906,42.810001373291016,43.2599983215332,35.21094512939453,24928100,0.0,0.0
2020-10-27,43.040000915527344,43.040000915527344,41.869998931884766,41.880001068115234,34.08770751953125,24251700,0.0,0.0
2020-10-28,40.970001220703125,41.59000015258789,40.7400016784668,41.130001068115234,33.47726058959961,27485000,0.0,0.0
2020-10-29,41.130001068115234,42.150001525878906,40.709999084472656,41.65999984741211,33.90865707397461,23351000,0.0,0.0
2020-10-30,41.029998779296875,41.540000915527344,40.4900016784668,41.41999816894531,34.13113784790039,26962800,0.51,0.0
2020-11-02,41.86000061035156,42.66999816894531,41.20000076293945,42.209999084472656,34.7821159362793,24310800,0.0,0.0
2020-11-03,43.29999923706055,44.02000045776367,43.060001373291016,43.529998779296875,35.86983108520508,29985200,0.0,0.0
2020-11-04,42.529998779296875,43.40999984741211,41.900001525878906,42.08000183105469,34.67499542236328,25956400,0.0,0.0
2020-11-05,42.34000015258789,43.58000183105469,42.18000030517578,43.06999969482422,35.490787506103516,24945100,0.0,0.0
2020-11-06,43.5099983215332,43.61000061035156,42.5,42.709999084472656,35.19413375854492,17705200,0.0,0.0
2020-11-09,46.869998931884766,48.779998779296875,46.2599983215332,47.63999938964844,39.2565803527832,56895200,0.0,0.0
2020-11-10,48.310001373291016,48.75,47.45000076293945,47.650001525878906,39.264808654785156,33275800,0.0,0.0
2020-11-11,47.900001525878906,49.290000915527344,47.68000030517578,48.93000030517578,40.31957244873047,29719600,0.0,0.0
2020-11-12,47.970001220703125,48.40999984741211,47.709999084472656,48.279998779296875,39.78395462036133,28457400,0.0,0.0
2020-11-13,48.650001525878906,49.06999969482422,48.400001525878906,48.65999984741211,40.09708786010742,18632500,0.0,0.0
2020-11-16,50.40999984741211,51.02000045776367,49.86000061035156,50.400001525878906,41.5308837890625,26699400,0.0,0.0
2020-11-17,49.84000015258789,50.93000030517578,49.47999954223633,50.72999954223633,41.802818298339844,18970000,0.0,0.0
2020-11-18,51.09000015258789,52.650001525878906,51.0099983215332,51.04999923706055,42.066497802734375,25824000,0.0,0.0
2020-11-19,51.599998474121094,52.31999969482422,50.95000076293945,52.13999938964844,42.96469497680664,20262400,0.0,0.0
2020-11-20,51.83000183105469,52.11000061035156,51.189998626708984,51.650001525878906,42.5609130859375,15471100,0.0,0.0
2020-11-23,52.5099983215332,53.630001068115234,52.290000915527344,53.29999923706055,43.920562744140625,28923200,0.0,0.0
2020-11-24,54.47999954223633,57.13999938964844,54.47999954223633,57.060001373291016,47.018898010253906,32890900,0.0,0.0
2020-11-25,56.27000045776367,57.15999984741211,55.33000183105469,57.060001373291016,47.018898010253906,28250500,0.0,0.0
2020-11-27,57.0,57.2400016784668,56.119998931884766,56.66999816894531,46.69752883911133,14267100,0.0,0.0
2020-11-30,56.13999938964844,56.540000915527344,55.0,55.06999969482422,45.37908172607422,23359300,0.0,0.0
2020-12-01,56.54999923706055,56.7400016784668,55.400001525878906,55.470001220703125,45.70869445800781,23497900,0.0,0.0
2020-12-02,55.36000061035156,57.41999816894531,55.25,57.20000076293945,47.13425827026367,26796800,0.0,0.0
2020-12-03,57.380001068115234,57.45000076293945,56.20000076293945,56.58000183105469,46.62336730957031,18776100,0.0,0.0
2020-12-04,57.560001373291016,58.81999969482422,57.310001373291016,58.619998931884766,48.30437469482422,24696000,0.0,0.0
2020-12-07,58.150001525878906,58.61000061035156,57.279998779296875,58.130001068115234,47.90060043334961,21280900,0.0,0.0
2020-12-08,57.47999954223633,58.400001525878906,57.36000061035156,58.36000061035156,48.090126037597656,15511700,0.0,0.0
2020-12-09,59.15999984741211,59.54999923706055,58.29999923706055,58.95000076293945,48.57630157470703,27278200,0.0,0.0
2020-12-10,58.040000915527344,60.790000915527344,58.0099983215332,60.5,49.85353088378906,25866600,0.0,0.0
2020-12-11,59.79999923706055,59.810001373291016,58.18000030517578,58.93000030517578,48.55982208251953,20960000,0.0,0.0
2020-12-14,60.0,60.2599983215332,58.72999954223633,58.7400016784668,48.403255462646484,19688300,0.0,0.0
2020-12-15,58.7400016784668,59.86000061035156,58.56999969482422,59.66999816894531,49.16960144042969,16044400,0.0,0.0
2020-12-16,60.06999969482422,60.13999938964844,59.36000061035156,59.75,49.23552703857422,14988300,0.0,0.0
2020-12-17,60.0,60.290000915527344,59.56999969482422,60.04999923706055,49.482730865478516,18229900,0.0,0.0
2020-12-18,60.29999923706055,60.29999923706055,58.709999084472656,59.060001373291016,48.66693878173828,28712700,0.0,0.0
2020-12-21,60.349998474121094,61.81999969482422,59.810001373291016,61.22999954223633,50.455078125,31906100,0.0,0.0
2020-12-22,61.099998474121094,61.13999938964844,59.15999984741211,59.2599983215332,48.83175277709961,17851600,0.0,0.0
2020-12-23,60.0,61.310001373291016,59.790000915527344,60.779998779296875,50.08426284790039,16579100,0.0,0.0
2020-12-24,60.93000030517578,61.09000015258789,59.880001068115234,60.56999969482422,49.91122817993164,6824400,0.0,0.0
2020-12-28,60.619998931884766,61.93000030517578,60.4900016784668,61.130001068115234,50.3726806640625,14414600,0.0,0.0
2020-12-29,61.150001525878906,61.400001525878906,60.54999923706055,60.90999984741211,50.19138717651367,10800400,0.0,0.0
2020-12-30,60.90999984741211,61.27000045776367,60.66999816894531,60.86000061035156,50.15019989013672,10770700,0.0,0.0
2020-12-31,60.66999816894531,61.849998474121094,60.529998779296875,61.65999984741211,50.80940628051758,12500700,0.0,0.0
2021-01-04,61.59000015258789,61.709999084472656,59.72999954223633,60.13999938964844,49.55690002441406,21286200,0.0,0.0
2021-01-05,60.349998474121094,62.0,60.02000045776367,61.70000076293945,50.84236526489258,20213100,0.0,0.0
2021-01-06,64.48999786376953,66.5999984741211,63.95000076293945,65.25,53.76766586303711,38106600,0.0,0.0
2021-01-07,67.06999969482422,68.0999984741211,66.01000213623047,66.0199966430664,54.40217590332031,24161000,0.0,0.0
2021-01-08,66.20999908447266,66.20999908447266,64.33999633789062,65.37000274658203,53.866546630859375,20747800,0.0,0.0
2021-01-11,64.58000183105469,66.62000274658203,64.33000183105469,66.44000244140625,54.748260498046875,20454000,0.0,0.0
2021-01-12,67.48999786376953,67.73999786376953,66.23999786376953,66.66999816894531,54.93778610229492,20162800,0.0,0.0
2021-01-13,67.0,67.22000122070312,65.98999786376953,66.86000061035156,55.09434127807617,18541900,0.0,0.0
2021-01-14,67.5199966430664,69.43000030517578,67.16999816894531,69.01000213623047,56.866004943847656,29108900,0.0,0.0
2021-01-15,67.37000274658203,67.6500015258789,64.08999633789062,64.2300033569336,52.92715835571289,38295300,0.0,0.0
2021-01-19,65.19999694824219,65.25,62.90999984741211,63.689998626708984,52.48218536376953,27022400,0.0,0.0
2021-01-20,63.75,63.81999969482422,62.84000015258789,63.25,52.11961364746094,17448900,0.0,0.0
2021-01-21,63.209999084472656,63.34000015258789,61.7400016784668,61.869998931884766,50.982452392578125,19394600,0.0,0.0
2021-01-22,60.939998626708984,61.83000183105469,60.189998626708984,61.33000183105469,50.537479400634766,24740400,0.0,0.0
2021-01-25,60.66999816894531,60.77000045776367,59.16999816894531,60.560001373291016,49.90298080444336,25754100,0.0,0.0
2021-01-26,61.20000076293945,61.2400016784668,60.09000015258789,60.90999984741211,50.19138717651367,18760900,0.0,0.0
2021-01-27,59.900001525878906,60.0,58.529998779296875,59.400001525878906,48.94711685180664,24657200,0.0,0.0
2021-01-28,60.150001525878906,61.060001373291016,59.630001068115234,60.34000015258789,49.72169876098633,19986200,0.0,0.0
2021-01-29,59.959999084472656,60.20000076293945,57.689998626708984,57.9900016784668,48.19257736206055,27078300,0.51,0.0
2021-02-01,58.65999984741211,58.66999816894531,57.400001525878906,58.43000030517578,48.558231353759766,16073000,0.0,0.0
2021-02-02,59.599998474121094,60.25,59.29999923706055,59.58000183105469,49.513938903808594,18693400,0.0,0.0
2021-02-03,59.40999984741211,61.150001525878906,59.31999969482422,61.099998474121094,50.77712631225586,18730600,0.0,0.0
2021-02-04,61.56999969482422,62.630001068115234,61.41999816894531,62.40999984741211,51.865806579589844,16612900,0.0,0.0
2021-02-05,62.9900016784668,63.08000183105469,62.06999969482422,62.58000183105469,52.00708770751953,13493800,0.0,0.0
2021-02-08,63.09000015258789,63.709999084472656,62.849998474121094,63.650001525878906,52.89631652832031,15055400,0.0,0.0
2021-02-09,63.70000076293945,63.869998931884766,62.52000045776367,63.119998931884766,52.45585250854492,12336900,0.0,0.0
2021-02-10,63.47999954223633,63.9900016784668,62.97999954223633,63.619998931884766,52.871376037597656,12680700,0.0,0.0
2021-02-11,63.599998474121094,63.869998931884766,61.93000030517578,63.20000076293945,52.522335052490234,12108300,0.0,0.0
2021-02-12,62.91999816894531,64.0199966430664,62.88999938964844,63.630001068115234,52.879695892333984,12174600,0.0,0.0
2021-02-16,64.91999816894531,65.06999969482422,63.84000015258789,64.12000274658203,53.28689956665039,19065400,0.0,0.0
2021-02-17,63.79999923706055,64.91000366210938,63.45000076293945,64.76000213623047,53.81877899169922,20279600,0.0,0.0
2021-02-18,64.30000305175781,64.55000305175781,63.09000015258789,63.47999954223633,52.755027770996094,14833200,0.0,0.0
2021-02-19,64.16000366210938,65.98999786376953,64.05000305175781,65.77999877929688,54.66644287109375,20456200,0.0,0.0
2021-02-22,65.4000015258789,66.9000015258789,65.29000091552734,65.5199966430664,54.45037841796875,23120700,0.0,0.0
2021-02-23,65.58999633789062,66.91999816894531,64.86000061035156,66.73999786376953,55.46425247192383,26712100,0.0,0.0
2021-02-24,67.16999816894531,68.68000030517578,67.0,68.5999984741211,57.0099983215332,20752900,0.0,0.0
2021-02-25,69.04000091552734,69.37999725341797,66.88999938964844,67.41000366210938,56.02106475830078,25206100,0.0,0.0
2021-02-26,66.77999877929688,67.5999984741211,65.54000091552734,65.87999725341797,54.74954605102539,24182200,0.0,0.0
2021-03-01,68.48999786376953,69.98999786376953,67.9800033569336,69.54000091552734,57.79119110107422,28054600,0.0,0.0
2021-03-02,69.19000244140625,69.98999786376953,68.8499984741211,68.91000366210938,57.26762771606445,19200600,0.0,0.0
2021-03-03,69.48999786376953,71.48999786376953,69.30000305175781,70.37999725341797,58.48927688598633,25157600,0.0,0.0
2021-03-04,70.18000030517578,71.77999877929688,67.88999938964844,69.80999755859375,58.01557159423828,28518400,0.0,0.0
2021-03-05,70.83999633789062,71.2699966430664,68.44000244140625,70.2300033569336,58.36460876464844,25406800,0.0,0.0
2021-03-08,71.06999969482422,72.83999633789062,70.86000061035156,72.22000122070312,60.018402099609375,27351100,0.0,0.0
2021-03-09,70.91000366210938,72.48999786376953,70.04000091552734,70.98999786376953,58.9962158203125,24194900,0.0,0.0
2021-03-10,71.29000091552734,73.87999725341797,71.19999694824219,73.75,61.289920806884766,21331100,0.0,0.0
2021-03-11,73.4800033569336,74.27999877929688,72.55000305175781,73.30999755859375,60.92425537109375,17499200,0.0,0.0
2021-03-12,74.41999816894531,75.25,74.0999984741211,75.18000030517578,62.47831726074219,17210600,0.0,0.0
2021-03-15,75.51000213623047,75.58999633789062,73.27999877929688,74.22000122070312,61.68050003051758,18918100,0.0,0.0
2021-03-16,73.5199966430664,73.62999725341797,72.31999969482422,73.33000183105469,60.94087600708008,15834800,0.0,0.0
2021-03-17,73.93000030517578,74.33999633789062,72.73999786376953,73.5999984741211,61.165245056152344,19337500,0.0,0.0
2021-03-18,74.43000030517578,76.12999725341797,73.44999694824219,73.83999633789062,61.36470413208008,23857900,0.0,0.0
2021-03-19,73.19999694824219,73.58000183105469,71.5199966430664,73.01000213623047,60.674930572509766,24079400,0.0,0.0
2021-03-22,72.29000091552734,72.5999984741211,71.63999938964844,71.95999908447266,59.80232620239258,15040000,0.0,0.0
2021-03-23,71.30000305175781,72.63999938964844,70.51000213623047,70.91000366210938,58.929744720458984,16238700,0.0,0.0
2021-03-24,71.69000244140625,72.4800033569336,70.05999755859375,70.08000183105469,58.239959716796875,17089600,0.0,0.0
2021-03-25,69.83000183105469,71.91999816894531,69.1500015258789,71.72000122070312,59.60287094116211,18357300,0.0,0.0
2021-03-26,72.56999969482422,73.23999786376953,72.0,73.0199966430664,60.68325424194336,15716600,0.0,0.0
2021-03-29,71.55000305175781,72.1500015258789,70.37000274658203,71.58000183105469,59.48652267456055,17822300,0.0,0.0
2021-03-30,72.0,73.22000122070312,72.0,72.95999908447266,60.633392333984375,15615900,0.0,0.0
2021-03-31,72.70999908447266,73.83000183105469,72.45999908447266,72.75,60.458866119384766,15224800,0.0,0.0
2021-04-01,72.22000122070312,73.29000091552734,72.22000122070312,73.13999938964844,60.7829704284668,15251300,0.0,0.0
2021-04-05,74.06999969482422,74.33999633789062,72.44000244140625,72.75,60.458866119384766,16128400,0.0,0.0
2021-04-06,72.36000061035156,73.06999969482422,72.05000305175781,72.5999984741211,60.334205627441406,12908400,0.0,0.0
2021-04-07,72.91999816894531,73.12000274658203,71.94999694824219,72.69000244140625,60.40899658203125,14081400,0.0,0.0
2021-04-08,72.1500015258789,72.52999877929688,71.08000183105469,72.33000183105469,60.10981750488281,13677100,0.0,0.0
2021-04-09,72.80999755859375,73.01000213623047,72.01000213623047,72.41999816894531,60.18461227416992,14586400,0.0,0.0
2021-04-12,72.62000274658203,72.80000305175781,72.13999938964844,72.69000244140625,60.40899658203125,12002400,0.0,0.0
2021-04-13,72.30000305175781,72.41999816894531,71.06999969482422,72.05999755859375,59.88544464111328,16150000,0.0,0.0
2021-04-14,71.73999786376953,73.29000091552734,71.37999725341797,72.91000366210938,60.59182357788086,19476600,0.0,0.0
2021-04-15,74.44999694824219,74.7300033569336,71.76000213623047,72.54000091552734,60.284339904785156,31333400,0.0,0.0
2021-04-16,73.31999969482422,73.56999969482422,71.69000244140625,72.44999694824219,60.20954513549805,28478400,0.0,0.0
2021-04-19,72.70999908447266,72.83000183105469,71.94999694824219,72.12999725341797,59.943603515625,19964800,0.0,0.0
2021-04-20,71.55000305175781,71.55000305175781,69.2699966430664,69.79000091552734,57.99894714355469,22013000,0.0,0.0
2021-04-21,69.12999725341797,70.70999908447266,68.41000366210938,70.6500015258789,58.713653564453125,16334800,0.0,0.0
2021-04-22,70.43000030517578,70.75,69.66999816894531,69.80999755859375,58.01557159423828,16037600,0.0,0.0
2021-04-23,69.83999633789062,71.54000091552734,69.51000213623047,71.37999725341797,59.32032012939453,18876100,0.0,0.0
2021-04-26,71.7300033569336,72.80999755859375,71.61000061035156,72.19999694824219,60.00177764892578,13098600,0.0,0.0
2021-04-27,72.5,73.0999984741211,72.36000061035156,72.98999786376953,60.6583137512207,13357500,0.0,0.0
2021-04-28,73.37000274658203,73.63999938964844,72.7300033569336,72.91000366210938,60.59182357788086,14420400,0.0,0.0
2021-04-29,73.76000213623047,74.0199966430664,72.87999725341797,73.83999633789062,61.36470413208008,20628400,0.0,0.0
2021-04-30,72.69000244140625,72.73999786376953,71.08999633789062,71.23999786376953,59.61572265625,23669300,0.51,0.0
2021-05-03,72.0199966430664,72.44000244140625,71.38999938964844,71.70999908447266,60.009033203125,16026100,0.0,0.0
2021-05-04,71.23999786376953,72.4000015258789,70.62999725341797,72.33000183105469,60.52786636352539,23071400,0.0,0.0
2021-05-05,72.61000061035156,73.80999755859375,71.77999877929688,73.70999908447266,61.68270492553711,19427200,0.0,0.0
2021-05-06,73.63999938964844,74.94000244140625,73.41999816894531,74.77999877929688,62.5781135559082,19621800,0.0,0.0
2021-05-07,73.43000030517578,75.11000061035156,73.22000122070312,75.08000183105469,62.829158782958984,16937400,0.0,0.0
2021-05-10,75.36000061035156,76.83999633789062,75.11000061035156,75.12999725341797,62.871002197265625,19628200,0.0,0.0
2021-05-11,74.5,75.56999969482422,73.91000366210938,74.87000274658203,62.6534423828125,21534800,0.0,0.0
2021-05-12,75.94000244140625,76.4000015258789,73.9000015258789,74.2300033569336,62.117855072021484,19791300,0.0,0.0
2021-05-13,73.87999725341797,75.87999725341797,73.80000305175781,75.29000091552734,63.00489044189453,18622300,0.0,0.0
2021-05-14,75.68000030517578,76.7699966430664,75.66000366210938,76.55999755859375,64.06767272949219,14122700,0.0,0.0
2021-05-17,76.33000183105469,77.47000122070312,76.0999984741211,77.41999816894531,64.7873306274414,14676300,0.0,0.0
2021-05-18,77.37999725341797,77.69000244140625,76.56999969482422,76.62000274658203,64.11787414550781,13729600,0.0,0.0
2021-05-19,75.62000274658203,76.6500015258789,74.72000122070312,76.45999908447266,63.98398971557617,23283600,0.0,0.0
2021-05-20,76.16999816894531,76.63999938964844,75.36000061035156,76.19999694824219,63.76639938354492,15244300,0.0,0.0
2021-05-21,76.5,77.80999755859375,76.41000366210938,77.6500015258789,64.97981262207031,18544500,0.0,0.0
2021-05-24,77.83000183105469,78.36000061035156,77.47000122070312,78.02999877929688,65.29779815673828,16750200,0.0,0.0
2021-05-25,78.19999694824219,79.27999877929688,77.19000244140625,77.27999877929688,64.67018127441406,20015800,0.0,0.0
2021-05-26,77.20999908447266,77.9000015258789,76.68000030517578,77.5199966430664,64.87101745605469,15243400,0.0,0.0
2021-05-27,78.5199966430664,79.11000061035156,77.94999694824219,78.76000213623047,65.90869140625,17467000,0.0,0.0
2021-05-28,78.66000366210938,78.97000122070312,77.91000366210938,78.70999908447266,65.86685180664062,14392800,0.0,0.0
2021-06-01,79.48999786376953,80.08999633789062,79.33999633789062,79.76000213623047,66.74552917480469,15450500,0.0,0.0
2021-06-02,80.0999984741211,80.29000091552734,79.37999725341797,79.86000061035156,66.8292007446289,15285600,0.0,0.0
2021-06-03,79.70999908447266,80.29000091552734,79.41999816894531,79.62999725341797,66.6367416381836,22255800,0.0,0.0
2021-06-04,79.69000244140625,79.87000274658203,78.80999755859375,79.48999786376953,66.51956176757812,13807000,0.0,0.0
2021-06-07,79.62000274658203,79.6500015258789,79.0199966430664,79.30999755859375,66.36893463134766,12670100,0.0,0.0
2021-06-08,78.30000305175781,79.41999816894531,77.70999908447266,79.08000183105469,66.17648315429688,15399100,0.0,0.0
2021-06-09,78.66999816894531,78.77999877929688,77.76000213623047,78.13999938964844,65.38984680175781,13778400,0.0,0.0
2021-06-10,79.04000091552734,79.29000091552734,76.83000183105469,76.88999938964844,64.34382629394531,15277400,0.0,0.0
2021-06-11,77.0,77.19000244140625,76.0999984741211,76.4800033569336,64.00072479248047,18043500,0.0,0.0
2021-06-14,76.61000061035156,76.7699966430664,74.66999816894531,75.16000366210938,62.896087646484375,18304400,0.0,0.0
2021-06-15,75.05000305175781,75.33999633789062,73.25,73.81999969482422,61.774749755859375,25191700,0.0,0.0
2021-06-16,72.75,73.0,70.1500015258789,71.45999908447266,59.79982376098633,53319800,0.0,0.0
2021-06-17,72.58000183105469,72.61000061035156,68.16000366210938,68.86000061035156,57.62407684326172,48523000,0.0,0.0
2021-06-18,68.4800033569336,68.75,67.12999725341797,67.61000061035156,56.57804870605469,44582900,0.0,0.0
2021-06-21,68.44000244140625,69.08999633789062,67.87999725341797,68.44999694824219,57.28097152709961,30266600,0.0,0.0
2021-06-22,68.9000015258789,69.41000366210938,67.7699966430664,68.95999908447266,57.70777130126953,21564600,0.0,0.0
2021-06-23,69.36000061035156,70.05000305175781,69.08000183105469,69.6500015258789,58.28517532348633,19672700,0.0,0.0
2021-06-24,70.33000183105469,71.66999816894531,69.94999694824219,71.31999969482422,59.682682037353516,23900400,0.0,0.0
2021-06-25,71.44999694824219,71.8499984741211,69.86000061035156,71.55000305175781,59.87514877319336,26727400,0.0,0.0
2021-06-28,71.31999969482422,71.66999816894531,70.45999908447266,71.51000213623047,59.841670989990234,17660900,0.0,0.0
2021-06-29,70.13999938964844,71.5999984741211,69.58000183105469,69.68000030517578,58.310279846191406,28696900,0.0,0.0
2021-06-30,69.68000030517578,70.80999755859375,69.41999816894531,70.75,59.20568084716797,18502300,0.0,0.0
2021-07-01,71.08000183105469,71.20999908447266,70.44999694824219,71.01000213623047,59.423255920410156,12584800,0.0,0.0
2021-07-02,71.01000213623047,71.12000274658203,70.11000061035156,70.41000366210938,58.92115783691406,13222700,0.0,0.0
2021-07-06,70.11000061035156,70.19000244140625,67.86000061035156,68.20999908447266,57.080142974853516,24672200,0.0,0.0
2021-07-07,67.70999908447266,68.37000274658203,67.26000213623047,67.93000030517578,56.8458251953125,19342700,0.0,0.0
2021-07-08,66.4000015258789,67.13999938964844,65.75,66.7300033569336,55.84164047241211,24763600,0.0,0.0
2021-07-09,68.11000061035156,68.5199966430664,67.63999938964844,68.44999694824219,57.28097152709961,18872600,0.0,0.0
2021-07-12,67.66999816894531,69.58999633789062,67.30000305175781,69.44000244140625,58.10944366455078,19600600,0.0,0.0
2021-07-13,69.08000183105469,69.4800033569336,68.0199966430664,68.37000274658203,57.21403503417969,18962400,0.0,0.0
2021-07-14,69.98999786376953,70.77999877929688,67.44999694824219,68.16999816894531,57.046653747558594,36287800,0.0,0.0
2021-07-15,67.54000091552734,69.04000091552734,67.44000244140625,68.44999694824219,57.28097152709961,18897200,0.0,0.0
2021-07-16,68.70999908447266,68.76000213623047,66.41999816894531,66.9000015258789,55.98389434814453,19289000,0.0,0.0
2021-07-19,65.45999908447266,66.06999969482422,64.36000061035156,65.08000183105469,54.46086502075195,33318600,0.0,0.0
2021-07-20,65.18000030517578,66.77999877929688,64.77999877929688,66.29000091552734,55.47341537475586,20577900,0.0,0.0
2021-07-21,67.01000213623047,68.25,66.93000030517578,67.88999938964844,56.812347412109375,23393200,0.0,0.0
2021-07-22,67.75,67.79000091552734,66.41000366210938,66.93000030517578,56.00899887084961,16524900,0.0,0.0
2021-07-23,67.5,67.76000213623047,66.5199966430664,66.70999908447266,55.824893951416016,13443300,0.0,0.0
2021-07-26,66.45999908447266,67.83999633789062,66.45999908447266,67.7699966430664,56.7119255065918,16434000,0.0,0.0
2021-07-27,67.08000183105469,68.4000015258789,66.77999877929688,67.9800033569336,56.887672424316406,17127700,0.0,0.0
2021-07-28,68.31999969482422,68.61000061035156,67.48999786376953,68.0999984741211,56.98808670043945,20275900,0.0,0.0
2021-07-29,68.70999908447266,69.58000183105469,68.41000366210938,68.80999755859375,57.58224105834961,22261700,0.0,0.0
2021-07-30,67.91999816894531,68.5199966430664,67.23999786376953,67.62000274658203,57.00893783569336,18078200,0.51,0.0
2021-08-02,67.94999694824219,69.12000274658203,67.63999938964844,67.7300033569336,57.1016960144043,16616700,0.0,0.0
2021-08-03,68.25,69.08999633789062,66.88999938964844,68.87999725341797,58.07121658325195,21041500,0.0,0.0
2021-08-04,68.12000274658203,69.25,67.93000030517578,68.5199966430664,57.7677001953125,14416300,0.0,0.0
2021-08-05,68.83000183105469,69.7699966430664,68.7699966430664,69.69000244140625,58.75410461425781,14361600,0.0,0.0
2021-08-06,70.77999877929688,71.5,70.58000183105469,71.06999969482422,59.91756057739258,23915400,0.0,0.0
2021-08-09,70.94000244140625,72.0,70.45999908447266,71.5199966430664,60.296932220458984,15619800,0.0,0.0
2021-08-10,71.62000274658203,73.33999633789062,71.37999725341797,72.9800033569336,61.52784729003906,17920100,0.0,0.0
2021-08-11,73.30000305175781,74.33999633789062,72.93000030517578,74.30000305175781,62.64071273803711,18676100,0.0,0.0
2021-08-12,74.33000183105469,74.63999938964844,73.62999725341797,74.12999725341797,62.49738311767578,14181400,0.0,0.0
2021-08-13,74.19999694824219,74.62000274658203,72.91999816894531,73.11000061035156,61.637447357177734,13362800,0.0,0.0
2021-08-16,72.41000366210938,72.48999786376953,70.98999786376953,72.0999984741211,60.78593063354492,15532800,0.0,0.0
2021-08-17,71.33999633789062,72.36000061035156,70.68000030517578,71.62000274658203,60.38127517700195,14623000,0.0,0.0
2021-08-18,71.19999694824219,72.26000213623047,70.87999725341797,71.12000274658203,59.959739685058594,13970600,0.0,0.0
2021-08-19,70.54000091552734,70.73999786376953,69.43000030517578,69.83999633789062,58.88058090209961,21047300,0.0,0.0
2021-08-20,69.70999908447266,70.30000305175781,69.20999908447266,70.25,59.22623825073242,14028800,0.0,0.0
2021-08-23,70.76000213623047,71.26000213623047,70.55999755859375,70.88999938964844,59.765811920166016,13079500,0.0,0.0
2021-08-24,71.13999938964844,72.19000244140625,71.02999877929688,72.04000091552734,60.735347747802734,12669300,0.0,0.0
2021-08-25,72.80000305175781,73.9000015258789,72.04000091552734,73.18000030517578,61.696449279785156,17766600,0.0,0.0
2021-08-26,73.47000122070312,73.9000015258789,72.27999877929688,72.44000244140625,61.07257843017578,14135600,0.0,0.0
2021-08-27,72.58000183105469,73.37000274658203,72.30000305175781,72.98999786376953,61.536258697509766,13669400,0.0,0.0
2021-08-30,73.0,73.01000213623047,71.22000122070312,71.66999816894531,60.42341613769531,12687400,0.0,0.0
2021-08-31,71.75,72.5,71.33000183105469,71.91000366210938,60.6257438659668,17285900,0.0,0.0
2021-09-01,72.36000061035156,72.36000061035156,71.20999908447266,71.30999755859375,60.11989212036133,15114800,0.0,0.0
2021-09-02,71.36000061035156,71.97000122070312,70.91999816894531,71.5,60.280094146728516,13533400,0.0,0.0
2021-09-03,71.62000274658203,71.7300033569336,70.6500015258789,71.16999816894531,60.001861572265625,13683300,0.0,0.0
2021-09-07,71.36000061035156,72.27999877929688,70.70999908447266,70.81999969482422,59.70680618286133,14663600,0.0,0.0
2021-09-08,70.87000274658203,71.22000122070312,69.87999725341797,70.04000091552734,59.0491943359375,14861800,0.0,0.0
2021-09-09,69.97000122070312,71.0999984741211,69.91000366210938,70.45999908447266,59.40329360961914,14212900,0.0,0.0
2021-09-10,70.93000030517578,70.98999786376953,69.5199966430664,69.56999969482422,58.65293884277344,15422800,0.0,0.0
2021-09-13,70.12000274658203,70.66000366210938,69.76000213623047,70.5199966430664,59.453887939453125,16337300,0.0,0.0
2021-09-14,70.83999633789062,71.37999725341797,68.5199966430664,68.77999877929688,57.98691940307617,26568900,0.0,0.0
2021-09-15,68.81999969482422,70.87000274658203,68.62000274658203,70.44999694824219,59.39485549926758,22392100,0.0,0.0
2021-09-16,71.02999877929688,71.18000030517578,69.98999786376953,70.0,59.015464782714844,19245400,0.0,0.0
2021-09-17,69.7699966430664,70.58000183105469,69.66000366210938,69.95999908447266,58.98173904418945,30768300,0.0,0.0
2021-09-20,68.05000305175781,68.16999816894531,65.97000122070312,67.30000305175781,56.739158630371094,36955400,0.0,0.0
2021-09-21,67.6500015258789,67.73999786376953,66.5199966430664,66.94000244140625,56.43566131591797,21169900,0.0,0.0
2021-09-22,67.88999938964844,69.16999816894531,67.79000091552734,68.23999786376953,57.531646728515625,21160200,0.0,0.0
2021-09-23,69.20999908447266,71.38999938964844,69.0,70.87999725341797,59.75737380981445,21451500,0.0,0.0
2021-09-24,70.70999908447266,71.58000183105469,70.70999908447266,71.18000030517578,60.01030731201172,15788400,0.0,0.0
2021-09-27,71.8499984741211,72.61000061035156,71.75,72.26000213623047,60.92083740234375,19857500,0.0,0.0
2021-09-28,72.47000122070312,73.27999877929688,71.23999786376953,71.37000274658203,60.17048645019531,20835000,0.0,0.0
2021-09-29,71.69000244140625,71.81999969482422,70.9800033569336,71.52999877929688,60.30537796020508,13683900,0.0,0.0
2021-09-30,71.62999725341797,71.69999694824219,69.94999694824219,70.18000030517578,59.16722869873047,22090900,0.0,0.0
2021-10-01,70.44000244140625,71.68000030517578,70.08999633789062,71.18000030517578,60.01030731201172,23701900,0.0,0.0
2021-10-04,71.08000183105469,72.9800033569336,70.8499984741211,71.29000091552734,60.1030387878418,18957200,0.0,0.0
2021-10-05,71.76000213623047,72.93000030517578,71.33000183105469,72.52999877929688,61.148460388183594,15587200,0.0,0.0
2021-10-06,71.91999816894531,72.61000061035156,71.0199966430664,72.41999816894531,61.05570983886719,15997200,0.0,0.0
2021-10-07,73.01000213623047,73.3499984741211,72.05000305175781,72.19000244140625,60.86180877685547,15349900,0.0,0.0
2021-10-08,71.8499984741211,72.80999755859375,71.51000213623047,72.3499984741211,60.99669647216797,11960700,0.0,0.0
2021-10-11,72.69999694824219,73.72000122070312,71.61000061035156,71.68000030517578,60.43182373046875,14985500,0.0,0.0
2021-10-12,71.54000091552734,71.94000244140625,70.44000244140625,70.63999938964844,59.55503463745117,17593400,0.0,0.0
2021-10-13,70.55000305175781,70.58000183105469,68.73999786376953,70.26000213623047,59.234657287597656,23451900,0.0,0.0
2021-10-14,71.06999969482422,71.2699966430664,69.72000122070312,70.80000305175781,59.68992233276367,24707900,0.0,0.0
2021-10-15,71.81999969482422,73.22000122070312,71.51000213623047,72.29000091552734,60.946136474609375,21884500,0.0,0.0
2021-10-18,72.06999969482422,72.55000305175781,71.4000015258789,71.61000061035156,60.37282180786133,15026100,0.0,0.0
2021-10-19,72.25,72.5,71.26000213623047,71.76000213623047,60.49927520751953,15173900,0.0,0.0
2021-10-20,71.55999755859375,72.27999877929688,70.80999755859375,71.81999969482422,60.54985046386719,14350400,0.0,0.0
2021-10-21,71.26000213623047,71.83000183105469,70.01000213623047,70.51000213623047,59.44544219970703,18519000,0.0,0.0
2021-10-22,70.7699966430664,71.88999938964844,70.68000030517578,71.37000274658203,60.17048645019531,14625100,0.0,0.0
2021-10-25,71.58000183105469,71.8499984741211,70.70999908447266,70.83000183105469,59.715206146240234,15103000,0.0,0.0
2021-10-26,71.0,71.61000061035156,70.61000061035156,70.6500015258789,59.563453674316406,18647900,0.0,0.0
2021-10-27,70.51000213623047,70.70999908447266,69.30999755859375,70.30999755859375,59.27684020996094,25475900,0.0,0.0
2021-10-28,70.77999877929688,71.31999969482422,70.27999877929688,70.87999725341797,59.75737380981445,16367800,0.0,0.0
2021-10-29,70.4800033569336,70.61000061035156,68.97000122070312,69.16000366210938,58.72986602783203,22403000,0.51,0.0
2021-11-01,69.93000030517578,69.93000030517578,69.02999877929688,69.61000061035156,59.11198806762695,19106600,0.0,0.0
2021-11-02,69.52999877929688,69.62999725341797,68.54000091552734,68.5999984741211,58.254302978515625,25539000,0.0,0.0
2021-11-03,68.30000305175781,69.58000183105469,68.08999633789062,69.0,58.593990325927734,21755600,0.0,0.0
2021-11-04,68.75,68.7699966430664,66.5199966430664,67.0,56.895599365234375,32148900,0.0,0.0
2021-11-05,67.81999969482422,67.98999786376953,66.94999694824219,66.98999786376953,56.88711166381836,20902600,0.0,0.0
2021-11-08,67.88999938964844,69.0199966430664,67.37000274658203,68.44999694824219,58.12692642211914,25122000,0.0,0.0
2021-11-09,67.77999877929688,68.25,67.44000244140625,67.98999786376953,57.736305236816406,18513000,0.0,0.0
2021-11-10,68.12000274658203,68.44000244140625,67.70999908447266,68.20999908447266,57.92313766479492,19290200,0.0,0.0
2021-11-11,68.26000213623047,69.18000030517578,68.16999816894531,68.87000274658203,58.48360061645508,20296200,0.0,0.0
2021-11-12,69.0,69.16999816894531,68.30000305175781,69.16000366210938,58.72986602783203,13867400,0.0,0.0
2021-11-15,69.43000030517578,69.66999816894531,68.54000091552734,68.73999786376953,58.37318801879883,12965100,0.0,0.0
2021-11-16,68.77999877929688,68.77999877929688,67.30000305175781,67.73999786376953,57.524009704589844,19042800,0.0,0.0
2021-11-17,67.66000366210938,67.69000244140625,66.7699966430664,66.8499984741211,56.76823043823242,16468300,0.0,0.0
2021-11-18,66.70999908447266,67.1500015258789,66.19999694824219,67.11000061035156,56.98903274536133,14994700,0.0,0.0
2021-11-19,66.12000274658203,66.41999816894531,65.2300033569336,66.33999633789062,56.33515167236328,19766900,0.0,0.0
2021-11-22,67.95999908447266,68.11000061035156,66.80000305175781,67.04000091552734,56.9295768737793,24020500,0.0,0.0
2021-11-23,67.56999969482422,68.37000274658203,67.11000061035156,68.06999969482422,57.80424118041992,18142200,0.0,0.0
2021-11-24,68.0,68.05999755859375,67.2300033569336,67.27999877929688,57.13339614868164,14975500,0.0,0.0
2021-11-26,65.01000213623047,65.73999786376953,63.810001373291016,65.5,55.621829986572266,24542000,0.0,0.0
2021-11-29,65.98999786376953,66.29000091552734,64.45999908447266,65.04000091552734,55.231201171875,24340700,0.0,0.0
2021-11-30,64.31999969482422,64.80999755859375,63.36000061035156,63.70000076293945,54.09329605102539,35574000,0.0,0.0
2021-12-01,64.66000366210938,65.08999633789062,62.5,62.52000045776367,53.091251373291016,27379200,0.0,0.0
2021-12-02,63.34000015258789,64.2699966430664,62.7599983215332,63.810001373291016,54.18669891357422,24890700,0.0,0.0
2021-12-03,63.7400016784668,64.12000274658203,62.43000030517578,62.7599983215332,53.295047760009766,25458700,0.0,0.0
2021-12-06,62.939998626708984,63.56999969482422,62.13999938964844,62.52000045776367,53.091251373291016,25105500,0.0,0.0
2021-12-07,62.95000076293945,63.349998474121094,62.31999969482422,62.900001525878906,53.413944244384766,28301200,0.0,0.0
2021-12-08,63.02000045776367,63.15999984741211,62.349998474121094,62.459999084472656,53.04029846191406,20697200,0.0,0.0
2021-12-09,61.869998931884766,62.5,60.849998474121094,62.13999938964844,52.76856231689453,29960500,0.0,0.0
2021-12-10,61.68000030517578,62.2599983215332,60.20000076293945,60.709999084472656,51.5542106628418,39726500,0.0,0.0
2021-12-13,60.4900016784668,60.869998931884766,59.779998779296875,60.18000030517578,51.10415267944336,20489500,0.0,0.0
2021-12-14,60.45000076293945,61.31999969482422,60.380001068115234,60.63999938964844,51.49478530883789,19571100,0.0,0.0
2021-12-15,60.939998626708984,61.0099983215332,59.540000915527344,60.2400016784668,51.15509796142578,33861300,0.0,0.0
2021-12-16,61.099998474121094,61.90999984741211,60.81999969482422,61.06999969482422,51.85992431640625,25688300,0.0,0.0
2021-12-17,60.27000045776367,60.5,58.959999084472656,59.540000915527344,50.560665130615234,47383500,0.0,0.0
2021-12-20,58.599998474121094,58.72999954223633,57.59000015258789,58.279998779296875,49.49068832397461,31619600,0.0,0.0
2021-12-21,58.7400016784668,59.86000061035156,58.650001525878906,59.380001068115234,50.424800872802734,23175100,0.0,0.0
2021-12-22,59.310001373291016,59.939998626708984,59.099998474121094,59.599998474121094,50.61161804199219,14760600,0.0,0.0
2021-12-23,59.9900016784668,60.779998779296875,59.95000076293945,60.209999084472656,51.12961959838867,15223300,0.0,0.0
2021-12-27,60.400001525878906,60.939998626708984,60.0,60.650001525878906,51.503265380859375,14035400,0.0,0.0
2021-12-28,60.439998626708984,61.33000183105469,60.310001373291016,60.619998931884766,51.4777946472168,12697900,0.0,0.0
2021-12-29,60.810001373291016,60.97999954223633,60.27000045776367,60.540000915527344,51.409854888916016,13284000,0.0,0.0
2021-12-30,60.619998931884766,61.06999969482422,60.38999938964844,60.43000030517578,51.31644821166992,11380500,0.0,0.0
2021-12-31,60.43000030517578,60.7599983215332,60.119998931884766,60.38999938964844,51.282474517822266,12307200,0.0,0.0
2022-01-03,61.18000030517578,63.61000061035156,61.11000061035156,63.099998474121094,53.58377456665039,30508500,0.0,0.0
2022-01-04,64.05999755859375,64.7300033569336,63.540000915527344,63.59000015258789,53.9998893737793,30303600,0.0,0.0
2022-01-05,64.0999984741211,64.41000366210938,62.779998779296875,62.849998474121094,53.37147903442383,25149100,0.0,0.0
2022-01-06,64.22000122070312,65.30999755859375,63.5099983215332,64.91000366210938,55.12081527709961,33334200,0.0,0.0
2022-01-07,65.18000030517578,66.55000305175781,65.18000030517578,65.77999877929688,55.85960388183594,26548200,0.0,0.0
2022-01-10,66.45999908447266,66.9800033569336,65.22000122070312,66.02999877929688,56.07189178466797,28693700,0.0,0.0
2022-01-11,66.37999725341797,67.27999877929688,66.16999816894531,67.11000061035156,56.98903274536133,23453000,0.0,0.0
2022-01-12,67.77999877929688,68.6500015258789,66.91999816894531,67.27999877929688,57.13339614868164,27976200,0.0,0.0
2022-01-13,67.52999877929688,68.44000244140625,67.0199966430664,67.77999877929688,57.55796813964844,29222000,0.0,0.0
2022-01-14,65.36000061035156,67.08000183105469,65.08000183105469,66.93000030517578,56.836177825927734,35994400,0.0,0.0
2022-01-18,66.69000244140625,66.83999633789062,65.0999984741211,65.30000305175781,55.451988220214844,26353600,0.0,0.0
2022-01-19,65.66000366210938,65.66000366210938,63.970001220703125,64.23999786376953,54.55185317993164,22817100,0.0,0.0
2022-01-20,64.29000091552734,65.44999694824219,63.70000076293945,64.45999908447266,54.73867416381836,22794100,0.0,0.0
2022-01-21,63.9900016784668,64.44999694824219,62.75,63.27000045776367,53.72814178466797,28637900,0.0,0.0
2022-01-24,61.5099983215332,62.79999923706055,60.029998779296875,62.70000076293945,53.244102478027344,38601700,0.0,0.0
2022-01-25,61.970001220703125,64.45999908447266,61.130001068115234,64.11000061035156,54.44145584106445,34371100,0.0,0.0
2022-01-26,64.69999694824219,65.77999877929688,63.869998931884766,64.75,54.98493957519531,31803400,0.0,0.0
2022-01-27,65.22000122070312,65.8499984741211,63.900001525878906,64.1500015258789,54.47542953491211,24674000,0.0,0.0
2022-01-28,63.619998931884766,64.70999908447266,62.83000183105469,64.69000244140625,54.933998107910156,20953500,0.0,0.0
2022-01-31,64.01000213623047,65.25,63.599998474121094,65.12000274658203,55.29912567138672,23067400,0.0,0.0
2022-02-01,65.44000244140625,66.69000244140625,65.04000091552734,66.55999755859375,56.52196502685547,26868400,0.0,0.0
2022-02-02,66.3499984741211,66.80000305175781,65.58000183105469,66.2300033569336,56.24173355102539,18194200,0.0,0.0
2022-02-03,66.26000213623047,66.37999725341797,65.02999877929688,65.26000213623047,55.41802215576172,18219100,0.0,0.0
2022-02-04,65.04000091552734,66.66000366210938,64.83999633789062,66.08000183105469,56.55633544921875,23267900,0.51,0.0
2022-02-07,66.08999633789062,66.79000091552734,65.5,66.36000061035156,56.795982360839844,20081600,0.0,0.0
2022-02-08,67.05999755859375,67.97000122070312,66.5999984741211,67.12000274658203,57.44646072387695,23191000,0.0,0.0
2022-02-09,67.41000366210938,68.19000244140625,67.13999938964844,67.83999633789062,58.062679290771484,20902700,0.0,0.0
2022-02-10,67.94999694824219,68.55000305175781,67.22000122070312,67.5,57.77168273925781,22522300,0.0,0.0
2022-02-11,67.25,69.11000061035156,66.5999984741211,67.1500015258789,57.47213363647461,27226700,0.0,0.0
2022-02-14,66.87000274658203,67.22000122070312,65.81999969482422,66.45999908447266,56.88156509399414,24544000,0.0,0.0
2022-02-15,67.16000366210938,67.4800033569336,66.52999877929688,67.0,57.34373474121094,15487600,0.0,0.0
2022-02-16,66.54000091552734,67.43000030517578,66.43000030517578,66.94999694824219,57.30095291137695,13067400,0.0,0.0
2022-02-17,66.33000183105469,66.63999938964844,64.20999908447266,64.70999908447266,55.383785247802734,23150000,0.0,0.0
2022-02-18,64.11000061035156,64.97000122070312,63.70000076293945,64.13999938964844,54.89593505859375,18114800,0.0,0.0
2022-02-22,63.06999969482422,64.36000061035156,63.06999969482422,63.88999938964844,54.681968688964844,19057000,0.0,0.0
2022-02-23,64.41999816894531,64.76000213623047,63.040000915527344,63.220001220703125,54.10852813720703,17563500,0.0,0.0
2022-02-24,60.4900016784668,61.060001373291016,58.369998931884766,60.66999816894531,51.92604064941406,46453500,0.0,0.0
2022-02-25,61.310001373291016,62.88999938964844,61.0099983215332,61.97999954223633,53.047245025634766,30518900,0.0,0.0
2022-02-28,59.93000030517578,60.41999816894531,58.400001525878906,59.22999954223633,50.69358825683594,48212900,0.0,0.0
2022-03-01,58.38999938964844,59.31999969482422,57.91999816894531,58.59000015258789,50.145816802978516,51389000,0.0,0.0
2022-03-02,56.970001220703125,59.86000061035156,55.93000030517578,59.560001373291016,50.97602462768555,60206500,0.0,0.0
2022-03-03,58.75,58.9900016784668,56.9900016784668,57.619998931884766,49.31562042236328,54027300,0.0,0.0
2022-03-04,55.90999984741211,56.65999984741211,55.189998626708984,56.59000015258789,48.43407440185547,54263000,0.0,0.0
2022-03-07,55.029998779296875,56.27000045776367,54.06999969482422,55.54999923706055,47.543949127197266,49710700,0.0,0.0
2022-03-08,56.560001373291016,57.290000915527344,54.7599983215332,54.869998931884766,46.96195983886719,43858100,0.0,0.0
2022-03-09,56.900001525878906,57.279998779296875,55.810001373291016,55.95000076293945,47.88631057739258,32757100,0.0,0.0
2022-03-10,55.02000045776367,55.369998931884766,53.95000076293945,54.880001068115234,46.97052001953125,31942500,0.0,0.0
2022-03-11,55.369998931884766,55.689998626708984,54.06999969482422,54.15999984741211,46.354286193847656,20550900,0.0,0.0
2022-03-14,54.70000076293945,55.27000045776367,53.83000183105469,54.22999954223633,46.4141960144043,25046000,0.0,0.0
2022-03-15,54.459999084472656,55.619998931884766,54.349998474121094,55.11000061035156,47.16737747192383,20747100,0.0,0.0
2022-03-16,56.02000045776367,57.540000915527344,55.970001220703125,56.79999923706055,48.61379623413086,31659800,0.0,0.0
2022-03-17,55.709999084472656,57.29999923706055,55.029998779296875,57.290000915527344,49.03318405151367,21432300,0.0,0.0
2022-03-18,56.939998626708984,57.630001068115234,56.72999954223633,57.349998474121094,49.08453369140625,30900500,0.0,0.0
2022-03-21,57.83000183105469,57.83000183105469,56.75,56.97999954223633,48.76785659790039,21661200,0.0,0.0
2022-03-22,57.81999969482422,58.25,57.310001373291016,57.5,49.212921142578125,23407400,0.0,0.0
2022-03-23,57.119998931884766,57.5,56.0,56.349998474121094,48.228660583496094,23070200,0.0,0.0
2022-03-24,56.61000061035156,56.63999938964844,56.20000076293945,56.41999816894531,48.28856658935547,16770200,0.0,0.0
2022-03-25,56.529998779296875,57.22999954223633,56.439998626708984,56.7400016784668,48.56245422363281,21206300,0.0,0.0
2022-03-28,56.20000076293945,56.279998779296875,54.72999954223633,55.91999816894531,47.860626220703125,25546300,0.0,0.0
2022-03-29,57.279998779296875,57.400001525878906,56.130001068115234,56.470001220703125,48.331363677978516,21463500,0.0,0.0
2022-03-30,56.0099983215332,56.45000076293945,54.54999923706055,54.970001220703125,47.047550201416016,32222400,0.0,0.0
2022-03-31,54.5099983215332,54.86000061035156,53.36000061035156,53.400001525878906,45.70382308959961,29202400,0.0,0.0
2022-04-01,53.470001220703125,53.7400016784668,51.77000045776367,52.33000183105469,44.78803253173828,40073100,0.0,0.0
2022-04-04,52.25,53.0,51.65999984741211,52.79999923706055,45.1902961730957,29296200,0.0,0.0
2022-04-05,52.060001373291016,52.47999954223633,51.41999816894531,51.58000183105469,44.14612579345703,23065500,0.0,0.0
2022-04-06,51.0099983215332,51.09000015258789,50.400001525878906,50.529998779296875,43.24745178222656,25196600,0.0,0.0
2022-04-07,50.560001373291016,50.61000061035156,49.040000915527344,50.029998779296875,42.81951141357422,28689900,0.0,0.0
2022-04-08,49.84000015258789,51.29999923706055,49.83000183105469,50.880001068115234,43.5470085144043,26853300,0.0,0.0
2022-04-11,50.790000915527344,52.25,50.380001068115234,50.54999923706055,43.26457214355469,20895700,0.0,0.0
2022-04-12,50.599998474121094,51.119998931884766,50.04999923706055,50.34000015258789,43.084835052490234,18755500,0.0,0.0
2022-04-13,49.279998779296875,50.18000030517578,49.20000076293945,50.150001525878906,42.92222213745117,21194200,0.0,0.0
2022-04-14,50.65999984741211,51.900001525878906,50.279998779296875,50.93000030517578,43.58980178833008,34043100,0.0,0.0
2022-04-18,50.84000015258789,53.209999084472656,50.779998779296875,52.310001373291016,44.77091979980469,28396300,0.0,0.0
2022-04-19,52.72999954223633,53.18000030517578,52.5,52.91999816894531,45.292991638183594,19996800,0.0,0.0
2022-04-20,53.400001525878906,53.97999954223633,52.88999938964844,53.099998474121094,45.44705581665039,20532800,0.0,0.0
2022-04-21,53.540000915527344,53.77000045776367,52.52000045776367,52.630001068115234,45.044795989990234,15952900,0.0,0.0
2022-04-22,52.439998626708984,52.599998474121094,51.16999816894531,51.22999954223633,43.84657669067383,23073900,0.0,0.0
2022-04-25,50.779998779296875,51.2400016784668,49.68000030517578,51.130001068115234,43.760990142822266,22079300,0.0,0.0
2022-04-26,50.529998779296875,51.599998474121094,50.220001220703125,50.22999954223633,42.99068832397461,18335800,0.0,0.0
2022-04-27,49.7599983215332,50.619998931884766,49.540000915527344,49.599998474121094,42.45149612426758,24707500,0.0,0.0
2022-04-28,49.90999984741211,50.029998779296875,49.0099983215332,50.02000045776367,42.810951232910156,20112100,0.0,0.0
2022-04-29,49.65999984741211,49.90999984741211,48.04999923706055,48.209999084472656,41.686859130859375,21844900,0.51,0.0
2022-05-02,48.459999084472656,48.86000061035156,47.779998779296875,48.709999084472656,42.119197845458984,25904000,0.0,0.0
2022-05-03,49.33000183105469,50.810001373291016,49.08000183105469,50.099998474121094,43.32112121582031,25374500,0.0,0.0
2022-05-04,50.16999816894531,52.400001525878906,50.040000915527344,52.22999954223633,45.16291809082031,26643600,0.0,0.0
2022-05-05,51.439998626708984,52.130001068115234,50.689998626708984,51.310001373291016,44.36740493774414,25756000,0.0,0.0
2022-05-06,51.2400016784668,52.0,50.58000183105469,51.619998931884766,44.635459899902344,25912900,0.0,0.0
2022-05-09,50.9900016784668,51.220001220703125,49.59000015258789,49.88999938964844,43.13954162597656,28888400,0.0,0.0
2022-05-10,50.540000915527344,50.689998626708984,47.65999984741211,48.75,42.153785705566406,31054700,0.0,0.0
2022-05-11,48.95000076293945,49.939998626708984,47.560001373291016,47.65999984741211,41.21126937866211,30179000,0.0,0.0
2022-05-12,47.2599983215332,47.400001525878906,45.400001525878906,46.560001373291016,40.26011276245117,36301500,0.0,0.0
2022-05-13,46.810001373291016,47.849998474121094,46.810001373291016,47.63999938964844,41.1939811706543,21739400,0.0,0.0
2022-05-16,47.59000015258789,48.06999969482422,47.0,47.459999084472656,41.038333892822266,16919100,0.0,0.0
2022-05-17,49.84000015258789,51.61000061035156,49.70000076293945,51.04999923706055,44.142581939697266,46643400,0.0,0.0
2022-05-18,50.72999954223633,51.060001373291016,49.0099983215332,49.31999969482422,42.646663665771484,32181600,0.0,0.0
2022-05-19,48.65999984741211,50.29999923706055,48.59000015258789,49.779998779296875,43.04442596435547,27279400,0.0,0.0
2022-05-20,50.2599983215332,50.72999954223633,48.5099983215332,49.75,43.01848220825195,29025500,0.0,0.0
2022-05-23,51.349998474121094,53.599998474121094,51.150001525878906,52.77000045776367,45.629859924316406,35166800,0.0,0.0
2022-05-24,52.470001220703125,53.0099983215332,51.4900016784668,52.68000030517578,45.552032470703125,24344800,0.0,0.0
2022-05-25,52.560001373291016,53.119998931884766,52.02000045776367,52.70000076293945,45.56932830810547,23507900,0.0,0.0
2022-05-26,53.459999084472656,54.25,53.16999816894531,54.09000015258789,46.77124786376953,19140700,0.0,0.0
2022-05-27,54.0,54.0,53.040000915527344,53.619998931884766,46.364845275878906,19509300,0.0,0.0
2022-05-31,53.029998779296875,53.86000061035156,52.439998626708984,53.40999984741211,46.183265686035156,25805400,0.0,0.0
2022-06-01,53.5,53.7400016784668,51.72999954223633,52.38999938964844,45.301273345947266,23902000,0.0,0.0
2022-06-02,52.400001525878906,52.5,51.599998474121094,52.43000030517578,45.33585739135742,17473600,0.0,0.0
2022-06-03,52.06999969482422,52.33000183105469,51.220001220703125,51.33000183105469,44.38470458984375,16550000,0.0,0.0
2022-06-06,51.79999923706055,52.56999969482422,51.369998931884766,51.400001525878906,44.44522476196289,18473200,0.0,0.0
2022-06-07,51.029998779296875,52.22999954223633,50.83000183105469,52.099998474121094,45.050506591796875,15528800,0.0,0.0
2022-06-08,51.70000076293945,52.11000061035156,51.060001373291016,51.40999984741211,44.45387268066406,13207700,0.0,0.0
2022-06-09,51.540000915527344,51.599998474121094,49.959999084472656,49.970001220703125,43.20872116088867,14272900,0.0,0.0
2022-06-10,48.720001220703125,49.150001525878906,47.369998931884766,47.709999084472656,41.25450897216797,28910800,0.0,0.0
2022-06-13,46.65999984741211,47.0099983215332,45.400001525878906,45.689998626708984,39.5078239440918,30308400,0.0,0.0
2022-06-14,46.189998626708984,46.72999954223633,45.54999923706055,45.959999084472656,39.74129867553711,25223600,0.0,0.0
2022-06-15,46.470001220703125,48.18000030517578,46.45000076293945,47.58000183105469,41.14210510253906,30001500,0.0,0.0
2022-06-16,46.79999923706055,47.189998626708984,45.959999084472656,46.88999938964844,40.54546356201172,24744900,0.0,0.0
2022-06-17,47.119998931884766,47.290000915527344,45.9900016784668,46.52000045776367,40.22552490234375,35111400,0.0,0.0
2022-06-21,47.959999084472656,48.34000015258789,47.52000045776367,47.959999084472656,41.47068405151367,20289700,0.0,0.0
2022-06-22,47.33000183105469,47.9900016784668,46.939998626708984,47.20000076293945,40.813514709472656,19752800,0.0,0.0
2022-06-23,46.869998931884766,46.90999984741211,45.59000015258789,46.349998474121094,40.07852554321289,24137200,0.0,0.0
2022-06-24,45.560001373291016,48.2599983215332,45.529998779296875,47.86000061035156,41.38421630859375,27322600,0.0,0.0
2022-06-27,48.060001373291016,48.400001525878906,47.25,47.83000183105469,41.3582763671875,21198200,0.0,0.0
2022-06-28,48.400001525878906,49.11000061035156,46.939998626708984,47.209999084472656,40.82215881347656,21643600,0.0,0.0
2022-06-29,47.2599983215332,47.79999923706055,46.630001068115234,47.099998474121094,40.72705078125,20981000,0.0,0.0
2022-06-30,46.220001220703125,46.709999084472656,45.2599983215332,45.9900016784668,39.76722717285156,21207900,0.0,0.0
2022-07-01,45.7400016784668,47.040000915527344,45.34000015258789,46.869998931884766,40.52815628051758,16539600,0.0,0.0
2022-07-05,45.689998626708984,46.650001525878906,44.93000030517578,46.61000061035156,40.3033447265625,19156800,0.0,0.0
2022-07-06,46.29999923706055,46.68000030517578,45.459999084472656,46.150001525878906,39.90558624267578,14952800,0.0,0.0
2022-07-07,46.90999984741211,47.29999923706055,46.61000061035156,46.93000030517578,40.58005142211914,15598900,0.0,0.0
2022-07-08,47.2599983215332,47.560001373291016,46.58000183105469,46.81999969482422,40.48493194580078,11789900,0.0,0.0
2022-07-11,46.41999816894531,46.79999923706055,46.09000015258789,46.189998626708984,39.9401741027832,12778200,0.0,0.0
2022-07-12,45.58000183105469,46.93000030517578,45.5,46.130001068115234,39.88829803466797,16966700,0.0,0.0
2022-07-13,45.70000076293945,45.779998779296875,44.65999984741211,45.5,39.343536376953125,21793600,0.0,0.0
2022-07-14,44.47999954223633,44.47999954223633,43.439998626708984,44.13999938964844,38.16755676269531,27337600,0.0,0.0
2022-07-15,47.0,50.619998931884766,46.189998626708984,49.97999954223633,43.21736526489258,86566200,0.0,0.0
2022-07-18,50.65999984741211,51.5,49.72999954223633,50.06999969482422,43.29518127441406,26042500,0.0,0.0
2022-07-19,50.880001068115234,52.40999984741211,50.83000183105469,52.130001068115234,45.07645797729492,28113600,0.0,0.0
2022-07-20,51.5,52.45000076293945,51.45000076293945,52.45000076293945,45.35315704345703,24546500,0.0,0.0
2022-07-21,52.11000061035156,52.630001068115234,51.790000915527344,52.59000015258789,45.47420883178711,18261900,0.0,0.0
2022-07-22,52.52000045776367,53.02000045776367,51.4900016784668,51.90999984741211,44.88622283935547,14903400,0.0,0.0
2022-07-25,52.43000030517578,53.150001525878906,52.06999969482422,52.15999984741211,45.10239791870117,16794700,0.0,0.0
2022-07-26,51.77000045776367,52.79999923706055,51.2400016784668,51.400001525878906,44.44522476196289,18960800,0.0,0.0
2022-07-27,51.70000076293945,52.709999084472656,51.31999969482422,52.349998474121094,45.26668930053711,17087300,0.0,0.0
2022-07-28,52.09000015258789,52.720001220703125,51.310001373291016,52.22999954223633,45.16291809082031,12729200,0.0,0.0
2022-07-29,51.720001220703125,52.25,51.5,51.900001525878906,45.320106506347656,16783500,0.51,0.0
2022-08-01,51.4900016784668,52.209999084472656,51.13999938964844,51.91999816894531,45.33756637573242,13051800,0.0,0.0
2022-08-02,51.7599983215332,52.099998474121094,50.72999954223633,50.75,44.3159065246582,17378500,0.0,0.0
2022-08-03,51.2400016784668,51.779998779296875,50.83000183105469,51.61000061035156,45.06687545776367,13570600,0.0,0.0
2022-08-04,51.560001373291016,51.75,51.06999969482422,51.2599983215332,44.7612419128418,10152200,0.0,0.0
2022-08-05,51.119998931884766,52.34000015258789,50.90999984741211,51.65999984741211,45.11052703857422,13868800,0.0,0.0
2022-08-08,51.970001220703125,52.15999984741211,51.40999984741211,51.470001220703125,44.944610595703125,11594400,0.0,0.0
2022-08-09,51.63999938964844,52.11000061035156,51.41999816894531,52.09000015258789,45.48601150512695,9739300,0.0,0.0
2022-08-10,52.810001373291016,54.400001525878906,52.7400016784668,53.189998626708984,46.446556091308594,32416200,0.0,0.0
2022-08-11,53.900001525878906,54.470001220703125,53.75,54.0,47.15386199951172,13450300,0.0,0.0
2022-08-12,54.18000030517578,54.400001525878906,53.630001068115234,54.380001068115234,47.485687255859375,15493600,0.0,0.0
2022-08-15,53.75,54.189998626708984,53.470001220703125,54.06999969482422,47.214988708496094,11595200,0.0,0.0
2022-08-16,53.810001373291016,54.560001373291016,53.7400016784668,54.18000030517578,47.31104278564453,14708000,0.0,0.0
2022-08-17,53.41999816894531,54.02000045776367,53.29999923706055,53.7599983215332,46.94429016113281,13370800,0.0,0.0
2022-08-18,53.599998474121094,53.720001220703125,53.040000915527344,53.54999923706055,46.76091384887695,10573300,0.0,0.0
2022-08-19,53.150001525878906,53.40999984741211,52.369998931884766,52.61000061035156,45.94008255004883,14798800,0.0,0.0
2022-08-22,51.560001373291016,51.77000045776367,50.9900016784668,51.25,44.75251007080078,16749600,0.0,0.0
2022-08-23,51.2599983215332,51.68000030517578,50.86000061035156,50.95000076293945,44.49054718017578,11126100,0.0,0.0
2022-08-24,50.93000030517578,51.290000915527344,50.630001068115234,51.0099983215332,44.54292678833008,11159300,0.0,0.0
2022-08-25,51.209999084472656,52.25,51.06999969482422,52.060001373291016,45.45981979370117,12569000,0.0,0.0
2022-08-26,52.279998779296875,52.34000015258789,49.75,49.779998779296875,43.46887969970703,20049700,0.0,0.0
2022-08-29,49.66999816894531,49.720001220703125,49.029998779296875,49.369998931884766,43.1108512878418,15103100,0.0,0.0
2022-08-30,49.84000015258789,49.84000015258789,48.70000076293945,49.08000183105469,42.85762405395508,16735500,0.0,0.0
2022-08-31,49.279998779296875,49.54999923706055,48.66999816894531,48.810001373291016,42.621856689453125,16582100,0.0,0.0
2022-09-01,48.77000045776367,48.77000045776367,47.810001373291016,48.75,42.569454193115234,14470900,0.0,0.0
2022-09-02,49.310001373291016,50.150001525878906,48.619998931884766,48.84000015258789,42.648048400878906,15568100,0.0,0.0
2022-09-06,48.970001220703125,49.099998474121094,47.619998931884766,48.220001220703125,42.106651306152344,15544500,0.0,0.0
2022-09-07,47.7400016784668,48.7400016784668,47.599998474121094,48.630001068115234,42.46467971801758,15413900,0.0,0.0
2022-09-08,48.400001525878906,49.95000076293945,48.119998931884766,49.900001525878906,43.573665618896484,18088800,0.0,0.0
2022-09-09,50.310001373291016,51.0099983215332,50.25,50.66999816894531,44.24604034423828,18711800,0.0,0.0
2022-09-12,51.2599983215332,51.63999938964844,50.70000076293945,50.869998931884766,44.420684814453125,13506500,0.0,0.0
2022-09-13,49.900001525878906,50.20000076293945,48.56999969482422,49.0,42.78776550292969,22148200,0.0,0.0
2022-09-14,49.130001068115234,49.5099983215332,47.70000076293945,48.43000030517578,42.29003143310547,25701700,0.0,0.0
2022-09-15,48.36000061035156,49.25,48.279998779296875,48.439998626708984,42.29875564575195,16556900,0.0,0.0
2022-09-16,47.9900016784668,48.2400016784668,47.470001220703125,48.11000061035156,42.01060485839844,19995600,0.0,0.0
2022-09-19,47.4900016784668,48.47999954223633,47.439998626708984,48.2400016784668,42.12411880493164,14716100,0.0,0.0
2022-09-20,47.81999969482422,47.970001220703125,46.86000061035156,47.25,41.25962829589844,16650200,0.0,0.0
2022-09-21,47.25,47.72999954223633,46.310001373291016,46.33000183105469,40.45626449584961,18641800,0.0,0.0
2022-09-22,46.61000061035156,46.869998931884766,45.4900016784668,45.58000183105469,39.801361083984375,18443100,0.0,0.0
2022-09-23,44.97999954223633,45.11000061035156,43.29999923706055,44.2599983215332,38.648704528808594,30918000,0.0,0.0
2022-09-26,43.689998626708984,44.18000030517578,42.58000183105469,42.9900016784668,37.53971481323242,23684400,0.0,0.0
2022-09-27,43.22999954223633,43.38999938964844,42.08000183105469,42.59000015258789,37.190425872802734,21255500,0.0,0.0
2022-09-28,42.59000015258789,43.619998931884766,42.45000076293945,43.400001525878906,37.89773941040039,19818100,0.0,0.0
2022-09-29,42.900001525878906,43.08000183105469,42.0099983215332,42.38999938964844,37.01578903198242,20982200,0.0,0.0
2022-09-30,42.38999938964844,42.970001220703125,41.61000061035156,41.66999816894531,36.387062072753906,22266400,0.0,0.0
2022-10-03,41.54999923706055,42.91999816894531,41.060001373291016,42.560001373291016,37.16422653198242,22001000,0.0,0.0
2022-10-04,43.56999969482422,44.75,43.470001220703125,44.40999984741211,38.77968978881836,20660000,0.0,0.0
2022-10-05,43.7599983215332,44.0,43.11000061035156,43.84000015258789,38.28195571899414,15458500,0.0,0.0
2022-10-06,43.41999816894531,43.79999923706055,42.790000915527344,43.060001373291016,37.6008415222168,17738400,0.0,0.0
2022-10-07,42.70000076293945,42.790000915527344,41.939998626708984,42.189998626708984,36.84113693237305,18101300,0.0,0.0
2022-10-10,42.4900016784668,42.61000061035156,41.529998779296875,41.599998474121094,36.3259391784668,13768800,0.0,0.0
2022-10-11,41.27000045776367,41.560001373291016,40.41999816894531,40.45000076293945,35.32173538208008,20176100,0.0,0.0
2022-10-12,40.38999938964844,41.36000061035156,40.04999923706055,40.84000015258789,35.66229248046875,20862200,0.0,0.0
2022-10-13,40.20000076293945,43.18000030517578,40.0099983215332,42.95000076293945,37.50478744506836,27964900,0.0,0.0
2022-10-14,43.09000015258789,44.41999816894531,42.79999923706055,43.22999954223633,37.74929428100586,28885100,0.0,0.0
2022-10-17,44.310001373291016,44.43000030517578,43.189998626708984,43.59000015258789,38.06364440917969,20835400,0.0,0.0
2022-10-18,44.65999984741211,44.95000076293945,43.650001525878906,44.150001525878906,38.55264663696289,21302100,0.0,0.0
2022-10-19,43.83000183105469,44.099998474121094,42.88999938964844,43.34000015258789,37.845333099365234,15142800,0.0,0.0
2022-10-20,43.38999938964844,43.939998626708984,42.720001220703125,42.91999816894531,37.47859191894531,15421600,0.0,0.0
2022-10-21,42.939998626708984,44.31999969482422,42.68000030517578,44.2599983215332,38.648704528808594,18783600,0.0,0.0
2022-10-24,44.31999969482422,44.66999816894531,43.970001220703125,44.40999984741211,38.77968978881836,14392300,0.0,0.0
2022-10-25,44.04999923706055,45.59000015258789,43.90999984741211,45.31999969482422,39.574317932128906,20085700,0.0,0.0
2022-10-26,45.5,45.97999954223633,45.220001220703125,45.40999984741211,39.65291213989258,16516200,0.0,0.0
2022-10-27,45.869998931884766,46.13999938964844,45.349998474121094,45.439998626708984,39.67910385131836,15687900,0.0,0.0
2022-10-28,45.560001373291016,46.279998779296875,45.029998779296875,46.130001068115234,40.28163146972656,13457900,0.0,0.0
2022-10-31,45.709999084472656,46.220001220703125,45.56999969482422,45.86000061035156,40.04585266113281,15600400,0.0,0.0
2022-11-01,46.29999923706055,46.47999954223633,46.0,46.220001220703125,40.36021423339844,15505200,0.0,0.0
2022-11-02,46.130001068115234,47.0099983215332,45.540000915527344,45.54999923706055,39.77515411376953,20306800,0.0,0.0
2022-11-03,45.15999984741211,45.40999984741211,44.5099983215332,44.58000183105469,38.92813491821289,16025800,0.0,0.0
2022-11-04,44.61000061035156,45.45000076293945,44.27000045776367,45.130001068115234,39.86445999145508,15204100,0.51,0.0
2022-11-07,45.47999954223633,45.86000061035156,45.209999084472656,45.72999954223633,40.39445114135742,11792300,0.0,0.0
2022-11-08,45.79999923706055,46.529998779296875,45.630001068115234,46.119998931884766,40.738948822021484,16737100,0.0,0.0
2022-11-09,45.72999954223633,45.86000061035156,45.150001525878906,45.36000061035156,40.067626953125,13299000,0.0,0.0
2022-11-10,46.709999084472656,48.7599983215332,46.560001373291016,48.41999816894531,42.77060317993164,27915500,0.0,0.0
2022-11-11,48.5,50.56999969482422,48.439998626708984,50.189998626708984,44.33407974243164,26009200,0.0,0.0
2022-11-14,49.939998626708984,49.97999954223633,49.02000045776367,49.02000045776367,43.300594329833984,19631600,0.0,0.0
2022-11-15,49.83000183105469,50.41999816894531,48.4900016784668,49.029998779296875,43.30942916870117,19839400,0.0,0.0
2022-11-16,48.880001068115234,48.959999084472656,48.13999938964844,48.369998931884766,42.72642517089844,18052100,0.0,0.0
2022-11-17,47.68000030517578,48.2599983215332,47.400001525878906,48.25,42.62042999267578,11962700,0.0,0.0
2022-11-18,48.72999954223633,49.06999969482422,48.15999984741211,48.65999984741211,42.98259353637695,12884300,0.0,0.0
2022-11-21,48.65999984741211,49.040000915527344,48.279998779296875,48.880001068115234,43.17692184448242,9884100,0.0,0.0
2022-11-22,49.13999938964844,49.68000030517578,49.130001068115234,49.33000183105469,43.57442855834961,13132000,0.0,0.0
2022-11-23,49.34000015258789,49.470001220703125,47.849998474121094,48.2400016784668,42.61160659790039,22863300,0.0,0.0
2022-11-25,48.20000076293945,48.529998779296875,48.130001068115234,48.290000915527344,42.65576934814453,6823600,0.0,0.0
2022-11-28,47.90999984741211,48.189998626708984,46.83000183105469,47.22999954223633,41.719444274902344,18987100,0.0,0.0
2022-11-29,47.22999954223633,47.900001525878906,47.209999084472656,47.56999969482422,42.01976776123047,12224700,0.0,0.0
2022-11-30,47.08000183105469,48.43000030517578,46.189998626708984,48.40999984741211,42.76176834106445,23993100,0.0,0.0
2022-12-01,48.279998779296875,48.66999816894531,47.349998474121094,47.779998779296875,42.20527267456055,19797600,0.0,0.0
2022-12-02,47.279998779296875,47.45000076293945,46.810001373291016,47.2400016784668,41.728271484375,12745400,0.0,0.0
2022-12-05,46.939998626708984,47.119998931884766,45.380001068115234,45.63999938964844,40.3149528503418,20397500,0.0,0.0
2022-12-06,45.650001525878906,45.88999938964844,44.20000076293945,44.97999954223633,39.731956481933594,22160800,0.0,0.0
2022-12-07,44.63999938964844,45.45000076293945,44.310001373291016,44.66999816894531,39.45812225341797,20233400,0.0,0.0
2022-12-08,44.849998474121094,45.369998931884766,44.2599983215332,44.689998626708984,39.475799560546875,15622200,0.0,0.0
2022-12-09,44.599998474121094,45.189998626708984,44.54999923706055,44.86000061035156,39.62596130371094,14030600,0.0,0.0
2022-12-12,44.650001525878906,45.79999923706055,44.36000061035156,45.77000045776367,40.42978286743164,19045100,0.0,0.0
2022-12-13,46.84000015258789,47.849998474121094,46.2400016784668,46.59000015258789,41.154117584228516,25655400,0.0,0.0
2022-12-14,46.5099983215332,47.040000915527344,45.720001220703125,45.97999954223633,40.61528396606445,16587500,0.0,0.0
2022-12-15,45.09000015258789,45.2599983215332,44.130001068115234,44.619998931884766,39.413963317871094,20201900,0.0,0.0
2022-12-16,44.20000076293945,44.65999984741211,43.810001373291016,44.349998474121094,39.17545700073242,26955400,0.0,0.0
2022-12-19,44.36000061035156,44.47999954223633,43.47999954223633,43.93000030517578,38.80447006225586,18019100,0.0,0.0
2022-12-20,44.150001525878906,44.54999923706055,43.79999923706055,43.810001373291016,38.69847106933594,14412700,0.0,0.0
2022-12-21,44.209999084472656,44.88999938964844,44.16999816894531,44.810001373291016,39.58180236816406,22492300,0.0,0.0
2022-12-22,44.439998626708984,44.439998626708984,42.90999984741211,43.9900016784668,38.85746765136719,24476100,0.0,0.0
2022-12-23,44.0,44.36000061035156,43.880001068115234,44.2599983215332,39.09596252441406,15143800,0.0,0.0
2022-12-27,44.279998779296875,44.540000915527344,43.970001220703125,44.38999938964844,39.210792541503906,14777800,0.0,0.0
2022-12-28,44.43000030517578,44.869998931884766,44.189998626708984,44.619998931884766,39.413963317871094,12882200,0.0,0.0
2022-12-29,44.84000015258789,45.2400016784668,44.650001525878906,45.15999984741211,39.890953063964844,14124100,0.0,0.0
2022-12-30,44.93000030517578,45.279998779296875,44.7599983215332,45.22999954223633,39.95279312133789,11802800,0.0,0.0
2023-01-03,45.75,46.75,45.540000915527344,45.779998779296875,40.43861770629883,19564000,0.0,0.0
2023-01-04,46.540000915527344,47.540000915527344,46.34000015258789,46.959999084472656,41.48094177246094,21507200,0.0,0.0
2023-01-05,46.70000076293945,46.959999084472656,45.970001220703125,46.75,41.29544448852539,12314900,0.0,0.0
2023-01-06,47.060001373291016,47.689998626708984,46.61000061035156,47.310001373291016,41.79011535644531,16736300,0.0,0.0
2023-01-09,47.88999938964844,48.31999969482422,47.470001220703125,47.540000915527344,41.9932746887207,16745500,0.0,0.0
2023-01-10,47.560001373291016,48.209999084472656,47.20000076293945,48.189998626708984,42.56743240356445,12429900,0.0,0.0
2023-01-11,48.209999084472656,48.7400016784668,47.86000061035156,48.709999084472656,43.02676010131836,17143700,0.0,0.0
2023-01-12,49.060001373291016,49.47999954223633,48.54999923706055,49.09000015258789,43.362422943115234,16287800,0.0,0.0
2023-01-13,48.5099983215332,50.22999954223633,47.7400016784668,49.91999816894531,44.0955810546875,28037000,0.0,0.0
2023-01-17,49.86000061035156,50.7400016784668,49.7400016784668,50.310001373291016,44.44007873535156,28193500,0.0,0.0
2023-01-18,50.2400016784668,50.47999954223633,49.2400016784668,49.43000030517578,43.662757873535156,18952000,0.0,0.0
2023-01-19,48.650001525878906,49.599998474121094,48.470001220703125,49.369998931884766,43.60976028442383,14869100,0.0,0.0
2023-01-20,49.68000030517578,51.11000061035156,49.2599983215332,51.09000015258789,45.12907409667969,19957300,0.0,0.0
2023-01-23,51.04999923706055,52.290000915527344,50.880001068115234,51.97999954223633,45.91523361206055,18531200,0.0,0.0
2023-01-24,51.41999816894531,51.95000076293945,50.41999816894531,51.41999816894531,45.42056655883789,13303200,0.0,0.0
2023-01-25,50.849998474121094,51.939998626708984,50.849998474121094,51.900001525878906,45.84457015991211,20719000,0.0,0.0
2023-01-26,52.08000183105469,52.2599983215332,51.5099983215332,52.189998626708984,46.100730895996094,22393300,0.0,0.0
2023-01-27,51.959999084472656,52.189998626708984,51.65999984741211,51.86000061035156,45.809234619140625,18294000,0.0,0.0
2023-01-30,51.439998626708984,52.040000915527344,51.34000015258789,51.75,45.712066650390625,11126200,0.0,0.0
2023-01-31,51.86000061035156,52.220001220703125,51.630001068115234,52.220001220703125,46.12724304199219,34823400,0.0,0.0
2023-02-01,51.540000915527344,52.7400016784668,51.40999984741211,52.150001525878906,46.065406799316406,22111900,0.0,0.0
2023-02-02,52.58000183105469,53.22999954223633,51.72999954223633,52.220001220703125,46.12724304199219,22331700,0.0,0.0
2023-02-03,51.02000045776367,51.540000915527344,50.529998779296875,50.95000076293945,45.449283599853516,20050600,0.51,0.0
2023-02-06,50.400001525878906,50.9900016784668,49.90999984741211,50.86000061035156,45.36901092529297,16152000,0.0,0.0
2023-02-07,50.75,51.7599983215332,50.59000015258789,51.130001068115234,45.6098518371582,14361000,0.0,0.0
2023-02-08,50.77000045776367,51.5099983215332,50.599998474121094,51.150001525878906,45.627685546875,13242300,0.0,0.0
2023-02-09,51.349998474121094,51.459999084472656,49.86000061035156,49.97999954223633,44.58401107788086,16794900,0.0,0.0
2023-02-10,49.81999969482422,50.189998626708984,49.150001525878906,50.11000061035156,44.69997787475586,16519900,0.0,0.0
2023-02-13,49.9900016784668,51.08000183105469,49.91999816894531,51.0,45.49388885498047,11626900,0.0,0.0
2023-02-14,50.93000030517578,51.75,50.4900016784668,51.61000061035156,46.038028717041016,16283300,0.0,0.0
2023-02-15,50.84000015258789,51.880001068115234,50.810001373291016,51.81999969482422,46.2253532409668,9216600,0.0,0.0
2023-02-16,51.349998474121094,51.83000183105469,51.099998474121094,51.459999084472656,45.90422821044922,9398000,0.0,0.0
2023-02-17,51.2599983215332,51.59000015258789,50.91999816894531,51.41999816894531,45.86853790283203,12297700,0.0,0.0
2023-02-21,50.7400016784668,50.90999984741211,49.43000030517578,49.84000015258789,44.4591178894043,22899200,0.0,0.0
2023-02-22,49.88999938964844,50.47999954223633,49.369998931884766,50.040000915527344,44.63752746582031,14431500,0.0,0.0
2023-02-23,50.34000015258789,50.619998931884766,49.70000076293945,50.380001068115234,44.94082260131836,12550700,0.0,0.0
2023-02-24,50.0,50.34000015258789,49.650001525878906,50.18000030517578,44.762420654296875,14547300,0.0,0.0
2023-02-27,50.5,51.189998626708984,50.38999938964844,50.470001220703125,45.02110290527344,14190200,0.0,0.0
2023-02-28,50.47999954223633,50.869998931884766,50.25,50.689998626708984,45.21734619140625,12932400,0.0,0.0
2023-03-01,50.459999084472656,51.540000915527344,50.29999923706055,51.5,45.93990707397461,15966000,0.0,0.0
2023-03-02,51.18000030517578,51.45000076293945,50.459999084472656,51.400001525878906,45.8506965637207,18104500,0.0,0.0
2023-03-03,51.47999954223633,52.38999938964844,51.47999954223633,52.349998474121094,46.69813537597656,15879900,0.0,0.0
2023-03-06,52.36000061035156,52.45000076293945,52.0099983215332,52.18000030517578,46.54649353027344,12693300,0.0,0.0
2023-03-07,51.79999923706055,52.130001068115234,50.72999954223633,51.08000183105469,45.56525421142578,30953800,0.0,0.0
2023-03-08,51.060001373291016,51.27000045776367,50.29999923706055,50.68000030517578,45.20843505859375,12847700,0.0,0.0
2023-03-09,50.58000183105469,50.83000183105469,48.40999984741211,48.599998474121094,43.35300064086914,29460100,0.0,0.0
2023-03-10,48.08000183105469,49.380001068115234,47.130001068115234,48.34000015258789,43.12106704711914,29770800,0.0,0.0
2023-03-13,47.0,47.2400016784668,44.599998474121094,44.7400016784668,39.90974044799805,50709200,0.0,0.0
2023-03-14,47.209999084472656,47.9900016784668,46.560001373291016,47.400001525878906,42.28254699707031,42165900,0.0,0.0
2023-03-15,45.439998626708984,45.5,44.099998474121094,44.81999969482422,39.9810905456543,41832800,0.0,0.0
2023-03-16,44.65999984741211,46.09000015258789,43.70000076293945,45.619998931884766,40.694725036621094,28877300,0.0,0.0
2023-03-17,44.97999954223633,44.97999954223633,43.81999969482422,44.25,39.47263717651367,37130200,0.0,0.0
2023-03-20,44.709999084472656,45.7400016784668,43.90999984741211,44.09000015258789,39.329917907714844,31899900,0.0,0.0
2023-03-21,45.56999969482422,46.02000045776367,44.95000076293945,45.06999969482422,40.2041130065918,29835600,0.0,0.0
2023-03-22,45.18000030517578,45.310001373291016,43.68000030517578,43.709999084472656,38.990936279296875,21672000,0.0,0.0
2023-03-23,44.310001373291016,44.849998474121094,43.11000061035156,43.45000076293945,38.75901412963867,24112600,0.0,0.0
2023-03-24,42.84000015258789,43.119998931884766,42.0099983215332,43.11000061035156,38.45571517944336,25453900,0.0,0.0
2023-03-27,44.060001373291016,45.0,43.880001068115234,44.779998779296875,39.94541549682617,29335200,0.0,0.0
2023-03-28,44.720001220703125,45.22999954223633,44.4900016784668,45.220001220703125,40.337913513183594,16206000,0.0,0.0
2023-03-29,45.59000015258789,46.0099983215332,45.459999084472656,45.95000076293945,40.989097595214844,15047000,0.0,0.0
2023-03-30,46.47999954223633,46.63999938964844,45.7400016784668,46.06999969482422,41.09614181518555,14226400,0.0,0.0
2023-03-31,46.599998474121094,46.970001220703125,46.33000183105469,46.88999938964844,41.82761764526367,16009200,0.0,0.0
2023-04-03,47.13999938964844,47.4900016784668,46.43000030517578,46.709999084472656,41.66704559326172,16633100,0.0,0.0
2023-04-04,46.900001525878906,47.02000045776367,45.650001525878906,46.09000015258789,41.113983154296875,15542400,0.0,0.0
2023-04-05,45.470001220703125,46.189998626708984,45.310001373291016,45.77000045776367,40.82852554321289,11739100,0.0,0.0
2023-04-06,45.79999923706055,46.209999084472656,45.52000045776367,45.86000061035156,40.9088249206543,11918100,0.0,0.0
2023-04-10,45.790000915527344,46.7599983215332,45.77000045776367,46.52000045776367,41.497562408447266,11777100,0.0,0.0
2023-04-11,46.66999816894531,47.369998931884766,46.59000015258789,47.20000076293945,42.10414505004883,14177300,0.0,0.0
2023-04-12,47.47999954223633,47.63999938964844,46.52000045776367,46.91999816894531,41.8543701171875,14330900,0.0,0.0
2023-04-13,46.900001525878906,47.59000015258789,46.58000183105469,47.29999923706055,42.193355560302734,15578900,0.0,0.0
2023-04-14,48.16999816894531,49.88999938964844,48.02000045776367,49.560001373291016,44.209354400634766,33064500,0.0,0.0
2023-04-17,49.7599983215332,49.810001373291016,49.09000015258789,49.689998626708984,44.325313568115234,19590400,0.0,0.0
2023-04-18,49.93000030517578,50.29999923706055,49.45000076293945,50.08000183105469,44.673221588134766,16616200,0.0,0.0
2023-04-19,49.72999954223633,50.45000076293945,49.380001068115234,50.400001525878906,44.95866394042969,14894000,0.0,0.0
2023-04-20,49.810001373291016,50.04999923706055,49.099998474121094,49.400001525878906,44.06662368774414,20410200,0.0,0.0
2023-04-21,48.959999084472656,49.220001220703125,48.31999969482422,49.029998779296875,43.736568450927734,14377300,0.0,0.0
2023-04-24,49.029998779296875,49.310001373291016,48.75,49.029998779296875,43.736568450927734,11208800,0.0,0.0
2023-04-25,48.5,48.650001525878906,47.720001220703125,47.900001525878906,42.72857666015625,15374000,0.0,0.0
2023-04-26,47.79999923706055,47.86000061035156,46.38999938964844,46.86000061035156,41.80085754394531,16984600,0.0,0.0
2023-04-27,47.040000915527344,47.349998474121094,46.439998626708984,47.029998779296875,41.9525032043457,16541400,0.0,0.0
2023-04-28,46.189998626708984,47.33000183105469,46.040000915527344,47.06999969482422,42.44850158691406,15222100,0.51,0.0
2023-05-01,47.880001068115234,48.380001068115234,47.16999816894531,47.25,42.61082458496094,18314800,0.0,0.0
2023-05-02,46.81999969482422,47.060001373291016,45.560001373291016,46.0,41.48354721069336,19450100,0.0,0.0
2023-05-03,46.130001068115234,46.599998474121094,45.630001068115234,45.66999816894531,41.18595886230469,14533500,0.0,0.0
2023-05-04,45.040000915527344,45.400001525878906,44.08000183105469,44.900001525878906,40.49155807495117,20601800,0.0,0.0
2023-05-05,45.79999923706055,46.5,45.66999816894531,46.31999969482422,41.77214050292969,13384500,0.0,0.0
2023-05-08,46.880001068115234,47.150001525878906,46.27000045776367,46.36000061035156,41.808204650878906,8760900,0.0,0.0
2023-05-09,45.90999984741211,46.7599983215332,45.790000915527344,46.52000045776367,41.95250701904297,10188800,0.0,0.0
2023-05-10,47.150001525878906,47.189998626708984,45.59000015258789,46.369998931884766,41.81722640991211,11840000,0.0,0.0
2023-05-11,45.7400016784668,46.130001068115234,45.43000030517578,46.029998779296875,41.51060485839844,11222800,0.0,0.0
2023-05-12,46.33000183105469,46.380001068115234,45.06999969482422,45.45000076293945,40.98755645751953,12812800,0.0,0.0
2023-05-15,45.689998626708984,46.310001373291016,45.630001068115234,46.04999923706055,41.528648376464844,11911300,0.0,0.0
2023-05-16,45.93000030517578,46.15999984741211,45.2599983215332,45.279998779296875,40.83424377441406,9201200,0.0,0.0
2023-05-17,45.779998779296875,47.11000061035156,45.779998779296875,47.08000183105469,42.457523345947266,16359100,0.0,0.0
2023-05-18,46.97999954223633,46.97999954223633,45.86000061035156,46.38999938964844,41.83525848388672,17618000,0.0,0.0
2023-05-19,46.459999084472656,46.72999954223633,45.619998931884766,45.709999084472656,41.22202682495117,15416200,0.0,0.0
2023-05-22,45.970001220703125,46.099998474121094,45.45000076293945,45.790000915527344,41.2941780090332,14471000,0.0,0.0
2023-05-23,45.84000015258789,46.81999969482422,45.79999923706055,45.90999984741211,41.40239715576172,13797100,0.0,0.0
2023-05-24,45.15999984741211,45.2400016784668,44.209999084472656,44.4900016784668,40.12181854248047,23744900,0.0,0.0
2023-05-25,44.29999923706055,44.79999923706055,43.880001068115234,44.22999954223633,39.8873405456543,18109400,0.0,0.0
2023-05-26,44.459999084472656,44.650001525878906,43.9900016784668,44.599998474121094,40.221012115478516,11962600,0.0,0.0
2023-05-30,44.72999954223633,44.88999938964844,44.25,44.70000076293945,40.31119918823242,12431100,0.0,0.0
2023-05-31,44.20000076293945,44.40999984741211,43.709999084472656,44.31999969482422,39.968505859375,18154100,0.0,0.0
2023-06-01,44.68000030517578,45.349998474121094,44.310001373291016,44.84000015258789,40.43745422363281,15757100,0.0,0.0
2023-06-02,45.470001220703125,46.68000030517578,45.36000061035156,46.31999969482422,41.77214050292969,19455600,0.0,0.0
2023-06-05,46.36000061035156,46.47999954223633,45.810001373291016,46.2400016784668,41.69999313354492,11004700,0.0,0.0
2023-06-06,46.189998626708984,47.5099983215332,46.150001525878906,47.220001220703125,42.58377456665039,14189200,0.0,0.0
2023-06-07,47.470001220703125,48.18000030517578,47.15999984741211,48.0099983215332,43.29621124267578,15457400,0.0,0.0
2023-06-08,47.72999954223633,48.25,47.529998779296875,48.099998474121094,43.37737274169922,12058600,0.0,0.0
2023-06-09,48.099998474121094,48.56999969482422,47.90999984741211,48.29999923706055,43.557735443115234,11744000,0.0,0.0
2023-06-12,48.27000045776367,48.5,47.970001220703125,48.45000076293945,43.69301223754883,13801000,0.0,0.0
2023-06-13,48.45000076293945,49.41999816894531,48.45000076293945,48.689998626708984,43.90944290161133,14062700,0.0,0.0
2023-06-14,48.83000183105469,49.27000045776367,47.560001373291016,48.2400016784668,43.503631591796875,22053000,0.0,0.0
2023-06-15,48.130001068115234,48.59000015258789,47.58000183105469,48.560001373291016,43.792205810546875,14926100,0.0,0.0
2023-06-16,48.84000015258789,48.84000015258789,48.15999984741211,48.189998626708984,43.458534240722656,18223000,0.0,0.0
2023-06-20,47.90999984741211,47.90999984741211,47.08000183105469,47.61000061035156,42.935482025146484,12777700,0.0,0.0
2023-06-21,47.5,47.849998474121094,47.22999954223633,47.40999984741211,42.75511932373047,10550700,0.0,0.0
2023-06-22,47.220001220703125,47.2599983215332,46.43000030517578,46.630001068115234,42.051700592041016,11841900,0.0,0.0
2023-06-23,46.099998474121094,46.25,45.84000015258789,46.02000045776367,41.50159454345703,13249100,0.0,0.0
2023-06-26,46.119998931884766,46.689998626708984,46.0099983215332,46.2400016784668,41.69999313354492,13253900,0.0,0.0
2023-06-27,46.20000076293945,46.61000061035156,45.900001525878906,46.400001525878906,41.84428787231445,11863300,0.0,0.0
2023-06-28,46.369998931884766,46.38999938964844,45.81999969482422,46.22999954223633,41.69096755981445,13394900,0.0,0.0
2023-06-29,46.16999816894531,46.790000915527344,46.0099983215332,46.290000915527344,41.745079040527344,18840800,0.0,0.0
2023-06-30,46.779998779296875,46.79999923706055,46.029998779296875,46.040000915527344,41.519630432128906,15228200,0.0,0.0
2023-07-03,46.08000183105469,47.290000915527344,46.02000045776367,46.7400016784668,42.150901794433594,10159900,0.0,0.0
2023-07-05,46.709999084472656,47.04999923706055,46.40999984741211,46.79999923706055,42.205013275146484,11852900,0.0,0.0
2023-07-06,46.5,46.5,45.11000061035156,45.380001068115234,40.9244270324707,17431400,0.0,0.0
2023-07-07,45.22999954223633,46.349998474121094,45.209999084472656,45.7400016784668,41.249088287353516,13160700,0.0,0.0
2023-07-10,45.599998474121094,46.38999938964844,45.540000915527344,45.66999816894531,41.18595886230469,14307600,0.0,0.0
2023-07-11,45.79999923706055,46.61000061035156,45.630001068115234,46.529998779296875,41.96152114868164,14131700,0.0,0.0
2023-07-12,47.2599983215332,48.27000045776367,47.220001220703125,47.380001068115234,42.728065490722656,17960500,0.0,0.0
2023-07-13,47.560001373291016,47.849998474121094,47.13999938964844,47.68000030517578,42.99861526489258,26210700,0.0,0.0
2023-07-14,48.47999954223633,48.54999923706055,45.689998626708984,45.75,41.25810623168945,38634500,0.0,0.0
2023-07-17,45.810001373291016,46.619998931884766,45.720001220703125,46.2599983215332,41.7180290222168,18521400,0.0,0.0
2023-07-18,46.75,47.65999984741211,46.68000030517578,47.02000045776367,42.40340805053711,24678000,0.0,0.0
2023-07-19,47.08000183105469,47.84000015258789,46.619998931884766,47.52000045776367,42.85432052612305,15789100,0.0,0.0
2023-07-20,47.38999938964844,47.880001068115234,47.22999954223633,47.40999984741211,42.75511932373047,17647200,0.0,0.0
2023-07-21,47.540000915527344,47.599998474121094,46.81999969482422,47.04999923706055,42.43046188354492,18251600,0.0,0.0
2023-07-24,46.97999954223633,47.84000015258789,46.97999954223633,47.65999984741211,42.98057556152344,19006200,0.0,0.0
2023-07-25,47.4900016784668,47.779998779296875,47.060001373291016,47.09000015258789,42.46653366088867,14729900,0.0,0.0
2023-07-26,47.38999938964844,47.75,47.02000045776367,47.4900016784668,42.82726287841797,12267900,0.0,0.0
2023-07-27,47.599998474121094,49.119998931884766,47.439998626708984,47.880001068115234,43.1789665222168,25162700,0.0,0.0
2023-07-28,48.31999969482422,48.36000061035156,47.09000015258789,47.40999984741211,42.75511932373047,20871700,0.0,0.0
2023-07-31,47.59000015258789,48.04999923706055,47.36000061035156,47.65999984741211,42.98057556152344,14377200,0.0,0.0
2023-08-01,47.33000183105469,47.470001220703125,46.810001373291016,47.06999969482422,42.44850158691406,15219100,0.0,0.0
2023-08-02,46.41999816894531,46.68000030517578,45.95000076293945,46.310001373291016,41.763126373291016,13101100,0.0,0.0
2023-08-03,45.970001220703125,46.470001220703125,45.709999084472656,46.209999084472656,41.67293930053711,13467100,0.0,0.0
2023-08-04,45.72999954223633,46.689998626708984,45.560001373291016,45.709999084472656,41.70030212402344,18329500,0.53,0.0
2023-08-07,45.95000076293945,46.2400016784668,45.630001068115234,45.83000183105469,41.809783935546875,16972000,0.0,0.0
2023-08-08,45.02000045776367,45.22999954223633,44.13999938964844,45.15999984741211,41.19854736328125,18524500,0.0,0.0
2023-08-09,45.02000045776367,45.189998626708984,44.40999984741211,44.439998626708984,40.54170608520508,13957100,0.0,0.0
2023-08-10,44.709999084472656,44.9900016784668,44.25,44.34000015258789,40.45048141479492,12112300,0.0,0.0
2023-08-11,44.040000915527344,44.619998931884766,43.97999954223633,44.56999969482422,40.660308837890625,11973200,0.0,0.0
2023-08-14,44.08000183105469,44.40999984741211,43.97999954223633,44.099998474121094,40.231536865234375,14280300,0.0,0.0
2023-08-15,43.650001525878906,43.650001525878906,43.18000030517578,43.209999084472656,39.41960525512695,17125100,0.0,0.0
2023-08-16,43.02000045776367,43.15999984741211,42.56999969482422,42.63999938964844,38.89960479736328,13963600,0.0,0.0
2023-08-17,42.84000015258789,43.08000183105469,42.09000015258789,42.459999084472656,38.73539352416992,16123600,0.0,0.0
2023-08-18,42.150001525878906,42.79999923706055,42.09000015258789,42.25,38.5438117980957,12908700,0.0,0.0
2023-08-21,42.619998931884766,42.7599983215332,41.66999816894531,42.06999969482422,38.37961196899414,14486300,0.0,0.0
2023-08-22,42.310001373291016,42.380001068115234,40.970001220703125,41.02000045776367,37.421714782714844,20507900,0.0,0.0
2023-08-23,41.060001373291016,41.22999954223633,40.77000045776367,41.08000183105469,37.47645568847656,16214500,0.0,0.0
2023-08-24,41.02000045776367,41.66999816894531,40.720001220703125,41.08000183105469,37.47645568847656,15579600,0.0,0.0
2023-08-25,41.2599983215332,41.65999984741211,40.779998779296875,41.2400016784668,37.62241744995117,16881900,0.0,0.0
2023-08-28,41.47999954223633,41.86000061035156,41.150001525878906,41.31999969482422,37.695396423339844,14125900,0.0,0.0
2023-08-29,41.29999923706055,41.77000045776367,41.2599983215332,41.720001220703125,38.060306549072266,13199700,0.0,0.0
2023-08-30,41.689998626708984,41.84000015258789,41.34000015258789,41.369998931884766,37.74101257324219,18211400,0.0,0.0
2023-08-31,41.5099983215332,41.68000030517578,41.0099983215332,41.290000915527344,37.668033599853516,17795700,0.0,0.0
2023-09-01,41.59000015258789,41.81999969482422,41.380001068115234,41.59000015258789,37.94171142578125,12413500,0.0,0.0
2023-09-05,41.529998779296875,41.93000030517578,41.189998626708984,41.36000061035156,37.73188781738281,15843400,0.0,0.0
2023-09-06,41.02000045776367,41.4900016784668,40.90999984741211,41.369998931884766,37.74101257324219,13675200,0.0,0.0
2023-09-07,41.06999969482422,41.369998931884766,40.70000076293945,40.72999954223633,37.15715408325195,12406100,0.0,0.0
2023-09-08,40.61000061035156,40.689998626708984,40.279998779296875,40.59000015258789,37.0294303894043,15055400,0.0,0.0
2023-09-11,40.810001373291016,41.369998931884766,40.529998779296875,40.59000015258789,37.0294303894043,11404200,0.0,0.0
2023-09-12,40.56999969482422,42.060001373291016,40.560001373291016,41.68000030517578,38.0238151550293,24774700,0.0,0.0
2023-09-13,41.939998626708984,42.900001525878906,41.68000030517578,42.369998931884766,38.65328598022461,31031900,0.0,0.0
2023-09-14,42.790000915527344,43.439998626708984,42.72999954223633,43.13999938964844,39.355743408203125,19422800,0.0,0.0
2023-09-15,42.75,43.2400016784668,42.65999984741211,42.709999084472656,38.96346664428711,22983200,0.0,0.0
2023-09-18,42.599998474121094,42.779998779296875,42.400001525878906,42.63999938964844,38.89960479736328,10467400,0.0,0.0
2023-09-19,42.790000915527344,42.86000061035156,42.470001220703125,42.68000030517578,38.936100006103516,11031700,0.0,0.0
2023-09-20,42.95000076293945,43.130001068115234,42.27000045776367,42.29999923706055,38.58942794799805,11240700,0.0,0.0
2023-09-21,42.060001373291016,42.36000061035156,41.689998626708984,41.709999084472656,38.051177978515625,12260100,0.0,0.0
2023-09-22,41.75,41.86000061035156,40.86000061035156,40.91999816894531,37.33047866821289,15438200,0.0,0.0
2023-09-25,40.75,41.09000015258789,40.58000183105469,41.02000045776367,37.421714782714844,10866800,0.0,0.0
2023-09-26,40.66999816894531,41.040000915527344,40.060001373291016,40.220001220703125,36.691890716552734,21786500,0.0,0.0
2023-09-27,40.290000915527344,40.630001068115234,39.939998626708984,40.459999084472656,36.91083908081055,15083400,0.0,0.0
2023-09-28,40.47999954223633,41.349998474121094,40.40999984741211,41.20000076293945,37.58592987060547,14409800,0.0,0.0
2023-09-29,41.45000076293945,41.88999938964844,40.91999816894531,41.130001068115234,37.522064208984375,16916100,0.0,0.0
2023-10-02,40.9900016784668,41.04999923706055,40.290000915527344,40.5,36.94732666015625,16178900,0.0,0.0
2023-10-03,40.20000076293945,40.540000915527344,39.59000015258789,39.86000061035156,36.36347579956055,19283400,0.0,0.0
2023-10-04,39.689998626708984,39.93000030517578,39.13999938964844,39.810001373291016,36.31785583496094,23342000,0.0,0.0
2023-10-05,39.619998931884766,39.880001068115234,39.189998626708984,39.880001068115234,36.381717681884766,18734100,0.0,0.0
2023-10-06,39.68000030517578,40.849998474121094,39.5099983215332,40.56999969482422,37.011192321777344,17080000,0.0,0.0
2023-10-09,40.18000030517578,41.0099983215332,39.95000076293945,40.7400016784668,37.16627502441406,14859700,0.0,0.0
2023-10-10,41.13999938964844,41.7599983215332,41.13999938964844,41.439998626708984,37.80487823486328,18902100,0.0,0.0
2023-10-11,41.63999938964844,42.0,41.36000061035156,41.529998779296875,37.88697814941406,12763900,0.0,0.0
2023-10-12,41.400001525878906,41.790000915527344,41.119998931884766,41.529998779296875,37.88697814941406,18112500,0.0,0.0
2023-10-13,42.959999084472656,43.31999969482422,41.349998474121094,41.43000030517578,37.795753479003906,32082900,0.0,0.0
2023-10-16,41.95000076293945,42.0,40.529998779296875,40.95000076293945,37.357852935791016,25044200,0.0,0.0
2023-10-17,40.650001525878906,41.66999816894531,40.599998474121094,41.20000076293945,37.58592987060547,20258100,0.0,0.0
2023-10-18,40.939998626708984,40.939998626708984,40.16999816894531,40.470001220703125,36.91995620727539,23232600,0.0,0.0
2023-10-19,40.2599983215332,40.75,40.029998779296875,40.060001373291016,36.54591369628906,17483300,0.0,0.0
2023-10-20,39.970001220703125,40.2400016784668,39.560001373291016,39.68000030517578,36.19926071166992,21396500,0.0,0.0
2023-10-23,39.58000183105469,39.619998931884766,38.790000915527344,38.88999938964844,35.478553771972656,21333500,0.0,0.0
2023-10-24,38.91999816894531,39.29999923706055,38.7400016784668,38.93000030517578,35.515045166015625,17181000,0.0,0.0
2023-10-25,38.70000076293945,38.849998474121094,38.2599983215332,38.61000061035156,35.223121643066406,15570100,0.0,0.0
2023-10-26,38.5,39.75,38.470001220703125,39.34000015258789,35.88908386230469,25109600,0.0,0.0
2023-10-27,39.33000183105469,39.369998931884766,38.16999816894531,38.2400016784668,34.88557434082031,20654700,0.0,0.0
2023-10-30,38.54999923706055,38.970001220703125,38.40999984741211,38.93000030517578,35.515045166015625,21777500,0.0,0.0
2023-10-31,39.040000915527344,39.529998779296875,38.91999816894531,39.4900016784668,36.02592468261719,16373100,0.0,0.0
2023-11-01,39.540000915527344,39.84000015258789,39.279998779296875,39.599998474121094,36.12627029418945,16011000,0.0,0.0
2023-11-02,39.9900016784668,41.369998931884766,39.93000030517578,41.349998474121094,37.7227668762207,23283600,0.0,0.0
2023-11-03,41.560001373291016,42.470001220703125,41.540000915527344,42.2599983215332,39.05350112915039,20287700,0.53,0.0
2023-11-06,42.369998931884766,42.369998931884766,41.7599983215332,42.040000915527344,38.85019302368164,20843900,0.0,0.0
2023-11-07,41.70000076293945,42.15999984741211,41.650001525878906,41.959999084472656,38.776268005371094,11463200,0.0,0.0
2023-11-08,41.849998474121094,42.15999984741211,41.529998779296875,41.81999969482422,38.646888732910156,14761600,0.0,0.0
2023-11-09,42.08000183105469,42.279998779296875,41.290000915527344,41.5,38.351165771484375,19128400,0.0,0.0
2023-11-10,41.70000076293945,42.150001525878906,41.470001220703125,42.08000183105469,38.88716506958008,11912500,0.0,0.0
2023-11-13,41.959999084472656,42.90999984741211,41.93000030517578,42.70000076293945,39.460121154785156,16332100,0.0,0.0
2023-11-14,43.11000061035156,44.77000045776367,43.099998474121094,44.36000061035156,40.99416732788086,26218500,0.0,0.0
2023-11-15,44.47999954223633,45.220001220703125,44.47999954223633,44.880001068115234,41.47471618652344,18894900,0.0,0.0
2023-11-16,44.7599983215332,45.099998474121094,44.31999969482422,44.66999816894531,41.2806396484375,14744800,0.0,0.0
2023-11-17,44.939998626708984,45.38999938964844,44.650001525878906,45.36000061035156,41.91829299926758,15573100,0.0,0.0
2023-11-20,45.279998779296875,45.7400016784668,45.209999084472656,45.2599983215332,41.82587814331055,19670300,0.0,0.0
2023-11-21,45.119998931884766,45.33000183105469,44.70000076293945,45.09000015258789,41.66877365112305,14466700,0.0,0.0
2023-11-22,45.310001373291016,45.31999969482422,44.84000015258789,45.02000045776367,41.604087829589844,9441200,0.0,0.0
2023-11-24,44.88999938964844,45.52000045776367,44.84000015258789,45.22999954223633,41.79814910888672,5941000,0.0,0.0
2023-11-27,44.959999084472656,45.189998626708984,44.86000061035156,45.08000183105469,41.659542083740234,14679700,0.0,0.0
2023-11-28,45.029998779296875,45.040000915527344,44.560001373291016,44.86000061035156,41.45623016357422,14064700,0.0,0.0
2023-11-29,45.22999954223633,46.029998779296875,45.15999984741211,45.75,42.2786979675293,14027600,0.0,0.0
2023-11-30,45.790000915527344,46.16999816894531,45.58000183105469,46.099998474121094,42.60213851928711,16249000,0.0,0.0
2023-12-01,46.0,47.2599983215332,45.88999938964844,47.22999954223633,43.64640426635742,20053400,0.0,0.0
2023-12-04,46.790000915527344,47.47999954223633,46.70000076293945,47.369998931884766,43.775779724121094,19351000,0.0,0.0
2023-12-05,47.0099983215332,47.380001068115234,46.40999984741211,46.70000076293945,43.1566162109375,14813100,0.0,0.0
2023-12-06,47.79999923706055,49.119998931884766,47.779998779296875,47.86000061035156,44.228607177734375,33903400,0.0,0.0
2023-12-07,47.939998626708984,48.7599983215332,47.779998779296875,48.5,44.82004165649414,14896800,0.0,0.0
2023-12-08,48.5099983215332,49.16999816894531,48.41999816894531,48.88999938964844,45.180442810058594,17591600,0.0,0.0
2023-12-11,48.75,48.95000076293945,48.119998931884766,48.150001525878906,44.49660110473633,17666000,0.0,0.0
2023-12-12,48.0099983215332,48.11000061035156,47.709999084472656,48.060001373291016,44.413421630859375,14735600,0.0,0.0
2023-12-13,48.0,49.529998779296875,47.86000061035156,49.34000015258789,45.59630584716797,22212500,0.0,0.0
2023-12-14,50.0099983215332,51.54999923706055,50.0099983215332,50.2400016784668,46.42802047729492,51664900,0.0,0.0
2023-12-15,49.689998626708984,50.099998474121094,49.20000076293945,49.83000183105469,46.04912567138672,35156100,0.0,0.0
2023-12-18,50.15999984741211,50.560001373291016,49.54999923706055,49.65999984741211,45.892032623291016,17871400,0.0,0.0
2023-12-19,49.41999816894531,51.310001373291016,49.16999816894531,50.93000030517578,47.06566619873047,23161500,0.0,0.0
2023-12-20,50.70000076293945,51.09000015258789,49.869998931884766,50.06999969482422,46.27091979980469,17452100,0.0,0.0
2023-12-21,50.40999984741211,50.66999816894531,49.970001220703125,50.599998474121094,46.76069641113281,13089000,0.0,0.0
2023-12-22,50.72999954223633,51.2599983215332,50.689998626708984,50.86000061035156,47.000980377197266,14440600,0.0,0.0
2023-12-26,50.880001068115234,51.529998779296875,50.790000915527344,51.34000015258789,47.44455337524414,11501500,0.0,0.0
2023-12-27,51.13999938964844,51.58000183105469,50.93000030517578,51.459999084472656,47.555450439453125,9901300,0.0,0.0
2023-12-28,51.400001525878906,51.79999923706055,51.400001525878906,51.52000045776367,47.61090087890625,10218500,0.0,0.0
2023-12-29,51.560001373291016,51.61000061035156,51.220001220703125,51.439998626708984,47.53697204589844,13149400,0.0,0.0
2024-01-02,51.29999923706055,53.150001525878906,51.189998626708984,53.040000915527344,49.015567779541016,24784900,0.0,0.0
2024-01-03,53.25,54.369998931884766,52.22999954223633,53.63999938964844,49.570045471191406,30897600,0.0,0.0
2024-01-04,53.91999816894531,54.75,53.65999984741211,53.77000045776367,49.690181732177734,23714300,0.0,0.0
2024-01-05,54.029998779296875,54.66999816894531,53.88999938964844,54.33000183105469,50.20769500732422,17782200,0.0,0.0
2024-01-08,53.9900016784668,54.09000015258789,53.02000045776367,54.0099983215332,49.911964416503906,17359500,0.0,0.0
2024-01-09,53.849998474121094,53.90999984741211,53.27000045776367,53.47999954223633,49.422183990478516,17237400,0.0,0.0
2024-01-10,53.04999923706055,53.220001220703125,52.61000061035156,53.02000045776367,48.99708938598633,16532700,0.0,0.0
2024-01-11,51.84000015258789,52.13999938964844,51.2599983215332,52.08000183105469,48.12841033935547,25444400,0.0,0.0
2024-01-12,52.29999923706055,53.849998474121094,51.27000045776367,52.619998931884766,48.6274299621582,37908000,0.0,0.0
2024-01-16,51.779998779296875,52.220001220703125,50.869998931884766,51.869998931884766,47.9343376159668,21209400,0.0,0.0
2024-01-17,51.11000061035156,51.689998626708984,51.0,51.36000061035156,47.463043212890625,17393500,0.0,0.0
2024-01-18,51.45000076293945,51.58000183105469,50.5099983215332,51.11000061035156,47.23200988769531,15788100,0.0,0.0
2024-01-19,51.119998931884766,51.68000030517578,50.619998931884766,51.52000045776367,47.61090087890625,18211000,0.0,0.0
2024-01-22,51.9900016784668,53.099998474121094,51.95000076293945,52.84000015258789,48.83074188232422,21573200,0.0,0.0
2024-01-23,52.90999984741211,53.40999984741211,52.59000015258789,53.29999923706055,49.255836486816406,12962500,0.0,0.0
2024-01-24,53.540000915527344,53.650001525878906,52.9900016784668,53.2599983215332,49.218868255615234,14402200,0.0,0.0
2024-01-25,53.400001525878906,53.77000045776367,53.040000915527344,53.72999954223633,49.65320587158203,15634000,0.0,0.0
2024-01-26,53.86000061035156,53.9900016784668,53.61000061035156,53.66999816894531,49.59776306152344,14041200,0.0,0.0
2024-01-29,53.470001220703125,54.22999954223633,53.439998626708984,54.11000061035156,50.0043830871582,12158300,0.0,0.0
2024-01-30,55.040000915527344,57.20000076293945,55.0099983215332,57.09000015258789,52.758270263671875,40086100,0.0,0.0
2024-01-31,56.7400016784668,57.95000076293945,56.13999938964844,56.16999816894531,51.90807342529297,28967800,0.0,0.0
2024-02-01,56.02000045776367,56.59000015258789,54.849998474121094,56.060001373291016,51.80643081665039,21178700,0.0,0.0
2024-02-02,55.599998474121094,55.97999954223633,54.9900016784668,55.540000915527344,51.81575393676758,19283100,0.53,0.0
2024-02-05,54.939998626708984,55.13999938964844,54.11000061035156,54.5,50.845489501953125,14040600,0.0,0.0
2024-02-06,54.380001068115234,54.970001220703125,54.11000061035156,54.349998474121094,50.705543518066406,14832700,0.0,0.0
2024-02-07,54.5,54.70000076293945,53.77000045776367,54.540000915527344,50.882808685302734,13383300,0.0,0.0
2024-02-08,54.18000030517578,54.4900016784668,53.59000015258789,54.290000915527344,50.64957046508789,15822200,0.0,0.0
2024-02-09,54.290000915527344,54.439998626708984,53.529998779296875,53.9900016784668,50.36968994140625,13843300,0.0,0.0
2024-02-12,53.56999969482422,54.540000915527344,53.0,53.91999816894531,50.304378509521484,17162300,0.0,0.0
2024-02-13,53.290000915527344,53.459999084472656,52.2400016784668,52.7599983215332,49.22216796875,17672100,0.0,0.0
2024-02-14,53.63999938964844,54.099998474121094,53.59000015258789,53.97999954223633,50.3603630065918,14891900,0.0,0.0
2024-02-15,54.220001220703125,55.47999954223633,54.13999938964844,55.209999084472656,51.50788116455078,16865000,0.0,0.0
2024-02-16,54.959999084472656,55.20000076293945,54.54999923706055,54.849998474121094,51.172019958496094,11527500,0.0,0.0
2024-02-20,54.58000183105469,55.65999984741211,54.36000061035156,55.41999816894531,51.70380401611328,16537900,0.0,0.0
2024-02-21,55.2599983215332,55.459999084472656,54.97999954223633,55.33000183105469,51.619834899902344,9317200,0.0,0.0
2024-02-22,55.439998626708984,56.470001220703125,55.40999984741211,55.900001525878906,52.15161895751953,12904800,0.0,0.0
2024-02-23,55.9900016784668,56.34000015258789,55.75,55.93000030517578,52.17959976196289,11668900,0.0,0.0
2024-02-26,55.959999084472656,56.5099983215332,55.34000015258789,55.36000061035156,51.647823333740234,12307100,0.0,0.0
2024-02-27,55.68000030517578,55.91999816894531,55.220001220703125,55.709999084472656,51.97434997558594,11039300,0.0,0.0
2024-02-28,55.52000045776367,56.18000030517578,54.9900016784668,55.04999923706055,51.358612060546875,13448100,0.0,0.0
2024-02-29,55.5,55.650001525878906,54.63999938964844,55.4900016784668,51.769107818603516,23744600,0.0,0.0
2024-03-01,55.47999954223633,55.95000076293945,55.06999969482422,55.599998474121094,51.871726989746094,12922400,0.0,0.0
2024-03-04,55.40999984741211,56.56999969482422,55.290000915527344,56.13999938964844,52.375518798828125,14314700,0.0,0.0
2024-03-05,55.75,57.560001373291016,55.75,56.2599983215332,52.48747253417969,19653900,0.0,0.0
2024-03-06,57.06999969482422,57.54999923706055,56.0099983215332,57.290000915527344,53.44840621948242,17845000,0.0,0.0
2024-03-07,57.540000915527344,58.119998931884766,57.029998779296875,57.720001220703125,53.849571228027344,14720300,0.0,0.0
2024-03-08,58.040000915527344,58.38999938964844,57.2599983215332,57.5099983215332,53.653648376464844,13028000,0.0,0.0
2024-03-11,57.150001525878906,57.540000915527344,56.630001068115234,57.40999984741211,53.560359954833984,9176900,0.0,0.0
2024-03-12,57.5099983215332,57.93000030517578,57.08000183105469,57.45000076293945,53.597679138183594,10954000,0.0,0.0
2024-03-13,57.5,58.369998931884766,57.459999084472656,57.7599983215332,53.88688659667969,12982800,0.0,0.0
2024-03-14,58.33000183105469,58.66999816894531,56.63999938964844,57.09000015258789,53.261817932128906,18833600,0.0,0.0
2024-03-15,56.45000076293945,57.75,56.45000076293945,57.61000061035156,53.7469482421875,26164300,0.0,0.0
2024-03-18,57.849998474121094,58.65999984741211,57.560001373291016,58.630001068115234,54.69855499267578,13994600,0.0,0.0
2024-03-19,58.59000015258789,59.31999969482422,58.540000915527344,58.86000061035156,54.91313171386719,13455300,0.0,0.0
2024-03-20,58.4900016784668,60.34000015258789,58.459999084472656,60.130001068115234,56.09797286987305,20269900,0.0,0.0
2024-03-21,60.310001373291016,61.54999923706055,60.310001373291016,61.33000183105469,57.21750259399414,17892100,0.0,0.0
2024-03-22,61.040000915527344,61.66999816894531,60.58000183105469,60.81999969482422,56.74169921875,16206800,0.0,0.0
2024-03-25,60.88999938964844,61.52000045776367,60.58000183105469,60.95000076293945,56.862979888916016,12040300,0.0,0.0
2024-03-26,61.150001525878906,61.95000076293945,61.0,61.65999984741211,57.52537155151367,17947400,0.0,0.0
2024-03-27,62.029998779296875,62.7599983215332,61.720001220703125,62.75,58.54228210449219,16684400,0.0,0.0
2024-03-28,62.72999954223633,63.369998931884766,62.58000183105469,63.2400016784668,58.99942398071289,19012000,0.0,0.0
2024-04-01,63.599998474121094,63.900001525878906,63.02000045776367,63.459999084472656,59.20466995239258,14223900,0.0,0.0
2024-04-02,62.650001525878906,63.59000015258789,62.650001525878906,62.84000015258789,58.626243591308594,16062000,0.0,0.0
2024-04-03,62.86000061035156,63.38999938964844,61.52000045776367,61.689998626708984,57.55336380004883,18079900,0.0,0.0
2024-04-04,62.150001525878906,62.7400016784668,60.75,60.90999984741211,56.8256721496582,13401100,0.0,0.0
2024-04-05,60.81999969482422,62.040000915527344,60.41999816894531,61.599998474121094,57.46939468383789,12686300,0.0,0.0
2024-04-08,61.66999816894531,62.31999969482422,61.65999984741211,61.72999954223633,57.59067916870117,10708300,0.0,0.0
2024-04-09,61.75,62.09000015258789,60.90999984741211,61.65999984741211,57.52537155151367,10301200,0.0,0.0
2024-04-10,60.52000045776367,61.310001373291016,59.970001220703125,60.18000030517578,56.14461135864258,18088000,0.0,0.0
2024-04-11,60.349998474121094,60.88999938964844,59.5,60.709999084472656,56.63907241821289,18181900,0.0,0.0
2024-04-12,62.290000915527344,62.599998474121094,58.75,59.68000030517578,55.678138732910156,28561900,0.0,0.0
2024-04-15,60.18000030517578,60.90999984741211,58.189998626708984,58.560001373291016,54.63324737548828,19242300,0.0,0.0
2024-04-16,58.18000030517578,58.54999923706055,56.7400016784668,57.02000045776367,53.19650650024414,23211400,0.0,0.0
2024-04-17,57.4900016784668,58.88999938964844,57.36000061035156,58.16999816894531,54.26939392089844,15971600,0.0,0.0
2024-04-18,58.4900016784668,58.970001220703125,57.93000030517578,58.31999969482422,54.409339904785156,12272500,0.0,0.0
2024-04-19,58.22999954223633,59.439998626708984,58.22999954223633,59.13999938964844,55.17435073852539,13410100,0.0,0.0
2024-04-22,59.439998626708984,61.060001373291016,59.20000076293945,60.95000076293945,56.862979888916016,14513100,0.0,0.0
2024-04-23,61.08000183105469,62.77000045776367,61.02000045776367,62.66999816894531,58.46764373779297,17427800,0.0,0.0
2024-04-24,62.130001068115234,62.72999954223633,61.84000015258789,62.470001220703125,58.28105926513672,10123000,0.0,0.0
2024-04-25,61.84000015258789,62.43000030517578,61.099998474121094,61.790000915527344,57.64665985107422,13339100,0.0,0.0
2024-04-26,61.5099983215332,63.22999954223633,61.5099983215332,62.65999984741211,58.45831298828125,16364100,0.0,0.0
2024-04-29,62.7400016784668,63.36000061035156,61.959999084472656,62.2599983215332,58.085140228271484,10857100,0.0,0.0
2024-04-30,61.90999984741211,62.34000015258789,61.290000915527344,61.33000183105469,57.21750259399414,11163400,0.0,0.0
2024-05-01,61.47999954223633,62.27000045776367,60.880001068115234,61.349998474121094,57.23616409301758,14086600,0.0,0.0
2024-05-02,62.189998626708984,62.189998626708984,60.97999954223633,61.540000915527344,57.413414001464844,11292500,0.0,0.0
2024-05-03,61.5099983215332,62.150001525878906,61.40999984741211,61.52000045776367,57.89335632324219,11048900,0.53,0.0
2024-05-06,62.060001373291016,62.939998626708984,61.720001220703125,62.810001373291016,59.1073112487793,13386700,0.0,0.0
2024-05-07,62.81999969482422,63.15999984741211,61.970001220703125,62.0,58.34505844116211,10158200,0.0,0.0
2024-05-08,61.63999938964844,62.95000076293945,61.5099983215332,62.75,59.050846099853516,9755200,0.0,0.0
2024-05-09,62.380001068115234,63.43000030517578,62.290000915527344,63.31999969482422,59.58724594116211,11563000,0.0,0.0
2024-05-10,63.58000183105469,63.91999816894531,63.119998931884766,63.529998779296875,59.78486251831055,9548700,0.0,0.0
2024-05-13,63.619998931884766,63.95000076293945,63.369998931884766,63.400001525878906,59.66252899169922,6617900,0.0,0.0
2024-05-14,63.5099983215332,63.970001220703125,63.22999954223633,63.59000015258789,59.84132385253906,8322500,0.0,0.0
2024-05-15,63.630001068115234,64.38999938964844,63.599998474121094,64.23999786376953,60.453006744384766,9461300,0.0,0.0
2024-05-16,64.0999984741211,64.47000122070312,63.43000030517578,64.13999938964844,60.35890197753906,11682200,0.0,0.0
2024-05-17,64.37999725341797,64.55000305175781,63.900001525878906,64.06999969482422,60.29302978515625,8418400,0.0,0.0
2024-05-20,64.06999969482422,64.25,62.91999816894531,63.15999984741211,59.43667984008789,11792100,0.0,0.0
2024-05-21,63.2599983215332,64.87999725341797,63.20000076293945,64.73999786376953,60.92353439331055,11197200,0.0,0.0
2024-05-22,64.29000091552734,64.9800033569336,63.63999938964844,63.81999969482422,60.05776596069336,8855300,0.0,0.0
2024-05-23,63.79999923706055,64.02999877929688,62.5,63.02000045776367,59.304927825927734,11535000,0.0,0.0
2024-05-24,63.33000183105469,63.970001220703125,63.27000045776367,63.58000183105469,59.831912994384766,9424600,0.0,0.0
2024-05-28,63.22999954223633,63.56999969482422,62.349998474121094,62.45000076293945,58.768531799316406,8404400,0.0,0.0
2024-05-29,61.560001373291016,62.18000030517578,61.20000076293945,62.0099983215332,58.35446548461914,7224200,0.0,0.0
2024-05-30,62.099998474121094,62.47999954223633,61.61000061035156,61.93000030517578,58.27918243408203,10061500,0.0,0.0
2024-05-31,62.0,62.38999938964844,61.439998626708984,62.310001373291016,58.63678741455078,17351600,0.0,0.0
2024-06-03,62.91999816894531,63.0,61.31999969482422,61.91999816894531,58.269771575927734,11373900,0.0,0.0
2024-06-04,61.02000045776367,62.029998779296875,60.7599983215332,61.029998779296875,57.4322395324707,10424200,0.0,0.0
2024-06-05,61.279998779296875,61.86000061035156,60.93000030517578,61.77000045776367,58.12862014770508,8780700,0.0,0.0
2024-06-06,61.79999923706055,62.04999923706055,61.25,61.939998626708984,58.28859329223633,8537900,0.0,0.0
2024-06-07,61.599998474121094,62.59000015258789,61.58000183105469,61.779998779296875,58.13801956176758,8260800,0.0,0.0
2024-06-10,61.25,61.65999984741211,60.7400016784668,61.43000030517578,57.80866241455078,9302300,0.0,0.0
2024-06-11,60.77000045776367,60.790000915527344,58.900001525878906,59.13999938964844,55.653656005859375,16966800,0.0,0.0
2024-06-12,60.90999984741211,61.209999084472656,59.900001525878906,60.0099983215332,56.47236633300781,15398500,0.0,0.0
2024-06-13,59.75,60.369998931884766,59.150001525878906,60.22999954223633,56.67940139770508,9358200,0.0,0.0
2024-06-14,59.439998626708984,59.83000183105469,58.65999984741211,59.33000183105469,55.83245849609375,10511000,0.0,0.0
2024-06-17,59.220001220703125,60.529998779296875,58.849998474121094,60.060001373291016,56.51941680908203,15527500,0.0,0.0
2024-06-18,60.369998931884766,61.630001068115234,60.09000015258789,60.779998779296875,57.19697952270508,15768100,0.0,0.0
2024-06-20,60.41999816894531,61.02000045776367,60.349998474121094,60.619998931884766,57.04640197753906,9519200,0.0,0.0
2024-06-21,60.20000076293945,60.2599983215332,59.34000015258789,59.9900016784668,56.45355224609375,18976200,0.0,0.0
2024-06-24,60.099998474121094,61.779998779296875,59.84000015258789,61.34000015258789,57.72396469116211,13290500,0.0,0.0
2024-06-25,61.20000076293945,61.83000183105469,60.86000061035156,61.58000183105469,57.94982147216797,11643100,0.0,0.0
2024-06-26,61.22999954223633,61.40999984741211,60.560001373291016,61.25,57.6392707824707,12409300,0.0,0.0
2024-06-27,61.5,61.93000030517578,60.959999084472656,61.54999923706055,57.92158126831055,11285100,0.0,0.0
2024-06-28,62.029998779296875,63.58000183105469,61.810001373291016,63.459999084472656,59.71898651123047,20053200,0.0,0.0
2024-07-01,63.650001525878906,64.30000305175781,62.9900016784668,63.43000030517578,59.690757751464844,15334400,0.0,0.0
2024-07-02,63.290000915527344,64.70999908447266,63.279998779296875,64.68000030517578,60.8670654296875,10965600,0.0,0.0
2024-07-03,64.68000030517578,65.22000122070312,64.41000366210938,64.45999908447266,60.66004180908203,6574100,0.0,0.0
2024-07-05,64.5,64.55999755859375,63.75,64.02999877929688,60.25538635253906,7226200,0.0,0.0
2024-07-08,64.30000305175781,64.87000274658203,64.22000122070312,64.73999786376953,60.92353439331055,10349000,0.0,0.0
2024-07-09,64.80000305175781,66.76000213623047,64.73999786376953,66.55000305175781,62.62683868408203,16904300,0.0,0.0
2024-07-10,66.26000213623047,66.98999786376953,66.22000122070312,66.9800033569336,63.03147888183594,9817100,0.0,0.0
2024-07-11,66.19000244140625,66.5,65.30999755859375,65.70999908447266,61.83634948730469,20112300,0.0,0.0
2024-07-12,66.61000061035156,66.69000244140625,63.349998474121094,64.5199966430664,60.71650314331055,30125400,0.0,0.0
2024-07-15,64.68000030517578,65.55000305175781,63.880001068115234,65.13999938964844,61.299949645996094,16656600,0.0,0.0
2024-07-16,65.0,67.5199966430664,64.69999694824219,67.2699966430664,63.304386138916016,21170200,0.0,0.0
2024-07-17,66.83999633789062,67.80999755859375,66.62000274658203,67.61000061035156,63.624359130859375,17215300,0.0,0.0
2024-07-18,67.55000305175781,67.75,64.83999633789062,64.88999938964844,61.06468963623047,15796200,0.0,0.0
2024-07-19,64.93000030517578,65.9800033569336,64.55000305175781,65.13999938964844,61.299949645996094,8583100,0.0,0.0
2024-07-22,65.13999938964844,65.6500015258789,64.1500015258789,64.5,60.69767379760742,9925100,0.0,0.0
2024-07-23,64.51000213623047,65.04000091552734,64.27999877929688,64.66000366210938,60.8482551574707,6961200,0.0,0.0
2024-07-24,64.4000015258789,64.66999816894531,63.560001373291016,63.65999984741211,59.90719985961914,11591100,0.0,0.0
2024-07-25,63.810001373291016,65.6500015258789,63.34000015258789,64.37000274658203,60.575347900390625,12819700,0.0,0.0
2024-07-26,64.55000305175781,65.6500015258789,64.44000244140625,65.18000030517578,61.337589263916016,9661300,0.0,0.0
2024-07-29,65.30000305175781,65.33999633789062,64.13999938964844,64.30000305175781,60.50947952270508,7901900,0.0,0.0
2024-07-30,65.01000213623047,66.2300033569336,65.01000213623047,65.87000274658203,61.986915588378906,13554300,0.0,0.0
2024-07-31,65.91000366210938,66.02999877929688,64.83000183105469,64.87999725341797,61.05527877807617,15046500,0.0,0.0
2024-08-01,65.08000183105469,65.22000122070312,61.95000076293945,63.279998779296875,59.54960250854492,18052700,0.0,0.0
2024-08-02,59.66999816894531,60.599998474121094,58.400001525878906,58.7599983215332,55.296058654785156,30289300,0.0,0.0
2024-08-05,54.08000183105469,56.900001525878906,53.5099983215332,56.209999084472656,53.40535354614258,27977300,0.56,0.0
2024-08-06,56.38999938964844,57.65999984741211,56.09000015258789,56.560001373291016,53.737892150878906,16643100,0.0,0.0
2024-08-07,58.16999816894531,58.45000076293945,55.869998931884766,56.11000061035156,53.31034851074219,19221200,0.0,0.0
2024-08-08,56.849998474121094,58.36000061035156,56.810001373291016,58.0,55.10603713989258,17933300,0.0,0.0
2024-08-09,58.029998779296875,58.459999084472656,57.45000076293945,57.84000015258789,54.954017639160156,11421000,0.0,0.0
2024-08-12,58.29999923706055,58.68000030517578,57.72999954223633,57.84000015258789,54.954017639160156,15123500,0.0,0.0
2024-08-13,58.22999954223633,58.290000915527344,57.77000045776367,58.150001525878906,55.24855422973633,7478500,0.0,0.0
2024-08-14,58.369998931884766,59.529998779296875,58.279998779296875,59.279998779296875,56.322174072265625,12419500,0.0,0.0
2024-08-15,60.34000015258789,61.0099983215332,60.099998474121094,60.52000045776367,57.50030517578125,14159000,0.0,0.0
2024-08-16,60.33000183105469,61.52000045776367,60.33000183105469,61.400001525878906,58.33639144897461,9939700,0.0,0.0
2024-08-19,61.5,62.04999923706055,61.349998474121094,62.029998779296875,58.93495559692383,8882500,0.0,0.0
2024-08-20,61.59000015258789,61.70000076293945,61.09000015258789,61.310001373291016,58.250885009765625,8661300,0.0,0.0
2024-08-21,61.400001525878906,61.45000076293945,59.880001068115234,60.529998779296875,57.50979995727539,14414900,0.0,0.0
2024-08-22,60.75,60.75,60.11000061035156,60.41999816894531,57.405296325683594,7848500,0.0,0.0
2024-08-23,60.869998931884766,62.459999084472656,60.7400016784668,62.13999938964844,59.03947067260742,13299700,0.0,0.0
2024-08-26,62.36000061035156,62.599998474121094,61.56999969482422,61.790000915527344,58.70693588256836,9384200,0.0,0.0
2024-08-27,61.90999984741211,62.18000030517578,61.459999084472656,61.68000030517578,58.60242462158203,7294800,0.0,0.0
2024-08-28,61.349998474121094,61.9900016784668,61.150001525878906,61.58000183105469,58.507415771484375,7692900,0.0,0.0
2024-08-29,62.0099983215332,62.220001220703125,61.16999816894531,61.880001068115234,58.792442321777344,8368000,0.0,0.0
2024-08-30,61.95000076293945,62.70000076293945,61.65999984741211,62.63999938964844,59.514522552490234,10806500,0.0,0.0
2024-09-03,62.040000915527344,62.38999938964844,60.970001220703125,61.459999084472656,58.393402099609375,11055200,0.0,0.0
2024-09-04,61.56999969482422,62.06999969482422,60.40999984741211,60.959999084472656,57.9183464050293,11436800,0.0,0.0
2024-09-05,61.61000061035156,61.790000915527344,60.34000015258789,60.630001068115234,57.60481262207031,10243900,0.0,0.0
2024-09-06,60.70000076293945,61.08000183105469,58.79999923706055,59.09000015258789,56.14165496826172,14094000,0.0,0.0
2024-09-09,59.90999984741211,60.66999816894531,58.16999816894531,59.540000915527344,56.56919860839844,19811700,0.0,0.0
2024-09-10,59.88999938964844,59.88999938964844,56.689998626708984,57.95000076293945,55.05853271484375,22482300,0.0,0.0
2024-09-11,57.59000015258789,57.59000015258789,56.18000030517578,57.29999923706055,54.44096755981445,16569400,0.0,0.0
2024-09-12,57.369998931884766,57.86000061035156,56.83000183105469,57.33000183105469,54.46947479248047,12937800,0.0,0.0
2024-09-13,57.709999084472656,58.279998779296875,57.43000030517578,57.66999816894531,54.79249954223633,10379400,0.0,0.0
2024-09-16,57.93000030517578,58.790000915527344,57.93000030517578,58.38999938964844,55.47658157348633,9912700,0.0,0.0
2024-09-17,58.86000061035156,59.40999984741211,58.7599983215332,59.290000915527344,56.33167266845703,10630400,0.0,0.0
2024-09-18,59.75,60.880001068115234,59.290000915527344,59.900001525878906,56.91123580932617,13638700,0.0,0.0
2024-09-19,60.91999816894531,63.16999816894531,60.599998474121094,63.02000045776367,59.87556457519531,21860600,0.0,0.0
2024-09-20,62.52000045776367,62.650001525878906,61.68000030517578,62.13999938964844,59.03947067260742,18331800,0.0,0.0
2024-09-23,62.220001220703125,62.869998931884766,62.16999816894531,62.58000183105469,59.45751953125,11508200,0.0,0.0
2024-09-24,62.68000030517578,62.900001525878906,61.119998931884766,61.369998931884766,58.307891845703125,12046200,0.0,0.0
2024-09-25,61.119998931884766,61.290000915527344,60.11000061035156,60.380001068115234,57.367286682128906,12763800,0.0,0.0
2024-09-26,61.04999923706055,62.0,60.86000061035156,61.709999084472656,58.63092041015625,12844500,0.0,0.0
2024-09-27,62.0099983215332,62.61000061035156,61.790000915527344,61.869998931884766,58.782936096191406,8144600,0.0,0.0
2024-09-30,61.68000030517578,62.63999938964844,61.2400016784668,62.599998474121094,59.47652053833008,11316400,0.0,0.0
2024-10-01,62.220001220703125,62.349998474121094,61.0099983215332,61.810001373291016,58.72593688964844,13550100,0.0,0.0
2024-10-02,61.70000076293945,62.529998779296875,61.310001373291016,62.029998779296875,58.93495559692383,7380800,0.0,0.0
2024-10-03,61.5,61.65999984741211,60.93000030517578,61.310001373291016,58.250885009765625,7939800,0.0,0.0
2024-10-04,62.470001220703125,62.93000030517578,61.810001373291016,62.63999938964844,59.514522552490234,10097900,0.0,0.0
2024-10-07,62.4900016784668,63.029998779296875,62.06999969482422,62.599998474121094,59.47652053833008,6954300,0.0,0.0
2024-10-08,62.900001525878906,63.36000061035156,62.4900016784668,63.2400016784668,60.0845832824707,8245700,0.0,0.0
2024-10-09,63.16999816894531,64.25,63.040000915527344,64.12000274658203,60.920677185058594,8636400,0.0,0.0
2024-10-10,64.0,64.11000061035156,63.11000061035156,63.47999954223633,60.31260681152344,8708600,0.0,0.0
2024-10-11,64.12000274658203,66.0999984741211,64.0999984741211,65.73999786376953,62.459835052490234,15512400,0.0,0.0
2024-10-14,65.80999755859375,66.43000030517578,65.6500015258789,66.01000213623047,62.716373443603516,14682900,0.0,0.0
2024-10-15,66.75,67.16000366210938,62.529998779296875,62.63999938964844,59.514522552490234,35348100,0.0,0.0
2024-10-16,63.439998626708984,64.44000244140625,63.400001525878906,64.25,61.044189453125,20208800,0.0,0.0
2024-10-17,64.7300033569336,65.16999816894531,63.77000045776367,63.970001220703125,60.77816390991211,13439600,0.0,0.0
2024-10-18,64.12000274658203,64.12000274658203,62.72999954223633,62.849998474121094,59.714046478271484,13841200,0.0,0.0
2024-10-21,62.790000915527344,62.90999984741211,61.72999954223633,61.83000183105469,58.744937896728516,12188500,0.0,0.0
2024-10-22,61.59000015258789,63.689998626708984,61.29999923706055,63.560001373291016,60.38861846923828,14347300,0.0,0.0
2024-10-23,63.18000030517578,63.630001068115234,62.619998931884766,63.099998474121094,59.951568603515625,8720500,0.0,0.0
2024-10-24,63.0099983215332,63.29999923706055,62.38999938964844,63.0,59.85655975341797,11420300,0.0,0.0
2024-10-25,63.650001525878906,63.7400016784668,61.689998626708984,61.7599983215332,58.67842483520508,9697800,0.0,0.0
2024-10-28,62.349998474121094,64.3499984741211,62.220001220703125,64.16000366210938,60.95867919921875,14637700,0.0,0.0
2024-10-29,64.06999969482422,64.93000030517578,63.83000183105469,64.69000244140625,61.46223831176758,13134100,0.0,0.0
2024-10-30,64.19999694824219,65.2300033569336,64.13999938964844,64.5,61.281707763671875,11717600,0.0,0.0
2024-10-31,64.55999755859375,65.0199966430664,64.08999633789062,64.16999816894531,60.96817398071289,10042800,0.0,0.0
2024-11-01,64.33000183105469,64.80999755859375,63.689998626708984,63.709999084472656,60.531131744384766,11557700,0.0,0.0
2024-11-04,62.9900016784668,63.630001068115234,62.22999954223633,62.349998474121094,59.76430892944336,9419600,0.56,0.0
2024-11-05,63.0,63.7400016784668,62.72999954223633,63.66999816894531,61.029571533203125,12649800,0.0,0.0
2024-11-06,68.4000015258789,70.08999633789062,68.29000091552734,69.02999877929688,66.16728973388672,41957700,0.0,0.0
2024-11-07,68.19999694824219,68.94999694824219,67.76000213623047,68.11000061035156,65.28544616699219,18582000,0.0,0.0
2024-11-08,68.72000122070312,69.12999725341797,68.08999633789062,68.62999725341797,65.78386688232422,14973300,0.0,0.0
2024-11-11,69.5,70.19999694824219,69.19999694824219,69.80000305175781,66.90534973144531,19173100,0.0,0.0
2024-11-12,69.52999877929688,69.98999786376953,68.87000274658203,69.0199966430664,66.15768432617188,15766500,0.0,0.0
2024-11-13,69.06999969482422,69.79000091552734,68.80999755859375,68.88999938964844,66.03309631347656,10525300,0.0,0.0
2024-11-14,69.30000305175781,69.30000305175781,67.47000122070312,68.1500015258789,65.32377624511719,15043500,0.0,0.0
2024-11-15,68.0,68.95999908447266,67.88999938964844,68.76000213623047,65.90847778320312,15372900,0.0,0.0
2024-11-18,68.68000030517578,69.27999877929688,68.37000274658203,69.0,66.13853454589844,11519000,0.0,0.0
2024-11-19,68.0,68.88999938964844,67.69999694824219,68.5999984741211,65.755126953125,14428200,0.0,0.0
2024-11-20,69.13999938964844,69.48999786376953,68.0,68.27999877929688,65.44839477539062,10495600,0.0,0.0
2024-11-21,68.80000305175781,69.47000122070312,68.41000366210938,68.94999694824219,66.0905990600586,11390300,0.0,0.0
2024-11-22,68.91000366210938,70.19999694824219,68.44999694824219,69.83999633789062,66.94369506835938,16671600,0.0,0.0
2024-11-25,70.44000244140625,71.19000244140625,70.02999877929688,70.75,67.81595611572266,19558100,0.0,0.0
2024-11-26,70.36000061035156,70.4800033569336,69.33000183105469,69.75,66.85742950439453,11605200,0.0,0.0
2024-11-27,69.7699966430664,70.4000015258789,69.66000366210938,70.16000366210938,67.25042724609375,9736100,0.0,0.0
2024-11-29,70.2699966430664,71.08999633789062,70.22000122070312,70.87000274658203,67.93099212646484,8606500,0.0,0.0
2024-12-02,71.26000213623047,71.6500015258789,70.87999725341797,71.38999938964844,68.42941284179688,11932600,0.0,0.0
2024-12-03,72.19000244140625,72.80000305175781,71.2699966430664,71.41999816894531,68.45816040039062,17544200,0.0,0.0
2024-12-04,71.5,71.72000122070312,70.5,71.5,68.53485107421875,12331900,0.0,0.0
2024-12-05,71.83000183105469,72.8499984741211,71.63999938964844,72.2300033569336,69.23458862304688,14307600,0.0,0.0
2024-12-06,72.30999755859375,72.5999984741211,71.70999908447266,72.1500015258789,69.15790557861328,8781100,0.0,0.0
2024-12-09,72.30000305175781,72.80000305175781,71.83999633789062,71.86000061035156,68.87992095947266,11957500,0.0,0.0
2024-12-10,72.0,73.37999725341797,71.58000183105469,72.5,69.49337005615234,16833400,0.0,0.0
2024-12-11,73.0,73.26000213623047,71.2699966430664,71.95999908447266,68.97577667236328,22533600,0.0,0.0
2024-12-12,71.86000061035156,72.33000183105469,71.41000366210938,71.43000030517578,68.4677505493164,8893000,0.0,0.0
2024-12-13,71.70999908447266,71.91000366210938,70.76000213623047,71.01000213623047,68.06517028808594,9819900,0.0,0.0
2024-12-16,71.2699966430664,71.7699966430664,70.83000183105469,71.48999786376953,68.5252685546875,11833800,0.0,0.0
2024-12-17,70.9000015258789,71.3499984741211,70.80000305175781,71.12000274658203,68.17061614990234,12639000,0.0,0.0
2024-12-18,71.18000030517578,71.47000122070312,67.91999816894531,68.12000274658203,65.2950210571289,18028000,0.0,0.0
2024-12-19,69.20999908447266,69.83999633789062,68.31999969482422,68.41999816894531,65.58258056640625,13464300,0.0,0.0
2024-12-20,68.29000091552734,70.26000213623047,68.02999877929688,69.19000244140625,66.32064819335938,27720100,0.0,0.0
2024-12-23,69.36000061035156,69.87999725341797,68.87000274658203,69.7699966430664,66.87659454345703,8248000,0.0,0.0
2024-12-24,70.0999984741211,71.20999908447266,69.94000244140625,71.0,68.05559539794922,6544900,0.0,0.0
2024-12-26,70.54000091552734,71.47000122070312,70.51000213623047,71.3499984741211,68.39106750488281,6341700,0.0,0.0
2024-12-27,70.86000061035156,71.52999877929688,70.54000091552734,71.0,68.05559539794922,7743100,0.0,0.0
2024-12-30,70.18000030517578,70.83000183105469,69.79000091552734,70.38999938964844,67.47088623046875,6664400,0.0,0.0
2024-12-31,70.55000305175781,70.95999908447266,70.1500015258789,70.38999938964844,67.47088623046875,6393000,0.0,0.0
2025-01-02,70.94000244140625,71.16000366210938,69.6500015258789,69.94000244140625,67.03955841064453,9827400,0.0,0.0
2025-01-03,70.87999725341797,71.08999633789062,69.8499984741211,71.0,68.05559539794922,11342900,0.0,0.0
2025-01-06,72.2300033569336,73.98999786376953,71.87999725341797,72.73999786376953,69.72343444824219,19199700,0.0,0.0
2025-01-07,73.9000015258789,74.29000091552734,72.73999786376953,73.68000030517578,70.62445068359375,18309400,0.0,0.0
2025-01-08,73.44999694824219,73.47000122070312,72.69000244140625,73.26000213623047,70.22187805175781,13742800,0.0,0.0
2025-01-10,72.45999908447266,72.45999908447266,71.0199966430664,71.4000015258789,68.43900299072266,13217700,0.0,0.0
2025-01-13,70.9800033569336,73.0,70.9800033569336,72.7699966430664,69.75218200683594,16720600,0.0,0.0
2025-01-14,73.31999969482422,73.98999786376953,73.13999938964844,73.5,70.45191192626953,19576000,0.0,0.0
2025-01-15,76.19999694824219,79.25,75.86000061035156,78.2699966430664,75.02410125732422,44903000,0.0,0.0
2025-01-16,77.83000183105469,78.76000213623047,77.76000213623047,78.51000213623047,75.25413513183594,21463100,0.0,0.0
2025-01-17,78.55000305175781,80.44999694824219,78.16000366210938,79.98999786376953,76.67276763916016,22084800,0.0,0.0
2025-01-21,80.43000030517578,81.8499984741211,79.91999816894531,81.66999816894531,78.28309631347656,21297400,0.0,0.0
2025-01-22,81.47000122070312,82.27999877929688,81.2300033569336,81.69000244140625,78.30227661132812,14725700,0.0,0.0
2025-01-23,82.0,82.7699966430664,81.80000305175781,81.9800033569336,78.58025360107422,14435200,0.0,0.0
2025-01-24,81.48999786376953,82.12000274658203,81.33999633789062,81.4800033569336,78.1009750366211,16025200,0.0,0.0
2025-01-27,80.75,81.41000366210938,80.22000122070312,81.06999969482422,77.7079849243164,12782800,0.0,0.0
2025-01-28,81.22000122070312,81.4000015258789,79.4800033569336,79.94000244140625,76.6248550415039,16521700,0.0,0.0
2025-01-29,79.87999725341797,81.5999984741211,79.87999725341797,80.62999725341797,77.2862319946289,10573000,0.0,0.0
2025-01-30,81.29000091552734,82.62000274658203,80.98999786376953,81.86000061035156,78.46521759033203,10775500,0.0,0.0
2025-01-31,81.69000244140625,82.33999633789062,81.06999969482422,81.43000030517578,78.05304718017578,12818300,0.0,0.0
2025-02-03,78.5,79.91000366210938,76.88999938964844,79.61000061035156,76.83694458007812,20998500,0.56,0.0
2025-02-04,80.11000061035156,80.23999786376953,78.36000061035156,78.4800033569336,75.74630737304688,13417700,0.0,0.0
2025-02-05,79.04000091552734,79.5999984741211,78.20999908447266,79.45999908447266,76.69216918945312,10736100,0.0,0.0
2025-02-06,80.23999786376953,82.5,79.93000030517578,82.33000183105469,79.46220397949219,19545700,0.0,0.0
2025-02-07,82.43000030517578,82.91000366210938,81.3499984741211,81.72000122070312,78.87344360351562,10310300,0.0,0.0
2025-02-10,81.62999725341797,81.81999969482422,80.06999969482422,80.7300033569336,77.91792297363281,10681600,0.0,0.0
2025-02-11,80.45999908447266,81.52999877929688,80.22000122070312,81.11000061035156,78.28469848632812,9993800,0.0,0.0
2025-02-12,80.16999816894531,81.29000091552734,80.01000213623047,81.2699966430664,78.43912506103516,10448100,0.0,0.0
2025-02-13,81.4000015258789,82.12999725341797,80.77999877929688,82.0999984741211,79.24020385742188,11108400,0.0,0.0
2025-02-14,82.41000366210938,84.66999816894531,82.2300033569336,84.61000061035156,81.66277313232422,16035000,0.0,0.0
2025-02-18,83.94000244140625,84.73999786376953,83.55000305175781,84.62999725341797,81.68207550048828,17907000,0.0,0.0
2025-02-19,84.05999755859375,84.2300033569336,83.44999694824219,83.94000244140625,81.01611328125,9710800,0.0,0.0
2025-02-20,83.83999633789062,84.05999755859375,80.94000244140625,81.33999633789062,78.50668334960938,15160300,0.0,0.0
2025-02-21,81.80000305175781,81.91000366210938,79.61000061035156,79.6500015258789,76.87555694580078,14907800,0.0,0.0
2025-02-24,80.22000122070312,80.69000244140625,77.06999969482422,78.54000091552734,75.80420684814453,12830000,0.0,0.0
2025-02-25,79.18000030517578,79.56999969482422,76.45999908447266,78.13999938964844,75.41814422607422,14501400,0.0,0.0
2025-02-26,78.80000305175781,80.08999633789062,78.47000122070312,79.06999969482422,76.31575012207031,13115000,0.0,0.0
2025-02-27,79.55999755859375,80.37000274658203,78.66000366210938,78.87000274658203,76.12272644042969,8485900,0.0,0.0
2025-02-28,79.22000122070312,79.97000122070312,77.61000061035156,79.94999694824219,77.16509246826172,21233600,0.0,0.0
2025-03-03,80.0,80.43000030517578,76.25,77.16999816894531,74.48193359375,20121100,0.0,0.0
2025-03-04,74.54000091552734,74.86000061035156,70.62999725341797,72.3499984741211,69.82982635498047,33983900,0.0,0.0
2025-03-05,72.5999984741211,73.52999877929688,71.69999694824219,72.95999908447266,70.4185791015625,17214200,0.0,0.0
2025-03-06,71.80999755859375,72.38999938964844,70.04000091552734,70.58000183105469,68.1214828491211,18550800,0.0,0.0
2025-03-07,70.18000030517578,70.73999786376953,68.06999969482422,70.45999908447266,68.00566864013672,18212900,0.0,0.0
2025-03-10,68.48999786376953,68.7300033569336,66.05000305175781,67.41000366210938,65.06190490722656,22378400,0.0,0.0
2025-03-11,67.29000091552734,68.47000122070312,66.16999816894531,67.5,65.14877319335938,21269200,0.0,0.0
2025-03-12,68.79000091552734,69.11000061035156,66.87000274658203,67.94999694824219,65.58309173583984,16131100,0.0,0.0
2025-03-13,68.4000015258789,69.13999938964844,66.7300033569336,67.2300033569336,64.88816833496094,17125200,0.0,0.0
2025-03-14,67.97000122070312,69.0,67.58000183105469,68.77999877929688,66.38418579101562,12727300,0.0,0.0
2025-03-17,68.88999938964844,70.36000061035156,68.68000030517578,69.94000244140625,67.50377655029297,12531700,0.0,0.0
2025-03-18,69.97000122070312,70.48999786376953,69.58999633789062,70.22000122070312,67.7740249633789,12289900,0.0,0.0
2025-03-19,70.36000061035156,72.18000030517578,69.66999816894531,71.44000244140625,68.95153045654297,14400600,0.0,0.0
2025-03-20,70.9800033569336,72.9800033569336,70.54000091552734,71.81999969482422,69.31829071044922,15315600,0.0,0.0
2025-03-21,71.27999877929688,72.25,70.7699966430664,71.9800033569336,69.47271728515625,21724000,0.0,0.0
2025-03-24,73.26000213623047,74.3499984741211,72.66999816894531,74.04000091552734,71.4609603881836,15310600,0.0,0.0
2025-03-25,74.3499984741211,74.80000305175781,73.72000122070312,74.47000122070312,71.87599182128906,10922200,0.0,0.0
2025-03-26,74.81999969482422,75.05999755859375,73.05999755859375,73.23999786376953,70.68882751464844,12345800,0.0,0.0
2025-03-27,72.98999786376953,72.98999786376953,71.76000213623047,71.8499984741211,69.34725189208984,13155800,0.0,0.0
2025-03-28,71.58999633789062,72.19999694824219,69.68000030517578,70.33000183105469,67.88018798828125,13630700,0.0,0.0
2025-03-31,69.5,71.19999694824219,68.41000366210938,70.98999786376953,68.51719665527344,15568400,0.0,0.0
2025-04-01,70.37999725341797,70.87999725341797,69.27999877929688,70.54000091552734,68.08287811279297,10957100,0.0,0.0
2025-04-02,69.66999816894531,71.95999908447266,69.5999984741211,71.76000213623047,69.26038360595703,9731700,0.0,0.0
2025-04-03,66.16999816894531,66.80000305175781,62.900001525878906,63.04999923706055,60.85377502441406,39469500,0.0,0.0
2025-04-04,60.25,60.41999816894531,56.310001373291016,58.130001068115234,56.10515594482422,51730500,0.0,0.0
2025-04-07,56.15999984741211,61.33000183105469,55.5099983215332,58.849998474121094,56.80007553100586,37487700,0.0,0.0
2025-04-08,61.2400016784668,62.65999984741211,57.56999969482422,58.77000045776367,56.72286605834961,30272300,0.0,0.0
2025-04-09,56.7599983215332,65.75,56.06999969482422,64.1500015258789,61.915462493896484,49437900,0.0,0.0
2025-04-10,62.09000015258789,62.5,59.08000183105469,61.59000015258789,59.444637298583984,25912800,0.0,0.0
2025-04-11,60.880001068115234,62.310001373291016,59.91999816894531,61.63999938964844,59.492889404296875,24776000,0.0,0.0
2025-04-14,63.349998474121094,64.43000030517578,62.70000076293945,63.220001220703125,61.017852783203125,20385900,0.0,0.0
2025-04-15,64.19000244140625,66.29000091552734,63.84000015258789,64.33000183105469,62.08919143676758,24738400,0.0,0.0
2025-04-16,63.060001373291016,63.81999969482422,61.29999923706055,62.099998474121094,59.93687057495117,21922600,0.0,0.0
2025-04-17,62.18000030517578,63.779998779296875,61.84000015258789,63.25,61.04681396484375,14656300,0.0,0.0
2025-04-21,62.75,63.13999938964844,61.95000076293945,62.689998626708984,60.506317138671875,15136000,0.0,0.0
2025-04-22,63.52000045776367,64.97000122070312,63.5099983215332,64.55000305175781,62.3015251159668,13252300,0.0,0.0
2025-04-23,66.47000122070312,68.81999969482422,66.16000366210938,66.30000305175781,63.99057388305664,17243900,0.0,0.0
2025-04-24,66.26000213623047,68.33999633789062,65.77999877929688,68.16000366210938,65.78578186035156,13672300,0.0,0.0
2025-04-25,67.86000061035156,68.70999908447266,67.76000213623047,68.43000030517578,66.04638671875,12253400,0.0,0.0
2025-04-28,68.66000366210938,69.4000015258789,67.7699966430664,68.27999877929688,65.90159606933594,14304800,0.0,0.0
2025-04-29,68.02999877929688,69.11000061035156,67.97000122070312,68.87999725341797,66.48069763183594,8862800,0.0,0.0
2025-04-30,67.51000213623047,68.66000366210938,66.72000122070312,68.37999725341797,65.99811553955078,15756500,0.0,0.0
2025-05-01,68.20999908447266,68.9000015258789,67.88999938964844,68.13999938964844,65.7664794921875,9682300,0.0,0.0
2025-05-02,69.58000183105469,70.83000183105469,69.36000061035156,70.58999633789062,68.1311264038086,13291200,0.0,0.0
2025-05-05,69.27999877929688,70.94000244140625,69.23999786376953,70.23999786376953,68.33544158935547,10318500,0.56,0.0
2025-05-06,69.44999694824219,70.2699966430664,69.16999816894531,69.47000122070312,67.58631896972656,7744300,0.0,0.0
2025-05-07,69.75,70.69000244140625,69.6500015258789,70.25,68.34516906738281,11619200,0.0,0.0
2025-05-08,71.0,72.23999786376953,70.94999694824219,71.63999938964844,69.69747924804688,12698400,0.0,0.0
2025-05-09,72.04000091552734,72.26000213623047,71.29000091552734,71.44999694824219,69.51262664794922,8941900,0.0,0.0
2025-05-12,74.5999984741211,75.6500015258789,74.29000091552734,74.91000366210938,72.87881469726562,18464100,0.0,0.0
2025-05-13,75.12999725341797,76.2699966430664,75.02999877929688,75.56999969482422,73.52091979980469,12397800,0.0,0.0
2025-05-14,75.62999725341797,75.86000061035156,74.97000122070312,75.29000091552734,73.2485122680664,11372000,0.0,0.0
2025-05-15,74.58999633789062,76.16999816894531,74.47000122070312,75.95999908447266,73.90035247802734,12627700,0.0,0.0
2025-05-16,75.37999725341797,75.88999938964844,75.12000274658203,75.72000122070312,73.66685485839844,14008700,0.0,0.0
2025-05-19,75.0,76.31999969482422,74.79000091552734,76.12999725341797,74.06572723388672,12691700,0.0,0.0
2025-05-20,75.8499984741211,76.05000305175781,75.41999816894531,75.9000015258789,73.84197235107422,8930900,0.0,0.0
2025-05-21,74.9800033569336,75.41999816894531,73.19999694824219,73.41999816894531,71.42921447753906,17143800,0.0,0.0
2025-05-22,73.22000122070312,73.91000366210938,72.91999816894531,73.41999816894531,71.42921447753906,12067800,0.0,0.0
2025-05-23,71.6500015258789,73.4000015258789,71.6500015258789,73.08999633789062,71.108154296875,9851900,0.0,0.0
2025-05-27,74.16000366210938,75.55000305175781,73.48999786376953,75.47000122070312,73.42362976074219,12148500,0.0,0.0
2025-05-28,75.56999969482422,75.75,74.79000091552734,75.02999877929688,72.99555969238281,9993200,0.0,0.0
2025-05-29,75.5999984741211,75.72000122070312,74.68000030517578,75.52999877929688,73.48199462890625,11879200,0.0,0.0
2025-05-30,75.30999755859375,75.5199966430664,74.4800033569336,75.31999969482422,73.27770233154297,12512200,0.0,0.0
2025-06-02,75.16000366210938,75.9000015258789,74.30000305175781,75.80000305175781,73.74468231201172,9073400,0.0,0.0
2025-06-03,75.62999725341797,76.73999786376953,75.44000244140625,76.52999877929688,74.45488739013672,9802600,0.0,0.0
2025-06-04,76.5,77.58000183105469,76.3499984741211,76.4000015258789,74.32840728759766,10119600,0.0,0.0
2025-06-05,76.61000061035156,77.2699966430664,75.66000366210938,76.66999816894531,74.5910873413086,14760500,0.0,0.0
2025-06-06,77.70999908447266,78.41000366210938,77.4800033569336,78.26000213623047,76.13797760009766,11515200,0.0,0.0
2025-06-09,78.5999984741211,78.91000366210938,78.11000061035156,78.16999816894531,76.0504150390625,9288000,0.0,0.0
2025-06-10,77.83000183105469,78.31999969482422,77.5199966430664,78.02999877929688,75.91421508789062,10942400,0.0,0.0
2025-06-11,78.19999694824219,78.91999816894531,77.86000061035156,78.37999725341797,76.25472259521484,9030500,0.0,0.0
2025-06-12,77.80000305175781,78.26000213623047,77.33999633789062,78.2300033569336,76.10879516601562,6739700,0.0,0.0
2025-06-13,77.04000091552734,77.2300033569336,76.11000061035156,76.36000061035156,74.28949737548828,11987200,0.0,0.0
2025-06-16,77.12999725341797,78.30000305175781,76.94999694824219,78.06999969482422,75.95313262939453,10396600,0.0,0.0
2025-06-17,77.5,77.98999786376953,77.11000061035156,77.36000061035156,75.26238250732422,8078600,0.0,0.0
2025-06-18,77.4000015258789,78.97000122070312,77.26000213623047,78.3499984741211,76.22553253173828,14866100,0.0,0.0
2025-06-20,78.87999725341797,79.2699966430664,78.33000183105469,78.44999694824219,76.32282257080078,17336500,0.0,0.0
2025-06-23,78.37000274658203,79.44999694824219,77.51000213623047,79.36000061035156,77.2081527709961,12007200,0.0,0.0
2025-06-24,80.0,81.44999694824219,79.87999725341797,81.13999938964844,78.93988037109375,18393000,0.0,0.0
2025-06-25,81.13999938964844,82.70999908447266,81.08000183105469,82.62999725341797,80.38948822021484,13221900,0.0,0.0
2025-06-26,82.66999816894531,84.79000091552734,82.66999816894531,84.37000274658203,82.08231353759766,18600500,0.0,0.0
2025-06-27,84.48999786376953,84.56999969482422,83.80999755859375,84.37999725341797,82.09202575683594,21872400,0.0,0.0
2025-06-30,84.9000015258789,85.44000244140625,84.61000061035156,85.12000274658203,82.81197357177734,18035200,0.0,0.0
2025-07-01,85.0,86.4800033569336,84.7699966430664,86.2699966430664,83.9307861328125,17088900,0.0,0.0
2025-07-02,86.48999786376953,86.93000030517578,85.45999908447266,86.76000213623047,84.40750885009766,13420200,0.0,0.0
2025-07-03,87.12999725341797,88.80000305175781,86.8499984741211,88.72000122070312,86.31436157226562,13229900,0.0,0.0
2025-07-07,88.12999725341797,88.83000183105469,87.13999938964844,87.5999984741211,85.22472381591797,12407300,0.0,0.0
2025-07-08,87.61000061035156,87.79000091552734,85.4800033569336,85.56999969482422,83.24977111816406,18075600,0.0,0.0
2025-07-09,86.63999938964844,86.63999938964844,85.58999633789062,85.79000091552734,83.46380615234375,9929400,0.0,0.0
2025-07-10,85.83000183105469,87.08000183105469,85.76000213623047,87.08000183105469,84.71882629394531,9586100,0.0,0.0
2025-07-11,85.91999816894531,86.95999908447266,85.62000274658203,86.7300033569336,84.3783187866211,10256000,0.0,0.0
2025-07-14,86.4800033569336,87.52999877929688,86.22000122070312,87.5,85.12744140625,13450800,0.0,0.0
2025-07-15,88.6500015258789,91.80000305175781,88.12000274658203,90.72000122070312,88.26012420654297,39270900,0.0,0.0
2025-07-16,91.4800033569336,91.62000274658203,88.2300033569336,90.0199966430664,87.5791015625,23321000,0.0,0.0
2025-07-17,90.12999725341797,93.19999694824219,89.87999725341797,93.08999633789062,90.56585693359375,23949200,0.0,0.0
2025-07-18,93.1500015258789,93.80000305175781,92.73999786376953,93.44999694824219,90.91609954833984,16603700,0.0,0.0
2025-07-21,93.58999633789062,94.08000183105469,92.52999877929688,92.6500015258789,90.13780212402344,11894500,0.0,0.0
2025-07-22,93.56999969482422,94.4800033569336,92.72000122070312,94.0,91.4511947631836,15282600,0.0,0.0
2025-07-23,94.5,95.98999786376953,94.4800033569336,95.98999786376953,93.3872299194336,22339800,0.0,0.0
2025-07-24,96.29000091552734,96.91000366210938,95.30000305175781,95.38999938964844,92.80350494384766,15644400,0.0,0.0
2025-07-25,95.38999938964844,96.19000244140625,94.43000030517578,96.06999969482422,93.4650650024414,13543400,0.0,0.0
2025-07-28,96.06999969482422,96.19999694824219,95.06999969482422,95.55000305175781,92.95915985107422,19370700,0.0,0.0
2025-07-29,96.0,96.11000061035156,94.36000061035156,94.4800033569336,91.91818237304688,13169900,0.0,0.0
2025-07-30,94.9000015258789,95.98999786376953,94.58000183105469,95.80999755859375,93.21210479736328,13998000,0.0,0.0
2025-07-31,95.47000122070312,96.1500015258789,93.55000305175781,93.69999694824219,91.15930938720703,14638800,0.0,0.0
2025-08-01,91.8499984741211,92.02999877929688,87.94000244140625,91.83000183105469,89.34003448486328,17725600,0.0,0.0
2025-08-04,91.75,92.81999969482422,91.52999877929688,92.08000183105469,90.17241668701172,11611400,0.6,0.0
2025-08-05,92.33000183105469,92.72000122070312,89.68000030517578,91.5199966430664,89.62401580810547,19836100,0.0,0.0
2025-08-06,91.87999725341797,92.62999725341797,91.61000061035156,92.2300033569336,90.3193130493164,13153600,0.0,0.0
2025-08-07,93.23999786376953,93.25,91.0999984741211,91.2300033569336,89.34003448486328,12964000,0.0,0.0
2025-08-08,91.97000122070312,93.29000091552734,91.33999633789062,92.7300033569336,90.80895233154297,10772600,0.0,0.0
2025-08-11,93.02999877929688,93.16999816894531,90.80000305175781,92.30999755859375,90.39765167236328,12133300,0.0,0.0
2025-08-12,93.22000122070312,95.76000213623047,93.01000213623047,95.73999786376953,93.756591796875,21046400,0.0,0.0
2025-08-13,96.0,96.19999694824219,94.58000183105469,94.6500015258789,92.68917846679688,16605000,0.0,0.0
2025-08-14,94.45999908447266,95.48999786376953,94.2300033569336,95.45999908447266,93.48239135742188,13288800,0.0,0.0
2025-08-15,95.45999908447266,95.5,93.58999633789062,93.69000244140625,91.74906921386719,12000400,0.0,0.0
2025-08-18,93.3499984741211,94.36000061035156,93.33000183105469,94.22000122070312,92.26808166503906,8780700,0.0,0.0
2025-08-19,93.97000122070312,94.3499984741211,93.43000030517578,93.73999786376953,91.79802703857422,11504400,0.0,0.0
2025-08-20,93.52999877929688,93.75,90.68000030517578,93.16999816894531,91.23983764648438,13447400,0.0,0.0
2025-08-21,92.8499984741211,92.86000061035156,91.45999908447266,92.58999633789062,90.6718521118164,17635200,0.0,0.0
2025-08-22,92.95999908447266,95.62000274658203,92.83999633789062,95.26000213623047,93.28654479980469,20124400,0.0,0.0
2025-08-25,95.2300033569336,95.44999694824219,94.87999725341797,95.0,93.03192138671875,8647000,0.0,0.0
2025-08-26,94.68000030517578,95.73999786376953,94.02999877929688,95.72000122070312,93.73699951171875,11031100,0.0,0.0
2025-08-27,95.1500015258789,97.44999694824219,95.08999633789062,96.87000274658203,94.86318969726562,11315600,0.0,0.0
2025-08-28,97.37000274658203,97.48999786376953,96.54000091552734,96.81999969482422,94.81422424316406,10878900,0.0,0.0
2025-08-29,96.6500015258789,96.98999786376953,96.05000305175781,96.56999969482422,94.56941223144531,8362600,0.0,0.0
2025-09-02,95.0199966430664,95.0199966430664,92.95999908447266,94.77999877929688,92.81647491455078,15128800,0.0,0.0
2025-09-03,94.88999938964844,95.23999786376953,93.4000015258789,95.02999877929688,93.0613021850586,14158800,0.0,0.0
2025-09-04,95.30000305175781,97.1500015258789,95.30000305175781,97.08000183105469,95.06883239746094,12900100,0.0,0.0
2025-09-05,97.37000274658203,97.9800033569336,94.1500015258789,95.4000015258789,93.42364501953125,17020800,0.0,0.0
2025-09-08,95.86000061035156,95.97000122070312,94.63999938964844,95.87000274658203,93.88390350341797,11398800,0.0,0.0
2025-09-09,95.5,98.13999938964844,95.44999694824219,97.33999633789062,95.32344055175781,18101600,0.0,0.0
2025-09-10,97.5,98.37999725341797,96.51000213623047,97.16999816894531,95.15696716308594,12238300,0.0,0.0
2025-09-11,97.3499984741211,99.04000091552734,96.88999938964844,98.81999969482422,96.77278137207031,13426500,0.0,0.0
2025-09-12,98.77999877929688,99.69999694824219,98.44000244140625,99.44000244140625,97.37995147705078,9502900,0.0,0.0
2025-09-15,99.80000305175781,100.16999816894531,99.4000015258789,99.79000091552734,97.72269439697266,10620100,0.0,0.0
2025-09-16,99.86000061035156,100.8499984741211,99.20999908447266,100.63999938964844,98.55508422851562,12350700,0.0,0.0
2025-09-17,100.48999786376953,102.20999908447266,100.41000366210938,101.76000213623047,99.6518783569336,14371600,0.0,0.0
2025-09-18,101.97000122070312,102.69999694824219,101.69000244140625,102.41000366210938,100.28841400146484,11677600,0.0,0.0
2025-09-19,102.54000091552734,103.12999725341797,101.87000274658203,102.68000030517578,100.55282592773438,24745700,0.0,0.0
2025-09-22,101.76000213623047,103.80999755859375,101.69999694824219,103.48999786376953,101.34603881835938,11474500,0.0,0.0
2025-09-23,103.52999877929688,105.58999633789062,102.41000366210938,103.0,100.86619567871094,15747900,0.0,0.0
2025-09-24,103.38999938964844,104.06999969482422,101.62000274658203,101.6500015258789,99.5441665649414,12272400,0.0,0.0
2025-09-25,101.02999877929688,102.26000213623047,100.1500015258789,102.11000061035156,99.99462890625,11232900,0.0,0.0
2025-09-26,102.51000213623047,104.31999969482422,102.51000213623047,103.41999816894531,101.2774887084961,11296300,0.0,0.0
2025-09-29,104.1500015258789,104.38999938964844,102.87999725341797,103.16000366210938,101.02288818359375,10748700,0.0,0.0
2025-09-30,103.0999984741211,103.62000274658203,99.13999938964844,101.5,99.39726257324219,17789100,0.0,0.0
2025-10-01,100.94000244140625,101.13999938964844,98.62000274658203,98.70999908447266,96.6650619506836,13793300,0.0,0.0
2025-10-02,99.08000183105469,99.44999694824219,96.69999694824219,97.33999633789062,95.32344055175781,14511900,0.0,0.0
2025-10-03,97.33999633789062,98.58000183105469,97.30000305175781,97.73999786376953,95.71515655517578,13863600,0.0,0.0
2025-10-06,99.19999694824219,100.05999755859375,97.04000091552734,98.05000305175781,96.01874542236328,10398000,0.0,0.0
2025-10-07,98.44999694824219,98.86000061035156,96.68000030517578,97.80000305175781,95.77391815185547,8519400,0.0,0.0
2025-10-08,98.19000244140625,98.19000244140625,96.58999633789062,96.69999694824219,94.69670867919922,8496000,0.0,0.0
2025-10-09,97.0199966430664,97.30000305175781,95.45999908447266,95.91999816894531,93.93286895751953,11300600,0.0,0.0
2025-10-10,96.19999694824219,97.9000015258789,93.66000366210938,93.93000030517578,91.98409271240234,18619500,0.0,0.0
2025-10-13,95.56999969482422,96.95999908447266,95.41000366210938,96.0999984741211,94.109130859375,18463600,0.0,0.0
2025-10-14,95.37000274658203,101.22000122070312,95.04000091552734,99.83999633789062,97.77165222167969,33164600,0.0,0.0
2025-10-15,101.19000244140625,102.1500015258789,98.83999633789062,99.77999877929688,97.71289825439453,15730100,0.0,0.0
2025-10-16,100.20999908447266,100.69999694824219,95.23999786376953,96.26000213623047,94.26582336425781,20534000,0.0,0.0
2025-10-17,96.20999908447266,98.01000213623047,95.27999877929688,97.06999969482422,95.05904388427734,14007800,0.0,0.0
2025-10-20,97.47000122070312,99.5999984741211,97.12000274658203,99.30000305175781,97.24285125732422,11302700,0.0,0.0
2025-10-21,98.93000030517578,99.4000015258789,97.97000122070312,98.25,96.21459197998047,9150100,0.0,0.0
2025-10-22,98.19000244140625,98.4800033569336,95.0,96.30000305175781,94.30499267578125,14369200,0.0,0.0
2025-10-23,96.81999969482422,97.52999877929688,96.30000305175781,96.69000244140625,94.6869125366211,8189100,0.0,0.0
2025-10-24,97.38999938964844,99.51000213623047,97.3499984741211,98.77999877929688,96.7336196899414,11870700,0.0,0.0
2025-10-27,99.30000305175781,101.2300033569336,99.0999984741211,100.98999786376953,98.89783477783203,13214200,0.0,0.0
2025-10-28,101.0,101.52999877929688,100.12999725341797,101.38999938964844,99.28955078125,8766400,0.0,0.0
2025-10-29,101.29000091552734,101.94000244140625,99.02999877929688,99.12000274658203,97.06657409667969,11878800,0.0,0.0
2025-10-30,98.62999725341797,101.45999908447266,98.30999755859375,100.22000122070312,98.14379119873047,9584000,0.0,0.0
2025-10-31,99.9000015258789,101.51000213623047,99.72000122070312,101.2300033569336,99.13286590576172,11190300,0.0,0.0
2025-11-03,100.72000122070312,101.63999938964844,99.05000305175781,101.61000061035156,100.09827423095703,10829100,0.6,0.0
2025-11-04,100.1500015258789,102.55000305175781,98.69000244140625,101.01000213623047,99.50720977783203,13449100,0.0,0.0
2025-11-05,101.25,102.27999877929688,99.01000213623047,101.69000244140625,100.17709350585938,9992400,0.0,0.0
2025-11-06,101.47000122070312,102.33999633789062,99.97000122070312,100.8499984741211,99.3495864868164,9282500,0.0,0.0
2025-11-07,100.01000213623047,100.83000183105469,97.37000274658203,100.79000091552734,99.29048156738281,14887100,0.0,0.0
2025-11-10,101.26000213623047,102.9000015258789,100.30999755859375,101.48999786376953,99.98006439208984,11270600,0.0,0.0
2025-11-11,101.63999938964844,102.08999633789062,100.30999755859375,100.76000213623047,99.26092529296875,9639500,0.0,0.0
2025-11-12,101.20999908447266,103.86000061035156,101.18000030517578,102.87000274658203,101.33953857421875,15069200,0.0,0.0
2025-11-13,102.44999694824219,103.56999969482422,100.47000122070312,100.66999816894531,99.1722640991211,11427000,0.0,0.0
2025-11-14,99.83000183105469,101.55000305175781,98.1500015258789,100.30000305175781,98.80776977539062,10134500,0.0,0.0
2025-11-17,100.08000183105469,100.27999877929688,97.22000122070312,98.19000244140625,96.72916412353516,11389600,0.0,0.0
2025-11-18,97.5,99.56999969482422,96.37999725341797,98.31999969482422,96.85722351074219,10463700,0.0,0.0
2025-11-19,98.16999816894531,100.58999633789062,98.08999633789062,99.83000183105469,98.34476470947266,8426800,0.0,0.0
2025-11-20,101.06999969482422,102.86000061035156,97.45999908447266,97.62999725341797,96.177490234375,12633700,0.0,0.0
2025-11-21,98.12999725341797,99.33000183105469,95.83000183105469,98.69999694824219,97.23157501220703,14404700,0.0,0.0
2025-11-24,98.72000122070312,100.62000274658203,98.5999984741211,99.69000244140625,98.20684814453125,17389200,0.0,0.0
2025-11-25,100.36000061035156,101.75,99.52999877929688,101.16999816894531,99.66482543945312,10881900,0.0,0.0
2025-11-26,101.72000122070312,103.30000305175781,101.45999908447266,102.5,100.97503662109375,11384100,0.0,0.0
2025-11-28,102.80000305175781,104.37000274658203,102.51000213623047,103.5999984741211,102.05867767333984,5865200,0.0,0.0
2025-12-01,103.0999984741211,104.3499984741211,102.41000366210938,102.68000030517578,101.1523666381836,9663700,0.0,0.0
2025-12-02,103.5999984741211,104.19999694824219,103.01000213623047,103.19000244140625,101.65476989746094,8056900,0.0,0.0
2025-12-03,103.0999984741211,106.98999786376953,103.0999984741211,106.72000122070312,105.13225555419922,14003600,0.0,0.0
2025-12-04,106.66000366210938,108.70999908447266,106.62999725341797,107.79000091552734,106.18634033203125,12811300,0.0,0.0
2025-12-05,107.66999816894531,109.37000274658203,107.51000213623047,108.87999725341797,107.26011657714844,14936300,0.0,0.0
2025-12-08,109.19999694824219,110.25,107.73999786376953,108.91999816894531,107.29952239990234,11394800,0.0,0.0
2025-12-09,108.80000305175781,109.8499984741211,107.01000213623047,109.43000030517578,107.80194091796875,15822700,0.0,0.0
2025-12-10,109.36000061035156,111.91000366210938,109.26000213623047,111.08999633789062,109.43724060058594,16584300,0.0,0.0
2025-12-11,111.2699966430664,112.33999633789062,111.11000061035156,111.73999786376953,110.07756805419922,10829700,0.0,0.0
2025-12-12,113.30000305175781,113.43000030517578,111.19000244140625,111.80000305175781,110.13668060302734,11227900,0.0,0.0
2025-12-15,112.44999694824219,113.5199966430664,112.22000122070312,112.80000305175781,111.1218032836914,10692100,0.0,0.0
2025-12-16,112.80000305175781,113.37999725341797,110.55000305175781,111.27999877929688,109.6244125366211,12418200,0.0,0.0
2025-12-17,111.88999938964844,113.01000213623047,110.95999908447266,111.45999908447266,109.80174255371094,9949700,0.0,0.0
2025-12-18,112.22000122070312,113.8499984741211,112.12000274658203,112.83000183105469,111.1513442993164,21155800,0.0,0.0
2025-12-19,113.19999694824219,115.61000061035156,113.05000305175781,114.86000061035156,113.15115356445312,37660800,0.0,0.0
2025-12-22,115.20999908447266,118.6500015258789,114.87000274658203,118.08999633789062,116.33308410644531,20178100,0.0,0.0
2025-12-23,118.16000366210938,120.2699966430664,118.06999969482422,119.4000015258789,117.62360382080078,16135000,0.0,0.0
2025-12-24,119.70999908447266,122.83999633789062,119.25,121.55999755859375,119.75146484375,13529600,0.0,0.0
2025-12-26,121.6500015258789,122.04000091552734,119.66999816894531,120.41999816894531,118.62843322753906,10603700,0.0,0.0
2025-12-29,120.36000061035156,120.56999969482422,117.9800033569336,118.12999725341797,116.37249755859375,11000600,0.0,0.0
2025-12-30,118.29000091552734,118.41000366210938,116.52999877929688,117.20999908447266,115.4661865234375,8636100,0.0,0.0
2025-12-31,117.4000015258789,117.62000274658203,116.37000274658203,116.69000244140625,114.95392608642578,6203300,0.0,0.0
2026-01-02,117.20999908447266,118.72000122070312,116.58999633789062,118.69999694824219,116.93402099609375,9245400,0.0,0.0
2026-01-05,119.30999755859375,124.0999984741211,119.30000305175781,123.30000305175781,121.46558380126953,19993400,0.0,0.0
2026-01-06,123.68000030517578,124.16999816894531,122.20999908447266,122.5,120.67748260498047,11940100,0.0,0.0
2026-01-07,122.30999755859375,122.58000183105469,120.69999694824219,121.37000274658203,119.56430053710938,11595800,0.0,0.0
2026-01-08,120.87999725341797,122.41999816894531,120.16000366210938,120.5999984741211,118.80574798583984,14801500,0.0,0.0
2026-01-09,120.94000244140625,121.73999786376953,120.1500015258789,121.31999969482422,119.5150375366211,7565700,0.0,0.0
2026-01-12,116.9000015258789,118.73999786376953,116.66999816894531,117.69999694824219,115.94889068603516,19926900,0.0,0.0
2026-01-13,117.72000122070312,118.2300033569336,115.54000091552734,116.30000305175781,114.5697250366211,18332300,0.0,0.0
2026-01-14,117.91000366210938,118.75,110.47000122070312,112.41000366210938,110.73760223388672,27984600,0.0,0.0
2026-01-15,113.8499984741211,117.95999908447266,112.75,117.45999908447266,115.71247100830078,18719700,0.0,0.0
2026-01-16,117.80000305175781,119.3499984741211,117.0,118.04000091552734,116.2838363647461,17153800,0.0,0.0
2026-01-20,114.45999908447266,116.5199966430664,112.38999938964844,112.80000305175781,111.1218032836914,20451300,0.0,0.0
2026-01-21,113.13999938964844,115.58999633789062,113.13999938964844,113.86000061035156,112.16602325439453,14199900,0.0,0.0
2026-01-22,114.56999969482422,116.63999938964844,114.05000305175781,115.66000366210938,113.93925476074219,11271500,0.0,0.0
2026-01-23,114.97000122070312,115.62999725341797,113.19999694824219,113.58999633789062,111.9000473022461,12164400,0.0,0.0
2026-01-26,113.9000015258789,115.4800033569336,113.86000061035156,114.81999969482422,113.11174774169922,11728700,0.0,0.0
2026-01-27,114.9000015258789,115.97000122070312,113.69999694824219,114.79000091552734,113.08219146728516,11976800,0.0,0.0
2026-01-28,114.5999984741211,115.70999908447266,113.13999938964844,114.19999694824219,112.50096130371094,11378300,0.0,0.0
2026-01-29,114.83999633789062,116.36000061035156,113.4000015258789,115.19999694824219,113.48609924316406,14443200,0.0,0.0
2026-01-30,114.41999816894531,116.6500015258789,114.18000030517578,115.70999908447266,113.9885025024414,12396600,0.0,0.0
2026-02-02,114.95999908447266,116.9800033569336,114.5999984741211,116.2300033569336,115.09759521484375,11773700,0.6,0.0
2026-02-03,117.0,118.91999816894531,115.37999725341797,117.70999908447266,116.56317138671875,15332100,0.0,0.0
2026-02-04,117.77999877929688,119.94000244140625,116.93000030517578,117.43000030517578,116.28590393066406,12408300,0.0,0.0
2026-02-05,116.41000366210938,116.41000366210938,112.91999816894531,115.73999786376953,114.61236572265625,18704600,0.0,0.0
2026-02-06,117.36000061035156,122.97000122070312,117.36000061035156,122.69000244140625,121.49465942382812,15248800,0.0,0.0
2026-02-09,122.19000244140625,125.16000366210938,121.69000244140625,123.7699966430664,122.56412506103516,12887500,0.0,0.0
2026-02-10,123.72000122070312,125.0,119.5,122.1500015258789,120.95991516113281,12121300,0.0,0.0
2026-02-11,123.58999633789062,124.23999786376953,117.36000061035156,117.38999938964844,116.24628448486328,13771400,0.0,0.0
2026-02-12,118.04000091552734,119.18000030517578,110.94000244140625,111.1500015258789,110.06708526611328,19353300,0.0,0.0
2026-02-13,109.7699966430664,111.43000030517578,108.38999938964844,110.86000061035156,109.7799072265625,16665200,0.0,0.0
2026-02-17,112.30000305175781,114.51000213623047,111.98999786376953,113.77999877929688,112.67145538330078,12314600,0.0,0.0
2026-02-18,115.04000091552734,117.04000091552734,114.97000122070312,116.2699966430664,115.13719940185547,11678900,0.0,0.0
2026-02-19,114.98999786376953,115.91000366210938,114.18000030517578,115.55000305175781,114.4242172241211,8085300,0.0,0.0
2026-02-20,115.26000213623047,116.12999725341797,113.83999633789062,116.0,114.86982727050781,12986800,0.0,0.0
2026-02-23,115.33999633789062,116.91000366210938,108.86000061035156,110.75,109.67098236083984,17996400,0.0,0.0
2026-02-24,109.44999694824219,111.4000015258789,107.5,109.55999755859375,108.49256896972656,14981000,0.0,0.0
2026-02-25,111.31999969482422,114.51000213623047,110.83000183105469,114.33999633789062,113.22600555419922,13649100,0.0,0.0
2026-02-26,114.69999694824219,117.0,114.45999908447266,116.19000244140625,115.0579833984375,14759400,0.0,0.0
2026-02-27,113.18000030517578,113.18000030517578,108.66000366210938,110.19000244140625,109.11644744873047,29106900,0.0,0.0
2026-03-02,106.26000213623047,111.88999938964844,106.19999694824219,111.44999694824219,110.3641586303711,18976600,0.0,0.0
2026-03-03,107.43000030517578,112.37999725341797,106.75,110.76000213623047,109.6808853149414,15813300,0.0,0.0
2026-03-04,111.66999816894531,112.33000183105469,110.48999786376953,111.31999969482422,110.23542785644531,13042200,0.0,0.0
2026-03-05,110.56999969482422,111.5999984741211,107.88999938964844,108.94999694824219,107.88851928710938,15549100,0.0,0.0
2026-03-06,105.19000244140625,106.58999633789062,103.08999633789062,106.52999877929688,105.49209594726562,16586900,0.0,0.0
2026-03-09,104.44999694824219,107.05000305175781,102.01000213623047,106.58999633789062,105.55150604248047,18525600,0.0,0.0
2026-03-10,108.41000366210938,110.91000366210938,107.37000274658203,108.97000122070312,107.9083251953125,17843900,0.0,0.0
2026-03-11,108.33999633789062,109.54000091552734,107.4800033569336,109.19000244140625,108.12618255615234,12958400,0.0,0.0
2026-03-12,106.36000061035156,107.0,104.63999938964844,105.5,104.47213745117188,17487000,0.0,0.0
2026-03-13,106.12000274658203,107.9000015258789,105.38999938964844,105.69000244140625,104.66028594970703,11406900,0.0,0.0
2026-03-16,107.30999755859375,108.69000244140625,106.61000061035156,107.3499984741211,106.30410766601562,11902600,0.0,0.0
2026-03-17,108.5,109.73999786376953,107.41999816894531,107.70999908447266,106.66059875488281,12758400,0.0,0.0
2026-03-18,107.11000061035156,109.55000305175781,107.11000061035156,108.66999816894531,107.61125183105469,12337200,0.0,0.0
2026-03-19,107.33000183105469,110.58000183105469,106.83000183105469,109.8499984741211,108.77974700927734,16714500,0.0,0.0
2026-03-20,109.5999984741211,111.20999908447266,108.86000061035156,109.5199966430664,108.45296478271484,29718400,0.0,0.0
2026-03-23,113.12999725341797,113.38999938964844,110.97000122070312,111.63999938964844,110.55231475830078,16883200,0.0,0.0
2026-03-24,110.16999816894531,114.80000305175781,109.48999786376953,113.73999786376953,112.63185119628906,14105700,0.0,0.0
2026-03-25,114.98999786376953,116.12999725341797,113.58999633789062,114.4800033569336,113.3646469116211,11314900,0.0,0.0
2026-03-26,114.05999755859375,114.79000091552734,111.56999969482422,112.41000366210938,111.3148193359375,12689900,0.0,0.0
2026-03-27,111.06999969482422,111.86000061035156,106.95999908447266,107.37999725341797,106.33381652832031,23143000,0.0,0.0
2026-03-30,108.45999908447266,109.41999816894531,106.5199966430664,107.2699966430664,106.22488403320312,20319300,0.0,0.0
2026-03-31,109.0999984741211,113.7699966430664,108.3499984741211,113.41000366210938,112.3050765991211,18267700,0.0,0.0
2026-04-01,115.47000122070312,116.79000091552734,114.06999969482422,115.30000305175781,114.17665100097656,13273700,0.0,0.0
2026-04-02,112.31999969482422,115.61000061035156,111.75,115.25,114.12713623046875,9833900,0.0,0.0
2026-04-06,115.80000305175781,117.69999694824219,115.80000305175781,117.36000061035156,116.21658325195312,13319700,0.0,0.0
2026-04-07,116.4800033569336,117.69999694824219,115.75,117.12999725341797,115.98882293701172,8450100,0.0,0.0
2026-04-08,121.94999694824219,124.48999786376953,121.7300033569336,123.48999786376953,122.28685760498047,16312000,0.0,0.0
2026-04-09,122.80999755859375,125.4800033569336,122.33000183105469,124.91999816894531,123.70292663574219,8835400,0.0,0.0
2026-04-10,125.23999786376953,125.47000122070312,123.61000061035156,124.38999938964844,123.17809295654297,8958000,0.0,0.0
2026-04-13,123.01000213623047,126.30999755859375,122.3499984741211,126.27999877929688,125.04967498779297,14416800,0.0,0.0
2026-04-14,128.07000732421875,130.99000549316406,126.8499984741211,129.5800018310547,128.31752014160156,17034700,0.0,0.0
2026-04-15,131.25,132.86000061035156,130.57000732421875,131.69000244140625,130.40696716308594,14738900,0.0,0.0
2026-04-16,131.24000549316406,132.77000427246094,129.22000122070312,129.33999633789062,128.07986450195312,9290300,0.0,0.0
2026-04-17,131.0800018310547,133.57000732421875,130.66000366210938,132.17999267578125,130.89219665527344,15929400,0.0,0.0
2026-04-20,131.97999572753906,133.44000244140625,131.64999389648438,133.0500030517578,131.75372314453125,10151800,0.0,0.0
2026-04-21,133.60000610351562,135.2899932861328,131.25999450683594,131.67999267578125,130.39706420898438,8081400,0.0,0.0
2026-04-22,132.41000366210938,132.47000122070312,129.39999389648438,129.72999572753906,128.466064453125,10439100,0.0,0.0
2026-04-23,129.49000549316406,129.99000549316406,126.83999633789062,128.50999450683594,127.25794219970703,9084600,0.0,0.0
2026-04-24,128.27999877929688,129.05999755859375,127.5,127.9800033569336,126.73311614990234,6835000,0.0,0.0
2026-04-27,127.86000061035156,129.39999389648438,127.63999938964844,129.13999938964844,127.8818130493164,6155900,0.0,0.0
2026-04-28,130.4600067138672,131.30999755859375,128.00999450683594,128.52999877929688,127.27775573730469,9585300,0.0,0.0
2026-04-29,128.55999755859375,128.9199981689453,126.58000183105469,127.61000061035156,126.3667221069336,12796000,0.0,0.0
2026-04-30,127.69999694824219,128.9199981689453,126.55000305175781,127.9800033569336,126.73311614990234,12127700,0.0,0.0
2026-05-01,128.63999938964844,130.47999572753906,126.86000061035156,127.44000244140625,126.19837951660156,10616500,0.0,0.0
2026-05-04,126.86000061035156,127.05000305175781,124.5999984741211,125.62999725341797,124.99449157714844,15027900,0.6,0.0
2026-05-05,126.30999755859375,128.5800018310547,126.05000305175781,128.00999450683594,127.3624496459961,13566900,0.0,0.0
2026-05-06,130.49000549316406,131.5800018310547,127.47000122070312,127.5999984741211,126.95452880859375,13363800,0.0,0.0
2026-05-07,127.62000274658203,131.22999572753906,127.05999755859375,129.08999633789062,128.43699645996094,18802300,0.0,0.0
2026-05-08,130.19000244140625,131.9499969482422,125.22000122070312,125.55000305175781,124.91490173339844,17505500,0.0,0.0
2026-05-11,125.87000274658203,128.08999633789062,124.69000244140625,125.8499984741211,125.21338653564453,11377100,0.0,0.0
2026-05-12,126.06999969482422,126.55999755859375,123.25,126.44000244140625,125.80039978027344,9937100,0.0,0.0
2026-05-13,125.0,125.8499984741211,123.76000213623047,124.0999984741211,123.47223663330078,7207100,0.0,0.0
2026-05-14,125.08000183105469,126.3499984741211,123.4800033569336,124.81999969482422,124.18859100341797,8226300,0.0,0.0
2026-05-15,124.4800033569336,124.5,122.7300033569336,123.41999816894531,122.7956771850586,7762100,0.0,0.0
2026-05-18,123.30999755859375,124.44999694824219,121.80999755859375,122.41000366210938,121.79078674316406,8770600,0.0,0.0
2026-05-19,121.44999694824219,121.44999694824219,119.76000213623047,119.97000122070312,119.36312866210938,11092200,0.0,0.0
2026-05-20,120.97000122070312,125.27999877929688,119.88999938964844,124.81999969482422,124.18859100341797,11182000,0.0,0.0
2026-05-21,124.02999877929688,125.44999694824219,123.27999877929688,125.22000122070312,124.5865707397461,6834900,0.0,0.0
2026-05-22,125.98999786376953,126.48999786376953,124.87999725341797,125.08999633789062,124.45722198486328,6331000,0.0,0.0
2026-05-26,126.25,127.43000030517578,125.26000213623047,126.86000061035156,126.21827697753906,8966900,0.0,0.0
2026-05-27,127.08999633789062,127.7699966430664,124.45999908447266,125.38999938964844,124.7557144165039,8246300,0.0,0.0
2026-05-28,124.47000122070312,125.3499984741211,123.23999786376953,124.68000030517578,124.04930114746094,7933200,0.0,0.0
2026-05-29,124.6500015258789,126.8499984741211,123.5199966430664,125.9000015258789,125.26313018798828,17325700,0.0,0.0
2026-06-01,124.08000183105469,129.10000610351562,123.5999984741211,129.08999633789062,128.43699645996094,12543700,0.0,0.0
2026-06-02,128.69000244140625,132.4600067138672,128.69000244140625,131.25999450683594,130.59600830078125,13589300,0.0,0.0
2026-06-03,130.92999267578125,131.85000610351562,128.27000427246094,129.92999267578125,129.27273559570312,11146400,0.0,0.0
2026-06-04,131.27000427246094,135.6699981689453,130.8699951171875,135.14999389648438,134.46633911132812,11482600,0.0,0.0
2026-06-05,135.41000366210938,135.8300018310547,131.19000244140625,132.47000122070312,131.79989624023438,12557900,0.0,0.0
2026-06-08,133.39999389648438,134.8800048828125,132.97000122070312,133.27999877929688,132.60580444335938,11550500,0.0,0.0
2026-06-09,134.72999572753906,135.92999267578125,131.9199981689453,134.72999572753906,134.0484619140625,11663300,0.0,0.0
2026-06-10,134.19000244140625,137.1199951171875,132.55999755859375,133.3800048828125,132.70529174804688,15085500,0.0,0.0
2026-06-11,134.39999389648438,138.22999572753906,133.80999755859375,138.07000732421875,137.37158203125,12464200,0.0,0.0
2026-06-12,139.75,141.1199951171875,138.2100067138672,139.8300018310547,139.12266540527344,10359700,0.0,0.0
2026-06-15,142.42999267578125,143.55999755859375,140.8800048828125,141.2100067138672,140.49569702148438,12775600,0.0,0.0
2026-06-16,143.0399932861328,143.5,141.0500030517578,142.99000549316406,142.26669311523438,13234700,0.0,0.0
2026-06-17,143.1999969482422,146.5399932861328,143.0399932861328,143.77999877929688,143.0526885986328,13140300,0.0,0.0
2026-06-18,146.49000549316406,147.9600067138672,143.0399932861328,143.05999755859375,142.33631896972656,29331200,0.0,0.0
2026-06-22,144.7100067138672,146.3699951171875,144.47999572753906,145.6699981689453,144.93312072753906,14979400,0.0,0.0
2026-06-23,144.1300048828125,146.13999938964844,143.13999938964844,144.97000122070312,144.23666381835938,13297300,0.0,0.0
2026-06-24,144.99000549316406,145.9199981689453,143.17999267578125,143.58999633789062,142.8636474609375,13904300,0.0,0.0
2026-06-25,144.88999938964844,147.7899932861328,144.82000732421875,144.97999572753906,144.24661254882812,12155900,0.0,0.0
2026-06-26,144.6300048828125,145.10000610351562,140.75999450683594,141.75999450683594,141.0428924560547,17927100,0.0,0.0
2026-06-29,141.85000610351562,143.83999633789062,141.42999267578125,142.49000549316406,141.7692108154297,9526100,0.0,0.0
2026-06-30,141.0,141.89999389648438,139.3800048828125,139.9600067138672,139.25201416015625,22118600,0.0,0.0
2026-07-01,140.24000549316406,141.27999877929688,138.25999450683594,140.1300048828125,139.42115783691406,13702800,0.0,0.0
2026-07-02,141.8800048828125,142.11000061035156,138.22000122070312,139.97000122070312,139.261962890625,9500100,0.0,0.0
2026-07-06,141.8699951171875,143.88999938964844,141.55999755859375,143.86000061035156,143.1322784423828,14139700,0.0,0.0
2026-07-07,144.05999755859375,144.7100067138672,140.66000366210938,140.77000427246094,140.05792236328125,9737600,0.0,0.0
2026-07-08,140.13999938964844,140.24000549316406,137.14999389648438,137.38999938964844,136.69500732421875,9831400,0.0,0.0
2026-07-09,138.75999450683594,139.83999633789062,138.00999450683594,139.57000732421875,138.86398315429688,10269000,0.0,0.0
2026-07-10,141.38999938964844,141.44000244140625,139.75,140.7899932861328,140.0778045654297,10517800,0.0,0.0
2026-07-13,141.10000610351562,141.47000122070312,137.57000732421875,140.7100067138672,139.9982147216797,12439900,0.0,0.0
2026-07-14,137.74000549316406,144.2899932861328,132.16000366210938,133.27000427246094,132.59585571289062,32127800,0.0,0.0
2026-07-15,134.0800018310547,135.1199951171875,131.77000427246094,134.88999938964844,134.20765686035156,18092200,0.0,0.0
2026-07-16,134.72000122070312,135.0,131.2100067138672,131.7100067138672,131.0437469482422,13763500,0.0,0.0
2026-07-17,129.44000244140625,131.25,127.08000183105469,129.36000061035156,128.70562744140625,15691900,0.0,0.0
2026-07-20,129.55999755859375,131.27000427246094,128.44000244140625,128.72000122070312,128.06886291503906,10961300,0.0,0.0
2026-07-21,129.57000732421875,133.5399932861328,129.1699981689453,132.83999633789062,132.1680145263672,11224200,0.0,0.0
2026-07-22,132.72000122070312,133.91000366210938,132.10000610351562,132.25,131.5810089111328,10635500,0.0,0.0
2026-07-23,130.5,132.47000122070312,130.02000427246094,131.8800048828125,131.212890625,10724500,0.0,0.0
2026-07-24,132.24000549316406,133.27999877929688,131.39999389648438,132.19000244140625,131.5213165283203,10822000,0.0,0.0
2026-07-27,134.25,135.35000610351562,131.02000427246094,133.10000610351562,132.4267120361328,12451600,0.0,0.0
2026-07-28,132.77999877929688,133.0,130.75,132.47000122070312,131.79989624023438,9420800,0.0,0.0
2026-07-29,131.75999450683594,132.42999267578125,126.77999877929688,127.12999725341797,126.48690795898438,12942600,0.0,0.0
2026-07-30,128.97000122070312,132.5800018310547,128.8000030517578,132.32000732421875,131.65066528320312,10467700,0.0,0.0
2026-07-31,133.5500030517578,135.44000244140625,131.94000244140625,132.4499969482422,131.77999877929688,9604900,0.0,0.0
2026-08-03,132.47000122070312,133.6199951171875,131.17999267578125,133.57000732421875,133.57000732421875,8084100,0.67,0.0
2026-08-04,134.32000732421875,138.0500030517578,134.32000732421875,136.8699951171875,136.8699951171875,12152500,0.0,0.0
2026-08-05,137.3000030517578,139.1699981689453,137.13999938964844,137.63999938964844,137.63999938964844,12028300,0.0,0.0
2026-08-06,138.33999633789062,139.25999450683594,133.66000366210938,133.82000732421875,133.82000732421875,8882600,0.0,0.0
2026-08-07,133.82000732421875,135.24000549316406,132.52000427246094,135.0,135.0,10160300,0.0,0.0
2026-08-10,134.8699951171875,136.13999938964844,134.47000122070312,135.22000122070312,135.22000122070312,7077300,0.0,0.0
2026-08-11,135.91000366210938,137.14999389648438,135.33999633789062,135.77000427246094,135.77000427246094,5067500,0.0,0.0
2026-08-12,136.8699951171875,138.58999633789062,136.41000366210938,137.5800018310547,137.5800018310547,6060400,0.0,0.0
2026-08-13,138.2899932861328,139.05999755859375,137.10000610351562,138.72999572753906,138.72999572753906,9507100,0.0,0.0
2026-08-14,138.16000366210938,140.27999877929688,138.16000366210938,139.3300018310547,139.3300018310547,6829700,0.0,0.0
2026-08-17,139.25,140.8800048828125,137.80999755859375,138.50999450683594,138.50999450683594,8949800,0.0,0.0
2026-08-18,137.3000030517578,138.2100067138672,136.4499969482422,137.64999389648438,137.64999389648438,7079800,0.0,0.0
2026-08-19,137.74000549316406,137.7899932861328,132.35000610351562,132.88999938964844,132.88999938964844,10383200,0.0,0.0
2026-08-20,132.5,133.0800018310547,129.61000061035156,129.6699981689453,129.6699981689453,7830500,0.0,0.0
2026-08-21,131.22000122070312,132.25,130.33999633789062,131.64999389648438,131.64999389648438,11274100,0.0,0.0
2026-08-24,131.38999938964844,132.63999938964844,131.00999450683594,131.72000122070312,131.72000122070312,9324500,0.0,0.0
2026-08-25,132.77000427246094,133.67999267578125,131.5,133.25,133.25,6701300,0.0,0.0
2026-08-26,133.5399932861328,133.82000732421875,132.25,133.55999755859375,133.55999755859375,4543300,0.0,0.0
2026-08-27,132.9499969482422,133.9600067138672,131.77999877929688,132.67999267578125,132.67999267578125,11622100,0.0,0.0
2026-08-28,132.97999572753906,133.6300048828125,132.32000732421875,132.89999389648438,132.89999389648438,12092000,0.0,0.0
2026-08-31,132.30999755859375,132.47999572753906,131.3300018310547,131.6199951171875,131.6199951171875,7553300,0.0,0.0
2026-09-01,131.07000732421875,134.61000061035156,130.1999969482422,132.5399932861328,132.5399932861328,6949500,0.0,0.0
2026-09-02,133.8000030517578,136.1999969482422,132.6999969482422,134.33999633789062,134.33999633789062,7677600,0.0,0.0
2026-09-03,135.22000122070312,138.5500030517578,134.8300018310547,138.13999938964844,138.13999938964844,12572900,0.0,0.0
2026-09-04,137.42999267578125,138.11000061035156,135.39999389648438,137.72000122070312,137.72000122070312,5713600,0.0,0.0
2026-09-08,137.17999267578125,137.97999572753906,135.75,136.74000549316406,136.74000549316406,6471000,0.0,0.0
2026-09-09,135.5,138.5500030517578,133.8699951171875,137.8000030517578,137.8000030517578,6652900,0.0,0.0
2026-09-10,137.5500030517578,138.85000610351562,136.57000732421875,138.5,138.5,7124000,0.0,0.0
2026-09-11,140.11000061035156,141.27000427246094,137.3699951171875,138.82000732421875,138.82000732421875,7394600,0.0,0.0
2026-09-14,137.36000061035156,137.92999267578125,132.66000366210938,136.17999267578125,136.17999267578125,15650200,0.0,0.0
2026-09-15,138.0,139.72000122070312,133.92999267578125,136.1699981689453,136.1699981689453,10369800,0.0,0.0
2026-09-16,136.85000610351562,136.88999938964844,131.0500030517578,132.9499969482422,132.9499969482422,9451000,0.0,0.0
2026-09-17,135.1999969482422,135.1999969482422,130.30999755859375,132.6999969482422,132.6999969482422,11699800,0.0,0.0
2026-09-18,132.35000610351562,133.3000030517578,131.5399932861328,131.77000427246094,131.77000427246094,20213500,0.0,0.0
2026-09-21,133.74000549316406,135.72999572753906,132.6199951171875,135.0500030517578,135.0500030517578,10424800,0.0,0.0
2026-09-22,134.8699951171875,135.1699981689453,130.7100067138672,132.47000122070312,132.47000122070312,11482900,0.0,0.0
2026-09-23,131.1999969482422,133.58999633789062,131.1999969482422,131.92999267578125,131.92999267578125,8735100,0.0,0.0
2026-09-24,131.99000549316406,132.75999450683594,130.6199951171875,132.10000610351562,132.10000610351562,8648000,0.0,0.0
2026-09-25,132.85000610351562,134.72000122070312,132.1199951171875,134.27999877929688,134.27999877929688,8082700,0.0,0.0
2026-09-28,133.67999267578125,133.9600067138672,131.05999755859375,131.30999755859375,131.30999755859375,8846300,0.0,0.0
2026-09-29,131.89999389648438,132.25,130.07000732421875,130.8000030517578,130.8000030517578,7605000,0.0,0.0
2026-09-30,130.4199981689453,131.1999969482422,129.4499969482422,129.47999572753906,129.47999572753906,9799100,0.0,0.0
2026-10-01,127.94999694824219,128.92999267578125,123.56999969482422,127.0,127.0,13769900,0.0,0.0
2026-10-02,128.35000610351562,128.72000122070312,126.80999755859375,128.5,128.5,7611000,0.0,0.0
