Date,Open,High,Low,Close,Adj Close,Volume,Dividends,Stock Splits
2015-01-02,15.59000015258789,15.649999618530273,15.180000305175781,15.359999656677246,8.242642402648926,24777900,0.0,0.0
2015-01-05,15.119999885559082,15.130000114440918,14.6899995803833,14.760000228881836,7.920665264129639,44079700,0.0,0.0
2015-01-06,14.880000114440918,14.899999618530273,14.380000114440918,14.619999885559082,7.8455352783203125,32981600,0.0,0.0
2015-01-07,14.779999732971191,15.09000015258789,14.770000457763672,15.039999961853027,8.070919036865234,26065300,0.0,0.0
2015-01-08,15.399999618530273,15.479999542236328,15.229999542236328,15.420000076293945,8.2748384475708,33943400,0.0,0.0
2015-01-09,15.460000038146973,15.470000267028809,15.0600004196167,15.210000038146973,8.162147521972656,23420800,0.0,0.0
2015-01-12,15.3100004196167,15.319999694824219,15.109999656677246,15.220000267028809,8.167513847351074,22750800,0.0,0.0
2015-01-13,15.380000114440918,15.479999542236328,15.079999923706055,15.210000038146973,8.162147521972656,26279400,0.0,0.0
2015-01-14,15.069999694824219,15.15999984741211,14.829999923706055,15.109999656677246,8.108487129211426,36798300,0.0,0.0
2015-01-15,15.119999885559082,15.15999984741211,14.800000190734863,14.859999656677246,7.974326133728027,24981300,0.0,0.0
2015-01-16,14.8100004196167,15.039999961853027,14.75,15.020000457763672,8.060190200805664,32089900,0.0,0.0
2015-01-20,15.079999923706055,15.130000114440918,14.75,15.010000228881836,8.05482292175293,28553700,0.0,0.0
2015-01-21,14.979999542236328,15.109999656677246,14.880000114440918,14.970000267028809,8.033356666564941,23281500,0.0,0.0
2015-01-22,15.010000228881836,15.069999694824219,14.899999618530273,15.029999732971191,8.065552711486816,23669200,0.0,0.0
2015-01-23,15.020000457763672,15.079999923706055,14.890000343322754,14.90999984741211,8.001160621643066,21620600,0.0,0.0
2015-01-26,14.979999542236328,15.149999618530273,14.970000267028809,15.079999923706055,8.092388153076172,25237200,0.0,0.0
2015-01-27,14.960000038146973,14.989999771118164,14.720000267028809,14.850000381469727,7.968957901000977,34609100,0.0,0.0
2015-01-28,14.829999923706055,14.829999923706055,14.420000076293945,14.460000038146973,7.838854789733887,40579800,0.15,0.0
2015-01-29,14.619999885559082,14.960000038146973,14.300000190734863,14.850000381469727,8.050277709960938,40731100,0.0,0.0
2015-01-30,14.75,14.890000343322754,14.630000114440918,14.710000038146973,7.974381923675537,30439700,0.0,0.0
2015-02-02,14.75,15.300000190734863,14.739999771118164,15.270000457763672,8.277960777282715,40371800,0.0,0.0
2015-02-03,15.470000267028809,15.789999961853027,15.4399995803833,15.649999618530273,8.483960151672363,48335400,0.0,0.0
2015-02-04,15.680000305175781,16.020000457763672,15.649999618530273,15.869999885559082,8.603225708007812,41179500,0.0,0.0
2015-02-05,16.010000228881836,16.020000457763672,15.75,15.850000381469727,8.592382431030273,25713200,0.0,0.0
2015-02-06,15.84000015258789,16.0,15.770000457763672,15.859999656677246,8.59780502319336,28187700,0.0,0.0
2015-02-09,15.760000228881836,16.030000686645508,15.720000267028809,15.920000076293945,8.630330085754395,20286700,0.0,0.0
2015-02-10,16.049999237060547,16.139999389648438,15.90999984741211,16.09000015258789,8.722488403320312,27928500,0.0,0.0
2015-02-11,16.079999923706055,16.309999465942383,16.010000228881836,16.25,8.809226036071777,34285300,0.0,0.0
2015-02-12,16.34000015258789,16.450000762939453,16.299999237060547,16.360000610351562,8.868855476379395,23738800,0.0,0.0
2015-02-13,16.329999923706055,16.360000610351562,16.190000534057617,16.299999237060547,8.836332321166992,19954600,0.0,0.0
2015-02-17,16.209999084472656,16.299999237060547,16.0,16.110000610351562,8.733330726623535,44362300,0.0,0.0
2015-02-18,16.15999984741211,16.329999923706055,16.059999465942383,16.209999084472656,8.787541389465332,22812700,0.0,0.0
2015-02-19,16.190000534057617,16.479999542236328,16.170000076293945,16.43000030517578,8.906805992126465,24863900,0.0,0.0
2015-02-20,16.389999389648438,16.459999084472656,16.25,16.399999618530273,8.890541076660156,21523600,0.0,0.0
2015-02-23,16.329999923706055,16.450000762939453,16.290000915527344,16.3799991607666,8.87969970703125,19016800,0.0,0.0
2015-02-24,16.360000610351562,16.420000076293945,16.280000686645508,16.360000610351562,8.868855476379395,17672500,0.0,0.0
2015-02-25,16.34000015258789,16.6200008392334,16.34000015258789,16.510000228881836,8.950173377990723,23320200,0.0,0.0
2015-02-26,16.399999618530273,16.56999969482422,16.3700008392334,16.3799991607666,8.87969970703125,20800000,0.0,0.0
2015-02-27,16.3799991607666,16.399999618530273,16.219999313354492,16.34000015258789,8.858015060424805,20337000,0.0,0.0
2015-03-02,16.34000015258789,16.59000015258789,16.34000015258789,16.56999969482422,8.982699394226074,26341100,0.0,0.0
2015-03-03,16.06999969482422,16.299999237060547,16.059999465942383,16.170000076293945,8.76585578918457,37689000,0.0,0.0
2015-03-04,16.09000015258789,16.139999389648438,15.930000305175781,16.030000686645508,8.689960479736328,25659400,0.0,0.0
2015-03-05,16.09000015258789,16.229999542236328,16.09000015258789,16.110000610351562,8.733330726623535,16548200,0.0,0.0
2015-03-06,16.040000915527344,16.200000762939453,15.90999984741211,15.930000305175781,8.635751724243164,24420500,0.0,0.0
2015-03-09,15.979999542236328,16.100000381469727,15.930000305175781,16.030000686645508,8.689960479736328,17132400,0.0,0.0
2015-03-10,15.9399995803833,15.949999809265137,15.6899995803833,15.720000267028809,8.521907806396484,31687700,0.0,0.0
2015-03-11,15.770000457763672,15.850000381469727,15.699999809265137,15.75,8.53817081451416,20638700,0.0,0.0
2015-03-12,15.880000114440918,16.229999542236328,15.859999656677246,16.170000076293945,8.76585578918457,31172200,0.0,0.0
2015-03-13,16.15999984741211,16.25,16.0,16.200000762939453,8.782119750976562,27877700,0.0,0.0
2015-03-16,16.260000228881836,16.5,16.239999771118164,16.489999771118164,8.939330101013184,37731700,0.0,0.0
2015-03-17,16.389999389648438,16.489999771118164,16.360000610351562,16.389999389648438,8.885120391845703,20917700,0.0,0.0
2015-03-18,16.309999465942383,16.510000228881836,16.110000610351562,16.459999084472656,8.923067092895508,33748000,0.0,0.0
2015-03-19,16.420000076293945,16.459999084472656,16.280000686645508,16.34000015258789,8.858015060424805,18021500,0.0,0.0
2015-03-20,16.350000381469727,16.540000915527344,16.34000015258789,16.479999542236328,8.933911323547363,42096800,0.0,0.0
2015-03-23,16.469999313354492,16.739999771118164,16.459999084472656,16.56999969482422,8.982699394226074,30709000,0.0,0.0
2015-03-24,16.579999923706055,16.690000534057617,16.469999313354492,16.559999465942383,8.977276802062988,16661800,0.0,0.0
2015-03-25,16.530000686645508,16.549999237060547,16.18000030517578,16.18000030517578,8.771280288696289,21996200,0.0,0.0
2015-03-26,16.110000610351562,16.170000076293945,15.960000038146973,16.010000228881836,8.679120063781738,33327900,0.0,0.0
2015-03-27,16.059999465942383,16.100000381469727,15.850000381469727,15.979999542236328,8.662857055664062,53270400,0.0,0.0
2015-03-30,16.1200008392334,16.280000686645508,16.049999237060547,16.15999984741211,8.76043701171875,20537600,0.0,0.0
2015-03-31,16.1200008392334,16.290000915527344,16.079999923706055,16.139999389648438,8.749594688415527,21792600,0.0,0.0
2015-04-01,16.15999984741211,16.15999984741211,15.850000381469727,15.90999984741211,8.624911308288574,27365900,0.0,0.0
2015-04-02,15.930000305175781,16.040000915527344,15.850000381469727,16.030000686645508,8.689960479736328,15925400,0.0,0.0
2015-04-06,15.949999809265137,16.110000610351562,15.899999618530273,16.0,8.673697471618652,18522100,0.0,0.0
2015-04-07,15.949999809265137,15.970000267028809,15.779999732971191,15.899999618530273,8.619487762451172,26616700,0.0,0.0
2015-04-08,15.970000267028809,16.09000015258789,15.949999809265137,15.979999542236328,8.662857055664062,25147000,0.0,0.0
2015-04-09,16.0,16.06999969482422,15.880000114440918,15.949999809265137,8.646594047546387,23461900,0.0,0.0
2015-04-10,15.970000267028809,16.049999237060547,15.949999809265137,16.030000686645508,8.689960479736328,17657700,0.0,0.0
2015-04-13,16.0,16.079999923706055,15.869999885559082,15.869999885559082,8.603225708007812,22521100,0.0,0.0
2015-04-14,15.899999618530273,16.049999237060547,15.890000343322754,15.970000267028809,8.65743637084961,21745900,0.0,0.0
2015-04-15,16.010000228881836,16.079999923706055,16.0,16.06999969482422,8.711647987365723,25503500,0.0,0.0
2015-04-16,16.040000915527344,16.09000015258789,15.930000305175781,15.9399995803833,8.6411714553833,23494400,0.0,0.0
2015-04-17,15.880000114440918,15.880000114440918,15.710000038146973,15.760000228881836,8.543593406677246,32149000,0.0,0.0
2015-04-20,15.890000343322754,15.920000076293945,15.819999694824219,15.90999984741211,8.624911308288574,15250800,0.0,0.0
2015-04-21,15.920000076293945,15.979999542236328,15.760000228881836,15.819999694824219,8.576120376586914,18509500,0.0,0.0
2015-04-22,15.829999923706055,15.930000305175781,15.720000267028809,15.90999984741211,8.624911308288574,20312100,0.0,0.0
2015-04-23,15.84000015258789,15.899999618530273,15.699999809265137,15.760000228881836,8.543593406677246,28458000,0.0,0.0
2015-04-24,15.729999542236328,15.869999885559082,15.699999809265137,15.770000457763672,8.549015998840332,20293300,0.0,0.0
2015-04-27,15.819999694824219,16.0,15.770000457763672,15.899999618530273,8.619487762451172,34824900,0.0,0.0
2015-04-28,15.930000305175781,16.079999923706055,15.770000457763672,16.059999465942383,8.706225395202637,56634200,0.0,0.0
2015-04-29,15.859999656677246,16.100000381469727,15.819999694824219,16.020000457763672,8.766419410705566,35126900,0.15,0.0
2015-04-30,15.970000267028809,16.040000915527344,15.739999771118164,15.800000190734863,8.64603042602539,30269300,0.0,0.0
2015-05-01,15.899999618530273,15.9399995803833,15.699999809265137,15.8100004196167,8.651505470275879,20602200,0.0,0.0
2015-05-04,15.8100004196167,15.880000114440918,15.75,15.779999732971191,8.635085105895996,15078700,0.0,0.0
2015-05-05,15.770000457763672,15.819999694824219,15.520000457763672,15.529999732971191,8.498281478881836,32248900,0.0,0.0
2015-05-06,15.609999656677246,15.65999984741211,15.399999618530273,15.479999542236328,8.470921516418457,26381200,0.0,0.0
2015-05-07,15.460000038146973,15.5600004196167,15.140000343322754,15.510000228881836,8.487339973449707,26996600,0.0,0.0
2015-05-08,15.619999885559082,15.710000038146973,15.59000015258789,15.670000076293945,8.574893951416016,21336800,0.0,0.0
2015-05-11,15.649999618530273,15.84000015258789,15.640000343322754,15.649999618530273,8.563947677612305,17249800,0.0,0.0
2015-05-12,15.59000015258789,15.649999618530273,15.5,15.5600004196167,8.514699935913086,17670000,0.0,0.0
2015-05-13,15.539999961853027,15.619999885559082,15.369999885559082,15.40999984741211,8.432616233825684,20890400,0.0,0.0
2015-05-14,15.5,15.539999961853027,15.199999809265137,15.270000457763672,8.356006622314453,28794700,0.0,0.0
2015-05-15,15.270000457763672,15.489999771118164,15.270000457763672,15.479999542236328,8.470921516418457,18937700,0.0,0.0
2015-05-18,15.470000267028809,15.640000343322754,15.449999809265137,15.579999923706055,8.525643348693848,19491900,0.0,0.0
2015-05-19,15.59000015258789,15.630000114440918,15.449999809265137,15.5,8.481864929199219,15145300,0.0,0.0
2015-05-20,15.539999961853027,15.5600004196167,15.260000228881836,15.300000190734863,8.372421264648438,22391500,0.0,0.0
2015-05-21,15.279999732971191,15.550000190734863,15.260000228881836,15.510000228881836,8.487339973449707,23962000,0.0,0.0
2015-05-22,15.5,15.5,15.270000457763672,15.270000457763672,8.356006622314453,24795800,0.0,0.0
2015-05-26,15.270000457763672,15.34000015258789,15.149999618530273,15.1899995803833,8.312230110168457,25002900,0.0,0.0
2015-05-27,15.229999542236328,15.369999885559082,15.199999809265137,15.319999694824219,8.383366584777832,18763900,0.0,0.0
2015-05-28,15.279999732971191,15.34000015258789,15.239999771118164,15.289999961853027,8.366949081420898,13959000,0.0,0.0
2015-05-29,15.3100004196167,15.399999618530273,15.15999984741211,15.170000076293945,8.301285743713379,19060400,0.0,0.0
2015-06-01,15.329999923706055,15.449999809265137,15.1899995803833,15.359999656677246,8.405255317687988,26685300,0.0,0.0
2015-06-02,15.4399995803833,15.5,15.210000038146973,15.260000228881836,8.350534439086914,34974700,0.0,0.0
2015-06-03,15.289999961853027,15.319999694824219,15.119999885559082,15.199999809265137,8.317702293395996,24311600,0.0,0.0
2015-06-04,15.130000114440918,15.170000076293945,15.010000228881836,15.050000190734863,8.235617637634277,23428400,0.0,0.0
2015-06-05,15.020000457763672,15.020000457763672,14.779999732971191,14.779999732971191,8.087870597839355,44736900,0.0,0.0
2015-06-08,14.829999923706055,15.010000228881836,14.800000190734863,14.899999618530273,8.153534889221191,30240600,0.0,0.0
2015-06-09,14.920000076293945,15.010000228881836,14.84000015258789,14.880000114440918,8.142592430114746,20454700,0.0,0.0
2015-06-10,15.010000228881836,15.079999923706055,14.949999809265137,15.029999732971191,8.224674224853516,20961100,0.0,0.0
2015-06-11,15.109999656677246,15.350000381469727,15.079999923706055,15.279999732971191,8.361477851867676,27187100,0.0,0.0
2015-06-12,15.199999809265137,15.350000381469727,15.180000305175781,15.229999542236328,8.334117889404297,19847300,0.0,0.0
2015-06-15,15.0600004196167,15.109999656677246,14.970000267028809,15.050000190734863,8.235617637634277,23825400,0.0,0.0
2015-06-16,15.010000228881836,15.039999961853027,14.930000305175781,15.0,8.208258628845215,23359500,0.0,0.0
2015-06-17,15.010000228881836,15.079999923706055,14.859999656677246,15.020000457763672,8.219204902648926,25842100,0.0,0.0
2015-06-18,15.029999732971191,15.239999771118164,15.0,15.140000343322754,8.284867286682129,21360500,0.0,0.0
2015-06-19,15.09000015258789,15.25,15.0600004196167,15.109999656677246,8.268452644348145,24675100,0.0,0.0
2015-06-22,15.140000343322754,15.25,15.100000381469727,15.130000114440918,8.279397010803223,18863800,0.0,0.0
2015-06-23,15.229999542236328,15.40999984741211,15.220000267028809,15.289999961853027,8.366949081420898,21177800,0.0,0.0
2015-06-24,15.5,15.65999984741211,15.420000076293945,15.5,8.481864929199219,35401000,0.0,0.0
2015-06-25,15.520000457763672,15.5600004196167,15.390000343322754,15.4399995803833,8.449031829833984,23994400,0.0,0.0
2015-06-26,15.430000305175781,15.489999771118164,15.350000381469727,15.399999618530273,8.427144050598145,20428200,0.0,0.0
2015-06-29,15.229999542236328,15.300000190734863,14.920000076293945,15.020000457763672,8.219204902648926,38117400,0.0,0.0
2015-06-30,15.170000076293945,15.180000305175781,14.899999618530273,15.010000228881836,8.21373176574707,28509300,0.0,0.0
2015-07-01,15.140000343322754,15.170000076293945,14.800000190734863,14.989999771118164,8.202787399291992,31744500,0.0,0.0
2015-07-02,15.010000228881836,15.079999923706055,14.8100004196167,14.869999885559082,8.137120246887207,18482400,0.0,0.0
2015-07-06,14.75,14.899999618530273,14.699999809265137,14.789999961853027,8.093343734741211,22609800,0.0,0.0
2015-07-07,14.770000457763672,14.899999618530273,14.520000457763672,14.850000381469727,8.126175880432129,28151300,0.0,0.0
2015-07-08,14.670000076293945,14.720000267028809,14.270000457763672,14.369999885559082,7.8635125160217285,42278500,0.0,0.0
2015-07-09,14.600000381469727,14.619999885559082,14.270000457763672,14.329999923706055,7.841622829437256,29660700,0.0,0.0
2015-07-10,14.479999542236328,14.539999961853027,14.350000381469727,14.479999542236328,7.923707008361816,20093600,0.0,0.0
2015-07-13,14.640000343322754,14.649999618530273,14.420000076293945,14.640000343322754,8.011259078979492,19864000,0.0,0.0
2015-07-14,14.710000038146973,14.859999656677246,14.59000015258789,14.8100004196167,8.104289054870605,20830700,0.0,0.0
2015-07-15,14.829999923706055,14.859999656677246,14.609999656677246,14.75,8.071451187133789,21892100,0.0,0.0
2015-07-16,14.739999771118164,14.789999961853027,14.449999809265137,14.569999694824219,7.9729533195495605,33938900,0.0,0.0
2015-07-17,14.510000228881836,14.6899995803833,14.479999542236328,14.6899995803833,8.038622856140137,31718000,0.0,0.0
2015-07-20,14.710000038146973,14.75,14.529999732971191,14.569999694824219,7.9729533195495605,25428200,0.0,0.0
2015-07-21,14.529999732971191,14.550000190734863,14.449999809265137,14.510000228881836,7.940121173858643,19334700,0.0,0.0
2015-07-22,14.489999771118164,14.510000228881836,14.350000381469727,14.420000076293945,7.890873908996582,30909700,0.0,0.0
2015-07-23,14.75,14.869999885559082,14.59000015258789,14.609999656677246,7.994843482971191,29440400,0.0,0.0
2015-07-24,14.720000267028809,14.729999542236328,14.319999694824219,14.390000343322754,7.874456882476807,26050900,0.0,0.0
2015-07-27,14.350000381469727,14.600000381469727,14.229999542236328,14.550000190734863,7.962010383605957,43857200,0.0,0.0
2015-07-28,14.960000038146973,15.0,14.600000381469727,14.829999923706055,8.115229606628418,56398500,0.0,0.0
2015-07-29,14.829999923706055,15.300000190734863,14.8100004196167,15.210000038146973,8.408220291137695,52125400,0.15,0.0
2015-07-30,15.210000038146973,15.300000190734863,14.960000038146973,15.100000381469727,8.347411155700684,34980300,0.0,0.0
2015-07-31,15.180000305175781,15.1899995803833,14.729999542236328,14.829999923706055,8.198150634765625,32654400,0.0,0.0
2015-08-03,14.970000267028809,15.039999961853027,14.850000381469727,14.9399995803833,8.258962631225586,26702300,0.0,0.0
2015-08-04,14.9399995803833,15.0,14.84000015258789,14.90999984741211,8.242377281188965,18845000,0.0,0.0
2015-08-05,14.989999771118164,15.039999961853027,14.720000267028809,14.800000190734863,8.181567192077637,22490000,0.0,0.0
2015-08-06,14.800000190734863,14.880000114440918,14.619999885559082,14.829999923706055,8.198150634765625,26811400,0.0,0.0
2015-08-07,14.850000381469727,14.920000076293945,14.75,14.800000190734863,8.181567192077637,14279200,0.0,0.0
2015-08-10,14.859999656677246,15.0,14.8100004196167,14.989999771118164,8.286602973937988,16804900,0.0,0.0
2015-08-11,14.800000190734863,14.800000190734863,14.609999656677246,14.699999809265137,8.1262845993042,26971300,0.0,0.0
2015-08-12,14.550000190734863,14.710000038146973,14.369999885559082,14.680000305175781,8.115229606628418,20864000,0.0,0.0
2015-08-13,14.640000343322754,14.850000381469727,14.59000015258789,14.710000038146973,8.131814002990723,20560700,0.0,0.0
2015-08-14,14.729999542236328,14.829999923706055,14.680000305175781,14.779999732971191,8.170512199401855,18398900,0.0,0.0
2015-08-17,14.760000228881836,14.770000457763672,14.569999694824219,14.680000305175781,8.115229606628418,16028300,0.0,0.0
2015-08-18,14.6899995803833,14.84000015258789,14.65999984741211,14.829999923706055,8.198150634765625,16853800,0.0,0.0
2015-08-19,14.779999732971191,14.979999542236328,14.760000228881836,14.770000457763672,8.164984703063965,22521900,0.0,0.0
2015-08-20,14.710000038146973,14.710000038146973,14.399999618530273,14.430000305175781,7.977029323577881,24108500,0.0,0.0
2015-08-21,14.289999961853027,14.380000114440918,13.84000015258789,13.859999656677246,7.661930561065674,42103400,0.0,0.0
2015-08-24,12.239999771118164,13.479999542236328,10.4399995803833,13.1899995803833,7.29154634475708,59805900,0.0,0.0
2015-08-25,13.850000381469727,13.859999656677246,12.899999618530273,12.899999618530273,7.131231307983398,47961800,0.0,0.0
2015-08-26,13.180000305175781,13.350000381469727,12.770000457763672,13.210000038146973,7.302602291107178,48377900,0.0,0.0
2015-08-27,13.460000038146973,13.670000076293945,13.229999542236328,13.5600004196167,7.496085166931152,42067900,0.0,0.0
2015-08-28,13.539999961853027,13.84000015258789,13.529999732971191,13.739999771118164,7.595591068267822,25699000,0.0,0.0
2015-08-31,13.760000228881836,13.9399995803833,13.510000228881836,13.869999885559082,7.66745662689209,38210300,0.0,0.0
2015-09-01,13.949999809265137,14.149999618530273,13.600000381469727,13.720000267028809,7.584534645080566,50482900,0.0,0.0
2015-09-02,13.989999771118164,14.0,13.630000114440918,13.869999885559082,7.66745662689209,29602800,0.0,0.0
2015-09-03,13.9399995803833,14.069999694824219,13.779999732971191,13.84000015258789,7.650872230529785,27560400,0.0,0.0
2015-09-04,13.680000305175781,13.699999809265137,13.399999618530273,13.5600004196167,7.496085166931152,31138400,0.0,0.0
2015-09-08,13.770000457763672,13.779999732971191,13.539999961853027,13.670000076293945,7.556894302368164,30030100,0.0,0.0
2015-09-09,13.8100004196167,13.84000015258789,13.470000267028809,13.529999732971191,7.4795002937316895,30846300,0.0,0.0
2015-09-10,13.520000457763672,13.829999923706055,13.350000381469727,13.729999542236328,7.590062141418457,38696300,0.0,0.0
2015-09-11,13.75,13.8100004196167,13.529999732971191,13.710000038146973,7.579007625579834,22804500,0.0,0.0
2015-09-14,13.720000267028809,13.789999961853027,13.630000114440918,13.779999732971191,7.617701530456543,26093500,0.0,0.0
2015-09-15,13.800000190734863,14.369999885559082,13.789999961853027,14.3100004196167,7.91069221496582,46666700,0.0,0.0
2015-09-16,14.319999694824219,14.760000228881836,14.25,14.640000343322754,8.093116760253906,41675000,0.0,0.0
2015-09-17,14.609999656677246,14.880000114440918,14.460000038146973,14.600000381469727,8.071005821228027,37709000,0.0,0.0
2015-09-18,14.4399995803833,14.479999542236328,14.210000038146973,14.279999732971191,7.894106388092041,40712200,0.0,0.0
2015-09-21,14.199999809265137,14.430000305175781,14.149999618530273,14.319999694824219,7.916219711303711,20764100,0.0,0.0
2015-09-22,14.010000228881836,14.050000190734863,13.729999542236328,13.920000076293945,7.695096969604492,44081000,0.0,0.0
2015-09-23,13.930000305175781,13.949999809265137,13.510000228881836,13.680000305175781,7.562422752380371,31598400,0.0,0.0
2015-09-24,13.569999694824219,13.699999809265137,13.270000457763672,13.649999618530273,7.545837879180908,32462000,0.0,0.0
2015-09-25,13.869999885559082,13.869999885559082,13.510000228881836,13.529999732971191,7.4795002937316895,35967400,0.0,0.0
2015-09-28,13.460000038146973,13.510000228881836,13.0600004196167,13.119999885559082,7.252847671508789,41124700,0.0,0.0
2015-09-29,13.140000343322754,13.210000038146973,13.010000228881836,13.149999618530273,7.269433498382568,44417400,0.0,0.0
2015-09-30,13.369999885559082,13.579999923706055,13.270000457763672,13.569999694824219,7.501614093780518,40205300,0.0,0.0
2015-10-01,13.760000228881836,13.779999732971191,13.470000267028809,13.670000076293945,7.556894302368164,33326900,0.0,0.0
2015-10-02,13.5,14.010000228881836,13.420000076293945,13.989999771118164,7.733791828155518,30097000,0.0,0.0
2015-10-05,14.119999885559082,14.270000457763672,13.899999618530273,14.1899995803833,7.844354152679443,38611900,0.0,0.0
2015-10-06,14.1899995803833,14.4399995803833,14.149999618530273,14.3100004196167,7.91069221496582,27045900,0.0,0.0
2015-10-07,14.489999771118164,14.75,14.460000038146973,14.75,8.153925895690918,33389600,0.0,0.0
2015-10-08,14.720000267028809,15.010000228881836,14.680000305175781,14.989999771118164,8.286602973937988,25994700,0.0,0.0
2015-10-09,15.029999732971191,15.100000381469727,14.819999694824219,14.970000267028809,8.275544166564941,29216500,0.0,0.0
2015-10-12,14.979999542236328,15.0,14.850000381469727,14.979999542236328,8.281073570251465,14372100,0.0,0.0
2015-10-13,14.880000114440918,15.100000381469727,14.829999923706055,14.9399995803833,8.258962631225586,30615400,0.0,0.0
2015-10-14,14.9399995803833,15.039999961853027,14.859999656677246,15.010000228881836,8.29765796661377,22314500,0.0,0.0
2015-10-15,15.199999809265137,15.229999542236328,14.989999771118164,15.220000267028809,8.41374683380127,27437600,0.0,0.0
2015-10-16,15.25,15.289999961853027,15.109999656677246,15.279999732971191,8.446915626525879,24240500,0.0,0.0
2015-10-19,15.229999542236328,15.359999656677246,15.149999618530273,15.359999656677246,8.491140365600586,17863000,0.0,0.0
2015-10-20,15.270000457763672,15.600000381469727,15.270000457763672,15.380000114440918,8.502195358276367,29453800,0.0,0.0
2015-10-21,15.600000381469727,15.6899995803833,15.350000381469727,15.40999984741211,8.518780708312988,34039800,0.0,0.0
2015-10-22,15.489999771118164,15.630000114440918,15.399999618530273,15.579999923706055,8.612757682800293,23484400,0.0,0.0
2015-10-23,15.710000038146973,15.75,15.489999771118164,15.670000076293945,8.662511825561523,28592800,0.0,0.0
2015-10-26,15.729999542236328,15.84000015258789,15.569999694824219,15.680000305175781,8.668037414550781,38062300,0.0,0.0
2015-10-27,15.010000228881836,15.149999618530273,14.800000190734863,14.890000343322754,8.231321334838867,64579700,0.0,0.0
2015-10-28,14.779999732971191,15.0,14.670000076293945,14.970000267028809,8.359759330749512,34485300,0.15,0.0
2015-10-29,14.9399995803833,14.960000038146973,14.609999656677246,14.729999542236328,8.225737571716309,32247000,0.0,0.0
2015-10-30,14.739999771118164,14.949999809265137,14.630000114440918,14.8100004196167,8.270411491394043,29225800,0.0,0.0
2015-11-02,14.789999961853027,14.899999618530273,14.710000038146973,14.75,8.236907005310059,30295900,0.0,0.0
2015-11-03,14.779999732971191,14.869999885559082,14.720000267028809,14.8100004196167,8.270411491394043,25878800,0.0,0.0
2015-11-04,14.829999923706055,14.859999656677246,14.640000343322754,14.649999618530273,8.181062698364258,27166400,0.0,0.0
2015-11-05,14.699999809265137,14.710000038146973,14.5,14.569999694824219,8.136385917663574,21877700,0.0,0.0
2015-11-06,14.510000228881836,14.550000190734863,14.380000114440918,14.520000457763672,8.108465194702148,24085700,0.0,0.0
2015-11-09,14.520000457763672,14.529999732971191,14.260000228881836,14.329999923706055,8.002361297607422,25257400,0.0,0.0
2015-11-10,14.329999923706055,14.34000015258789,14.140000343322754,14.279999732971191,7.974440574645996,22197200,0.0,0.0
2015-11-11,14.279999732971191,14.380000114440918,14.180000305175781,14.3100004196167,7.991194248199463,16893000,0.0,0.0
2015-11-12,14.210000038146973,14.270000457763672,14.020000457763672,14.039999961853027,7.840415000915527,20283700,0.0,0.0
2015-11-13,14.020000457763672,14.069999694824219,13.890000343322754,13.920000076293945,7.773401737213135,25482700,0.0,0.0
2015-11-16,13.850000381469727,14.079999923706055,13.850000381469727,14.039999961853027,7.840415000915527,22636000,0.0,0.0
2015-11-17,14.020000457763672,14.369999885559082,14.010000228881836,14.149999618530273,7.901843070983887,25188600,0.0,0.0
2015-11-18,14.229999542236328,14.5,14.180000305175781,14.460000038146973,8.074959754943848,26250400,0.0,0.0
2015-11-19,14.449999809265137,14.630000114440918,14.420000076293945,14.569999694824219,8.136385917663574,23593800,0.0,0.0
2015-11-20,14.619999885559082,14.760000228881836,14.539999961853027,14.600000381469727,8.1531400680542,18906200,0.0,0.0
2015-11-23,14.600000381469727,14.729999542236328,14.510000228881836,14.550000190734863,8.12521743774414,18273900,0.0,0.0
2015-11-24,14.40999984741211,14.630000114440918,14.319999694824219,14.550000190734863,8.12521743774414,21251800,0.0,0.0
2015-11-25,14.539999961853027,14.680000305175781,14.520000457763672,14.550000190734863,8.12521743774414,12627000,0.0,0.0
2015-11-27,14.539999961853027,14.59000015258789,14.5,14.529999732971191,8.114048957824707,7760600,0.0,0.0
2015-11-30,14.539999961853027,14.550000190734863,14.289999961853027,14.329999923706055,8.002361297607422,27860300,0.0,0.0
2015-12-01,14.319999694824219,14.5600004196167,14.289999961853027,14.5600004196167,8.130802154541016,29142200,0.0,0.0
2015-12-02,14.600000381469727,14.619999885559082,14.239999771118164,14.260000228881836,7.9632697105407715,21398100,0.0,0.0
2015-12-03,14.3100004196167,14.34000015258789,13.930000305175781,13.979999542236328,7.806910991668701,29847300,0.0,0.0
2015-12-04,14.079999923706055,14.260000228881836,14.0,14.199999809265137,7.9297637939453125,28354100,0.0,0.0
2015-12-07,14.1899995803833,14.199999809265137,14.020000457763672,14.119999885559082,7.885091304779053,14530600,0.0,0.0
2015-12-08,14.029999732971191,14.100000381469727,13.880000114440918,13.970000267028809,7.801326274871826,30356900,0.0,0.0
2015-12-09,13.90999984741211,14.140000343322754,13.800000190734863,13.890000343322754,7.756649971008301,25196900,0.0,0.0
2015-12-10,13.90999984741211,14.09000015258789,13.890000343322754,13.960000038146973,7.79573917388916,22039300,0.0,0.0
2015-12-11,13.84000015258789,13.920000076293945,13.579999923706055,13.640000343322754,7.617040634155273,29576400,0.0,0.0
2015-12-14,13.65999984741211,13.739999771118164,13.399999618530273,13.619999885559082,7.605876445770264,26825200,0.0,0.0
2015-12-15,13.739999771118164,14.0,13.720000267028809,13.869999885559082,7.745482444763184,43728500,0.0,0.0
2015-12-16,14.0,14.359999656677246,13.989999771118164,14.359999656677246,8.019115447998047,40683800,0.0,0.0
2015-12-17,14.369999885559082,14.380000114440918,13.949999809265137,13.979999542236328,7.806910991668701,26179800,0.0,0.0
2015-12-18,13.880000114440918,13.90999984741211,13.720000267028809,13.800000190734863,7.70639181137085,40453000,0.0,0.0
2015-12-21,13.890000343322754,13.949999809265137,13.670000076293945,13.729999542236328,7.66730260848999,31598000,0.0,0.0
2015-12-22,13.930000305175781,14.25,13.899999618530273,14.199999809265137,7.9297637939453125,50646600,0.0,0.0
2015-12-23,14.270000457763672,14.380000114440918,14.260000228881836,14.359999656677246,8.019115447998047,22172300,0.0,0.0
2015-12-24,14.350000381469727,14.369999885559082,14.25,14.3100004196167,7.991194248199463,9000100,0.0,0.0
2015-12-28,14.279999732971191,14.34000015258789,14.15999984741211,14.180000305175781,7.918596267700195,13697500,0.0,0.0
2015-12-29,14.279999732971191,14.300000190734863,14.149999618530273,14.229999542236328,7.94651985168457,18867800,0.0,0.0
2015-12-30,14.229999542236328,14.260000228881836,14.119999885559082,14.170000076293945,7.913012504577637,13800300,0.0,0.0
2015-12-31,14.140000343322754,14.15999984741211,14.039999961853027,14.09000015258789,7.8683390617370605,19881000,0.0,0.0
2016-01-04,13.869999885559082,14.0,13.75,13.970000267028809,7.801326274871826,38618500,0.0,0.0
2016-01-05,13.970000267028809,14.0,13.510000228881836,13.720000267028809,7.661716461181641,50267500,0.0,0.0
2016-01-06,13.5600004196167,13.5600004196167,13.050000190734863,13.109999656677246,7.321071624755859,61285500,0.0,0.0
2016-01-07,12.899999618530273,13.039999961853027,12.600000381469727,12.699999809265137,7.0921149253845215,57846700,0.0,0.0
2016-01-08,13.050000190734863,13.100000381469727,12.5,12.539999961853027,7.002767086029053,46199400,0.0,0.0
2016-01-11,12.800000190734863,12.819999694824219,12.550000190734863,12.770000457763672,7.131204605102539,41269100,0.0,0.0
2016-01-12,13.029999732971191,13.039999961853027,12.579999923706055,12.850000381469727,7.175881385803223,50983700,0.0,0.0
2016-01-13,12.729999542236328,12.84000015258789,12.0600004196167,12.199999809265137,6.812899112701416,102174700,0.0,0.0
2016-01-14,12.1899995803833,12.3100004196167,11.819999694824219,12.1899995803833,6.80731201171875,62938600,0.0,0.0
2016-01-15,11.8100004196167,12.0,11.579999923706055,11.970000267028809,6.684457778930664,69030000,0.0,0.0
2016-01-19,12.149999618530273,12.15999984741211,11.819999694824219,11.949999809265137,6.673287391662598,41142600,0.0,0.0
2016-01-20,11.789999961853027,12.069999694824219,11.470000267028809,11.899999618530273,6.6453680992126465,59879000,0.0,0.0
2016-01-21,12.010000228881836,12.279999732971191,11.859999656677246,12.010000228881836,6.706794738769531,48841800,0.0,0.0
2016-01-22,12.260000228881836,12.359999656677246,12.029999732971191,12.140000343322754,6.779393196105957,44537800,0.0,0.0
2016-01-25,12.300000190734863,12.3100004196167,11.930000305175781,11.979999542236328,6.690040588378906,96738600,0.0,0.0
2016-01-26,12.140000343322754,12.300000190734863,12.039999961853027,12.260000228881836,6.846402168273926,45969800,0.0,0.0
2016-01-27,12.050000190734863,12.100000381469727,11.729999542236328,11.850000381469727,6.840630531311035,42064200,0.4,0.0
2016-01-28,12.029999732971191,12.0600004196167,11.199999809265137,11.710000038146973,6.759815692901611,75699800,0.0,0.0
2016-01-29,11.829999923706055,11.9399995803833,11.649999618530273,11.9399995803833,6.892585277557373,52137400,0.0,0.0
2016-02-01,11.920000076293945,12.140000343322754,11.729999542236328,12.069999694824219,6.967630863189697,37301200,0.0,0.0
2016-02-02,11.949999809265137,12.079999923706055,11.449999809265137,11.510000228881836,6.64436149597168,55649200,0.0,0.0
2016-02-03,11.670000076293945,11.680000305175781,11.020000457763672,11.460000038146973,6.615496635437012,69454600,0.0,0.0
2016-02-04,11.369999885559082,11.6899995803833,11.260000228881836,11.529999732971191,6.655905246734619,40223100,0.0,0.0
2016-02-05,11.520000457763672,11.699999809265137,11.420000076293945,11.449999809265137,6.609723091125488,33322200,0.0,0.0
2016-02-08,11.390000343322754,11.6899995803833,11.25,11.59000015258789,6.690541744232178,45274500,0.0,0.0
2016-02-09,11.470000267028809,11.609999656677246,11.220000267028809,11.350000381469727,6.551998615264893,48956800,0.0,0.0
2016-02-10,11.460000038146973,11.569999694824219,11.329999923706055,11.34000015258789,6.546224594116211,38160300,0.0,0.0
2016-02-11,11.170000076293945,11.430000305175781,11.100000381469727,11.170000076293945,6.448089122772217,45801300,0.0,0.0
2016-02-12,11.25,11.579999923706055,11.180000305175781,11.550000190734863,6.667448997497559,28085000,0.0,0.0
2016-02-16,11.75,11.880000114440918,11.529999732971191,11.869999885559082,6.852175235748291,41072100,0.0,0.0
2016-02-17,11.989999771118164,12.300000190734863,11.979999542236328,12.270000457763672,7.083083152770996,37766400,0.0,0.0
2016-02-18,12.399999618530273,12.4399995803833,12.119999885559082,12.260000228881836,7.077311038970947,28784700,0.0,0.0
2016-02-19,12.1899995803833,12.220000267028809,12.010000228881836,12.100000381469727,6.984950542449951,26479300,0.0,0.0
2016-02-22,12.100000381469727,12.5600004196167,12.100000381469727,12.5600004196167,7.250494956970215,33549700,0.0,0.0
2016-02-23,12.529999732971191,12.649999618530273,12.420000076293945,12.420000076293945,7.169673919677734,30136700,0.0,0.0
2016-02-24,12.109999656677246,12.109999656677246,11.600000381469727,12.079999923706055,6.973402500152588,60608400,0.0,0.0
2016-02-25,12.109999656677246,12.399999618530273,12.050000190734863,12.390000343322754,7.152356147766113,32024800,0.0,0.0
2016-02-26,12.520000457763672,12.59000015258789,12.399999618530273,12.470000267028809,7.198536396026611,30228800,0.0,0.0
2016-02-29,12.420000076293945,12.649999618530273,12.390000343322754,12.510000228881836,7.221628665924072,32999100,0.0,0.0
2016-03-01,13.010000228881836,13.119999885559082,12.720000267028809,13.09000015258789,7.556443691253662,71523900,0.0,0.0
2016-03-02,13.0600004196167,13.350000381469727,13.039999961853027,13.220000267028809,7.631488800048828,36598200,0.0,0.0
2016-03-03,13.25,13.609999656677246,13.239999771118164,13.539999961853027,7.816214561462402,44524500,0.0,0.0
2016-03-04,13.5600004196167,13.859999656677246,13.430000305175781,13.59000015258789,7.84507942199707,31818600,0.0,0.0
2016-03-07,13.460000038146973,13.739999771118164,13.449999809265137,13.619999885559082,7.862396717071533,26131400,0.0,0.0
2016-03-08,13.510000228881836,13.579999923706055,13.149999618530273,13.229999542236328,7.637260437011719,34770600,0.0,0.0
2016-03-09,13.25,13.319999694824219,13.010000228881836,13.1899995803833,7.614170074462891,34146200,0.0,0.0
2016-03-10,13.25,13.279999732971191,12.920000076293945,13.149999618530273,7.5910797119140625,39076500,0.0,0.0
2016-03-11,13.260000228881836,13.300000190734863,13.199999809265137,13.289999961853027,7.671898365020752,27583000,0.0,0.0
2016-03-14,13.279999732971191,13.369999885559082,13.180000305175781,13.270000457763672,7.6603522300720215,20609600,0.0,0.0
2016-03-15,13.119999885559082,13.239999771118164,13.050000190734863,13.229999542236328,7.637260437011719,27729900,0.0,0.0
2016-03-16,13.210000038146973,13.510000228881836,13.180000305175781,13.5,7.793123245239258,47035000,0.0,0.0
2016-03-17,13.470000267028809,13.680000305175781,13.390000343322754,13.470000267028809,7.775805473327637,31521700,0.0,0.0
2016-03-18,13.539999961853027,13.699999809265137,13.489999771118164,13.640000343322754,7.873941421508789,32182400,0.0,0.0
2016-03-21,13.640000343322754,13.760000228881836,13.5600004196167,13.65999984741211,7.885489463806152,20905200,0.0,0.0
2016-03-22,13.649999618530273,13.729999542236328,13.510000228881836,13.59000015258789,7.84507942199707,26148000,0.0,0.0
2016-03-23,13.569999694824219,13.609999656677246,13.1899995803833,13.260000228881836,7.65457820892334,31535500,0.0,0.0
2016-03-24,13.109999656677246,13.119999885559082,12.779999732971191,13.0600004196167,7.53912878036499,36203200,0.0,0.0
2016-03-28,13.130000114440918,13.170000076293945,13.069999694824219,13.09000015258789,7.556443691253662,18684200,0.0,0.0
2016-03-29,13.050000190734863,13.199999809265137,12.970000267028809,13.199999809265137,7.619943618774414,26077400,0.0,0.0
2016-03-30,13.279999732971191,13.4399995803833,13.25,13.350000381469727,7.706533908843994,25322500,0.0,0.0
2016-03-31,13.34000015258789,13.520000457763672,13.34000015258789,13.5,7.793123245239258,32943400,0.0,0.0
2016-04-01,13.279999732971191,13.329999923706055,13.050000190734863,13.100000381469727,7.562216758728027,57914000,0.0,0.0
2016-04-04,13.109999656677246,13.119999885559082,12.760000228881836,12.800000190734863,7.389035701751709,42406300,0.0,0.0
2016-04-05,12.729999542236328,12.850000381469727,12.520000457763672,12.770000457763672,7.371718883514404,32425000,0.0,0.0
2016-04-06,12.75,12.869999885559082,12.649999618530273,12.819999694824219,7.400583267211914,22597400,0.0,0.0
2016-04-07,12.770000457763672,12.789999961853027,12.390000343322754,12.520000457763672,7.227403163909912,37688100,0.0,0.0
2016-04-08,12.619999885559082,12.779999732971191,12.510000228881836,12.550000190734863,7.244718551635742,20015300,0.0,0.0
2016-04-11,12.609999656677246,12.800000190734863,12.579999923706055,12.65999984741211,7.308218955993652,27744800,0.0,0.0
2016-04-12,12.720000267028809,12.84000015258789,12.65999984741211,12.8100004196167,7.394808292388916,23417000,0.0,0.0
2016-04-13,12.869999885559082,13.119999885559082,12.850000381469727,13.0600004196167,7.53912878036499,29331100,0.0,0.0
2016-04-14,13.09000015258789,13.180000305175781,13.020000457763672,13.09000015258789,7.556443691253662,22453700,0.0,0.0
2016-04-15,13.100000381469727,13.119999885559082,12.850000381469727,12.9399995803833,7.469856262207031,22986100,0.0,0.0
2016-04-18,12.979999542236328,13.279999732971191,12.949999809265137,13.25,7.648806095123291,30137700,0.0,0.0
2016-04-19,13.350000381469727,13.5,13.279999732971191,13.4399995803833,7.758488655090332,28808300,0.0,0.0
2016-04-20,13.420000076293945,13.720000267028809,13.399999618530273,13.640000343322754,7.873941421508789,32199000,0.0,0.0
2016-04-21,13.8100004196167,13.880000114440918,13.5600004196167,13.649999618530273,7.879713535308838,38126300,0.0,0.0
2016-04-22,13.630000114440918,13.779999732971191,13.510000228881836,13.609999656677246,7.856621742248535,28846300,0.0,0.0
2016-04-25,13.59000015258789,13.649999618530273,13.470000267028809,13.579999923706055,7.839308261871338,19494800,0.0,0.0
2016-04-26,13.65999984741211,13.819999694824219,13.630000114440918,13.75,7.937440872192383,35214200,0.0,0.0
2016-04-27,13.640000343322754,13.710000038146973,13.59000015258789,13.65999984741211,7.972461223602295,27151400,0.15,0.0
2016-04-28,13.789999961853027,14.220000267028809,13.710000038146973,14.09000015258789,8.223421096801758,87588800,0.0,0.0
2016-04-29,13.930000305175781,14.029999732971191,13.529999732971191,13.5600004196167,7.914096355438232,69695100,0.0,0.0
2016-05-02,13.670000076293945,13.789999961853027,13.600000381469727,13.619999885559082,7.9491143226623535,57955400,0.0,0.0
2016-05-03,13.5,13.550000190734863,13.149999618530273,13.430000305175781,7.838223457336426,45594000,0.0,0.0
2016-05-04,13.289999961853027,13.380000114440918,13.140000343322754,13.3100004196167,7.768189907073975,28895000,0.0,0.0
2016-05-05,13.350000381469727,13.430000305175781,13.220000267028809,13.319999694824219,7.774022102355957,23838100,0.0,0.0
2016-05-06,13.260000228881836,13.479999542236328,13.239999771118164,13.4399995803833,7.844058513641357,23284500,0.0,0.0
2016-05-09,13.420000076293945,13.5,13.279999732971191,13.319999694824219,7.774022102355957,21602000,0.0,0.0
2016-05-10,13.380000114440918,13.520000457763672,13.380000114440918,13.489999771118164,7.87324333190918,23583400,0.0,0.0
2016-05-11,13.4399995803833,13.539999961853027,13.300000190734863,13.319999694824219,7.774022102355957,20229600,0.0,0.0
2016-05-12,13.399999618530273,13.470000267028809,13.170000076293945,13.350000381469727,7.791532039642334,24784300,0.0,0.0
2016-05-13,13.34000015258789,13.520000457763672,13.170000076293945,13.220000267028809,7.715659141540527,27481900,0.0,0.0
2016-05-16,13.220000267028809,13.380000114440918,13.210000038146973,13.319999694824219,7.774022102355957,21262700,0.0,0.0
2016-05-17,13.140000343322754,13.3100004196167,13.069999694824219,13.140000343322754,7.668968200683594,34165300,0.0,0.0
2016-05-18,13.119999885559082,13.34000015258789,13.050000190734863,13.15999984741211,7.680641174316406,23509700,0.0,0.0
2016-05-19,13.100000381469727,13.199999809265137,13.020000457763672,13.09000015258789,7.639787673950195,24117800,0.0,0.0
2016-05-20,13.149999618530273,13.260000228881836,13.130000114440918,13.1899995803833,7.69814920425415,19465000,0.0,0.0
2016-05-23,13.140000343322754,13.199999809265137,13.109999656677246,13.130000114440918,7.66313362121582,16234300,0.0,0.0
2016-05-24,13.15999984741211,13.300000190734863,13.15999984741211,13.289999961853027,7.7565155029296875,19721600,0.0,0.0
2016-05-25,13.329999923706055,13.600000381469727,13.329999923706055,13.520000457763672,7.890749931335449,26188300,0.0,0.0
2016-05-26,13.59000015258789,13.680000305175781,13.369999885559082,13.460000038146973,7.855734348297119,18369900,0.0,0.0
2016-05-27,13.479999542236328,13.539999961853027,13.399999618530273,13.449999809265137,7.849895000457764,17263300,0.0,0.0
2016-05-31,13.489999771118164,13.5600004196167,13.399999618530273,13.489999771118164,7.87324333190918,26096000,0.0,0.0
2016-06-01,13.430000305175781,13.4399995803833,12.970000267028809,13.109999656677246,7.65146017074585,58219600,0.0,0.0
2016-06-02,13.09000015258789,13.319999694824219,13.050000190734863,13.210000038146973,7.709823131561279,41614600,0.0,0.0
2016-06-03,13.140000343322754,13.140000343322754,12.899999618530273,13.039999961853027,7.610605239868164,39850700,0.0,0.0
2016-06-06,13.079999923706055,13.210000038146973,13.039999961853027,13.180000305175781,7.692315101623535,25588700,0.0,0.0
2016-06-07,13.229999542236328,13.449999809265137,13.180000305175781,13.380000114440918,7.809040069580078,27656900,0.0,0.0
2016-06-08,13.449999809265137,13.489999771118164,13.350000381469727,13.359999656677246,7.797369480133057,18084800,0.0,0.0
2016-06-09,13.260000228881836,13.300000190734863,13.140000343322754,13.260000228881836,7.739003658294678,19873800,0.0,0.0
2016-06-10,13.170000076293945,13.25,13.050000190734863,13.100000381469727,7.645624160766602,27382700,0.0,0.0
2016-06-13,13.069999694824219,13.130000114440918,12.960000038146973,12.979999542236328,7.575586318969727,20745800,0.0,0.0
2016-06-14,12.989999771118164,13.069999694824219,12.760000228881836,12.84000015258789,7.493880271911621,30546000,0.0,0.0
2016-06-15,12.90999984741211,13.15999984741211,12.880000114440918,13.010000228881836,7.59309720993042,25829700,0.0,0.0
2016-06-16,12.930000305175781,13.140000343322754,12.850000381469727,13.119999885559082,7.657297134399414,26581200,0.0,0.0
2016-06-17,13.15999984741211,13.399999618530273,13.149999618530273,13.260000228881836,7.739003658294678,37364900,0.0,0.0
2016-06-20,13.390000343322754,13.550000190734863,13.390000343322754,13.420000076293945,7.8323869705200195,29666700,0.0,0.0
2016-06-21,13.4399995803833,13.4399995803833,13.180000305175781,13.220000267028809,7.715659141540527,36721800,0.0,0.0
2016-06-22,13.229999542236328,13.3100004196167,13.149999618530273,13.180000305175781,7.692315101623535,20666600,0.0,0.0
2016-06-23,13.289999961853027,13.40999984741211,13.279999732971191,13.399999618530273,7.820713043212891,24579700,0.0,0.0
2016-06-24,12.789999961853027,12.90999984741211,12.449999809265137,12.520000457763672,7.307117462158203,96887300,0.0,0.0
2016-06-27,12.430000305175781,12.430000305175781,12.0,12.15999984741211,7.097006797790527,52731800,0.0,0.0
2016-06-28,12.420000076293945,12.4399995803833,12.210000038146973,12.390000343322754,7.231242656707764,40640400,0.0,0.0
2016-06-29,12.489999771118164,12.579999923706055,12.359999656677246,12.550000190734863,7.324623107910156,31937900,0.0,0.0
2016-06-30,12.5600004196167,12.569999694824219,12.260000228881836,12.569999694824219,7.336296558380127,44983800,0.0,0.0
2016-07-01,12.880000114440918,12.890000343322754,12.6899995803833,12.720000267028809,7.423843860626221,45067800,0.0,0.0
2016-07-05,12.569999694824219,12.59000015258789,12.3100004196167,12.399999618530273,7.2370781898498535,30243300,0.0,0.0
2016-07-06,12.319999694824219,12.579999923706055,12.210000038146973,12.569999694824219,7.336296558380127,35091200,0.0,0.0
2016-07-07,12.569999694824219,12.84000015258789,12.569999694824219,12.75,7.441351413726807,33473000,0.0,0.0
2016-07-08,12.890000343322754,13.170000076293945,12.890000343322754,13.09000015258789,7.639787673950195,45945200,0.0,0.0
2016-07-11,13.170000076293945,13.329999923706055,13.130000114440918,13.270000457763672,7.744840621948242,28626300,0.0,0.0
2016-07-12,13.380000114440918,13.539999961853027,13.380000114440918,13.449999809265137,7.849895000457764,31320100,0.0,0.0
2016-07-13,13.489999771118164,13.510000228881836,13.3100004196167,13.479999542236328,7.867404460906982,26779800,0.0,0.0
2016-07-14,13.569999694824219,13.699999809265137,13.550000190734863,13.59000015258789,7.931605815887451,31803000,0.0,0.0
2016-07-15,13.630000114440918,13.670000076293945,13.529999732971191,13.569999694824219,7.919931411743164,19546300,0.0,0.0
2016-07-18,13.5600004196167,13.680000305175781,13.420000076293945,13.649999618530273,7.966620922088623,22545800,0.0,0.0
2016-07-19,13.5600004196167,13.720000267028809,13.5,13.649999618530273,7.966620922088623,26183400,0.0,0.0
2016-07-20,13.609999656677246,13.779999732971191,13.5600004196167,13.739999771118164,8.019150733947754,22588900,0.0,0.0
2016-07-21,13.869999885559082,14.039999961853027,13.859999656677246,13.920000076293945,8.124201774597168,40574400,0.0,0.0
2016-07-22,13.920000076293945,13.930000305175781,13.710000038146973,13.84000015258789,8.077513694763184,25134100,0.0,0.0
2016-07-25,13.859999656677246,13.949999809265137,13.760000228881836,13.829999923706055,8.071675300598145,26248500,0.0,0.0
2016-07-26,13.729999542236328,13.880000114440918,13.6899995803833,13.859999656677246,8.17788314819336,28467200,0.15,0.0
2016-07-27,13.859999656677246,13.989999771118164,13.75,13.84000015258789,8.166082382202148,34625500,0.0,0.0
2016-07-28,12.779999732971191,12.859999656677246,12.449999809265137,12.710000038146973,7.499343395233154,142168600,0.0,0.0
2016-07-29,12.609999656677246,12.880000114440918,12.600000381469727,12.65999984741211,7.469842910766602,59754100,0.0,0.0
2016-08-01,12.609999656677246,12.619999885559082,12.399999618530273,12.479999542236328,7.363636493682861,51963100,0.0,0.0
2016-08-02,12.350000381469727,12.359999656677246,11.899999618530273,11.9399995803833,7.045017242431641,101624900,0.0,0.0
2016-08-03,12.020000457763672,12.199999809265137,11.9399995803833,12.130000114440918,7.15712308883667,47323300,0.0,0.0
2016-08-04,12.119999885559082,12.229999542236328,12.050000190734863,12.079999923706055,7.127621173858643,38443200,0.0,0.0
2016-08-05,12.15999984741211,12.260000228881836,12.15999984741211,12.1899995803833,7.192524433135986,31219500,0.0,0.0
2016-08-08,12.220000267028809,12.329999923706055,12.149999618530273,12.180000305175781,7.186624526977539,33310600,0.0,0.0
2016-08-09,12.15999984741211,12.380000114440918,12.149999618530273,12.3100004196167,7.263329029083252,30097800,0.0,0.0
2016-08-10,12.300000190734863,12.359999656677246,12.229999542236328,12.25,7.227926731109619,24555800,0.0,0.0
2016-08-11,12.3100004196167,12.369999885559082,12.260000228881836,12.3100004196167,7.263329029083252,24987300,0.0,0.0
2016-08-12,12.289999961853027,12.369999885559082,12.25,12.329999923706055,7.2751288414001465,18816900,0.0,0.0
2016-08-15,12.369999885559082,12.4399995803833,12.359999656677246,12.430000305175781,7.334133148193359,16371100,0.0,0.0
2016-08-16,12.350000381469727,12.430000305175781,12.329999923706055,12.34000015258789,7.281031608581543,20450100,0.0,0.0
2016-08-17,12.329999923706055,12.390000343322754,12.229999542236328,12.390000343322754,7.310532093048096,23434500,0.0,0.0
2016-08-18,12.329999923706055,12.359999656677246,12.270000457763672,12.329999923706055,7.2751288414001465,23629500,0.0,0.0
2016-08-19,12.300000190734863,12.40999984741211,12.25,12.390000343322754,7.310532093048096,21891400,0.0,0.0
2016-08-22,12.350000381469727,12.380000114440918,12.289999961853027,12.359999656677246,7.292830467224121,22458400,0.0,0.0
2016-08-23,12.399999618530273,12.430000305175781,12.329999923706055,12.420000076293945,7.328232765197754,34634100,0.0,0.0
2016-08-24,12.40999984741211,12.4399995803833,12.279999732971191,12.300000190734863,7.257430076599121,19999600,0.0,0.0
2016-08-25,12.300000190734863,12.520000457763672,12.210000038146973,12.470000267028809,7.357734203338623,44713700,0.0,0.0
2016-08-26,12.470000267028809,12.550000190734863,12.34000015258789,12.380000114440918,7.304632663726807,22645900,0.0,0.0
2016-08-29,12.380000114440918,12.5,12.380000114440918,12.470000267028809,7.357734203338623,22243200,0.0,0.0
2016-08-30,12.470000267028809,12.5600004196167,12.430000305175781,12.550000190734863,7.40493631362915,26040400,0.0,0.0
2016-08-31,12.479999542236328,12.609999656677246,12.479999542236328,12.600000381469727,7.434439659118652,26030600,0.0,0.0
2016-09-01,12.65999984741211,12.720000267028809,12.350000381469727,12.4399995803833,7.340034484863281,40510400,0.0,0.0
2016-09-02,12.529999732971191,12.569999694824219,12.460000038146973,12.5,7.375436782836914,21079800,0.0,0.0
2016-09-06,12.489999771118164,12.670000076293945,12.430000305175781,12.670000076293945,7.475740909576416,36098900,0.0,0.0
2016-09-07,12.619999885559082,12.75,12.619999885559082,12.699999809265137,7.493444919586182,22879100,0.0,0.0
2016-09-08,12.5,12.75,12.5,12.729999542236328,7.511142253875732,34017900,0.0,0.0
2016-09-09,12.609999656677246,12.6899995803833,12.380000114440918,12.380000114440918,7.304632663726807,35733600,0.0,0.0
2016-09-12,12.319999694824219,12.770000457763672,12.279999732971191,12.699999809265137,7.493444919586182,42690200,0.0,0.0
2016-09-13,12.529999732971191,12.680000305175781,12.329999923706055,12.380000114440918,7.304632663726807,56549100,0.0,0.0
2016-09-14,12.180000305175781,12.3100004196167,12.109999656677246,12.140000343322754,7.163025379180908,62450600,0.0,0.0
2016-09-15,12.140000343322754,12.180000305175781,12.0600004196167,12.109999656677246,7.145323276519775,57334800,0.0,0.0
2016-09-16,12.050000190734863,12.130000114440918,12.010000228881836,12.109999656677246,7.145323276519775,26271600,0.0,0.0
2016-09-19,12.119999885559082,12.329999923706055,12.0600004196167,12.109999656677246,7.145323276519775,41175500,0.0,0.0
2016-09-20,12.09000015258789,12.1899995803833,11.960000038146973,12.0,7.08042049407959,37820800,0.0,0.0
2016-09-21,12.079999923706055,12.109999656677246,12.010000228881836,12.09000015258789,7.13352108001709,32934600,0.0,0.0
2016-09-22,12.170000076293945,12.289999961853027,12.15999984741211,12.180000305175781,7.186624526977539,36136200,0.0,0.0
2016-09-23,12.119999885559082,12.220000267028809,12.119999885559082,12.170000076293945,7.180724620819092,18993500,0.0,0.0
2016-09-26,12.119999885559082,12.119999885559082,12.0,12.010000228881836,7.086318492889404,26758600,0.0,0.0
2016-09-27,12.020000457763672,12.09000015258789,11.930000305175781,11.979999542236328,7.0686163902282715,28965800,0.0,0.0
2016-09-28,12.020000457763672,12.09000015258789,11.960000038146973,12.09000015258789,7.13352108001709,29341500,0.0,0.0
2016-09-29,12.029999732971191,12.119999885559082,11.949999809265137,11.970000267028809,7.062717914581299,23397400,0.0,0.0
2016-09-30,12.0,12.140000343322754,11.989999771118164,12.069999694824219,7.121720314025879,34903800,0.0,0.0
2016-10-03,12.0600004196167,12.149999618530273,12.020000457763672,12.100000381469727,7.139423847198486,20683100,0.0,0.0
2016-10-04,12.109999656677246,12.25,12.09000015258789,12.199999809265137,7.198425769805908,23948700,0.0,0.0
2016-10-05,12.220000267028809,12.529999732971191,12.220000267028809,12.479999542236328,7.363636493682861,55529100,0.0,0.0
2016-10-06,12.430000305175781,12.510000228881836,12.329999923706055,12.390000343322754,7.310532093048096,25880900,0.0,0.0
2016-10-07,12.390000343322754,12.420000076293945,12.199999809265137,12.289999961853027,7.251527786254883,22093200,0.0,0.0
2016-10-10,12.350000381469727,12.380000114440918,12.100000381469727,12.119999885559082,7.151223182678223,24951400,0.0,0.0
2016-10-11,12.170000076293945,12.170000076293945,11.90999984741211,11.989999771118164,7.07451868057251,40053500,0.0,0.0
2016-10-12,12.0,12.010000228881836,11.9399995803833,11.960000038146973,7.056819438934326,20627000,0.0,0.0
2016-10-13,11.90999984741211,11.90999984741211,11.6899995803833,11.90999984741211,7.027315139770508,39904200,0.0,0.0
2016-10-14,11.960000038146973,12.0,11.890000343322754,11.90999984741211,7.027315139770508,25775700,0.0,0.0
2016-10-17,11.90999984741211,12.0,11.880000114440918,11.880000114440918,7.009615898132324,19875000,0.0,0.0
2016-10-18,11.920000076293945,11.930000305175781,11.710000038146973,11.890000343322754,7.015515327453613,39911300,0.0,0.0
2016-10-19,11.890000343322754,12.050000190734863,11.880000114440918,12.010000228881836,7.086318492889404,26094000,0.0,0.0
2016-10-20,12.020000457763672,12.029999732971191,11.899999618530273,11.970000267028809,7.062717914581299,18116000,0.0,0.0
2016-10-21,11.930000305175781,12.039999961853027,11.850000381469727,12.020000457763672,7.092219829559326,24364200,0.0,0.0
2016-10-24,12.0600004196167,12.199999809265137,12.0600004196167,12.1899995803833,7.192524433135986,33733600,0.0,0.0
2016-10-25,12.050000190734863,12.100000381469727,11.760000228881836,11.850000381469727,7.079020023345947,42486000,0.15,0.0
2016-10-26,11.800000190734863,11.930000305175781,11.760000228881836,11.880000114440918,7.096945762634277,36219900,0.0,0.0
2016-10-27,11.8100004196167,11.829999923706055,11.600000381469727,11.739999771118164,7.013307571411133,48402000,0.0,0.0
2016-10-28,11.739999771118164,11.850000381469727,11.630000114440918,11.720000267028809,7.00136137008667,37142400,0.0,0.0
2016-10-31,11.75,11.8100004196167,11.6899995803833,11.739999771118164,7.013307571411133,31898400,0.0,0.0
2016-11-01,11.779999732971191,11.84000015258789,11.5,11.609999656677246,6.93565034866333,35613600,0.0,0.0
2016-11-02,11.510000228881836,11.5600004196167,11.359999656677246,11.399999618530273,6.810196876525879,36229400,0.0,0.0
2016-11-03,11.390000343322754,11.460000038146973,11.270000457763672,11.350000381469727,6.780330657958984,38651500,0.0,0.0
2016-11-04,11.3100004196167,11.5,11.300000190734863,11.34000015258789,6.774355411529541,24752400,0.0,0.0
2016-11-07,11.520000457763672,11.619999885559082,11.390000343322754,11.579999923706055,6.917727947235107,25120700,0.0,0.0
2016-11-08,11.5,11.510000228881836,11.350000381469727,11.479999542236328,6.85798978805542,28497900,0.0,0.0
2016-11-09,11.149999618530273,11.630000114440918,11.069999694824219,11.579999923706055,6.917727947235107,60625700,0.0,0.0
2016-11-10,11.579999923706055,11.979999542236328,11.579999923706055,11.9399995803833,7.132787227630615,52756500,0.0,0.0
2016-11-11,11.880000114440918,12.399999618530273,11.84000015258789,12.279999732971191,7.335895538330078,79259300,0.0,0.0
2016-11-14,12.270000457763672,12.5,12.020000457763672,12.0600004196167,7.204473495483398,56109900,0.0,0.0
2016-11-15,12.0600004196167,12.140000343322754,11.949999809265137,12.039999961853027,7.19252347946167,31498500,0.0,0.0
2016-11-16,12.0,12.050000190734863,11.920000076293945,12.0,7.168630599975586,25195500,0.0,0.0
2016-11-17,11.899999618530273,11.960000038146973,11.779999732971191,11.869999885559082,7.090969562530518,38502500,0.0,0.0
2016-11-18,11.869999885559082,11.899999618530273,11.729999542236328,11.760000228881836,7.0252556800842285,30662000,0.0,0.0
2016-11-21,11.770000457763672,11.899999618530273,11.770000457763672,11.789999961853027,7.043178558349609,19508600,0.0,0.0
2016-11-22,11.760000228881836,11.90999984741211,11.729999542236328,11.890000343322754,7.102917671203613,24274700,0.0,0.0
2016-11-23,11.899999618530273,12.0,11.850000381469727,11.899999618530273,7.108890056610107,22414000,0.0,0.0
2016-11-25,11.949999809265137,12.0600004196167,11.930000305175781,12.039999961853027,7.19252347946167,11439600,0.0,0.0
2016-11-28,12.020000457763672,12.050000190734863,11.890000343322754,11.920000076293945,7.120839595794678,24407200,0.0,0.0
2016-11-29,11.930000305175781,12.0,11.869999885559082,11.920000076293945,7.120839595794678,23690800,0.0,0.0
2016-11-30,11.970000267028809,12.140000343322754,11.920000076293945,11.960000038146973,7.1447319984436035,47646200,0.0,0.0
2016-12-01,12.229999542236328,12.800000190734863,12.180000305175781,12.430000305175781,7.425503253936768,95143600,0.0,0.0
2016-12-02,12.579999923706055,12.579999923706055,12.149999618530273,12.239999771118164,7.312000751495361,38689800,0.0,0.0
2016-12-05,12.3100004196167,12.5,12.289999961853027,12.4399995803833,7.431480407714844,36220000,0.0,0.0
2016-12-06,12.399999618530273,12.59000015258789,12.369999885559082,12.5600004196167,7.5031657218933105,23923900,0.0,0.0
2016-12-07,12.59000015258789,13.149999618530273,12.539999961853027,13.0600004196167,7.801858901977539,58600400,0.0,0.0
2016-12-08,13.069999694824219,13.149999618530273,12.970000267028809,13.029999732971191,7.783933639526367,41459500,0.0,0.0
2016-12-09,13.0,13.199999809265137,12.90999984741211,13.170000076293945,7.86757230758667,45256100,0.0,0.0
2016-12-12,13.079999923706055,13.100000381469727,12.8100004196167,12.819999694824219,7.6584858894348145,39596800,0.0,0.0
2016-12-13,12.84000015258789,12.880000114440918,12.75,12.770000457763672,7.628615856170654,39570500,0.0,0.0
2016-12-14,12.649999618530273,12.789999961853027,12.5,12.529999732971191,7.485245227813721,42820100,0.0,0.0
2016-12-15,12.539999961853027,12.720000267028809,12.520000457763672,12.579999923706055,7.515113353729248,23774800,0.0,0.0
2016-12-16,12.65999984741211,12.699999809265137,12.5600004196167,12.630000114440918,7.544982433319092,28354900,0.0,0.0
2016-12-19,12.59000015258789,12.800000190734863,12.59000015258789,12.65999984741211,7.562903881072998,22830000,0.0,0.0
2016-12-20,12.699999809265137,12.819999694824219,12.680000305175781,12.779999732971191,7.634591102600098,17834000,0.0,0.0
2016-12-21,12.729999542236328,12.770000457763672,12.640000343322754,12.640000343322754,7.550955772399902,18117100,0.0,0.0
2016-12-22,12.630000114440918,12.640000343322754,12.399999618530273,12.399999618530273,7.407583236694336,27821100,0.0,0.0
2016-12-23,12.430000305175781,12.460000038146973,12.359999656677246,12.460000038146973,7.443427562713623,15621200,0.0,0.0
2016-12-27,12.430000305175781,12.510000228881836,12.359999656677246,12.390000343322754,7.401609897613525,19467400,0.0,0.0
2016-12-28,12.369999885559082,12.449999809265137,12.220000267028809,12.25,7.317974090576172,26875400,0.0,0.0
2016-12-29,12.25,12.3100004196167,12.220000267028809,12.229999542236328,7.306025505065918,19819100,0.0,0.0
2016-12-30,12.239999771118164,12.279999732971191,12.079999923706055,12.130000114440918,7.246289253234863,27405700,0.0,0.0
2017-01-03,12.199999809265137,12.600000381469727,12.130000114440918,12.59000015258789,7.521085739135742,40510800,0.0,0.0
2017-01-04,12.770000457763672,13.270000457763672,12.739999771118164,13.170000076293945,7.86757230758667,77638100,0.0,0.0
2017-01-05,13.210000038146973,13.220000267028809,12.630000114440918,12.770000457763672,7.628615856170654,75628400,0.0,0.0
2017-01-06,12.800000190734863,12.84000015258789,12.640000343322754,12.760000228881836,7.6226420402526855,40315900,0.0,0.0
2017-01-09,12.789999961853027,12.859999656677246,12.630000114440918,12.630000114440918,7.544982433319092,39438400,0.0,0.0
2017-01-10,12.699999809265137,13.020000457763672,12.65999984741211,12.850000381469727,7.676407814025879,58703500,0.0,0.0
2017-01-11,12.710000038146973,12.720000267028809,12.510000228881836,12.670000076293945,7.568879127502441,49718700,0.0,0.0
2017-01-12,12.65999984741211,12.680000305175781,12.350000381469727,12.59000015258789,7.521085739135742,36493300,0.0,0.0
2017-01-13,12.619999885559082,12.670000076293945,12.5,12.630000114440918,7.544982433319092,29197100,0.0,0.0
2017-01-17,12.649999618530273,12.729999542236328,12.539999961853027,12.609999656677246,7.533034324645996,49069500,0.0,0.0
2017-01-18,12.430000305175781,12.449999809265137,12.300000190734863,12.40999984741211,7.533034324645996,33830800,0.2,0.0
2017-01-19,12.399999618530273,12.5600004196167,12.34000015258789,12.430000305175781,7.545172691345215,30135600,0.0,0.0
2017-01-20,12.449999809265137,12.479999542236328,12.3100004196167,12.359999656677246,7.502684116363525,29270000,0.0,0.0
2017-01-23,12.350000381469727,12.380000114440918,12.220000267028809,12.3100004196167,7.472332954406738,31670700,0.0,0.0
2017-01-24,12.350000381469727,12.609999656677246,12.34000015258789,12.609999656677246,7.654437065124512,34625200,0.0,0.0
2017-01-25,12.710000038146973,12.800000190734863,12.640000343322754,12.789999961853027,7.763700485229492,46747800,0.0,0.0
2017-01-26,12.649999618530273,12.680000305175781,12.350000381469727,12.369999885559082,7.50875186920166,55672800,0.0,0.0
2017-01-27,12.479999542236328,12.539999961853027,12.380000114440918,12.489999771118164,7.5815958976745605,34613900,0.0,0.0
2017-01-30,12.460000038146973,12.460000038146973,12.279999732971191,12.369999885559082,7.50875186920166,39254200,0.0,0.0
2017-01-31,12.3100004196167,12.390000343322754,12.1899995803833,12.359999656677246,7.502684116363525,46974500,0.0,0.0
2017-02-01,12.449999809265137,12.579999923706055,12.220000267028809,12.319999694824219,7.478404998779297,44396800,0.0,0.0
2017-02-02,12.300000190734863,12.369999885559082,12.229999542236328,12.279999732971191,7.454121112823486,29035400,0.0,0.0
2017-02-03,12.420000076293945,12.619999885559082,12.390000343322754,12.5600004196167,7.624087810516357,38245300,0.0,0.0
2017-02-06,12.550000190734863,12.619999885559082,12.460000038146973,12.520000457763672,7.599806308746338,26916800,0.0,0.0
2017-02-07,12.5,12.520000457763672,12.3100004196167,12.34000015258789,7.490544319152832,32914400,0.0,0.0
2017-02-08,12.34000015258789,12.449999809265137,12.270000457763672,12.380000114440918,7.514825344085693,26411400,0.0,0.0
2017-02-09,12.380000114440918,12.470000267028809,12.350000381469727,12.380000114440918,7.514825344085693,32924600,0.0,0.0
2017-02-10,12.4399995803833,12.510000228881836,12.369999885559082,12.510000228881836,7.593734264373779,32996500,0.0,0.0
2017-02-13,12.539999961853027,12.619999885559082,12.479999542236328,12.5600004196167,7.624087810516357,24474000,0.0,0.0
2017-02-14,12.640000343322754,12.699999809265137,12.59000015258789,12.649999618530273,7.678717136383057,28355700,0.0,0.0
2017-02-15,12.619999885559082,12.640000343322754,12.550000190734863,12.630000114440918,7.66657829284668,25114400,0.0,0.0
2017-02-16,12.609999656677246,12.640000343322754,12.479999542236328,12.539999961853027,7.6119489669799805,22896500,0.0,0.0
2017-02-17,12.5,12.579999923706055,12.420000076293945,12.579999923706055,7.636227130889893,26407400,0.0,0.0
2017-02-21,12.609999656677246,12.720000267028809,12.609999656677246,12.6899995803833,7.702998161315918,29156200,0.0,0.0
2017-02-22,12.65999984741211,12.770000457763672,12.649999618530273,12.670000076293945,7.690857410430908,24787500,0.0,0.0
2017-02-23,12.699999809265137,12.720000267028809,12.550000190734863,12.5600004196167,7.624087810516357,22520600,0.0,0.0
2017-02-24,12.510000228881836,12.510000228881836,12.380000114440918,12.470000267028809,7.569457054138184,40817300,0.0,0.0
2017-02-27,12.489999771118164,12.680000305175781,12.430000305175781,12.65999984741211,7.684788703918457,41713100,0.0,0.0
2017-02-28,12.630000114440918,12.65999984741211,12.449999809265137,12.529999732971191,7.60587739944458,36089800,0.0,0.0
2017-03-01,12.65999984741211,12.75,12.649999618530273,12.6899995803833,7.702998161315918,36178600,0.0,0.0
2017-03-02,12.720000267028809,12.75,12.579999923706055,12.65999984741211,7.684788703918457,33245100,0.0,0.0
2017-03-03,12.65999984741211,12.710000038146973,12.529999732971191,12.649999618530273,7.678717136383057,30429200,0.0,0.0
2017-03-06,12.579999923706055,12.600000381469727,12.5,12.520000457763672,7.599806308746338,28753600,0.0,0.0
2017-03-07,12.510000228881836,12.529999732971191,12.420000076293945,12.460000038146973,7.563385963439941,25906900,0.0,0.0
2017-03-08,12.5,12.640000343322754,12.460000038146973,12.529999732971191,7.60587739944458,27327800,0.0,0.0
2017-03-09,12.539999961853027,12.539999961853027,12.399999618530273,12.5,7.587664604187012,29149100,0.0,0.0
2017-03-10,12.550000190734863,12.630000114440918,12.470000267028809,12.529999732971191,7.60587739944458,34866100,0.0,0.0
2017-03-13,12.5600004196167,12.630000114440918,12.5,12.539999961853027,7.6119489669799805,22625800,0.0,0.0
2017-03-14,12.510000228881836,12.5600004196167,12.449999809265137,12.550000190734863,7.61801815032959,26956700,0.0,0.0
2017-03-15,12.5600004196167,12.649999618530273,12.520000457763672,12.649999618530273,7.678717136383057,34296200,0.0,0.0
2017-03-16,12.649999618530273,12.720000267028809,12.59000015258789,12.699999809265137,7.709070682525635,28954700,0.0,0.0
2017-03-17,12.739999771118164,12.739999771118164,12.449999809265137,12.479999542236328,7.575525283813477,54929100,0.0,0.0
2017-03-20,12.479999542236328,12.489999771118164,12.25,12.279999732971191,7.454121112823486,45329700,0.0,0.0
2017-03-21,12.300000190734863,12.319999694824219,11.699999809265137,11.720000267028809,7.114195346832275,101559900,0.0,0.0
2017-03-22,11.720000267028809,11.829999923706055,11.619999885559082,11.770000457763672,7.144546985626221,71107900,0.0,0.0
2017-03-23,11.569999694824219,11.75,11.5,11.670000076293945,7.083845615386963,71209300,0.0,0.0
2017-03-24,11.65999984741211,11.770000457763672,11.550000190734863,11.619999885559082,7.053494453430176,43772400,0.0,0.0
2017-03-27,11.510000228881836,11.550000190734863,11.40999984741211,11.460000038146973,6.956372261047363,57713400,0.0,0.0
2017-03-28,11.510000228881836,11.800000190734863,11.479999542236328,11.649999618530273,7.0717034339904785,57662800,0.0,0.0
2017-03-29,11.729999542236328,11.760000228881836,11.640000343322754,11.680000305175781,7.089915752410889,35795700,0.0,0.0
2017-03-30,11.670000076293945,11.739999771118164,11.609999656677246,11.680000305175781,7.089915752410889,28008200,0.0,0.0
2017-03-31,11.65999984741211,11.680000305175781,11.600000381469727,11.640000343322754,7.0656352043151855,26717500,0.0,0.0
2017-04-03,11.640000343322754,11.640000343322754,11.279999732971191,11.4399995803833,6.9442315101623535,65671100,0.0,0.0
2017-04-04,11.380000114440918,11.479999542236328,11.279999732971191,11.369999885559082,6.901740074157715,40068200,0.0,0.0
2017-04-05,11.479999542236328,11.5,11.25,11.260000228881836,6.834970951080322,43316100,0.0,0.0
2017-04-06,11.270000457763672,11.359999656677246,11.220000267028809,11.270000457763672,6.84104061126709,36165300,0.0,0.0
2017-04-07,11.260000228881836,11.3100004196167,11.210000038146973,11.229999542236328,6.816758632659912,28874900,0.0,0.0
2017-04-10,11.260000228881836,11.350000381469727,11.239999771118164,11.25,6.8288984298706055,25857100,0.0,0.0
2017-04-11,11.270000457763672,11.279999732971191,11.170000076293945,11.279999732971191,6.847107887268066,36366300,0.0,0.0
2017-04-12,11.270000457763672,11.300000190734863,11.199999809265137,11.229999542236328,6.816758632659912,56588400,0.0,0.0
2017-04-13,11.220000267028809,11.25,11.109999656677246,11.109999656677246,6.7439165115356445,32789900,0.0,0.0
2017-04-17,11.220000267028809,11.300000190734863,11.140000343322754,11.279999732971191,6.847107887268066,44731700,0.0,0.0
2017-04-18,11.149999618530273,11.180000305175781,11.079999923706055,11.140000343322754,6.853263854980469,35660000,0.15,0.0
2017-04-19,11.1899995803833,11.279999732971191,11.170000076293945,11.1899995803833,6.884021282196045,37524400,0.0,0.0
2017-04-20,11.25,11.5,11.239999771118164,11.470000267028809,7.056275844573975,49990200,0.0,0.0
2017-04-21,11.460000038146973,11.479999542236328,11.319999694824219,11.34000015258789,6.976301193237305,26076200,0.0,0.0
2017-04-24,11.479999542236328,11.5,11.359999656677246,11.430000305175781,7.0316667556762695,41071300,0.0,0.0
2017-04-25,11.470000267028809,11.5,11.430000305175781,11.479999542236328,7.062427520751953,35862500,0.0,0.0
2017-04-26,11.470000267028809,11.699999809265137,11.449999809265137,11.600000381469727,7.136251449584961,51685800,0.0,0.0
2017-04-27,11.65999984741211,11.680000305175781,11.34000015258789,11.470000267028809,7.056275844573975,50203700,0.0,0.0
2017-04-28,11.510000228881836,11.510000228881836,11.399999618530273,11.470000267028809,7.056275844573975,41415100,0.0,0.0
2017-05-01,11.489999771118164,11.539999961853027,11.399999618530273,11.420000076293945,7.02551794052124,32118400,0.0,0.0
2017-05-02,11.300000190734863,11.369999885559082,10.899999618530273,10.920000076293945,6.717919826507568,99514700,0.0,0.0
2017-05-03,10.920000076293945,11.09000015258789,10.90999984741211,11.069999694824219,6.810198783874512,57290600,0.0,0.0
2017-05-04,11.09000015258789,11.109999656677246,10.960000038146973,11.0,6.7671356201171875,34639800,0.0,0.0
2017-05-05,11.010000228881836,11.15999984741211,10.979999542236328,11.140000343322754,6.853263854980469,28926000,0.0,0.0
2017-05-08,11.180000305175781,11.239999771118164,11.09000015258789,11.130000114440918,6.847111701965332,35561800,0.0,0.0
2017-05-09,11.140000343322754,11.260000228881836,11.100000381469727,11.15999984741211,6.865565776824951,44142900,0.0,0.0
2017-05-10,11.15999984741211,11.199999809265137,11.029999732971191,11.039999961853027,6.79174280166626,34989300,0.0,0.0
2017-05-11,11.039999961853027,11.069999694824219,10.970000267028809,11.010000228881836,6.773287296295166,29276300,0.0,0.0
2017-05-12,11.0,11.029999732971191,10.899999618530273,10.920000076293945,6.717919826507568,34264300,0.0,0.0
2017-05-15,10.960000038146973,11.029999732971191,10.920000076293945,10.9399995803833,6.730221271514893,27359500,0.0,0.0
2017-05-16,11.0600004196167,11.069999694824219,10.899999618530273,10.9399995803833,6.730221271514893,42130200,0.0,0.0
2017-05-17,10.9399995803833,10.949999809265137,10.670000076293945,10.760000228881836,6.61948823928833,54670100,0.0,0.0
2017-05-18,10.729999542236328,10.819999694824219,10.699999809265137,10.789999961853027,6.637943267822266,37890800,0.0,0.0
2017-05-19,10.8100004196167,10.9399995803833,10.789999961853027,10.869999885559082,6.687159061431885,32431700,0.0,0.0
2017-05-22,11.109999656677246,11.130000114440918,10.979999542236328,11.100000381469727,6.828654766082764,73335000,0.0,0.0
2017-05-23,11.15999984741211,11.170000076293945,10.970000267028809,11.050000190734863,6.797894477844238,40816600,0.0,0.0
2017-05-24,11.0600004196167,11.0600004196167,10.869999885559082,10.960000038146973,6.742527484893799,46638800,0.0,0.0
2017-05-25,10.960000038146973,10.970000267028809,10.760000228881836,10.859999656677246,6.681005954742432,46269200,0.0,0.0
2017-05-26,10.850000381469727,10.949999809265137,10.8100004196167,10.930000305175781,6.7240705490112305,28176500,0.0,0.0
2017-05-30,11.0,11.119999885559082,10.989999771118164,11.079999923706055,6.816349983215332,36082600,0.0,0.0
2017-05-31,11.119999885559082,11.130000114440918,11.0,11.119999885559082,6.840957164764404,36398700,0.0,0.0
2017-06-01,11.25,11.539999961853027,11.100000381469727,11.40999984741211,7.0193634033203125,76707200,0.0,0.0
2017-06-02,11.420000076293945,11.430000305175781,11.239999771118164,11.350000381469727,6.982454776763916,45925000,0.0,0.0
2017-06-05,11.359999656677246,11.359999656677246,11.229999542236328,11.25,6.920932292938232,42558600,0.0,0.0
2017-06-06,11.1899995803833,11.199999809265137,11.050000190734863,11.119999885559082,6.840957164764404,44543700,0.0,0.0
2017-06-07,11.15999984741211,11.1899995803833,11.020000457763672,11.069999694824219,6.810198783874512,37344200,0.0,0.0
2017-06-08,11.069999694824219,11.100000381469727,10.90999984741211,11.100000381469727,6.828654766082764,40757400,0.0,0.0
2017-06-09,11.09000015258789,11.149999618530273,11.010000228881836,11.130000114440918,6.847111701965332,30285900,0.0,0.0
2017-06-12,11.130000114440918,11.359999656677246,11.130000114440918,11.279999732971191,6.93938684463501,38473100,0.0,0.0
2017-06-13,11.319999694824219,11.350000381469727,11.149999618530273,11.270000457763672,6.9332380294799805,29889300,0.0,0.0
2017-06-14,11.270000457763672,11.289999961853027,11.0600004196167,11.220000267028809,6.902477741241455,44367900,0.0,0.0
2017-06-15,11.149999618530273,11.289999961853027,11.140000343322754,11.239999771118164,6.9147796630859375,28431600,0.0,0.0
2017-06-16,11.239999771118164,11.239999771118164,11.069999694824219,11.220000267028809,6.902477741241455,54035400,0.0,0.0
2017-06-19,11.199999809265137,11.279999732971191,11.180000305175781,11.239999771118164,6.9147796630859375,30540900,0.0,0.0
2017-06-20,11.210000038146973,11.220000267028809,11.09000015258789,11.119999885559082,6.840957164764404,31971500,0.0,0.0
2017-06-21,11.149999618530273,11.149999618530273,11.0,11.039999961853027,6.79174280166626,37002500,0.0,0.0
2017-06-22,11.020000457763672,11.180000305175781,11.0,11.130000114440918,6.847111701965332,26972800,0.0,0.0
2017-06-23,11.100000381469727,11.130000114440918,11.0,11.039999961853027,6.79174280166626,45190200,0.0,0.0
2017-06-26,11.0600004196167,11.199999809265137,11.0600004196167,11.180000305175781,6.877869129180908,31316800,0.0,0.0
2017-06-27,11.170000076293945,11.199999809265137,11.0600004196167,11.079999923706055,6.816349983215332,28491600,0.0,0.0
2017-06-28,11.109999656677246,11.170000076293945,11.069999694824219,11.09000015258789,6.822502613067627,31820000,0.0,0.0
2017-06-29,11.130000114440918,11.199999809265137,11.069999694824219,11.170000076293945,6.8717169761657715,32917000,0.0,0.0
2017-06-30,11.180000305175781,11.279999732971191,11.15999984741211,11.1899995803833,6.884021282196045,41075000,0.0,0.0
2017-07-03,11.359999656677246,11.6899995803833,11.25,11.5600004196167,7.111641883850098,43949600,0.0,0.0
2017-07-05,11.510000228881836,11.5600004196167,11.260000228881836,11.300000190734863,6.9516921043396,39412200,0.0,0.0
2017-07-06,11.289999961853027,11.359999656677246,11.170000076293945,11.180000305175781,6.877869129180908,31936000,0.0,0.0
2017-07-07,11.210000038146973,11.279999732971191,11.15999984741211,11.260000228881836,6.927086353302002,20871800,0.0,0.0
2017-07-10,11.239999771118164,11.350000381469727,11.229999542236328,11.34000015258789,6.976301193237305,18881300,0.0,0.0
2017-07-11,11.3100004196167,11.430000305175781,11.300000190734863,11.380000114440918,7.000907897949219,25914300,0.0,0.0
2017-07-12,11.40999984741211,11.619999885559082,11.399999618530273,11.470000267028809,7.056275844573975,33088200,0.0,0.0
2017-07-13,11.460000038146973,11.6899995803833,11.449999809265137,11.600000381469727,7.136251449584961,33650800,0.0,0.0
2017-07-14,11.649999618530273,11.729999542236328,11.600000381469727,11.680000305175781,7.185466766357422,39792200,0.0,0.0
2017-07-17,11.710000038146973,11.75,11.649999618530273,11.739999771118164,7.222376346588135,24394200,0.0,0.0
2017-07-18,11.720000267028809,11.75,11.670000076293945,11.75,7.228529930114746,24625200,0.0,0.0
2017-07-19,11.760000228881836,11.829999923706055,11.739999771118164,11.829999923706055,7.277746677398682,26225900,0.0,0.0
2017-07-20,11.6899995803833,11.779999732971191,11.65999984741211,11.699999809265137,7.290207386016846,30315100,0.15,0.0
2017-07-21,11.59000015258789,11.619999885559082,11.460000038146973,11.529999732971191,7.1842803955078125,27630600,0.0,0.0
2017-07-24,11.510000228881836,11.550000190734863,11.270000457763672,11.289999961853027,7.034738540649414,48123400,0.0,0.0
2017-07-25,11.300000190734863,11.380000114440918,11.220000267028809,11.270000457763672,7.022277355194092,52854300,0.0,0.0
2017-07-26,11.140000343322754,11.15999984741211,10.949999809265137,11.0600004196167,6.891426086425781,72271700,0.0,0.0
2017-07-27,11.079999923706055,11.199999809265137,11.029999732971191,11.180000305175781,6.966198444366455,38687500,0.0,0.0
2017-07-28,11.149999618530273,11.220000267028809,11.0600004196167,11.170000076293945,6.959967613220215,24864100,0.0,0.0
2017-07-31,11.15999984741211,11.229999542236328,11.130000114440918,11.220000267028809,6.991122722625732,39548600,0.0,0.0
2017-08-01,11.109999656677246,11.149999618530273,10.869999885559082,10.949999809265137,6.822887897491455,65140100,0.0,0.0
2017-08-02,10.979999542236328,11.029999732971191,10.930000305175781,11.0,6.854042053222656,30890500,0.0,0.0
2017-08-03,11.010000228881836,11.050000190734863,10.920000076293945,10.930000305175781,6.8104248046875,20309300,0.0,0.0
2017-08-04,10.899999618530273,10.989999771118164,10.779999732971191,10.949999809265137,6.822887897491455,29267600,0.0,0.0
2017-08-07,10.9399995803833,10.979999542236328,10.899999618530273,10.920000076293945,6.804194450378418,35013000,0.0,0.0
2017-08-08,10.949999809265137,11.0,10.880000114440918,10.890000343322754,6.7855024337768555,26322100,0.0,0.0
2017-08-09,10.880000114440918,10.949999809265137,10.829999923706055,10.920000076293945,6.804194450378418,32155900,0.0,0.0
2017-08-10,10.880000114440918,10.90999984741211,10.770000457763672,10.770000457763672,6.710729122161865,31903800,0.0,0.0
2017-08-11,10.789999961853027,10.84000015258789,10.760000228881836,10.770000457763672,6.710729122161865,32300100,0.0,0.0
2017-08-14,10.819999694824219,10.949999809265137,10.789999961853027,10.90999984741211,6.797963619232178,26413500,0.0,0.0
2017-08-15,10.920000076293945,11.0,10.84000015258789,10.84000015258789,6.754343032836914,29266300,0.0,0.0
2017-08-16,10.859999656677246,10.899999618530273,10.779999732971191,10.800000190734863,6.7294230461120605,28316300,0.0,0.0
2017-08-17,10.789999961853027,10.800000190734863,10.600000381469727,10.640000343322754,6.629727363586426,35518800,0.0,0.0
2017-08-18,10.619999885559082,10.630000114440918,10.470000267028809,10.5600004196167,6.579878807067871,43998700,0.0,0.0
2017-08-21,10.529999732971191,10.65999984741211,10.520000457763672,10.569999694824219,6.586110591888428,30152500,0.0,0.0
2017-08-22,10.609999656677246,10.729999542236328,10.609999656677246,10.649999618530273,6.635956764221191,28676100,0.0,0.0
2017-08-23,10.609999656677246,10.779999732971191,10.59000015258789,10.710000038146973,6.67334508895874,35405800,0.0,0.0
2017-08-24,10.75,10.800000190734863,10.6899995803833,10.710000038146973,6.67334508895874,33584400,0.0,0.0
2017-08-25,10.770000457763672,10.880000114440918,10.760000228881836,10.819999694824219,6.741884231567383,35926800,0.0,0.0
2017-08-28,10.859999656677246,10.880000114440918,10.729999542236328,10.789999961853027,6.723191738128662,22307400,0.0,0.0
2017-08-29,10.75,10.890000343322754,10.729999542236328,10.84000015258789,6.754343032836914,29807300,0.0,0.0
2017-08-30,10.819999694824219,10.9399995803833,10.770000457763672,10.9399995803833,6.816654682159424,23629300,0.0,0.0
2017-08-31,10.970000267028809,11.199999809265137,10.949999809265137,11.029999732971191,6.872734069824219,54208900,0.0,0.0
2017-09-01,11.180000305175781,11.430000305175781,11.140000343322754,11.350000381469727,7.0721259117126465,64560300,0.0,0.0
2017-09-05,11.359999656677246,11.390000343322754,11.239999771118164,11.359999656677246,7.078356742858887,44000200,0.0,0.0
2017-09-06,11.390000343322754,11.529999732971191,11.390000343322754,11.5,7.165586948394775,43279000,0.0,0.0
2017-09-07,11.520000457763672,11.520000457763672,11.329999923706055,11.399999618530273,7.103279113769531,30271000,0.0,0.0
2017-09-08,11.34000015258789,11.390000343322754,11.289999961853027,11.359999656677246,7.078356742858887,26633900,0.0,0.0
2017-09-11,11.399999618530273,11.449999809265137,11.380000114440918,11.40999984741211,7.1095099449157715,43375000,0.0,0.0
2017-09-12,11.430000305175781,11.670000076293945,11.390000343322754,11.59000015258789,7.221668243408203,41386700,0.0,0.0
2017-09-13,11.600000381469727,11.630000114440918,11.520000457763672,11.619999885559082,7.240360260009766,23302200,0.0,0.0
2017-09-14,11.600000381469727,11.680000305175781,11.479999542236328,11.5600004196167,7.202974319458008,31696300,0.0,0.0
2017-09-15,11.539999961853027,11.630000114440918,11.489999771118164,11.619999885559082,7.240360260009766,30865500,0.0,0.0
2017-09-18,11.630000114440918,11.729999542236328,11.600000381469727,11.630000114440918,7.246590614318848,25132400,0.0,0.0
2017-09-19,11.630000114440918,11.739999771118164,11.619999885559082,11.720000267028809,7.302668571472168,26392900,0.0,0.0
2017-09-20,11.680000305175781,11.800000190734863,11.640000343322754,11.710000038146973,7.296438217163086,26705300,0.0,0.0
2017-09-21,11.710000038146973,11.819999694824219,11.6899995803833,11.720000267028809,7.302668571472168,40319400,0.0,0.0
2017-09-22,11.739999771118164,11.869999885559082,11.720000267028809,11.84000015258789,7.377439975738525,30196500,0.0,0.0
2017-09-25,11.880000114440918,12.0600004196167,11.84000015258789,11.9399995803833,7.439750671386719,40766000,0.0,0.0
2017-09-26,11.949999809265137,12.0,11.899999618530273,11.930000305175781,7.4335198402404785,30646700,0.0,0.0
2017-09-27,11.979999542236328,12.020000457763672,11.859999656677246,11.949999809265137,7.445982456207275,28412200,0.0,0.0
2017-09-28,11.949999809265137,11.989999771118164,11.899999618530273,11.960000038146973,7.452211380004883,23105700,0.0,0.0
2017-09-29,11.970000267028809,12.020000457763672,11.920000076293945,11.970000267028809,7.458443641662598,31227500,0.0,0.0
2017-10-02,12.0,12.09000015258789,11.970000267028809,12.09000015258789,7.5332136154174805,36020000,0.0,0.0
2017-10-03,12.319999694824219,12.430000305175781,12.220000267028809,12.34000015258789,7.688990592956543,65641700,0.0,0.0
2017-10-04,12.329999923706055,12.460000038146973,12.279999732971191,12.300000190734863,7.664063453674316,52909800,0.0,0.0
2017-10-05,12.34000015258789,12.359999656677246,12.149999618530273,12.25,7.632908821105957,48145800,0.0,0.0
2017-10-06,12.199999809265137,12.329999923706055,12.1899995803833,12.3100004196167,7.670294284820557,35091800,0.0,0.0
2017-10-09,12.329999923706055,12.40999984741211,12.25,12.34000015258789,7.688990592956543,28924800,0.0,0.0
2017-10-10,12.34000015258789,12.420000076293945,12.25,12.390000343322754,7.720144271850586,40586200,0.0,0.0
2017-10-11,12.380000114440918,12.430000305175781,12.3100004196167,12.380000114440918,7.713912487030029,34953400,0.0,0.0
2017-10-12,12.300000190734863,12.319999694824219,12.109999656677246,12.119999885559082,7.551906585693359,45924400,0.0,0.0
2017-10-13,12.0600004196167,12.170000076293945,11.869999885559082,12.050000190734863,7.508291244506836,44597300,0.0,0.0
2017-10-16,11.989999771118164,12.149999618530273,11.960000038146973,12.119999885559082,7.551906585693359,32349700,0.0,0.0
2017-10-17,12.130000114440918,12.3100004196167,12.119999885559082,12.270000457763672,7.6453704833984375,55273200,0.0,0.0
2017-10-18,12.279999732971191,12.350000381469727,12.170000076293945,12.1899995803833,7.595524787902832,30783700,0.0,0.0
2017-10-19,12.140000343322754,12.25,12.050000190734863,12.229999542236328,7.620447158813477,29678200,0.0,0.0
2017-10-20,12.119999885559082,12.140000343322754,12.0,12.100000381469727,7.633065223693848,28171700,0.15,0.0
2017-10-23,12.109999656677246,12.1899995803833,12.039999961853027,12.039999961853027,7.595211505889893,21504800,0.0,0.0
2017-10-24,12.109999656677246,12.260000228881836,12.09000015258789,12.1899995803833,7.689839839935303,34651200,0.0,0.0
2017-10-25,12.149999618530273,12.149999618530273,11.970000267028809,12.039999961853027,7.595211505889893,47674800,0.0,0.0
2017-10-26,12.199999809265137,12.34000015258789,12.0600004196167,12.270000457763672,7.740304470062256,49003100,0.0,0.0
2017-10-27,12.229999542236328,12.239999771118164,12.010000228881836,12.0600004196167,7.6078314781188965,33925400,0.0,0.0
2017-10-30,12.010000228881836,12.149999618530273,11.949999809265137,12.100000381469727,7.633065223693848,36457400,0.0,0.0
2017-10-31,12.149999618530273,12.300000190734863,12.130000114440918,12.270000457763672,7.740304470062256,42010200,0.0,0.0
2017-11-01,12.399999618530273,12.470000267028809,12.279999732971191,12.350000381469727,7.790770530700684,43495800,0.0,0.0
2017-11-02,12.329999923706055,12.430000305175781,12.260000228881836,12.420000076293945,7.834931373596191,40923400,0.0,0.0
2017-11-03,12.40999984741211,12.460000038146973,12.319999694824219,12.359999656677246,7.7970805168151855,33220300,0.0,0.0
2017-11-06,12.359999656677246,12.430000305175781,12.300000190734863,12.329999923706055,7.778153419494629,20178500,0.0,0.0
2017-11-07,12.350000381469727,12.380000114440918,12.109999656677246,12.15999984741211,7.670915126800537,41536300,0.0,0.0
2017-11-08,12.140000343322754,12.15999984741211,12.010000228881836,12.0600004196167,7.6078314781188965,34127500,0.0,0.0
2017-11-09,12.010000228881836,12.050000190734863,11.930000305175781,12.039999961853027,7.595211505889893,26257300,0.0,0.0
2017-11-10,12.0,12.09000015258789,11.979999542236328,12.010000228881836,7.576291084289551,35298400,0.0,0.0
2017-11-13,12.010000228881836,12.220000267028809,11.970000267028809,12.15999984741211,7.670915126800537,30415900,0.0,0.0
2017-11-14,12.100000381469727,12.15999984741211,11.989999771118164,12.020000457763672,7.582597255706787,25893400,0.0,0.0
2017-11-15,11.970000267028809,12.029999732971191,11.869999885559082,12.0,7.569982051849365,28441300,0.0,0.0
2017-11-16,12.0,12.050000190734863,11.930000305175781,12.039999961853027,7.595211505889893,28269000,0.0,0.0
2017-11-17,12.020000457763672,12.0600004196167,11.989999771118164,12.010000228881836,7.576291084289551,31117700,0.0,0.0
2017-11-20,12.029999732971191,12.149999618530273,12.020000457763672,12.130000114440918,7.651989459991455,32352000,0.0,0.0
2017-11-21,12.140000343322754,12.229999542236328,12.119999885559082,12.119999885559082,7.645679950714111,28510300,0.0,0.0
2017-11-22,12.109999656677246,12.149999618530273,12.050000190734863,12.069999694824219,7.614138603210449,36184000,0.0,0.0
2017-11-24,12.100000381469727,12.149999618530273,12.029999732971191,12.100000381469727,7.633065223693848,9549600,0.0,0.0
2017-11-27,12.09000015258789,12.1899995803833,12.0600004196167,12.109999656677246,7.639374256134033,28525200,0.0,0.0
2017-11-28,12.149999618530273,12.239999771118164,12.079999923706055,12.210000038146973,7.702456474304199,33199300,0.0,0.0
2017-11-29,12.239999771118164,12.569999694824219,12.229999542236328,12.5600004196167,7.923246383666992,64866000,0.0,0.0
2017-11-30,12.529999732971191,12.649999618530273,12.420000076293945,12.520000457763672,7.898012638092041,49224200,0.0,0.0
2017-12-01,12.619999885559082,12.699999809265137,12.350000381469727,12.579999923706055,7.935864448547363,52458700,0.0,0.0
2017-12-04,12.649999618530273,12.8100004196167,12.59000015258789,12.630000114440918,7.967405319213867,39558900,0.0,0.0
2017-12-05,12.420000076293945,12.619999885559082,12.399999618530273,12.430000305175781,7.841238021850586,45527200,0.0,0.0
2017-12-06,12.369999885559082,12.430000305175781,12.279999732971191,12.380000114440918,7.80969762802124,28453800,0.0,0.0
2017-12-07,12.579999923706055,12.59000015258789,12.329999923706055,12.529999732971191,7.904322624206543,25417100,0.0,0.0
2017-12-08,12.529999732971191,12.609999656677246,12.430000305175781,12.609999656677246,7.954787254333496,21981900,0.0,0.0
2017-12-11,12.569999694824219,12.630000114440918,12.510000228881836,12.579999923706055,7.935864448547363,44194600,0.0,0.0
2017-12-12,12.5600004196167,12.640000343322754,12.510000228881836,12.600000381469727,7.9484782218933105,54370600,0.0,0.0
2017-12-13,12.609999656677246,12.729999542236328,12.59000015258789,12.630000114440918,7.967405319213867,31859000,0.0,0.0
2017-12-14,12.649999618530273,12.6899995803833,12.40999984741211,12.460000038146973,7.860165119171143,37074000,0.0,0.0
2017-12-15,12.510000228881836,12.65999984741211,12.5,12.579999923706055,7.935864448547363,48655500,0.0,0.0
2017-12-18,12.65999984741211,12.75,12.609999656677246,12.65999984741211,7.986330986022949,25022700,0.0,0.0
2017-12-19,12.710000038146973,12.779999732971191,12.65999984741211,12.6899995803833,8.005256652832031,23056900,0.0,0.0
2017-12-20,12.720000267028809,12.75,12.649999618530273,12.720000267028809,8.02418041229248,18989400,0.0,0.0
2017-12-21,12.739999771118164,12.770000457763672,12.630000114440918,12.630000114440918,7.967405319213867,21004700,0.0,0.0
2017-12-22,12.65999984741211,12.65999984741211,12.5600004196167,12.579999923706055,7.935864448547363,17876200,0.0,0.0
2017-12-26,12.569999694824219,12.649999618530273,12.550000190734863,12.600000381469727,7.9484782218933105,11664600,0.0,0.0
2017-12-27,12.569999694824219,12.579999923706055,12.449999809265137,12.5,7.885396957397461,17005600,0.0,0.0
2017-12-28,12.479999542236328,12.579999923706055,12.470000267028809,12.579999923706055,7.935864448547363,14793500,0.0,0.0
2017-12-29,12.579999923706055,12.609999656677246,12.489999771118164,12.489999771118164,7.879088878631592,18362500,0.0,0.0
2018-01-02,12.520000457763672,12.65999984741211,12.5,12.65999984741211,7.986330986022949,20773300,0.0,0.0
2018-01-03,12.680000305175781,12.800000190734863,12.670000076293945,12.760000228881836,8.04941177368164,29765600,0.0,0.0
2018-01-04,12.779999732971191,13.039999961853027,12.770000457763672,12.979999542236328,8.18819522857666,37478200,0.0,0.0
2018-01-05,13.0600004196167,13.220000267028809,13.039999961853027,13.199999809265137,8.326979637145996,46121900,0.0,0.0
2018-01-08,13.210000038146973,13.220000267028809,13.109999656677246,13.149999618530273,8.295435905456543,33828300,0.0,0.0
2018-01-09,13.180000305175781,13.220000267028809,13.079999923706055,13.079999923706055,8.251280784606934,27924100,0.0,0.0
2018-01-10,13.0600004196167,13.140000343322754,12.960000038146973,13.029999732971191,8.219735145568848,56517100,0.0,0.0
2018-01-11,13.020000457763672,13.199999809265137,13.0,13.15999984741211,8.301745414733887,28342300,0.0,0.0
2018-01-12,13.100000381469727,13.289999961853027,13.100000381469727,13.229999542236328,8.345905303955078,56979200,0.0,0.0
2018-01-16,13.3100004196167,13.479999542236328,13.010000228881836,13.100000381469727,8.263893127441406,53961400,0.0,0.0
2018-01-17,12.579999923706055,12.579999923706055,12.100000381469727,12.180000305175781,7.683530330657959,132412500,0.0,0.0
2018-01-18,12.180000305175781,12.199999809265137,12.020000457763672,12.069999694824219,7.614138603210449,66541700,0.0,0.0
2018-01-19,12.119999885559082,12.119999885559082,11.90999984741211,12.0,7.569982051849365,51303700,0.0,0.0
2018-01-22,12.020000457763672,12.079999923706055,11.899999618530273,12.020000457763672,7.582597255706787,52851900,0.0,0.0
2018-01-23,12.029999732971191,12.029999732971191,11.899999618530273,11.960000038146973,7.5447468757629395,51831000,0.0,0.0
2018-01-24,12.0,12.09000015258789,11.920000076293945,12.050000190734863,7.601523399353027,63300500,0.0,0.0
2018-01-25,11.930000305175781,11.930000305175781,11.4399995803833,11.569999694824219,7.298723220825195,114886800,0.0,0.0
2018-01-26,11.59000015258789,11.699999809265137,11.5,11.649999618530273,7.349188327789307,52496000,0.0,0.0
2018-01-29,11.420000076293945,11.470000267028809,11.109999656677246,11.119999885559082,7.187597751617432,55114000,0.28,0.0
2018-01-30,11.09000015258789,11.229999542236328,11.050000190734863,11.0600004196167,7.148816108703613,52068200,0.0,0.0
2018-01-31,11.09000015258789,11.119999885559082,10.899999618530273,10.970000267028809,7.090642929077148,57644600,0.0,0.0
2018-02-01,10.949999809265137,11.0,10.850000381469727,10.920000076293945,7.058324337005615,41352200,0.0,0.0
2018-02-02,10.880000114440918,10.880000114440918,10.619999885559082,10.710000038146973,6.922588348388672,72312900,0.0,0.0
2018-02-05,10.779999732971191,10.800000190734863,10.239999771118164,10.239999771118164,6.6187968254089355,96757000,0.0,0.0
2018-02-06,10.270000457763672,10.789999961853027,10.1899995803833,10.760000228881836,6.954905986785889,139938100,0.0,0.0
2018-02-07,10.75,11.039999961853027,10.699999809265137,10.760000228881836,6.954905986785889,68041800,0.0,0.0
2018-02-08,10.789999961853027,10.859999656677246,10.420000076293945,10.430000305175781,6.741605758666992,73990700,0.0,0.0
2018-02-09,10.569999694824219,10.640000343322754,10.239999771118164,10.529999732971191,6.8062424659729,72103600,0.0,0.0
2018-02-12,10.670000076293945,10.819999694824219,10.539999961853027,10.699999809265137,6.916123390197754,49068900,0.0,0.0
2018-02-13,10.630000114440918,10.6899995803833,10.529999732971191,10.59000015258789,6.8450236320495605,36884500,0.0,0.0
2018-02-14,10.550000190734863,10.75,10.5,10.739999771118164,6.941979885101318,27844300,0.0,0.0
2018-02-15,10.800000190734863,10.800000190734863,10.640000343322754,10.760000228881836,6.954905986785889,28208300,0.0,0.0
2018-02-16,10.699999809265137,10.819999694824219,10.520000457763672,10.609999656677246,6.8579511642456055,41041800,0.0,0.0
2018-02-20,10.579999923706055,10.670000076293945,10.550000190734863,10.630000114440918,6.870878219604492,27617900,0.0,0.0
2018-02-21,10.649999618530273,10.75,10.59000015258789,10.600000381469727,6.851487159729004,36037700,0.0,0.0
2018-02-22,10.600000381469727,10.729999542236328,10.5600004196167,10.630000114440918,6.870878219604492,25409600,0.0,0.0
2018-02-23,10.670000076293945,10.710000038146973,10.619999885559082,10.699999809265137,6.916123390197754,21786800,0.0,0.0
2018-02-26,10.739999771118164,10.949999809265137,10.699999809265137,10.890000343322754,7.03893518447876,27157800,0.0,0.0
2018-02-27,10.930000305175781,10.989999771118164,10.600000381469727,10.609999656677246,6.8579511642456055,43502000,0.0,0.0
2018-02-28,10.680000305175781,10.789999961853027,10.569999694824219,10.609999656677246,6.8579511642456055,41321400,0.0,0.0
2018-03-01,10.649999618530273,10.6899995803833,10.199999809265137,10.289999961853027,6.651113510131836,75841400,0.0,0.0
2018-03-02,10.239999771118164,10.420000076293945,10.140000343322754,10.399999618530273,6.7222161293029785,60491900,0.0,0.0
2018-03-05,10.3100004196167,10.630000114440918,10.300000190734863,10.579999923706055,6.838561058044434,44021300,0.0,0.0
2018-03-06,10.649999618530273,10.680000305175781,10.470000267028809,10.630000114440918,6.870878219604492,30978900,0.0,0.0
2018-03-07,10.510000228881836,10.640000343322754,10.430000305175781,10.630000114440918,6.870878219604492,30046600,0.0,0.0
2018-03-08,10.649999618530273,10.680000305175781,10.479999542236328,10.609999656677246,6.8579511642456055,26948000,0.0,0.0
2018-03-09,10.630000114440918,10.729999542236328,10.569999694824219,10.729999542236328,6.935514450073242,26684400,0.0,0.0
2018-03-12,10.6899995803833,10.850000381469727,10.680000305175781,10.8100004196167,6.987224578857422,33800900,0.0,0.0
2018-03-13,10.84000015258789,10.979999542236328,10.729999542236328,10.779999732971191,6.967835426330566,44456800,0.0,0.0
2018-03-14,11.25,11.4399995803833,11.010000228881836,11.020000457763672,7.122962951660156,91985300,0.0,0.0
2018-03-15,11.050000190734863,11.25,10.949999809265137,11.069999694824219,7.1552815437316895,47645300,0.0,0.0
2018-03-16,11.119999885559082,11.220000267028809,11.0600004196167,11.149999618530273,7.206989288330078,80684200,0.0,0.0
2018-03-19,11.149999618530273,11.170000076293945,10.869999885559082,11.010000228881836,7.116499423980713,63122500,0.0,0.0
2018-03-20,11.050000190734863,11.130000114440918,10.970000267028809,10.989999771118164,7.10357141494751,45612800,0.0,0.0
2018-03-21,11.0,11.1899995803833,10.930000305175781,11.100000381469727,7.174671173095703,38551000,0.0,0.0
2018-03-22,11.0,11.0600004196167,10.729999542236328,10.75,6.948442459106445,51280900,0.0,0.0
2018-03-23,10.789999961853027,10.8100004196167,10.510000228881836,10.5600004196167,6.825631618499756,39950900,0.0,0.0
2018-03-26,10.739999771118164,10.869999885559082,10.680000305175781,10.829999923706055,7.000152587890625,52325500,0.0,0.0
2018-03-27,10.850000381469727,10.920000076293945,10.720000267028809,10.829999923706055,7.000152587890625,40677300,0.0,0.0
2018-03-28,10.829999923706055,10.949999809265137,10.729999542236328,10.859999656677246,7.019543647766113,42263700,0.0,0.0
2018-03-29,10.930000305175781,11.130000114440918,10.920000076293945,11.079999923706055,7.161743640899658,39864000,0.0,0.0
2018-04-02,11.0600004196167,11.09000015258789,10.699999809265137,10.859999656677246,7.019543647766113,43598100,0.0,0.0
2018-04-03,11.010000228881836,11.180000305175781,10.899999618530273,11.149999618530273,7.206989288330078,42523900,0.0,0.0
2018-04-04,10.869999885559082,11.359999656677246,10.800000190734863,11.329999923706055,7.323334217071533,44834600,0.0,0.0
2018-04-05,11.34000015258789,11.380000114440918,11.229999542236328,11.350000381469727,7.3362650871276855,28755600,0.0,0.0
2018-04-06,11.279999732971191,11.350000381469727,11.069999694824219,11.180000305175781,7.226380825042725,31920700,0.0,0.0
2018-04-09,11.25,11.380000114440918,11.199999809265137,11.25,7.271624565124512,36462700,0.0,0.0
2018-04-10,11.4399995803833,11.550000190734863,11.40999984741211,11.449999809265137,7.400899410247803,43144300,0.0,0.0
2018-04-11,11.380000114440918,11.489999771118164,11.300000190734863,11.430000305175781,7.387969017028809,32979000,0.0,0.0
2018-04-12,11.5,11.539999961853027,11.25,11.3100004196167,7.310406684875488,47133700,0.0,0.0
2018-04-13,11.350000381469727,11.390000343322754,11.229999542236328,11.279999732971191,7.291016578674316,34598800,0.0,0.0
2018-04-16,11.359999656677246,11.449999809265137,11.270000457763672,11.380000114440918,7.35565185546875,32803300,0.0,0.0
2018-04-17,11.430000305175781,11.449999809265137,11.300000190734863,11.380000114440918,7.35565185546875,30906800,0.0,0.0
2018-04-18,11.380000114440918,11.479999542236328,11.300000190734863,11.329999923706055,7.323334217071533,46226100,0.0,0.0
2018-04-19,11.180000305175781,11.25,10.850000381469727,10.960000038146973,7.179227352142334,49154200,0.15,0.0
2018-04-20,11.010000228881836,11.029999732971191,10.779999732971191,10.819999694824219,7.087521553039551,44930000,0.0,0.0
2018-04-23,10.84000015258789,11.039999961853027,10.829999923706055,11.039999961853027,7.231630325317383,31936500,0.0,0.0
2018-04-24,11.050000190734863,11.170000076293945,10.930000305175781,10.960000038146973,7.179227352142334,39625000,0.0,0.0
2018-04-25,10.960000038146973,11.15999984741211,10.869999885559082,11.109999656677246,7.277482509613037,40356100,0.0,0.0
2018-04-26,11.420000076293945,11.529999732971191,11.289999961853027,11.430000305175781,7.487093448638916,80676800,0.0,0.0
2018-04-27,11.399999618530273,11.5600004196167,11.380000114440918,11.489999771118164,7.526395797729492,33375900,0.0,0.0
2018-04-30,11.529999732971191,11.729999542236328,11.220000267028809,11.239999771118164,7.362636089324951,66090900,0.0,0.0
2018-05-01,11.25,11.350000381469727,11.100000381469727,11.260000228881836,7.375739097595215,61430400,0.0,0.0
2018-05-02,11.260000228881836,11.270000457763672,11.119999885559082,11.210000038146973,7.342987537384033,41899500,0.0,0.0
2018-05-03,11.170000076293945,11.210000038146973,10.970000267028809,11.199999809265137,7.336436748504639,38907400,0.0,0.0
2018-05-04,11.15999984741211,11.40999984741211,11.09000015258789,11.359999656677246,7.441242694854736,32043500,0.0,0.0
2018-05-07,11.359999656677246,11.4399995803833,11.3100004196167,11.34000015258789,7.428142070770264,27510300,0.0,0.0
2018-05-08,11.319999694824219,11.369999885559082,11.239999771118164,11.270000457763672,7.382289409637451,25754100,0.0,0.0
2018-05-09,11.210000038146973,11.279999732971191,11.020000457763672,11.0600004196167,7.244730472564697,43732000,0.0,0.0
2018-05-10,11.039999961853027,11.25,11.020000457763672,11.210000038146973,7.342987537384033,32023800,0.0,0.0
2018-05-11,11.220000267028809,11.25,11.15999984741211,11.1899995803833,7.329885482788086,19837700,0.0,0.0
2018-05-14,11.229999542236328,11.289999961853027,11.170000076293945,11.180000305175781,7.323334693908691,27903100,0.0,0.0
2018-05-15,11.100000381469727,11.25,11.0600004196167,11.220000267028809,7.349539756774902,26950100,0.0,0.0
2018-05-16,11.210000038146973,11.399999618530273,11.199999809265137,11.399999618530273,7.467442035675049,28976700,0.0,0.0
2018-05-17,11.399999618530273,11.479999542236328,11.380000114440918,11.460000038146973,7.506745338439941,20741100,0.0,0.0
2018-05-18,11.4399995803833,11.470000267028809,11.300000190734863,11.329999923706055,7.4215922355651855,23893700,0.0,0.0
2018-05-21,11.420000076293945,11.550000190734863,11.390000343322754,11.510000228881836,7.5394978523254395,31011900,0.0,0.0
2018-05-22,11.579999923706055,11.640000343322754,11.510000228881836,11.520000457763672,7.546048164367676,22360900,0.0,0.0
2018-05-23,11.5,11.550000190734863,11.329999923706055,11.4399995803833,7.493645191192627,23595000,0.0,0.0
2018-05-24,11.449999809265137,11.649999618530273,11.4399995803833,11.619999885559082,7.611553192138672,34876300,0.0,0.0
2018-05-25,11.5600004196167,11.609999656677246,11.470000267028809,11.510000228881836,7.5394978523254395,19337500,0.0,0.0
2018-05-29,11.600000381469727,11.619999885559082,11.359999656677246,11.4399995803833,7.493645191192627,31324300,0.0,0.0
2018-05-30,11.529999732971191,11.609999656677246,11.470000267028809,11.550000190734863,7.565699577331543,25554600,0.0,0.0
2018-05-31,11.649999618530273,11.739999771118164,11.359999656677246,11.550000190734863,7.565699577331543,61563200,0.0,0.0
2018-06-01,11.670000076293945,11.770000457763672,11.609999656677246,11.710000038146973,7.670507431030273,35406200,0.0,0.0
2018-06-04,11.739999771118164,11.789999961853027,11.6899995803833,11.739999771118164,7.690155506134033,25141300,0.0,0.0
2018-06-05,11.739999771118164,11.869999885559082,11.680000305175781,11.829999923706055,7.749112606048584,31036700,0.0,0.0
2018-06-06,11.869999885559082,12.0,11.819999694824219,11.970000267028809,7.840817451477051,31110500,0.0,0.0
2018-06-07,11.970000267028809,12.149999618530273,11.960000038146973,12.029999732971191,7.880119323730469,47314100,0.0,0.0
2018-06-08,12.039999961853027,12.119999885559082,12.0,12.100000381469727,7.925971508026123,28371900,0.0,0.0
2018-06-11,12.100000381469727,12.149999618530273,12.020000457763672,12.029999732971191,7.880119323730469,30398100,0.0,0.0
2018-06-12,12.069999694824219,12.149999618530273,12.029999732971191,12.109999656677246,7.932522773742676,51395400,0.0,0.0
2018-06-13,12.100000381469727,12.100000381469727,11.960000038146973,12.020000457763672,7.873568534851074,28406700,0.0,0.0
2018-06-14,12.0,12.010000228881836,11.84000015258789,11.890000343322754,7.788414001464844,34523000,0.0,0.0
2018-06-15,11.84000015258789,12.029999732971191,11.800000190734863,11.880000114440918,7.781863689422607,56326800,0.0,0.0
2018-06-18,11.819999694824219,12.039999961853027,11.8100004196167,11.989999771118164,7.853918552398682,32706500,0.0,0.0
2018-06-19,11.819999694824219,11.890000343322754,11.670000076293945,11.890000343322754,7.788414001464844,40064800,0.0,0.0
2018-06-20,11.970000267028809,12.050000190734863,11.829999923706055,11.869999885559082,7.775311470031738,31964800,0.0,0.0
2018-06-21,11.800000190734863,11.829999923706055,11.640000343322754,11.710000038146973,7.670507431030273,33316700,0.0,0.0
2018-06-22,11.75,11.869999885559082,11.619999885559082,11.649999618530273,7.631203651428223,36703500,0.0,0.0
2018-06-25,11.630000114440918,11.670000076293945,11.380000114440918,11.5,7.532946586608887,36101900,0.0,0.0
2018-06-26,11.5600004196167,11.630000114440918,11.489999771118164,11.520000457763672,7.546048164367676,36627700,0.0,0.0
2018-06-27,11.539999961853027,11.640000343322754,11.399999618530273,11.420000076293945,7.4805450439453125,27242000,0.0,0.0
2018-06-28,11.369999885559082,11.399999618530273,11.149999618530273,11.279999732971191,7.388838768005371,43836400,0.0,0.0
2018-06-29,11.319999694824219,11.369999885559082,11.029999732971191,11.069999694824219,7.251280784606934,44718500,0.0,0.0
2018-07-02,11.020000457763672,11.109999656677246,10.90999984741211,11.100000381469727,7.270932197570801,37892800,0.0,0.0
2018-07-03,11.100000381469727,11.149999618530273,10.9399995803833,10.989999771118164,7.198878288269043,16544800,0.0,0.0
2018-07-05,11.100000381469727,11.140000343322754,11.020000457763672,11.050000190734863,7.2381815910339355,32008500,0.0,0.0
2018-07-06,11.039999961853027,11.100000381469727,10.920000076293945,11.0600004196167,7.244730472564697,25646700,0.0,0.0
2018-07-09,11.100000381469727,11.260000228881836,11.029999732971191,11.199999809265137,7.336436748504639,23916800,0.0,0.0
2018-07-10,11.199999809265137,11.260000228881836,11.170000076293945,11.25,7.3691887855529785,21231500,0.0,0.0
2018-07-11,11.149999618530273,11.170000076293945,11.050000190734863,11.069999694824219,7.251280784606934,30030100,0.0,0.0
2018-07-12,11.100000381469727,11.140000343322754,11.0,11.050000190734863,7.2381815910339355,27025200,0.0,0.0
2018-07-13,11.020000457763672,11.050000190734863,10.90999984741211,10.979999542236328,7.19232702255249,36561500,0.0,0.0
2018-07-16,10.949999809265137,10.970000267028809,10.760000228881836,10.850000381469727,7.10717248916626,46156800,0.0,0.0
2018-07-17,10.800000190734863,10.899999618530273,10.800000190734863,10.859999656677246,7.1137213706970215,37584300,0.0,0.0
2018-07-18,10.850000381469727,10.899999618530273,10.8100004196167,10.869999885559082,7.120272636413574,36420000,0.0,0.0
2018-07-19,10.890000343322754,10.899999618530273,10.770000457763672,10.819999694824219,7.087521553039551,40308800,0.0,0.0
2018-07-20,10.680000305175781,10.720000267028809,10.510000228881836,10.5600004196167,7.014453887939453,41531200,0.15,0.0
2018-07-23,10.5600004196167,10.569999694824219,10.420000076293945,10.470000267028809,6.954671859741211,34942000,0.0,0.0
2018-07-24,10.510000228881836,10.739999771118164,10.5,10.569999694824219,7.021095275878906,47303000,0.0,0.0
2018-07-25,10.319999694824219,10.569999694824219,10.119999885559082,10.520000457763672,6.987884521484375,92497700,0.0,0.0
2018-07-26,10.140000343322754,10.15999984741211,9.84000015258789,9.890000343322754,6.5694074630737305,103893000,0.0,0.0
2018-07-27,9.960000038146973,10.050000190734863,9.90999984741211,9.930000305175781,6.5959792137146,46171100,0.0,0.0
2018-07-30,9.960000038146973,10.100000381469727,9.930000305175781,10.069999694824219,6.688971042633057,35877000,0.0,0.0
2018-07-31,10.109999656677246,10.109999656677246,10.0,10.039999961853027,6.669044494628906,38026900,0.0,0.0
2018-08-01,10.0600004196167,10.079999923706055,9.819999694824219,9.899999618530273,6.576049327850342,44126700,0.0,0.0
2018-08-02,9.899999618530273,9.979999542236328,9.84000015258789,9.920000076293945,6.589335918426514,40318900,0.0,0.0
2018-08-03,9.930000305175781,10.0600004196167,9.930000305175781,10.039999961853027,6.669044494628906,25925100,0.0,0.0
2018-08-06,10.0,10.050000190734863,9.970000267028809,10.029999732971191,6.662403583526611,22247900,0.0,0.0
2018-08-07,10.039999961853027,10.100000381469727,10.020000457763672,10.079999923706055,6.695612907409668,27961200,0.0,0.0
2018-08-08,10.050000190734863,10.100000381469727,10.039999961853027,10.050000190734863,6.675687313079834,22600900,0.0,0.0
2018-08-09,10.0600004196167,10.069999694824219,9.899999618530273,9.90999984741211,6.582692623138428,35682600,0.0,0.0
2018-08-10,9.90999984741211,9.90999984741211,9.720000267028809,9.739999771118164,6.4697699546813965,39180500,0.0,0.0
2018-08-13,9.739999771118164,9.75,9.420000076293945,9.460000038146973,6.283781051635742,66586200,0.0,0.0
2018-08-14,9.510000228881836,9.619999885559082,9.449999809265137,9.5,6.3103508949279785,37657400,0.0,0.0
2018-08-15,9.460000038146973,9.5,9.350000381469727,9.449999809265137,6.2771382331848145,36298600,0.0,0.0
2018-08-16,9.5,9.600000381469727,9.489999771118164,9.510000228881836,6.316995143890381,28857700,0.0,0.0
2018-08-17,9.529999732971191,9.600000381469727,9.460000038146973,9.550000190734863,6.343564033508301,32742900,0.0,0.0
2018-08-20,9.5600004196167,9.739999771118164,9.5600004196167,9.720000267028809,6.456486225128174,25252500,0.0,0.0
2018-08-21,9.770000457763672,9.899999618530273,9.6899995803833,9.859999656677246,6.54948091506958,46413900,0.0,0.0
2018-08-22,9.789999961853027,9.819999694824219,9.680000305175781,9.6899995803833,6.436558246612549,30803700,0.0,0.0
2018-08-23,9.670000076293945,9.6899995803833,9.579999923706055,9.630000114440918,6.396702766418457,31511800,0.0,0.0
2018-08-24,9.649999618530273,9.699999809265137,9.609999656677246,9.680000305175781,6.4299163818359375,18380000,0.0,0.0
2018-08-27,9.75,10.039999961853027,9.729999542236328,9.989999771118164,6.635830879211426,49769300,0.0,0.0
2018-08-28,10.079999923706055,10.09000015258789,9.949999809265137,10.010000228881836,6.649118900299072,33845500,0.0,0.0
2018-08-29,10.010000228881836,10.020000457763672,9.899999618530273,9.970000267028809,6.622548580169678,37336400,0.0,0.0
2018-08-30,9.869999885559082,9.90999984741211,9.670000076293945,9.699999809265137,6.443201541900635,48539300,0.0,0.0
2018-08-31,9.640000343322754,9.680000305175781,9.399999618530273,9.479999542236328,6.297065734863281,76424900,0.0,0.0
2018-09-04,9.529999732971191,9.579999923706055,9.359999656677246,9.470000267028809,6.2904253005981445,54111100,0.0,0.0
2018-09-05,9.470000267028809,9.550000190734863,9.319999694824219,9.489999771118164,6.303708076477051,44561900,0.0,0.0
2018-09-06,9.479999542236328,9.550000190734863,9.399999618530273,9.430000305175781,6.26385498046875,29519100,0.0,0.0
2018-09-07,9.40999984741211,9.489999771118164,9.25,9.270000457763672,6.15757417678833,51229900,0.0,0.0
2018-09-10,9.3100004196167,9.489999771118164,9.300000190734863,9.380000114440918,6.230639934539795,30421700,0.0,0.0
2018-09-11,9.350000381469727,9.359999656677246,9.220000267028809,9.3100004196167,6.184144020080566,27158400,0.0,0.0
2018-09-12,9.3100004196167,9.420000076293945,9.279999732971191,9.34000015258789,6.204072952270508,25450000,0.0,0.0
2018-09-13,9.380000114440918,9.40999984741211,9.3100004196167,9.369999885559082,6.223998546600342,29315700,0.0,0.0
2018-09-14,9.380000114440918,9.479999542236328,9.359999656677246,9.449999809265137,6.2771382331848145,30013300,0.0,0.0
2018-09-17,9.4399995803833,9.600000381469727,9.430000305175781,9.550000190734863,6.343564033508301,29544400,0.0,0.0
2018-09-18,9.539999961853027,9.609999656677246,9.479999542236328,9.579999923706055,6.363492965698242,57055400,0.0,0.0
2018-09-19,9.609999656677246,9.829999923706055,9.609999656677246,9.779999732971191,6.496341228485107,40111500,0.0,0.0
2018-09-20,9.829999923706055,9.930000305175781,9.710000038146973,9.8100004196167,6.5162672996521,46314400,0.0,0.0
2018-09-21,9.84000015258789,9.9399995803833,9.779999732971191,9.850000381469727,6.542839050292969,74488600,0.0,0.0
2018-09-24,9.779999732971191,9.850000381469727,9.520000457763672,9.59000015258789,6.370133876800537,43170800,0.0,0.0
2018-09-25,9.529999732971191,9.5600004196167,9.369999885559082,9.390000343322754,6.237284183502197,44406100,0.0,0.0
2018-09-26,9.380000114440918,9.40999984741211,9.270000457763672,9.270000457763672,6.15757417678833,58597500,0.0,0.0
2018-09-27,9.300000190734863,9.329999923706055,9.199999809265137,9.229999542236328,6.131004810333252,57272200,0.0,0.0
2018-09-28,9.220000267028809,9.279999732971191,9.09000015258789,9.25,6.144290447235107,30987200,0.0,0.0
2018-10-01,9.430000305175781,9.4399995803833,9.300000190734863,9.319999694824219,6.190787315368652,44864700,0.0,0.0
2018-10-02,9.270000457763672,9.34000015258789,9.180000305175781,9.199999809265137,6.1110758781433105,41806400,0.0,0.0
2018-10-03,9.270000457763672,9.3100004196167,9.130000114440918,9.130000114440918,6.064579010009766,47023100,0.0,0.0
2018-10-04,9.130000114440918,9.220000267028809,9.09000015258789,9.149999618530273,6.077866554260254,38889600,0.0,0.0
2018-10-05,9.149999618530273,9.220000267028809,9.100000381469727,9.119999885559082,6.057937145233154,36952200,0.0,0.0
2018-10-08,9.100000381469727,9.279999732971191,9.09000015258789,9.260000228881836,6.150932788848877,43657700,0.0,0.0
2018-10-09,9.229999542236328,9.3100004196167,8.949999809265137,8.949999809265137,5.9450154304504395,58356900,0.0,0.0
2018-10-10,8.949999809265137,8.979999542236328,8.8100004196167,8.819999694824219,5.858663558959961,54104100,0.0,0.0
2018-10-11,8.819999694824219,8.989999771118164,8.760000228881836,8.8100004196167,5.852021217346191,66170800,0.0,0.0
2018-10-12,8.949999809265137,8.949999809265137,8.550000190734863,8.640000343322754,5.73909854888916,59308500,0.0,0.0
2018-10-15,8.670000076293945,8.850000381469727,8.65999984741211,8.8100004196167,5.852021217346191,40183200,0.0,0.0
2018-10-16,8.869999885559082,8.890000343322754,8.729999542236328,8.800000190734863,5.845378398895264,36772000,0.0,0.0
2018-10-17,8.800000190734863,8.859999656677246,8.640000343322754,8.760000228881836,5.818808078765869,48795100,0.0,0.0
2018-10-18,8.739999771118164,8.760000228881836,8.5,8.510000228881836,5.65274715423584,59669200,0.0,0.0
2018-10-19,8.319999694824219,8.529999732971191,8.1899995803833,8.5,5.646103382110596,59831100,0.0,0.0
2018-10-22,8.380000114440918,8.449999809265137,8.270000457763672,8.40999984741211,5.686674118041992,39803500,0.15,0.0
2018-10-23,8.300000190734863,8.640000343322754,8.229999542236328,8.59000015258789,5.80838680267334,55443300,0.0,0.0
2018-10-24,8.5,8.600000381469727,8.170000076293945,8.180000305175781,5.531154155731201,58895100,0.0,0.0
2018-10-25,8.520000457763672,9.0,8.460000038146973,8.989999771118164,6.078859806060791,90399200,0.0,0.0
2018-10-26,8.960000038146973,9.0600004196167,8.859999656677246,8.979999542236328,6.072097301483154,100639800,0.0,0.0
2018-10-29,9.359999656677246,9.59000015258789,9.170000076293945,9.279999732971191,6.274951457977295,92275100,0.0,0.0
2018-10-30,9.3100004196167,9.5600004196167,9.270000457763672,9.460000038146973,6.396664619445801,58062000,0.0,0.0
2018-10-31,9.619999885559082,9.670000076293945,9.430000305175781,9.550000190734863,6.457521438598633,68507100,0.0,0.0
2018-11-01,9.539999961853027,9.550000190734863,9.260000228881836,9.289999961853027,6.281713008880615,59794400,0.0,0.0
2018-11-02,9.359999656677246,9.449999809265137,9.260000228881836,9.380000114440918,6.342569828033447,48499200,0.0,0.0
2018-11-05,9.380000114440918,9.569999694824219,9.350000381469727,9.529999732971191,6.443994522094727,41274300,0.0,0.0
2018-11-06,9.460000038146973,9.569999694824219,9.40999984741211,9.539999961853027,6.450758457183838,40928600,0.0,0.0
2018-11-07,9.600000381469727,9.600000381469727,9.449999809265137,9.600000381469727,6.491329193115234,37347400,0.0,0.0
2018-11-08,9.579999923706055,9.649999618530273,9.4399995803833,9.460000038146973,6.396664619445801,55810100,0.0,0.0
2018-11-09,9.380000114440918,9.800000190734863,9.270000457763672,9.380000114440918,6.342569828033447,52203600,0.0,0.0
2018-11-12,9.380000114440918,9.579999923706055,9.369999885559082,9.489999771118164,6.4169487953186035,36317200,0.0,0.0
2018-11-13,9.529999732971191,9.670000076293945,9.470000267028809,9.539999961853027,6.450758457183838,33098000,0.0,0.0
2018-11-14,9.630000114440918,9.670000076293945,9.430000305175781,9.539999961853027,6.450758457183838,46677600,0.0,0.0
2018-11-15,9.5,9.529999732971191,9.119999885559082,9.3100004196167,6.2952375411987305,57170100,0.0,0.0
2018-11-16,9.279999732971191,9.3100004196167,8.979999542236328,9.050000190734863,6.1194305419921875,54582500,0.0,0.0
2018-11-19,9.020000457763672,9.359999656677246,8.960000038146973,9.25,6.254666805267334,56292500,0.0,0.0
2018-11-20,9.100000381469727,9.220000267028809,9.010000228881836,9.0600004196167,6.126193046569824,35159900,0.0,0.0
2018-11-21,9.050000190734863,9.199999809265137,8.979999542236328,9.109999656677246,6.160000324249268,25882700,0.0,0.0
2018-11-23,9.069999694824219,9.220000267028809,9.029999732971191,9.130000114440918,6.173525810241699,13520800,0.0,0.0
2018-11-26,9.229999542236328,9.529999732971191,9.170000076293945,9.399999618530273,6.356093406677246,46304400,0.0,0.0
2018-11-27,9.369999885559082,9.430000305175781,9.25,9.279999732971191,6.274951457977295,34283200,0.0,0.0
2018-11-28,9.270000457763672,9.4399995803833,9.170000076293945,9.40999984741211,6.362855911254883,33199500,0.0,0.0
2018-11-29,9.369999885559082,9.4399995803833,9.260000228881836,9.369999885559082,6.335807800292969,29207600,0.0,0.0
2018-11-30,9.369999885559082,9.479999542236328,9.359999656677246,9.40999984741211,6.362855911254883,36269500,0.0,0.0
2018-12-03,9.710000038146973,9.850000381469727,9.600000381469727,9.600000381469727,6.491329193115234,64668600,0.0,0.0
2018-12-04,9.550000190734863,9.600000381469727,9.180000305175781,9.180000305175781,6.207334041595459,57930300,0.0,0.0
2018-12-06,9.119999885559082,9.119999885559082,8.920000076293945,9.020000457763672,6.0991435050964355,53963600,0.0,0.0
2018-12-07,9.020000457763672,9.130000114440918,8.800000190734863,8.819999694824219,5.96390962600708,43534800,0.0,0.0
2018-12-10,8.829999923706055,8.850000381469727,8.380000114440918,8.520000457763672,5.7610554695129395,56499700,0.0,0.0
2018-12-11,8.720000267028809,8.800000190734863,8.5,8.539999961853027,5.77457857131958,42294500,0.0,0.0
2018-12-12,8.640000343322754,8.729999542236328,8.59000015258789,8.640000343322754,5.842196464538574,40602700,0.0,0.0
2018-12-13,8.670000076293945,8.699999809265137,8.460000038146973,8.5,5.747531414031982,34200400,0.0,0.0
2018-12-14,8.520000457763672,8.680000305175781,8.460000038146973,8.520000457763672,5.7610554695129395,35613300,0.0,0.0
2018-12-17,8.479999542236328,8.720000267028809,8.40999984741211,8.5,5.747531414031982,44469900,0.0,0.0
2018-12-18,8.550000190734863,8.680000305175781,8.40999984741211,8.470000267028809,5.727245330810547,38263000,0.0,0.0
2018-12-19,8.460000038146973,8.649999618530273,8.270000457763672,8.319999694824219,5.625818729400635,75272900,0.0,0.0
2018-12-20,8.329999923706055,8.420000076293945,8.180000305175781,8.260000228881836,5.5852484703063965,58926200,0.0,0.0
2018-12-21,8.220000267028809,8.399999618530273,8.039999961853027,8.050000190734863,5.443249702453613,57542300,0.0,0.0
2018-12-24,8.010000228881836,8.010000228881836,7.610000133514404,7.630000114440918,5.159255504608154,38709500,0.0,0.0
2018-12-26,7.730000019073486,7.860000133514404,7.409999847412109,7.849999904632568,5.308014392852783,58810000,0.0,0.0
2018-12-27,7.820000171661377,7.849999904632568,7.53000020980835,7.849999904632568,5.308014392852783,49813000,0.0,0.0
2018-12-28,7.829999923706055,8.039999961853027,7.760000228881836,7.809999942779541,5.280966758728027,47331700,0.0,0.0
2018-12-31,7.849999904632568,7.860000133514404,7.5,7.650000095367432,5.172779083251953,57816000,0.0,0.0
2019-01-02,7.53000020980835,8.020000457763672,7.480000019073486,7.900000095367432,5.341823577880859,47494400,0.0,0.0
2019-01-03,7.96999979019165,7.989999771118164,7.78000020980835,7.78000020980835,5.26068115234375,39172400,0.0,0.0
2019-01-04,7.909999847412109,8.119999885559082,7.849999904632568,8.079999923706055,5.463535785675049,43039800,0.0,0.0
2019-01-07,8.109999656677246,8.369999885559082,8.029999732971191,8.289999961853027,5.605533123016357,40729400,0.0,0.0
2019-01-08,8.420000076293945,8.539999961853027,8.350000381469727,8.369999885559082,5.659627437591553,45644000,0.0,0.0
2019-01-09,8.449999809265137,8.770000457763672,8.359999656677246,8.720000267028809,5.896292209625244,48404900,0.0,0.0
2019-01-10,8.710000038146973,8.770000457763672,8.449999809265137,8.670000076293945,5.862482070922852,39490400,0.0,0.0
2019-01-11,8.770000457763672,8.930000305175781,8.699999809265137,8.819999694824219,5.96390962600708,41559900,0.0,0.0
2019-01-14,8.800000190734863,9.0600004196167,8.760000228881836,8.989999771118164,6.078859806060791,44833800,0.0,0.0
2019-01-15,9.020000457763672,9.029999732971191,8.75,8.84000015258789,5.9774322509765625,65311700,0.0,0.0
2019-01-16,8.680000305175781,8.770000457763672,8.260000228881836,8.289999961853027,5.605533123016357,73869900,0.0,0.0
2019-01-17,8.270000457763672,8.4399995803833,8.210000038146973,8.359999656677246,5.652867317199707,56722600,0.0,0.0
2019-01-18,8.390000343322754,8.600000381469727,8.329999923706055,8.579999923706055,5.801626682281494,51127900,0.0,0.0
2019-01-22,8.539999961853027,8.609999656677246,8.460000038146973,8.5,5.747531414031982,47182600,0.0,0.0
2019-01-23,8.539999961853027,8.539999961853027,8.279999732971191,8.34000015258789,5.639342784881592,45196900,0.0,0.0
2019-01-24,8.319999694824219,8.680000305175781,8.220000267028809,8.600000381469727,5.81514835357666,79516400,0.0,0.0
2019-01-25,8.739999771118164,8.960000038146973,8.729999542236328,8.859999656677246,5.990955829620361,53098800,0.0,0.0
2019-01-28,8.800000190734863,8.800000190734863,8.579999923706055,8.65999984741211,5.855720043182373,42116300,0.0,0.0
2019-01-29,8.710000038146973,8.789999961853027,8.619999885559082,8.760000228881836,5.923338413238525,30485000,0.0,0.0
2019-01-30,8.65999984741211,8.720000267028809,8.520000457763672,8.710000038146973,5.9921345710754395,29906100,0.15,0.0
2019-01-31,8.619999885559082,8.819999694824219,8.600000381469727,8.800000190734863,6.054049968719482,39389100,0.0,0.0
2019-02-01,8.770000457763672,8.8100004196167,8.619999885559082,8.720000267028809,5.999014854431152,34124000,0.0,0.0
2019-02-04,8.699999809265137,8.699999809265137,8.59000015258789,8.699999809265137,5.985253810882568,28855600,0.0,0.0
2019-02-05,8.680000305175781,8.760000228881836,8.649999618530273,8.75,6.019652843475342,26166800,0.0,0.0
2019-02-06,8.789999961853027,8.899999618530273,8.680000305175781,8.720000267028809,5.999014854431152,32644300,0.0,0.0
2019-02-07,8.619999885559082,8.619999885559082,8.289999961853027,8.3100004196167,5.716950416564941,55161800,0.0,0.0
2019-02-08,8.289999961853027,8.40999984741211,8.15999984741211,8.390000343322754,5.771988391876221,38650100,0.0,0.0
2019-02-11,8.40999984741211,8.4399995803833,8.289999961853027,8.329999923706055,5.730709075927734,27403500,0.0,0.0
2019-02-12,8.380000114440918,8.470000267028809,8.380000114440918,8.460000038146973,5.820144176483154,26235100,0.0,0.0
2019-02-13,8.449999809265137,8.65999984741211,8.390000343322754,8.40999984741211,5.785745143890381,27182900,0.0,0.0
2019-02-14,8.380000114440918,8.470000267028809,8.319999694824219,8.420000076293945,5.7926249504089355,23569900,0.0,0.0
2019-02-15,8.489999771118164,8.5600004196167,8.40999984741211,8.539999961853027,5.875181198120117,58080300,0.0,0.0
2019-02-19,8.529999732971191,8.850000381469727,8.529999732971191,8.829999923706055,6.07468843460083,37929200,0.0,0.0
2019-02-20,8.829999923706055,8.979999542236328,8.819999694824219,8.9399995803833,6.150363445281982,55316900,0.0,0.0
2019-02-21,8.9399995803833,8.960000038146973,8.699999809265137,8.710000038146973,5.9921345710754395,44730400,0.0,0.0
2019-02-22,8.729999542236328,8.75,8.5600004196167,8.710000038146973,5.9921345710754395,40947500,0.0,0.0
2019-02-25,8.770000457763672,8.850000381469727,8.75,8.760000228881836,6.026532173156738,56615400,0.0,0.0
2019-02-26,8.75,8.9399995803833,8.720000267028809,8.880000114440918,6.109086990356445,38348800,0.0,0.0
2019-02-27,8.829999923706055,8.90999984741211,8.779999732971191,8.779999732971191,6.040291786193848,34093300,0.0,0.0
2019-02-28,8.770000457763672,8.789999961853027,8.600000381469727,8.770000457763672,6.033411026000977,43960500,0.0,0.0
2019-03-01,8.850000381469727,8.890000343322754,8.710000038146973,8.789999961853027,6.047171115875244,37699500,0.0,0.0
2019-03-04,8.829999923706055,8.970000267028809,8.760000228881836,8.8100004196167,6.060931205749512,46196900,0.0,0.0
2019-03-05,8.800000190734863,8.8100004196167,8.699999809265137,8.770000457763672,6.033411026000977,40852600,0.0,0.0
2019-03-06,8.75,8.779999732971191,8.5600004196167,8.579999923706055,5.9026994705200195,50378600,0.0,0.0
2019-03-07,8.5600004196167,8.569999694824219,8.350000381469727,8.479999542236328,5.833902835845947,54286000,0.0,0.0
2019-03-08,8.399999618530273,8.470000267028809,8.34000015258789,8.420000076293945,5.7926249504089355,43766800,0.0,0.0
2019-03-11,8.460000038146973,8.630000114440918,8.449999809265137,8.609999656677246,5.923338413238525,36875300,0.0,0.0
2019-03-12,8.649999618530273,8.699999809265137,8.550000190734863,8.569999694824219,5.895819187164307,37805000,0.0,0.0
2019-03-13,8.59000015258789,8.649999618530273,8.5,8.529999732971191,5.868302345275879,49018700,0.0,0.0
2019-03-14,8.520000457763672,8.550000190734863,8.399999618530273,8.40999984741211,5.785745143890381,36307900,0.0,0.0
2019-03-15,8.420000076293945,8.470000267028809,8.369999885559082,8.430000305175781,5.799505233764648,66555500,0.0,0.0
2019-03-18,8.449999809265137,8.569999694824219,8.420000076293945,8.569999694824219,5.895819187164307,37198300,0.0,0.0
2019-03-19,8.609999656677246,8.869999885559082,8.609999656677246,8.699999809265137,5.985253810882568,57293600,0.0,0.0
2019-03-20,8.670000076293945,8.670000076293945,8.479999542236328,8.510000228881836,5.8545427322387695,54539700,0.0,0.0
2019-03-21,8.5,8.6899995803833,8.489999771118164,8.6899995803833,5.978374004364014,46843100,0.0,0.0
2019-03-22,8.630000114440918,8.670000076293945,8.520000457763672,8.539999961853027,5.875181198120117,41964000,0.0,0.0
2019-03-25,8.5600004196167,8.649999618530273,8.470000267028809,8.510000228881836,5.8545427322387695,45849500,0.0,0.0
2019-03-26,8.539999961853027,8.760000228881836,8.539999961853027,8.760000228881836,6.026532173156738,47852100,0.0,0.0
2019-03-27,8.75,8.859999656677246,8.619999885559082,8.619999885559082,5.93021821975708,39895800,0.0,0.0
2019-03-28,8.649999618530273,8.829999923706055,8.640000343322754,8.770000457763672,6.033411026000977,38914700,0.0,0.0
2019-03-29,8.800000190734863,8.890000343322754,8.710000038146973,8.779999732971191,6.040291786193848,33962800,0.0,0.0
2019-04-01,8.859999656677246,9.0,8.859999656677246,8.979999542236328,6.177883148193359,45653100,0.0,0.0
2019-04-02,8.949999809265137,9.029999732971191,8.90999984741211,9.010000228881836,6.19852352142334,30699400,0.0,0.0
2019-04-03,9.069999694824219,9.270000457763672,9.0600004196167,9.130000114440918,6.281078815460205,56663600,0.0,0.0
2019-04-04,9.210000038146973,9.300000190734863,9.180000305175781,9.239999771118164,6.356752872467041,39483100,0.0,0.0
2019-04-05,9.170000076293945,9.270000457763672,9.079999923706055,9.25,6.363633632659912,37854700,0.0,0.0
2019-04-08,9.180000305175781,9.319999694824219,9.170000076293945,9.300000190734863,6.398030757904053,26221100,0.0,0.0
2019-04-09,9.270000457763672,9.359999656677246,9.170000076293945,9.210000038146973,6.336114883422852,29879100,0.0,0.0
2019-04-10,9.229999542236328,9.350000381469727,9.199999809265137,9.329999923706055,6.418669700622559,28469500,0.0,0.0
2019-04-11,9.350000381469727,9.40999984741211,9.329999923706055,9.390000343322754,6.459947109222412,26488100,0.0,0.0
2019-04-12,9.470000267028809,9.600000381469727,9.4399995803833,9.449999809265137,6.501224517822266,38646000,0.0,0.0
2019-04-15,9.479999542236328,9.5,9.260000228881836,9.329999923706055,6.418669700622559,41206700,0.0,0.0
2019-04-16,9.319999694824219,9.399999618530273,9.239999771118164,9.359999656677246,6.43930721282959,40950000,0.0,0.0
2019-04-17,9.399999618530273,9.579999923706055,9.390000343322754,9.5,6.535623550415039,30688300,0.0,0.0
2019-04-18,9.520000457763672,9.619999885559082,9.479999542236328,9.550000190734863,6.57002067565918,29843000,0.0,0.0
2019-04-22,9.579999923706055,9.579999923706055,9.460000038146973,9.5,6.535623550415039,38718500,0.0,0.0
2019-04-23,9.359999656677246,9.510000228881836,9.300000190734863,9.5,6.640471935272217,39493700,0.15,0.0
2019-04-24,9.449999809265137,9.609999656677246,9.399999618530273,9.569999694824219,6.689403057098389,39796300,0.0,0.0
2019-04-25,9.520000457763672,9.529999732971191,9.34000015258789,9.399999618530273,6.570572376251221,52596700,0.0,0.0
2019-04-26,10.029999732971191,10.449999809265137,9.949999809265137,10.40999984741211,7.276558876037598,156136700,0.0,0.0
2019-04-29,10.359999656677246,10.390000343322754,10.069999694824219,10.319999694824219,7.213649272918701,62500500,0.0,0.0
2019-04-30,10.289999961853027,10.5,10.270000457763672,10.449999809265137,7.3045196533203125,46079300,0.0,0.0
2019-05-01,10.479999542236328,10.5,10.289999961853027,10.300000190734863,7.199671268463135,41805500,0.0,0.0
2019-05-02,10.300000190734863,10.350000381469727,10.199999809265137,10.34000015258789,7.227631568908691,34508400,0.0,0.0
2019-05-03,10.369999885559082,10.449999809265137,10.300000190734863,10.40999984741211,7.276558876037598,36291200,0.0,0.0
2019-05-06,10.119999885559082,10.420000076293945,10.119999885559082,10.369999885559082,7.248599529266357,28640600,0.0,0.0
2019-05-07,10.329999923706055,10.40999984741211,10.300000190734863,10.380000114440918,7.255589962005615,41154500,0.0,0.0
2019-05-08,10.380000114440918,10.449999809265137,10.3100004196167,10.34000015258789,7.227631568908691,33472200,0.0,0.0
2019-05-09,10.260000228881836,10.300000190734863,10.069999694824219,10.199999809265137,7.129770755767822,43621300,0.0,0.0
2019-05-10,10.319999694824219,10.40999984741211,10.199999809265137,10.380000114440918,7.255589962005615,37629500,0.0,0.0
2019-05-13,10.170000076293945,10.260000228881836,10.039999961853027,10.079999923706055,7.045888900756836,51102100,0.0,0.0
2019-05-14,10.149999618530273,10.289999961853027,10.130000114440918,10.239999771118164,7.1577301025390625,31297200,0.0,0.0
2019-05-15,10.210000038146973,10.399999618530273,10.039999961853027,10.359999656677246,7.241607666015625,44050200,0.0,0.0
2019-05-16,10.300000190734863,10.4399995803833,10.300000190734863,10.399999618530273,7.269567489624023,32697000,0.0,0.0
2019-05-17,10.319999694824219,10.4399995803833,10.239999771118164,10.289999961853027,7.192680835723877,34565400,0.0,0.0
2019-05-20,10.300000190734863,10.300000190734863,10.199999809265137,10.279999732971191,7.185689449310303,29535900,0.0,0.0
2019-05-21,10.3100004196167,10.3100004196167,10.149999618530273,10.239999771118164,7.1577301025390625,30099300,0.0,0.0
2019-05-22,10.170000076293945,10.210000038146973,9.930000305175781,9.970000267028809,6.969000339508057,51407200,0.0,0.0
2019-05-23,9.850000381469727,9.850000381469727,9.670000076293945,9.850000381469727,6.885120868682861,43153800,0.0,0.0
2019-05-24,9.920000076293945,9.949999809265137,9.800000190734863,9.829999923706055,6.87114143371582,22131500,0.0,0.0
2019-05-28,9.869999885559082,9.899999618530273,9.770000457763672,9.779999732971191,6.836191654205322,27656200,0.0,0.0
2019-05-29,9.6899995803833,9.75,9.550000190734863,9.710000038146973,6.787261486053467,32262600,0.0,0.0
2019-05-30,9.739999771118164,9.84000015258789,9.680000305175781,9.739999771118164,6.808230400085449,24759600,0.0,0.0
2019-05-31,9.479999542236328,9.539999961853027,9.319999694824219,9.520000457763672,6.654451847076416,48250400,0.0,0.0
2019-06-03,9.619999885559082,9.649999618530273,9.460000038146973,9.609999656677246,6.7173614501953125,39446800,0.0,0.0
2019-06-04,9.729999542236328,9.949999809265137,9.720000267028809,9.920000076293945,6.934050559997559,37324100,0.0,0.0
2019-06-05,9.869999885559082,9.920000076293945,9.649999618530273,9.779999732971191,6.836191654205322,42464800,0.0,0.0
2019-06-06,9.720000267028809,9.819999694824219,9.65999984741211,9.75,6.81522274017334,28291100,0.0,0.0
2019-06-07,9.760000228881836,9.819999694824219,9.699999809265137,9.760000228881836,6.822212219238281,18848700,0.0,0.0
2019-06-10,9.890000343322754,10.029999732971191,9.760000228881836,9.819999694824219,6.864151477813721,33883400,0.0,0.0
2019-06-11,9.869999885559082,9.979999542236328,9.789999961853027,9.920000076293945,6.934050559997559,26434200,0.0,0.0
2019-06-12,9.899999618530273,9.930000305175781,9.84000015258789,9.850000381469727,6.885120868682861,21746700,0.0,0.0
2019-06-13,9.869999885559082,10.0600004196167,9.800000190734863,10.0600004196167,7.0319108963012695,25555900,0.0,0.0
2019-06-14,10.010000228881836,10.039999961853027,9.9399995803833,9.979999542236328,6.975991725921631,21553200,0.0,0.0
2019-06-17,9.989999771118164,10.09000015258789,9.9399995803833,10.050000190734863,7.0249199867248535,19383800,0.0,0.0
2019-06-18,10.079999923706055,10.199999809265137,10.050000190734863,10.100000381469727,7.059871196746826,32591700,0.0,0.0
2019-06-19,10.149999618530273,10.180000305175781,10.029999732971191,10.039999961853027,7.017930507659912,29051300,0.0,0.0
2019-06-20,10.130000114440918,10.149999618530273,9.949999809265137,10.039999961853027,7.017930507659912,32086500,0.0,0.0
2019-06-21,10.029999732971191,10.050000190734863,9.90999984741211,9.989999771118164,6.982980251312256,47904000,0.0,0.0
2019-06-24,9.949999809265137,10.020000457763672,9.930000305175781,9.949999809265137,6.955020427703857,28091200,0.0,0.0
2019-06-25,9.970000267028809,9.989999771118164,9.829999923706055,9.84000015258789,6.878131866455078,28682000,0.0,0.0
2019-06-26,9.869999885559082,9.960000038146973,9.819999694824219,9.90999984741211,6.927060127258301,33739100,0.0,0.0
2019-06-27,10.039999961853027,10.239999771118164,10.0,10.199999809265137,7.129770755767822,42954600,0.0,0.0
2019-06-28,10.199999809265137,10.3100004196167,10.199999809265137,10.229999542236328,7.150740623474121,37551600,0.0,0.0
2019-07-01,10.34000015258789,10.430000305175781,10.069999694824219,10.149999618530273,7.094820022583008,38452600,0.0,0.0
2019-07-02,10.149999618530273,10.210000038146973,10.039999961853027,10.119999885559082,7.073850631713867,29708000,0.0,0.0
2019-07-03,10.180000305175781,10.300000190734863,10.130000114440918,10.199999809265137,7.129770755767822,19326600,0.0,0.0
2019-07-05,10.180000305175781,10.270000457763672,10.09000015258789,10.199999809265137,7.129770755767822,21397900,0.0,0.0
2019-07-08,10.199999809265137,10.260000228881836,10.180000305175781,10.199999809265137,7.129770755767822,23244100,0.0,0.0
2019-07-09,10.170000076293945,10.1899995803833,10.100000381469727,10.140000343322754,7.087829113006592,25140600,0.0,0.0
2019-07-10,10.1899995803833,10.260000228881836,10.109999656677246,10.109999656677246,7.066861629486084,29082200,0.0,0.0
2019-07-11,10.149999618530273,10.199999809265137,10.109999656677246,10.1899995803833,7.122778415679932,27667500,0.0,0.0
2019-07-12,10.239999771118164,10.5,10.239999771118164,10.489999771118164,7.332480430603027,40761600,0.0,0.0
2019-07-15,10.489999771118164,10.5600004196167,10.34000015258789,10.420000076293945,7.283550262451172,33753500,0.0,0.0
2019-07-16,10.369999885559082,10.510000228881836,10.289999961853027,10.510000228881836,7.3464579582214355,29530500,0.0,0.0
2019-07-17,10.479999542236328,10.5,10.3100004196167,10.329999923706055,7.220638275146484,25204400,0.0,0.0
2019-07-18,10.300000190734863,10.3100004196167,10.180000305175781,10.260000228881836,7.171710968017578,25810600,0.0,0.0
2019-07-19,10.300000190734863,10.319999694824219,10.199999809265137,10.199999809265137,7.129770755767822,38505600,0.0,0.0
2019-07-22,10.130000114440918,10.170000076293945,10.0,10.020000457763672,7.1084885597229,36238600,0.15,0.0
2019-07-23,10.130000114440918,10.220000267028809,10.0600004196167,10.170000076293945,7.214902400970459,74624800,0.0,0.0
2019-07-24,10.180000305175781,10.350000381469727,10.140000343322754,10.329999923706055,7.328408241271973,61107500,0.0,0.0
2019-07-25,9.75,9.779999732971191,9.399999618530273,9.5600004196167,6.782149314880371,133898600,0.0,0.0
2019-07-26,9.579999923706055,9.649999618530273,9.510000228881836,9.569999694824219,6.789245128631592,47710200,0.0,0.0
2019-07-29,9.600000381469727,9.680000305175781,9.520000457763672,9.600000381469727,6.810526371002197,36487800,0.0,0.0
2019-07-30,9.5600004196167,9.579999923706055,9.479999542236328,9.550000190734863,6.775055408477783,36944700,0.0,0.0
2019-07-31,9.569999694824219,9.579999923706055,9.399999618530273,9.529999732971191,6.760865211486816,56715500,0.0,0.0
2019-08-01,9.529999732971191,9.59000015258789,9.279999732971191,9.3100004196167,6.604791641235352,58060800,0.0,0.0
2019-08-02,9.260000228881836,9.34000015258789,9.210000038146973,9.279999732971191,6.583510398864746,41495200,0.0,0.0
2019-08-05,9.180000305175781,9.270000457763672,9.0600004196167,9.229999542236328,6.548037528991699,47963400,0.0,0.0
2019-08-06,9.420000076293945,9.510000228881836,9.359999656677246,9.479999542236328,6.725393772125244,51856100,0.0,0.0
2019-08-07,9.430000305175781,9.5600004196167,9.319999694824219,9.529999732971191,6.760865211486816,43042400,0.0,0.0
2019-08-08,9.5600004196167,9.619999885559082,9.510000228881836,9.5600004196167,6.782149314880371,25469000,0.0,0.0
2019-08-09,9.539999961853027,9.579999923706055,9.390000343322754,9.449999809265137,6.704111576080322,38739700,0.0,0.0
2019-08-12,9.390000343322754,9.430000305175781,9.279999732971191,9.289999961853027,6.590602874755859,23050400,0.0,0.0
2019-08-13,9.289999961853027,9.420000076293945,9.180000305175781,9.260000228881836,6.569321155548096,28231500,0.0,0.0
2019-08-14,9.130000114440918,9.149999618530273,8.960000038146973,9.0,6.384869575500488,45967400,0.0,0.0
2019-08-15,9.0600004196167,9.0600004196167,8.779999732971191,8.859999656677246,6.285548686981201,40682800,0.0,0.0
2019-08-16,8.920000076293945,9.0,8.8100004196167,8.960000038146973,6.3564910888671875,27369900,0.0,0.0
2019-08-19,9.050000190734863,9.100000381469727,9.020000457763672,9.029999732971191,6.406151294708252,21844000,0.0,0.0
2019-08-20,9.0,9.069999694824219,8.930000305175781,8.960000038146973,6.3564910888671875,25108600,0.0,0.0
2019-08-21,9.020000457763672,9.050000190734863,8.970000267028809,9.039999961853027,6.413245677947998,20434800,0.0,0.0
2019-08-22,9.050000190734863,9.140000343322754,9.020000457763672,9.039999961853027,6.413245677947998,20974700,0.0,0.0
2019-08-23,8.899999618530273,8.989999771118164,8.729999542236328,8.770000457763672,6.2216997146606445,44982300,0.0,0.0
2019-08-26,8.880000114440918,8.90999984741211,8.789999961853027,8.819999694824219,6.257172107696533,31888200,0.0,0.0
2019-08-27,8.890000343322754,8.90999984741211,8.75,8.760000228881836,6.214605808258057,23024400,0.0,0.0
2019-08-28,8.720000267028809,9.039999961853027,8.699999809265137,9.0,6.384869575500488,35147300,0.0,0.0
2019-08-29,9.100000381469727,9.140000343322754,9.029999732971191,9.119999885559082,6.470000743865967,22011000,0.0,0.0
2019-08-30,9.15999984741211,9.229999542236328,9.100000381469727,9.170000076293945,6.505472183227539,32057900,0.0,0.0
2019-09-03,9.180000305175781,9.199999809265137,9.039999961853027,9.100000381469727,6.455811977386475,26331000,0.0,0.0
2019-09-04,9.170000076293945,9.229999542236328,9.069999694824219,9.199999809265137,6.5267534255981445,27406400,0.0,0.0
2019-09-05,9.25,9.399999618530273,9.25,9.34000015258789,6.626076698303223,36626800,0.0,0.0
2019-09-06,9.369999885559082,9.40999984741211,9.199999809265137,9.34000015258789,6.626076698303223,29210100,0.0,0.0
2019-09-09,9.390000343322754,9.649999618530273,9.390000343322754,9.539999961853027,6.767960071563721,48059400,0.0,0.0
2019-09-10,9.079999923706055,9.420000076293945,9.039999961853027,9.420000076293945,6.6828293800354,70567300,0.0,0.0
2019-09-11,9.289999961853027,9.430000305175781,9.289999961853027,9.420000076293945,6.6828293800354,34190300,0.0,0.0
2019-09-12,9.359999656677246,9.479999542236328,9.319999694824219,9.40999984741211,6.675735950469971,35687700,0.0,0.0
2019-09-13,9.470000267028809,9.59000015258789,9.4399995803833,9.449999809265137,6.704111576080322,27161300,0.0,0.0
2019-09-16,9.359999656677246,9.449999809265137,9.239999771118164,9.300000190734863,6.597697734832764,50052600,0.0,0.0
2019-09-17,9.270000457763672,9.3100004196167,9.180000305175781,9.279999732971191,6.583510398864746,27391200,0.0,0.0
2019-09-18,9.260000228881836,9.359999656677246,9.220000267028809,9.25,6.56222677230835,24309400,0.0,0.0
2019-09-19,9.3100004196167,9.329999923706055,9.100000381469727,9.100000381469727,6.455811977386475,28780700,0.0,0.0
2019-09-20,9.130000114440918,9.300000190734863,9.109999656677246,9.170000076293945,6.505472183227539,37491300,0.0,0.0
2019-09-23,9.130000114440918,9.229999542236328,9.079999923706055,9.15999984741211,6.498378276824951,22051100,0.0,0.0
2019-09-24,9.1899995803833,9.229999542236328,9.050000190734863,9.109999656677246,6.462904453277588,33092500,0.0,0.0
2019-09-25,9.100000381469727,9.229999542236328,9.09000015258789,9.199999809265137,6.5267534255981445,20510300,0.0,0.0
2019-09-26,9.229999542236328,9.229999542236328,9.069999694824219,9.140000343322754,6.484189987182617,26556300,0.0,0.0
2019-09-27,9.140000343322754,9.600000381469727,9.0600004196167,9.079999923706055,6.441623210906982,32459500,0.0,0.0
2019-09-30,9.109999656677246,9.210000038146973,9.100000381469727,9.15999984741211,6.498378276824951,21510000,0.0,0.0
2019-10-01,9.1899995803833,9.239999771118164,8.869999885559082,8.899999618530273,6.313925743103027,39559500,0.0,0.0
2019-10-02,8.850000381469727,8.859999656677246,8.4399995803833,8.609999656677246,6.108191967010498,68137000,0.0,0.0
2019-10-03,8.550000190734863,8.710000038146973,8.449999809265137,8.710000038146973,6.179133892059326,40827900,0.0,0.0
2019-10-04,8.720000267028809,8.760000228881836,8.65999984741211,8.739999771118164,6.200416088104248,27827400,0.0,0.0
2019-10-07,8.699999809265137,8.789999961853027,8.609999656677246,8.680000305175781,6.157851696014404,29340400,0.0,0.0
2019-10-08,8.649999618530273,8.65999984741211,8.5,8.539999961853027,6.058530807495117,31091200,0.0,0.0
2019-10-09,8.609999656677246,8.640000343322754,8.5600004196167,8.5600004196167,6.072719097137451,16898500,0.0,0.0
2019-10-10,8.579999923706055,8.649999618530273,8.520000457763672,8.619999885559082,6.115285873413086,28069600,0.0,0.0
2019-10-11,8.729999542236328,8.869999885559082,8.729999542236328,8.779999732971191,6.228794097900391,34175700,0.0,0.0
2019-10-14,8.819999694824219,8.84000015258789,8.760000228881836,8.819999694824219,6.257172107696533,24794500,0.0,0.0
2019-10-15,8.84000015258789,9.100000381469727,8.779999732971191,9.069999694824219,6.434528350830078,29771700,0.0,0.0
2019-10-16,9.109999656677246,9.1899995803833,9.0600004196167,9.069999694824219,6.434528350830078,27190300,0.0,0.0
2019-10-17,9.119999885559082,9.140000343322754,9.029999732971191,9.109999656677246,6.462904453277588,28361200,0.0,0.0
2019-10-18,9.09000015258789,9.319999694824219,9.09000015258789,9.289999961853027,6.590602874755859,42422900,0.0,0.0
2019-10-21,9.1899995803833,9.239999771118164,9.010000228881836,9.029999732971191,6.511284828186035,33610200,0.15,0.0
2019-10-22,9.010000228881836,9.140000343322754,8.960000038146973,9.069999694824219,6.540127754211426,35878500,0.0,0.0
2019-10-23,9.010000228881836,9.210000038146973,8.970000267028809,9.210000038146973,6.641078472137451,44770400,0.0,0.0
2019-10-24,8.869999885559082,8.890000343322754,8.550000190734863,8.600000381469727,6.201223850250244,120395200,0.0,0.0
2019-10-25,8.670000076293945,8.75,8.619999885559082,8.720000267028809,6.287754058837891,51373600,0.0,0.0
2019-10-28,8.760000228881836,8.760000228881836,8.579999923706055,8.609999656677246,6.208436012268066,39635300,0.0,0.0
2019-10-29,8.59000015258789,8.710000038146973,8.59000015258789,8.640000343322754,6.230068206787109,36771800,0.0,0.0
2019-10-30,8.640000343322754,8.640000343322754,8.520000457763672,8.539999961853027,6.157959461212158,28685300,0.0,0.0
2019-10-31,8.579999923706055,8.600000381469727,8.5,8.59000015258789,6.194014072418213,29124100,0.0,0.0
2019-11-01,8.640000343322754,8.930000305175781,8.640000343322754,8.890000343322754,6.410336017608643,55354900,0.0,0.0
2019-11-04,8.930000305175781,9.050000190734863,8.930000305175781,9.0,6.489654064178467,46716500,0.0,0.0
2019-11-05,9.020000457763672,9.149999618530273,9.0,9.020000457763672,6.504074573516846,37569700,0.0,0.0
2019-11-06,9.050000190734863,9.050000190734863,8.890000343322754,8.920000076293945,6.431967735290527,39497700,0.0,0.0
2019-11-07,8.960000038146973,9.010000228881836,8.880000114440918,8.890000343322754,6.410336017608643,32640400,0.0,0.0
2019-11-08,8.899999618530273,9.039999961853027,8.819999694824219,9.039999961853027,6.518496513366699,29476800,0.0,0.0
2019-11-11,8.949999809265137,9.100000381469727,8.9399995803833,9.079999923706055,6.54733943939209,24846600,0.0,0.0
2019-11-12,9.0600004196167,9.130000114440918,9.039999961853027,9.039999961853027,6.518496513366699,28703900,0.0,0.0
2019-11-13,9.0,9.0,8.800000190734863,8.8100004196167,6.352650165557861,34491200,0.0,0.0
2019-11-14,8.850000381469727,8.90999984741211,8.779999732971191,8.789999961853027,6.338228702545166,26527800,0.0,0.0
2019-11-15,8.850000381469727,8.960000038146973,8.850000381469727,8.949999809265137,6.453599452972412,26416300,0.0,0.0
2019-11-18,9.050000190734863,9.050000190734863,8.890000343322754,8.949999809265137,6.453599452972412,38291400,0.0,0.0
2019-11-19,8.989999771118164,9.0,8.869999885559082,8.899999618530273,6.417545795440674,31168900,0.0,0.0
2019-11-20,8.880000114440918,8.890000343322754,8.680000305175781,8.729999542236328,6.29496431350708,38271500,0.0,0.0
2019-11-21,8.770000457763672,8.789999961853027,8.670000076293945,8.710000038146973,6.280542373657227,33161400,0.0,0.0
2019-11-22,8.800000190734863,8.899999618530273,8.770000457763672,8.890000343322754,6.410336017608643,34966700,0.0,0.0
2019-11-25,8.899999618530273,9.010000228881836,8.869999885559082,9.0,6.489654064178467,30580900,0.0,0.0
2019-11-26,8.979999542236328,9.020000457763672,8.90999984741211,9.010000228881836,6.496864318847656,30093800,0.0,0.0
2019-11-27,9.029999732971191,9.149999618530273,9.020000457763672,9.100000381469727,6.561760902404785,37396100,0.0,0.0
2019-11-29,9.039999961853027,9.100000381469727,9.029999732971191,9.0600004196167,6.532918453216553,13096200,0.0,0.0
2019-12-02,9.079999923706055,9.140000343322754,9.0,9.010000228881836,6.496864318847656,37232700,0.0,0.0
2019-12-03,8.949999809265137,8.949999809265137,8.800000190734863,8.890000343322754,6.410336017608643,40653100,0.0,0.0
2019-12-04,8.949999809265137,9.029999732971191,8.9399995803833,8.949999809265137,6.453599452972412,29982900,0.0,0.0
2019-12-05,8.970000267028809,9.0,8.880000114440918,8.930000305175781,6.439178943634033,25768600,0.0,0.0
2019-12-06,8.960000038146973,9.069999694824219,8.949999809265137,9.020000457763672,6.504074573516846,31086900,0.0,0.0
2019-12-09,8.970000267028809,9.069999694824219,8.960000038146973,9.010000228881836,6.496864318847656,21772900,0.0,0.0
2019-12-10,9.020000457763672,9.100000381469727,8.960000038146973,9.069999694824219,6.540127754211426,34217700,0.0,0.0
2019-12-11,9.0600004196167,9.140000343322754,9.0600004196167,9.109999656677246,6.568970203399658,33204200,0.0,0.0
2019-12-12,9.109999656677246,9.359999656677246,9.109999656677246,9.319999694824219,6.72039794921875,48390900,0.0,0.0
2019-12-13,9.319999694824219,9.390000343322754,9.1899995803833,9.229999542236328,6.6554999351501465,35334500,0.0,0.0
2019-12-16,9.239999771118164,9.390000343322754,9.220000267028809,9.390000343322754,6.770871162414551,42337600,0.0,0.0
2019-12-17,9.380000114440918,9.40999984741211,9.3100004196167,9.390000343322754,6.770871162414551,35503900,0.0,0.0
2019-12-18,9.390000343322754,9.569999694824219,9.359999656677246,9.539999961853027,6.879031658172607,45905300,0.0,0.0
2019-12-19,9.550000190734863,9.569999694824219,9.380000114440918,9.40999984741211,6.7852935791015625,42236000,0.0,0.0
2019-12-20,9.5,9.539999961853027,9.4399995803833,9.479999542236328,6.835765838623047,50191200,0.0,0.0
2019-12-23,9.5,9.569999694824219,9.399999618530273,9.4399995803833,6.806924343109131,54784400,0.0,0.0
2019-12-24,9.4399995803833,9.489999771118164,9.430000305175781,9.470000267028809,6.828558444976807,11881600,0.0,0.0
2019-12-26,9.470000267028809,9.489999771118164,9.430000305175781,9.449999809265137,6.814136028289795,28961300,0.0,0.0
2019-12-27,9.449999809265137,9.460000038146973,9.350000381469727,9.359999656677246,6.749238967895508,28272800,0.0,0.0
2019-12-30,9.34000015258789,9.350000381469727,9.229999542236328,9.25,6.669922351837158,36074900,0.0,0.0
2019-12-31,9.25,9.329999923706055,9.25,9.300000190734863,6.70597505569458,32342100,0.0,0.0
2020-01-02,9.289999961853027,9.420000076293945,9.1899995803833,9.420000076293945,6.792503833770752,43425700,0.0,0.0
2020-01-03,9.3100004196167,9.369999885559082,9.149999618530273,9.210000038146973,6.641078472137451,45040800,0.0,0.0
2020-01-06,9.100000381469727,9.170000076293945,9.0600004196167,9.15999984741211,6.605025291442871,43372300,0.0,0.0
2020-01-07,9.199999809265137,9.25,9.119999885559082,9.25,6.669922351837158,44984100,0.0,0.0
2020-01-08,9.229999542236328,9.300000190734863,9.170000076293945,9.25,6.669922351837158,45994900,0.0,0.0
2020-01-09,9.300000190734863,9.3100004196167,9.180000305175781,9.260000228881836,6.677133560180664,51817400,0.0,0.0
2020-01-10,9.270000457763672,9.359999656677246,9.25,9.25,6.669922351837158,39796300,0.0,0.0
2020-01-13,9.25,9.260000228881836,9.109999656677246,9.239999771118164,6.6627116203308105,48553700,0.0,0.0
2020-01-14,9.220000267028809,9.329999923706055,9.210000038146973,9.289999961853027,6.698764324188232,42935600,0.0,0.0
2020-01-15,9.270000457763672,9.300000190734863,9.180000305175781,9.1899995803833,6.626657009124756,55923900,0.0,0.0
2020-01-16,9.229999542236328,9.279999732971191,9.149999618530273,9.170000076293945,6.612236499786377,44310400,0.0,0.0
2020-01-17,9.1899995803833,9.229999542236328,9.130000114440918,9.15999984741211,6.605025291442871,41644900,0.0,0.0
2020-01-21,9.149999618530273,9.220000267028809,9.100000381469727,9.210000038146973,6.641078472137451,49556400,0.0,0.0
2020-01-22,9.220000267028809,9.25,9.149999618530273,9.15999984741211,6.605025291442871,39914800,0.0,0.0
2020-01-23,9.140000343322754,9.15999984741211,8.930000305175781,9.140000343322754,6.590604305267334,75848700,0.0,0.0
2020-01-24,9.109999656677246,9.119999885559082,8.960000038146973,9.0,6.489654064178467,68100900,0.0,0.0
2020-01-27,8.880000114440918,8.960000038146973,8.779999732971191,8.890000343322754,6.410336017608643,60769300,0.0,0.0
2020-01-28,8.9399995803833,9.0,8.859999656677246,8.970000267028809,6.468020915985107,85163400,0.0,0.0
2020-01-29,8.850000381469727,8.960000038146973,8.84000015258789,8.859999656677246,6.497354507446289,59057400,0.15,0.0
2020-01-30,8.8100004196167,8.84000015258789,8.729999542236328,8.84000015258789,6.482687473297119,42827800,0.0,0.0
2020-01-31,8.779999732971191,8.84000015258789,8.739999771118164,8.819999694824219,6.46802282333374,59813700,0.0,0.0
2020-02-03,8.850000381469727,9.140000343322754,8.850000381469727,8.979999542236328,6.585354328155518,71405400,0.0,0.0
2020-02-04,9.079999923706055,9.239999771118164,9.069999694824219,9.180000305175781,6.732023239135742,86196400,0.0,0.0
2020-02-05,8.40999984741211,8.479999542236328,8.260000228881836,8.3100004196167,6.094019412994385,145792500,0.0,0.0
2020-02-06,8.369999885559082,8.380000114440918,8.25,8.25,6.050020217895508,68823400,0.0,0.0
2020-02-07,8.210000038146973,8.210000038146973,8.020000457763672,8.109999656677246,5.947353363037109,98256500,0.0,0.0
2020-02-10,8.149999618530273,8.149999618530273,8.050000190734863,8.0600004196167,5.910686016082764,71834900,0.0,0.0
2020-02-11,8.100000381469727,8.149999618530273,8.079999923706055,8.100000381469727,5.940019607543945,80164500,0.0,0.0
2020-02-12,8.140000343322754,8.329999923706055,8.130000114440918,8.239999771118164,6.042686462402344,111536800,0.0,0.0
2020-02-13,8.210000038146973,8.359999656677246,8.210000038146973,8.25,6.050020217895508,67648800,0.0,0.0
2020-02-14,8.270000457763672,8.270000457763672,8.079999923706055,8.100000381469727,5.940019607543945,46359700,0.0,0.0
2020-02-18,8.119999885559082,8.149999618530273,8.020000457763672,8.0600004196167,5.910686016082764,65094800,0.0,0.0
2020-02-19,8.0600004196167,8.100000381469727,8.0,8.0,5.8666863441467285,69668200,0.0,0.0
2020-02-20,8.0,8.069999694824219,7.989999771118164,8.029999732971191,5.888685703277588,52318200,0.0,0.0
2020-02-21,8.020000457763672,8.029999732971191,7.889999866485596,7.889999866485596,5.786017894744873,58326300,0.0,0.0
2020-02-24,7.699999809265137,7.71999979019165,7.550000190734863,7.570000171661377,5.551351070404053,110048200,0.0,0.0
2020-02-25,7.679999828338623,7.679999828338623,7.21999979019165,7.230000019073486,5.3020172119140625,108888300,0.0,0.0
2020-02-26,7.300000190734863,7.460000038146973,7.210000038146973,7.210000038146973,5.287351131439209,92469500,0.0,0.0
2020-02-27,7.130000114440918,7.28000020980835,6.920000076293945,6.96999979019165,5.111350059509277,118642400,0.0,0.0
2020-02-28,6.840000152587891,6.960000038146973,6.670000076293945,6.960000038146973,5.104015827178955,116490700,0.0,0.0
2020-03-02,7.110000133514404,7.230000019073486,6.880000114440918,7.199999809265137,5.280017375946045,96766000,0.0,0.0
2020-03-03,7.289999961853027,7.340000152587891,6.889999866485596,6.96999979019165,5.111350059509277,97457800,0.0,0.0
2020-03-04,7.090000152587891,7.090000152587891,6.920000076293945,7.079999923706055,5.1920166015625,70588100,0.0,0.0
2020-03-05,6.960000038146973,6.96999979019165,6.710000038146973,6.739999771118164,4.942682266235352,78070900,0.0,0.0
2020-03-06,6.599999904632568,6.679999828338623,6.400000095367432,6.489999771118164,4.7593488693237305,109932200,0.0,0.0
2020-03-09,5.96999979019165,6.139999866485596,5.869999885559082,5.900000095367432,4.326681137084961,103901700,0.0,0.0
2020-03-10,6.260000228881836,6.289999961853027,5.800000190734863,6.260000228881836,4.590682029724121,101873600,0.0,0.0
2020-03-11,6.059999942779541,6.110000133514404,5.880000114440918,5.900000095367432,4.326681137084961,98587100,0.0,0.0
2020-03-12,5.380000114440918,5.690000057220459,5.199999809265137,5.349999904632568,3.9233455657958984,89453100,0.0,0.0
2020-03-13,5.869999885559082,5.900000095367432,5.119999885559082,5.630000114440918,4.12868070602417,125375300,0.0,0.0
2020-03-16,5.039999961853027,5.21999979019165,5.0,5.010000228881836,3.6740126609802246,110310900,0.0,0.0
2020-03-17,5.079999923706055,5.139999866485596,4.699999809265137,5.010000228881836,3.6740126609802246,104233500,0.0,0.0
2020-03-18,4.75,4.840000152587891,4.099999904632568,4.5,3.300010919570923,125954700,0.0,0.0
2020-03-19,4.329999923706055,4.579999923706055,4.099999904632568,4.46999979019165,3.278010368347168,126603800,0.0,0.0
2020-03-20,4.539999961853027,4.75,4.25,4.329999923706055,3.1753437519073486,129378600,0.0,0.0
2020-03-23,4.269999980926514,4.519999980926514,3.9600000381469727,4.010000228881836,2.94067645072937,134925000,0.0,0.0
2020-03-24,4.46999979019165,4.989999771118164,4.260000228881836,4.949999809265137,3.630011796951294,146192100,0.0,0.0
2020-03-25,5.769999980926514,5.869999885559082,5.119999885559082,5.389999866485596,3.9526798725128174,198999400,0.0,0.0
2020-03-26,5.360000133514404,5.650000095367432,5.159999847412109,5.25,3.85001277923584,138227600,0.0,0.0
2020-03-27,5.070000171661377,5.300000190734863,4.909999847412109,5.190000057220459,3.806011915206909,106324000,0.0,0.0
2020-03-30,5.110000133514404,5.119999885559082,4.929999828338623,5.03000020980835,3.688678741455078,97879700,0.0,0.0
2020-03-31,5.03000020980835,5.190000057220459,4.75,4.829999923706055,3.542011022567749,231800800,0.0,0.0
2020-04-01,4.630000114440918,4.769999980926514,4.360000133514404,4.400000095367432,3.226677179336548,119174500,0.0,0.0
2020-04-02,4.389999866485596,4.570000171661377,4.25,4.360000133514404,3.1973440647125244,90891700,0.0,0.0
2020-04-03,4.400000095367432,4.420000076293945,4.170000076293945,4.239999771118164,3.1093430519104004,85659900,0.0,0.0
2020-04-06,4.539999961853027,4.670000076293945,4.409999847412109,4.53000020980835,3.3220107555389404,102205300,0.0,0.0
2020-04-07,4.849999904632568,5.03000020980835,4.630000114440918,4.710000038146973,3.4540114402770996,115150400,0.0,0.0
2020-04-08,4.860000133514404,5.090000152587891,4.800000190734863,5.03000020980835,3.688678741455078,117022200,0.0,0.0
2020-04-09,5.510000228881836,5.75,5.239999771118164,5.369999885559082,3.9380125999450684,175681700,0.0,0.0
2020-04-13,5.429999828338623,5.429999828338623,5.019999980926514,5.159999847412109,3.78401255607605,99320000,0.0,0.0
2020-04-14,5.269999980926514,5.440000057220459,5.159999847412109,5.289999961853027,3.8793461322784424,74877000,0.0,0.0
2020-04-15,5.059999942779541,5.139999866485596,4.949999809265137,5.03000020980835,3.688678741455078,74727700,0.0,0.0
2020-04-16,5.059999942779541,5.070000171661377,4.889999866485596,4.940000057220459,3.6226775646209717,58951200,0.0,0.0
2020-04-17,5.170000076293945,5.28000020980835,5.03000020980835,5.119999885559082,3.754678726196289,91989300,0.0,0.0
2020-04-20,5.010000228881836,5.090000152587891,4.909999847412109,4.980000019073486,3.652012348175049,71079400,0.0,0.0
2020-04-21,4.889999866485596,4.920000076293945,4.71999979019165,4.769999980926514,3.4980108737945557,82400200,0.0,0.0
2020-04-22,4.869999885559082,4.889999866485596,4.75,4.769999980926514,3.4980108737945557,62237200,0.0,0.0
2020-04-23,4.800000190734863,4.980000019073486,4.769999980926514,4.889999866485596,3.5860116481781006,61959800,0.0,0.0
2020-04-24,4.929999828338623,4.960000038146973,4.800000190734863,4.869999885559082,3.5713448524475098,54320400,0.0,0.0
2020-04-27,4.909999847412109,5.190000057220459,4.880000114440918,5.170000076293945,3.7913460731506348,91082800,0.0,0.0
2020-04-28,5.489999771118164,5.539999961853027,5.21999979019165,5.380000114440918,3.9453468322753906,106222800,0.0,0.0
2020-04-29,5.329999923706055,5.5,5.210000038146973,5.260000228881836,3.857346773147583,126393000,0.0,0.0
2020-04-30,5.159999847412109,5.239999771118164,5.059999942779541,5.090000152587891,3.7326786518096924,93437900,0.0,0.0
2020-05-01,5.019999980926514,5.050000190734863,4.900000095367432,4.920000076293945,3.6080121994018555,82660100,0.0,0.0
2020-05-04,4.880000114440918,4.96999979019165,4.769999980926514,4.860000133514404,3.564011812210083,84214700,0.0,0.0
2020-05-05,4.989999771118164,5.090000152587891,4.940000057220459,4.96999979019165,3.6446783542633057,96301300,0.0,0.0
2020-05-06,5.050000190734863,5.090000152587891,4.820000171661377,4.869999885559082,3.5713448524475098,89390400,0.0,0.0
2020-05-07,4.900000095367432,4.980000019073486,4.849999904632568,4.869999885559082,3.5713448524475098,67222900,0.0,0.0
2020-05-08,4.960000038146973,5.25,4.949999809265137,5.239999771118164,3.842679262161255,101207100,0.0,0.0
2020-05-11,5.179999828338623,5.190000057220459,5.050000190734863,5.119999885559082,3.754678726196289,75734000,0.0,0.0
2020-05-12,5.150000095367432,5.21999979019165,4.96999979019165,4.980000019073486,3.652012348175049,70965200,0.0,0.0
2020-05-13,5.0,5.010000228881836,4.659999847412109,4.71999979019165,3.4613442420959473,100192300,0.0,0.0
2020-05-14,4.639999866485596,4.920000076293945,4.519999980926514,4.889999866485596,3.5860116481781006,108061100,0.0,0.0
2020-05-15,4.800000190734863,4.940000057220459,4.75,4.900000095367432,3.5933451652526855,80544700,0.0,0.0
2020-05-18,5.119999885559082,5.329999923706055,5.119999885559082,5.309999942779541,3.8940134048461914,136157700,0.0,0.0
2020-05-19,5.269999980926514,5.449999809265137,5.150000095367432,5.300000190734863,3.8866798877716064,94836300,0.0,0.0
2020-05-20,5.380000114440918,5.539999961853027,5.369999885559082,5.489999771118164,4.026012420654297,87685400,0.0,0.0
2020-05-21,5.449999809265137,5.690000057220459,5.440000057220459,5.630000114440918,4.12868070602417,87098200,0.0,0.0
2020-05-22,5.679999828338623,5.730000019073486,5.5,5.650000095367432,4.143347263336182,76656500,0.0,0.0
2020-05-26,5.920000076293945,5.989999771118164,5.820000171661377,5.840000152587891,4.282680988311768,86046300,0.0,0.0
2020-05-27,6.010000228881836,6.090000152587891,5.840000152587891,6.03000020980835,4.422014236450195,110413900,0.0,0.0
2020-05-28,6.050000190734863,6.070000171661377,5.809999942779541,5.849999904632568,4.290014266967773,76930200,0.0,0.0
2020-05-29,5.75,5.800000190734863,5.570000171661377,5.710000038146973,4.187347412109375,92936300,0.0,0.0
2020-06-01,5.730000019073486,5.880000114440918,5.670000076293945,5.869999885559082,4.304679870605469,61879700,0.0,0.0
2020-06-02,5.960000038146973,6.0,5.829999923706055,5.900000095367432,4.326681137084961,80046000,0.0,0.0
2020-06-03,5.989999771118164,6.269999980926514,5.920000076293945,6.190000057220459,4.539348125457764,98876600,0.0,0.0
2020-06-04,6.199999809265137,6.579999923706055,6.119999885559082,6.570000171661377,4.818015098571777,115798600,0.0,0.0
2020-06-05,7.239999771118164,7.5,7.019999980926514,7.340000152587891,5.38268518447876,208648200,0.0,0.0
2020-06-08,7.53000020980835,7.739999771118164,7.369999885559082,7.53000020980835,5.5220184326171875,113169300,0.0,0.0
2020-06-09,7.21999979019165,7.440000057220459,7.050000190734863,7.239999771118164,5.309350490570068,115749600,0.0,0.0
2020-06-10,7.329999923706055,7.340000152587891,6.769999980926514,6.809999942779541,4.994016647338867,147327100,0.0,0.0
2020-06-11,6.070000171661377,6.460000038146973,6.039999961853027,6.130000114440918,4.495347499847412,116184700,0.0,0.0
2020-06-12,6.559999942779541,6.630000114440918,6.300000190734863,6.460000038146973,4.737349033355713,88778000,0.0,0.0
2020-06-15,6.179999828338623,6.579999923706055,6.110000133514404,6.5,4.766683101654053,104742600,0.0,0.0
2020-06-16,6.869999885559082,6.869999885559082,6.440000057220459,6.550000190734863,4.803349018096924,109535200,0.0,0.0
2020-06-17,6.559999942779541,6.559999942779541,6.309999942779541,6.329999923706055,4.64201545715332,67831400,0.0,0.0
2020-06-18,6.260000228881836,6.449999809265137,6.190000057220459,6.329999923706055,4.64201545715332,61301800,0.0,0.0
2020-06-19,6.639999866485596,6.690000057220459,6.230000019073486,6.230000019073486,4.568681716918945,126127800,0.0,0.0
2020-06-22,6.269999980926514,6.28000020980835,6.130000114440918,6.28000020980835,4.605348110198975,71724300,0.0,0.0
2020-06-23,6.329999923706055,6.380000114440918,6.139999866485596,6.150000095367432,4.51001501083374,86672800,0.0,0.0
2020-06-24,6.059999942779541,6.119999885559082,5.860000133514404,5.949999809265137,4.363348007202148,75536300,0.0,0.0
2020-06-25,5.860000133514404,6.050000190734863,5.800000190734863,6.03000020980835,4.422014236450195,73612700,0.0,0.0
2020-06-26,6.039999961853027,6.070000171661377,5.809999942779541,5.909999847412109,4.334014415740967,118435400,0.0,0.0
2020-06-29,5.909999847412109,6.070000171661377,5.809999942779541,6.010000228881836,4.407348155975342,58208400,0.0,0.0
2020-06-30,5.980000019073486,6.099999904632568,5.900000095367432,6.079999923706055,4.458681583404541,61909300,0.0,0.0
2020-07-01,6.099999904632568,6.179999828338623,5.949999809265137,5.980000019073486,4.385347366333008,62454700,0.0,0.0
2020-07-02,6.099999904632568,6.170000076293945,6.0,6.050000190734863,4.436681270599365,67270500,0.0,0.0
2020-07-06,6.139999866485596,6.199999809265137,6.110000133514404,6.190000057220459,4.539348125457764,63921800,0.0,0.0
2020-07-07,6.139999866485596,6.199999809265137,6.090000152587891,6.119999885559082,4.4880146980285645,56652000,0.0,0.0
2020-07-08,6.130000114440918,6.179999828338623,6.050000190734863,6.090000152587891,4.466015338897705,60928600,0.0,0.0
2020-07-09,6.090000152587891,6.099999904632568,5.820000171661377,5.840000152587891,4.282680988311768,82693000,0.0,0.0
2020-07-10,5.800000190734863,6.099999904632568,5.739999771118164,6.099999904632568,4.473348140716553,73710700,0.0,0.0
2020-07-13,6.150000095367432,6.21999979019165,6.050000190734863,6.059999942779541,4.444013595581055,80190700,0.0,0.0
2020-07-14,6.179999828338623,6.389999866485596,6.079999923706055,6.360000133514404,4.664016246795654,106131800,0.0,0.0
2020-07-15,6.539999961853027,6.78000020980835,6.519999980926514,6.739999771118164,4.942682266235352,101648700,0.0,0.0
2020-07-16,6.659999847412109,6.900000095367432,6.630000114440918,6.860000133514404,5.030683517456055,93498500,0.0,0.0
2020-07-17,6.900000095367432,6.909999847412109,6.730000019073486,6.800000190734863,4.986682891845703,80769000,0.0,0.0
2020-07-20,6.800000190734863,6.849999904632568,6.579999923706055,6.659999847412109,4.88401460647583,71361700,0.0,0.0
2020-07-21,6.710000038146973,6.809999942779541,6.639999866485596,6.679999828338623,4.898682594299316,63285100,0.0,0.0
2020-07-22,6.639999866485596,6.880000114440918,6.610000133514404,6.840000152587891,5.016015529632568,75629600,0.0,0.0
2020-07-23,6.869999885559082,7.059999942779541,6.800000190734863,6.980000019073486,5.118682861328125,88652600,0.0,0.0
2020-07-24,6.900000095367432,7.010000228881836,6.860000133514404,6.880000114440918,5.045350551605225,62292000,0.0,0.0
2020-07-27,6.920000076293945,6.940000057220459,6.769999980926514,6.929999828338623,5.082016468048096,60370200,0.0,0.0
2020-07-28,6.900000095367432,7.050000190734863,6.900000095367432,7.010000228881836,5.140683174133301,56312500,0.0,0.0
2020-07-29,7.050000190734863,7.059999942779541,6.829999923706055,6.920000076293945,5.074682712554932,59437200,0.0,0.0
2020-07-30,6.739999771118164,6.829999923706055,6.670000076293945,6.739999771118164,4.942682266235352,58991000,0.0,0.0
2020-07-31,6.889999866485596,6.900000095367432,6.519999980926514,6.610000133514404,4.847349643707275,115301700,0.0,0.0
2020-08-03,6.650000095367432,6.71999979019165,6.53000020980835,6.690000057220459,4.906016826629639,53845900,0.0,0.0
2020-08-04,6.909999847412109,6.909999847412109,6.730000019073486,6.860000133514404,5.030683517456055,69377600,0.0,0.0
2020-08-05,6.860000133514404,7.03000020980835,6.860000133514404,6.960000038146973,5.104015827178955,81728400,0.0,0.0
2020-08-06,6.929999828338623,7.0,6.889999866485596,6.929999828338623,5.082016468048096,48668500,0.0,0.0
2020-08-07,6.869999885559082,6.920000076293945,6.789999961853027,6.860000133514404,5.030683517456055,47480100,0.0,0.0
2020-08-10,6.909999847412109,7.130000114440918,6.909999847412109,7.090000152587891,5.199350357055664,57229000,0.0,0.0
2020-08-11,7.210000038146973,7.380000114440918,7.190000057220459,7.230000019073486,5.3020172119140625,74016400,0.0,0.0
2020-08-12,7.329999923706055,7.369999885559082,7.059999942779541,7.110000133514404,5.214017391204834,59161400,0.0,0.0
2020-08-13,7.03000020980835,7.179999828338623,7.0,7.03000020980835,5.155350685119629,50066800,0.0,0.0
2020-08-14,6.96999979019165,7.110000133514404,6.929999828338623,7.039999961853027,5.162683486938477,43517700,0.0,0.0
2020-08-17,7.050000190734863,7.059999942779541,6.869999885559082,6.980000019073486,5.118682861328125,64555200,0.0,0.0
2020-08-18,6.980000019073486,7.010000228881836,6.889999866485596,6.889999866485596,5.0526838302612305,40444200,0.0,0.0
2020-08-19,6.889999866485596,7.019999980926514,6.860000133514404,6.869999885559082,5.038016319274902,44158100,0.0,0.0
2020-08-20,6.769999980926514,6.889999866485596,6.730000019073486,6.840000152587891,5.016015529632568,41824500,0.0,0.0
2020-08-21,6.78000020980835,6.849999904632568,6.650000095367432,6.659999847412109,4.88401460647583,39158900,0.0,0.0
2020-08-24,6.730000019073486,7.0,6.690000057220459,6.980000019073486,5.118682861328125,64974700,0.0,0.0
2020-08-25,7.010000228881836,7.099999904632568,6.860000133514404,6.940000057220459,5.089349269866943,49550000,0.0,0.0
2020-08-26,6.940000057220459,6.96999979019165,6.769999980926514,6.820000171661377,5.001349925994873,48600100,0.0,0.0
2020-08-27,6.829999923706055,6.980000019073486,6.829999923706055,6.909999847412109,5.067350387573242,45740900,0.0,0.0
2020-08-28,6.929999828338623,6.949999809265137,6.860000133514404,6.940000057220459,5.089349269866943,39936900,0.0,0.0
2020-08-31,6.900000095367432,6.929999828338623,6.789999961853027,6.820000171661377,5.001349925994873,50089500,0.0,0.0
2020-09-01,6.769999980926514,6.869999885559082,6.71999979019165,6.829999923706055,5.0086822509765625,48189900,0.0,0.0
2020-09-02,6.809999942779541,6.96999979019165,6.769999980926514,6.949999809265137,5.096683979034424,59008900,0.0,0.0
2020-09-03,6.920000076293945,7.090000152587891,6.760000228881836,6.820000171661377,5.001349925994873,78130900,0.0,0.0
2020-09-04,6.860000133514404,6.949999809265137,6.75,6.900000095367432,5.060016632080078,70017500,0.0,0.0
2020-09-08,6.829999923706055,7.170000076293945,6.809999942779541,7.03000020980835,5.155350685119629,84749300,0.0,0.0
2020-09-09,7.070000171661377,7.099999904632568,6.929999828338623,6.96999979019165,5.111350059509277,56501400,0.0,0.0
2020-09-10,6.989999771118164,7.039999961853027,6.869999885559082,6.909999847412109,5.067350387573242,69228600,0.0,0.0
2020-09-11,6.940000057220459,7.0,6.849999904632568,7.0,5.133350372314453,55080600,0.0,0.0
2020-09-14,7.010000228881836,7.179999828338623,6.980000019073486,7.119999885559082,5.22135066986084,58704300,0.0,0.0
2020-09-15,7.159999847412109,7.179999828338623,7.0,7.039999961853027,5.162683486938477,65198500,0.0,0.0
2020-09-16,7.050000190734863,7.119999885559082,6.989999771118164,7.019999980926514,5.148017883300781,46245800,0.0,0.0
2020-09-17,7.039999961853027,7.340000152587891,6.980000019073486,7.28000020980835,5.338685512542725,84850100,0.0,0.0
2020-09-18,7.309999942779541,7.400000095367432,7.21999979019165,7.230000019073486,5.3020172119140625,71929400,0.0,0.0
2020-09-21,7.090000152587891,7.090000152587891,6.809999942779541,6.869999885559082,5.038016319274902,72850300,0.0,0.0
2020-09-22,6.889999866485596,6.989999771118164,6.769999980926514,6.78000020980835,4.972016334533691,55865500,0.0,0.0
2020-09-23,6.809999942779541,6.929999828338623,6.630000114440918,6.639999866485596,4.869349002838135,52588600,0.0,0.0
2020-09-24,6.599999904632568,6.760000228881836,6.409999847412109,6.659999847412109,4.88401460647583,59822900,0.0,0.0
2020-09-25,6.610000133514404,6.710000038146973,6.5,6.510000228881836,4.774014949798584,53761800,0.0,0.0
2020-09-28,6.590000152587891,6.769999980926514,6.579999923706055,6.690000057220459,4.906016826629639,47582600,0.0,0.0
2020-09-29,6.690000057220459,6.699999809265137,6.539999961853027,6.599999904632568,4.840015411376953,38987300,0.0,0.0
2020-09-30,6.610000133514404,6.75,6.590000152587891,6.659999847412109,4.88401460647583,55944600,0.0,0.0
2020-10-01,6.710000038146973,6.769999980926514,6.630000114440918,6.75,4.95001745223999,58340600,0.0,0.0
2020-10-02,6.619999885559082,6.929999828338623,6.599999904632568,6.889999866485596,5.0526838302612305,60798400,0.0,0.0
2020-10-05,6.949999809265137,7.050000190734863,6.949999809265137,7.019999980926514,5.148017883300781,42359400,0.0,0.0
2020-10-06,7.059999942779541,7.25,6.960000038146973,6.980000019073486,5.118682861328125,78203800,0.0,0.0
2020-10-07,7.110000133514404,7.25,7.059999942779541,7.230000019073486,5.3020172119140625,50664100,0.0,0.0
2020-10-08,7.289999961853027,7.349999904632568,7.199999809265137,7.349999904632568,5.390017032623291,54513300,0.0,0.0
2020-10-09,7.360000133514404,7.440000057220459,7.230000019073486,7.25,5.316683769226074,50977900,0.0,0.0
2020-10-12,7.360000133514404,7.869999885559082,7.329999923706055,7.670000076293945,5.624685287475586,97692900,0.0,0.0
2020-10-13,7.820000171661377,7.880000114440918,7.630000114440918,7.760000228881836,5.690685749053955,74562600,0.0,0.0
2020-10-14,7.730000019073486,7.75,7.550000190734863,7.570000171661377,5.551351070404053,57752100,0.0,0.0
2020-10-15,7.420000076293945,7.619999885559082,7.369999885559082,7.619999885559082,5.588017463684082,49336200,0.0,0.0
2020-10-16,7.710000038146973,7.75,7.610000133514404,7.670000076293945,5.624685287475586,47509400,0.0,0.0
2020-10-19,7.679999828338623,7.71999979019165,7.570000171661377,7.590000152587891,5.566019058227539,38960700,0.0,0.0
2020-10-20,7.619999885559082,7.849999904632568,7.579999923706055,7.739999771118164,5.676017761230469,63447000,0.0,0.0
2020-10-21,7.769999980926514,7.880000114440918,7.730000019073486,7.849999904632568,5.756685256958008,51981100,0.0,0.0
2020-10-22,7.929999828338623,8.220000267028809,7.889999866485596,8.210000038146973,6.020686626434326,74008500,0.0,0.0
2020-10-23,8.300000190734863,8.350000381469727,8.09000015258789,8.15999984741211,5.984019756317139,62249000,0.0,0.0
2020-10-26,8.039999961853027,8.069999694824219,7.940000057220459,8.029999732971191,5.888685703277588,62131000,0.0,0.0
2020-10-27,8.010000228881836,8.09000015258789,7.900000095367432,7.920000076293945,5.808019161224365,64154500,0.0,0.0
2020-10-28,7.679999828338623,7.880000114440918,7.630000114440918,7.699999809265137,5.646685600280762,82938300,0.0,0.0
2020-10-29,8.170000076293945,8.239999771118164,7.849999904632568,7.900000095367432,5.793352127075195,118999900,0.0,0.0
2020-10-30,7.849999904632568,7.909999847412109,7.610000133514404,7.730000019073486,5.668684959411621,79345600,0.0,0.0
2020-11-02,7.829999923706055,7.860000133514404,7.679999828338623,7.710000038146973,5.654019355773926,59962900,0.0,0.0
2020-11-03,7.760000228881836,7.929999828338623,7.730000019073486,7.880000114440918,5.778685569763184,65108800,0.0,0.0
2020-11-04,7.860000133514404,7.869999885559082,7.630000114440918,7.639999866485596,5.602684020996094,67326800,0.0,0.0
2020-11-05,7.760000228881836,7.989999771118164,7.710000038146973,7.989999771118164,5.8593525886535645,61442600,0.0,0.0
2020-11-06,8.010000228881836,8.020000457763672,7.75,7.789999961853027,5.712686061859131,50912100,0.0,0.0
2020-11-09,8.109999656677246,8.380000114440918,8.079999923706055,8.199999809265137,6.013352870941162,110511300,0.0,0.0
2020-11-10,8.229999542236328,8.59000015258789,8.180000305175781,8.380000114440918,6.145354270935059,87468400,0.0,0.0
2020-11-11,8.600000381469727,8.600000381469727,8.289999961853027,8.329999923706055,6.108686447143555,75644400,0.0,0.0
2020-11-12,8.260000228881836,8.289999961853027,8.100000381469727,8.210000038146973,6.020686626434326,81064900,0.0,0.0
2020-11-13,8.229999542236328,8.569999694824219,8.229999542236328,8.539999961853027,6.262687683105469,79475100,0.0,0.0
2020-11-16,8.739999771118164,8.850000381469727,8.609999656677246,8.800000190734863,6.453354358673096,84853900,0.0,0.0
2020-11-17,8.65999984741211,8.850000381469727,8.630000114440918,8.75,6.416688442230225,46754500,0.0,0.0
2020-11-18,8.819999694824219,9.050000190734863,8.779999732971191,8.819999694824219,6.46802282333374,77759300,0.0,0.0
2020-11-19,8.880000114440918,8.880000114440918,8.739999771118164,8.819999694824219,6.46802282333374,56672700,0.0,0.0
2020-11-20,8.8100004196167,8.819999694824219,8.680000305175781,8.739999771118164,6.409353733062744,57024300,0.0,0.0
2020-11-23,8.819999694824219,8.979999542236328,8.779999732971191,8.859999656677246,6.497354507446289,71537100,0.0,0.0
2020-11-24,9.149999618530273,9.5,9.140000343322754,9.449999809265137,6.930022239685059,99520500,0.0,0.0
2020-11-25,9.199999809265137,9.25,9.0,9.079999923706055,6.658688545227051,95217800,0.0,0.0
2020-11-27,9.119999885559082,9.140000343322754,9.029999732971191,9.09000015258789,6.666022300720215,27853900,0.0,0.0
2020-11-30,9.229999542236328,9.229999542236328,8.979999542236328,9.079999923706055,6.658688545227051,77970100,0.0,0.0
2020-12-01,9.15999984741211,9.399999618530273,9.15999984741211,9.239999771118164,6.776022911071777,68863000,0.0,0.0
2020-12-02,9.15999984741211,9.239999771118164,9.079999923706055,9.199999809265137,6.746686935424805,48345000,0.0,0.0
2020-12-03,9.260000228881836,9.319999694824219,9.149999618530273,9.210000038146973,6.754022598266602,50302100,0.0,0.0
2020-12-04,9.260000228881836,9.4399995803833,9.239999771118164,9.34000015258789,6.8493571281433105,48775500,0.0,0.0
2020-12-07,9.3100004196167,9.329999923706055,9.149999618530273,9.220000267028809,6.761354446411133,58305200,0.0,0.0
2020-12-08,9.1899995803833,9.329999923706055,9.170000076293945,9.25,6.783356189727783,56296700,0.0,0.0
2020-12-09,9.3100004196167,9.489999771118164,9.289999961853027,9.449999809265137,6.930022239685059,60780300,0.0,0.0
2020-12-10,9.3100004196167,9.319999694824219,9.100000381469727,9.119999885559082,6.688022136688232,83372800,0.0,0.0
2020-12-11,9.1899995803833,9.1899995803833,9.010000228881836,9.020000457763672,6.614687919616699,73438200,0.0,0.0
2020-12-14,9.130000114440918,9.180000305175781,8.880000114440918,8.90999984741211,6.534022331237793,76826000,0.0,0.0
2020-12-15,9.029999732971191,9.149999618530273,8.9399995803833,9.149999618530273,6.710022449493408,69606100,0.0,0.0
2020-12-16,9.170000076293945,9.180000305175781,8.970000267028809,9.039999961853027,6.629354953765869,55274500,0.0,0.0
2020-12-17,9.09000015258789,9.130000114440918,9.0,9.079999923706055,6.658688545227051,49301600,0.0,0.0
2020-12-18,9.09000015258789,9.09000015258789,8.90999984741211,8.949999809265137,6.5633544921875,78764600,0.0,0.0
2020-12-21,8.869999885559082,9.010000228881836,8.789999961853027,8.930000305175781,6.548688888549805,63908100,0.0,0.0
2020-12-22,8.979999542236328,8.989999771118164,8.75,8.789999961853027,6.446020603179932,59031200,0.0,0.0
2020-12-23,8.819999694824219,9.029999732971191,8.800000190734863,8.989999771118164,6.592688083648682,54086700,0.0,0.0
2020-12-24,9.010000228881836,9.020000457763672,8.800000190734863,8.859999656677246,6.497354507446289,27927000,0.0,0.0
2020-12-28,8.920000076293945,8.979999542236328,8.859999656677246,8.890000343322754,6.519354820251465,38068400,0.0,0.0
2020-12-29,8.930000305175781,8.930000305175781,8.779999732971191,8.819999694824219,6.46802282333374,37537900,0.0,0.0
2020-12-30,8.829999923706055,8.920000076293945,8.8100004196167,8.859999656677246,6.497354507446289,38461900,0.0,0.0
2020-12-31,8.84000015258789,8.859999656677246,8.779999732971191,8.789999961853027,6.446020603179932,40176500,0.0,0.0
2021-01-04,8.8100004196167,8.84000015258789,8.430000305175781,8.520000457763672,6.248020172119141,85043100,0.0,0.0
2021-01-05,8.470000267028809,8.720000267028809,8.460000038146973,8.649999618530273,6.343353748321533,70127800,0.0,0.0
2021-01-06,8.789999961853027,8.9399995803833,8.680000305175781,8.84000015258789,6.482687473297119,72590200,0.0,0.0
2021-01-07,8.9399995803833,9.079999923706055,8.880000114440918,9.0600004196167,6.644021511077881,77117100,0.0,0.0
2021-01-08,9.100000381469727,9.140000343322754,8.890000343322754,9.0,6.600021839141846,59162200,0.0,0.0
2021-01-11,8.869999885559082,9.319999694824219,8.819999694824219,9.300000190734863,6.820022106170654,95968300,0.0,0.0
2021-01-12,9.300000190734863,9.819999694824219,9.289999961853027,9.779999732971191,7.172023296356201,124808500,0.0,0.0
2021-01-13,9.90999984741211,9.920000076293945,9.640000343322754,9.779999732971191,7.172023296356201,89549300,0.0,0.0
2021-01-14,9.8100004196167,10.199999809265137,9.789999961853027,10.170000076293945,7.458024978637695,112695300,0.0,0.0
2021-01-15,10.039999961853027,10.050000190734863,9.819999694824219,9.829999923706055,7.208691120147705,99985000,0.0,0.0
2021-01-19,10.0600004196167,10.210000038146973,9.970000267028809,10.020000457763672,7.348025321960449,78732800,0.0,0.0
2021-01-20,10.229999542236328,10.869999885559082,10.1899995803833,10.859999656677246,7.964027404785156,125033200,0.0,0.0
2021-01-21,11.279999732971191,12.149999618530273,11.119999885559082,11.529999732971191,8.455360412597656,282394100,0.0,0.0
2021-01-22,11.65999984741211,11.6899995803833,11.34000015258789,11.520000457763672,8.448029518127441,130866600,0.0,0.0
2021-01-25,11.489999771118164,11.520000457763672,10.880000114440918,11.289999961853027,8.2793607711792,118954500,0.0,0.0
2021-01-26,11.3100004196167,11.529999732971191,11.119999885559082,11.1899995803833,8.206026077270508,66267500,0.0,0.0
2021-01-27,11.020000457763672,11.170000076293945,10.699999809265137,10.789999961853027,7.912691593170166,82863000,0.0,0.0
2021-01-28,10.84000015258789,11.050000190734863,10.710000038146973,10.720000267028809,7.861357688903809,77388700,0.0,0.0
2021-01-29,10.59000015258789,10.84000015258789,10.449999809265137,10.529999732971191,7.722024440765381,73925800,0.0,0.0
2021-02-01,10.649999618530273,11.4399995803833,10.359999656677246,10.829999923706055,7.942026138305664,157114400,0.0,0.0
2021-02-02,11.140000343322754,11.199999809265137,10.710000038146973,10.859999656677246,7.964027404785156,80440700,0.0,0.0
2021-02-03,10.920000076293945,11.359999656677246,10.84000015258789,11.199999809265137,8.213360786437988,82968600,0.0,0.0
2021-02-04,11.399999618530273,11.619999885559082,11.170000076293945,11.369999885559082,8.338027000427246,106845000,0.0,0.0
2021-02-05,11.800000190734863,11.899999618530273,11.300000190734863,11.510000228881836,8.440695762634277,113402100,0.0,0.0
2021-02-08,11.520000457763672,11.579999923706055,11.3100004196167,11.5600004196167,8.477359771728516,75756700,0.0,0.0
2021-02-09,11.539999961853027,12.039999961853027,11.489999771118164,11.930000305175781,8.748695373535156,102250800,0.0,0.0
2021-02-10,12.0,12.020000457763672,11.529999732971191,11.760000228881836,8.624027252197266,76282500,0.0,0.0
2021-02-11,11.65999984741211,11.739999771118164,11.3100004196167,11.449999809265137,8.396695137023926,55762900,0.0,0.0
2021-02-12,11.420000076293945,11.619999885559082,11.369999885559082,11.449999809265137,8.396695137023926,44401200,0.0,0.0
2021-02-16,11.5,11.699999809265137,11.380000114440918,11.539999961853027,8.462695121765137,48392100,0.0,0.0
2021-02-17,11.609999656677246,11.609999656677246,11.369999885559082,11.479999542236328,8.418693542480469,49554000,0.0,0.0
2021-02-18,11.369999885559082,11.479999542236328,11.300000190734863,11.430000305175781,8.382027626037598,37777100,0.0,0.0
2021-02-19,11.520000457763672,11.59000015258789,11.460000038146973,11.579999923706055,8.49202823638916,48615600,0.0,0.0
2021-02-22,11.520000457763672,11.9399995803833,11.5,11.699999809265137,8.580028533935547,62183000,0.0,0.0
2021-02-23,11.59000015258789,11.649999618530273,11.130000114440918,11.619999885559082,8.521360397338867,72904500,0.0,0.0
2021-02-24,11.670000076293945,12.399999618530273,11.640000343322754,12.270000457763672,8.998029708862305,95152800,0.0,0.0
2021-02-25,12.220000267028809,12.399999618530273,11.720000267028809,11.760000228881836,8.624027252197266,75249400,0.0,0.0
2021-02-26,11.890000343322754,11.979999542236328,11.539999961853027,11.699999809265137,8.580028533935547,69614500,0.0,0.0
2021-03-01,11.869999885559082,12.079999923706055,11.779999732971191,11.979999542236328,8.785360336303711,43172800,0.0,0.0
2021-03-02,12.039999961853027,12.800000190734863,11.9399995803833,12.550000190734863,9.203364372253418,104789000,0.0,0.0
2021-03-03,12.609999656677246,12.609999656677246,12.140000343322754,12.170000076293945,8.924695014953613,80169700,0.0,0.0
2021-03-04,12.239999771118164,12.460000038146973,11.630000114440918,11.930000305175781,8.748695373535156,88339600,0.0,0.0
2021-03-05,12.0600004196167,12.289999961853027,11.670000076293945,12.270000457763672,8.998029708862305,79345700,0.0,0.0
2021-03-08,12.390000343322754,12.880000114440918,12.300000190734863,12.649999618530273,9.276695251464844,86129700,0.0,0.0
2021-03-09,12.760000228881836,12.760000228881836,12.380000114440918,12.569999694824219,9.218031883239746,61568700,0.0,0.0
2021-03-10,12.720000267028809,12.979999542236328,12.619999885559082,12.90999984741211,9.467365264892578,62111200,0.0,0.0
2021-03-11,12.9399995803833,13.0600004196167,12.75,12.8100004196167,9.394031524658203,56536500,0.0,0.0
2021-03-12,12.779999732971191,13.430000305175781,12.770000457763672,13.369999885559082,9.804698944091797,87160100,0.0,0.0
2021-03-15,13.390000343322754,13.619999885559082,13.050000190734863,13.199999809265137,9.680030822753906,64476000,0.0,0.0
2021-03-16,13.0600004196167,13.149999618530273,12.430000305175781,12.489999771118164,9.159361839294434,125425300,0.0,0.0
2021-03-17,12.34000015258789,12.699999809265137,12.220000267028809,12.6899995803833,9.306031227111816,109324400,0.0,0.0
2021-03-18,12.699999809265137,13.010000228881836,12.4399995803833,12.489999771118164,9.159361839294434,76733300,0.0,0.0
2021-03-19,12.850000381469727,12.949999809265137,12.550000190734863,12.829999923706055,9.408698081970215,90885200,0.0,0.0
2021-03-22,12.850000381469727,12.930000305175781,12.510000228881836,12.850000381469727,9.423365592956543,81362100,0.0,0.0
2021-03-23,12.569999694824219,12.680000305175781,12.119999885559082,12.210000038146973,8.954028129577637,73020200,0.0,0.0
2021-03-24,12.359999656677246,12.529999732971191,12.119999885559082,12.140000343322754,8.902695655822754,54534400,0.0,0.0
2021-03-25,11.9399995803833,12.350000381469727,11.720000267028809,12.319999694824219,9.034695625305176,54201800,0.0,0.0
2021-03-26,12.430000305175781,12.489999771118164,12.0600004196167,12.300000190734863,9.02003002166748,49239800,0.0,0.0
2021-03-29,12.199999809265137,12.359999656677246,12.069999694824219,12.149999618530273,8.910027503967285,44747900,0.0,0.0
2021-03-30,12.15999984741211,12.479999542236328,12.109999656677246,12.460000038146973,9.13736343383789,49762300,0.0,0.0
2021-03-31,12.460000038146973,12.539999961853027,12.210000038146973,12.25,8.983365058898926,60456900,0.0,0.0
2021-04-01,12.279999732971191,12.289999961853027,12.020000457763672,12.170000076293945,8.924695014953613,61907500,0.0,0.0
2021-04-05,12.390000343322754,12.779999732971191,12.329999923706055,12.699999809265137,9.313363075256348,82332700,0.0,0.0
2021-04-06,12.699999809265137,12.989999771118164,12.640000343322754,12.920000076293945,9.474698066711426,67499400,0.0,0.0
2021-04-07,12.869999885559082,12.930000305175781,12.65999984741211,12.729999542236328,9.335363388061523,42264000,0.0,0.0
2021-04-08,12.670000076293945,12.760000228881836,12.430000305175781,12.510000228881836,9.174029350280762,52622000,0.0,0.0
2021-04-09,12.489999771118164,12.619999885559082,12.390000343322754,12.510000228881836,9.174029350280762,40555400,0.0,0.0
2021-04-12,12.5,12.550000190734863,12.319999694824219,12.380000114440918,9.078696250915527,40422800,0.0,0.0
2021-04-13,12.390000343322754,12.449999809265137,12.100000381469727,12.199999809265137,8.946696281433105,51556000,0.0,0.0
2021-04-14,12.199999809265137,12.489999771118164,12.199999809265137,12.239999771118164,8.976029396057129,49877500,0.0,0.0
2021-04-15,12.300000190734863,12.319999694824219,12.130000114440918,12.239999771118164,8.976029396057129,38209300,0.0,0.0
2021-04-16,12.319999694824219,12.359999656677246,12.1899995803833,12.229999542236328,8.968695640563965,33132900,0.0,0.0
2021-04-19,12.220000267028809,12.25,12.020000457763672,12.109999656677246,8.880694389343262,39063500,0.0,0.0
2021-04-20,12.0600004196167,12.0600004196167,11.350000381469727,11.449999809265137,8.396695137023926,83170800,0.0,0.0
2021-04-21,11.359999656677246,11.739999771118164,11.180000305175781,11.729999542236328,8.602028846740723,49641100,0.0,0.0
2021-04-22,12.0600004196167,12.149999618530273,11.829999923706055,11.9399995803833,8.75602912902832,73064400,0.0,0.0
2021-04-23,11.970000267028809,12.239999771118164,11.869999885559082,12.220000267028809,8.961362838745117,51833300,0.0,0.0
2021-04-26,12.279999732971191,12.4399995803833,12.229999542236328,12.270000457763672,8.998029708862305,40863800,0.0,0.0
2021-04-27,12.289999961853027,12.5,12.270000457763672,12.489999771118164,9.159361839294434,42037800,0.0,0.0
2021-04-28,12.600000381469727,12.600000381469727,12.390000343322754,12.430000305175781,9.115363121032715,68023400,0.0,0.0
2021-04-29,11.90999984741211,11.90999984741211,11.140000343322754,11.260000228881836,8.25736141204834,230430600,0.0,0.0
2021-04-30,11.359999656677246,11.539999961853027,11.329999923706055,11.539999961853027,8.462695121765137,90786500,0.0,0.0
2021-05-03,11.5600004196167,11.680000305175781,11.430000305175781,11.630000114440918,8.528695106506348,61987300,0.0,0.0
2021-05-04,11.529999732971191,11.550000190734863,11.229999542236328,11.40999984741211,8.367361068725586,71007700,0.0,0.0
2021-05-05,11.5,11.640000343322754,11.399999618530273,11.609999656677246,8.514025688171387,64495500,0.0,0.0
2021-05-06,11.550000190734863,11.760000228881836,11.479999542236328,11.739999771118164,8.609359741210938,50032800,0.0,0.0
2021-05-07,11.649999618530273,11.829999923706055,11.520000457763672,11.819999694824219,8.668028831481934,41525800,0.0,0.0
2021-05-10,11.779999732971191,11.930000305175781,11.699999809265137,11.710000038146973,8.587360382080078,51703500,0.0,0.0
2021-05-11,11.449999809265137,11.760000228881836,11.420000076293945,11.579999923706055,8.49202823638916,56882600,0.0,0.0
2021-05-12,11.539999961853027,11.680000305175781,11.279999732971191,11.329999923706055,8.308693885803223,55663100,0.0,0.0
2021-05-13,11.359999656677246,11.680000305175781,11.350000381469727,11.550000190734863,8.470030784606934,56598500,0.0,0.0
2021-05-14,11.649999618530273,11.869999885559082,11.619999885559082,11.84000015258789,8.682695388793945,48619200,0.0,0.0
2021-05-17,11.819999694824219,12.180000305175781,11.789999961853027,12.149999618530273,8.910027503967285,52201700,0.0,0.0
2021-05-18,12.289999961853027,12.529999732971191,12.130000114440918,12.140000343322754,8.902695655822754,72472900,0.0,0.0
2021-05-19,12.029999732971191,12.210000038146973,11.850000381469727,12.109999656677246,8.880694389343262,70220800,0.0,0.0
2021-05-20,12.520000457763672,12.6899995803833,12.300000190734863,12.489999771118164,9.159361839294434,106243900,0.0,0.0
2021-05-21,12.699999809265137,13.470000267028809,12.569999694824219,13.329999923706055,9.77536392211914,200958600,0.0,0.0
2021-05-24,13.380000114440918,13.380000114440918,12.920000076293945,13.0600004196167,9.577364921569824,111374300,0.0,0.0
2021-05-25,13.130000114440918,13.430000305175781,12.800000190734863,12.8100004196167,9.394031524658203,113383400,0.0,0.0
2021-05-26,13.15999984741211,13.949999809265137,13.100000381469727,13.899999618530273,10.193367958068848,227538700,0.0,0.0
2021-05-27,14.380000114440918,15.050000190734863,14.119999885559082,14.880000114440918,10.912035942077637,278939100,0.0,0.0
2021-05-28,15.010000228881836,15.050000190734863,14.40999984741211,14.529999732971191,10.655366897583008,152105300,0.0,0.0
2021-06-01,14.720000267028809,14.84000015258789,14.460000038146973,14.8100004196167,10.860702514648438,89071000,0.0,0.0
2021-06-02,14.899999618530273,15.020000457763672,14.680000305175781,14.90999984741211,10.93403434753418,77517200,0.0,0.0
2021-06-03,15.149999618530273,16.059999465942383,14.989999771118164,15.989999771118164,11.726037979125977,179671400,0.0,0.0
2021-06-04,16.329999923706055,16.450000762939453,15.800000190734863,15.970000267028809,11.711371421813965,151788000,0.0,0.0
2021-06-07,16.010000228881836,16.200000762939453,15.649999618530273,15.880000114440918,11.64537239074707,90915300,0.0,0.0
2021-06-08,15.760000228881836,15.800000190734863,15.329999923706055,15.630000114440918,11.4620361328125,93891100,0.0,0.0
2021-06-09,15.600000381469727,15.619999885559082,15.390000343322754,15.479999542236328,11.352035522460938,60079100,0.0,0.0
2021-06-10,15.59000015258789,15.779999732971191,15.079999923706055,15.109999656677246,11.08070182800293,78147500,0.0,0.0
2021-06-11,15.300000190734863,15.430000305175781,15.170000076293945,15.279999732971191,11.205368041992188,50613500,0.0,0.0
2021-06-14,15.229999542236328,15.300000190734863,14.819999694824219,14.869999885559082,10.904702186584473,82666000,0.0,0.0
2021-06-15,14.90999984741211,15.15999984741211,14.760000228881836,15.0,11.000036239624023,62612700,0.0,0.0
2021-06-16,15.100000381469727,15.289999961853027,14.880000114440918,15.020000457763672,11.014702796936035,69112900,0.0,0.0
2021-06-17,15.300000190734863,15.399999618530273,14.579999923706055,14.770000457763672,10.831368446350098,126653100,0.0,0.0
2021-06-18,14.539999961853027,14.770000457763672,14.4399995803833,14.520000457763672,10.648035049438477,76319700,0.0,0.0
2021-06-21,14.630000114440918,14.899999618530273,14.550000190734863,14.779999732971191,10.838700294494629,63385000,0.0,0.0
2021-06-22,15.020000457763672,15.109999656677246,14.819999694824219,14.90999984741211,10.93403434753418,65545900,0.0,0.0
2021-06-23,15.140000343322754,15.529999732971191,15.029999732971191,15.420000076293945,11.308038711547852,94985700,0.0,0.0
2021-06-24,15.539999961853027,15.550000190734863,15.149999618530273,15.260000228881836,11.190703392028809,79859800,0.0,0.0
2021-06-25,15.239999771118164,15.520000457763672,15.180000305175781,15.1899995803833,11.13936996459961,111760500,0.0,0.0
2021-06-28,15.199999809265137,15.210000038146973,14.829999923706055,14.960000038146973,10.970701217651367,79477400,0.0,0.0
2021-06-29,15.050000190734863,15.199999809265137,14.880000114440918,15.010000228881836,11.007369995117188,68208200,0.0,0.0
2021-06-30,14.949999809265137,15.109999656677246,14.8100004196167,14.859999656677246,10.897369384765625,72213500,0.0,0.0
2021-07-01,14.90999984741211,14.970000267028809,14.84000015258789,14.90999984741211,10.93403434753418,51112200,0.0,0.0
2021-07-02,14.960000038146973,15.039999961853027,14.829999923706055,14.930000305175781,10.94870376586914,43652000,0.0,0.0
2021-07-06,14.869999885559082,14.880000114440918,14.390000343322754,14.5,10.633367538452148,73990600,0.0,0.0
2021-07-07,14.40999984741211,14.460000038146973,14.020000457763672,14.229999542236328,10.4353666305542,72992500,0.0,0.0
2021-07-08,13.960000038146973,14.229999542236328,13.739999771118164,14.0600004196167,10.310701370239258,62706800,0.0,0.0
2021-07-09,14.449999809265137,14.579999923706055,14.270000457763672,14.479999542236328,10.618700981140137,65981200,0.0,0.0
2021-07-12,14.359999656677246,14.739999771118164,14.239999771118164,14.609999656677246,10.714035987854004,49205200,0.0,0.0
2021-07-13,14.5,14.630000114440918,14.300000190734863,14.420000076293945,10.574702262878418,45360600,0.0,0.0
2021-07-14,14.430000305175781,14.630000114440918,14.199999809265137,14.25,10.450034141540527,39056200,0.0,0.0
2021-07-15,14.149999618530273,14.300000190734863,13.9399995803833,14.010000228881836,10.274033546447754,44952300,0.0,0.0
2021-07-16,14.119999885559082,14.140000343322754,13.579999923706055,13.609999656677246,9.98069953918457,48065200,0.0,0.0
2021-07-19,13.25,13.319999694824219,12.789999961853027,13.279999732971191,9.73869800567627,99949200,0.0,0.0
2021-07-20,13.369999885559082,13.960000038146973,13.279999732971191,13.90999984741211,10.200700759887695,70731800,0.0,0.0
2021-07-21,14.050000190734863,14.34000015258789,14.029999732971191,14.1899995803833,10.406033515930176,53817500,0.0,0.0
2021-07-22,14.079999923706055,14.140000343322754,13.779999732971191,13.90999984741211,10.200700759887695,40440100,0.0,0.0
2021-07-23,13.970000267028809,14.039999961853027,13.729999542236328,13.819999694824219,10.134700775146484,37927900,0.0,0.0
2021-07-26,13.899999618530273,14.079999923706055,13.869999885559082,14.029999732971191,10.28869915008545,43838000,0.0,0.0
2021-07-27,13.930000305175781,13.960000038146973,13.649999618530273,13.789999961853027,10.112698554992676,41963200,0.0,0.0
2021-07-28,13.859999656677246,13.989999771118164,13.569999694824219,13.859999656677246,10.164032936096191,70653500,0.0,0.0
2021-07-29,14.510000228881836,14.789999961853027,14.300000190734863,14.390000343322754,10.552700996398926,111154800,0.0,0.0
2021-07-30,14.229999542236328,14.300000190734863,13.869999885559082,13.949999809265137,10.230032920837402,74955700,0.0,0.0
2021-08-02,14.020000457763672,14.329999923706055,13.880000114440918,13.90999984741211,10.200700759887695,64673700,0.0,0.0
2021-08-03,13.970000267028809,14.079999923706055,13.640000343322754,14.020000457763672,10.281366348266602,53257700,0.0,0.0
2021-08-04,13.850000381469727,13.930000305175781,13.300000190734863,13.319999694824219,9.76802921295166,81502700,0.0,0.0
2021-08-05,13.539999961853027,13.819999694824219,13.449999809265137,13.710000038146973,10.054033279418945,60524400,0.0,0.0
2021-08-06,13.819999694824219,13.90999984741211,13.729999542236328,13.800000190734863,10.120033264160156,44450600,0.0,0.0
2021-08-09,13.720000267028809,13.819999694824219,13.550000190734863,13.75,10.083368301391602,38760400,0.0,0.0
2021-08-10,13.770000457763672,13.90999984741211,13.65999984741211,13.819999694824219,10.134700775146484,32120800,0.0,0.0
2021-08-11,13.859999656677246,13.949999809265137,13.670000076293945,13.930000305175781,10.21536636352539,42795600,0.0,0.0
2021-08-12,13.920000076293945,14.050000190734863,13.789999961853027,13.899999618530273,10.193367958068848,38547900,0.0,0.0
2021-08-13,13.880000114440918,13.949999809265137,13.539999961853027,13.59000015258789,9.966032028198242,45118500,0.0,0.0
2021-08-16,13.5,13.5600004196167,13.319999694824219,13.460000038146973,9.870698928833008,38664300,0.0,0.0
2021-08-17,13.319999694824219,13.329999923706055,12.8100004196167,12.989999771118164,9.526030540466309,74625300,0.0,0.0
2021-08-18,12.949999809265137,13.210000038146973,12.899999618530273,13.0,9.533366203308105,50966700,0.0,0.0
2021-08-19,12.800000190734863,12.920000076293945,12.569999694824219,12.670000076293945,9.291362762451172,69038800,0.0,0.0
2021-08-20,12.609999656677246,12.670000076293945,12.380000114440918,12.569999694824219,9.218031883239746,53615600,0.0,0.0
2021-08-23,12.710000038146973,12.850000381469727,12.470000267028809,12.729999542236328,9.335363388061523,64573600,0.0,0.0
2021-08-24,12.8100004196167,13.140000343322754,12.760000228881836,13.079999923706055,9.592031478881836,53672500,0.0,0.0
2021-08-25,13.119999885559082,13.279999732971191,13.020000457763672,13.170000076293945,9.658029556274414,51195500,0.0,0.0
2021-08-26,13.109999656677246,13.130000114440918,12.8100004196167,12.899999618530273,9.460029602050781,57559800,0.0,0.0
2021-08-27,12.890000343322754,13.369999885559082,12.869999885559082,13.3100004196167,9.760700225830078,57587300,0.0,0.0
2021-08-30,13.350000381469727,13.369999885559082,13.029999732971191,13.050000190734863,9.57003116607666,42720100,0.0,0.0
2021-08-31,13.020000457763672,13.140000343322754,12.930000305175781,13.029999732971191,9.555363655090332,42212700,0.0,0.0
2021-09-01,13.029999732971191,13.220000267028809,12.899999618530273,13.109999656677246,9.614033699035645,58875700,0.0,0.0
2021-09-02,13.09000015258789,13.210000038146973,12.970000267028809,13.010000228881836,9.540698051452637,49053200,0.0,0.0
2021-09-03,12.989999771118164,13.050000190734863,12.869999885559082,12.890000343322754,9.45269775390625,41616700,0.0,0.0
2021-09-07,12.829999923706055,13.039999961853027,12.8100004196167,12.949999809265137,9.496697425842285,64008900,0.0,0.0
2021-09-08,12.970000267028809,13.220000267028809,12.90999984741211,13.029999732971191,9.555363655090332,57980900,0.0,0.0
2021-09-09,12.949999809265137,12.949999809265137,12.720000267028809,12.760000228881836,9.357364654541016,68806400,0.0,0.0
2021-09-10,12.84000015258789,12.930000305175781,12.65999984741211,12.680000305175781,9.298696517944336,48792500,0.0,0.0
2021-09-13,12.760000228881836,12.989999771118164,12.619999885559082,12.989999771118164,9.526030540466309,62270800,0.0,0.0
2021-09-14,12.930000305175781,13.0600004196167,12.789999961853027,12.859999656677246,9.430697441101074,47640800,0.0,0.0
2021-09-15,12.890000343322754,13.25,12.8100004196167,13.220000267028809,9.69469928741455,60282100,0.0,0.0
2021-09-16,13.180000305175781,13.529999732971191,13.100000381469727,13.399999618530273,9.826698303222656,76426100,0.0,0.0
2021-09-17,13.40999984741211,13.699999809265137,13.390000343322754,13.550000190734863,9.936699867248535,76182400,0.0,0.0
2021-09-20,13.069999694824219,13.1899995803833,12.630000114440918,12.819999694824219,9.401361465454102,126152200,0.0,0.0
2021-09-21,12.890000343322754,12.970000267028809,12.65999984741211,12.770000457763672,9.36469841003418,60473100,0.0,0.0
2021-09-22,12.920000076293945,13.390000343322754,12.90999984741211,13.229999542236328,9.702032089233398,75784000,0.0,0.0
2021-09-23,13.350000381469727,13.739999771118164,13.319999694824219,13.710000038146973,10.054033279418945,68708100,0.0,0.0
2021-09-24,13.65999984741211,13.9399995803833,13.640000343322754,13.779999732971191,10.105367660522461,57440200,0.0,0.0
2021-09-27,13.890000343322754,14.289999961853027,13.880000114440918,14.15999984741211,10.384033203125,68769700,0.0,0.0
2021-09-28,14.630000114440918,14.729999542236328,14.229999542236328,14.3100004196167,10.494034767150879,107090900,0.0,0.0
2021-09-29,14.460000038146973,14.5,14.170000076293945,14.300000190734863,10.486702919006348,56805500,0.0,0.0
2021-09-30,14.260000228881836,14.319999694824219,14.09000015258789,14.15999984741211,10.384033203125,78820500,0.0,0.0
2021-10-01,14.260000228881836,14.369999885559082,14.010000228881836,14.15999984741211,10.384033203125,51880900,0.0,0.0
2021-10-04,14.270000457763672,14.789999961853027,14.220000267028809,14.350000381469727,10.523365020751953,78332500,0.0,0.0
2021-10-05,14.4399995803833,14.4399995803833,14.109999656677246,14.289999961853027,10.4793701171875,55915800,0.0,0.0
2021-10-06,14.140000343322754,14.34000015258789,13.890000343322754,14.119999885559082,10.354701042175293,61020300,0.0,0.0
2021-10-07,14.34000015258789,14.949999809265137,14.3100004196167,14.890000343322754,10.919367790222168,96557500,0.0,0.0
2021-10-08,14.920000076293945,15.489999771118164,14.850000381469727,15.119999885559082,11.08803653717041,99468900,0.0,0.0
2021-10-11,15.199999809265137,15.359999656677246,14.970000267028809,15.09000015258789,11.066034317016602,45302300,0.0,0.0
2021-10-12,15.109999656677246,15.680000305175781,15.010000228881836,15.640000343322754,11.469368934631348,89134000,0.0,0.0
2021-10-13,15.59000015258789,15.6899995803833,15.270000457763672,15.510000228881836,11.374039649963379,63363500,0.0,0.0
2021-10-14,15.619999885559082,15.619999885559082,15.369999885559082,15.449999809265137,11.330036163330078,50875100,0.0,0.0
2021-10-15,15.539999961853027,16.030000686645508,15.539999961853027,15.699999809265137,11.513370513916016,77211800,0.0,0.0
2021-10-18,15.569999694824219,15.649999618530273,15.489999771118164,15.5600004196167,11.410703659057617,48643800,0.0,0.0
2021-10-19,15.600000381469727,15.6899995803833,15.369999885559082,15.420000076293945,11.308038711547852,44668300,0.0,0.0
2021-10-20,15.430000305175781,16.15999984741211,15.369999885559082,16.040000915527344,11.76270580291748,105213700,0.0,0.0
2021-10-21,16.15999984741211,16.700000762939453,16.1299991607666,16.549999237060547,12.136704444885254,95855000,0.0,0.0
2021-10-22,16.420000076293945,16.540000915527344,16.229999542236328,16.280000686645508,11.938704490661621,60646800,0.0,0.0
2021-10-25,16.399999618530273,16.5,15.8100004196167,16.0,11.733372688293457,67808000,0.0,0.0
2021-10-26,16.09000015258789,16.219999313354492,15.699999809265137,15.9399995803833,11.689372062683105,64882300,0.0,0.0
2021-10-27,15.789999961853027,15.920000076293945,15.5,15.510000228881836,11.374039649963379,96094300,0.0,0.0
2021-10-28,16.860000610351562,17.579999923706055,16.709999084472656,16.860000610351562,12.364041328430176,215237600,0.0,0.0
2021-10-29,16.860000610351562,17.360000610351562,16.549999237060547,17.079999923706055,12.525375366210938,100560700,0.0,0.0
2021-11-01,17.5,17.969999313354492,17.06999969482422,17.950000762939453,13.163376808166504,125246500,0.0,0.0
2021-11-02,18.149999618530273,18.190000534057617,17.729999542236328,18.010000228881836,13.207378387451172,115146200,0.0,0.0
2021-11-03,17.920000076293945,18.829999923706055,17.8799991607666,18.6299991607666,13.6620454788208,104755500,0.0,0.0
2021-11-04,18.920000076293945,19.5,18.719999313354492,19.420000076293945,14.24138069152832,157505500,0.0,0.0
2021-11-05,19.709999084472656,19.719999313354492,18.989999771118164,19.290000915527344,14.146045684814453,122232200,0.0,0.0
2021-11-08,19.399999618530273,20.420000076293945,19.239999771118164,20.149999618530273,14.776715278625488,153490400,0.0,0.0
2021-11-09,20.510000228881836,20.510000228881836,19.40999984741211,20.1200008392334,14.754714965820312,164928500,0.0,0.0
2021-11-10,19.8799991607666,20.469999313354492,19.059999465942383,19.360000610351562,14.197381973266602,229109600,0.0,0.0
2021-11-11,19.639999389648438,19.84000015258789,19.260000228881836,19.549999237060547,14.336714744567871,96436500,0.0,0.0
2021-11-12,19.3799991607666,19.6200008392334,19.209999084472656,19.5,14.300049781799316,77837900,0.0,0.0
2021-11-15,19.459999084472656,19.950000762939453,19.139999389648438,19.860000610351562,14.564046859741211,84838600,0.0,0.0
2021-11-16,19.899999618530273,20.059999465942383,19.530000686645508,19.790000915527344,14.512717247009277,66557200,0.0,0.0
2021-11-17,19.739999771118164,20.010000228881836,19.440000534057617,19.959999084472656,14.637384414672852,80855200,0.0,0.0
2021-11-18,20.15999984741211,20.260000228881836,19.360000610351562,19.559999465942383,14.416274070739746,111368800,0.1,0.0
2021-11-19,19.639999389648438,19.670000076293945,19.239999771118164,19.389999389648438,14.290977478027344,64610400,0.0,0.0
2021-11-22,19.389999389648438,20.790000915527344,19.309999465942383,20.479999542236328,15.094341278076172,137861700,0.0,0.0
2021-11-23,20.43000030517578,20.530000686645508,19.969999313354492,20.200000762939453,14.887974739074707,90984500,0.0,0.0
2021-11-24,19.969999313354492,20.34000015258789,19.780000686645508,20.25,14.924820899963379,77324300,0.0,0.0
2021-11-26,19.65999984741211,19.84000015258789,19.469999313354492,19.75,14.556306838989258,49434000,0.0,0.0
2021-11-29,20.06999969482422,20.190000534057617,19.489999771118164,19.670000076293945,14.497345924377441,68778700,0.0,0.0
2021-11-30,19.6200008392334,19.950000762939453,19.030000686645508,19.190000534057617,14.143573760986328,103238400,0.0,0.0
2021-12-01,19.6299991607666,20.469999313354492,19.530000686645508,19.579999923706055,14.431014060974121,125295600,0.0,0.0
2021-12-02,19.5,20.110000610351562,19.280000686645508,19.8700008392334,14.644750595092773,94142300,0.0,0.0
2021-12-03,20.3700008392334,20.399999618530273,18.93000030517578,19.139999389648438,14.106722831726074,120275200,0.0,0.0
2021-12-06,19.229999542236328,19.489999771118164,18.610000610351562,19.219999313354492,14.165682792663574,88147400,0.0,0.0
2021-12-07,19.649999618530273,20.059999465942383,19.520000457763672,19.959999084472656,14.711088180541992,75885600,0.0,0.0
2021-12-08,20.18000030517578,20.190000534057617,19.75,19.809999465942383,14.600528717041016,63246800,0.0,0.0
2021-12-09,19.760000228881836,19.93000030517578,19.540000915527344,19.56999969482422,14.423640251159668,63357600,0.0,0.0
2021-12-10,19.770000457763672,21.489999771118164,19.760000228881836,21.450000762939453,15.809260368347168,169657200,0.0,0.0
2021-12-13,21.239999771118164,21.299999237060547,20.1299991607666,20.43000030517578,15.057491302490234,126632300,0.0,0.0
2021-12-14,19.799999237060547,20.18000030517578,19.3799991607666,20.049999237060547,14.777419090270996,124559700,0.0,0.0
2021-12-15,19.989999771118164,20.329999923706055,19.549999237060547,20.190000534057617,14.88060188293457,79679700,0.0,0.0
2021-12-16,20.56999969482422,21.100000381469727,20.260000228881836,20.350000381469727,14.998525619506836,107020900,0.0,0.0
2021-12-17,20.030000686645508,20.239999771118164,19.600000381469727,19.770000457763672,14.571054458618164,98710700,0.0,0.0
2021-12-20,19.459999084472656,19.6200008392334,19.049999237060547,19.420000076293945,14.313089370727539,74565600,0.0,0.0
2021-12-21,19.75,19.790000915527344,19.329999923706055,19.610000610351562,14.45312213897705,58930900,0.0,0.0
2021-12-22,19.639999389648438,20.34000015258789,19.639999389648438,20.139999389648438,14.843748092651367,75806400,0.0,0.0
2021-12-23,20.079999923706055,20.40999984741211,20.0,20.25,14.924820899963379,50610500,0.0,0.0
2021-12-27,20.260000228881836,20.889999389648438,20.100000381469727,20.799999237060547,15.330184936523438,59651800,0.0,0.0
2021-12-28,20.65999984741211,21.059999465942383,20.59000015258789,20.760000228881836,15.300707817077637,53020500,0.0,0.0
2021-12-29,20.709999084472656,20.770000457763672,20.450000762939453,20.559999465942383,15.153300285339355,37883000,0.0,0.0
2021-12-30,20.59000015258789,20.959999084472656,20.469999313354492,20.469999313354492,15.086968421936035,51470100,0.0,0.0
2021-12-31,20.459999084472656,21.010000228881836,20.459999084472656,20.770000457763672,15.30807876586914,51899600,0.0,0.0
2022-01-03,21.270000457763672,21.8799991607666,21.059999465942383,21.770000457763672,16.045106887817383,110449000,0.0,0.0
2022-01-04,22.520000457763672,24.559999465942383,22.420000076293945,24.309999465942383,17.917156219482422,311645200,0.0,0.0
2022-01-05,24.059999465942383,24.950000762939453,23.469999313354492,23.65999984741211,17.438087463378906,253540000,0.0,0.0
2022-01-06,24.09000015258789,24.6200008392334,23.360000610351562,24.459999084472656,18.0277099609375,155058800,0.0,0.0
2022-01-07,24.670000076293945,24.90999984741211,24.040000915527344,24.440000534057617,18.01297378540039,127017500,0.0,0.0
2022-01-10,24.100000381469727,24.440000534057617,23.350000381469727,23.850000381469727,17.578126907348633,122800700,0.0,0.0
2022-01-11,23.780000686645508,24.350000381469727,23.280000686645508,24.350000381469727,17.946638107299805,106011600,0.0,0.0
2022-01-12,24.610000610351562,24.84000015258789,24.010000228881836,24.469999313354492,18.03508186340332,104050000,0.0,0.0
2022-01-13,24.639999389648438,25.8700008392334,24.3700008392334,25.020000457763672,18.440446853637695,185780500,0.0,0.0
2022-01-14,24.469999313354492,25.280000686645508,24.299999237060547,25.190000534057617,18.565746307373047,146012200,0.0,0.0
2022-01-18,24.8700008392334,25.1299991607666,24.299999237060547,24.3799991607666,17.968748092651367,110518100,0.0,0.0
2022-01-19,24.649999618530273,24.920000076293945,22.40999984741211,22.450000762939453,16.546283721923828,153198200,0.0,0.0
2022-01-20,21.8799991607666,22.8799991607666,21.56999969482422,21.649999618530273,15.956660270690918,152014100,0.0,0.0
2022-01-21,21.209999084472656,21.5,20.540000915527344,20.649999618530273,15.219635009765625,145532900,0.0,0.0
2022-01-24,19.93000030517578,20.469999313354492,18.799999237060547,20.389999389648438,15.02800464630127,186674000,0.0,0.0
2022-01-25,20.0,20.309999465942383,19.559999465942383,19.979999542236328,14.725822448730469,116775800,0.0,0.0
2022-01-26,21.010000228881836,21.040000915527344,19.56999969482422,19.90999984741211,14.674234390258789,135786400,0.0,0.0
2022-01-27,20.309999465942383,20.649999618530273,19.40999984741211,19.549999237060547,14.408902168273926,105674400,0.0,0.0
2022-01-28,19.31999969482422,19.549999237060547,18.920000076293945,19.540000915527344,14.475577354431152,87677100,0.1,0.0
2022-01-31,19.579999923706055,20.329999923706055,19.3700008392334,20.299999237060547,15.03859806060791,91361900,0.0,0.0
2022-02-01,20.610000610351562,20.850000381469727,19.920000076293945,20.65999984741211,15.305292129516602,117651800,0.0,0.0
2022-02-02,20.809999465942383,21.049999237060547,20.18000030517578,20.6299991607666,15.283064842224121,95377600,0.0,0.0
2022-02-03,20.170000076293945,20.6200008392334,19.8700008392334,19.889999389648438,14.73486042022705,103016000,0.0,0.0
2022-02-04,18.520000457763672,18.59000015258789,17.520000457763672,17.959999084472656,13.305083274841309,211100500,0.0,0.0
2022-02-07,17.729999542236328,18.1200008392334,17.700000762939453,17.889999389648438,13.253226280212402,84610000,0.0,0.0
2022-02-08,17.579999923706055,17.90999984741211,17.020000457763672,17.719999313354492,13.127286911010742,142694300,0.0,0.0
2022-02-09,18.270000457763672,18.43000030517578,18.030000686645508,18.350000381469727,13.594003677368164,87118600,0.0,0.0
2022-02-10,17.969999313354492,18.6299991607666,17.920000076293945,18.079999923706055,13.393982887268066,76195300,0.0,0.0
2022-02-11,18.100000381469727,18.360000610351562,17.420000076293945,17.549999237060547,13.001349449157715,94534100,0.0,0.0
2022-02-14,17.510000228881836,17.729999542236328,17.290000915527344,17.459999084472656,12.934675216674805,78625000,0.0,0.0
2022-02-15,17.799999237060547,18.1299991607666,17.719999313354492,18.079999923706055,13.393982887268066,65883300,0.0,0.0
2022-02-16,17.889999389648438,18.209999084472656,17.739999771118164,18.010000228881836,13.342123985290527,57442100,0.0,0.0
2022-02-17,17.860000610351562,17.940000534057617,17.5,17.540000915527344,12.993941307067871,55368600,0.0,0.0
2022-02-18,17.600000381469727,18.479999542236328,17.56999969482422,18.040000915527344,13.364348411560059,106404200,0.0,0.0
2022-02-22,17.670000076293945,17.760000228881836,17.06999969482422,17.290000915527344,12.808735847473145,98550700,0.0,0.0
2022-02-23,17.5,17.729999542236328,16.8799991607666,16.950000762939453,12.556859016418457,79855400,0.0,0.0
2022-02-24,15.989999771118164,17.190000534057617,15.960000038146973,17.149999618530273,12.705020904541016,110443900,0.0,0.0
2022-02-25,17.25,17.899999618530273,17.1200008392334,17.829999923706055,13.208778381347656,78888000,0.0,0.0
2022-02-28,17.34000015258789,17.68000030517578,17.209999084472656,17.559999465942383,13.008756637573242,82367800,0.0,0.0
2022-03-01,17.40999984741211,17.40999984741211,16.450000762939453,16.700000762939453,12.371654510498047,94819500,0.0,0.0
2022-03-02,17.5,18.25,17.299999237060547,18.100000381469727,13.408799171447754,138638200,0.0,0.0
2022-03-03,18.25,18.25,17.440000534057617,17.600000381469727,13.038390159606934,95395500,0.0,0.0
2022-03-04,17.350000381469727,17.389999389648438,16.639999389648438,16.850000381469727,12.482776641845703,91304000,0.0,0.0
2022-03-07,16.84000015258789,16.899999618530273,15.970000267028809,15.970000267028809,11.830856323242188,87999200,0.0,0.0
2022-03-08,16.059999465942383,16.719999313354492,15.770000457763672,16.030000686645508,11.875306129455566,101020300,0.0,0.0
2022-03-09,16.649999618530273,16.829999923706055,16.280000686645508,16.3700008392334,12.12718391418457,62846700,0.0,0.0
2022-03-10,16.110000610351562,16.40999984741211,15.760000228881836,16.329999923706055,12.097550392150879,72992600,0.0,0.0
2022-03-11,16.399999618530273,16.479999542236328,16.010000228881836,16.040000915527344,11.88271427154541,54985900,0.0,0.0
2022-03-14,16.09000015258789,16.229999542236328,15.510000228881836,15.739999771118164,11.660469055175781,66341700,0.0,0.0
2022-03-15,15.770000457763672,16.139999389648438,15.529999732971191,16.059999465942383,11.897531509399414,65263700,0.0,0.0
2022-03-16,16.469999313354492,16.6299991607666,16.059999465942383,16.579999923706055,12.282755851745605,82677600,0.0,0.0
2022-03-17,16.229999542236328,16.579999923706055,16.15999984741211,16.579999923706055,12.282755851745605,58500200,0.0,0.0
2022-03-18,16.420000076293945,16.899999618530273,16.280000686645508,16.860000610351562,12.490185737609863,89144000,0.0,0.0
2022-03-21,16.8700008392334,17.110000610351562,16.329999923706055,16.479999542236328,12.208673477172852,72583600,0.0,0.0
2022-03-22,16.719999313354492,17.309999465942383,16.700000762939453,17.09000015258789,12.660572052001953,77647100,0.0,0.0
2022-03-23,16.81999969482422,17.049999237060547,16.56999969482422,16.68000030517578,12.35683822631836,63296800,0.0,0.0
2022-03-24,16.739999771118164,16.979999542236328,16.639999389648438,16.829999923706055,12.467961311340332,56314200,0.0,0.0
2022-03-25,16.739999771118164,16.780000686645508,16.34000015258789,16.469999313354492,12.201265335083008,62023100,0.0,0.0
2022-03-28,16.549999237060547,16.68000030517578,16.280000686645508,16.670000076293945,12.349431037902832,54634400,0.0,0.0
2022-03-29,17.010000228881836,17.799999237060547,17.010000228881836,17.75,13.149511337280273,90676900,0.0,0.0
2022-03-30,17.520000457763672,17.65999984741211,17.200000762939453,17.270000457763672,12.79392147064209,57853400,0.0,0.0
2022-03-31,17.200000762939453,17.350000381469727,16.5,16.90999984741211,12.527225494384766,52529400,0.0,0.0
2022-04-01,17.010000228881836,17.149999618530273,16.34000015258789,16.649999618530273,12.334612846374512,64695700,0.0,0.0
2022-04-04,16.65999984741211,16.729999542236328,16.360000610351562,16.65999984741211,12.342020988464355,51146500,0.0,0.0
2022-04-05,16.459999084472656,16.6200008392334,15.8100004196167,15.819999694824219,11.719736099243164,91708000,0.0,0.0
2022-04-06,15.600000381469727,15.800000190734863,15.180000305175781,15.390000343322754,11.401182174682617,102881600,0.0,0.0
2022-04-07,15.069999694824219,15.210000038146973,14.5600004196167,14.960000038146973,11.082632064819336,101229100,0.0,0.0
2022-04-08,14.9399995803833,15.4399995803833,14.8100004196167,15.050000190734863,11.14930534362793,75085800,0.0,0.0
2022-04-11,14.890000343322754,15.770000457763672,14.890000343322754,15.279999732971191,11.31969165802002,66117100,0.0,0.0
2022-04-12,15.5,15.720000267028809,15.279999732971191,15.359999656677246,11.378958702087402,49138700,0.0,0.0
2022-04-13,15.3100004196167,15.550000190734863,15.220000267028809,15.510000228881836,11.490081787109375,51871800,0.0,0.0
2022-04-14,15.5,15.760000228881836,15.460000038146973,15.479999542236328,11.467856407165527,39312900,0.0,0.0
2022-04-18,15.369999885559082,15.789999961853027,15.369999885559082,15.670000076293945,11.608613967895508,40205800,0.0,0.0
2022-04-19,15.739999771118164,16.229999542236328,15.739999771118164,16.149999618530273,11.964204788208008,55398300,0.0,0.0
2022-04-20,16.229999542236328,16.549999237060547,16.010000228881836,16.049999237060547,11.890122413635254,47351500,0.0,0.0
2022-04-21,16.479999542236328,16.56999969482422,15.609999656677246,15.699999809265137,11.630834579467773,49898500,0.0,0.0
2022-04-22,15.550000190734863,15.640000343322754,15.0,15.130000114440918,11.20857048034668,56193700,0.0,0.0
2022-04-25,14.90999984741211,15.199999809265137,14.619999885559082,15.1899995803833,11.327888488769531,58361400,0.1,0.0
2022-04-26,15.100000381469727,15.140000343322754,14.670000076293945,14.710000038146973,10.969929695129395,60345300,0.0,0.0
2022-04-27,14.789999961853027,15.100000381469727,14.600000381469727,14.850000381469727,11.074336051940918,65847900,0.0,0.0
2022-04-28,14.90999984741211,14.989999771118164,13.899999618530273,14.619999885559082,10.902813911437988,131556500,0.0,0.0
2022-04-29,14.59000015258789,14.970000267028809,14.100000381469727,14.15999984741211,10.559771537780762,83184900,0.0,0.0
2022-05-02,14.020000457763672,14.289999961853027,13.819999694824219,14.270000457763672,10.641802787780762,64734000,0.0,0.0
2022-05-03,14.3100004196167,14.75,14.199999809265137,14.5600004196167,10.858070373535156,55734200,0.0,0.0
2022-05-04,14.510000228881836,15.0,14.260000228881836,14.979999542236328,11.171281814575195,59774900,0.0,0.0
2022-05-05,14.819999694824219,14.819999694824219,14.34000015258789,14.529999732971191,10.83569622039795,57889200,0.0,0.0
2022-05-06,14.460000038146973,14.600000381469727,14.0,14.210000038146973,10.59705638885498,66622200,0.0,0.0
2022-05-09,13.850000381469727,14.170000076293945,13.3100004196167,13.369999885559082,9.970630645751953,71242000,0.0,0.0
2022-05-10,13.800000190734863,13.84000015258789,13.020000457763672,13.350000381469727,9.955718040466309,75506700,0.0,0.0
2022-05-11,13.199999809265137,13.619999885559082,12.789999961853027,12.829999923706055,9.5679292678833,71644900,0.0,0.0
2022-05-12,12.210000038146973,12.800000190734863,12.149999618530273,12.4399995803833,9.277085304260254,113203900,0.0,0.0
2022-05-13,12.880000114440918,13.630000114440918,12.869999885559082,13.5,10.067577362060547,78944200,0.0,0.0
2022-05-16,13.489999771118164,13.520000457763672,12.979999542236328,13.050000190734863,9.7319917678833,65055400,0.0,0.0
2022-05-17,13.34000015258789,13.529999732971191,13.15999984741211,13.529999732971191,10.089949607849121,50891400,0.0,0.0
2022-05-18,13.25,13.359999656677246,12.710000038146973,12.779999732971191,9.530638694763184,68362500,0.0,0.0
2022-05-19,12.640000343322754,13.119999885559082,12.630000114440918,12.850000381469727,9.582842826843262,58459600,0.0,0.0
2022-05-20,13.050000190734863,13.119999885559082,12.069999694824219,12.5,9.321831703186035,78183400,0.0,0.0
2022-05-23,12.640000343322754,12.949999809265137,12.5,12.829999923706055,9.5679292678833,51929600,0.0,0.0
2022-05-24,12.600000381469727,12.680000305175781,12.270000457763672,12.420000076293945,9.262170791625977,51082800,0.0,0.0
2022-05-25,12.329999923706055,12.8100004196167,12.319999694824219,12.710000038146973,9.478439331054688,41193100,0.0,0.0
2022-05-26,12.800000190734863,13.199999809265137,12.789999961853027,13.119999885559082,9.784194946289062,45709200,0.0,0.0
2022-05-27,13.260000228881836,13.630000114440918,13.239999771118164,13.630000114440918,10.164525985717773,54195700,0.0,0.0
2022-05-31,13.680000305175781,13.819999694824219,13.350000381469727,13.680000305175781,10.201813697814941,79689900,0.0,0.0
2022-06-01,13.880000114440918,13.970000267028809,13.399999618530273,13.550000190734863,10.104866027832031,50726200,0.0,0.0
2022-06-02,13.640000343322754,13.960000038146973,13.600000381469727,13.890000343322754,10.358420372009277,42979700,0.0,0.0
2022-06-03,13.630000114440918,13.779999732971191,13.359999656677246,13.5,10.067577362060547,43625200,0.0,0.0
2022-06-06,13.739999771118164,13.739999771118164,13.380000114440918,13.460000038146973,10.037747383117676,37711100,0.0,0.0
2022-06-07,13.260000228881836,13.770000457763672,13.1899995803833,13.739999771118164,10.246557235717773,38940300,0.0,0.0
2022-06-08,13.630000114440918,13.850000381469727,13.4399995803833,13.529999732971191,10.089949607849121,39441900,0.0,0.0
2022-06-09,13.510000228881836,13.59000015258789,13.279999732971191,13.279999732971191,9.903512001037598,30468000,0.0,0.0
2022-06-10,13.0,13.210000038146973,12.630000114440918,12.75,9.508268356323242,55644400,0.0,0.0
2022-06-13,12.300000190734863,12.380000114440918,11.739999771118164,11.8100004196167,8.807267189025879,80676300,0.0,0.0
2022-06-14,11.989999771118164,12.420000076293945,11.90999984741211,12.199999809265137,9.098108291625977,82369300,0.0,0.0
2022-06-15,12.220000267028809,12.420000076293945,12.0,12.270000457763672,9.150309562683105,70393200,0.0,0.0
2022-06-16,11.800000190734863,11.90999984741211,11.119999885559082,11.25,8.389649391174316,80380100,0.0,0.0
2022-06-17,11.239999771118164,11.4399995803833,10.899999618530273,11.229999542236328,8.37473201751709,80248800,0.0,0.0
2022-06-21,11.550000190734863,11.65999984741211,11.350000381469727,11.460000038146973,8.546257019042969,66283400,0.0,0.0
2022-06-22,11.260000228881836,11.680000305175781,11.210000038146973,11.479999542236328,8.561169624328613,46098900,0.0,0.0
2022-06-23,11.5,11.579999923706055,11.25,11.5600004196167,8.620830535888672,53655000,0.0,0.0
2022-06-24,11.649999618530273,12.119999885559082,11.569999694824219,12.010000228881836,8.956416130065918,55457600,0.0,0.0
2022-06-27,12.119999885559082,12.180000305175781,11.899999618530273,12.039999961853027,8.978788375854492,44009900,0.0,0.0
2022-06-28,12.140000343322754,12.4399995803833,11.800000190734863,11.8100004196167,8.807267189025879,45866900,0.0,0.0
2022-06-29,11.739999771118164,11.760000228881836,11.380000114440918,11.520000457763672,8.591001510620117,39474200,0.0,0.0
2022-06-30,11.239999771118164,11.359999656677246,10.930000305175781,11.130000114440918,8.300158500671387,59238200,0.0,0.0
2022-07-01,11.100000381469727,11.5,10.989999771118164,11.319999694824219,8.441851615905762,54356000,0.0,0.0
2022-07-05,11.050000190734863,11.210000038146973,10.609999656677246,11.199999809265137,8.352360725402832,87269800,0.0,0.0
2022-07-06,11.149999618530273,11.270000457763672,10.84000015258789,11.0600004196167,8.247956275939941,71282900,0.0,0.0
2022-07-07,11.329999923706055,11.720000267028809,11.329999923706055,11.649999618530273,8.687947273254395,63000400,0.0,0.0
2022-07-08,11.649999618530273,11.779999732971191,11.479999542236328,11.619999885559082,8.665575981140137,55235600,0.0,0.0
2022-07-11,11.539999961853027,11.65999984741211,11.270000457763672,11.289999961853027,8.419478416442871,48833600,0.0,0.0
2022-07-12,11.289999961853027,11.720000267028809,11.270000457763672,11.5600004196167,8.620830535888672,58414500,0.0,0.0
2022-07-13,11.3100004196167,11.579999923706055,11.170000076293945,11.510000228881836,8.58354377746582,48274300,0.0,0.0
2022-07-14,11.220000267028809,11.399999618530273,11.140000343322754,11.390000343322754,8.49405288696289,48176300,0.0,0.0
2022-07-15,11.579999923706055,11.899999618530273,11.489999771118164,11.880000114440918,8.85947036743164,49306900,0.0,0.0
2022-07-18,12.149999618530273,12.25,11.899999618530273,11.960000038146973,8.919129371643066,45873400,0.0,0.0
2022-07-19,12.220000267028809,12.6899995803833,12.210000038146973,12.59000015258789,9.388949394226074,62650800,0.0,0.0
2022-07-20,12.600000381469727,12.819999694824219,12.510000228881836,12.729999542236328,9.493352890014648,51932200,0.0,0.0
2022-07-21,12.880000114440918,13.0,12.630000114440918,13.0,9.694704055786133,66949200,0.0,0.0
2022-07-22,13.100000381469727,13.140000343322754,12.720000267028809,12.819999694824219,9.560470581054688,46724700,0.0,0.0
2022-07-25,12.850000381469727,12.989999771118164,12.600000381469727,12.84000015258789,9.575385093688965,36830500,0.0,0.0
2022-07-26,12.680000305175781,12.760000228881836,12.460000038146973,12.539999961853027,9.35166072845459,49272300,0.0,0.0
2022-07-27,12.75,13.1899995803833,12.630000114440918,13.1899995803833,9.836398124694824,64572300,0.0,0.0
2022-07-28,13.9399995803833,14.09000015258789,13.380000114440918,14.0,10.440452575683594,144096500,0.0,0.0
2022-07-29,14.109999656677246,14.789999961853027,14.010000228881836,14.6899995803833,10.955016136169434,94551600,0.0,0.0
2022-08-01,14.65999984741211,15.430000305175781,14.550000190734863,15.34000015258789,11.439754486083984,109521700,0.0,0.0
2022-08-02,15.199999809265137,15.449999809265137,15.119999885559082,15.15999984741211,11.305517196655273,74626800,0.0,0.0
2022-08-03,15.479999542236328,16.149999618530273,15.460000038146973,15.6899995803833,11.700761795043945,95846000,0.0,0.0
2022-08-04,15.649999618530273,15.670000076293945,15.3100004196167,15.369999885559082,11.462122917175293,85039800,0.0,0.0
2022-08-05,15.229999542236328,15.470000267028809,15.130000114440918,15.300000190734863,11.40992259979248,68093500,0.0,0.0
2022-08-08,15.569999694824219,16.040000915527344,15.550000190734863,15.779999732971191,11.767877578735352,75988100,0.0,0.0
2022-08-09,15.65999984741211,15.699999809265137,15.149999618530273,15.1899995803833,11.327888488769531,67676800,0.0,0.0
2022-08-10,15.470000267028809,15.579999923706055,15.229999542236328,15.5,11.674354553222656,71607000,0.15,0.0
2022-08-11,15.800000190734863,15.920000076293945,15.609999656677246,15.829999923706055,11.922905921936035,61567000,0.0,0.0
2022-08-12,15.949999809265137,16.219999313354492,15.84000015258789,16.18000030517578,12.186519622802734,53182500,0.0,0.0
2022-08-15,16.0,16.450000762939453,15.9399995803833,16.31999969482422,12.291964530944824,51779600,0.0,0.0
2022-08-16,16.299999237060547,16.68000030517578,16.260000228881836,16.43000030517578,12.374814987182617,54028900,0.0,0.0
2022-08-17,16.15999984741211,16.270000457763672,15.899999618530273,16.030000686645508,12.073539733886719,57118300,0.0,0.0
2022-08-18,15.989999771118164,16.209999084472656,15.859999656677246,16.149999618530273,12.163922309875488,39414200,0.0,0.0
2022-08-19,15.949999809265137,16.139999389648438,15.770000457763672,15.880000114440918,11.960565567016602,48597200,0.0,0.0
2022-08-22,15.079999923706055,15.210000038146973,14.90999984741211,15.079999923706055,11.35801887512207,71321800,0.0,0.0
2022-08-23,15.09000015258789,15.420000076293945,15.09000015258789,15.319999694824219,11.53878116607666,51289000,0.0,0.0
2022-08-24,15.319999694824219,15.65999984741211,15.239999771118164,15.520000457763672,11.689417839050293,39508700,0.0,0.0
2022-08-25,15.600000381469727,16.040000915527344,15.579999923706055,15.930000305175781,11.998223304748535,56401300,0.0,0.0
2022-08-26,16.010000228881836,16.09000015258789,15.40999984741211,15.40999984741211,11.606568336486816,54517300,0.0,0.0
2022-08-29,15.199999809265137,15.710000038146973,15.1899995803833,15.569999694824219,11.727076530456543,50416500,0.0,0.0
2022-08-30,15.699999809265137,15.800000190734863,15.170000076293945,15.449999809265137,11.636693954467773,66034400,0.0,0.0
2022-08-31,15.520000457763672,15.520000457763672,15.239999771118164,15.239999771118164,11.478528022766113,52058200,0.0,0.0
2022-09-01,15.100000381469727,15.220000267028809,14.779999732971191,15.1899995803833,11.44086742401123,65299800,0.0,0.0
2022-09-02,15.529999732971191,15.569999694824219,15.0600004196167,15.15999984741211,11.4182710647583,64565400,0.0,0.0
2022-09-06,15.220000267028809,15.239999771118164,14.84000015258789,15.029999732971191,11.320359230041504,58676700,0.0,0.0
2022-09-07,14.90999984741211,15.489999771118164,14.789999961853027,15.430000305175781,11.62163257598877,55087200,0.0,0.0
2022-09-08,15.15999984741211,15.479999542236328,15.020000457763672,15.470000267028809,11.65176010131836,60075900,0.0,0.0
2022-09-09,15.600000381469727,15.699999809265137,15.319999694824219,15.420000076293945,11.614099502563477,63328600,0.0,0.0
2022-09-12,15.550000190734863,15.739999771118164,15.449999809265137,15.539999961853027,11.704483985900879,52656500,0.0,0.0
2022-09-13,15.0,15.130000114440918,14.699999809265137,14.739999771118164,11.101935386657715,80842500,0.0,0.0
2022-09-14,14.760000228881836,14.850000381469727,14.449999809265137,14.65999984741211,11.041681289672852,59571800,0.0,0.0
2022-09-15,14.6899995803833,15.210000038146973,14.680000305175781,14.890000343322754,11.214912414550781,61377000,0.0,0.0
2022-09-16,14.619999885559082,14.739999771118164,14.470000267028809,14.720000267028809,11.086869239807129,68454800,0.0,0.0
2022-09-19,14.5,14.960000038146973,14.489999771118164,14.930000305175781,11.245040893554688,48696200,0.0,0.0
2022-09-20,14.09000015258789,14.229999542236328,13.010000228881836,13.09000015258789,9.85918140411377,196340000,0.0,0.0
2022-09-21,13.239999771118164,13.59000015258789,13.050000190734863,13.050000190734863,9.82905387878418,94271600,0.0,0.0
2022-09-22,13.119999885559082,13.239999771118164,12.75,12.770000457763672,9.618162155151367,82004400,0.0,0.0
2022-09-23,12.329999923706055,12.4399995803833,11.949999809265137,12.3100004196167,9.271696090698242,104043700,0.0,0.0
2022-09-26,12.210000038146973,12.380000114440918,11.930000305175781,11.989999771118164,9.030678749084473,89300400,0.0,0.0
2022-09-27,12.210000038146973,12.220000267028809,11.65999984741211,11.90999984741211,8.970423698425293,87044400,0.0,0.0
2022-09-28,11.90999984741211,12.239999771118164,11.760000228881836,12.180000305175781,9.173783302307129,72701600,0.0,0.0
2022-09-29,11.850000381469727,11.880000114440918,11.359999656677246,11.470000267028809,8.639022827148438,84534900,0.0,0.0
2022-09-30,11.390000343322754,11.529999732971191,11.1899995803833,11.199999809265137,8.435662269592285,71688200,0.0,0.0
2022-10-03,11.380000114440918,11.59000015258789,11.130000114440918,11.470000267028809,8.639022827148438,66198300,0.0,0.0
2022-10-04,11.960000038146973,12.369999885559082,11.9399995803833,12.359999656677246,9.309355735778809,87629200,0.0,0.0
2022-10-05,12.380000114440918,12.5600004196167,12.130000114440918,12.510000228881836,9.422332763671875,87919100,0.0,0.0
2022-10-06,12.359999656677246,12.630000114440918,12.1899995803833,12.359999656677246,9.309355735778809,64531900,0.0,0.0
2022-10-07,12.180000305175781,12.300000190734863,12.0,12.199999809265137,9.188849449157715,56494500,0.0,0.0
2022-10-10,11.470000267028809,11.550000190734863,11.199999809265137,11.359999656677246,8.556171417236328,115548900,0.0,0.0
2022-10-11,11.300000190734863,11.869999885559082,11.180000305175781,11.5600004196167,8.706807136535645,75173200,0.0,0.0
2022-10-12,11.479999542236328,11.699999809265137,11.350000381469727,11.539999961853027,8.691746711730957,59628500,0.0,0.0
2022-10-13,11.239999771118164,11.890000343322754,11.199999809265137,11.770000457763672,8.864977836608887,70487400,0.0,0.0
2022-10-14,11.800000190734863,11.850000381469727,11.5600004196167,11.670000076293945,8.789658546447754,55127700,0.0,0.0
2022-10-17,11.979999542236328,11.989999771118164,11.65999984741211,11.829999923706055,8.91016960144043,59561700,0.0,0.0
2022-10-18,12.220000267028809,12.25,11.90999984741211,12.029999732971191,9.060805320739746,53603400,0.0,0.0
2022-10-19,11.90999984741211,12.140000343322754,11.859999656677246,12.130000114440918,9.136124610900879,54130000,0.0,0.0
2022-10-20,12.130000114440918,12.199999809265137,11.729999542236328,11.770000457763672,8.864977836608887,55568100,0.0,0.0
2022-10-21,11.739999771118164,12.25,11.680000305175781,12.1899995803833,9.181315422058105,55132700,0.0,0.0
2022-10-24,12.300000190734863,12.649999618530273,12.180000305175781,12.479999542236328,9.399740219116211,64717700,0.0,0.0
2022-10-25,12.579999923706055,13.029999732971191,12.460000038146973,12.829999923706055,9.663352966308594,66391600,0.0,0.0
2022-10-26,12.800000190734863,13.0600004196167,12.520000457763672,12.819999694824219,9.655820846557617,86833600,0.0,0.0
2022-10-27,12.770000457763672,13.220000267028809,12.420000076293945,13.0,9.791394233703613,88421500,0.0,0.0
2022-10-28,13.0,13.3100004196167,12.970000267028809,13.260000228881836,9.987222671508789,55777900,0.0,0.0
2022-10-31,13.149999618530273,13.510000228881836,13.140000343322754,13.369999885559082,10.070072174072266,54676700,0.0,0.0
2022-11-01,13.569999694824219,13.649999618530273,13.15999984741211,13.399999618530273,10.092666625976562,47454700,0.0,0.0
2022-11-02,13.220000267028809,13.670000076293945,13.0600004196167,13.0600004196167,9.836585998535156,73673500,0.0,0.0
2022-11-03,12.8100004196167,13.460000038146973,12.770000457763672,13.260000228881836,9.987222671508789,58782600,0.0,0.0
2022-11-04,13.569999694824219,13.770000457763672,13.270000457763672,13.510000228881836,10.175518989562988,61489100,0.0,0.0
2022-11-07,13.609999656677246,13.760000228881836,13.369999885559082,13.699999809265137,10.318623542785645,48176900,0.0,0.0
2022-11-08,13.779999732971191,13.800000190734863,13.510000228881836,13.720000267028809,10.333688735961914,52731900,0.0,0.0
2022-11-09,13.569999694824219,13.699999809265137,13.279999732971191,13.3100004196167,10.024882316589355,74199200,0.0,0.0
2022-11-10,13.6899995803833,14.359999656677246,13.670000076293945,14.180000305175781,10.680154800415039,75638500,0.0,0.0
2022-11-11,14.260000228881836,14.670000076293945,14.199999809265137,14.5,10.921170234680176,60187600,0.0,0.0
2022-11-14,14.229999542236328,14.350000381469727,14.0600004196167,14.0600004196167,10.700464248657227,57691600,0.15,0.0
2022-11-15,14.289999961853027,14.579999923706055,14.199999809265137,14.300000190734863,10.883118629455566,61835700,0.0,0.0
2022-11-16,14.100000381469727,14.170000076293945,13.84000015258789,13.899999618530273,10.578696250915527,47484200,0.0,0.0
2022-11-17,13.65999984741211,13.90999984741211,13.550000190734863,13.90999984741211,10.586304664611816,54317900,0.0,0.0
2022-11-18,14.079999923706055,14.130000114440918,13.819999694824219,13.989999771118164,10.64719009399414,37101900,0.0,0.0
2022-11-21,13.859999656677246,14.039999961853027,13.65999984741211,13.949999809265137,10.61674690246582,34087100,0.0,0.0
2022-11-22,14.050000190734863,14.149999618530273,13.979999542236328,14.069999694824219,10.708073616027832,28738800,0.0,0.0
2022-11-23,14.0,14.0600004196167,13.850000381469727,14.029999732971191,10.677630424499512,25974200,0.0,0.0
2022-11-25,13.960000038146973,14.109999656677246,13.899999618530273,14.079999923706055,10.715683937072754,12980900,0.0,0.0
2022-11-28,13.9399995803833,13.960000038146973,13.699999809265137,13.729999542236328,10.44931411743164,35249700,0.0,0.0
2022-11-29,13.850000381469727,13.899999618530273,13.710000038146973,13.75,10.4645357131958,28380800,0.0,0.0
2022-11-30,13.779999732971191,13.949999809265137,13.449999809265137,13.899999618530273,10.578696250915527,61537300,0.0,0.0
2022-12-01,14.09000015258789,14.359999656677246,14.0,14.079999923706055,10.715683937072754,45335100,0.0,0.0
2022-12-02,13.84000015258789,13.970000267028809,13.75,13.859999656677246,10.548254013061523,42417400,0.0,0.0
2022-12-05,13.75,13.770000457763672,13.369999885559082,13.380000114440918,10.182945251464844,39714500,0.0,0.0
2022-12-06,13.420000076293945,13.569999694824219,13.0600004196167,13.279999732971191,10.10683822631836,39996000,0.0,0.0
2022-12-07,13.199999809265137,13.420000076293945,13.09000015258789,13.100000381469727,9.9698486328125,36609800,0.0,0.0
2022-12-08,13.199999809265137,13.260000228881836,13.069999694824219,13.119999885559082,9.985071182250977,32376300,0.0,0.0
2022-12-09,13.039999961853027,13.359999656677246,13.039999961853027,13.180000305175781,10.030734062194824,41553600,0.0,0.0
2022-12-12,13.199999809265137,13.470000267028809,13.100000381469727,13.460000038146973,10.243827819824219,35473800,0.0,0.0
2022-12-13,13.779999732971191,13.920000076293945,13.369999885559082,13.569999694824219,10.327544212341309,57872100,0.0,0.0
2022-12-14,13.569999694824219,13.779999732971191,13.359999656677246,13.479999542236328,10.259048461914062,51199900,0.0,0.0
2022-12-15,13.229999542236328,13.260000228881836,12.949999809265137,13.029999732971191,9.916573524475098,55725300,0.0,0.0
2022-12-16,12.770000457763672,12.819999694824219,12.079999923706055,12.119999885559082,9.22401237487793,118345700,0.0,0.0
2022-12-19,12.119999885559082,12.170000076293945,11.539999961853027,11.6899995803833,8.896758079528809,88062500,0.0,0.0
2022-12-20,11.649999618530273,11.680000305175781,11.119999885559082,11.470000267028809,8.729325294494629,82057900,0.0,0.0
2022-12-21,11.609999656677246,11.789999961853027,11.550000190734863,11.779999732971191,8.965252876281738,49256000,0.0,0.0
2022-12-22,11.539999961853027,11.539999961853027,11.100000381469727,11.3100004196167,8.607556343078613,75158700,0.0,0.0
2022-12-23,11.270000457763672,11.399999618530273,11.220000267028809,11.359999656677246,8.645609855651855,38200700,0.0,0.0
2022-12-27,11.279999732971191,11.390000343322754,11.130000114440918,11.199999809265137,8.523839950561523,44837400,0.0,0.0
2022-12-28,11.180000305175781,11.25,10.899999618530273,10.949999809265137,8.333576202392578,49375400,0.0,0.0
2022-12-29,11.079999923706055,11.550000190734863,11.050000190734863,11.539999961853027,8.782600402832031,53550300,0.0,0.0
2022-12-30,11.399999618530273,11.640000343322754,11.390000343322754,11.630000114440918,8.851096153259277,39232200,0.0,0.0
2023-01-03,11.819999694824219,11.920000076293945,11.569999694824219,11.680000305175781,8.88914680480957,45809000,0.0,0.0
2023-01-04,11.880000114440918,12.079999923706055,11.739999771118164,12.010000228881836,9.140298843383789,53429700,0.0,0.0
2023-01-05,12.109999656677246,12.380000114440918,11.880000114440918,12.25,9.322951316833496,50785600,0.0,0.0
2023-01-06,12.119999885559082,12.59000015258789,12.100000381469727,12.579999923706055,9.574098587036133,53089100,0.0,0.0
2023-01-09,12.739999771118164,12.930000305175781,12.550000190734863,12.6899995803833,9.657815933227539,50865500,0.0,0.0
2023-01-10,12.680000305175781,12.869999885559082,12.5,12.84000015258789,9.771974563598633,47065500,0.0,0.0
2023-01-11,12.930000305175781,13.260000228881836,12.890000343322754,13.220000267028809,10.061176300048828,51911600,0.0,0.0
2023-01-12,13.270000457763672,13.529999732971191,13.109999656677246,13.430000305175781,10.22099781036377,58113700,0.0,0.0
2023-01-13,12.630000114440918,12.819999694824219,12.470000267028809,12.720000267028809,9.680647850036621,96444000,0.0,0.0
2023-01-17,12.710000038146973,12.850000381469727,12.430000305175781,12.670000076293945,9.642594337463379,60774900,0.0,0.0
2023-01-18,12.789999961853027,12.850000381469727,12.399999618530273,12.40999984741211,9.444719314575195,48774400,0.0,0.0
2023-01-19,12.289999961853027,12.359999656677246,12.039999961853027,12.180000305175781,9.26967716217041,52918500,0.0,0.0
2023-01-20,12.210000038146973,12.420000076293945,12.079999923706055,12.399999618530273,9.437108039855957,44349200,0.0,0.0
2023-01-23,12.479999542236328,12.90999984741211,12.430000305175781,12.800000190734863,9.741531372070312,49688000,0.0,0.0
2023-01-24,12.680000305175781,12.899999618530273,12.619999885559082,12.739999771118164,9.695867538452148,41537400,0.0,0.0
2023-01-25,12.600000381469727,12.850000381469727,12.489999771118164,12.789999961853027,9.733920097351074,37739000,0.0,0.0
2023-01-26,12.989999771118164,13.069999694824219,12.710000038146973,12.920000076293945,9.832857131958008,48970900,0.0,0.0
2023-01-27,12.880000114440918,13.369999885559082,12.869999885559082,13.270000457763672,10.099228858947754,62114600,0.0,0.0
2023-01-30,13.010000228881836,13.199999809265137,12.859999656677246,12.890000343322754,9.810025215148926,64512600,0.0,0.0
2023-01-31,13.390000343322754,13.569999694824219,13.25,13.510000228881836,10.281883239746094,83093300,0.0,0.0
2023-02-01,13.520000457763672,13.989999771118164,13.489999771118164,13.789999961853027,10.494978904724121,70641000,0.0,0.0
2023-02-02,14.170000076293945,14.600000381469727,14.029999732971191,14.319999694824219,10.898337364196777,102579800,0.0,0.0
2023-02-03,13.050000190734863,13.609999656677246,12.779999732971191,13.229999542236328,10.068785667419434,165500200,0.0,0.0
2023-02-06,13.15999984741211,13.210000038146973,12.779999732971191,13.140000343322754,10.00029182434082,77262800,0.0,0.0
2023-02-07,13.079999923706055,13.510000228881836,12.979999542236328,13.449999809265137,10.23621940612793,70671100,0.0,0.0
2023-02-08,13.300000190734863,13.6899995803833,13.300000190734863,13.420000076293945,10.213386535644531,62028400,0.0,0.0
2023-02-09,13.65999984741211,13.930000305175781,13.399999618530273,13.489999771118164,10.266661643981934,78667100,0.0,0.0
2023-02-10,12.84000015258789,12.899999618530273,12.510000228881836,12.729999542236328,10.29902172088623,68205200,0.8,0.0
2023-02-13,12.710000038146973,13.100000381469727,12.699999809265137,13.09000015258789,10.590272903442383,64201900,0.0,0.0
2023-02-14,12.989999771118164,13.1899995803833,12.819999694824219,12.970000267028809,10.49319076538086,75352900,0.0,0.0
2023-02-15,12.75,12.9399995803833,12.600000381469727,12.930000305175781,10.46082878112793,65850000,0.0,0.0
2023-02-16,12.729999542236328,13.140000343322754,12.510000228881836,12.90999984741211,10.444649696350098,64145500,0.0,0.0
2023-02-17,12.819999694824219,12.9399995803833,12.649999618530273,12.890000343322754,10.428468704223633,54401000,0.0,0.0
2023-02-21,12.720000267028809,12.8100004196167,12.170000076293945,12.199999809265137,9.870233535766602,77724200,0.0,0.0
2023-02-22,12.239999771118164,12.3100004196167,12.140000343322754,12.210000038146973,9.878325462341309,52844700,0.0,0.0
2023-02-23,12.319999694824219,12.359999656677246,11.880000114440918,12.069999694824219,9.765058517456055,57952800,0.0,0.0
2023-02-24,11.819999694824219,11.979999542236328,11.75,11.880000114440918,9.611342430114746,50631600,0.0,0.0
2023-02-27,11.979999542236328,12.420000076293945,11.960000038146973,12.0600004196167,9.75696849822998,60378100,0.0,0.0
2023-02-28,12.069999694824219,12.180000305175781,12.010000228881836,12.069999694824219,9.765058517456055,59796800,0.0,0.0
2023-03-01,12.350000381469727,12.539999961853027,12.170000076293945,12.319999694824219,9.967318534851074,85328800,0.0,0.0
2023-03-02,12.380000114440918,12.550000190734863,12.229999542236328,12.550000190734863,10.153395652770996,78214100,0.0,0.0
2023-03-03,12.720000267028809,13.109999656677246,12.649999618530273,13.079999923706055,10.582184791564941,80080200,0.0,0.0
2023-03-06,13.079999923706055,13.180000305175781,12.930000305175781,12.979999542236328,10.501280784606934,50571200,0.0,0.0
2023-03-07,12.9399995803833,12.979999542236328,12.779999732971191,12.829999923706055,10.379926681518555,46540400,0.0,0.0
2023-03-08,12.779999732971191,13.010000228881836,12.710000038146973,12.979999542236328,10.501280784606934,46421000,0.0,0.0
2023-03-09,13.020000457763672,13.079999923706055,12.4399995803833,12.449999809265137,10.072492599487305,65423500,0.0,0.0
2023-03-10,12.430000305175781,12.510000228881836,12.0,12.100000381469727,9.789329528808594,73897400,0.0,0.0
2023-03-13,11.930000305175781,12.3100004196167,11.319999694824219,12.029999732971191,9.732696533203125,119167600,0.0,0.0
2023-03-14,12.210000038146973,12.3100004196167,11.770000457763672,11.930000305175781,9.651793479919434,93844200,0.0,0.0
2023-03-15,11.5,11.729999542236328,11.319999694824219,11.710000038146973,9.47380542755127,108909300,0.0,0.0
2023-03-16,11.529999732971191,11.890000343322754,11.420000076293945,11.819999694824219,9.562800407409668,74017200,0.0,0.0
2023-03-17,11.699999809265137,11.729999542236328,11.119999885559082,11.300000190734863,9.14210319519043,249885100,0.0,0.0
2023-03-20,11.329999923706055,11.479999542236328,11.149999618530273,11.180000305175781,9.045018196105957,74975100,0.0,0.0
2023-03-21,11.399999618530273,11.779999732971191,11.380000114440918,11.720000267028809,9.48189640045166,74794900,0.0,0.0
2023-03-22,11.760000228881836,11.9399995803833,11.470000267028809,11.479999542236328,9.287727355957031,69729100,0.0,0.0
2023-03-23,11.649999618530273,11.779999732971191,11.270000457763672,11.420000076293945,9.239188194274902,74225300,0.0,0.0
2023-03-24,11.319999694824219,11.510000228881836,11.180000305175781,11.510000228881836,9.31199836730957,72425300,0.0,0.0
2023-03-27,11.630000114440918,11.699999809265137,11.40999984741211,11.520000457763672,9.320090293884277,55941100,0.0,0.0
2023-03-28,11.550000190734863,11.649999618530273,11.460000038146973,11.600000381469727,9.384811401367188,41385900,0.0,0.0
2023-03-29,11.779999732971191,12.0600004196167,11.710000038146973,12.050000190734863,9.748878479003906,48655400,0.0,0.0
2023-03-30,12.279999732971191,12.390000343322754,12.199999809265137,12.289999961853027,9.943047523498535,57751300,0.0,0.0
2023-03-31,12.40999984741211,12.630000114440918,12.390000343322754,12.600000381469727,10.19384765625,66868200,0.0,0.0
2023-04-03,12.529999732971191,12.729999542236328,12.479999542236328,12.680000305175781,10.25856876373291,55956300,0.0,0.0
2023-04-04,12.770000457763672,12.850000381469727,12.510000228881836,12.720000267028809,10.290931701660156,54655700,0.0,0.0
2023-04-05,12.579999923706055,12.649999618530273,12.220000267028809,12.430000305175781,10.056310653686523,53332900,0.0,0.0
2023-04-06,12.420000076293945,12.479999542236328,12.289999961853027,12.329999923706055,9.975408554077148,36355800,0.0,0.0
2023-04-10,12.199999809265137,12.720000267028809,12.15999984741211,12.720000267028809,10.290931701660156,61326200,0.0,0.0
2023-04-11,12.789999961853027,13.069999694824219,12.789999961853027,12.869999885559082,10.412287712097168,63633600,0.0,0.0
2023-04-12,13.0600004196167,13.079999923706055,12.649999618530273,12.670000076293945,10.250481605529785,53845500,0.0,0.0
2023-04-13,12.640000343322754,12.640000343322754,12.220000267028809,12.460000038146973,10.080584526062012,75485700,0.0,0.0
2023-04-14,12.449999809265137,12.65999984741211,12.420000076293945,12.520000457763672,10.129125595092773,43542000,0.0,0.0
2023-04-17,12.5,12.680000305175781,12.460000038146973,12.680000305175781,10.25856876373291,40191100,0.0,0.0
2023-04-18,12.699999809265137,12.760000228881836,12.619999885559082,12.729999542236328,10.29902172088623,38865900,0.0,0.0
2023-04-19,12.600000381469727,12.600000381469727,12.170000076293945,12.220000267028809,9.886414527893066,69451800,0.0,0.0
2023-04-20,11.8100004196167,11.930000305175781,11.550000190734863,11.869999885559082,9.603252410888672,79563100,0.0,0.0
2023-04-21,11.899999618530273,11.920000076293945,11.65999984741211,11.8100004196167,9.55471134185791,46926500,0.0,0.0
2023-04-24,11.890000343322754,12.180000305175781,11.880000114440918,12.15999984741211,9.837872505187988,57794700,0.0,0.0
2023-04-25,11.970000267028809,11.979999542236328,11.699999809265137,11.770000457763672,9.641280174255371,63114700,0.15,0.0
2023-04-26,11.800000190734863,11.859999656677246,11.510000228881836,11.539999961853027,9.452876091003418,58105300,0.0,0.0
2023-04-27,11.609999656677246,11.710000038146973,11.4399995803833,11.609999656677246,9.510214805603027,53280300,0.0,0.0
2023-04-28,11.59000015258789,11.9399995803833,11.569999694824219,11.880000114440918,9.73138427734375,55045000,0.0,0.0
2023-05-01,12.010000228881836,12.289999961853027,11.989999771118164,12.0600004196167,9.878829956054688,59834200,0.0,0.0
2023-05-02,12.050000190734863,12.09000015258789,11.65999984741211,11.800000190734863,9.665850639343262,91090400,0.0,0.0
2023-05-03,11.739999771118164,12.09000015258789,11.729999542236328,11.789999961853027,9.657662391662598,94050700,0.0,0.0
2023-05-04,11.800000190734863,11.829999923706055,11.470000267028809,11.5600004196167,9.469260215759277,79792900,0.0,0.0
2023-05-05,11.789999961853027,12.039999961853027,11.720000267028809,11.989999771118164,9.821490287780762,64173300,0.0,0.0
2023-05-08,12.020000457763672,12.0600004196167,11.850000381469727,12.020000457763672,9.846063613891602,49943800,0.0,0.0
2023-05-09,11.890000343322754,11.930000305175781,11.779999732971191,11.859999656677246,9.715001106262207,42878300,0.0,0.0
2023-05-10,12.020000457763672,12.039999961853027,11.729999542236328,11.890000343322754,9.739577293395996,49193100,0.0,0.0
2023-05-11,11.829999923706055,11.880000114440918,11.760000228881836,11.869999885559082,9.72319221496582,43030800,0.0,0.0
2023-05-12,11.930000305175781,11.9399995803833,11.649999618530273,11.670000076293945,9.559366226196289,45155400,0.0,0.0
2023-05-15,11.699999809265137,11.720000267028809,11.59000015258789,11.640000343322754,9.5347900390625,53197000,0.0,0.0
2023-05-16,11.550000190734863,11.579999923706055,11.239999771118164,11.25,9.215326309204102,60514900,0.0,0.0
2023-05-17,11.350000381469727,11.640000343322754,11.319999694824219,11.5,9.420110702514648,50077500,0.0,0.0
2023-05-18,11.460000038146973,11.65999984741211,11.449999809265137,11.640000343322754,9.5347900390625,38181400,0.0,0.0
2023-05-19,11.65999984741211,11.770000457763672,11.539999961853027,11.649999618530273,9.542981147766113,43474200,0.0,0.0
2023-05-22,11.710000038146973,11.729999542236328,11.369999885559082,11.630000114440918,9.526598930358887,57417200,0.0,0.0
2023-05-23,11.529999732971191,11.90999984741211,11.529999732971191,11.729999542236328,9.608511924743652,56843800,0.0,0.0
2023-05-24,11.640000343322754,11.649999618530273,11.25,11.329999923706055,9.28085708618164,71391000,0.0,0.0
2023-05-25,11.329999923706055,11.520000457763672,11.329999923706055,11.380000114440918,9.321813583374023,51328900,0.0,0.0
2023-05-26,11.59000015258789,12.289999961853027,11.539999961853027,12.09000015258789,9.90340518951416,123257500,0.0,0.0
2023-05-30,12.649999618530273,12.779999732971191,12.510000228881836,12.59000015258789,10.312973022460938,86226900,0.0,0.0
2023-05-31,12.479999542236328,12.489999771118164,11.960000038146973,12.0,9.829680442810059,86275300,0.0,0.0
2023-06-01,12.069999694824219,12.180000305175781,11.84000015258789,12.109999656677246,9.919785499572754,64407800,0.0,0.0
2023-06-02,12.260000228881836,12.510000228881836,12.140000343322754,12.390000343322754,10.14914608001709,65261200,0.0,0.0
2023-06-05,12.65999984741211,12.680000305175781,12.5,12.59000015258789,10.312973022460938,49890200,0.0,0.0
2023-06-06,12.550000190734863,12.930000305175781,12.510000228881836,12.930000305175781,10.591480255126953,57258400,0.0,0.0
2023-06-07,13.020000457763672,13.600000381469727,12.979999542236328,13.59000015258789,11.132113456726074,99342000,0.0,0.0
2023-06-08,13.529999732971191,13.739999771118164,13.460000038146973,13.579999923706055,11.123923301696777,64254700,0.0,0.0
2023-06-09,13.829999923706055,14.029999732971191,13.699999809265137,13.739999771118164,11.254982948303223,70329500,0.0,0.0
2023-06-12,13.800000190734863,13.880000114440918,13.649999618530273,13.779999732971191,11.287749290466309,44584700,0.0,0.0
2023-06-13,13.899999618530273,14.170000076293945,13.890000343322754,14.130000114440918,11.574450492858887,61781100,0.0,0.0
2023-06-14,14.25,14.449999809265137,13.970000267028809,14.199999809265137,11.63178825378418,69748500,0.0,0.0
2023-06-15,14.119999885559082,14.5,14.119999885559082,14.449999809265137,11.83657455444336,61463400,0.0,0.0
2023-06-16,14.520000457763672,14.609999656677246,14.319999694824219,14.420000076293945,11.811999320983887,75398100,0.0,0.0
2023-06-20,14.300000190734863,14.420000076293945,13.979999542236328,14.220000267028809,11.648172378540039,56645800,0.0,0.0
2023-06-21,14.239999771118164,14.279999732971191,13.9399995803833,14.020000457763672,11.484345436096191,49984300,0.0,0.0
2023-06-22,13.90999984741211,14.300000190734863,13.890000343322754,14.1899995803833,11.62359619140625,46862500,0.0,0.0
2023-06-23,13.930000305175781,14.149999618530273,13.920000076293945,14.020000457763672,11.484345436096191,48260200,0.0,0.0
2023-06-26,14.010000228881836,14.229999542236328,13.989999771118164,14.109999656677246,11.558065414428711,44956300,0.0,0.0
2023-06-27,14.1899995803833,14.460000038146973,14.0600004196167,14.40999984741211,11.803810119628906,49813100,0.0,0.0
2023-06-28,14.390000343322754,14.789999961853027,14.369999885559082,14.789999961853027,12.115081787109375,58380800,0.0,0.0
2023-06-29,14.869999885559082,15.130000114440918,14.789999961853027,14.949999809265137,12.246146202087402,58488600,0.0,0.0
2023-06-30,15.050000190734863,15.229999542236328,14.960000038146973,15.130000114440918,12.393588066101074,54036900,0.0,0.0
2023-07-03,15.149999618530273,15.399999618530273,15.149999618530273,15.239999771118164,12.483695983886719,29412700,0.0,0.0
2023-07-05,15.210000038146973,15.420000076293945,15.119999885559082,15.350000381469727,12.573800086975098,52003900,0.0,0.0
2023-07-06,15.170000076293945,15.25,14.880000114440918,14.979999542236328,12.270716667175293,64841400,0.0,0.0
2023-07-07,14.989999771118164,15.239999771118164,14.9399995803833,14.979999542236328,12.270716667175293,53375500,0.0,0.0
2023-07-10,14.960000038146973,15.09000015258789,14.829999923706055,15.069999694824219,12.344441413879395,51882000,0.0,0.0
2023-07-11,15.069999694824219,15.25,14.970000267028809,15.229999542236328,12.475502967834473,45849700,0.0,0.0
2023-07-12,15.369999885559082,15.420000076293945,15.199999809265137,15.220000267028809,12.467312812805176,47636800,0.0,0.0
2023-07-13,15.270000457763672,15.279999732971191,15.079999923706055,15.1899995803833,12.44273567199707,49664300,0.0,0.0
2023-07-14,15.229999542236328,15.270000457763672,14.90999984741211,14.979999542236328,12.270716667175293,48747900,0.0,0.0
2023-07-17,14.579999923706055,14.630000114440918,14.09000015258789,14.09000015258789,11.541683197021484,99402100,0.0,0.0
2023-07-18,13.949999809265137,14.170000076293945,13.920000076293945,14.170000076293945,11.607213973999023,71710800,0.0,0.0
2023-07-19,14.140000343322754,14.260000228881836,14.0600004196167,14.100000381469727,11.549877166748047,58280800,0.0,0.0
2023-07-20,14.029999732971191,14.079999923706055,13.899999618530273,14.029999732971191,11.492535591125488,45952600,0.0,0.0
2023-07-21,14.130000114440918,14.15999984741211,13.75,13.930000305175781,11.410621643066406,57579800,0.0,0.0
2023-07-24,13.890000343322754,14.020000457763672,13.850000381469727,13.960000038146973,11.559670448303223,46687000,0.15,0.0
2023-07-25,13.859999656677246,13.859999656677246,13.5600004196167,13.579999923706055,11.245009422302246,58772700,0.0,0.0
2023-07-26,13.550000190734863,13.75,13.520000457763672,13.670000076293945,11.319535255432129,42019700,0.0,0.0
2023-07-27,13.829999923706055,13.979999542236328,13.699999809265137,13.729999542236328,11.369216918945312,67313500,0.0,0.0
2023-07-28,13.579999923706055,13.649999618530273,13.020000457763672,13.260000228881836,10.980031967163086,116696500,0.0,0.0
2023-07-31,13.010000228881836,13.220000267028809,12.90999984741211,13.210000038146973,10.938628196716309,64507700,0.0,0.0
2023-08-01,13.149999618530273,13.4399995803833,13.109999656677246,13.420000076293945,11.112520217895508,59129900,0.0,0.0
2023-08-02,13.199999809265137,13.229999542236328,12.979999542236328,13.039999961853027,10.797858238220215,57997400,0.0,0.0
2023-08-03,12.989999771118164,13.140000343322754,12.859999656677246,13.100000381469727,10.847542762756348,51996300,0.0,0.0
2023-08-04,13.100000381469727,13.100000381469727,12.800000190734863,12.890000343322754,10.673648834228516,48412900,0.0,0.0
2023-08-07,12.930000305175781,12.960000038146973,12.779999732971191,12.9399995803833,10.715052604675293,43929200,0.0,0.0
2023-08-08,12.770000457763672,12.899999618530273,12.699999809265137,12.880000114440918,10.665369987487793,45103800,0.0,0.0
2023-08-09,12.770000457763672,12.829999923706055,12.65999984741211,12.729999542236328,10.541160583496094,42932600,0.0,0.0
2023-08-10,12.779999732971191,12.779999732971191,12.079999923706055,12.15999984741211,10.069168090820312,104063900,0.0,0.0
2023-08-11,12.119999885559082,12.199999809265137,12.0,12.140000343322754,10.052608489990234,64371700,0.0,0.0
2023-08-14,12.029999732971191,12.229999542236328,12.020000457763672,12.199999809265137,10.102290153503418,48099600,0.0,0.0
2023-08-15,12.0600004196167,12.149999618530273,11.970000267028809,11.979999542236328,9.920117378234863,42616400,0.0,0.0
2023-08-16,11.899999618530273,12.029999732971191,11.800000190734863,11.8100004196167,9.779350280761719,44838900,0.0,0.0
2023-08-17,11.880000114440918,11.970000267028809,11.779999732971191,11.829999923706055,9.795910835266113,36104900,0.0,0.0
2023-08-18,11.729999542236328,12.020000457763672,11.720000267028809,11.960000038146973,9.903558731079102,44519900,0.0,0.0
2023-08-21,12.039999961853027,12.0600004196167,11.869999885559082,11.970000267028809,9.91183853149414,33456700,0.0,0.0
2023-08-22,12.010000228881836,12.029999732971191,11.84000015258789,11.869999885559082,9.829031944274902,32027500,0.0,0.0
2023-08-23,11.819999694824219,11.970000267028809,11.800000190734863,11.960000038146973,9.903558731079102,30437700,0.0,0.0
2023-08-24,11.890000343322754,11.930000305175781,11.75,11.75,9.729665756225586,33338200,0.0,0.0
2023-08-25,11.829999923706055,11.989999771118164,11.579999923706055,11.90999984741211,9.862154960632324,47610000,0.0,0.0
2023-08-28,11.949999809265137,12.0600004196167,11.850000381469727,11.899999618530273,9.853873252868652,29693500,0.0,0.0
2023-08-29,11.949999809265137,12.0600004196167,11.890000343322754,12.050000190734863,9.978083610534668,32009000,0.0,0.0
2023-08-30,12.069999694824219,12.149999618530273,12.010000228881836,12.029999732971191,9.961522102355957,30617900,0.0,0.0
2023-08-31,12.130000114440918,12.270000457763672,12.09000015258789,12.130000114440918,10.044327735900879,39025700,0.0,0.0
2023-09-01,12.15999984741211,12.270000457763672,12.039999961853027,12.140000343322754,10.052608489990234,34716900,0.0,0.0
2023-09-05,12.119999885559082,12.180000305175781,12.039999961853027,12.09000015258789,10.01120376586914,35202000,0.0,0.0
2023-09-06,12.0,12.109999656677246,11.829999923706055,12.069999694824219,9.994643211364746,41881500,0.0,0.0
2023-09-07,11.949999809265137,12.050000190734863,11.899999618530273,11.960000038146973,9.903558731079102,38559600,0.0,0.0
2023-09-08,11.970000267028809,12.359999656677246,11.970000267028809,12.300000190734863,10.185097694396973,49493500,0.0,0.0
2023-09-11,12.359999656677246,12.399999618530273,12.170000076293945,12.220000267028809,10.118852615356445,34673600,0.0,0.0
2023-09-12,12.229999542236328,12.59000015258789,12.220000267028809,12.449999809265137,10.309306144714355,49507700,0.0,0.0
2023-09-13,12.6899995803833,12.90999984741211,12.630000114440918,12.640000343322754,10.466636657714844,62579700,0.0,0.0
2023-09-14,12.609999656677246,12.699999809265137,12.40999984741211,12.619999885559082,10.450074195861816,43461600,0.0,0.0
2023-09-15,12.399999618530273,12.789999961853027,12.399999618530273,12.609999656677246,10.441794395446777,63982400,0.0,0.0
2023-09-18,12.5,12.520000457763672,12.25,12.34000015258789,10.218220710754395,47444100,0.0,0.0
2023-09-19,12.34000015258789,12.649999618530273,12.3100004196167,12.5600004196167,10.400392532348633,40900000,0.0,0.0
2023-09-20,12.649999618530273,12.670000076293945,12.350000381469727,12.359999656677246,10.23477840423584,37449600,0.0,0.0
2023-09-21,12.199999809265137,12.350000381469727,12.15999984741211,12.199999809265137,10.102290153503418,40140500,0.0,0.0
2023-09-22,12.5,12.770000457763672,12.40999984741211,12.430000305175781,10.292743682861328,65205500,0.0,0.0
2023-09-25,12.350000381469727,12.699999809265137,12.34000015258789,12.579999923706055,10.416954040527344,41219400,0.0,0.0
2023-09-26,12.489999771118164,12.65999984741211,12.369999885559082,12.430000305175781,10.292743682861328,41261000,0.0,0.0
2023-09-27,12.520000457763672,12.520000457763672,12.25,12.390000343322754,10.259623527526855,41616600,0.0,0.0
2023-09-28,12.319999694824219,12.65999984741211,12.170000076293945,12.5600004196167,10.400392532348633,49109800,0.0,0.0
2023-09-29,12.609999656677246,12.65999984741211,12.350000381469727,12.420000076293945,10.284464836120605,62364900,0.0,0.0
2023-10-02,12.380000114440918,12.4399995803833,12.229999542236328,12.3100004196167,10.193378448486328,51204000,0.0,0.0
2023-10-03,12.15999984741211,12.229999542236328,12.020000457763672,12.069999694824219,9.994643211364746,55074700,0.0,0.0
2023-10-04,12.020000457763672,12.079999923706055,11.880000114440918,11.989999771118164,9.928400039672852,45217900,0.0,0.0
2023-10-05,11.9399995803833,12.0,11.6899995803833,11.899999618530273,9.853873252868652,47425000,0.0,0.0
2023-10-06,11.819999694824219,12.149999618530273,11.6899995803833,12.0,9.936680793762207,57558500,0.0,0.0
2023-10-09,11.800000190734863,12.149999618530273,11.779999732971191,12.069999694824219,9.994643211364746,33328000,0.0,0.0
2023-10-10,12.100000381469727,12.300000190734863,12.09000015258789,12.199999809265137,10.102290153503418,40404600,0.0,0.0
2023-10-11,12.289999961853027,12.390000343322754,12.149999618530273,12.25,10.143693923950195,31321500,0.0,0.0
2023-10-12,11.880000114440918,12.069999694824219,11.84000015258789,12.0,9.936680793762207,51644000,0.0,0.0
2023-10-13,11.970000267028809,12.0,11.800000190734863,11.8100004196167,9.779350280761719,47221800,0.0,0.0
2023-10-16,11.90999984741211,11.960000038146973,11.819999694824219,11.930000305175781,9.878714561462402,29183000,0.0,0.0
2023-10-17,11.850000381469727,12.170000076293945,11.850000381469727,12.039999961853027,9.969802856445312,40516500,0.0,0.0
2023-10-18,11.930000305175781,11.930000305175781,11.75,11.75,9.729665756225586,44840100,0.0,0.0
2023-10-19,11.59000015258789,11.760000228881836,11.510000228881836,11.529999732971191,9.547492980957031,49057500,0.0,0.0
2023-10-20,11.579999923706055,11.760000228881836,11.539999961853027,11.640000343322754,9.638579368591309,53307500,0.0,0.0
2023-10-23,11.550000190734863,11.6899995803833,11.420000076293945,11.479999542236328,9.50609016418457,49073800,0.0,0.0
2023-10-24,11.5,11.569999694824219,11.380000114440918,11.390000343322754,9.431564331054688,47775600,0.0,0.0
2023-10-25,11.350000381469727,11.640000343322754,11.210000038146973,11.539999961853027,9.555774688720703,74213800,0.0,0.0
2023-10-26,11.90999984741211,11.930000305175781,11.329999923706055,11.350000381469727,9.398444175720215,84725900,0.0,0.0
2023-10-27,10.930000305175781,10.970000267028809,9.899999618530273,9.960000038146973,8.247443199157715,187029600,0.0,0.0
2023-10-30,10.079999923706055,10.140000343322754,9.680000305175781,9.770000457763672,8.090113639831543,106474700,0.0,0.0
2023-10-31,9.720000267028809,9.90999984741211,9.630000114440918,9.75,8.199440956115723,82238800,0.15,0.0
2023-11-01,9.84000015258789,9.930000305175781,9.760000228881836,9.90999984741211,8.333995819091797,75469700,0.0,0.0
2023-11-02,10.020000457763672,10.149999618530273,9.970000267028809,10.140000343322754,8.527419090270996,66914000,0.0,0.0
2023-11-03,10.260000228881836,10.640000343322754,10.25,10.5600004196167,8.880623817443848,60912400,0.0,0.0
2023-11-06,10.5600004196167,10.600000381469727,10.239999771118164,10.3100004196167,8.670380592346191,48435500,0.0,0.0
2023-11-07,10.25,10.289999961853027,10.050000190734863,10.170000076293945,8.552647590637207,50430800,0.0,0.0
2023-11-08,10.1899995803833,10.210000038146973,10.029999732971191,10.050000190734863,8.451729774475098,38700600,0.0,0.0
2023-11-09,10.039999961853027,10.069999694824219,9.6899995803833,9.699999809265137,8.157390594482422,59356900,0.0,0.0
2023-11-10,9.8100004196167,9.869999885559082,9.670000076293945,9.859999656677246,8.29194450378418,45069700,0.0,0.0
2023-11-13,9.829999923706055,9.869999885559082,9.739999771118164,9.819999694824219,8.258308410644531,34458300,0.0,0.0
2023-11-14,9.989999771118164,10.460000038146973,9.979999542236328,10.399999618530273,8.746068954467773,67684000,0.0,0.0
2023-11-15,10.40999984741211,10.569999694824219,10.390000343322754,10.470000267028809,8.804936408996582,45193700,0.0,0.0
2023-11-16,10.399999618530273,10.430000305175781,10.100000381469727,10.15999984741211,8.54423713684082,45408100,0.0,0.0
2023-11-17,10.260000228881836,10.319999694824219,10.1899995803833,10.270000457763672,8.63674259185791,36501200,0.0,0.0
2023-11-20,10.289999961853027,10.430000305175781,10.260000228881836,10.34000015258789,8.695611000061035,46933100,0.0,0.0
2023-11-21,10.279999732971191,10.319999694824219,10.100000381469727,10.1899995803833,8.569465637207031,47284300,0.0,0.0
2023-11-22,10.239999771118164,10.380000114440918,10.170000076293945,10.260000228881836,8.628332138061523,41116300,0.0,0.0
2023-11-24,10.279999732971191,10.529999732971191,10.279999732971191,10.399999618530273,8.746068954467773,22028100,0.0,0.0
2023-11-27,10.369999885559082,10.420000076293945,10.300000190734863,10.34000015258789,8.695611000061035,32247600,0.0,0.0
2023-11-28,10.329999923706055,10.399999618530273,10.239999771118164,10.369999885559082,8.720839500427246,38510600,0.0,0.0
2023-11-29,10.880000114440918,10.960000038146973,10.5600004196167,10.59000015258789,8.905852317810059,77246800,0.0,0.0
2023-11-30,10.680000305175781,10.699999809265137,10.180000305175781,10.260000228881836,8.628332138061523,80525700,0.0,0.0
2023-12-01,10.289999961853027,10.600000381469727,10.220000267028809,10.579999923706055,8.897442817687988,61619800,0.0,0.0
2023-12-04,10.520000457763672,10.789999961853027,10.5,10.699999809265137,8.998359680175781,54196100,0.0,0.0
2023-12-05,10.640000343322754,10.680000305175781,10.539999961853027,10.600000381469727,8.914263725280762,41551100,0.0,0.0
2023-12-06,10.75,10.880000114440918,10.670000076293945,10.6899995803833,8.989948272705078,47223500,0.0,0.0
2023-12-07,10.710000038146973,10.880000114440918,10.680000305175781,10.819999694824219,9.099275588989258,40523200,0.0,0.0
2023-12-08,10.8100004196167,11.069999694824219,10.789999961853027,11.010000228881836,9.259061813354492,48961200,0.0,0.0
2023-12-11,11.020000457763672,11.149999618530273,10.979999542236328,11.069999694824219,9.309516906738281,39700900,0.0,0.0
2023-12-12,11.09000015258789,11.199999809265137,11.050000190734863,11.15999984741211,9.385205268859863,40206200,0.0,0.0
2023-12-13,11.029999732971191,11.289999961853027,10.800000190734863,11.239999771118164,9.452484130859375,68066700,0.0,0.0
2023-12-14,11.470000267028809,12.130000114440918,11.470000267028809,12.079999923706055,10.158894538879395,110777600,0.0,0.0
2023-12-15,12.069999694824219,12.180000305175781,11.930000305175781,12.020000457763672,10.108436584472656,85298200,0.0,0.0
2023-12-18,11.989999771118164,12.079999923706055,11.90999984741211,11.930000305175781,10.03274917602539,43424400,0.0,0.0
2023-12-19,11.970000267028809,12.069999694824219,11.890000343322754,12.020000457763672,10.108436584472656,35722900,0.0,0.0
2023-12-20,11.970000267028809,12.140000343322754,11.789999961853027,11.800000190734863,9.92342472076416,54981100,0.0,0.0
2023-12-21,11.930000305175781,12.359999656677246,11.899999618530273,12.34000015258789,10.377548217773438,66424600,0.0,0.0
2023-12-22,12.319999694824219,12.460000038146973,12.279999732971191,12.350000381469727,10.385956764221191,43764600,0.0,0.0
2023-12-26,12.390000343322754,12.5,12.369999885559082,12.449999809265137,10.470054626464844,26293700,0.0,0.0
2023-12-27,12.430000305175781,12.449999809265137,12.229999542236328,12.390000343322754,10.419597625732422,39891300,0.0,0.0
2023-12-28,12.380000114440918,12.430000305175781,12.279999732971191,12.34000015258789,10.377548217773438,26688500,0.0,0.0
2023-12-29,12.350000381469727,12.390000343322754,12.15999984741211,12.1899995803833,10.251401901245117,40964700,0.0,0.0
2024-01-02,12.039999961853027,12.380000114440918,11.9399995803833,12.15999984741211,10.22617244720459,47494800,0.0,0.0
2024-01-03,12.020000457763672,12.029999732971191,11.640000343322754,11.710000038146973,9.847737312316895,70120100,0.0,0.0
2024-01-04,11.760000228881836,11.819999694824219,11.630000114440918,11.680000305175781,9.822507858276367,54920300,0.0,0.0
2024-01-05,11.649999618530273,12.039999961853027,11.630000114440918,11.850000381469727,9.965473175048828,44443800,0.0,0.0
2024-01-08,11.850000381469727,12.050000190734863,11.789999961853027,11.970000267028809,10.066389083862305,41514400,0.0,0.0
2024-01-09,11.8100004196167,11.899999618530273,11.770000457763672,11.84000015258789,9.957062721252441,49536700,0.0,0.0
2024-01-10,11.829999923706055,11.859999656677246,11.710000038146973,11.829999923706055,9.948654174804688,37539200,0.0,0.0
2024-01-11,11.75,11.770000457763672,11.569999694824219,11.710000038146973,9.847737312316895,48692000,0.0,0.0
2024-01-12,11.649999618530273,11.770000457763672,11.40999984741211,11.460000038146973,9.637495040893555,55030100,0.0,0.0
2024-01-16,11.300000190734863,11.5,11.180000305175781,11.460000038146973,9.637495040893555,45207700,0.0,0.0
2024-01-17,11.170000076293945,11.3100004196167,11.109999656677246,11.270000457763672,9.477712631225586,52671300,0.0,0.0
2024-01-18,11.25,11.3100004196167,10.960000038146973,10.989999771118164,9.242239952087402,71667200,0.0,0.0
2024-01-19,10.9399995803833,11.220000267028809,10.829999923706055,11.199999809265137,9.418844223022461,61143300,0.0,0.0
2024-01-22,11.229999542236328,11.399999618530273,11.140000343322754,11.199999809265137,9.418844223022461,45479600,0.0,0.0
2024-01-23,11.359999656677246,11.460000038146973,11.239999771118164,11.369999885559082,9.561808586120605,45465200,0.0,0.0
2024-01-24,11.4399995803833,11.449999809265137,11.0,11.029999732971191,9.275879859924316,59064600,0.0,0.0
2024-01-25,11.09000015258789,11.359999656677246,11.029999732971191,11.34000015258789,9.536580085754395,49356700,0.0,0.0
2024-01-26,11.399999618530273,11.5,11.300000190734863,11.390000343322754,9.57862663269043,35837000,0.0,0.0
2024-01-29,11.380000114440918,11.5600004196167,11.300000190734863,11.550000190734863,9.713181495666504,58249600,0.0,0.0
2024-01-30,11.770000457763672,11.869999885559082,11.619999885559082,11.779999732971191,9.906603813171387,70213300,0.0,0.0
2024-01-31,11.760000228881836,11.989999771118164,11.720000267028809,11.720000267028809,9.856145858764648,74558900,0.0,0.0
2024-02-01,11.819999694824219,12.140000343322754,11.619999885559082,12.100000381469727,10.175716400146484,81065800,0.0,0.0
2024-02-02,12.029999732971191,12.1899995803833,11.9399995803833,12.140000343322754,10.209354400634766,73130900,0.0,0.0
2024-02-05,12.010000228881836,12.079999923706055,11.539999961853027,11.59000015258789,9.746821403503418,81026800,0.0,0.0
2024-02-06,11.640000343322754,12.100000381469727,11.619999885559082,12.069999694824219,10.150485038757324,98636800,0.0,0.0
2024-02-07,12.729999542236328,12.979999542236328,12.199999809265137,12.800000190734863,10.764392852783203,137224000,0.0,0.0
2024-02-08,12.869999885559082,12.899999618530273,12.539999961853027,12.829999923706055,10.789621353149414,68653900,0.0,0.0
2024-02-09,12.8100004196167,12.920000076293945,12.640000343322754,12.680000305175781,10.663477897644043,47649600,0.0,0.0
2024-02-12,12.680000305175781,13.069999694824219,12.640000343322754,12.979999542236328,10.915766716003418,54036500,0.0,0.0
2024-02-13,12.770000457763672,12.899999618530273,12.479999542236328,12.680000305175781,10.663477897644043,67907700,0.0,0.0
2024-02-14,12.720000267028809,12.789999961853027,12.520000457763672,12.5600004196167,10.56256103515625,52978800,0.0,0.0
2024-02-15,12.350000381469727,12.550000190734863,12.3100004196167,12.520000457763672,10.813021659851074,57811800,0.33,0.0
2024-02-16,12.420000076293945,12.510000228881836,12.260000228881836,12.300000190734863,10.623016357421875,43228600,0.0,0.0
2024-02-20,12.1899995803833,12.329999923706055,12.100000381469727,12.25,10.579833030700684,44591000,0.0,0.0
2024-02-21,12.210000038146973,12.319999694824219,12.050000190734863,12.140000343322754,10.484831809997559,41835800,0.0,0.0
2024-02-22,12.130000114440918,12.239999771118164,12.050000190734863,12.119999885559082,10.467558860778809,36980500,0.0,0.0
2024-02-23,12.100000381469727,12.260000228881836,12.09000015258789,12.140000343322754,10.484831809997559,32152100,0.0,0.0
2024-02-26,12.130000114440918,12.270000457763672,11.949999809265137,11.949999809265137,10.320734977722168,40241300,0.0,0.0
2024-02-27,12.020000457763672,12.170000076293945,11.960000038146973,12.0,10.363919258117676,36508800,0.0,0.0
2024-02-28,11.970000267028809,12.399999618530273,11.960000038146973,12.300000190734863,10.623016357421875,51447900,0.0,0.0
2024-02-29,12.369999885559082,12.470000267028809,12.319999694824219,12.4399995803833,10.743927955627441,43098500,0.0,0.0
2024-03-01,12.529999732971191,12.640000343322754,12.319999694824219,12.449999809265137,10.75256633758545,48761400,0.0,0.0
2024-03-04,12.569999694824219,13.029999732971191,12.569999694824219,12.739999771118164,11.003026962280273,81871700,0.0,0.0
2024-03-05,12.649999618530273,12.739999771118164,12.5,12.579999923706055,10.86484146118164,47896200,0.0,0.0
2024-03-06,12.520000457763672,12.569999694824219,12.329999923706055,12.380000114440918,10.692111015319824,48834500,0.0,0.0
2024-03-07,12.40999984741211,12.470000267028809,12.260000228881836,12.40999984741211,10.718018531799316,38971000,0.0,0.0
2024-03-08,12.430000305175781,12.520000457763672,12.140000343322754,12.180000305175781,10.519377708435059,54723800,0.0,0.0
2024-03-11,12.130000114440918,12.239999771118164,12.079999923706055,12.109999656677246,10.458922386169434,35135400,0.0,0.0
2024-03-12,12.140000343322754,12.15999984741211,12.029999732971191,12.109999656677246,10.458922386169434,31245200,0.0,0.0
2024-03-13,12.119999885559082,12.479999542236328,12.109999656677246,12.369999885559082,10.683473587036133,50595300,0.0,0.0
2024-03-14,12.34000015258789,12.369999885559082,12.010000228881836,12.079999923706055,10.433011054992676,52619900,0.0,0.0
2024-03-15,12.050000190734863,12.270000457763672,12.020000457763672,12.0600004196167,10.41573715209961,88254000,0.0,0.0
2024-03-18,12.140000343322754,12.1899995803833,11.979999542236328,12.180000305175781,10.519377708435059,36599200,0.0,0.0
2024-03-19,12.109999656677246,12.350000381469727,12.109999656677246,12.300000190734863,10.623016357421875,32668700,0.0,0.0
2024-03-20,12.260000228881836,12.920000076293945,12.260000228881836,12.899999618530273,11.141212463378906,67721500,0.0,0.0
2024-03-21,12.920000076293945,13.0600004196167,12.789999961853027,12.920000076293945,11.15848445892334,55822500,0.0,0.0
2024-03-22,12.869999885559082,12.960000038146973,12.850000381469727,12.90999984741211,11.149848937988281,33137500,0.0,0.0
2024-03-25,12.920000076293945,13.0600004196167,12.739999771118164,12.899999618530273,11.141212463378906,39063500,0.0,0.0
2024-03-26,12.960000038146973,12.960000038146973,12.430000305175781,12.4399995803833,10.743927955627441,67140200,0.0,0.0
2024-03-27,12.529999732971191,13.069999694824219,12.520000457763672,13.0600004196167,11.279397964477539,53555800,0.0,0.0
2024-03-28,13.069999694824219,13.300000190734863,13.050000190734863,13.279999732971191,11.469403266906738,61846400,0.0,0.0
2024-04-01,13.329999923706055,13.380000114440918,13.140000343322754,13.289999961853027,11.478038787841797,35898300,0.0,0.0
2024-04-02,13.15999984741211,13.369999885559082,13.09000015258789,13.279999732971191,11.469403266906738,42653400,0.0,0.0
2024-04-03,13.25,13.680000305175781,13.229999542236328,13.649999618530273,11.788958549499512,57498900,0.0,0.0
2024-04-04,13.899999618530273,13.949999809265137,13.170000076293945,13.210000038146973,11.408946990966797,67812400,0.0,0.0
2024-04-05,13.270000457763672,13.399999618530273,13.09000015258789,13.279999732971191,11.469403266906738,46937400,0.0,0.0
2024-04-08,13.350000381469727,13.539999961853027,13.350000381469727,13.40999984741211,11.581679344177246,29900500,0.0,0.0
2024-04-09,13.470000267028809,13.59000015258789,13.34000015258789,13.539999961853027,11.693955421447754,35497900,0.0,0.0
2024-04-10,13.260000228881836,13.289999961853027,12.949999809265137,13.0600004196167,11.279397964477539,51395000,0.0,0.0
2024-04-11,13.109999656677246,13.140000343322754,12.90999984741211,13.039999961853027,11.262125015258789,38383100,0.0,0.0
2024-04-12,12.920000076293945,12.920000076293945,12.5,12.609999656677246,10.890751838684082,52356300,0.0,0.0
2024-04-15,12.739999771118164,12.819999694824219,12.180000305175781,12.229999542236328,10.562560081481934,59484400,0.0,0.0
2024-04-16,12.140000343322754,12.25,11.9399995803833,12.09000015258789,10.44164752960205,56392200,0.0,0.0
2024-04-17,12.140000343322754,12.25,12.020000457763672,12.039999961853027,10.398466110229492,43646600,0.0,0.0
2024-04-18,12.079999923706055,12.170000076293945,11.979999542236328,12.0600004196167,10.41573715209961,39902100,0.0,0.0
2024-04-19,12.020000457763672,12.229999542236328,12.020000457763672,12.140000343322754,10.484831809997559,39623800,0.0,0.0
2024-04-22,12.3100004196167,12.899999618530273,12.25,12.880000114440918,11.123939514160156,86462700,0.0,0.0
2024-04-23,13.050000190734863,13.050000190734863,12.819999694824219,12.9399995803833,11.175758361816406,62807100,0.0,0.0
2024-04-24,12.9399995803833,13.050000190734863,12.779999732971191,12.949999809265137,11.184394836425781,74510400,0.0,0.0
2024-04-25,12.850000381469727,13.180000305175781,12.630000114440918,13.039999961853027,11.262125015258789,86944100,0.0,0.0
2024-04-26,12.760000228881836,13.020000457763672,12.609999656677246,12.789999961853027,11.046210289001465,57257800,0.0,0.0
2024-04-29,12.8100004196167,12.84000015258789,12.550000190734863,12.75,11.011663436889648,50285600,0.0,0.0
2024-04-30,12.600000381469727,12.600000381469727,12.130000114440918,12.149999618530273,10.493468284606934,75890500,0.0,0.0
2024-05-01,12.15999984741211,12.430000305175781,12.149999618530273,12.199999809265137,10.536649703979492,48749400,0.0,0.0
2024-05-02,12.399999618530273,12.550000190734863,12.359999656677246,12.489999771118164,10.787111282348633,46868600,0.0,0.0
2024-05-03,12.640000343322754,12.760000228881836,12.390000343322754,12.430000305175781,10.735292434692383,47463300,0.0,0.0
2024-05-06,12.539999961853027,12.619999885559082,12.460000038146973,12.5,10.79574966430664,29780300,0.0,0.0
2024-05-07,12.399999618530273,12.449999809265137,12.09000015258789,12.170000076293945,10.638401985168457,48102900,0.15,0.0
2024-05-08,12.079999923706055,12.25,12.020000457763672,12.149999618530273,10.620919227600098,38177200,0.0,0.0
2024-05-09,12.140000343322754,12.220000267028809,12.0600004196167,12.130000114440918,10.603437423706055,29103800,0.0,0.0
2024-05-10,12.149999618530273,12.170000076293945,11.90999984741211,11.989999771118164,10.48105525970459,51447800,0.0,0.0
2024-05-13,12.050000190734863,12.449999809265137,12.050000190734863,12.329999923706055,10.778265953063965,60962300,0.0,0.0
2024-05-14,12.4399995803833,12.640000343322754,12.359999656677246,12.4399995803833,10.874421119689941,39980400,0.0,0.0
2024-05-15,12.489999771118164,12.5600004196167,12.180000305175781,12.3100004196167,10.760783195495605,50739900,0.0,0.0
2024-05-16,12.270000457763672,12.479999542236328,12.260000228881836,12.380000114440918,10.821974754333496,41502200,0.0,0.0
2024-05-17,12.369999885559082,12.380000114440918,12.25,12.279999732971191,10.734559059143066,24011300,0.0,0.0
2024-05-20,12.270000457763672,12.329999923706055,12.140000343322754,12.149999618530273,10.620919227600098,27019100,0.0,0.0
2024-05-21,12.15999984741211,12.199999809265137,12.029999732971191,12.149999618530273,10.620919227600098,32851000,0.0,0.0
2024-05-22,12.0600004196167,12.079999923706055,11.970000267028809,12.029999732971191,10.516020774841309,35403000,0.0,0.0
2024-05-23,12.100000381469727,12.220000267028809,12.010000228881836,12.109999656677246,10.585953712463379,43590100,0.0,0.0
2024-05-24,12.15999984741211,12.270000457763672,12.039999961853027,12.15999984741211,10.629660606384277,40840400,0.0,0.0
2024-05-28,12.109999656677246,12.130000114440918,11.65999984741211,11.680000305175781,10.210068702697754,57460100,0.0,0.0
2024-05-29,11.569999694824219,11.649999618530273,11.5,11.5600004196167,10.105171203613281,45759500,0.0,0.0
2024-05-30,11.579999923706055,11.779999732971191,11.479999542236328,11.770000457763672,10.288743019104004,42218900,0.0,0.0
2024-05-31,11.770000457763672,12.149999618530273,11.65999984741211,12.130000114440918,10.603437423706055,57205800,0.0,0.0
2024-06-03,12.25,12.319999694824219,12.020000457763672,12.1899995803833,10.6558837890625,53784100,0.0,0.0
2024-06-04,12.079999923706055,12.130000114440918,11.960000038146973,12.029999732971191,10.516020774841309,41533100,0.0,0.0
2024-06-05,12.050000190734863,12.119999885559082,11.819999694824219,12.069999694824219,10.550986289978027,45509800,0.0,0.0
2024-06-06,11.979999542236328,12.100000381469727,11.960000038146973,12.069999694824219,10.550986289978027,28289900,0.0,0.0
2024-06-07,12.0,12.15999984741211,11.949999809265137,12.149999618530273,10.620919227600098,31934000,0.0,0.0
2024-06-10,12.130000114440918,12.520000457763672,12.100000381469727,12.380000114440918,10.821974754333496,68322800,0.0,0.0
2024-06-11,12.319999694824219,12.359999656677246,12.050000190734863,12.109999656677246,10.585953712463379,48201800,0.0,0.0
2024-06-12,12.279999732971191,12.369999885559082,12.029999732971191,12.079999923706055,10.559727668762207,57116200,0.0,0.0
2024-06-13,12.079999923706055,12.09000015258789,11.850000381469727,11.9399995803833,10.437348365783691,41422300,0.0,0.0
2024-06-14,11.800000190734863,11.829999923706055,11.550000190734863,11.710000038146973,10.236292839050293,49382100,0.0,0.0
2024-06-17,11.65999984741211,11.890000343322754,11.65999984741211,11.850000381469727,10.358674049377441,31970100,0.0,0.0
2024-06-18,11.8100004196167,11.9399995803833,11.770000457763672,11.779999732971191,10.29748249053955,29023400,0.0,0.0
2024-06-20,11.710000038146973,11.970000267028809,11.649999618530273,11.9399995803833,10.437348365783691,53468000,0.0,0.0
2024-06-21,11.899999618530273,11.90999984741211,11.760000228881836,11.84000015258789,10.349932670593262,50178700,0.0,0.0
2024-06-24,11.930000305175781,12.25,11.920000076293945,12.229999542236328,10.690850257873535,58436900,0.0,0.0
2024-06-25,12.170000076293945,12.210000038146973,12.029999732971191,12.09000015258789,10.568470001220703,38818900,0.0,0.0
2024-06-26,12.010000228881836,12.130000114440918,11.949999809265137,12.109999656677246,10.585953712463379,41426600,0.0,0.0
2024-06-27,12.079999923706055,12.380000114440918,12.050000190734863,12.229999542236328,10.690850257873535,48080200,0.0,0.0
2024-06-28,12.260000228881836,12.619999885559082,12.260000228881836,12.539999961853027,10.961837768554688,65914700,0.0,0.0
2024-07-01,12.5600004196167,12.869999885559082,12.529999732971191,12.760000228881836,11.15415096282959,56152700,0.0,0.0
2024-07-02,12.829999923706055,12.949999809265137,12.720000267028809,12.869999885559082,11.250307083129883,46990400,0.0,0.0
2024-07-03,12.890000343322754,12.960000038146973,12.800000190734863,12.869999885559082,11.250307083129883,26894300,0.0,0.0
2024-07-05,12.869999885559082,12.960000038146973,12.75,12.84000015258789,11.224082946777344,31589300,0.0,0.0
2024-07-08,12.970000267028809,13.199999809265137,12.920000076293945,12.979999542236328,11.346463203430176,44346200,0.0,0.0
2024-07-09,12.960000038146973,13.069999694824219,12.880000114440918,12.899999618530273,11.276531219482422,40680900,0.0,0.0
2024-07-10,12.949999809265137,13.210000038146973,12.90999984741211,13.170000076293945,11.512552261352539,36305500,0.0,0.0
2024-07-11,13.25,13.539999961853027,13.25,13.470000267028809,11.774796485900879,51443400,0.0,0.0
2024-07-12,13.529999732971191,14.210000038146973,13.529999732971191,14.029999732971191,12.264320373535156,85609700,0.0,0.0
2024-07-15,14.210000038146973,14.430000305175781,14.119999885559082,14.229999542236328,12.439148902893066,65643300,0.0,0.0
2024-07-16,14.270000457763672,14.470000267028809,14.1899995803833,14.390000343322754,12.579014778137207,52040100,0.0,0.0
2024-07-17,14.289999961853027,14.630000114440918,14.279999732971191,14.479999542236328,12.657687187194824,58087100,0.0,0.0
2024-07-18,14.510000228881836,14.850000381469727,14.449999809265137,14.550000190734863,12.718877792358398,58077000,0.0,0.0
2024-07-19,14.489999771118164,14.5,13.960000038146973,13.979999542236328,12.220612525939941,75908600,0.0,0.0
2024-07-22,14.020000457763672,14.180000305175781,13.789999961853027,14.119999885559082,12.34299373626709,59116800,0.0,0.0
2024-07-23,14.0600004196167,14.069999694824219,13.569999694824219,13.829999923706055,12.089489936828613,85897700,0.0,0.0
2024-07-24,13.729999542236328,13.880000114440918,13.59000015258789,13.670000076293945,11.949625968933105,81768700,0.0,0.0
2024-07-25,11.800000190734863,11.979999542236328,11.149999618530273,11.15999984741211,9.755510330200195,259484000,0.0,0.0
2024-07-26,11.210000038146973,11.359999656677246,11.050000190734863,11.1899995803833,9.78173542022705,79599900,0.0,0.0
2024-07-29,11.180000305175781,11.180000305175781,10.800000190734863,11.010000228881836,9.6243896484375,91667500,0.0,0.0
2024-07-30,11.029999732971191,11.109999656677246,10.779999732971191,10.84000015258789,9.475784301757812,69337000,0.0,0.0
2024-07-31,10.859999656677246,11.010000228881836,10.720000267028809,10.819999694824219,9.45829963684082,75478000,0.0,0.0
2024-08-01,10.859999656677246,10.920000076293945,10.609999656677246,10.6899995803833,9.344658851623535,60516500,0.0,0.0
2024-08-02,10.550000190734863,10.550000190734863,10.0,10.029999732971191,8.767720222473145,110703000,0.0,0.0
2024-08-05,9.5600004196167,9.899999618530273,9.489999771118164,9.710000038146973,8.487994194030762,115594200,0.0,0.0
2024-08-06,9.789999961853027,9.859999656677246,9.680000305175781,9.779999732971191,8.549182891845703,111817600,0.0,0.0
2024-08-07,9.850000381469727,9.979999542236328,9.75,9.770000457763672,8.673471450805664,69482400,0.15,0.0
2024-08-08,9.800000190734863,10.25,9.800000190734863,10.130000114440918,8.993066787719727,73007600,0.0,0.0
2024-08-09,10.079999923706055,10.170000076293945,9.970000267028809,10.100000381469727,8.966435432434082,48860800,0.0,0.0
2024-08-12,10.100000381469727,10.100000381469727,9.84000015258789,9.859999656677246,8.75337028503418,56118700,0.0,0.0
2024-08-13,9.920000076293945,10.149999618530273,9.770000457763672,10.140000343322754,9.001945495605469,44766100,0.0,0.0
2024-08-14,10.15999984741211,10.239999771118164,10.050000190734863,10.180000305175781,9.037455558776855,37026400,0.0,0.0
2024-08-15,10.369999885559082,10.5,10.369999885559082,10.460000038146973,9.286029815673828,41597900,0.0,0.0
2024-08-16,10.399999618530273,10.520000457763672,10.369999885559082,10.510000228881836,9.330418586730957,34142600,0.0,0.0
2024-08-19,10.5600004196167,10.75,10.539999961853027,10.720000267028809,9.516849517822266,41066300,0.0,0.0
2024-08-20,10.699999809265137,10.789999961853027,10.609999656677246,10.680000305175781,9.481338500976562,32468000,0.0,0.0
2024-08-21,10.84000015258789,10.970000267028809,10.75,10.850000381469727,9.632259368896484,48943900,0.0,0.0
2024-08-22,10.850000381469727,11.010000228881836,10.84000015258789,10.920000076293945,9.694402694702148,50885400,0.0,0.0
2024-08-23,10.979999542236328,11.279999732971191,10.9399995803833,11.270000457763672,10.005121231079102,64612700,0.0,0.0
2024-08-26,11.319999694824219,11.369999885559082,11.069999694824219,11.109999656677246,9.863076210021973,53070300,0.0,0.0
2024-08-27,11.119999885559082,11.220000267028809,10.989999771118164,11.140000343322754,9.889711380004883,44841000,0.0,0.0
2024-08-28,11.100000381469727,11.1899995803833,10.979999542236328,11.039999961853027,9.800932884216309,35442200,0.0,0.0
2024-08-29,11.020000457763672,11.199999809265137,10.989999771118164,11.109999656677246,9.863076210021973,44989200,0.0,0.0
2024-08-30,11.149999618530273,11.229999542236328,11.0600004196167,11.1899995803833,9.934098243713379,44977100,0.0,0.0
2024-09-03,11.079999923706055,11.140000343322754,10.9399995803833,10.979999542236328,9.74766731262207,49613500,0.0,0.0
2024-09-04,10.989999771118164,11.15999984741211,10.850000381469727,10.949999809265137,9.721034049987793,47900700,0.0,0.0
2024-09-05,11.079999923706055,11.140000343322754,10.720000267028809,10.770000457763672,9.561238288879395,50551900,0.0,0.0
2024-09-06,10.779999732971191,10.869999885559082,10.529999732971191,10.579999923706055,9.392560958862305,47508900,0.0,0.0
2024-09-09,10.609999656677246,10.760000228881836,10.539999961853027,10.65999984741211,9.463582992553711,39223300,0.0,0.0
2024-09-10,10.489999771118164,10.489999771118164,10.170000076293945,10.319999694824219,9.161742210388184,63019200,0.0,0.0
2024-09-11,10.3100004196167,10.460000038146973,10.130000114440918,10.449999809265137,9.277152061462402,55840200,0.0,0.0
2024-09-12,10.399999618530273,10.649999618530273,10.3100004196167,10.619999885559082,9.428071975708008,43779600,0.0,0.0
2024-09-13,10.680000305175781,10.789999961853027,10.630000114440918,10.6899995803833,9.490216255187988,35184800,0.0,0.0
2024-09-16,10.739999771118164,10.920000076293945,10.710000038146973,10.800000190734863,9.587868690490723,34802400,0.0,0.0
2024-09-17,10.890000343322754,11.140000343322754,10.819999694824219,10.899999618530273,9.67664623260498,52068600,0.0,0.0
2024-09-18,10.930000305175781,11.260000228881836,10.920000076293945,10.979999542236328,9.74766731262207,55017300,0.0,0.0
2024-09-19,11.220000267028809,11.3100004196167,10.869999885559082,10.920000076293945,9.694402694702148,52436400,0.0,0.0
2024-09-20,10.859999656677246,10.880000114440918,10.6899995803833,10.880000114440918,9.658890724182129,68809100,0.0,0.0
2024-09-23,10.84000015258789,10.920000076293945,10.710000038146973,10.90999984741211,9.68552303314209,40421300,0.0,0.0
2024-09-24,10.970000267028809,11.0,10.8100004196167,10.869999885559082,9.650012969970703,37746300,0.0,0.0
2024-09-25,10.59000015258789,10.59000015258789,10.319999694824219,10.420000076293945,9.250519752502441,74109600,0.0,0.0
2024-09-26,10.5600004196167,10.75,10.5600004196167,10.680000305175781,9.481338500976562,51408500,0.0,0.0
2024-09-27,10.84000015258789,10.989999771118164,10.760000228881836,10.779999732971191,9.570114135742188,45469600,0.0,0.0
2024-09-30,10.479999542236328,10.609999656677246,10.430000305175781,10.5600004196167,9.37480640411377,59662900,0.0,0.0
2024-10-01,10.720000267028809,10.819999694824219,10.579999923706055,10.75,9.543481826782227,63963000,0.0,0.0
2024-10-02,10.729999542236328,10.729999542236328,10.430000305175781,10.479999542236328,9.30378246307373,51457400,0.0,0.0
2024-10-03,10.40999984741211,10.470000267028809,10.329999923706055,10.449999809265137,9.277152061462402,44458300,0.0,0.0
2024-10-04,10.59000015258789,10.609999656677246,10.4399995803833,10.569999694824219,9.383684158325195,45883000,0.0,0.0
2024-10-07,10.550000190734863,10.609999656677246,10.449999809265137,10.489999771118164,9.312661170959473,38009100,0.0,0.0
2024-10-08,10.5,10.579999923706055,10.380000114440918,10.489999771118164,9.312661170959473,46355700,0.0,0.0
2024-10-09,10.489999771118164,10.680000305175781,10.4399995803833,10.619999885559082,9.428071975708008,40407000,0.0,0.0
2024-10-10,10.579999923706055,10.699999809265137,10.539999961853027,10.680000305175781,9.481338500976562,39458300,0.0,0.0
2024-10-11,10.640000343322754,10.800000190734863,10.630000114440918,10.720000267028809,9.516849517822266,31915700,0.0,0.0
2024-10-14,10.710000038146973,10.960000038146973,10.65999984741211,10.920000076293945,9.694402694702148,41940200,0.0,0.0
2024-10-15,10.90999984741211,11.020000457763672,10.819999694824219,10.84000015258789,9.623380661010742,53097100,0.0,0.0
2024-10-16,10.890000343322754,11.180000305175781,10.890000343322754,11.029999732971191,9.792055130004883,46996400,0.0,0.0
2024-10-17,11.039999961853027,11.130000114440918,10.9399995803833,11.069999694824219,9.827564239501953,37617200,0.0,0.0
2024-10-18,11.15999984741211,11.170000076293945,11.039999961853027,11.100000381469727,9.85420036315918,26074900,0.0,0.0
2024-10-21,11.079999923706055,11.15999984741211,10.859999656677246,10.880000114440918,9.658890724182129,41008600,0.0,0.0
2024-10-22,10.920000076293945,11.149999618530273,10.920000076293945,11.109999656677246,9.863076210021973,51597600,0.0,0.0
2024-10-23,11.109999656677246,11.239999771118164,11.020000457763672,11.0600004196167,9.818689346313477,37335400,0.0,0.0
2024-10-24,11.239999771118164,11.25,11.069999694824219,11.239999771118164,9.978486061096191,44736400,0.0,0.0
2024-10-25,11.279999732971191,11.329999923706055,11.020000457763672,11.069999694824219,9.827564239501953,39120700,0.0,0.0
2024-10-28,11.170000076293945,11.390000343322754,11.119999885559082,11.369999885559082,10.09389591217041,97967000,0.0,0.0
2024-10-29,10.529999732971191,10.550000190734863,10.180000305175781,10.40999984741211,9.241641998291016,156228000,0.0,0.0
2024-10-30,10.399999618530273,10.529999732971191,10.329999923706055,10.470000267028809,9.294907569885254,48853700,0.0,0.0
2024-10-31,10.430000305175781,10.479999542236328,10.239999771118164,10.289999961853027,9.135109901428223,72098700,0.0,0.0
2024-11-01,10.329999923706055,10.40999984741211,10.199999809265137,10.220000267028809,9.072965621948242,43472300,0.0,0.0
2024-11-04,10.229999542236328,10.569999694824219,10.229999542236328,10.359999656677246,9.19725227355957,55323800,0.0,0.0
2024-11-05,10.329999923706055,10.640000343322754,10.300000190734863,10.600000381469727,9.410317420959473,49309000,0.0,0.0
2024-11-06,10.949999809265137,11.229999542236328,10.84000015258789,11.1899995803833,9.934098243713379,100781800,0.0,0.0
2024-11-07,11.010000228881836,11.109999656677246,10.829999923706055,10.960000038146973,9.862113952636719,55407900,0.15,0.0
2024-11-08,10.930000305175781,10.970000267028809,10.859999656677246,10.970000267028809,9.871109962463379,45463400,0.0,0.0
2024-11-11,11.069999694824219,11.319999694824219,11.020000457763672,11.229999542236328,10.105066299438477,56630500,0.0,0.0
2024-11-12,11.140000343322754,11.300000190734863,10.949999809265137,11.100000381469727,9.988089561462402,44921400,0.0,0.0
2024-11-13,11.119999885559082,11.170000076293945,11.020000457763672,11.100000381469727,9.988089561462402,55150900,0.0,0.0
2024-11-14,11.130000114440918,11.229999542236328,11.020000457763672,11.069999694824219,9.961092948913574,56780900,0.0,0.0
2024-11-15,11.050000190734863,11.149999618530273,10.979999542236328,11.010000228881836,9.907105445861816,58895400,0.0,0.0
2024-11-18,11.050000190734863,11.270000457763672,11.029999732971191,11.210000038146973,10.087069511413574,47727300,0.0,0.0
2024-11-19,11.0600004196167,11.319999694824219,11.010000228881836,11.050000190734863,9.943097114562988,53227700,0.0,0.0
2024-11-20,11.010000228881836,11.050000190734863,10.609999656677246,10.729999542236328,9.655152320861816,68633300,0.0,0.0
2024-11-21,10.779999732971191,10.850000381469727,10.609999656677246,10.800000190734863,9.718140602111816,53409500,0.0,0.0
2024-11-22,10.8100004196167,11.380000114440918,10.800000190734863,11.180000305175781,10.060074806213379,82556700,0.0,0.0
2024-11-25,11.300000190734863,11.520000457763672,11.279999732971191,11.399999618530273,10.258035659790039,63469300,0.0,0.0
2024-11-26,11.15999984741211,11.229999542236328,11.039999961853027,11.100000381469727,9.988089561462402,47458800,0.0,0.0
2024-11-27,11.130000114440918,11.260000228881836,11.0600004196167,11.100000381469727,9.988089561462402,28474200,0.0,0.0
2024-11-29,11.15999984741211,11.270000457763672,11.119999885559082,11.130000114440918,10.015083312988281,28935200,0.0,0.0
2024-12-02,11.220000267028809,11.25,10.960000038146973,10.979999542236328,9.880107879638672,50034400,0.0,0.0
2024-12-03,10.989999771118164,11.010000228881836,10.819999694824219,10.819999694824219,9.73613452911377,43904300,0.0,0.0
2024-12-04,10.850000381469727,10.869999885559082,10.59000015258789,10.739999771118164,9.664152145385742,66780700,0.0,0.0
2024-12-05,10.640000343322754,10.6899995803833,10.390000343322754,10.4399995803833,9.394201278686523,68162000,0.0,0.0
2024-12-06,10.510000228881836,10.600000381469727,10.420000076293945,10.510000228881836,9.45719051361084,56227000,0.0,0.0
2024-12-09,10.5600004196167,10.800000190734863,10.529999732971191,10.600000381469727,9.538174629211426,53230100,0.0,0.0
2024-12-10,10.720000267028809,10.739999771118164,10.550000190734863,10.5600004196167,9.502182006835938,45084300,0.0,0.0
2024-12-11,10.609999656677246,10.609999656677246,10.279999732971191,10.40999984741211,9.367207527160645,60487100,0.0,0.0
2024-12-12,10.380000114440918,10.510000228881836,10.350000381469727,10.390000343322754,9.349209785461426,38432600,0.0,0.0
2024-12-13,10.399999618530273,10.4399995803833,10.319999694824219,10.390000343322754,9.349209785461426,40560700,0.0,0.0
2024-12-16,10.069999694824219,10.119999885559082,9.880000114440918,9.989999771118164,8.989278793334961,96264400,0.0,0.0
2024-12-17,9.960000038146973,10.039999961853027,9.880000114440918,9.970000267028809,8.971283912658691,76208600,0.0,0.0
2024-12-18,9.9399995803833,10.09000015258789,9.65999984741211,9.6899995803833,8.719330787658691,84199500,0.0,0.0
2024-12-19,9.789999961853027,9.949999809265137,9.699999809265137,9.739999771118164,8.764323234558105,81659000,0.0,0.0
2024-12-20,9.699999809265137,9.960000038146973,9.680000305175781,9.880000114440918,8.890298843383789,87705500,0.0,0.0
2024-12-23,9.869999885559082,9.920000076293945,9.75,9.899999618530273,8.908295631408691,50646600,0.0,0.0
2024-12-24,9.899999618530273,10.0600004196167,9.890000343322754,10.020000457763672,9.016274452209473,29083100,0.0,0.0
2024-12-26,10.0,10.119999885559082,9.979999542236328,10.069999694824219,9.06126594543457,35922700,0.0,0.0
2024-12-27,10.029999732971191,10.199999809265137,9.979999542236328,10.029999732971191,9.025272369384766,52899900,0.0,0.0
2024-12-30,9.949999809265137,9.979999542236328,9.819999694824219,9.880000114440918,8.890298843383789,47116700,0.0,0.0
2024-12-31,9.90999984741211,10.010000228881836,9.84000015258789,9.899999618530273,8.908295631408691,54104200,0.0,0.0
2025-01-02,9.90999984741211,9.960000038146973,9.640000343322754,9.649999618530273,8.683338165283203,67156200,0.0,0.0
2025-01-03,9.6899995803833,9.949999809265137,9.529999732971191,9.880000114440918,8.890298843383789,77245900,0.0,0.0
2025-01-06,10.0600004196167,10.1899995803833,9.899999618530273,9.920000076293945,8.926291465759277,63840800,0.0,0.0
2025-01-07,9.949999809265137,10.010000228881836,9.720000267028809,9.760000228881836,8.782318115234375,62404000,0.0,0.0
2025-01-08,9.739999771118164,9.75,9.579999923706055,9.739999771118164,8.764323234558105,61678800,0.0,0.0
2025-01-10,9.670000076293945,9.84000015258789,9.59000015258789,9.649999618530273,8.683338165283203,73373400,0.0,0.0
2025-01-13,9.65999984741211,9.720000267028809,9.569999694824219,9.710000038146973,8.737326622009277,66023000,0.0,0.0
2025-01-14,9.779999732971191,9.819999694824219,9.680000305175781,9.779999732971191,8.800315856933594,45419900,0.0,0.0
2025-01-15,9.970000267028809,10.0600004196167,9.890000343322754,9.949999809265137,8.953286170959473,68674400,0.0,0.0
2025-01-16,9.90999984741211,10.0600004196167,9.890000343322754,10.010000228881836,9.007277488708496,45770000,0.0,0.0
2025-01-17,10.079999923706055,10.210000038146973,10.039999961853027,10.180000305175781,9.160246849060059,60802700,0.0,0.0
2025-01-21,10.300000190734863,10.449999809265137,10.239999771118164,10.430000305175781,9.385204315185547,65670800,0.0,0.0
2025-01-22,10.25,10.25,10.020000457763672,10.029999732971191,9.025272369384766,64949200,0.0,0.0
2025-01-23,10.050000190734863,10.170000076293945,9.970000267028809,10.15999984741211,9.142251014709473,56241100,0.0,0.0
2025-01-24,10.15999984741211,10.3100004196167,10.09000015258789,10.119999885559082,9.106255531311035,42909100,0.0,0.0
2025-01-27,10.109999656677246,10.420000076293945,10.100000381469727,10.380000114440918,9.34021282196045,73082600,0.0,0.0
2025-01-28,10.229999542236328,10.229999542236328,9.920000076293945,10.079999923706055,9.070263862609863,92177600,0.0,0.0
2025-01-29,10.100000381469727,10.289999961853027,10.029999732971191,10.210000038146973,9.187240600585938,69986900,0.0,0.0
2025-01-30,10.260000228881836,10.390000343322754,10.0600004196167,10.15999984741211,9.142251014709473,69663100,0.0,0.0
2025-01-31,10.170000076293945,10.350000381469727,9.989999771118164,10.079999923706055,9.070263862609863,103652400,0.0,0.0
2025-02-03,9.720000267028809,10.0600004196167,9.600000381469727,9.890000343322754,8.899297714233398,131430300,0.0,0.0
2025-02-04,9.9399995803833,10.15999984741211,9.899999618530273,10.15999984741211,9.142251014709473,68716500,0.0,0.0
2025-02-05,10.15999984741211,10.319999694824219,9.960000038146973,10.010000228881836,9.007277488708496,124187800,0.0,0.0
2025-02-06,9.489999771118164,9.640000343322754,9.260000228881836,9.260000228881836,8.332405090332031,222758300,0.0,0.0
2025-02-07,9.329999923706055,9.350000381469727,9.180000305175781,9.239999771118164,8.314409255981445,140852700,0.0,0.0
2025-02-10,9.25,9.300000190734863,9.119999885559082,9.239999771118164,8.314409255981445,72168000,0.0,0.0
2025-02-11,9.210000038146973,9.260000228881836,9.170000076293945,9.210000038146973,8.287415504455566,54844600,0.0,0.0
2025-02-12,9.170000076293945,9.289999961853027,9.100000381469727,9.229999542236328,8.30540943145752,67339600,0.0,0.0
2025-02-13,9.289999961853027,9.40999984741211,9.239999771118164,9.350000381469727,8.413390159606934,72059800,0.0,0.0
2025-02-14,9.430000305175781,9.510000228881836,9.390000343322754,9.479999542236328,8.530367851257324,53778300,0.0,0.0
2025-02-18,9.319999694824219,9.350000381469727,9.229999542236328,9.289999961853027,8.632584571838379,62175800,0.3,0.0
2025-02-19,9.270000457763672,9.390000343322754,9.210000038146973,9.34000015258789,8.679046630859375,50191700,0.0,0.0
2025-02-20,9.329999923706055,9.399999618530273,9.279999732971191,9.390000343322754,8.725506782531738,39787800,0.0,0.0
2025-02-21,9.380000114440918,9.40999984741211,9.229999542236328,9.279999732971191,8.623291015625,58437700,0.0,0.0
2025-02-24,9.3100004196167,9.399999618530273,9.210000038146973,9.350000381469727,8.688338279724121,72562600,0.0,0.0
2025-02-25,9.369999885559082,9.489999771118164,9.3100004196167,9.420000076293945,8.75338363647461,88876800,0.0,0.0
2025-02-26,9.460000038146973,9.619999885559082,9.4399995803833,9.470000267028809,8.799845695495605,87948100,0.0,0.0
2025-02-27,9.4399995803833,9.529999732971191,9.289999961853027,9.289999961853027,8.632584571838379,70518800,0.0,0.0
2025-02-28,9.319999694824219,9.6899995803833,9.3100004196167,9.550000190734863,8.874185562133789,137992600,0.0,0.0
2025-03-03,9.710000038146973,9.819999694824219,9.319999694824219,9.390000343322754,8.725506782531738,154435900,0.0,0.0
2025-03-04,9.229999542236328,9.270000457763672,9.0600004196167,9.119999885559082,8.474614143371582,167500000,0.0,0.0
2025-03-05,9.260000228881836,9.670000076293945,9.199999809265137,9.649999618530273,8.967107772827148,157774900,0.0,0.0
2025-03-06,9.520000457763672,9.720000267028809,9.420000076293945,9.609999656677246,8.929938316345215,136680700,0.0,0.0
2025-03-07,9.539999961853027,9.960000038146973,9.510000228881836,9.899999618530273,9.199417114257812,150644900,0.0,0.0
2025-03-10,9.770000457763672,10.140000343322754,9.770000457763672,9.960000038146973,9.255168914794922,167183800,0.0,0.0
2025-03-11,9.920000076293945,9.960000038146973,9.489999771118164,9.6899995803833,9.004276275634766,210127000,0.0,0.0
2025-03-12,9.699999809265137,9.710000038146973,9.460000038146973,9.59000015258789,8.911354064941406,129994600,0.0,0.0
2025-03-13,9.569999694824219,9.949999809265137,9.5,9.529999732971191,8.855598449707031,137747600,0.0,0.0
2025-03-14,9.65999984741211,9.789999961853027,9.640000343322754,9.729999542236328,9.041444778442383,91313800,0.0,0.0
2025-03-17,9.739999771118164,9.979999542236328,9.739999771118164,9.920000076293945,9.218000411987305,98583100,0.0,0.0
2025-03-18,9.949999809265137,10.039999961853027,9.880000114440918,9.949999809265137,9.245877265930176,102730900,0.0,0.0
2025-03-19,9.960000038146973,10.279999732971191,9.949999809265137,10.170000076293945,9.450309753417969,124697400,0.0,0.0
2025-03-20,10.069999694824219,10.149999618530273,9.989999771118164,10.010000228881836,9.30163288116455,109103700,0.0,0.0
2025-03-21,9.90999984741211,10.119999885559082,9.829999923706055,10.0,9.292339324951172,240638600,0.0,0.0
2025-03-24,10.039999961853027,10.25,10.010000228881836,10.25,9.52464771270752,102847200,0.0,0.0
2025-03-25,10.300000190734863,10.350000381469727,10.170000076293945,10.289999961853027,9.561817169189453,83674900,0.0,0.0
2025-03-26,10.270000457763672,10.350000381469727,10.09000015258789,10.300000190734863,9.5711088180542,139742100,0.0,0.0
2025-03-27,10.260000228881836,10.399999618530273,9.819999694824219,9.899999618530273,9.199417114257812,229032500,0.0,0.0
2025-03-28,9.84000015258789,9.890000343322754,9.619999885559082,9.720000267028809,9.032154083251953,136868300,0.0,0.0
2025-03-31,9.569999694824219,10.109999656677246,9.550000190734863,10.029999732971191,9.320216178894043,139951900,0.0,0.0
2025-04-01,10.100000381469727,10.170000076293945,9.8100004196167,9.9399995803833,9.236583709716797,135388700,0.0,0.0
2025-04-02,9.84000015258789,10.270000457763672,9.819999694824219,10.149999618530273,9.431724548339844,136908500,0.0,0.0
2025-04-03,9.989999771118164,10.199999809265137,9.529999732971191,9.539999961853027,8.86489200592041,220271000,0.0,0.0
2025-04-04,9.319999694824219,9.729999542236328,9.199999809265137,9.579999923706055,8.902060508728027,177466200,0.0,0.0
2025-04-07,9.270000457763672,9.640000343322754,9.0,9.239999771118164,8.586121559143066,274938500,0.0,0.0
2025-04-08,9.520000457763672,9.520000457763672,8.550000190734863,8.6899995803833,8.075042724609375,199286800,0.0,0.0
2025-04-09,8.5,9.539999961853027,8.4399995803833,9.5,8.827722549438477,199663000,0.0,0.0
2025-04-10,9.100000381469727,9.279999732971191,8.880000114440918,9.140000343322754,8.49319839477539,163535400,0.0,0.0
2025-04-11,9.109999656677246,9.350000381469727,9.039999961853027,9.329999923706055,8.669753074645996,146073700,0.0,0.0
2025-04-14,9.380000114440918,9.8100004196167,9.199999809265137,9.710000038146973,9.02286148071289,189955000,0.0,0.0
2025-04-15,9.619999885559082,9.630000114440918,9.380000114440918,9.449999809265137,8.781259536743164,125469000,0.0,0.0
2025-04-16,9.470000267028809,9.619999885559082,9.289999961853027,9.399999618530273,8.734798431396484,133804900,0.0,0.0
2025-04-17,9.40999984741211,9.6899995803833,9.399999618530273,9.630000114440918,8.94852352142334,129204600,0.0,0.0
2025-04-21,9.579999923706055,9.630000114440918,9.350000381469727,9.470000267028809,8.799845695495605,94138900,0.0,0.0
2025-04-22,9.550000190734863,9.720000267028809,9.529999732971191,9.649999618530273,8.967107772827148,121387100,0.0,0.0
2025-04-23,9.84000015258789,10.010000228881836,9.710000038146973,9.779999732971191,9.087907791137695,158691500,0.0,0.0
2025-04-24,9.869999885559082,10.09000015258789,9.819999694824219,10.0600004196167,9.34809398651123,87031000,0.0,0.0
2025-04-25,10.050000190734863,10.100000381469727,9.970000267028809,10.039999961853027,9.329508781433105,88682400,0.0,0.0
2025-04-28,10.0600004196167,10.180000305175781,9.970000267028809,10.020000457763672,9.310924530029297,77051500,0.0,0.0
2025-04-29,10.069999694824219,10.1899995803833,9.930000305175781,10.149999618530273,9.431724548339844,141980300,0.0,0.0
2025-04-30,10.109999656677246,10.130000114440918,9.859999656677246,10.010000228881836,9.30163288116455,136406200,0.0,0.0
2025-05-01,10.140000343322754,10.319999694824219,10.020000457763672,10.180000305175781,9.459602355957031,126532500,0.0,0.0
2025-05-02,10.300000190734863,10.390000343322754,10.220000267028809,10.279999732971191,9.55252456665039,82228700,0.0,0.0
2025-05-05,10.229999542236328,10.239999771118164,10.100000381469727,10.170000076293945,9.450309753417969,105766300,0.0,0.0
2025-05-06,10.09000015258789,10.619999885559082,10.0600004196167,10.4399995803833,9.701202392578125,131814000,0.0,0.0
2025-05-07,10.460000038146973,10.510000228881836,10.119999885559082,10.279999732971191,9.55252456665039,116885100,0.0,0.0
2025-05-08,10.34000015258789,10.460000038146973,10.260000228881836,10.279999732971191,9.55252456665039,107173400,0.0,0.0
2025-05-09,10.359999656677246,10.489999771118164,10.350000381469727,10.430000305175781,9.691910743713379,76350700,0.0,0.0
2025-05-12,10.5600004196167,10.729999542236328,10.479999542236328,10.550000190734863,9.946463584899902,102035800,0.15,0.0
2025-05-13,10.600000381469727,10.630000114440918,10.420000076293945,10.600000381469727,9.993603706359863,83671000,0.0,0.0
2025-05-14,10.569999694824219,10.699999809265137,10.479999542236328,10.649999618530273,10.040742874145508,84453100,0.0,0.0
2025-05-15,10.59000015258789,10.779999732971191,10.550000190734863,10.75,10.13502311706543,71096500,0.0,0.0
2025-05-16,10.770000457763672,10.8100004196167,10.640000343322754,10.800000190734863,10.182162284851074,64913000,0.0,0.0
2025-05-19,10.6899995803833,10.789999961853027,10.630000114440918,10.75,10.13502311706543,60195700,0.0,0.0
2025-05-20,10.789999961853027,10.84000015258789,10.65999984741211,10.720000267028809,10.106739044189453,61063800,0.0,0.0
2025-05-21,10.65999984741211,10.6899995803833,10.449999809265137,10.479999542236328,9.880467414855957,89090500,0.0,0.0
2025-05-22,10.479999542236328,10.5,10.34000015258789,10.4399995803833,9.842756271362305,94081100,0.0,0.0
2025-05-23,10.300000190734863,10.40999984741211,10.289999961853027,10.359999656677246,9.767333030700684,80519000,0.0,0.0
2025-05-27,10.449999809265137,10.489999771118164,10.210000038146973,10.3100004196167,9.720193862915039,89066800,0.0,0.0
2025-05-28,10.319999694824219,10.34000015258789,10.149999618530273,10.170000076293945,9.588203430175781,102335600,0.0,0.0
2025-05-29,10.210000038146973,10.279999732971191,10.109999656677246,10.220000267028809,9.635342597961426,101642200,0.0,0.0
2025-05-30,10.180000305175781,10.460000038146973,10.119999885559082,10.380000114440918,9.786189079284668,152191600,0.0,0.0
2025-06-02,10.270000457763672,10.279999732971191,9.880000114440918,9.979999542236328,9.409071922302246,170340800,0.0,0.0
2025-06-03,9.970000267028809,10.229999542236328,9.890000343322754,10.1899995803833,9.60705852508545,121584300,0.0,0.0
2025-06-04,10.1899995803833,10.369999885559082,10.180000305175781,10.239999771118164,9.654197692871094,123191200,0.0,0.0
2025-06-05,10.199999809265137,10.25,10.029999732971191,10.100000381469727,9.522208213806152,133191400,0.0,0.0
2025-06-06,10.15999984741211,10.350000381469727,10.149999618530273,10.260000228881836,9.673054695129395,105916700,0.0,0.0
2025-06-09,10.289999961853027,10.449999809265137,10.289999961853027,10.34000015258789,9.748477935791016,63638900,0.0,0.0
2025-06-10,10.380000114440918,10.649999618530273,10.359999656677246,10.600000381469727,9.993603706359863,87955500,0.0,0.0
2025-06-11,10.640000343322754,10.770000457763672,10.609999656677246,10.65999984741211,10.050171852111816,93094900,0.0,0.0
2025-06-12,10.579999923706055,10.59000015258789,10.430000305175781,10.529999732971191,9.927607536315918,76393300,0.0,0.0
2025-06-13,10.470000267028809,10.510000228881836,10.380000114440918,10.430000305175781,9.833330154418945,90106200,0.0,0.0
2025-06-16,10.5,10.670000076293945,10.5,10.619999885559082,10.012459754943848,75195200,0.0,0.0
2025-06-17,10.59000015258789,10.630000114440918,10.380000114440918,10.420000076293945,9.823902130126953,100969400,0.0,0.0
2025-06-18,10.430000305175781,10.529999732971191,10.399999618530273,10.430000305175781,9.833330154418945,82770200,0.0,0.0
2025-06-20,10.489999771118164,10.600000381469727,10.460000038146973,10.59000015258789,9.984175682067871,116743400,0.0,0.0
2025-06-23,10.550000190734863,10.75,10.539999961853027,10.75,10.13502311706543,77576500,0.0,0.0
2025-06-24,10.789999961853027,10.869999885559082,10.720000267028809,10.729999542236328,10.116167068481445,77244400,0.0,0.0
2025-06-25,10.760000228881836,10.770000457763672,10.420000076293945,10.479999542236328,9.880467414855957,91927300,0.0,0.0
2025-06-26,10.5,10.649999618530273,10.470000267028809,10.630000114440918,10.02188777923584,88416400,0.0,0.0
2025-06-27,10.699999809265137,10.920000076293945,10.680000305175781,10.800000190734863,10.182162284851074,182008200,0.0,0.0
2025-06-30,10.720000267028809,10.859999656677246,10.6899995803833,10.850000381469727,10.229303359985352,88472200,0.0,0.0
2025-07-01,10.8100004196167,11.380000114440918,10.789999961853027,11.350000381469727,10.700697898864746,140150700,0.0,0.0
2025-07-02,11.380000114440918,11.779999732971191,11.369999885559082,11.770000457763672,11.096672058105469,122331600,0.0,0.0
2025-07-03,11.75,11.960000038146973,11.75,11.8100004196167,11.134384155273438,60311500,0.0,0.0
2025-07-07,11.600000381469727,11.789999961853027,11.479999542236328,11.59000015258789,10.926969528198242,73842100,0.0,0.0
2025-07-08,11.649999618530273,11.850000381469727,11.640000343322754,11.680000305175781,11.011820793151855,74190200,0.0,0.0
2025-07-09,11.779999732971191,11.899999618530273,11.760000228881836,11.829999923706055,11.153238296508789,63886900,0.0,0.0
2025-07-10,11.859999656677246,11.970000267028809,11.779999732971191,11.90999984741211,11.22866153717041,67263000,0.0,0.0
2025-07-11,11.850000381469727,11.859999656677246,11.710000038146973,11.779999732971191,11.106099128723145,65340700,0.0,0.0
2025-07-14,11.760000228881836,11.899999618530273,11.670000076293945,11.880000114440918,11.20037841796875,62098100,0.0,0.0
2025-07-15,11.899999618530273,11.930000305175781,11.520000457763672,11.569999694824219,10.908112525939941,65101900,0.0,0.0
2025-07-16,11.350000381469727,11.449999809265137,11.149999618530273,11.239999771118164,10.596991539001465,107978100,0.0,0.0
2025-07-17,11.1899995803833,11.350000381469727,11.109999656677246,11.149999618530273,10.512139320373535,70345300,0.0,0.0
2025-07-18,11.170000076293945,11.239999771118164,11.050000190734863,11.15999984741211,10.521568298339844,68812600,0.0,0.0
2025-07-21,11.260000228881836,11.449999809265137,11.210000038146973,11.3100004196167,10.66298770904541,65515600,0.0,0.0
2025-07-22,11.239999771118164,11.289999961853027,11.079999923706055,11.1899995803833,10.549851417541504,79403800,0.0,0.0
2025-07-23,11.279999732971191,11.460000038146973,11.279999732971191,11.380000114440918,10.728981971740723,76163200,0.0,0.0
2025-07-24,11.3100004196167,11.430000305175781,11.229999542236328,11.260000228881836,10.61584758758545,63557800,0.0,0.0
2025-07-25,11.34000015258789,11.489999771118164,11.239999771118164,11.470000267028809,10.813833236694336,52312300,0.0,0.0
2025-07-28,11.479999542236328,11.489999771118164,11.25,11.279999732971191,10.634703636169434,54173600,0.0,0.0
2025-07-29,11.289999961853027,11.289999961853027,11.0600004196167,11.079999923706055,10.44614315032959,58371500,0.0,0.0
2025-07-30,11.130000114440918,11.130000114440918,10.819999694824219,10.869999885559082,10.248157501220703,79866900,0.0,0.0
2025-07-31,10.770000457763672,11.149999618530273,10.680000305175781,11.069999694824219,10.436716079711914,101090900,0.0,0.0
2025-08-01,10.920000076293945,10.920000076293945,10.680000305175781,10.819999694824219,10.201017379760742,73541500,0.0,0.0
2025-08-04,10.890000343322754,11.020000457763672,10.859999656677246,10.949999809265137,10.323580741882324,56696800,0.0,0.0
2025-08-05,10.979999542236328,11.100000381469727,10.899999618530273,11.0600004196167,10.427288055419922,58864300,0.0,0.0
2025-08-06,11.109999656677246,11.260000228881836,11.079999923706055,11.210000038146973,10.568706512451172,59519800,0.0,0.0
2025-08-07,11.300000190734863,11.390000343322754,11.100000381469727,11.279999732971191,10.634703636169434,71775000,0.0,0.0
2025-08-08,11.3100004196167,11.369999885559082,11.210000038146973,11.319999694824219,10.67241382598877,48465300,0.0,0.0
2025-08-11,11.300000190734863,11.569999694824219,11.0600004196167,11.140000343322754,10.64375114440918,84333000,0.15,0.0
2025-08-12,11.199999809265137,11.319999694824219,11.130000114440918,11.25,10.748849868774414,63944100,0.0,0.0
2025-08-13,11.270000457763672,11.489999771118164,11.1899995803833,11.4399995803833,10.930386543273926,63823300,0.0,0.0
2025-08-14,11.300000190734863,11.449999809265137,11.220000267028809,11.4399995803833,10.930386543273926,52469200,0.0,0.0
2025-08-15,11.430000305175781,11.520000457763672,11.40999984741211,11.4399995803833,10.930386543273926,46141400,0.0,0.0
2025-08-18,11.399999618530273,11.479999542236328,11.369999885559082,11.460000038146973,10.949496269226074,37113800,0.0,0.0
2025-08-19,11.520000457763672,11.729999542236328,11.489999771118164,11.579999923706055,11.0641508102417,58020200,0.0,0.0
2025-08-20,11.520000457763672,11.600000381469727,11.470000267028809,11.489999771118164,10.978158950805664,46469900,0.0,0.0
2025-08-21,11.420000076293945,11.430000305175781,11.199999809265137,11.329999923706055,10.825285911560059,51779300,0.0,0.0
2025-08-22,11.390000343322754,11.770000457763672,11.390000343322754,11.739999771118164,11.217022895812988,58538700,0.0,0.0
2025-08-25,11.720000267028809,11.850000381469727,11.680000305175781,11.819999694824219,11.29345989227295,45038800,0.0,0.0
2025-08-26,11.8100004196167,11.869999885559082,11.770000457763672,11.84000015258789,11.312568664550781,48613300,0.0,0.0
2025-08-27,11.819999694824219,11.979999542236328,11.8100004196167,11.90999984741211,11.379449844360352,40381500,0.0,0.0
2025-08-28,11.989999771118164,11.989999771118164,11.630000114440918,11.710000038146973,11.188359260559082,47723700,0.0,0.0
2025-08-29,11.739999771118164,11.829999923706055,11.720000267028809,11.770000457763672,11.245687484741211,44069700,0.0,0.0
2025-09-02,11.760000228881836,11.890000343322754,11.640000343322754,11.720000267028809,11.197914123535156,57704200,0.0,0.0
2025-09-03,11.670000076293945,11.729999542236328,11.569999694824219,11.619999885559082,11.102368354797363,47728700,0.0,0.0
2025-09-04,11.649999618530273,11.699999809265137,11.569999694824219,11.680000305175781,11.159696578979492,33136700,0.0,0.0
2025-09-05,11.710000038146973,11.90999984741211,11.65999984741211,11.739999771118164,11.217022895812988,47547800,0.0,0.0
2025-09-08,11.75,11.75,11.579999923706055,11.6899995803833,11.169249534606934,39734500,0.0,0.0
2025-09-09,11.670000076293945,11.680000305175781,11.449999809265137,11.489999771118164,10.978158950805664,41262700,0.0,0.0
2025-09-10,11.489999771118164,11.520000457763672,11.3100004196167,11.420000076293945,10.911277770996094,47021300,0.0,0.0
2025-09-11,11.460000038146973,11.789999961853027,11.430000305175781,11.760000228881836,11.236132621765137,64196100,0.0,0.0
2025-09-12,11.75,11.8100004196167,11.65999984741211,11.680000305175781,11.159696578979492,50100800,0.0,0.0
2025-09-15,11.739999771118164,11.760000228881836,11.609999656677246,11.680000305175781,11.159696578979492,47942400,0.0,0.0
2025-09-16,11.6899995803833,11.779999732971191,11.510000228881836,11.609999656677246,11.092813491821289,58065000,0.0,0.0
2025-09-17,11.630000114440918,11.880000114440918,11.550000190734863,11.65999984741211,11.140586853027344,68585900,0.0,0.0
2025-09-18,11.6899995803833,11.779999732971191,11.619999885559082,11.739999771118164,11.217022895812988,55040100,0.0,0.0
2025-09-19,11.770000457763672,11.800000190734863,11.59000015258789,11.619999885559082,11.102368354797363,71676300,0.0,0.0
2025-09-22,11.600000381469727,11.699999809265137,11.569999694824219,11.65999984741211,11.140586853027344,58432700,0.0,0.0
2025-09-23,11.699999809265137,11.930000305175781,11.699999809265137,11.729999542236328,11.207468032836914,55667600,0.0,0.0
2025-09-24,11.729999542236328,11.829999923706055,11.59000015258789,11.630000114440918,11.111923217773438,60193800,0.0,0.0
2025-09-25,11.539999961853027,11.649999618530273,11.369999885559082,11.619999885559082,11.102368354797363,67656300,0.0,0.0
2025-09-26,11.649999618530273,12.319999694824219,11.649999618530273,12.010000228881836,11.474995613098145,117681800,0.0,0.0
2025-09-29,12.100000381469727,12.119999885559082,11.890000343322754,12.09000015258789,11.551431655883789,83325000,0.0,0.0
2025-09-30,12.109999656677246,12.199999809265137,11.90999984741211,11.960000038146973,11.427223205566406,70765000,0.0,0.0
2025-10-01,12.119999885559082,12.279999732971191,12.039999961853027,12.270000457763672,11.723413467407227,73578400,0.0,0.0
2025-10-02,12.279999732971191,12.430000305175781,12.119999885559082,12.220000267028809,11.675640106201172,74530500,0.0,0.0
2025-10-03,12.25,12.670000076293945,12.199999809265137,12.670000076293945,12.105595588684082,100778600,0.0,0.0
2025-10-06,12.630000114440918,12.800000190734863,12.479999542236328,12.699999809265137,12.134258270263672,90544900,0.0,0.0
2025-10-07,12.5,12.529999732971191,11.739999771118164,11.920000076293945,11.389004707336426,154390200,0.0,0.0
2025-10-08,11.979999542236328,12.010000228881836,11.680000305175781,11.739999771118164,11.217022895812988,78469700,0.0,0.0
2025-10-09,11.75,11.770000457763672,11.479999542236328,11.5,10.987713813781738,70320500,0.0,0.0
2025-10-10,11.550000190734863,11.59000015258789,11.350000381469727,11.40999984741211,10.90172290802002,84595400,0.0,0.0
2025-10-13,11.489999771118164,11.630000114440918,11.460000038146973,11.539999961853027,11.025933265686035,73939400,0.0,0.0
2025-10-14,11.380000114440918,11.760000228881836,11.34000015258789,11.649999618530273,11.131031036376953,89117900,0.0,0.0
2025-10-15,11.680000305175781,11.779999732971191,11.640000343322754,11.760000228881836,11.236132621765137,88960700,0.0,0.0
2025-10-16,11.739999771118164,11.789999961853027,11.640000343322754,11.739999771118164,11.217022895812988,108701200,0.0,0.0
2025-10-17,11.739999771118164,12.010000228881836,11.720000267028809,11.920000076293945,11.389004707336426,107633500,0.0,0.0
2025-10-20,11.930000305175781,12.079999923706055,11.90999984741211,11.989999771118164,11.455885887145996,77878900,0.0,0.0
2025-10-21,12.260000228881836,12.630000114440918,12.069999694824219,12.5600004196167,12.000494956970215,297153200,0.0,0.0
2025-10-22,12.529999732971191,12.600000381469727,12.279999732971191,12.430000305175781,11.876285552978516,415062200,0.0,0.0
2025-10-23,12.470000267028809,12.489999771118164,12.1899995803833,12.34000015258789,11.790294647216797,479840300,0.0,0.0
2025-10-24,12.729999542236328,13.970000267028809,12.710000038146973,13.84000015258789,13.223475456237793,298366900,0.0,0.0
2025-10-27,13.800000190734863,13.800000190734863,13.210000038146973,13.260000228881836,12.669313430786133,140859000,0.0,0.0
2025-10-28,13.239999771118164,13.279999732971191,13.039999961853027,13.130000114440918,12.5451021194458,96738500,0.0,0.0
2025-10-29,13.100000381469727,13.390000343322754,13.069999694824219,13.239999771118164,12.650203704833984,127512200,0.0,0.0
2025-10-30,13.140000343322754,13.289999961853027,13.0600004196167,13.0600004196167,12.478221893310547,80766300,0.0,0.0
2025-10-31,13.039999961853027,13.170000076293945,12.989999771118164,13.130000114440918,12.5451021194458,68862000,0.0,0.0
2025-11-03,13.100000381469727,13.100000381469727,12.899999618530273,13.010000228881836,12.430449485778809,80419400,0.0,0.0
2025-11-04,12.90999984741211,12.930000305175781,12.75,12.789999961853027,12.22024917602539,70360600,0.0,0.0
2025-11-05,12.920000076293945,13.3100004196167,12.880000114440918,13.109999656677246,12.525993347167969,79134300,0.0,0.0
2025-11-06,13.140000343322754,13.260000228881836,12.979999542236328,13.119999885559082,12.535548210144043,82291000,0.0,0.0
2025-11-07,12.960000038146973,13.239999771118164,12.949999809265137,13.210000038146973,12.767509460449219,80011300,0.15,0.0
2025-11-10,13.229999542236328,13.239999771118164,13.0,13.15999984741211,12.719184875488281,62051200,0.0,0.0
2025-11-11,13.1899995803833,13.4399995803833,13.1899995803833,13.300000190734863,12.854496002197266,79742400,0.0,0.0
2025-11-12,13.300000190734863,13.5,13.300000190734863,13.449999809265137,12.999470710754395,61840500,0.0,0.0
2025-11-13,13.399999618530273,13.5,13.25,13.279999732971191,12.835165023803711,71481600,0.0,0.0
2025-11-14,13.180000305175781,13.3100004196167,13.100000381469727,13.1899995803833,12.748178482055664,67932400,0.0,0.0
2025-11-17,13.180000305175781,13.180000305175781,12.779999732971191,12.880000114440918,12.448564529418945,73404400,0.0,0.0
2025-11-18,12.869999885559082,13.09000015258789,12.760000228881836,13.020000457763672,12.583873748779297,70215400,0.0,0.0
2025-11-19,13.029999732971191,13.149999618530273,12.859999656677246,12.899999618530273,12.467893600463867,49619300,0.0,0.0
2025-11-20,12.90999984741211,13.010000228881836,12.380000114440918,12.40999984741211,11.994307518005371,95861900,0.0,0.0
2025-11-21,12.510000228881836,12.9399995803833,12.489999771118164,12.829999923706055,12.400238037109375,74048900,0.0,0.0
2025-11-24,12.84000015258789,12.979999542236328,12.829999923706055,12.960000038146973,12.525884628295898,52936200,0.0,0.0
2025-11-25,12.989999771118164,13.260000228881836,12.979999542236328,13.170000076293945,12.728849411010742,52885000,0.0,0.0
2025-11-26,13.170000076293945,13.260000228881836,13.119999885559082,13.1899995803833,12.748178482055664,44942200,0.0,0.0
2025-11-28,13.210000038146973,13.34000015258789,13.180000305175781,13.279999732971191,12.835165023803711,29536200,0.0,0.0
2025-12-01,13.199999809265137,13.390000343322754,13.130000114440918,13.15999984741211,12.719184875488281,51594000,0.0,0.0
2025-12-02,13.1899995803833,13.1899995803833,12.869999885559082,12.960000038146973,12.525884628295898,57641700,0.0,0.0
2025-12-03,12.989999771118164,13.140000343322754,12.960000038146973,13.09000015258789,12.651530265808105,45364700,0.0,0.0
2025-12-04,13.1899995803833,13.239999771118164,13.0600004196167,13.140000343322754,12.699854850769043,47554800,0.0,0.0
2025-12-05,13.149999618530273,13.279999732971191,13.0,13.029999732971191,12.593538284301758,54099400,0.0,0.0
2025-12-08,13.069999694824219,13.15999984741211,12.949999809265137,13.140000343322754,12.699854850769043,45580800,0.0,0.0
2025-12-09,13.130000114440918,13.220000267028809,13.0600004196167,13.079999923706055,12.641864776611328,33350000,0.0,0.0
2025-12-10,13.079999923706055,13.420000076293945,13.069999694824219,13.40999984741211,12.960810661315918,72210700,0.0,0.0
2025-12-11,13.390000343322754,13.680000305175781,13.300000190734863,13.630000114440918,13.173441886901855,59012300,0.0,0.0
2025-12-12,13.670000076293945,13.84000015258789,13.670000076293945,13.760000228881836,13.299086570739746,48337300,0.0,0.0
2025-12-15,13.800000190734863,13.8100004196167,13.489999771118164,13.649999618530273,13.192770957946777,53577300,0.0,0.0
2025-12-16,13.720000267028809,13.989999771118164,13.569999694824219,13.670000076293945,13.212101936340332,69408900,0.0,0.0
2025-12-17,13.630000114440918,13.65999984741211,13.289999961853027,13.3100004196167,12.864160537719727,58320600,0.0,0.0
2025-12-18,13.380000114440918,13.470000267028809,13.25,13.319999694824219,12.873825073242188,52604800,0.0,0.0
2025-12-19,13.3100004196167,13.479999542236328,13.279999732971191,13.470000267028809,13.01880168914795,61640600,0.0,0.0
2025-12-22,13.510000228881836,13.609999656677246,13.420000076293945,13.460000038146973,13.009136199951172,31106100,0.0,0.0
2025-12-23,13.430000305175781,13.449999809265137,13.279999732971191,13.289999961853027,12.844830513000488,25440800,0.0,0.0
2025-12-24,13.300000190734863,13.380000114440918,13.25,13.359999656677246,12.912484169006348,14227600,0.0,0.0
2025-12-26,13.34000015258789,13.380000114440918,13.260000228881836,13.3100004196167,12.864160537719727,22471400,0.0,0.0
2025-12-29,13.270000457763672,13.3100004196167,13.239999771118164,13.279999732971191,12.835165023803711,24398300,0.0,0.0
2025-12-30,13.279999732971191,13.289999961853027,13.199999809265137,13.229999542236328,12.786839485168457,23002800,0.0,0.0
2025-12-31,13.210000038146973,13.220000267028809,13.119999885559082,13.119999885559082,12.680524826049805,26302300,0.0,0.0
2026-01-02,13.180000305175781,13.390000343322754,13.0600004196167,13.34000015258789,12.893155097961426,46366900,0.0,0.0
2026-01-05,13.25,13.479999542236328,13.199999809265137,13.470000267028809,13.01880168914795,50135200,0.0,0.0
2026-01-06,13.510000228881836,13.859999656677246,13.319999694824219,13.800000190734863,13.337746620178223,84534700,0.0,0.0
2026-01-07,13.800000190734863,13.819999694824219,13.59000015258789,13.739999771118164,13.279755592346191,50609000,0.0,0.0
2026-01-08,13.890000343322754,14.5,13.890000343322754,14.399999618530273,13.917648315429688,154276800,0.0,0.0
2026-01-09,14.350000381469727,14.40999984741211,14.09000015258789,14.199999809265137,13.724347114562988,68436200,0.0,0.0
2026-01-12,14.149999618530273,14.1899995803833,13.960000038146973,14.029999732971191,13.560042381286621,53444000,0.0,0.0
2026-01-13,14.0600004196167,14.130000114440918,13.960000038146973,13.979999542236328,13.511716842651367,58867500,0.0,0.0
2026-01-14,14.0,14.119999885559082,13.789999961853027,13.84000015258789,13.376407623291016,65318600,0.0,0.0
2026-01-15,13.920000076293945,14.130000114440918,13.789999961853027,13.8100004196167,13.347412109375,44241500,0.0,0.0
2026-01-16,13.760000228881836,13.800000190734863,13.59000015258789,13.600000381469727,13.14444637298584,60750800,0.0,0.0
2026-01-20,13.470000267028809,13.609999656677246,13.229999542236328,13.279999732971191,12.835165023803711,67018100,0.0,0.0
2026-01-21,13.40999984741211,13.770000457763672,13.40999984741211,13.770000457763672,13.308752059936523,58160100,0.0,0.0
2026-01-22,13.779999732971191,13.84000015258789,13.699999809265137,13.710000038146973,13.250761985778809,38170300,0.0,0.0
2026-01-23,13.699999809265137,13.699999809265137,13.550000190734863,13.5600004196167,13.105786323547363,39702100,0.0,0.0
2026-01-26,13.5600004196167,13.65999984741211,13.34000015258789,13.4399995803833,12.989805221557617,59171000,0.0,0.0
2026-01-27,13.640000343322754,13.949999809265137,13.510000228881836,13.930000305175781,13.46339225769043,100003700,0.0,0.0
2026-01-28,13.880000114440918,13.890000343322754,13.760000228881836,13.819999694824219,13.357076644897461,48751800,0.0,0.0
2026-01-29,13.890000343322754,14.09000015258789,13.800000190734863,14.0,13.531047821044922,84803900,0.0,0.0
2026-01-30,13.90999984741211,13.979999542236328,13.789999961853027,13.880000114440918,13.415067672729492,66996300,0.0,0.0
2026-02-02,13.859999656677246,13.899999618530273,13.75,13.8100004196167,13.347412109375,54218100,0.0,0.0
2026-02-03,13.819999694824219,14.039999961853027,13.609999656677246,13.729999542236328,13.27009105682373,76638000,0.0,0.0
2026-02-04,13.720000267028809,14.0,13.6899995803833,13.819999694824219,13.357076644897461,70488700,0.0,0.0
2026-02-05,13.75,13.819999694824219,13.529999732971191,13.720000267028809,13.26042652130127,79719900,0.0,0.0
2026-02-06,13.779999732971191,13.880000114440918,13.670000076293945,13.800000190734863,13.337746620178223,55588200,0.0,0.0
2026-02-09,13.75,13.779999732971191,13.529999732971191,13.59000015258789,13.134780883789062,59778000,0.0,0.0
2026-02-10,13.640000343322754,13.739999771118164,13.569999694824219,13.569999694824219,13.115449905395508,80827700,0.0,0.0
2026-02-11,13.619999885559082,13.880000114440918,13.520000457763672,13.850000381469727,13.386073112487793,129595000,0.0,0.0
2026-02-12,13.899999618530273,14.359999656677246,13.850000381469727,14.0,13.531047821044922,133257200,0.0,0.0
2026-02-13,13.880000114440918,14.34000015258789,13.850000381469727,14.119999885559082,13.794829368591309,87400200,0.15,0.0
2026-02-17,14.09000015258789,14.170000076293945,13.930000305175781,14.130000114440918,13.80459976196289,57684800,0.0,0.0
2026-02-18,14.109999656677246,14.140000343322754,13.8100004196167,13.850000381469727,13.531048774719238,64199300,0.0,0.0
2026-02-19,13.770000457763672,13.949999809265137,13.6899995803833,13.779999732971191,13.462658882141113,58268500,0.0,0.0
2026-02-20,13.779999732971191,14.039999961853027,13.720000267028809,14.010000228881836,13.687362670898438,67701100,0.0,0.0
2026-02-23,13.979999542236328,14.039999961853027,13.569999694824219,13.640000343322754,13.325884819030762,59134400,0.0,0.0
2026-02-24,13.770000457763672,14.329999923706055,13.729999542236328,14.199999809265137,13.872986793518066,73560800,0.0,0.0
2026-02-25,14.25,14.489999771118164,14.149999618530273,14.430000305175781,14.097691535949707,58968700,0.0,0.0
2026-02-26,14.449999809265137,14.800000190734863,14.300000190734863,14.40999984741211,14.07815170288086,61456300,0.0,0.0
2026-02-27,14.319999694824219,14.569999694824219,14.029999732971191,14.09000015258789,13.765521049499512,73157000,0.0,0.0
2026-03-02,13.930000305175781,13.930000305175781,13.220000267028809,13.390000343322754,13.08164119720459,110305500,0.0,0.0
2026-03-03,13.069999694824219,13.180000305175781,12.680000305175781,12.699999809265137,12.407530784606934,102354700,0.0,0.0
2026-03-04,12.949999809265137,13.149999618530273,12.8100004196167,12.8100004196167,12.514997482299805,73976700,0.0,0.0
2026-03-05,12.699999809265137,12.75,12.239999771118164,12.34000015258789,12.055821418762207,71944300,0.0,0.0
2026-03-06,12.170000076293945,12.319999694824219,12.029999732971191,12.149999618530273,11.870196342468262,59877700,0.0,0.0
2026-03-09,11.9399995803833,12.199999809265137,11.800000190734863,12.1899995803833,11.90927505493164,69611200,0.0,0.0
2026-03-10,12.1899995803833,12.510000228881836,12.1899995803833,12.239999771118164,11.958124160766602,56746300,0.0,0.0
2026-03-11,12.270000457763672,12.489999771118164,12.029999732971191,12.109999656677246,11.831117630004883,50074500,0.0,0.0
2026-03-12,11.930000305175781,12.1899995803833,11.850000381469727,12.039999961853027,11.76272964477539,51733900,0.0,0.0
2026-03-13,12.109999656677246,12.130000114440918,11.649999618530273,11.670000076293945,11.401251792907715,48546500,0.0,0.0
2026-03-16,11.819999694824219,11.880000114440918,11.640000343322754,11.710000038146973,11.440330505371094,49441400,0.0,0.0
2026-03-17,11.859999656677246,12.029999732971191,11.84000015258789,11.9399995803833,11.665032386779785,59520100,0.0,0.0
2026-03-18,11.869999885559082,12.010000228881836,11.699999809265137,11.789999961853027,11.518486976623535,55564800,0.0,0.0
2026-03-19,11.680000305175781,11.75,11.479999542236328,11.640000343322754,11.371941566467285,47423400,0.0,0.0
2026-03-20,11.640000343322754,11.680000305175781,11.369999885559082,11.520000457763672,11.254706382751465,147725100,0.0,0.0
2026-03-23,11.930000305175781,12.010000228881836,11.720000267028809,11.760000228881836,11.489178657531738,44442200,0.0,0.0
2026-03-24,11.680000305175781,11.880000114440918,11.670000076293945,11.84000015258789,11.567336082458496,31903900,0.0,0.0
2026-03-25,11.949999809265137,12.010000228881836,11.65999984741211,11.670000076293945,11.401251792907715,37746100,0.0,0.0
2026-03-26,11.5600004196167,11.720000267028809,11.489999771118164,11.600000381469727,11.332862854003906,28517600,0.0,0.0
2026-03-27,11.539999961853027,11.550000190734863,11.289999961853027,11.369999885559082,11.108160018920898,33064600,0.0,0.0
2026-03-30,11.40999984741211,11.449999809265137,11.109999656677246,11.210000038146973,10.951844215393066,41459900,0.0,0.0
2026-03-31,11.359999656677246,11.59000015258789,11.270000457763672,11.539999961853027,11.274245262145996,38287900,0.0,0.0
2026-04-01,11.619999885559082,11.6899995803833,11.579999923706055,11.680000305175781,11.41102123260498,33991700,0.0,0.0
2026-04-02,11.470000267028809,11.619999885559082,11.359999656677246,11.600000381469727,11.332862854003906,31109100,0.0,0.0
2026-04-06,11.600000381469727,11.630000114440918,11.5,11.609999656677246,11.342632293701172,24374600,0.0,0.0
2026-04-07,11.539999961853027,11.609999656677246,11.350000381469727,11.520000457763672,11.254706382751465,41991600,0.0,0.0
2026-04-08,11.960000038146973,12.239999771118164,11.960000038146973,12.180000305175781,11.899506568908691,58140000,0.0,0.0
2026-04-09,12.069999694824219,12.270000457763672,11.960000038146973,12.239999771118164,11.958124160766602,32576200,0.0,0.0
2026-04-10,12.34000015258789,12.420000076293945,12.069999694824219,12.130000114440918,11.85065746307373,28362700,0.0,0.0
2026-04-13,12.029999732971191,12.170000076293945,11.920000076293945,12.15999984741211,11.879966735839844,32688600,0.0,0.0
2026-04-14,12.510000228881836,12.75,12.449999809265137,12.710000038146973,12.417301177978516,50232200,0.0,0.0
2026-04-15,12.699999809265137,12.760000228881836,12.489999771118164,12.710000038146973,12.417301177978516,39926500,0.0,0.0
2026-04-16,12.670000076293945,12.75,12.420000076293945,12.4399995803833,12.153517723083496,37407700,0.0,0.0
2026-04-17,12.640000343322754,13.039999961853027,12.619999885559082,12.869999885559082,12.573616027832031,45735000,0.0,0.0
2026-04-20,12.8100004196167,12.920000076293945,12.75,12.869999885559082,12.573616027832031,26029000,0.0,0.0
2026-04-21,12.869999885559082,13.029999732971191,12.779999732971191,12.779999732971191,12.485688209533691,32210000,0.0,0.0
2026-04-22,12.84000015258789,12.880000114440918,12.579999923706055,12.630000114440918,12.339142799377441,23958300,0.0,0.0
2026-04-23,12.609999656677246,12.699999809265137,12.369999885559082,12.479999542236328,12.192597389221191,30844500,0.0,0.0
2026-04-24,12.449999809265137,12.460000038146973,12.289999961853027,12.380000114440918,12.094900131225586,35043500,0.0,0.0
2026-04-27,12.380000114440918,12.649999618530273,12.380000114440918,12.489999771118164,12.202366828918457,35098200,0.0,0.0
2026-04-28,12.520000457763672,12.520000457763672,12.239999771118164,12.399999618530273,12.114439010620117,44278000,0.0,0.0
2026-04-29,12.369999885559082,12.380000114440918,12.140000343322754,12.239999771118164,11.958124160766602,48672800,0.0,0.0
2026-04-30,11.550000190734863,12.09000015258789,11.470000267028809,12.079999923706055,11.801809310913086,80557900,0.0,0.0
2026-05-01,12.0600004196167,12.069999694824219,11.779999732971191,11.880000114440918,11.606415748596191,52880500,0.0,0.0
2026-05-04,11.850000381469727,11.880000114440918,11.460000038146973,11.5,11.235166549682617,51014800,0.0,0.0
2026-05-05,11.5600004196167,11.789999961853027,11.5600004196167,11.6899995803833,11.420790672302246,42262100,0.0,0.0
2026-05-06,11.9399995803833,12.25,11.9399995803833,12.170000076293945,11.88973617553711,52111200,0.0,0.0
2026-05-07,12.220000267028809,12.300000190734863,12.0600004196167,12.180000305175781,11.899506568908691,38986700,0.0,0.0
2026-05-08,12.289999961853027,12.369999885559082,12.180000305175781,12.319999694824219,12.03628158569336,38453500,0.0,0.0
2026-05-11,12.34000015258789,12.390000343322754,12.010000228881836,12.050000190734863,11.772500038146973,48850800,0.0,0.0
2026-05-12,11.920000076293945,12.029999732971191,11.800000190734863,11.989999771118164,11.86153507232666,42165300,0.15,0.0
2026-05-13,11.970000267028809,13.9399995803833,11.970000267028809,13.569999694824219,13.424606323242188,216261200,0.0,0.0
2026-05-14,13.75,14.9399995803833,13.630000114440918,14.479999542236328,14.324856758117676,187021600,0.0,0.0
2026-05-15,13.979999542236328,14.050000190734863,13.289999961853027,13.399999618530273,13.256427764892578,108272300,0.0,0.0
2026-05-18,13.989999771118164,13.989999771118164,13.020000457763672,13.029999732971191,12.890392303466797,69708800,0.0,0.0
2026-05-19,12.890000343322754,13.229999542236328,12.720000267028809,13.0600004196167,12.920071601867676,41418200,0.0,0.0
2026-05-20,13.050000190734863,13.3100004196167,12.920000076293945,13.220000267028809,13.078357696533203,42349000,0.0,0.0
2026-05-21,13.170000076293945,13.800000190734863,13.140000343322754,13.670000076293945,13.52353572845459,72523100,0.0,0.0
2026-05-22,13.789999961853027,14.949999809265137,13.770000457763672,14.930000305175781,14.770035743713379,109712200,0.0,0.0
2026-05-26,14.779999732971191,15.550000190734863,14.779999732971191,15.319999694824219,15.15585708618164,90423300,0.0,0.0
2026-05-27,15.430000305175781,16.059999465942383,15.390000343322754,15.880000114440918,15.709856986999512,89234100,0.0,0.0
2026-05-28,15.859999656677246,16.75,15.859999656677246,16.649999618530273,16.471607208251953,98577300,0.0,0.0
2026-05-29,16.8799991607666,17.780000686645508,16.81999969482422,17.440000534057617,17.253143310546875,154228200,0.0,0.0
2026-06-01,17.3799991607666,17.479999542236328,16.6299991607666,16.6299991607666,16.451820373535156,97586400,0.0,0.0
2026-06-02,16.56999969482422,16.75,15.829999923706055,16.149999618530273,15.976963996887207,72847500,0.0,0.0
2026-06-03,16.010000228881836,16.200000762939453,15.630000114440918,15.710000038146973,15.541678428649902,59298500,0.0,0.0
2026-06-04,15.890000343322754,15.890000343322754,15.220000267028809,15.34000015258789,15.175642967224121,50079400,0.0,0.0
2026-06-05,15.229999542236328,15.260000228881836,14.680000305175781,14.899999618530273,14.7403564453125,65372100,0.0,0.0
2026-06-08,14.989999771118164,15.1899995803833,14.90999984741211,15.0,14.839285850524902,33038300,0.0,0.0
2026-06-09,15.109999656677246,15.390000343322754,14.489999771118164,14.949999809265137,14.789820671081543,51032600,0.0,0.0
2026-06-10,14.84000015258789,14.84000015258789,14.229999542236328,14.300000190734863,14.146785736083984,50776700,0.0,0.0
2026-06-11,14.300000190734863,14.779999732971191,14.100000381469727,14.710000038146973,14.552392959594727,47657200,0.0,0.0
2026-06-12,14.75,15.0,14.609999656677246,14.84000015258789,14.680999755859375,42162200,0.0,0.0
2026-06-15,15.220000267028809,15.479999542236328,14.739999771118164,14.770000457763672,14.611750602722168,48551900,0.0,0.0
2026-06-16,14.789999961853027,14.850000381469727,14.40999984741211,14.40999984741211,14.255606651306152,47490000,0.0,0.0
2026-06-17,14.430000305175781,14.479999542236328,13.930000305175781,13.960000038146973,13.810428619384766,43099800,0.0,0.0
2026-06-18,14.119999885559082,14.130000114440918,13.720000267028809,14.0600004196167,13.909357070922852,88711700,0.0,0.0
2026-06-22,14.100000381469727,14.5600004196167,13.949999809265137,14.109999656677246,13.958821296691895,66738100,0.0,0.0
2026-06-23,13.84000015258789,14.220000267028809,13.739999771118164,14.0,13.850000381469727,65368300,0.0,0.0
2026-06-24,14.029999732971191,14.149999618530273,13.710000038146973,13.84000015258789,13.6917142868042,51675000,0.0,0.0
2026-06-25,13.920000076293945,14.359999656677246,13.890000343322754,14.109999656677246,13.958821296691895,61741400,0.0,0.0
2026-06-26,13.970000267028809,14.479999542236328,13.970000267028809,14.130000114440918,13.978607177734375,59551900,0.0,0.0
2026-06-29,14.09000015258789,14.25,13.960000038146973,14.020000457763672,13.869786262512207,46333200,0.0,0.0
2026-06-30,14.020000457763672,14.1899995803833,13.789999961853027,13.899999618530273,13.751070976257324,59308700,0.0,0.0
2026-07-01,13.850000381469727,13.880000114440918,13.550000190734863,13.640000343322754,13.493857383728027,44544000,0.0,0.0
2026-07-02,13.819999694824219,14.0,13.220000267028809,13.359999656677246,13.216856956481934,48984900,0.0,0.0
2026-07-06,13.510000228881836,13.899999618530273,13.420000076293945,13.829999923706055,13.6818208694458,54301400,0.0,0.0
2026-07-07,13.75,13.800000190734863,13.550000190734863,13.5600004196167,13.414714813232422,43813400,0.0,0.0
2026-07-08,13.380000114440918,13.569999694824219,13.239999771118164,13.5,13.35535717010498,43967600,0.0,0.0
2026-07-09,13.59000015258789,13.75,13.4399995803833,13.609999656677246,13.464178085327148,41197500,0.0,0.0
2026-07-10,13.630000114440918,14.100000381469727,13.630000114440918,14.0,13.850000381469727,47092800,0.0,0.0
2026-07-13,13.989999771118164,14.220000267028809,13.819999694824219,13.850000381469727,13.701607704162598,51284100,0.0,0.0
2026-07-14,14.0,14.029999732971191,13.760000228881836,13.9399995803833,13.790642738342285,42721900,0.0,0.0
2026-07-15,14.039999961853027,14.380000114440918,13.970000267028809,14.180000305175781,14.028071403503418,57373200,0.0,0.0
2026-07-16,14.199999809265137,14.270000457763672,14.0,14.1899995803833,14.0379638671875,33315200,0.0,0.0
2026-07-17,14.039999961853027,14.5,13.850000381469727,14.229999542236328,14.077535629272461,45456500,0.0,0.0
2026-07-20,14.300000190734863,14.300000190734863,13.9399995803833,13.989999771118164,13.840106964111328,39940100,0.0,0.0
2026-07-21,14.149999618530273,14.420000076293945,14.029999732971191,14.270000457763672,14.117107391357422,48936300,0.0,0.0
2026-07-22,14.270000457763672,14.699999809265137,14.260000228881836,14.420000076293945,14.26550006866455,62012000,0.0,0.0
2026-07-23,14.210000038146973,14.279999732971191,14.020000457763672,14.149999618530273,13.998392105102539,65393700,0.0,0.0
2026-07-24,14.170000076293945,14.550000190734863,14.140000343322754,14.369999885559082,14.216035842895508,76549600,0.0,0.0
2026-07-27,14.8100004196167,14.869999885559082,14.34000015258789,14.680000305175781,14.522714614868164,58748400,0.0,0.0
2026-07-28,14.760000228881836,15.020000457763672,14.65999984741211,14.960000038146973,14.799714088439941,75709000,0.0,0.0
2026-07-29,15.569999694824219,16.290000915527344,15.15999984741211,15.279999732971191,15.11628532409668,98361100,0.0,0.0
2026-07-30,15.34000015258789,15.369999885559082,14.640000343322754,14.859999656677246,14.700785636901855,60025800,0.0,0.0
2026-07-31,14.960000038146973,15.029999732971191,14.40999984741211,14.680000305175781,14.522714614868164,56015200,0.0,0.0
2026-08-03,14.90999984741211,15.0600004196167,14.430000305175781,14.430000305175781,14.27539348602295,42705200,0.0,0.0
2026-08-04,14.489999771118164,14.489999771118164,13.979999542236328,14.239999771118164,14.087428092956543,53923500,0.0,0.0
2026-08-05,14.329999923706055,14.489999771118164,14.130000114440918,14.130000114440918,13.978607177734375,41003600,0.0,0.0
2026-08-06,14.149999618530273,14.15999984741211,13.75,13.789999961853027,13.642250061035156,59941400,0.0,0.0
2026-08-07,13.819999694824219,14.09000015258789,13.760000228881836,13.979999542236328,13.83021354675293,34589200,0.0,0.0
2026-08-10,13.9399995803833,14.069999694824219,13.760000228881836,14.0,13.850000381469727,39252700,0.0,0.0
2026-08-11,13.890000343322754,14.180000305175781,13.84000015258789,13.979999542236328,13.979999542236328,36394900,0.15,0.0
2026-08-12,14.029999732971191,14.079999923706055,13.789999961853027,13.829999923706055,13.829999923706055,38326500,0.0,0.0
2026-08-13,13.859999656677246,14.010000228881836,13.819999694824219,13.890000343322754,13.890000343322754,26341400,0.0,0.0
2026-08-14,13.970000267028809,14.4399995803833,13.930000305175781,14.369999885559082,14.369999885559082,49580800,0.0,0.0
2026-08-17,14.260000228881836,14.260000228881836,14.0,14.050000190734863,14.050000190734863,31475800,0.0,0.0
2026-08-18,14.050000190734863,14.050000190734863,13.859999656677246,13.930000305175781,13.930000305175781,25839100,0.0,0.0
2026-08-19,14.050000190734863,14.5,14.050000190734863,14.5,14.5,50810300,0.0,0.0
2026-08-20,14.289999961853027,14.300000190734863,13.819999694824219,13.989999771118164,13.989999771118164,41185900,0.0,0.0
2026-08-21,14.130000114440918,14.550000190734863,14.130000114440918,14.40999984741211,14.40999984741211,45121000,0.0,0.0
2026-08-24,14.390000343322754,14.399999618530273,13.779999732971191,13.930000305175781,13.930000305175781,53277300,0.0,0.0
2026-08-25,13.930000305175781,14.020000457763672,13.819999694824219,13.949999809265137,13.949999809265137,35605500,0.0,0.0
2026-08-26,13.930000305175781,13.930000305175781,13.760000228881836,13.899999618530273,13.899999618530273,28493700,0.0,0.0
2026-08-27,13.859999656677246,14.100000381469727,13.850000381469727,13.949999809265137,13.949999809265137,37675800,0.0,0.0
2026-08-28,14.119999885559082,14.260000228881836,13.800000190734863,13.880000114440918,13.880000114440918,40250300,0.0,0.0
2026-08-31,13.899999618530273,14.050000190734863,13.869999885559082,13.9399995803833,13.9399995803833,41054600,0.0,0.0
2026-09-01,13.949999809265137,14.050000190734863,13.729999542236328,13.84000015258789,13.84000015258789,50110700,0.0,0.0
2026-09-02,13.880000114440918,14.239999771118164,13.770000457763672,14.140000343322754,14.140000343322754,58216800,0.0,0.0
2026-09-03,14.300000190734863,14.470000267028809,14.0600004196167,14.40999984741211,14.40999984741211,40628400,0.0,0.0
2026-09-04,14.380000114440918,14.640000343322754,14.300000190734863,14.619999885559082,14.619999885559082,39292500,0.0,0.0
2026-09-08,14.600000381469727,14.600000381469727,13.869999885559082,14.0,14.0,46663600,0.0,0.0
2026-09-09,13.960000038146973,14.15999984741211,13.449999809265137,13.449999809265137,13.449999809265137,68871400,0.0,0.0
2026-09-10,13.329999923706055,13.949999809265137,13.149999618530273,13.880000114440918,13.880000114440918,47988700,0.0,0.0
2026-09-11,14.09000015258789,14.130000114440918,13.880000114440918,13.970000267028809,13.970000267028809,39394600,0.0,0.0
2026-09-14,13.859999656677246,13.949999809265137,13.739999771118164,13.859999656677246,13.859999656677246,31579500,0.0,0.0
2026-09-15,13.880000114440918,13.890000343322754,13.479999542236328,13.5,13.5,45801400,0.0,0.0
2026-09-16,13.539999961853027,13.569999694824219,13.25,13.350000381469727,13.350000381469727,53312700,0.0,0.0
2026-09-17,13.609999656677246,13.829999923706055,13.59000015258789,13.609999656677246,13.609999656677246,46084000,0.0,0.0
2026-09-18,13.539999961853027,13.600000381469727,12.9399995803833,13.210000038146973,13.210000038146973,111376400,0.0,0.0
2026-09-21,13.350000381469727,13.449999809265137,13.170000076293945,13.170000076293945,13.170000076293945,50081000,0.0,0.0
2026-09-22,13.300000190734863,13.3100004196167,12.979999542236328,13.100000381469727,13.100000381469727,45152900,0.0,0.0
2026-09-23,12.970000267028809,13.100000381469727,12.869999885559082,12.9399995803833,12.9399995803833,35407500,0.0,0.0
2026-09-24,12.949999809265137,12.989999771118164,12.569999694824219,12.600000381469727,12.600000381469727,52297300,0.0,0.0
2026-09-25,12.609999656677246,12.8100004196167,12.529999732971191,12.710000038146973,12.710000038146973,35094400,0.0,0.0
2026-09-28,12.630000114440918,12.670000076293945,12.289999961853027,12.380000114440918,12.380000114440918,45502000,0.0,0.0
2026-09-29,12.380000114440918,12.399999618530273,12.229999542236328,12.300000190734863,12.300000190734863,34785800,0.0,0.0
2026-09-30,12.369999885559082,12.390000343322754,11.960000038146973,12.0600004196167,12.0600004196167,50535700,0.0,0.0
2026-10-01,12.0,12.289999961853027,11.90999984741211,12.270000457763672,12.270000457763672,46686800,0.0,0.0
2026-10-02,12.300000190734863,12.300000190734863,11.970000267028809,12.100000381469727,12.100000381469727,49099500,0.0,0.0
