Date,Open,High,Low,Close,Adj Close,Volume,Dividends,Stock Splits
2015-01-02,36.66999816894531,37.15999984741211,36.11000061035156,36.36000061035156,27.89646339416504,23605600,0.0,0.0
2015-01-05,36.20000076293945,36.45000076293945,35.939998626708984,35.95000076293945,27.581897735595703,32785000,0.0,0.0
2015-01-06,36.08000183105469,36.22999954223633,35.2599983215332,35.279998779296875,27.067859649658203,30847600,0.0,0.0
2015-01-07,35.63999938964844,36.06999969482422,35.27000045776367,36.02000045776367,27.63559913635254,27725200,0.0,0.0
2015-01-08,36.369998931884766,37.0,36.2599983215332,36.689998626708984,28.149642944335938,31765400,0.0,0.0
2015-01-09,36.77000045776367,37.11000061035156,36.400001525878906,36.7599983215332,28.203344345092773,22850500,0.0,0.0
2015-01-12,36.900001525878906,37.0,36.22999954223633,36.599998474121094,28.080595016479492,29400800,0.0,0.0
2015-01-13,36.869998931884766,37.4900016784668,36.290000915527344,36.5,28.003875732421875,31478000,0.0,0.0
2015-01-14,36.33000183105469,36.90999984741211,35.90999984741211,36.349998474121094,27.88878631591797,34250300,0.0,0.0
2015-01-15,36.529998779296875,36.880001068115234,36.029998779296875,36.189998626708984,27.766021728515625,47181800,0.0,0.0
2015-01-16,36.119998931884766,36.65999984741211,35.5099983215332,36.45000076293945,27.965513229370117,62812200,0.0,0.0
2015-01-20,36.099998474121094,36.459999084472656,35.56999969482422,36.09000015258789,27.689300537109375,35929400,0.0,0.0
2015-01-21,35.849998474121094,36.68000030517578,35.77000045776367,36.47999954223633,27.98851776123047,27442600,0.0,0.0
2015-01-22,36.560001373291016,37.0,36.13999938964844,36.90999984741211,28.318429946899414,31809900,0.0,0.0
2015-01-23,36.959999084472656,37.029998779296875,36.380001068115234,36.45000076293945,27.965513229370117,27427100,0.0,0.0
2015-01-26,36.189998626708984,36.29999923706055,35.56999969482422,35.810001373291016,27.47447967529297,30906800,0.0,0.0
2015-01-27,34.400001525878906,34.720001220703125,33.54999923706055,34.189998626708984,26.231563568115234,58456200,0.0,0.0
2015-01-28,34.470001220703125,34.70000076293945,33.720001220703125,33.779998779296875,25.917003631591797,34929100,0.0,0.0
2015-01-29,33.84000015258789,34.279998779296875,33.459999084472656,34.209999084472656,26.246910095214844,29569400,0.0,0.0
2015-01-30,33.70000076293945,33.9900016784668,33.0,33.040000915527344,25.349254608154297,38719700,0.0,0.0
2015-02-02,33.060001373291016,33.75,32.650001525878906,33.650001525878906,25.817264556884766,38733800,0.0,0.0
2015-02-03,33.779998779296875,34.04999923706055,32.61000061035156,33.70000076293945,25.85563087463379,36038300,0.0,0.0
2015-02-04,33.66999816894531,33.84000015258789,33.29999923706055,33.599998474121094,25.963802337646484,25052800,0.24,0.0
2015-02-05,33.68000030517578,33.9900016784668,33.45000076293945,33.939998626708984,26.226539611816406,20491400,0.0,0.0
2015-02-06,33.91999816894531,34.0,33.13999938964844,33.29999923706055,25.73198699951172,29342400,0.0,0.0
2015-02-09,33.0,33.2400016784668,32.66999816894531,32.93000030517578,25.446073532104492,28705500,0.0,0.0
2015-02-10,33.20000076293945,33.72999954223633,33.04999923706055,33.70000076293945,26.04108428955078,20200000,0.0,0.0
2015-02-11,33.66999816894531,33.7599983215332,33.31999969482422,33.54999923706055,25.9251766204834,18364200,0.0,0.0
2015-02-12,33.97999954223633,34.130001068115234,33.7599983215332,34.130001068115234,26.37335968017578,20056700,0.0,0.0
2015-02-13,34.25,34.369998931884766,33.95000076293945,34.36000061035156,26.551090240478516,18037900,0.0,0.0
2015-02-17,34.400001525878906,34.75,34.2599983215332,34.7400016784668,26.844736099243164,19374100,0.0,0.0
2015-02-18,34.650001525878906,34.709999084472656,34.189998626708984,34.27000045776367,26.481544494628906,19992900,0.0,0.0
2015-02-19,34.25,34.41999816894531,34.04999923706055,34.209999084472656,26.435171127319336,11017500,0.0,0.0
2015-02-20,34.150001525878906,34.56999969482422,33.90999984741211,34.40999984741211,26.5897274017334,20955600,0.0,0.0
2015-02-23,34.400001525878906,34.5,33.58000183105469,33.7599983215332,26.08745002746582,25565500,0.0,0.0
2015-02-24,33.61000061035156,34.4900016784668,33.5099983215332,34.40999984741211,26.5897274017334,29607500,0.0,0.0
2015-02-25,34.029998779296875,34.150001525878906,33.72999954223633,33.95000076293945,26.234268188476562,24686300,0.0,0.0
2015-02-26,33.619998931884766,33.880001068115234,33.43000030517578,33.650001525878906,26.002445220947266,25928400,0.0,0.0
2015-02-27,33.630001068115234,33.63999938964844,33.209999084472656,33.25,25.693355560302734,24427300,0.0,0.0
2015-03-02,33.290000915527344,34.130001068115234,33.119998931884766,34.060001373291016,26.319271087646484,25406400,0.0,0.0
2015-03-03,33.95000076293945,34.380001068115234,33.90999984741211,34.099998474121094,26.35017204284668,27332000,0.0,0.0
2015-03-04,33.86000061035156,34.40999984741211,33.720001220703125,34.119998931884766,26.365631103515625,23005800,0.0,0.0
2015-03-05,34.2599983215332,34.5,33.59000015258789,33.72999954223633,26.06426239013672,21225800,0.0,0.0
2015-03-06,33.540000915527344,33.68000030517578,33.08000183105469,33.189998626708984,25.646987915039062,32373100,0.0,0.0
2015-03-09,33.20000076293945,33.27000045776367,32.47999954223633,32.720001220703125,25.28380012512207,33058800,0.0,0.0
2015-03-10,32.2400016784668,32.40999984741211,31.5,31.700000762939453,24.495622634887695,50278900,0.0,0.0
2015-03-11,31.969999313354492,32.959999084472656,31.950000762939453,32.33000183105469,24.982440948486328,49683600,0.0,0.0
2015-03-12,31.010000228881836,31.600000381469727,30.579999923706055,30.799999237060547,23.800159454345703,107402400,0.0,0.0
2015-03-13,30.6299991607666,30.979999542236328,30.360000610351562,30.93000030517578,23.900611877441406,47954700,0.0,0.0
2015-03-16,30.93000030517578,31.110000610351562,30.649999618530273,30.829999923706055,23.82333755493164,33074600,0.0,0.0
2015-03-17,30.579999923706055,30.729999542236328,30.40999984741211,30.59000015258789,23.63788604736328,29215600,0.0,0.0
2015-03-18,30.40999984741211,31.200000762939453,30.299999237060547,30.889999389648438,23.869709014892578,39834100,0.0,0.0
2015-03-19,30.780000686645508,31.100000381469727,30.690000534057617,30.739999771118164,23.753793716430664,27414200,0.0,0.0
2015-03-20,30.989999771118164,31.6200008392334,30.93000030517578,31.309999465942383,24.194250106811523,64777100,0.0,0.0
2015-03-23,31.290000915527344,31.790000915527344,31.200000762939453,31.200000762939453,24.109254837036133,29694000,0.0,0.0
2015-03-24,31.15999984741211,31.31999969482422,30.739999771118164,30.790000915527344,23.792436599731445,28471400,0.0,0.0
2015-03-25,30.809999465942383,30.889999389648438,29.860000610351562,29.889999389648438,23.096969604492188,37691000,0.0,0.0
2015-03-26,29.5,30.399999618530273,29.309999465942383,30.079999923706055,23.24378776550293,45450100,0.0,0.0
2015-03-27,30.010000228881836,33.0,29.850000381469727,32.0,24.727436065673828,73857200,0.0,0.0
2015-03-30,31.65999984741211,32.099998474121094,31.299999237060547,31.459999084472656,24.310163497924805,51391500,0.0,0.0
2015-03-31,31.43000030517578,31.93000030517578,31.200000762939453,31.270000457763672,24.163345336914062,32098500,0.0,0.0
2015-04-01,31.1299991607666,31.31999969482422,30.649999618530273,30.809999465942383,23.807884216308594,31532100,0.0,0.0
2015-04-02,30.799999237060547,31.229999542236328,30.670000076293945,30.809999465942383,23.807884216308594,20909600,0.0,0.0
2015-04-06,30.809999465942383,31.25,30.450000762939453,31.040000915527344,23.985610961914062,21490900,0.0,0.0
2015-04-07,31.06999969482422,31.59000015258789,31.0,31.260000228881836,24.155620574951172,23258300,0.0,0.0
2015-04-08,31.229999542236328,31.559999465942383,31.059999465942383,31.309999465942383,24.194250106811523,18250300,0.0,0.0
2015-04-09,30.68000030517578,31.6200008392334,30.56999969482422,31.239999771118164,24.140159606933594,34167600,0.0,0.0
2015-04-10,31.329999923706055,31.940000534057617,31.329999923706055,31.93000030517578,24.673349380493164,28084900,0.0,0.0
2015-04-13,31.809999465942383,32.04999923706055,31.709999084472656,31.729999542236328,24.518798828125,23489000,0.0,0.0
2015-04-14,31.68000030517578,31.940000534057617,31.270000457763672,31.489999771118164,24.333349227905273,39754000,0.0,0.0
2015-04-15,32.2599983215332,32.9900016784668,32.06999969482422,32.83000183105469,25.368806838989258,61083500,0.0,0.0
2015-04-16,32.849998474121094,32.9900016784668,32.70000076293945,32.869998931884766,25.399715423583984,28903200,0.0,0.0
2015-04-17,32.5099983215332,32.70000076293945,32.220001220703125,32.470001220703125,25.090627670288086,30593600,0.0,0.0
2015-04-20,32.61000061035156,32.790000915527344,32.529998779296875,32.72999954223633,25.29153060913086,20649300,0.0,0.0
2015-04-21,32.93000030517578,32.970001220703125,32.279998779296875,32.43000030517578,25.059711456298828,19023800,0.0,0.0
2015-04-22,32.40999984741211,32.720001220703125,32.029998779296875,32.70000076293945,25.268354415893555,21144200,0.0,0.0
2015-04-23,32.040000915527344,32.40999984741211,32.0099983215332,32.349998474121094,24.997892379760742,23775300,0.0,0.0
2015-04-24,32.40999984741211,32.47999954223633,32.02000045776367,32.08000183105469,24.78925895690918,22759900,0.0,0.0
2015-04-27,32.08000183105469,32.689998626708984,32.08000183105469,32.5,25.113801956176758,25869600,0.0,0.0
2015-04-28,32.29999923706055,33.040000915527344,32.22999954223633,33.02000045776367,25.515628814697266,29572800,0.0,0.0
2015-04-29,32.560001373291016,33.0,32.54999923706055,32.88999938964844,25.415164947509766,21819000,0.0,0.0
2015-04-30,32.709999084472656,32.849998474121094,32.29999923706055,32.54999923706055,25.152441024780273,22013300,0.0,0.0
2015-05-01,32.630001068115234,33.4900016784668,32.619998931884766,33.41999816894531,25.82471466064453,27091200,0.0,0.0
2015-05-04,33.27000045776367,33.5,33.220001220703125,33.43000030517578,25.83245086669922,21397300,0.0,0.0
2015-05-05,33.0,33.099998474121094,32.56999969482422,32.63999938964844,25.40437126159668,29779200,0.24,0.0
2015-05-06,32.5,32.790000915527344,31.93000030517578,32.220001220703125,25.07747459411621,31985400,0.0,0.0
2015-05-07,32.27000045776367,32.630001068115234,32.18000030517578,32.2400016784668,25.093050003051758,21475300,0.0,0.0
2015-05-08,32.5099983215332,32.880001068115234,32.34000015258789,32.79999923706055,25.52889633178711,26926500,0.0,0.0
2015-05-11,32.68000030517578,32.709999084472656,32.43000030517578,32.689998626708984,25.443288803100586,18358600,0.0,0.0
2015-05-12,32.439998626708984,32.5,32.0,32.25,25.100830078125,24530200,0.0,0.0
2015-05-13,32.27000045776367,32.900001525878906,32.27000045776367,32.63999938964844,25.40437126159668,20470800,0.0,0.0
2015-05-14,32.86000061035156,33.130001068115234,32.77000045776367,32.970001220703125,25.661216735839844,21098900,0.0,0.0
2015-05-15,33.09000015258789,33.119998931884766,32.75,32.9900016784668,25.676786422729492,17149700,0.0,0.0
2015-05-18,32.97999954223633,33.40999984741211,32.849998474121094,33.40999984741211,26.003679275512695,23689500,0.0,0.0
2015-05-19,33.36000061035156,33.380001068115234,32.9900016784668,33.150001525878906,25.801315307617188,21867100,0.0,0.0
2015-05-20,33.060001373291016,33.5,33.0099983215332,33.369998931884766,25.972545623779297,21359800,0.0,0.0
2015-05-21,33.209999084472656,33.560001373291016,33.06999969482422,33.54999923706055,26.112642288208008,21269800,0.0,0.0
2015-05-22,33.470001220703125,33.5099983215332,33.31999969482422,33.45000076293945,26.034809112548828,20845000,0.0,0.0
2015-05-26,33.27000045776367,33.290000915527344,32.84000015258789,33.099998474121094,25.76239585876465,28594500,0.0,0.0
2015-05-27,33.20000076293945,33.849998474121094,33.130001068115234,33.709999084472656,26.237171173095703,30172700,0.0,0.0
2015-05-28,33.7400016784668,34.150001525878906,33.68000030517578,34.0099983215332,26.470674514770508,27065700,0.0,0.0
2015-05-29,34.2400016784668,34.75,34.209999084472656,34.459999084472656,26.820907592773438,43545500,0.0,0.0
2015-06-01,34.369998931884766,34.59000015258789,33.68000030517578,33.90999984741211,26.39282989501953,46734500,0.0,0.0
2015-06-02,33.63999938964844,33.75,33.13999938964844,33.27000045776367,25.894716262817383,36351100,0.0,0.0
2015-06-03,33.16999816894531,33.2400016784668,32.59000015258789,32.72999954223633,25.47441864013672,38138700,0.0,0.0
2015-06-04,32.5099983215332,32.720001220703125,32.20000076293945,32.310001373291016,25.147525787353516,33761800,0.0,0.0
2015-06-05,32.279998779296875,32.29999923706055,31.829999923706055,31.84000015258789,24.78171730041504,27778500,0.0,0.0
2015-06-08,31.809999465942383,31.950000762939453,31.209999084472656,31.299999237060547,24.361425399780273,38171600,0.0,0.0
2015-06-09,31.329999923706055,31.65999984741211,31.149999618530273,31.25,24.322505950927734,33976700,0.0,0.0
2015-06-10,31.459999084472656,32.15999984741211,31.3700008392334,31.81999969482422,24.766149520874023,33336800,0.0,0.0
2015-06-11,31.950000762939453,32.099998474121094,31.84000015258789,31.850000381469727,24.789501190185547,24293600,0.0,0.0
2015-06-12,31.719999313354492,32.099998474121094,31.200000762939453,31.31999969482422,24.376991271972656,31629800,0.0,0.0
2015-06-15,31.1200008392334,31.510000228881836,30.940000534057617,31.389999389648438,24.431474685668945,23175000,0.0,0.0
2015-06-16,31.260000228881836,31.760000228881836,31.1299991607666,31.639999389648438,24.626047134399414,20254500,0.0,0.0
2015-06-17,31.75,32.09000015258789,31.690000534057617,31.950000762939453,24.867332458496094,28194200,0.0,0.0
2015-06-18,32.08000183105469,32.5,32.0,32.380001068115234,25.202003479003906,27722400,0.0,0.0
2015-06-19,32.400001525878906,32.56999969482422,31.959999084472656,32.06999969482422,24.960723876953125,39008400,0.0,0.0
2015-06-22,32.2599983215332,32.38999938964844,32.08000183105469,32.2599983215332,25.108612060546875,23608400,0.0,0.0
2015-06-23,32.310001373291016,32.34000015258789,31.93000030517578,32.09000015258789,24.97629165649414,17995900,0.0,0.0
2015-06-24,32.150001525878906,32.150001525878906,31.8799991607666,31.90999984741211,24.836196899414062,23313900,0.0,0.0
2015-06-25,32.02000045776367,32.31999969482422,31.989999771118164,31.989999771118164,24.898462295532227,22743300,0.0,0.0
2015-06-26,31.510000228881836,31.530000686645508,30.760000228881836,31.020000457763672,24.14348793029785,62157200,0.0,0.0
2015-06-29,30.700000762939453,30.979999542236328,30.309999465942383,30.389999389648438,23.653152465820312,35194500,0.0,0.0
2015-06-30,30.6299991607666,30.690000534057617,30.149999618530273,30.420000076293945,23.67650032043457,34412200,0.0,0.0
2015-07-01,30.489999771118164,30.549999237060547,30.010000228881836,30.18000030517578,23.489704132080078,27178900,0.0,0.0
2015-07-02,30.18000030517578,30.920000076293945,30.100000381469727,30.559999465942383,23.785465240478516,27105200,0.0,0.0
2015-07-06,30.239999771118164,30.450000762939453,29.84000015258789,30.040000915527344,23.380735397338867,32468100,0.0,0.0
2015-07-07,29.8700008392334,29.93000030517578,29.09000015258789,29.899999618530273,23.271774291992188,43833700,0.0,0.0
2015-07-08,29.399999618530273,29.670000076293945,29.149999618530273,29.5,22.96044921875,45223800,0.0,0.0
2015-07-09,29.719999313354492,29.889999389648438,28.81999969482422,28.93000030517578,22.516803741455078,47167800,0.0,0.0
2015-07-10,29.200000762939453,29.350000381469727,28.940000534057617,29.170000076293945,22.703594207763672,31423800,0.0,0.0
2015-07-13,29.270000457763672,29.81999969482422,29.190000534057617,29.729999542236328,23.139453887939453,26452400,0.0,0.0
2015-07-14,29.65999984741211,30.110000610351562,29.440000534057617,29.649999618530273,23.07719612121582,39778300,0.0,0.0
2015-07-15,29.649999618530273,29.989999771118164,29.469999313354492,29.690000534057617,23.108327865600586,47852500,0.0,0.0
2015-07-16,30.469999313354492,30.479999542236328,29.100000381469727,29.899999618530273,23.271774291992188,81166700,0.0,0.0
2015-07-17,29.65999984741211,29.799999237060547,29.100000381469727,29.469999313354492,22.93709373474121,43697600,0.0,0.0
2015-07-20,29.6200008392334,29.6200008392334,29.06999969482422,29.100000381469727,22.64911651611328,33812900,0.0,0.0
2015-07-21,28.959999084472656,29.260000228881836,28.670000076293945,28.719999313354492,22.353357315063477,45191000,0.0,0.0
2015-07-22,28.56999969482422,28.850000381469727,28.43000030517578,28.610000610351562,22.26774787902832,36387200,0.0,0.0
2015-07-23,28.65999984741211,28.969999313354492,28.43000030517578,28.600000381469727,22.25995635986328,33775200,0.0,0.0
2015-07-24,28.530000686645508,28.639999389648438,28.059999465942383,28.059999465942383,21.839664459228516,31621000,0.0,0.0
2015-07-27,28.06999969482422,28.420000076293945,27.6200008392334,28.350000381469727,22.06537437438965,42161100,0.0,0.0
2015-07-28,28.510000228881836,29.18000030517578,28.440000534057617,28.959999084472656,22.540151596069336,33182400,0.0,0.0
2015-07-29,28.950000762939453,29.1299991607666,28.790000915527344,29.010000228881836,22.579063415527344,26470200,0.0,0.0
2015-07-30,29.100000381469727,29.450000762939453,28.850000381469727,28.90999984741211,22.501239776611328,26582400,0.0,0.0
2015-07-31,29.1200008392334,29.1200008392334,28.770000457763672,28.950000762939453,22.532367706298828,27158800,0.0,0.0
2015-08-03,29.0,29.350000381469727,28.899999618530273,29.049999237060547,22.610200881958008,26213600,0.0,0.0
2015-08-04,28.979999542236328,29.149999618530273,28.860000610351562,29.1299991607666,22.672470092773438,25741700,0.0,0.0
2015-08-05,29.190000534057617,29.389999389648438,29.020000457763672,29.1200008392334,22.852968215942383,23622700,0.24,0.0
2015-08-06,29.15999984741211,29.229999542236328,28.850000381469727,29.010000228881836,22.766632080078125,27958200,0.0,0.0
2015-08-07,28.799999237060547,28.959999084472656,28.690000534057617,28.8799991607666,22.66461753845215,25606100,0.0,0.0
2015-08-10,29.06999969482422,29.68000030517578,29.059999465942383,29.639999389648438,23.261058807373047,22807400,0.0,0.0
2015-08-11,29.469999313354492,29.479999542236328,28.959999084472656,28.969999313354492,22.735246658325195,23758900,0.0,0.0
2015-08-12,28.65999984741211,29.56999969482422,28.65999984741211,29.459999084472656,23.119794845581055,33589100,0.0,0.0
2015-08-13,29.399999618530273,29.450000762939453,28.8700008392334,28.8700008392334,22.656770706176758,18821900,0.0,0.0
2015-08-14,28.920000076293945,29.040000915527344,28.81999969482422,29.020000457763672,22.774484634399414,14302700,0.0,0.0
2015-08-17,28.829999923706055,29.200000762939453,28.709999084472656,29.079999923706055,22.821578979492188,15548300,0.0,0.0
2015-08-18,28.950000762939453,29.049999237060547,28.799999237060547,28.90999984741211,22.68815803527832,19182600,0.0,0.0
2015-08-19,28.649999618530273,28.799999237060547,28.280000686645508,28.360000610351562,22.25653076171875,30530100,0.0,0.0
2015-08-20,28.030000686645508,28.239999771118164,27.530000686645508,27.530000686645508,21.60515594482422,31936600,0.0,0.0
2015-08-21,27.329999923706055,27.6299991607666,26.559999465942383,26.559999465942383,20.843915939331055,52288400,0.0,0.0
2015-08-24,25.200000762939453,27.6299991607666,24.8700008392334,26.25,20.600629806518555,83234200,0.0,0.0
2015-08-25,27.040000915527344,27.149999618530273,25.8700008392334,25.8700008392334,20.302413940429688,59371900,0.0,0.0
2015-08-26,26.510000228881836,27.34000015258789,26.079999923706055,27.299999237060547,21.42465591430664,47386700,0.0,0.0
2015-08-27,27.719999313354492,27.90999984741211,27.010000228881836,27.719999313354492,21.75426483154297,38649400,0.0,0.0
2015-08-28,27.670000076293945,28.610000610351562,27.450000762939453,28.420000076293945,22.30361557006836,43452400,0.0,0.0
2015-08-31,28.329999923706055,29.1299991607666,28.15999984741211,28.540000915527344,22.39779281616211,42401800,0.0,0.0
2015-09-01,27.90999984741211,28.170000076293945,27.65999984741211,27.81999969482422,21.832744598388672,44144000,0.0,0.0
2015-09-02,28.350000381469727,28.600000381469727,28.139999389648438,28.600000381469727,22.44487953186035,34618800,0.0,0.0
2015-09-03,28.799999237060547,29.420000076293945,28.690000534057617,29.079999923706055,22.821578979492188,38665900,0.0,0.0
2015-09-04,28.56999969482422,28.899999618530273,28.40999984741211,28.520000457763672,22.382095336914062,29116500,0.0,0.0
2015-09-08,28.979999542236328,29.5,28.950000762939453,29.5,23.151185989379883,27805000,0.0,0.0
2015-09-09,29.719999313354492,30.1200008392334,29.170000076293945,29.239999771118164,22.947141647338867,30774100,0.0,0.0
2015-09-10,29.18000030517578,29.65999984741211,28.899999618530273,29.270000457763672,22.970680236816406,25195800,0.0,0.0
2015-09-11,29.079999923706055,29.520000457763672,29.040000915527344,29.469999313354492,23.12764549255371,21786900,0.0,0.0
2015-09-14,29.469999313354492,29.530000686645508,29.09000015258789,29.389999389648438,23.064855575561523,24065100,0.0,0.0
2015-09-15,29.559999465942383,29.940000534057617,29.479999542236328,29.729999542236328,23.33168601989746,29819000,0.0,0.0
2015-09-16,29.6200008392334,29.790000915527344,29.399999618530273,29.770000457763672,23.363079071044922,25957800,0.0,0.0
2015-09-17,29.6200008392334,30.200000762939453,29.549999237060547,29.709999084472656,23.31598663330078,29805200,0.0,0.0
2015-09-18,29.219999313354492,29.420000076293945,28.809999465942383,29.020000457763672,22.774484634399414,60693400,0.0,0.0
2015-09-21,29.09000015258789,29.34000015258789,28.940000534057617,29.15999984741211,22.88435935974121,24417100,0.0,0.0
2015-09-22,28.670000076293945,28.899999618530273,28.479999542236328,28.670000076293945,22.49981117248535,28576200,0.0,0.0
2015-09-23,29.020000457763672,29.09000015258789,28.59000015258789,28.739999771118164,22.554752349853516,25984000,0.0,0.0
2015-09-24,28.3799991607666,28.670000076293945,27.8700008392334,28.479999542236328,22.350706100463867,32754700,0.0,0.0
2015-09-25,28.940000534057617,29.1200008392334,28.6299991607666,28.809999465942383,22.609676361083984,29192300,0.0,0.0
2015-09-28,28.68000030517578,29.360000610351562,28.639999389648438,28.760000228881836,22.57044219970703,42291000,0.0,0.0
2015-09-29,28.829999923706055,29.350000381469727,28.760000228881836,29.239999771118164,22.947141647338867,34169600,0.0,0.0
2015-09-30,29.559999465942383,30.31999969482422,29.540000915527344,30.139999389648438,23.6534481048584,41051700,0.0,0.0
2015-10-01,30.209999084472656,30.280000686645508,29.459999084472656,30.0,23.543575286865234,29832800,0.0,0.0
2015-10-02,29.670000076293945,30.530000686645508,29.530000686645508,30.510000228881836,23.943819046020508,27901500,0.0,0.0
2015-10-05,30.729999542236328,31.3799991607666,30.559999465942383,31.209999084472656,24.493167877197266,34842500,0.0,0.0
2015-10-06,31.15999984741211,31.850000381469727,31.110000610351562,31.739999771118164,24.909109115600586,34899800,0.0,0.0
2015-10-07,32.0,32.41999816894531,31.719999313354492,32.31999969482422,25.36428451538086,36930100,0.0,0.0
2015-10-08,32.22999954223633,32.599998474121094,31.979999542236328,32.52000045776367,25.521242141723633,27794600,0.0,0.0
2015-10-09,32.369998931884766,32.54999923706055,31.940000534057617,32.13999938964844,25.223024368286133,24209900,0.0,0.0
2015-10-12,32.15999984741211,32.31999969482422,32.0,32.209999084472656,25.2779598236084,18795000,0.0,0.0
2015-10-13,32.029998779296875,32.47999954223633,31.979999542236328,32.040000915527344,25.144546508789062,35588600,0.0,0.0
2015-10-14,31.389999389648438,32.93000030517578,30.850000381469727,32.79999923706055,25.74098014831543,75954800,0.0,0.0
2015-10-15,32.84000015258789,33.060001373291016,32.459999084472656,32.75,25.701736450195312,37634800,0.0,0.0
2015-10-16,32.75,33.20000076293945,32.47999954223633,33.040000915527344,25.929330825805664,29371300,0.0,0.0
2015-10-19,32.880001068115234,33.619998931884766,32.869998931884766,33.59000015258789,26.3609619140625,37624000,0.0,0.0
2015-10-20,33.400001525878906,33.70000076293945,33.310001373291016,33.439998626708984,26.24324607849121,24416100,0.0,0.0
2015-10-21,33.66999816894531,34.04999923706055,33.31999969482422,33.369998931884766,26.18831443786621,31928800,0.0,0.0
2015-10-22,33.70000076293945,34.5,33.59000015258789,34.400001525878906,26.996633529663086,39572600,0.0,0.0
2015-10-23,34.540000915527344,35.029998779296875,34.400001525878906,34.900001525878906,27.389028549194336,42796600,0.0,0.0
2015-10-26,34.77000045776367,34.959999084472656,34.54999923706055,34.59000015258789,27.145750045776367,22646900,0.0,0.0
2015-10-27,34.40999984741211,34.54999923706055,34.310001373291016,34.470001220703125,27.051570892333984,22630100,0.0,0.0
2015-10-28,34.470001220703125,34.709999084472656,34.119998931884766,34.709999084472656,27.23992347717285,21908400,0.0,0.0
2015-10-29,34.20000076293945,34.290000915527344,33.77000045776367,34.029998779296875,26.70627212524414,21325200,0.0,0.0
2015-10-30,34.099998474121094,34.290000915527344,33.86000061035156,33.86000061035156,26.57285499572754,24693900,0.0,0.0
2015-11-02,33.72999954223633,34.279998779296875,33.63999938964844,34.11000061035156,26.7690486907959,21743100,0.0,0.0
2015-11-03,34.0,34.40999984741211,33.97999954223633,34.310001373291016,26.92600440979004,18167000,0.0,0.0
2015-11-04,34.27000045776367,34.27000045776367,33.900001525878906,34.150001525878906,26.989229202270508,20762100,0.24,0.0
2015-11-05,34.099998474121094,34.20000076293945,33.72999954223633,34.0,26.870683670043945,16486100,0.0,0.0
2015-11-06,33.93000030517578,33.970001220703125,33.40999984741211,33.84000015258789,26.744234085083008,23701700,0.0,0.0
2015-11-09,33.599998474121094,33.83000183105469,33.08000183105469,33.349998474121094,26.356975555419922,24168700,0.0,0.0
2015-11-10,33.16999816894531,33.27000045776367,32.810001373291016,33.209999084472656,26.2463321685791,22451700,0.0,0.0
2015-11-11,33.15999984741211,33.380001068115234,32.79999923706055,32.86000061035156,25.969722747802734,19864700,0.0,0.0
2015-11-12,32.709999084472656,32.91999816894531,32.38999938964844,32.400001525878906,25.606184005737305,23265400,0.0,0.0
2015-11-13,32.27000045776367,32.380001068115234,31.959999084472656,32.11000061035156,25.37699317932129,23673200,0.0,0.0
2015-11-16,32.09000015258789,32.2599983215332,31.93000030517578,32.099998474121094,25.36908531188965,29899700,0.0,0.0
2015-11-17,32.150001525878906,32.880001068115234,32.0099983215332,32.63999938964844,25.795854568481445,22636400,0.0,0.0
2015-11-18,32.72999954223633,33.2400016784668,32.619998931884766,33.15999984741211,26.206825256347656,18619800,0.0,0.0
2015-11-19,33.220001220703125,34.72999954223633,33.130001068115234,34.29999923706055,27.10778045654297,45381600,0.0,0.0
2015-11-20,34.47999954223633,35.290000915527344,34.47999954223633,34.65999984741211,27.39229393005371,41137700,0.0,0.0
2015-11-23,34.65999984741211,34.849998474121094,34.40999984741211,34.47999954223633,27.250038146972656,20152900,0.0,0.0
2015-11-24,34.33000183105469,34.439998626708984,33.900001525878906,34.36000061035156,27.15519905090332,21413500,0.0,0.0
2015-11-25,34.2599983215332,34.7400016784668,34.13999938964844,34.45000076293945,27.226322174072266,17939400,0.0,0.0
2015-11-27,34.540000915527344,34.68000030517578,34.400001525878906,34.459999084472656,27.234228134155273,6620900,0.0,0.0
2015-11-30,34.54999923706055,34.900001525878906,34.43000030517578,34.77000045776367,27.479223251342773,21785800,0.0,0.0
2015-12-01,35.0,35.20000076293945,34.709999084472656,35.09000015258789,27.732135772705078,23560200,0.0,0.0
2015-12-02,35.09000015258789,35.40999984741211,34.810001373291016,34.83000183105469,27.526647567749023,18688200,0.0,0.0
2015-12-03,34.970001220703125,34.9900016784668,34.0,34.040000915527344,26.902299880981445,30131100,0.0,0.0
2015-12-04,34.11000061035156,35.029998779296875,34.0,34.939998626708984,27.61358070373535,24901000,0.0,0.0
2015-12-07,34.790000915527344,35.16999816894531,34.75,34.9900016784668,27.653095245361328,17731900,0.0,0.0
2015-12-08,34.66999816894531,34.95000076293945,34.41999816894531,34.75,27.463424682617188,13380200,0.0,0.0
2015-12-09,34.880001068115234,35.220001220703125,34.5099983215332,34.810001373291016,27.510835647583008,22548300,0.0,0.0
2015-12-10,34.849998474121094,35.06999969482422,34.65999984741211,34.77000045776367,27.479223251342773,17400700,0.0,0.0
2015-12-11,34.310001373291016,34.650001525878906,34.20000076293945,34.27000045776367,27.084070205688477,21251400,0.0,0.0
2015-12-14,34.380001068115234,34.47999954223633,33.880001068115234,34.470001220703125,27.242128372192383,19357100,0.0,0.0
2015-12-15,34.650001525878906,35.349998474121094,34.63999938964844,35.18000030517578,27.80325698852539,24365900,0.0,0.0
2015-12-16,35.36000061035156,35.470001220703125,34.77000045776367,35.29999923706055,27.898096084594727,23257900,0.0,0.0
2015-12-17,35.31999969482422,35.369998931884766,34.7599983215332,34.90999984741211,27.589874267578125,24963600,0.0,0.0
2015-12-18,34.72999954223633,34.75,33.86000061035156,33.869998931884766,26.767942428588867,41336600,0.0,0.0
2015-12-21,34.11000061035156,34.29999923706055,33.81999969482422,34.2400016784668,27.060361862182617,18006800,0.0,0.0
2015-12-22,34.36000061035156,34.779998779296875,34.27000045776367,34.72999954223633,27.447614669799805,18422000,0.0,0.0
2015-12-23,34.95000076293945,35.04999923706055,34.779998779296875,35.0,27.66099739074707,12526500,0.0,0.0
2015-12-24,35.06999969482422,35.2599983215332,34.959999084472656,34.97999954223633,27.64519691467285,5893800,0.0,0.0
2015-12-28,34.95000076293945,35.0,34.56999969482422,34.93000030517578,27.605682373046875,9449400,0.0,0.0
2015-12-29,35.0099983215332,35.59000015258789,35.0099983215332,35.439998626708984,28.00873374938965,14188600,0.0,0.0
2015-12-30,35.380001068115234,35.45000076293945,34.95000076293945,34.9900016784668,27.653095245361328,11566800,0.0,0.0
2015-12-31,34.81999969482422,34.959999084472656,34.439998626708984,34.45000076293945,27.226322174072266,14736700,0.0,0.0
2016-01-04,33.880001068115234,34.0099983215332,33.459999084472656,33.9900016784668,26.862781524658203,27882200,0.0,0.0
2016-01-05,33.959999084472656,34.0,33.529998779296875,33.83000183105469,26.73633575439453,16709500,0.0,0.0
2016-01-06,33.25,33.52000045776367,32.79999923706055,33.08000183105469,26.14359474182129,25491300,0.0,0.0
2016-01-07,32.279998779296875,33.0099983215332,31.84000015258789,31.84000015258789,25.163604736328125,37680500,0.0,0.0
2016-01-08,32.09000015258789,32.220001220703125,31.43000030517578,31.510000228881836,24.902799606323242,29953800,0.0,0.0
2016-01-11,31.809999465942383,32.220001220703125,31.68000030517578,32.060001373291016,25.33747100830078,27732400,0.0,0.0
2016-01-12,32.7599983215332,32.88999938964844,32.27000045776367,32.68000030517578,25.827468872070312,28587700,0.0,0.0
2016-01-13,32.7599983215332,32.93000030517578,31.829999923706055,31.90999984741211,25.21892738342285,34445700,0.0,0.0
2016-01-14,31.969999313354492,32.869998931884766,31.799999237060547,32.7400016784668,25.874889373779297,48728200,0.0,0.0
2016-01-15,29.729999542236328,30.5,29.450000762939453,29.760000228881836,23.519746780395508,76373900,0.0,0.0
2016-01-19,29.979999542236328,30.059999465942383,29.479999542236328,29.799999237060547,23.551362991333008,28878100,0.0,0.0
2016-01-20,29.350000381469727,29.8700008392334,29.209999084472656,29.59000015258789,23.38539695739746,39598200,0.0,0.0
2016-01-21,29.649999618530273,30.030000686645508,29.239999771118164,29.65999984741211,23.44072151184082,30157400,0.0,0.0
2016-01-22,30.1200008392334,30.239999771118164,29.510000228881836,29.93000030517578,23.654111862182617,25326500,0.0,0.0
2016-01-25,29.989999771118164,30.219999313354492,29.56999969482422,29.600000381469727,23.393295288085938,26441000,0.0,0.0
2016-01-26,29.610000610351562,30.049999237060547,29.610000610351562,29.940000534057617,23.662010192871094,24754900,0.0,0.0
2016-01-27,29.8799991607666,30.219999313354492,29.639999389648438,29.809999465942383,23.55926513671875,26384100,0.0,0.0
2016-01-28,30.020000457763672,30.18000030517578,29.75,29.969999313354492,23.685712814331055,22028100,0.0,0.0
2016-01-29,30.209999084472656,31.030000686645508,30.100000381469727,31.020000457763672,24.515552520751953,38311400,0.0,0.0
2016-02-01,30.719999313354492,31.1200008392334,30.639999389648438,30.81999969482422,24.357484817504883,19015100,0.0,0.0
2016-02-02,30.450000762939453,30.489999771118164,29.6299991607666,29.799999237060547,23.551362991333008,24994300,0.0,0.0
2016-02-03,29.719999313354492,29.719999313354492,28.520000457763672,29.34000015258789,23.39191436767578,44660100,0.26,0.0
2016-02-04,29.139999389648438,29.8799991607666,29.110000610351562,29.770000457763672,23.734731674194336,29257800,0.0,0.0
2016-02-05,29.579999923706055,29.760000228881836,28.90999984741211,29.040000915527344,23.152729034423828,27957500,0.0,0.0
2016-02-08,28.739999771118164,28.979999542236328,28.299999237060547,28.81999969482422,22.977327346801758,28725900,0.0,0.0
2016-02-09,28.489999771118164,29.149999618530273,28.40999984741211,28.809999465942383,22.96935272216797,22902600,0.0,0.0
2016-02-10,28.8799991607666,29.0,28.190000534057617,28.229999542236328,22.506933212280273,27267800,0.0,0.0
2016-02-11,27.829999923706055,28.40999984741211,27.68000030517578,28.219999313354492,22.49896812438965,28450200,0.0,0.0
2016-02-12,28.56999969482422,28.700000762939453,28.139999389648438,28.639999389648438,22.833820343017578,19699000,0.0,0.0
2016-02-16,28.75,28.950000762939453,28.360000610351562,28.780000686645508,22.945436477661133,30705200,0.0,0.0
2016-02-17,28.860000610351562,29.6200008392334,28.729999542236328,29.469999313354492,23.495548248291016,27691700,0.0,0.0
2016-02-18,29.530000686645508,29.760000228881836,29.3799991607666,29.420000076293945,23.455690383911133,20623300,0.0,0.0
2016-02-19,29.200000762939453,29.329999923706055,28.709999084472656,28.709999084472656,22.889625549316406,42056700,0.0,0.0
2016-02-22,29.110000610351562,29.540000915527344,29.0,29.350000381469727,23.399883270263672,23893100,0.0,0.0
2016-02-23,29.299999237060547,29.350000381469727,28.600000381469727,28.799999237060547,22.96138572692871,26638200,0.0,0.0
2016-02-24,28.520000457763672,29.299999237060547,28.3799991607666,29.190000534057617,23.27231788635254,21593600,0.0,0.0
2016-02-25,29.31999969482422,29.6200008392334,28.950000762939453,29.6200008392334,23.615148544311523,17571400,0.0,0.0
2016-02-26,29.8799991607666,30.079999923706055,29.700000762939453,29.799999237060547,23.758655548095703,19902200,0.0,0.0
2016-02-29,29.719999313354492,30.139999389648438,29.579999923706055,29.59000015258789,23.591230392456055,22903100,0.0,0.0
2016-03-01,29.93000030517578,30.530000686645508,29.75,30.3700008392334,24.213096618652344,25502600,0.0,0.0
2016-03-02,30.299999237060547,30.8700008392334,30.1200008392334,30.540000915527344,24.348636627197266,23779800,0.0,0.0
2016-03-03,31.1299991607666,31.350000381469727,30.540000915527344,30.579999923706055,24.380523681640625,25625200,0.0,0.0
2016-03-04,30.5,30.860000610351562,30.049999237060547,30.6299991607666,24.420385360717773,20356800,0.0,0.0
2016-03-07,30.59000015258789,31.1200008392334,30.5,30.940000534057617,24.667539596557617,18858200,0.0,0.0
2016-03-08,30.829999923706055,30.8799991607666,30.3799991607666,30.559999465942383,24.364578247070312,19104900,0.0,0.0
2016-03-09,30.829999923706055,31.040000915527344,30.670000076293945,30.8700008392334,24.611736297607422,14707800,0.0,0.0
2016-03-10,31.139999389648438,31.399999618530273,30.3799991607666,31.25,24.91469955444336,29584800,0.0,0.0
2016-03-11,31.670000076293945,31.790000915527344,31.530000686645508,31.760000228881836,25.321300506591797,22811200,0.0,0.0
2016-03-14,31.65999984741211,31.690000534057617,31.299999237060547,31.43000030517578,25.05820083618164,17438600,0.0,0.0
2016-03-15,31.34000015258789,31.649999618530273,31.059999465942383,31.649999618530273,25.233606338500977,16927700,0.0,0.0
2016-03-16,31.489999771118164,31.799999237060547,31.170000076293945,31.690000534057617,25.265487670898438,26298400,0.0,0.0
2016-03-17,31.760000228881836,32.16999816894531,31.700000762939453,31.979999542236328,25.496702194213867,22865300,0.0,0.0
2016-03-18,32.15999984741211,32.689998626708984,32.060001373291016,32.68000030517578,26.054794311523438,49934200,0.0,0.0
2016-03-21,32.22999954223633,32.41999816894531,31.950000762939453,32.34000015258789,25.783720016479492,21760900,0.0,0.0
2016-03-22,32.15999984741211,32.459999084472656,31.950000762939453,32.31999969482422,25.76777458190918,22200400,0.0,0.0
2016-03-23,32.470001220703125,32.470001220703125,31.979999542236328,32.0,25.512643814086914,18765300,0.0,0.0
2016-03-24,31.8700008392334,31.950000762939453,31.700000762939453,31.8799991607666,25.416973114013672,14211900,0.0,0.0
2016-03-28,31.8700008392334,32.0,31.6200008392334,31.899999618530273,25.432920455932617,11433000,0.0,0.0
2016-03-29,31.93000030517578,32.439998626708984,31.729999542236328,32.380001068115234,25.81561279296875,15313200,0.0,0.0
2016-03-30,32.45000076293945,32.75,32.290000915527344,32.709999084472656,26.078712463378906,16598000,0.0,0.0
2016-03-31,32.529998779296875,32.65999984741211,32.31999969482422,32.349998474121094,25.791690826416016,17880000,0.0,0.0
2016-04-01,32.27000045776367,32.470001220703125,32.099998474121094,32.45000076293945,25.871416091918945,18049700,0.0,0.0
2016-04-04,32.20000076293945,32.380001068115234,31.739999771118164,32.0,25.512643814086914,21581600,0.0,0.0
2016-04-05,31.889999389648438,32.119998931884766,31.719999313354492,31.899999618530273,25.432920455932617,20080000,0.0,0.0
2016-04-06,31.969999313354492,32.22999954223633,31.770000457763672,32.08000183105469,25.576433181762695,15740600,0.0,0.0
2016-04-07,31.889999389648438,31.899999618530273,31.350000381469727,31.549999237060547,25.15387535095215,23738200,0.0,0.0
2016-04-08,31.760000228881836,32.02000045776367,31.479999542236328,31.6299991607666,25.2176513671875,17031900,0.0,0.0
2016-04-11,31.899999618530273,32.34000015258789,31.65999984741211,31.670000076293945,25.249549865722656,19707700,0.0,0.0
2016-04-12,31.8799991607666,31.940000534057617,31.3799991607666,31.860000610351562,25.401029586791992,16774200,0.0,0.0
2016-04-13,31.969999313354492,32.18000030517578,31.950000762939453,32.130001068115234,25.61629295349121,19968100,0.0,0.0
2016-04-14,31.780000686645508,31.889999389648438,31.549999237060547,31.799999237060547,25.353193283081055,21620900,0.0,0.0
2016-04-15,31.790000915527344,31.889999389648438,31.3799991607666,31.459999084472656,25.08211326599121,28782800,0.0,0.0
2016-04-18,31.43000030517578,31.719999313354492,31.3799991607666,31.649999618530273,25.233606338500977,21566600,0.0,0.0
2016-04-19,31.700000762939453,31.809999465942383,31.399999618530273,31.600000381469727,25.19373893737793,33619300,0.0,0.0
2016-04-20,31.31999969482422,32.2599983215332,31.25,32.0,25.512643814086914,57629800,0.0,0.0
2016-04-21,31.940000534057617,32.060001373291016,31.809999465942383,31.969999313354492,25.488727569580078,28431400,0.0,0.0
2016-04-22,31.739999771118164,31.860000610351562,31.219999313354492,31.639999389648438,25.225624084472656,29625600,0.0,0.0
2016-04-25,31.360000610351562,31.5,31.200000762939453,31.389999389648438,25.026315689086914,19315700,0.0,0.0
2016-04-26,31.389999389648438,31.700000762939453,31.170000076293945,31.399999618530273,25.034282684326172,20976400,0.0,0.0
2016-04-27,31.25,31.799999237060547,31.190000534057617,31.75,25.313329696655273,20006200,0.0,0.0
2016-04-28,31.450000762939453,31.709999084472656,31.030000686645508,31.110000610351562,24.803083419799805,25146400,0.0,0.0
2016-04-29,30.860000610351562,30.8700008392334,30.100000381469727,30.280000686645508,24.141340255737305,36443700,0.0,0.0
2016-05-02,30.450000762939453,30.690000534057617,30.360000610351562,30.610000610351562,24.404441833496094,21086600,0.0,0.0
2016-05-03,30.40999984741211,30.559999465942383,30.09000015258789,30.360000610351562,24.20512580871582,27111100,0.0,0.0
2016-05-04,30.170000076293945,30.209999084472656,29.700000762939453,29.850000381469727,24.00408935546875,23278800,0.26,0.0
2016-05-05,29.8700008392334,30.020000457763672,29.75,29.899999618530273,24.04429817199707,23393300,0.0,0.0
2016-05-06,29.610000610351562,30.110000610351562,29.520000457763672,30.040000915527344,24.156879425048828,19632200,0.0,0.0
2016-05-09,30.079999923706055,30.170000076293945,29.760000228881836,29.799999237060547,23.963882446289062,16888300,0.0,0.0
2016-05-10,30.0,30.18000030517578,29.81999969482422,30.139999389648438,24.237293243408203,17013800,0.0,0.0
2016-05-11,30.15999984741211,30.25,29.969999313354492,30.059999465942383,24.172956466674805,15754200,0.0,0.0
2016-05-12,30.110000610351562,30.239999771118164,29.56999969482422,29.760000228881836,23.931713104248047,20826700,0.0,0.0
2016-05-13,29.860000610351562,30.200000762939453,29.84000015258789,29.90999984741211,24.052339553833008,19999600,0.0,0.0
2016-05-16,29.899999618530273,30.559999465942383,29.8799991607666,30.389999389648438,24.438323974609375,21826100,0.0,0.0
2016-05-17,30.56999969482422,30.56999969482422,29.860000610351562,29.979999542236328,24.108625411987305,25709900,0.0,0.0
2016-05-18,30.030000686645508,30.25,29.780000686645508,29.989999771118164,24.11667251586914,22469900,0.0,0.0
2016-05-19,29.770000457763672,29.93000030517578,29.5,29.6299991607666,23.82716941833496,21740900,0.0,0.0
2016-05-20,29.729999542236328,30.3799991607666,29.700000762939453,30.149999618530273,24.245330810546875,22777300,0.0,0.0
2016-05-23,30.229999542236328,30.479999542236328,30.1299991607666,30.229999542236328,24.309659957885742,20881900,0.0,0.0
2016-05-24,30.5,31.1200008392334,30.450000762939453,31.059999465942383,24.977113723754883,23699200,0.0,0.0
2016-05-25,31.200000762939453,31.56999969482422,31.149999618530273,31.389999389648438,25.24248695373535,18359600,0.0,0.0
2016-05-26,31.489999771118164,31.6299991607666,31.399999618530273,31.489999771118164,25.322900772094727,12692300,0.0,0.0
2016-05-27,31.600000381469727,31.649999618530273,31.450000762939453,31.56999969482422,25.387226104736328,13341300,0.0,0.0
2016-05-31,31.510000228881836,31.649999618530273,31.309999465942383,31.59000015258789,25.403322219848633,23040200,0.0,0.0
2016-06-01,31.6200008392334,31.719999313354492,31.469999313354492,31.65999984741211,25.459604263305664,17753500,0.0,0.0
2016-06-02,31.559999465942383,31.760000228881836,31.450000762939453,31.760000228881836,25.540027618408203,14140100,0.0,0.0
2016-06-03,31.739999771118164,31.739999771118164,31.399999618530273,31.6200008392334,25.42744255065918,15777500,0.0,0.0
2016-06-06,31.639999389648438,31.81999969482422,31.579999923706055,31.68000030517578,25.475692749023438,15139600,0.0,0.0
2016-06-07,31.75,32.02000045776367,31.700000762939453,31.8799991607666,25.636516571044922,19339100,0.0,0.0
2016-06-08,31.799999237060547,32.0,31.790000915527344,31.889999389648438,25.644563674926758,12732100,0.0,0.0
2016-06-09,31.68000030517578,32.0,31.68000030517578,31.940000534057617,25.684770584106445,11276800,0.0,0.0
2016-06-10,31.700000762939453,32.2400016784668,31.649999618530273,32.040000915527344,25.76518440246582,35749100,0.0,0.0
2016-06-13,32.04999923706055,32.5,32.040000915527344,32.16999816894531,25.869726181030273,23004800,0.0,0.0
2016-06-14,32.0099983215332,32.2400016784668,31.790000915527344,32.13999938964844,25.845605850219727,18754300,0.0,0.0
2016-06-15,32.25,32.2599983215332,31.59000015258789,31.610000610351562,25.41940689086914,23783300,0.0,0.0
2016-06-16,31.440000534057617,31.770000457763672,31.219999313354492,31.690000534057617,25.48373031616211,18547900,0.0,0.0
2016-06-17,31.729999542236328,31.809999465942383,31.469999313354492,31.760000228881836,25.540027618408203,27047900,0.0,0.0
2016-06-20,32.06999969482422,32.439998626708984,32.0099983215332,32.16999816894531,25.869726181030273,21961600,0.0,0.0
2016-06-21,32.2599983215332,32.380001068115234,32.09000015258789,32.31999969482422,25.990360260009766,15476500,0.0,0.0
2016-06-22,32.29999923706055,32.630001068115234,32.25,32.290000915527344,25.966224670410156,18304800,0.0,0.0
2016-06-23,32.58000183105469,33.0,32.5,32.9900016784668,26.529136657714844,22048800,0.0,0.0
2016-06-24,31.799999237060547,32.31999969482422,31.399999618530273,31.549999237060547,25.371152877807617,38094300,0.0,0.0
2016-06-27,31.40999984741211,31.40999984741211,30.440000534057617,30.719999313354492,24.703706741333008,34965100,0.0,0.0
2016-06-28,30.969999313354492,31.200000762939453,30.809999465942383,31.190000534057617,25.08165740966797,23693900,0.0,0.0
2016-06-29,31.350000381469727,31.979999542236328,31.309999465942383,31.93000030517578,25.676734924316406,22771100,0.0,0.0
2016-06-30,32.0,32.880001068115234,31.969999313354492,32.79999923706055,26.376346588134766,34528900,0.0,0.0
2016-07-01,32.63999938964844,32.88999938964844,32.470001220703125,32.75,26.336137771606445,17084600,0.0,0.0
2016-07-05,32.5,32.72999954223633,32.459999084472656,32.68000030517578,26.279850006103516,20107200,0.0,0.0
2016-07-06,32.79999923706055,33.0,32.380001068115234,32.970001220703125,26.5130558013916,21070200,0.0,0.0
2016-07-07,32.959999084472656,33.54999923706055,32.959999084472656,33.20000076293945,26.69800567626953,26119400,0.0,0.0
2016-07-08,33.650001525878906,34.0,33.5,34.0,27.341333389282227,23341900,0.0,0.0
2016-07-11,34.040000915527344,34.5,34.040000915527344,34.380001068115234,27.646915435791016,23820700,0.0,0.0
2016-07-12,34.5099983215332,34.970001220703125,34.47999954223633,34.939998626708984,28.09724235534668,28064100,0.0,0.0
2016-07-13,35.040000915527344,35.25,34.880001068115234,35.0099983215332,28.153528213500977,29120900,0.0,0.0
2016-07-14,35.130001068115234,35.29999923706055,34.959999084472656,35.20000076293945,28.30632209777832,25296400,0.0,0.0
2016-07-15,35.2599983215332,35.290000915527344,34.900001525878906,35.06999969482422,28.2017879486084,23661900,0.0,0.0
2016-07-18,35.18000030517578,35.20000076293945,34.95000076293945,35.04999923706055,28.185697555541992,19347200,0.0,0.0
2016-07-19,34.88999938964844,35.15999984741211,34.849998474121094,35.150001525878906,28.266117095947266,20395400,0.0,0.0
2016-07-20,35.29999923706055,35.93000030517578,35.060001373291016,35.689998626708984,28.700368881225586,42994200,0.0,0.0
2016-07-21,34.33000183105469,34.4900016784668,33.86000061035156,34.27000045776367,27.5584659576416,63708600,0.0,0.0
2016-07-22,34.380001068115234,34.70000076293945,34.2599983215332,34.65999984741211,27.872081756591797,33033700,0.0,0.0
2016-07-25,34.619998931884766,34.7599983215332,34.56999969482422,34.689998626708984,27.896207809448242,20277700,0.0,0.0
2016-07-26,34.75,35.22999954223633,34.70000076293945,35.09000015258789,28.21787452697754,29644400,0.0,0.0
2016-07-27,35.0,35.279998779296875,34.630001068115234,34.83000183105469,28.008785247802734,23601800,0.0,0.0
2016-07-28,34.83000183105469,34.83000183105469,34.52000045776367,34.77000045776367,27.96054458618164,21667400,0.0,0.0
2016-07-29,34.77000045776367,34.91999816894531,34.599998474121094,34.86000061035156,28.032915115356445,18171200,0.0,0.0
2016-08-01,34.81999969482422,34.90999984741211,34.560001373291016,34.849998474121094,28.024864196777344,18824400,0.0,0.0
2016-08-02,34.810001373291016,34.869998931884766,34.33000183105469,34.560001373291016,27.791664123535156,20057300,0.0,0.0
2016-08-03,34.099998474121094,34.279998779296875,33.9900016784668,34.25,27.75114631652832,18388800,0.26,0.0
2016-08-04,34.290000915527344,34.619998931884766,34.220001220703125,34.58000183105469,28.018537521362305,16362600,0.0,0.0
2016-08-05,34.79999923706055,35.130001068115234,34.70000076293945,34.97999954223633,28.34263801574707,20046200,0.0,0.0
2016-08-08,34.900001525878906,35.16999816894531,34.86000061035156,35.040000915527344,28.391252517700195,19497300,0.0,0.0
2016-08-09,35.040000915527344,35.15999984741211,34.84000015258789,34.91999816894531,28.294025421142578,12578900,0.0,0.0
2016-08-10,35.0,35.0,34.5,34.529998779296875,27.978017807006836,19579000,0.0,0.0
2016-08-11,34.65999984741211,34.7400016784668,34.4900016784668,34.68000030517578,28.099563598632812,16364100,0.0,0.0
2016-08-12,34.52000045776367,34.7599983215332,34.439998626708984,34.56999969482422,28.01043128967285,15708300,0.0,0.0
2016-08-15,34.70000076293945,35.15999984741211,34.630001068115234,34.90999984741211,28.285911560058594,18931100,0.0,0.0
2016-08-16,34.77000045776367,35.209999084472656,34.77000045776367,35.209999084472656,28.528993606567383,16320900,0.0,0.0
2016-08-17,35.16999816894531,35.209999084472656,34.77000045776367,35.02000045776367,28.375043869018555,18221600,0.0,0.0
2016-08-18,34.959999084472656,35.09000015258789,34.75,34.970001220703125,28.334535598754883,16085200,0.0,0.0
2016-08-19,34.84000015258789,35.27000045776367,34.7400016784668,35.2400016784668,28.553300857543945,16417600,0.0,0.0
2016-08-22,35.20000076293945,35.45000076293945,35.119998931884766,35.36000061035156,28.650529861450195,14941400,0.0,0.0
2016-08-23,35.5,35.689998626708984,35.29999923706055,35.400001525878906,28.68294334411621,18316000,0.0,0.0
2016-08-24,35.31999969482422,35.40999984741211,35.02000045776367,35.150001525878906,28.480379104614258,16343500,0.0,0.0
2016-08-25,35.04999923706055,35.220001220703125,34.900001525878906,35.09000015258789,28.431766510009766,12428000,0.0,0.0
2016-08-26,35.11000061035156,35.58000183105469,35.04999923706055,35.2599983215332,28.56950569152832,14469900,0.0,0.0
2016-08-29,35.47999954223633,35.66999816894531,35.150001525878906,35.54999923706055,28.804481506347656,15264300,0.0,0.0
2016-08-30,35.59000015258789,35.7400016784668,35.52000045776367,35.70000076293945,28.926021575927734,15183200,0.0,0.0
2016-08-31,35.619998931884766,35.900001525878906,35.58000183105469,35.88999938964844,29.079967498779297,20562700,0.0,0.0
2016-09-01,35.9900016784668,36.040000915527344,35.58000183105469,36.02000045776367,29.185302734375,18925800,0.0,0.0
2016-09-02,36.209999084472656,36.33000183105469,35.95000076293945,36.08000183105469,29.233909606933594,16726700,0.0,0.0
2016-09-06,36.380001068115234,36.599998474121094,36.16999816894531,36.56999969482422,29.63093376159668,22337800,0.0,0.0
2016-09-07,36.650001525878906,36.650001525878906,36.380001068115234,36.459999084472656,29.541810989379883,18495600,0.0,0.0
2016-09-08,36.349998474121094,36.59000015258789,36.119998931884766,36.439998626708984,29.52560806274414,20356500,0.0,0.0
2016-09-09,36.099998474121094,36.38999938964844,35.439998626708984,35.439998626708984,28.71534538269043,29457900,0.0,0.0
2016-09-12,35.189998626708984,36.119998931884766,35.060001373291016,36.08000183105469,29.233909606933594,22796600,0.0,0.0
2016-09-13,35.75,35.880001068115234,35.31999969482422,35.61000061035156,28.853090286254883,23591300,0.0,0.0
2016-09-14,35.5099983215332,35.81999969482422,35.400001525878906,35.619998931884766,28.8612003326416,14074500,0.0,0.0
2016-09-15,35.7400016784668,36.650001525878906,35.540000915527344,36.560001373291016,29.62283706665039,23736000,0.0,0.0
2016-09-16,37.720001220703125,38.04999923706055,37.25,37.66999816894531,30.5222225189209,74577900,0.0,0.0
2016-09-19,37.689998626708984,38.02000045776367,37.09000015258789,37.15999984741211,30.108999252319336,30531700,0.0,0.0
2016-09-20,37.41999816894531,37.43000030517578,36.939998626708984,37.13999938964844,30.0927734375,24796900,0.0,0.0
2016-09-21,37.209999084472656,37.459999084472656,36.86000061035156,37.45000076293945,30.343952178955078,21233700,0.0,0.0
2016-09-22,37.599998474121094,37.83000183105469,37.439998626708984,37.54999923706055,30.42498207092285,17013400,0.0,0.0
2016-09-23,37.45000076293945,37.650001525878906,37.119998931884766,37.189998626708984,30.133289337158203,18062500,0.0,0.0
2016-09-26,36.91999816894531,36.939998626708984,36.599998474121094,36.650001525878906,29.695756912231445,25518800,0.0,0.0
2016-09-27,36.900001525878906,37.220001220703125,36.630001068115234,37.18000030517578,30.125185012817383,22391600,0.0,0.0
2016-09-28,37.310001373291016,37.5,37.150001525878906,37.439998626708984,30.33584213256836,19020800,0.0,0.0
2016-09-29,37.4900016784668,37.529998779296875,37.0,37.31999969482422,30.238616943359375,17675000,0.0,0.0
2016-09-30,37.470001220703125,37.91999816894531,37.439998626708984,37.75,30.5870361328125,24279300,0.0,0.0
2016-10-03,37.689998626708984,37.95000076293945,37.529998779296875,37.65999984741211,30.51410675048828,14113600,0.0,0.0
2016-10-04,37.77000045776367,37.939998626708984,37.33000183105469,37.540000915527344,30.416881561279297,14393100,0.0,0.0
2016-10-05,37.75,38.310001373291016,37.63999938964844,37.9900016784668,30.78150177001953,22420800,0.0,0.0
2016-10-06,37.84000015258789,38.15999984741211,37.58000183105469,38.06999969482422,30.84632110595703,15171400,0.0,0.0
2016-10-07,38.08000183105469,38.220001220703125,37.779998779296875,38.099998474121094,30.870622634887695,16942500,0.0,0.0
2016-10-10,38.25,38.36000061035156,37.900001525878906,38.02000045776367,30.805810928344727,14954300,0.0,0.0
2016-10-11,37.90999984741211,38.0,36.81999969482422,37.27000045776367,30.1981201171875,27650500,0.0,0.0
2016-10-12,37.20000076293945,37.25,36.810001373291016,37.130001068115234,30.084674835205078,14053900,0.0,0.0
2016-10-13,36.849998474121094,37.130001068115234,36.459999084472656,36.970001220703125,29.95504379272461,16936000,0.0,0.0
2016-10-14,37.189998626708984,37.70000076293945,37.15999984741211,37.45000076293945,30.343952178955078,19123900,0.0,0.0
2016-10-17,37.54999923706055,37.720001220703125,37.2400016784668,37.290000915527344,30.214319229125977,15788100,0.0,0.0
2016-10-18,37.970001220703125,38.04999923706055,37.529998779296875,37.75,30.5870361328125,42907800,0.0,0.0
2016-10-19,36.06999969482422,36.09000015258789,35.22999954223633,35.5099983215332,28.772069931030273,75229000,0.0,0.0
2016-10-20,35.40999984741211,35.66999816894531,35.099998474121094,35.43000030517578,28.707250595092773,25669500,0.0,0.0
2016-10-21,35.209999084472656,35.400001525878906,34.810001373291016,35.150001525878906,28.480379104614258,20813200,0.0,0.0
2016-10-24,35.43000030517578,35.4900016784668,35.11000061035156,35.2599983215332,28.56950569152832,21524700,0.0,0.0
2016-10-25,35.13999938964844,35.25,35.0099983215332,35.099998474121094,28.439861297607422,17860300,0.0,0.0
2016-10-26,35.040000915527344,35.209999084472656,34.7400016784668,34.91999816894531,28.294025421142578,19977600,0.0,0.0
2016-10-27,35.099998474121094,35.22999954223633,34.75,34.810001373291016,28.204896926879883,14634700,0.0,0.0
2016-10-28,34.869998931884766,35.16999816894531,34.709999084472656,34.7400016784668,28.148176193237305,22296400,0.0,0.0
2016-10-31,34.91999816894531,35.08000183105469,34.84000015258789,34.869998931884766,28.25351333618164,19188600,0.0,0.0
2016-11-01,34.900001525878906,35.15999984741211,34.27000045776367,34.52000045776367,27.969921112060547,25368200,0.0,0.0
2016-11-02,34.599998474121094,34.900001525878906,34.470001220703125,34.599998474121094,28.03473663330078,21416400,0.0,0.0
2016-11-03,34.45000076293945,34.52000045776367,33.869998931884766,33.93000030517578,27.70002555847168,19400000,0.26,0.0
2016-11-04,33.529998779296875,33.93000030517578,33.41999816894531,33.61000061035156,27.43878173828125,21914700,0.0,0.0
2016-11-07,34.2400016784668,34.75,34.150001525878906,34.689998626708984,28.32047462463379,19296600,0.0,0.0
2016-11-08,34.599998474121094,34.95000076293945,34.4900016784668,34.7400016784668,28.361295700073242,14833100,0.0,0.0
2016-11-09,34.130001068115234,34.849998474121094,33.66999816894531,34.75,28.369462966918945,25999400,0.0,0.0
2016-11-10,34.95000076293945,34.95000076293945,34.029998779296875,34.5,28.165359497070312,28249900,0.0,0.0
2016-11-11,34.56999969482422,34.869998931884766,34.34000015258789,34.61000061035156,28.255165100097656,22665000,0.0,0.0
2016-11-14,34.560001373291016,34.72999954223633,34.20000076293945,34.47999954223633,28.14904022216797,22558900,0.0,0.0
2016-11-15,34.63999938964844,35.290000915527344,34.61000061035156,34.90999984741211,28.500072479248047,20676100,0.0,0.0
2016-11-16,34.900001525878906,34.91999816894531,34.540000915527344,34.84000015258789,28.442935943603516,18565500,0.0,0.0
2016-11-17,34.810001373291016,35.02000045776367,34.630001068115234,35.02000045776367,28.589881896972656,15748500,0.0,0.0
2016-11-18,34.900001525878906,35.0,34.63999938964844,34.95000076293945,28.532737731933594,16806900,0.0,0.0
2016-11-21,35.099998474121094,35.20000076293945,34.84000015258789,34.97999954223633,28.55722999572754,14259500,0.0,0.0
2016-11-22,35.18000030517578,35.5,35.11000061035156,35.47999954223633,28.96541976928711,22327400,0.0,0.0
2016-11-23,35.47999954223633,35.52000045776367,35.099998474121094,35.20000076293945,28.73683738708496,15843100,0.0,0.0
2016-11-25,35.11000061035156,35.45000076293945,35.11000061035156,35.439998626708984,28.932767868041992,6372800,0.0,0.0
2016-11-28,35.43000030517578,35.65999984741211,35.209999084472656,35.5099983215332,28.989910125732422,13549000,0.0,0.0
2016-11-29,35.63999938964844,35.63999938964844,35.27000045776367,35.310001373291016,28.82663345336914,19581000,0.0,0.0
2016-11-30,35.20000076293945,35.29999923706055,34.70000076293945,34.70000076293945,28.32863998413086,27016100,0.0,0.0
2016-12-01,34.86000061035156,34.93000030517578,33.560001373291016,33.7599983215332,27.561241149902344,29618700,0.0,0.0
2016-12-02,33.720001220703125,34.2599983215332,33.599998474121094,34.15999984741211,27.88779067993164,21492500,0.0,0.0
2016-12-05,34.310001373291016,34.41999816894531,33.970001220703125,34.38999938964844,28.075557708740234,14462000,0.0,0.0
2016-12-06,34.38999938964844,34.75,34.29999923706055,34.720001220703125,28.3449649810791,15297700,0.0,0.0
2016-12-07,34.66999816894531,35.56999969482422,34.45000076293945,35.5,28.98175048828125,21710300,0.0,0.0
2016-12-08,35.47999954223633,36.029998779296875,35.220001220703125,35.70000076293945,29.14502716064453,19966500,0.0,0.0
2016-12-09,35.75,35.900001525878906,35.59000015258789,35.7599983215332,29.19400405883789,16326900,0.0,0.0
2016-12-12,35.779998779296875,36.09000015258789,35.66999816894531,35.970001220703125,29.365447998046875,21985800,0.0,0.0
2016-12-13,36.0099983215332,36.88999938964844,35.93000030517578,36.79999923706055,30.043054580688477,35773600,0.0,0.0
2016-12-14,36.70000076293945,36.88999938964844,36.459999084472656,36.54999923706055,29.83896255493164,30819400,0.0,0.0
2016-12-15,36.7400016784668,37.15999984741211,36.529998779296875,36.790000915527344,30.03488540649414,23721500,0.0,0.0
2016-12-16,36.720001220703125,36.869998931884766,36.09000015258789,36.310001373291016,29.643016815185547,38212800,0.0,0.0
2016-12-19,36.34000015258789,36.95000076293945,36.27000045776367,36.88999938964844,30.116533279418945,18744300,0.0,0.0
2016-12-20,36.95000076293945,37.2400016784668,36.88999938964844,37.209999084472656,30.377769470214844,18551800,0.0,0.0
2016-12-21,37.25,37.349998474121094,36.90999984741211,36.97999954223633,30.19000244140625,14323600,0.0,0.0
2016-12-22,37.22999954223633,37.2400016784668,36.810001373291016,36.93000030517578,30.149179458618164,10793900,0.0,0.0
2016-12-23,36.93000030517578,36.97999954223633,36.77000045776367,36.970001220703125,30.18184471130371,6287300,0.0,0.0
2016-12-27,36.90999984741211,37.33000183105469,36.90999984741211,37.06999969482422,30.263486862182617,9033700,0.0,0.0
2016-12-28,37.099998474121094,37.20000076293945,36.58000183105469,36.630001068115234,29.90427589416504,12868600,0.0,0.0
2016-12-29,36.5099983215332,36.720001220703125,36.43000030517578,36.65999984741211,29.92875862121582,8447300,0.0,0.0
2016-12-30,36.790000915527344,36.79999923706055,36.20000076293945,36.27000045776367,29.610376358032227,17468000,0.0,0.0
2017-01-03,36.61000061035156,36.93000030517578,36.27000045776367,36.599998474121094,29.879777908325195,20196500,0.0,0.0
2017-01-04,36.709999084472656,36.77000045776367,36.34000015258789,36.40999984741211,29.724660873413086,15915700,0.0,0.0
2017-01-05,36.45000076293945,36.720001220703125,36.310001373291016,36.349998474121094,29.675678253173828,13986000,0.0,0.0
2017-01-06,36.59000015258789,36.68000030517578,36.189998626708984,36.47999954223633,29.781814575195312,15114000,0.0,0.0
2017-01-09,36.47999954223633,36.88999938964844,36.47999954223633,36.61000061035156,29.887941360473633,19461400,0.0,0.0
2017-01-10,36.54999923706055,36.93000030517578,36.529998779296875,36.540000915527344,29.830793380737305,15918800,0.0,0.0
2017-01-11,36.5099983215332,37.0,36.5099983215332,36.95000076293945,30.165515899658203,22398400,0.0,0.0
2017-01-12,36.83000183105469,36.83000183105469,36.31999969482422,36.709999084472656,29.96957778930664,20391900,0.0,0.0
2017-01-13,36.709999084472656,36.86000061035156,36.619998931884766,36.790000915527344,30.03488540649414,15072200,0.0,0.0
2017-01-17,36.66999816894531,36.83000183105469,36.59000015258789,36.79999923706055,30.043054580688477,20195200,0.0,0.0
2017-01-18,36.88999938964844,37.0099983215332,36.61000061035156,36.7599983215332,30.01039695739746,15382500,0.0,0.0
2017-01-19,36.5099983215332,36.90999984741211,36.5099983215332,36.56999969482422,29.85527992248535,13654500,0.0,0.0
2017-01-20,36.7599983215332,37.029998779296875,36.58000183105469,36.939998626708984,30.157337188720703,23950900,0.0,0.0
2017-01-23,37.06999969482422,37.209999084472656,36.54999923706055,36.77000045776367,30.0185604095459,27752600,0.0,0.0
2017-01-24,36.84000015258789,37.7400016784668,36.810001373291016,37.619998931884766,30.712493896484375,35140900,0.0,0.0
2017-01-25,37.869998931884766,38.0,37.52000045776367,37.79999923706055,30.85944366455078,32276400,0.0,0.0
2017-01-26,37.81999969482422,37.91999816894531,37.41999816894531,37.560001373291016,30.66351890563965,34144800,0.0,0.0
2017-01-27,38.0,38.45000076293945,37.810001373291016,37.97999954223633,31.006391525268555,44368600,0.0,0.0
2017-01-30,37.7400016784668,37.84000015258789,37.33000183105469,37.41999816894531,30.549211502075195,23954700,0.0,0.0
2017-01-31,37.220001220703125,37.369998931884766,36.63999938964844,36.81999969482422,30.05937957763672,27059100,0.0,0.0
2017-02-01,36.81999969482422,36.95000076293945,36.02000045776367,36.52000045776367,29.814456939697266,28380600,0.0,0.0
2017-02-02,36.2599983215332,36.70000076293945,36.20000076293945,36.68000030517578,29.945085525512695,31916900,0.0,0.0
2017-02-03,36.689998626708984,36.81999969482422,36.45000076293945,36.52000045776367,30.027297973632812,21038100,0.26,0.0
2017-02-06,36.5099983215332,36.5099983215332,36.150001525878906,36.27000045776367,29.821762084960938,21427000,0.0,0.0
2017-02-07,36.45000076293945,36.52000045776367,36.2400016784668,36.349998474121094,29.887527465820312,18581900,0.0,0.0
2017-02-08,36.34000015258789,36.650001525878906,36.13999938964844,36.380001068115234,29.91219711303711,20807400,0.0,0.0
2017-02-09,36.5,36.5,35.400001525878906,35.459999084472656,29.15576171875,47802700,0.0,0.0
2017-02-10,35.2599983215332,35.43000030517578,34.84000015258789,35.34000015258789,29.05709457397461,44106500,0.0,0.0
2017-02-13,35.56999969482422,35.849998474121094,35.34000015258789,35.79999923706055,29.43531608581543,28180600,0.0,0.0
2017-02-14,35.84000015258789,35.959999084472656,35.529998779296875,35.93000030517578,29.542200088500977,25734800,0.0,0.0
2017-02-15,35.97999954223633,36.060001373291016,35.66999816894531,36.04999923706055,29.640865325927734,18452200,0.0,0.0
2017-02-16,36.18000030517578,36.560001373291016,36.099998474121094,36.40999984741211,29.936864852905273,21317500,0.0,0.0
2017-02-17,36.31999969482422,36.47999954223633,36.099998474121094,36.47999954223633,29.994422912597656,18909900,0.0,0.0
2017-02-21,36.529998779296875,36.650001525878906,36.33000183105469,36.52000045776367,30.027297973632812,20556000,0.0,0.0
2017-02-22,36.34000015258789,36.400001525878906,35.790000915527344,36.06999969482422,29.657310485839844,29904400,0.0,0.0
2017-02-23,36.2400016784668,36.29999923706055,35.900001525878906,36.18000030517578,29.747756958007812,22775000,0.0,0.0
2017-02-24,36.13999938964844,36.529998779296875,35.95000076293945,36.529998779296875,30.035526275634766,18617600,0.0,0.0
2017-02-27,36.41999816894531,36.68000030517578,36.27000045776367,36.5099983215332,30.01906967163086,14065200,0.0,0.0
2017-02-28,36.41999816894531,36.459999084472656,36.0,36.20000076293945,29.76420021057129,24977000,0.0,0.0
2017-03-01,35.849998474121094,36.099998474121094,35.439998626708984,35.93000030517578,29.542200088500977,34085900,0.0,0.0
2017-03-02,35.93000030517578,36.02000045776367,35.650001525878906,35.90999984741211,29.5257511138916,23602100,0.0,0.0
2017-03-03,35.939998626708984,36.09000015258789,35.66999816894531,35.900001525878906,29.51753807067871,17538100,0.0,0.0
2017-03-06,35.790000915527344,35.79999923706055,35.41999816894531,35.56999969482422,29.246200561523438,24416700,0.0,0.0
2017-03-07,35.540000915527344,35.79999923706055,35.38999938964844,35.79999923706055,29.43531608581543,23434900,0.0,0.0
2017-03-08,35.66999816894531,35.900001525878906,35.529998779296875,35.619998931884766,29.287317276000977,20920100,0.0,0.0
2017-03-09,35.599998474121094,35.939998626708984,35.5,35.81999969482422,29.45175552368164,23616800,0.0,0.0
2017-03-10,36.119998931884766,36.29999923706055,35.779998779296875,35.90999984741211,29.5257511138916,25402300,0.0,0.0
2017-03-13,35.849998474121094,36.040000915527344,34.939998626708984,35.15999984741211,28.90908432006836,53582900,0.0,0.0
2017-03-14,35.060001373291016,35.22999954223633,34.65999984741211,35.18000030517578,28.925539016723633,28586900,0.0,0.0
2017-03-15,34.939998626708984,35.16999816894531,34.68000030517578,35.099998474121094,28.859758377075195,27996100,0.0,0.0
2017-03-16,35.16999816894531,35.36000061035156,35.06999969482422,35.13999938964844,28.89264488220215,19616100,0.0,0.0
2017-03-17,35.310001373291016,35.33000183105469,35.099998474121094,35.27000045776367,28.999540328979492,30778900,0.0,0.0
2017-03-20,35.369998931884766,35.630001068115234,35.2599983215332,35.43000030517578,29.131092071533203,17322300,0.0,0.0
2017-03-21,35.59000015258789,35.599998474121094,35.0,35.040000915527344,28.810422897338867,22814500,0.0,0.0
2017-03-22,35.220001220703125,35.459999084472656,35.0,35.369998931884766,29.08175277709961,19144500,0.0,0.0
2017-03-23,35.4900016784668,35.4900016784668,35.02000045776367,35.27000045776367,28.999540328979492,20640400,0.0,0.0
2017-03-24,35.650001525878906,35.72999954223633,35.119998931884766,35.15999984741211,28.90908432006836,22188000,0.0,0.0
2017-03-27,35.06999969482422,35.5,34.939998626708984,35.38999938964844,29.098207473754883,16992200,0.0,0.0
2017-03-28,35.34000015258789,35.709999084472656,35.209999084472656,35.599998474121094,29.27086067199707,18398100,0.0,0.0
2017-03-29,35.52000045776367,35.70000076293945,35.439998626708984,35.56999969482422,29.246200561523438,17202600,0.0,0.0
2017-03-30,35.58000183105469,35.88999938964844,35.52000045776367,35.75,29.394207000732422,16433000,0.0,0.0
2017-03-31,35.75,36.25,35.7400016784668,36.06999969482422,29.657310485839844,21438400,0.0,0.0
2017-04-03,36.189998626708984,36.7400016784668,36.119998931884766,36.15999984741211,29.731307983398438,32013600,0.0,0.0
2017-04-04,36.119998931884766,36.380001068115234,35.9900016784668,36.279998779296875,29.829967498779297,18918000,0.0,0.0
2017-04-05,36.43000030517578,36.7599983215332,36.16999816894531,36.220001220703125,29.780637741088867,22455500,0.0,0.0
2017-04-06,36.130001068115234,36.279998779296875,36.029998779296875,36.029998779296875,29.624422073364258,20198200,0.0,0.0
2017-04-07,36.06999969482422,36.31999969482422,35.9900016784668,36.029998779296875,29.624422073364258,15689500,0.0,0.0
2017-04-10,36.02000045776367,36.09000015258789,35.61000061035156,35.79999923706055,29.43531608581543,19973700,0.0,0.0
2017-04-11,35.77000045776367,35.790000915527344,35.209999084472656,35.7400016784668,29.385984420776367,22711800,0.0,0.0
2017-04-12,35.869998931884766,36.0099983215332,35.5,35.630001068115234,29.29553985595703,19289800,0.0,0.0
2017-04-13,35.54999923706055,35.7599983215332,35.25,35.25,28.983089447021484,15764000,0.0,0.0
2017-04-17,35.439998626708984,35.59000015258789,35.33000183105469,35.47999954223633,29.17220115661621,12560700,0.0,0.0
2017-04-18,35.43000030517578,35.810001373291016,35.29999923706055,35.77000045776367,29.410640716552734,12321100,0.0,0.0
2017-04-19,35.970001220703125,36.220001220703125,35.88999938964844,35.90999984741211,29.5257511138916,16594600,0.0,0.0
2017-04-20,36.18000030517578,36.27000045776367,35.86000061035156,36.18000030517578,29.747756958007812,22968300,0.0,0.0
2017-04-21,36.20000076293945,36.41999816894531,35.849998474121094,36.31999969482422,29.862863540649414,20390500,0.0,0.0
2017-04-24,36.66999816894531,36.849998474121094,36.459999084472656,36.75,30.216413497924805,26305800,0.0,0.0
2017-04-25,36.77000045776367,37.0,36.65999984741211,36.869998931884766,30.315078735351562,22066800,0.0,0.0
2017-04-26,36.779998779296875,37.22999954223633,36.779998779296875,36.93000030517578,30.364412307739258,27241000,0.0,0.0
2017-04-27,36.869998931884766,37.5,36.779998779296875,37.43000030517578,30.775516510009766,39890000,0.0,0.0
2017-04-28,36.099998474121094,36.4900016784668,35.880001068115234,36.150001525878906,29.723094940185547,56769300,0.0,0.0
2017-05-01,36.11000061035156,36.400001525878906,35.939998626708984,36.310001373291016,29.854633331298828,24825600,0.0,0.0
2017-05-02,36.369998931884766,37.029998779296875,36.349998474121094,36.970001220703125,30.397308349609375,35813000,0.0,0.0
2017-05-03,36.720001220703125,37.16999816894531,36.619998931884766,36.97999954223633,30.631725311279297,22040300,0.273,0.0
2017-05-04,36.9900016784668,37.11000061035156,36.63999938964844,36.849998474121094,30.524038314819336,16437100,0.0,0.0
2017-05-05,36.86000061035156,36.93000030517578,36.5,36.81999969482422,30.499195098876953,18119200,0.0,0.0
2017-05-08,36.72999954223633,36.849998474121094,36.47999954223633,36.540000915527344,30.267255783081055,17660200,0.0,0.0
2017-05-09,36.47999954223633,36.75,36.279998779296875,36.369998931884766,30.126436233520508,17819100,0.0,0.0
2017-05-10,36.27000045776367,36.380001068115234,35.93000030517578,36.0099983215332,29.82823944091797,25133800,0.0,0.0
2017-05-11,35.90999984741211,36.0,35.45000076293945,35.689998626708984,29.563175201416016,21508900,0.0,0.0
2017-05-12,35.720001220703125,35.7400016784668,35.400001525878906,35.529998779296875,29.430639266967773,19730800,0.0,0.0
2017-05-15,35.529998779296875,35.720001220703125,35.41999816894531,35.630001068115234,29.513473510742188,22120100,0.0,0.0
2017-05-16,35.75,35.88999938964844,35.41999816894531,35.81999969482422,29.670854568481445,22291800,0.0,0.0
2017-05-17,35.66999816894531,35.9900016784668,35.02000045776367,35.040000915527344,29.024755477905273,26670200,0.0,0.0
2017-05-18,35.189998626708984,35.470001220703125,35.08000183105469,35.220001220703125,29.173856735229492,17171900,0.0,0.0
2017-05-19,35.150001525878906,35.54999923706055,35.130001068115234,35.400001525878906,29.322952270507812,18340100,0.0,0.0
2017-05-22,35.47999954223633,36.11000061035156,35.380001068115234,35.77000045776367,29.629430770874023,14638100,0.0,0.0
2017-05-23,35.869998931884766,35.9900016784668,35.560001373291016,35.86000061035156,29.703996658325195,16903700,0.0,0.0
2017-05-24,35.97999954223633,36.18000030517578,35.88999938964844,36.119998931884766,29.91934585571289,20640600,0.0,0.0
2017-05-25,36.119998931884766,36.38999938964844,36.060001373291016,36.2599983215332,30.035324096679688,13148500,0.0,0.0
2017-05-26,36.2599983215332,36.33000183105469,36.130001068115234,36.2599983215332,30.035324096679688,11145500,0.0,0.0
2017-05-30,36.27000045776367,36.439998626708984,36.09000015258789,36.18000030517578,29.969053268432617,13026900,0.0,0.0
2017-05-31,36.310001373291016,36.380001068115234,35.869998931884766,36.11000061035156,29.91106605529785,17741900,0.0,0.0
2017-06-01,36.119998931884766,36.130001068115234,35.79999923706055,36.119998931884766,29.91934585571289,17510900,0.0,0.0
2017-06-02,36.27000045776367,36.33000183105469,36.0,36.31999969482422,30.085018157958984,19127400,0.0,0.0
2017-06-05,36.29999923706055,36.5,36.20000076293945,36.34000015258789,30.10158920288086,11685700,0.0,0.0
2017-06-06,36.15999984741211,36.45000076293945,35.97999954223633,36.130001068115234,29.927640914916992,18420900,0.0,0.0
2017-06-07,36.130001068115234,36.56999969482422,36.099998474121094,36.2599983215332,30.035324096679688,17192000,0.0,0.0
2017-06-08,36.34000015258789,36.529998779296875,36.15999984741211,36.47999954223633,30.217567443847656,17154200,0.0,0.0
2017-06-09,36.5,36.560001373291016,35.310001373291016,35.709999084472656,29.579730987548828,33322100,0.0,0.0
2017-06-12,35.59000015258789,36.0099983215332,35.40999984741211,35.72999954223633,29.596309661865234,28488300,0.0,0.0
2017-06-13,35.68000030517578,35.95000076293945,35.529998779296875,35.880001068115234,29.720556259155273,20588200,0.0,0.0
2017-06-14,35.9900016784668,36.04999923706055,35.220001220703125,35.529998779296875,29.430639266967773,19149000,0.0,0.0
2017-06-15,35.209999084472656,35.47999954223633,35.13999938964844,35.310001373291016,29.248403549194336,20410000,0.0,0.0
2017-06-16,35.279998779296875,35.33000183105469,35.0099983215332,35.209999084472656,29.165569305419922,30762800,0.0,0.0
2017-06-19,35.61000061035156,35.61000061035156,35.31999969482422,35.5099983215332,29.414077758789062,21583800,0.0,0.0
2017-06-20,35.45000076293945,35.45000076293945,34.84000015258789,34.86000061035156,28.875661849975586,21536500,0.0,0.0
2017-06-21,34.33000183105469,34.599998474121094,34.09000015258789,34.58000183105469,28.643728256225586,27138500,0.0,0.0
2017-06-22,34.560001373291016,34.630001068115234,34.290000915527344,34.36000061035156,28.461490631103516,24602900,0.0,0.0
2017-06-23,34.209999084472656,34.54999923706055,34.099998474121094,34.189998626708984,28.32067108154297,29260900,0.0,0.0
2017-06-26,34.2599983215332,34.5099983215332,34.029998779296875,34.06999969482422,28.22127914428711,18854800,0.0,0.0
2017-06-27,34.0,34.150001525878906,33.650001525878906,33.650001525878906,27.87337875366211,27078900,0.0,0.0
2017-06-28,33.77000045776367,34.2400016784668,33.7400016784668,34.20000076293945,28.328954696655273,25940100,0.0,0.0
2017-06-29,33.91999816894531,34.099998474121094,33.34000015258789,33.540000915527344,27.78226089477539,25215700,0.0,0.0
2017-06-30,33.869998931884766,33.93000030517578,33.529998779296875,33.7400016784668,27.947925567626953,24432000,0.0,0.0
2017-07-03,33.5099983215332,34.029998779296875,33.43000030517578,33.459999084472656,27.71599769592285,12676900,0.0,0.0
2017-07-05,33.52000045776367,34.43000030517578,33.4900016784668,34.34000015258789,28.444929122924805,30010800,0.0,0.0
2017-07-06,34.119998931884766,34.290000915527344,33.560001373291016,33.630001068115234,27.8568115234375,20733200,0.0,0.0
2017-07-07,33.70000076293945,34.119998931884766,33.70000076293945,33.880001068115234,28.063894271850586,18304500,0.0,0.0
2017-07-10,33.25,33.7400016784668,33.22999954223633,33.650001525878906,27.87337875366211,29918400,0.0,0.0
2017-07-11,33.63999938964844,33.93000030517578,33.43000030517578,33.91999816894531,28.09702491760254,25737500,0.0,0.0
2017-07-12,34.279998779296875,34.38999938964844,33.939998626708984,34.25,28.370378494262695,23768300,0.0,0.0
2017-07-13,34.33000183105469,34.400001525878906,34.119998931884766,34.2400016784668,28.362092971801758,15046200,0.0,0.0
2017-07-14,34.47999954223633,34.709999084472656,34.27000045776367,34.68000030517578,28.726558685302734,16316400,0.0,0.0
2017-07-17,34.7400016784668,34.7400016784668,34.36000061035156,34.470001220703125,28.5526123046875,21044400,0.0,0.0
2017-07-18,34.43000030517578,34.58000183105469,34.25,34.529998779296875,28.60230255126953,14362800,0.0,0.0
2017-07-19,34.68000030517578,34.68000030517578,34.459999084472656,34.560001373291016,28.627161026000977,17036200,0.0,0.0
2017-07-20,34.540000915527344,34.84000015258789,34.47999954223633,34.75,28.784549713134766,17506200,0.0,0.0
2017-07-21,34.540000915527344,34.81999969482422,34.400001525878906,34.72999954223633,28.767972946166992,22245000,0.0,0.0
2017-07-24,34.72999954223633,34.79999923706055,34.380001068115234,34.5,28.577457427978516,16146300,0.0,0.0
2017-07-25,34.54999923706055,34.7400016784668,34.400001525878906,34.66999816894531,28.71827507019043,18096700,0.0,0.0
2017-07-26,34.70000076293945,34.970001220703125,34.59000015258789,34.75,28.784549713134766,15499300,0.0,0.0
2017-07-27,34.779998779296875,35.25,34.66999816894531,34.970001220703125,28.966772079467773,43062800,0.0,0.0
2017-07-28,35.130001068115234,35.86000061035156,35.0,35.310001373291016,29.248403549194336,36291500,0.0,0.0
2017-07-31,35.470001220703125,35.7400016784668,35.31999969482422,35.470001220703125,29.380943298339844,27057000,0.0,0.0
2017-08-01,35.65999984741211,36.43000030517578,35.56999969482422,36.349998474121094,30.109867095947266,38710200,0.0,0.0
2017-08-02,36.33000183105469,36.66999816894531,36.060001373291016,36.63999938964844,30.35008430480957,35004300,0.0,0.0
2017-08-03,36.54999923706055,36.59000015258789,36.150001525878906,36.4900016784668,30.452741622924805,26611300,0.273,0.0
2017-08-04,36.45000076293945,36.560001373291016,36.099998474121094,36.29999923706055,30.294172286987305,20520300,0.0,0.0
2017-08-07,36.38999938964844,36.54999923706055,36.220001220703125,36.43000030517578,30.40266990661621,18169300,0.0,0.0
2017-08-08,36.369998931884766,36.70000076293945,36.29999923706055,36.40999984741211,30.385974884033203,22819900,0.0,0.0
2017-08-09,36.279998779296875,36.65999984741211,36.02000045776367,36.59000015258789,30.53619384765625,22796800,0.0,0.0
2017-08-10,36.400001525878906,36.560001373291016,36.11000061035156,36.13999938964844,30.160648345947266,22693300,0.0,0.0
2017-08-11,36.2599983215332,36.400001525878906,35.790000915527344,35.869998931884766,29.935314178466797,19275100,0.0,0.0
2017-08-14,36.119998931884766,36.470001220703125,36.08000183105469,36.34000015258789,30.327560424804688,18469400,0.0,0.0
2017-08-15,36.29999923706055,36.31999969482422,35.81999969482422,36.0,30.043811798095703,21706600,0.0,0.0
2017-08-16,35.97999954223633,36.06999969482422,35.560001373291016,35.810001373291016,29.88524627685547,22014000,0.0,0.0
2017-08-17,35.599998474121094,35.68000030517578,35.16999816894531,35.16999816894531,29.351131439208984,19525000,0.0,0.0
2017-08-18,35.290000915527344,35.310001373291016,34.9900016784668,35.0099983215332,29.217601776123047,16231400,0.0,0.0
2017-08-21,35.09000015258789,35.279998779296875,34.70000076293945,34.91999816894531,29.142492294311523,26493300,0.0,0.0
2017-08-22,35.02000045776367,35.189998626708984,34.619998931884766,34.650001525878906,28.917171478271484,26097800,0.0,0.0
2017-08-23,34.540000915527344,34.810001373291016,34.380001068115234,34.65999984741211,28.925512313842773,19648100,0.0,0.0
2017-08-24,34.70000076293945,34.88999938964844,34.54999923706055,34.709999084472656,28.967235565185547,14301900,0.0,0.0
2017-08-25,34.81999969482422,34.93000030517578,34.58000183105469,34.66999816894531,28.93385887145996,14726800,0.0,0.0
2017-08-28,34.779998779296875,34.79999923706055,34.59000015258789,34.650001525878906,28.917171478271484,20712900,0.0,0.0
2017-08-29,34.5099983215332,34.75,34.459999084472656,34.72999954223633,28.983932495117188,15843700,0.0,0.0
2017-08-30,34.75,34.959999084472656,34.630001068115234,34.88999938964844,29.117462158203125,18565000,0.0,0.0
2017-08-31,34.939998626708984,35.18000030517578,34.869998931884766,35.06999969482422,29.267684936523438,16366800,0.0,0.0
2017-09-01,35.2400016784668,35.38999938964844,35.06999969482422,35.09000015258789,29.284378051757812,12822000,0.0,0.0
2017-09-05,35.02000045776367,35.33000183105469,34.93000030517578,35.02000045776367,29.225948333740234,18772000,0.0,0.0
2017-09-06,35.220001220703125,35.939998626708984,35.11000061035156,35.7599983215332,29.8435115814209,28076400,0.0,0.0
2017-09-07,35.880001068115234,35.95000076293945,35.33000183105469,35.540000915527344,29.6599178314209,16297100,0.0,0.0
2017-09-08,35.41999816894531,35.540000915527344,35.08000183105469,35.189998626708984,29.367822647094727,14125000,0.0,0.0
2017-09-11,35.4900016784668,36.0,35.13999938964844,35.77000045776367,29.851856231689453,20037600,0.0,0.0
2017-09-12,35.880001068115234,36.34000015258789,35.7400016784668,36.09000015258789,30.11892318725586,19489900,0.0,0.0
2017-09-13,36.0,36.400001525878906,35.970001220703125,36.33000183105469,30.319204330444336,15509800,0.0,0.0
2017-09-14,36.189998626708984,36.70000076293945,36.15999984741211,36.47999954223633,30.44440269470215,18093900,0.0,0.0
2017-09-15,36.54999923706055,37.08000183105469,36.220001220703125,37.0,30.87836265563965,33596100,0.0,0.0
2017-09-18,37.0,37.33000183105469,36.79999923706055,37.0,30.87836265563965,19393800,0.0,0.0
2017-09-19,37.20000076293945,37.29999923706055,37.02000045776367,37.22999954223633,31.070301055908203,23850500,0.0,0.0
2017-09-20,37.22999954223633,37.290000915527344,36.65999984741211,37.06999969482422,30.93678092956543,23957500,0.0,0.0
2017-09-21,36.9900016784668,37.27000045776367,36.849998474121094,37.20000076293945,31.045276641845703,22954200,0.0,0.0
2017-09-22,36.95000076293945,37.220001220703125,36.95000076293945,37.18000030517578,31.028587341308594,21631800,0.0,0.0
2017-09-25,37.04999923706055,37.22999954223633,36.849998474121094,37.15999984741211,31.011886596679688,23180800,0.0,0.0
2017-09-26,37.209999084472656,37.63999938964844,37.0,37.470001220703125,31.27060317993164,29790400,0.0,0.0
2017-09-27,37.619998931884766,37.689998626708984,37.099998474121094,37.540000915527344,31.32901954650879,25981400,0.0,0.0
2017-09-28,37.31999969482422,37.880001068115234,37.290000915527344,37.83000183105469,31.571043014526367,21171400,0.0,0.0
2017-09-29,37.84000015258789,38.150001525878906,37.70000076293945,38.08000183105469,31.7796688079834,23217300,0.0,0.0
2017-10-02,38.119998931884766,39.09000015258789,38.08000183105469,39.040000915527344,32.58083724975586,37394500,0.0,0.0
2017-10-03,38.95000076293945,39.70000076293945,38.95000076293945,39.380001068115234,32.86458969116211,34002200,0.0,0.0
2017-10-04,39.38999938964844,39.400001525878906,38.86000061035156,39.34000015258789,32.83120346069336,28368800,0.0,0.0
2017-10-05,39.5,39.650001525878906,39.209999084472656,39.529998779296875,32.989768981933594,17710300,0.0,0.0
2017-10-06,39.599998474121094,39.88999938964844,39.41999816894531,39.630001068115234,33.07322311401367,18887500,0.0,0.0
2017-10-09,39.68000030517578,39.880001068115234,39.52000045776367,39.86000061035156,33.26516342163086,18494100,0.0,0.0
2017-10-10,39.93000030517578,39.95000076293945,39.380001068115234,39.650001525878906,33.08992004394531,29890000,0.0,0.0
2017-10-11,39.47999954223633,39.66999816894531,39.060001373291016,39.29999923706055,32.79782485961914,30754700,0.0,0.0
2017-10-12,39.349998474121094,39.38999938964844,38.97999954223633,39.189998626708984,32.70602035522461,18286900,0.0,0.0
2017-10-13,39.439998626708984,39.810001373291016,39.279998779296875,39.66999816894531,33.106605529785156,16829400,0.0,0.0
2017-10-16,39.709999084472656,39.790000915527344,39.439998626708984,39.7599983215332,33.18171691894531,12489100,0.0,0.0
2017-10-17,39.560001373291016,39.869998931884766,39.369998931884766,39.790000915527344,33.206756591796875,15532800,0.0,0.0
2017-10-18,39.79999923706055,40.290000915527344,39.599998474121094,40.25,33.59064483642578,21424600,0.0,0.0
2017-10-19,39.880001068115234,40.33000183105469,39.83000183105469,40.09000015258789,33.457122802734375,19222700,0.0,0.0
2017-10-20,40.33000183105469,40.45000076293945,40.099998474121094,40.43000030517578,33.74086380004883,18335700,0.0,0.0
2017-10-23,40.54999923706055,41.040000915527344,40.400001525878906,40.83000183105469,34.074684143066406,28647000,0.0,0.0
2017-10-24,41.0,41.04999923706055,40.720001220703125,40.95000076293945,34.17483139038086,19652400,0.0,0.0
2017-10-25,40.88999938964844,41.060001373291016,40.4900016784668,40.779998779296875,34.03295135498047,24031700,0.0,0.0
2017-10-26,40.90999984741211,41.58000183105469,40.709999084472656,41.349998474121094,34.50864791870117,38247400,0.0,0.0
2017-10-27,43.29999923706055,45.0,43.099998474121094,44.400001525878906,37.05403518676758,90028300,0.0,0.0
2017-10-30,44.47999954223633,45.189998626708984,43.880001068115234,44.369998931884766,37.02899932861328,48161500,0.0,0.0
2017-10-31,45.20000076293945,45.79999923706055,44.650001525878906,45.4900016784668,37.963687896728516,47000900,0.0,0.0
2017-11-01,45.970001220703125,46.709999084472656,45.59000015258789,46.709999084472656,38.98183822631836,47813700,0.0,0.0
2017-11-02,46.61000061035156,47.22999954223633,46.209999084472656,47.099998474121094,39.30731964111328,44602300,0.0,0.0
2017-11-03,47.20000076293945,47.29999923706055,45.599998474121094,46.34000015258789,38.673057556152344,39298100,0.0,0.0
2017-11-06,46.599998474121094,46.7400016784668,46.09000015258789,46.70000076293945,39.2044563293457,34035000,0.273,0.0
2017-11-07,46.70000076293945,47.09000015258789,46.38999938964844,46.779998779296875,39.27162170410156,24461400,0.0,0.0
2017-11-08,46.619998931884766,46.70000076293945,46.279998779296875,46.70000076293945,39.2044563293457,21565800,0.0,0.0
2017-11-09,46.04999923706055,46.38999938964844,45.650001525878906,46.29999923706055,38.86865997314453,25570400,0.0,0.0
2017-11-10,46.040000915527344,46.09000015258789,45.380001068115234,45.58000183105469,38.26423263549805,24095400,0.0,0.0
2017-11-13,45.2599983215332,45.939998626708984,45.25,45.75,38.406944274902344,18999000,0.0,0.0
2017-11-14,45.70000076293945,45.91999816894531,45.31999969482422,45.86000061035156,38.499290466308594,22201200,0.0,0.0
2017-11-15,45.38999938964844,45.810001373291016,45.16999816894531,45.459999084472656,38.16349411010742,17157200,0.0,0.0
2017-11-16,45.630001068115234,46.06999969482422,45.459999084472656,45.650001525878906,38.32299041748047,26439400,0.0,0.0
2017-11-17,45.5,45.619998931884766,44.619998931884766,44.630001068115234,37.466705322265625,63798000,0.0,0.0
2017-11-20,44.72999954223633,45.119998931884766,44.5,44.619998931884766,37.45830154418945,22420000,0.0,0.0
2017-11-21,44.720001220703125,45.220001220703125,44.709999084472656,44.939998626708984,37.72694778442383,21871000,0.0,0.0
2017-11-22,44.939998626708984,44.95000076293945,44.540000915527344,44.650001525878906,37.48350143432617,19538300,0.0,0.0
2017-11-24,44.54999923706055,44.779998779296875,44.43000030517578,44.75,37.56743240356445,6465800,0.0,0.0
2017-11-27,44.41999816894531,44.61000061035156,44.27000045776367,44.4900016784668,37.349178314208984,18202100,0.0,0.0
2017-11-28,44.650001525878906,44.84000015258789,44.31999969482422,44.72999954223633,37.5506477355957,20194100,0.0,0.0
2017-11-29,44.849998474121094,45.09000015258789,43.77000045776367,43.95000076293945,36.895835876464844,27036900,0.0,0.0
2017-11-30,44.36000061035156,45.20000076293945,44.33000183105469,44.84000015258789,37.64299392700195,34145300,0.0,0.0
2017-12-01,44.72999954223633,44.84000015258789,43.529998779296875,44.68000030517578,37.5086784362793,26656300,0.0,0.0
2017-12-04,45.02000045776367,45.29999923706055,44.33000183105469,44.4900016784668,37.349178314208984,28000800,0.0,0.0
2017-12-05,44.599998474121094,44.900001525878906,43.22999954223633,43.439998626708984,36.46770477294922,30626900,0.0,0.0
2017-12-06,43.13999938964844,43.720001220703125,42.66999816894531,43.45000076293945,36.47609329223633,27710800,0.0,0.0
2017-12-07,43.459999084472656,43.599998474121094,42.779998779296875,43.08000183105469,36.16548538208008,32708400,0.0,0.0
2017-12-08,43.349998474121094,43.58000183105469,43.11000061035156,43.349998474121094,36.39215850830078,23154700,0.0,0.0
2017-12-11,43.279998779296875,43.779998779296875,43.25,43.65999984741211,36.65239715576172,20425900,0.0,0.0
2017-12-12,43.470001220703125,43.619998931884766,43.08000183105469,43.33000183105469,36.37535858154297,16557400,0.0,0.0
2017-12-13,43.650001525878906,43.65999984741211,43.2400016784668,43.34000015258789,36.38375473022461,21399500,0.0,0.0
2017-12-14,43.43000030517578,43.56999969482422,43.02000045776367,43.2599983215332,36.316593170166016,19644900,0.0,0.0
2017-12-15,43.400001525878906,44.84000015258789,43.06999969482422,44.560001373291016,37.407936096191406,47477000,0.0,0.0
2017-12-18,45.150001525878906,46.349998474121094,45.040000915527344,46.2599983215332,38.835079193115234,50369300,0.0,0.0
2017-12-19,46.29999923706055,47.2599983215332,45.88999938964844,47.040000915527344,39.48988342285156,41421100,0.0,0.0
2017-12-20,47.470001220703125,47.63999938964844,46.65999984741211,47.560001373291016,39.92643737792969,40935000,0.0,0.0
2017-12-21,47.540000915527344,47.59000015258789,46.560001373291016,46.7599983215332,39.25483322143555,42963500,0.0,0.0
2017-12-22,46.33000183105469,47.02000045776367,46.02000045776367,46.70000076293945,39.2044563293457,33913500,0.0,0.0
2017-12-26,46.279998779296875,46.470001220703125,45.95000076293945,46.08000183105469,38.68397903442383,15533300,0.0,0.0
2017-12-27,46.11000061035156,46.36000061035156,46.0,46.11000061035156,38.709163665771484,13359700,0.0,0.0
2017-12-28,46.36000061035156,46.36000061035156,45.95000076293945,46.220001220703125,38.8015022277832,9504400,0.0,0.0
2017-12-29,46.209999084472656,46.4900016784668,46.09000015258789,46.15999984741211,38.751129150390625,17394500,0.0,0.0
2018-01-02,46.380001068115234,46.900001525878906,46.209999084472656,46.849998474121094,39.330379486083984,23370800,0.0,0.0
2018-01-03,45.470001220703125,46.209999084472656,43.650001525878906,45.2599983215332,37.99559020996094,116479000,0.0,0.0
2018-01-04,43.52000045776367,44.650001525878906,42.689998626708984,44.43000030517578,37.298797607421875,89209100,0.0,0.0
2018-01-05,44.43000030517578,45.150001525878906,43.900001525878906,44.7400016784668,37.559051513671875,41824000,0.0,0.0
2018-01-08,44.27000045776367,44.84000015258789,43.959999084472656,44.7400016784668,37.559051513671875,33733800,0.0,0.0
2018-01-09,44.70000076293945,44.84000015258789,43.4900016784668,43.619998931884766,36.618812561035156,44282300,0.0,0.0
2018-01-10,43.33000183105469,43.599998474121094,42.439998626708984,42.5,35.6785774230957,45735000,0.0,0.0
2018-01-11,42.79999923706055,43.58000183105469,42.45000076293945,43.40999984741211,36.44251251220703,35371500,0.0,0.0
2018-01-12,43.45000076293945,43.599998474121094,43.0099983215332,43.2400016784668,36.299800872802734,29973600,0.0,0.0
2018-01-16,43.54999923706055,43.790000915527344,42.88999938964844,43.13999938964844,36.215850830078125,38367200,0.0,0.0
2018-01-17,43.54999923706055,44.45000076293945,43.5099983215332,44.38999938964844,37.265220642089844,32368600,0.0,0.0
2018-01-18,44.400001525878906,44.7400016784668,44.16999816894531,44.47999954223633,37.340782165527344,26826500,0.0,0.0
2018-01-19,44.619998931884766,44.88999938964844,44.25,44.81999969482422,37.62620544433594,25780200,0.0,0.0
2018-01-22,44.79999923706055,45.790000915527344,44.790000915527344,45.75,38.406944274902344,27706800,0.0,0.0
2018-01-23,45.810001373291016,46.09000015258789,45.630001068115234,46.060001373291016,38.66718673706055,22135100,0.0,0.0
2018-01-24,45.900001525878906,46.130001068115234,44.959999084472656,45.5099983215332,38.20547103881836,32464200,0.0,0.0
2018-01-25,45.880001068115234,46.369998931884766,45.16999816894531,45.29999923706055,38.02915573120117,36758700,0.0,0.0
2018-01-26,48.380001068115234,50.150001525878906,48.119998931884766,50.08000183105469,42.041961669921875,86916100,0.0,0.0
2018-01-29,49.599998474121094,50.849998474121094,49.369998931884766,49.97999954223633,41.9580078125,46304000,0.0,0.0
2018-01-30,49.47999954223633,50.060001373291016,48.7400016784668,48.790000915527344,40.959007263183594,32814600,0.0,0.0
2018-01-31,49.22999954223633,49.25,47.560001373291016,48.13999938964844,40.41333770751953,41619900,0.0,0.0
2018-02-01,47.70000076293945,48.470001220703125,47.45000076293945,47.650001525878906,40.00199508666992,28840400,0.0,0.0
2018-02-02,47.31999969482422,47.790000915527344,46.099998474121094,46.150001525878906,38.74274444580078,28663000,0.0,0.0
2018-02-05,46.349998474121094,47.2599983215332,44.5,44.52000045776367,37.374366760253906,47869000,0.0,0.0
2018-02-06,44.02000045776367,44.93000030517578,43.029998779296875,44.90999984741211,37.95753479003906,58145400,0.3,0.0
2018-02-07,44.58000183105469,46.29999923706055,44.34000015258789,45.20000076293945,38.202659606933594,37508400,0.0,0.0
2018-02-08,45.279998779296875,45.41999816894531,42.7400016784668,42.75,36.13193130493164,43151300,0.0,0.0
2018-02-09,43.5,44.279998779296875,42.040000915527344,43.95000076293945,37.14616012573242,49301100,0.0,0.0
2018-02-12,44.150001525878906,45.15999984741211,44.09000015258789,44.83000183105469,37.88993453979492,28379500,0.0,0.0
2018-02-13,44.59000015258789,44.779998779296875,44.2599983215332,44.459999084472656,37.577205657958984,19517600,0.0,0.0
2018-02-14,44.06999969482422,45.5099983215332,44.040000915527344,45.380001068115234,38.35477828979492,19922000,0.0,0.0
2018-02-15,45.880001068115234,45.9900016784668,44.95000076293945,45.91999816894531,38.81118392944336,23536800,0.0,0.0
2018-02-16,45.81999969482422,46.59000015258789,45.5099983215332,45.560001373291016,38.50691604614258,21475200,0.0,0.0
2018-02-20,45.459999084472656,46.709999084472656,45.38999938964844,46.31999969482422,39.14925765991211,25512000,0.0,0.0
2018-02-21,46.66999816894531,47.060001373291016,45.91999816894531,45.939998626708984,38.828086853027344,27527500,0.0,0.0
2018-02-22,46.13999938964844,46.560001373291016,45.619998931884766,45.79999923706055,38.70976257324219,16946400,0.0,0.0
2018-02-23,46.34000015258789,47.790000915527344,46.310001373291016,47.72999954223633,40.340980529785156,26040900,0.0,0.0
2018-02-26,48.20000076293945,49.130001068115234,48.099998474121094,49.11000061035156,41.507354736328125,26992300,0.0,0.0
2018-02-27,49.369998931884766,50.900001525878906,49.310001373291016,49.90999984741211,42.183509826660156,43624100,0.0,0.0
2018-02-28,50.18000030517578,50.34000015258789,49.279998779296875,49.290000915527344,41.65948486328125,35541200,0.0,0.0
2018-03-01,49.5,49.720001220703125,47.470001220703125,47.84000015258789,40.433956146240234,36326600,0.0,0.0
2018-03-02,47.20000076293945,49.04999923706055,46.959999084472656,48.97999954223633,41.3974723815918,33310600,0.0,0.0
2018-03-05,48.56999969482422,49.79999923706055,48.040000915527344,49.75,42.04826354980469,30826500,0.0,0.0
2018-03-06,50.15999984741211,51.33000183105469,50.150001525878906,50.709999084472656,42.859642028808594,39132300,0.0,0.0
2018-03-07,50.18000030517578,51.4900016784668,50.099998474121094,51.31999969482422,43.37521743774414,31801900,0.0,0.0
2018-03-08,51.790000915527344,52.08000183105469,50.470001220703125,50.7400016784668,42.885005950927734,29481200,0.0,0.0
2018-03-09,51.27000045776367,52.29999923706055,51.0,52.189998626708984,44.11052322387695,32727900,0.0,0.0
2018-03-12,51.86000061035156,51.95000076293945,50.5,51.52000045776367,43.54426574707031,32044400,0.0,0.0
2018-03-13,52.52000045776367,53.779998779296875,51.38999938964844,51.779998779296875,43.764007568359375,45573900,0.0,0.0
2018-03-14,52.060001373291016,52.18000030517578,51.310001373291016,51.86000061035156,43.831626892089844,24993500,0.0,0.0
2018-03-15,52.22999954223633,52.29999923706055,50.880001068115234,50.880001068115234,43.00333023071289,25631200,0.0,0.0
2018-03-16,51.16999816894531,51.70000076293945,50.9900016784668,51.16999816894531,43.248435974121094,42559800,0.0,0.0
2018-03-19,50.7400016784668,51.22999954223633,49.93000030517578,50.83000183105469,42.96107864379883,31115200,0.0,0.0
2018-03-20,50.880001068115234,51.810001373291016,50.849998474121094,51.54999923706055,43.569610595703125,22215000,0.0,0.0
2018-03-21,51.54999923706055,52.16999816894531,51.16999816894531,51.560001373291016,43.57807159423828,23239500,0.0,0.0
2018-03-22,50.7400016784668,51.959999084472656,50.599998474121094,50.83000183105469,42.96107864379883,30916000,0.0,0.0
2018-03-23,50.59000015258789,50.9900016784668,49.36000061035156,49.36000061035156,41.718650817871094,37683900,0.0,0.0
2018-03-26,50.7400016784668,52.4900016784668,50.31999969482422,52.47999954223633,44.35563278198242,39306200,0.0,0.0
2018-03-27,53.0099983215332,53.25,50.779998779296875,51.189998626708984,43.26533126831055,38777000,0.0,0.0
2018-03-28,50.5,50.70000076293945,49.0099983215332,49.599998474121094,41.92148208618164,37970900,0.0,0.0
2018-03-29,49.97999954223633,52.08000183105469,49.869998931884766,52.08000183105469,44.0175666809082,45265800,0.0,0.0
2018-04-02,51.689998626708984,52.040000915527344,47.290000915527344,48.91999816894531,41.34675979614258,67187800,0.0,0.0
2018-04-03,49.0,49.959999084472656,48.40999984741211,49.75,42.04826354980469,39432400,0.0,0.0
2018-04-04,48.099998474121094,50.15999984741211,48.0099983215332,49.9900016784668,42.25111770629883,30370000,0.0,0.0
2018-04-05,50.0099983215332,50.720001220703125,49.970001220703125,50.380001068115234,42.58073806762695,25115400,0.0,0.0
2018-04-06,49.790000915527344,50.400001525878906,48.5,48.790000915527344,41.23688507080078,28215200,0.0,0.0
2018-04-09,49.15999984741211,51.11000061035156,49.15999984741211,49.54999923706055,41.87922286987305,31437000,0.0,0.0
2018-04-10,51.119998931884766,51.4900016784668,50.34000015258789,51.27000045776367,43.33296203613281,25906400,0.0,0.0
2018-04-11,50.9900016784668,51.72999954223633,50.81999969482422,51.099998474121094,43.18928146362305,17568400,0.0,0.0
2018-04-12,51.4900016784668,53.27000045776367,51.45000076293945,52.720001220703125,44.55847930908203,29781400,0.0,0.0
2018-04-13,53.060001373291016,53.209999084472656,51.599998474121094,51.86000061035156,43.831626892089844,20884900,0.0,0.0
2018-04-16,52.290000915527344,52.529998779296875,51.790000915527344,52.400001525878906,44.28801345825195,18855500,0.0,0.0
2018-04-17,52.90999984741211,53.70000076293945,52.88999938964844,53.540000915527344,45.251548767089844,21228700,0.0,0.0
2018-04-18,53.52000045776367,54.36000061035156,53.34000015258789,53.61000061035156,45.31070327758789,22164700,0.0,0.0
2018-04-19,52.95000076293945,52.959999084472656,51.61000061035156,52.220001220703125,44.13589859008789,25422400,0.0,0.0
2018-04-20,52.16999816894531,52.279998779296875,50.880001068115234,51.529998779296875,43.55271530151367,26910100,0.0,0.0
2018-04-23,51.689998626708984,51.88999938964844,50.849998474121094,51.099998474121094,43.18928146362305,21706700,0.0,0.0
2018-04-24,51.869998931884766,53.63999938964844,51.13999938964844,51.45000076293945,43.48509979248047,42494700,0.0,0.0
2018-04-25,51.86000061035156,52.099998474121094,50.599998474121094,51.380001068115234,43.42593002319336,25752800,0.0,0.0
2018-04-26,52.2599983215332,53.27000045776367,52.06999969482422,53.04999923706055,44.83739471435547,39575000,0.0,0.0
2018-04-27,55.439998626708984,55.790000915527344,52.22999954223633,52.72999954223633,44.56693649291992,69888100,0.0,0.0
2018-04-30,52.560001373291016,53.369998931884766,51.209999084472656,51.619998931884766,43.62877655029297,36417400,0.0,0.0
2018-05-01,51.63999938964844,53.41999816894531,51.439998626708984,53.33000183105469,45.07406234741211,27600800,0.0,0.0
2018-05-02,53.09000015258789,53.20000076293945,52.150001525878906,52.310001373291016,44.21195602416992,25778300,0.0,0.0
2018-05-03,51.88999938964844,52.560001373291016,51.209999084472656,52.279998779296875,44.18659973144531,28561000,0.0,0.0
2018-05-04,51.619998931884766,52.84000015258789,51.0,52.779998779296875,44.86665344238281,25642500,0.3,0.0
2018-05-07,52.86000061035156,53.58000183105469,52.83000183105469,53.33000183105469,45.33420181274414,20285700,0.0,0.0
2018-05-08,53.290000915527344,53.630001068115234,52.79999923706055,53.630001068115234,45.58921813964844,21026800,0.0,0.0
2018-05-09,53.7599983215332,54.369998931884766,53.189998626708984,54.34000015258789,46.1927604675293,19827500,0.0,0.0
2018-05-10,54.54999923706055,55.0,54.099998474121094,54.97999954223633,46.73680877685547,18715900,0.0,0.0
2018-05-11,54.619998931884766,55.189998626708984,54.43000030517578,54.66999816894531,46.47328567504883,15405000,0.0,0.0
2018-05-14,54.77000045776367,55.2400016784668,54.7400016784668,54.900001525878906,46.668800354003906,21878200,0.0,0.0
2018-05-15,54.58000183105469,54.75,53.560001373291016,53.91999816894531,45.835731506347656,21712600,0.0,0.0
2018-05-16,54.16999816894531,54.70000076293945,53.959999084472656,54.63999938964844,46.447776794433594,16260500,0.0,0.0
2018-05-17,54.54999923706055,55.439998626708984,54.41999816894531,54.810001373291016,46.59229278564453,16872600,0.0,0.0
2018-05-18,54.529998779296875,54.540000915527344,53.470001220703125,53.5,45.478702545166016,23679900,0.0,0.0
2018-05-21,54.36000061035156,55.220001220703125,53.86000061035156,54.31999969482422,46.175758361816406,25367400,0.0,0.0
2018-05-22,54.72999954223633,55.04999923706055,54.04999923706055,54.45000076293945,46.28627014160156,19009600,0.0,0.0
2018-05-23,54.0,55.22999954223633,53.84000015258789,55.209999084472656,46.93233108520508,20555400,0.0,0.0
2018-05-24,55.18000030517578,55.29999923706055,54.130001068115234,54.75,46.54129409790039,19667100,0.0,0.0
2018-05-25,54.79999923706055,55.5,54.540000915527344,55.439998626708984,47.127838134765625,18550000,0.0,0.0
2018-05-29,55.119998931884766,55.810001373291016,54.810001373291016,55.31999969482422,47.02582931518555,24253500,0.0,0.0
2018-05-30,55.88999938964844,56.20000076293945,55.619998931884766,55.68000030517578,47.33186340332031,24711500,0.0,0.0
2018-05-31,55.66999816894531,55.86000061035156,55.060001373291016,55.20000076293945,46.923831939697266,30962100,0.0,0.0
2018-06-01,55.84000015258789,57.099998474121094,55.79999923706055,57.08000183105469,48.52195739746094,31183200,0.0,0.0
2018-06-04,57.0099983215332,57.599998474121094,56.779998779296875,56.83000183105469,48.30943298339844,22538100,0.0,0.0
2018-06-05,56.900001525878906,57.119998931884766,56.220001220703125,56.529998779296875,48.054412841796875,21687000,0.0,0.0
2018-06-06,56.529998779296875,57.060001373291016,56.08000183105469,57.029998779296875,48.47944641113281,22955400,0.0,0.0
2018-06-07,56.91999816894531,57.0,55.619998931884766,55.880001068115234,47.501869201660156,27596100,0.0,0.0
2018-06-08,55.560001373291016,55.70000076293945,54.65999984741211,55.04999923706055,46.79630661010742,30822900,0.0,0.0
2018-06-11,54.79999923706055,55.09000015258789,54.2599983215332,54.52000045776367,46.345767974853516,25752400,0.0,0.0
2018-06-12,54.869998931884766,55.029998779296875,54.220001220703125,54.81999969482422,46.600791931152344,23294900,0.0,0.0
2018-06-13,54.97999954223633,55.70000076293945,54.90999984741211,55.029998779296875,46.77930450439453,22631400,0.0,0.0
2018-06-14,55.45000076293945,55.86000061035156,55.18000030517578,55.540000915527344,47.21285629272461,23419800,0.0,0.0
2018-06-15,55.16999816894531,55.380001068115234,54.58000183105469,55.11000061035156,46.84731674194336,39194700,0.0,0.0
2018-06-18,54.29999923706055,54.29999923706055,52.34000015258789,53.220001220703125,45.240684509277344,40764400,0.0,0.0
2018-06-19,52.13999938964844,52.95000076293945,51.880001068115234,52.93000030517578,44.99416732788086,31780900,0.0,0.0
2018-06-20,53.189998626708984,53.75,52.689998626708984,53.459999084472656,45.4446907043457,21403000,0.0,0.0
2018-06-21,54.380001068115234,54.529998779296875,51.939998626708984,52.189998626708984,44.36510467529297,44435600,0.0,0.0
2018-06-22,52.619998931884766,53.09000015258789,52.29999923706055,52.5,44.628639221191406,34682100,0.0,0.0
2018-06-25,51.16999816894531,51.75,49.90999984741211,50.709999084472656,43.10700225830078,45356500,0.0,0.0
2018-06-26,49.95000076293945,50.40999984741211,49.36000061035156,49.66999816894531,42.222938537597656,37543000,0.0,0.0
2018-06-27,49.34000015258789,50.060001373291016,48.75,48.7599983215332,41.44936752319336,33338800,0.0,0.0
2018-06-28,48.58000183105469,49.4900016784668,48.5,49.25,41.86591339111328,29055700,0.0,0.0
2018-06-29,49.529998779296875,50.11000061035156,49.5,49.709999084472656,42.25694274902344,28906500,0.0,0.0
2018-07-02,49.040000915527344,50.27000045776367,48.83000183105469,50.20000076293945,42.67348098754883,23755500,0.0,0.0
2018-07-03,50.58000183105469,50.86000061035156,49.43000030517578,49.470001220703125,42.05291748046875,16327900,0.0,0.0
2018-07-05,49.97999954223633,50.959999084472656,49.75,50.75,43.141014099121094,26163500,0.0,0.0
2018-07-06,50.77000045776367,51.5,50.400001525878906,51.369998931884766,43.66806411743164,19968000,0.0,0.0
2018-07-09,51.63999938964844,51.88999938964844,51.0,51.86000061035156,44.0845947265625,21361600,0.0,0.0
2018-07-10,52.099998474121094,52.2599983215332,51.84000015258789,52.15999984741211,44.339603424072266,17362900,0.0,0.0
2018-07-11,51.689998626708984,51.869998931884766,51.189998626708984,51.20000076293945,43.5235481262207,18665600,0.0,0.0
2018-07-12,52.04999923706055,52.47999954223633,51.72999954223633,52.349998474121094,44.501121520996094,20292700,0.0,0.0
2018-07-13,52.400001525878906,52.41999816894531,51.7599983215332,52.220001220703125,44.390621185302734,13749300,0.0,0.0
2018-07-16,52.150001525878906,52.31999969482422,51.869998931884766,52.0099983215332,44.21209716796875,15951500,0.0,0.0
2018-07-17,51.04999923706055,51.880001068115234,51.0099983215332,51.75,43.9910888671875,15754500,0.0,0.0
2018-07-18,51.869998931884766,51.970001220703125,51.470001220703125,51.720001220703125,43.965576171875,14649000,0.0,0.0
2018-07-19,51.599998474121094,52.0099983215332,51.04999923706055,51.97999954223633,44.18659591674805,15954600,0.0,0.0
2018-07-20,51.83000183105469,52.06999969482422,51.33000183105469,51.90999984741211,44.12710189819336,17380500,0.0,0.0
2018-07-23,51.77000045776367,52.5,51.33000183105469,52.310001373291016,44.467124938964844,15945500,0.0,0.0
2018-07-24,52.7599983215332,53.29999923706055,52.08000183105469,52.18000030517578,44.35662078857422,17788700,0.0,0.0
2018-07-25,52.209999084472656,52.45000076293945,51.09000015258789,52.43000030517578,44.56913375854492,19854800,0.0,0.0
2018-07-26,52.45000076293945,53.18000030517578,51.869998931884766,52.15999984741211,44.339603424072266,28282500,0.0,0.0
2018-07-27,48.7599983215332,49.20000076293945,47.47999954223633,47.68000030517578,40.531314849853516,67816700,0.0,0.0
2018-07-30,47.630001068115234,47.9900016784668,46.43000030517578,47.689998626708984,40.539794921875,35696600,0.0,0.0
2018-07-31,48.2400016784668,48.68000030517578,47.689998626708984,48.099998474121094,40.88832473754883,36581200,0.0,0.0
2018-08-01,48.060001373291016,48.90999984741211,48.0,48.810001373291016,41.491878509521484,28060700,0.0,0.0
2018-08-02,48.5,49.52000045776367,48.20000076293945,49.47999954223633,42.061424255371094,26452500,0.0,0.0
2018-08-03,49.5,49.779998779296875,49.16999816894531,49.630001068115234,42.188941955566406,22008200,0.0,0.0
2018-08-06,48.77000045776367,49.310001373291016,48.31999969482422,49.29999923706055,42.16328048706055,26669000,0.3,0.0
2018-08-07,49.43000030517578,49.83000183105469,49.40999984741211,49.70000076293945,42.5053825378418,28322700,0.0,0.0
2018-08-08,49.599998474121094,50.130001068115234,49.439998626708984,49.959999084472656,42.72773742675781,21990600,0.0,0.0
2018-08-09,49.86000061035156,50.599998474121094,49.720001220703125,50.13999938964844,42.88168716430664,23795600,0.0,0.0
2018-08-10,48.5099983215332,49.16999816894531,48.29999923706055,48.849998474121094,41.77842330932617,28712400,0.0,0.0
2018-08-13,48.91999816894531,49.2400016784668,48.380001068115234,48.45000076293945,41.43632507324219,17070600,0.0,0.0
2018-08-14,48.66999816894531,48.7599983215332,47.650001525878906,48.119998931884766,41.154090881347656,23061600,0.0,0.0
2018-08-15,47.779998779296875,48.0,46.900001525878906,47.459999084472656,40.58964538574219,26739900,0.0,0.0
2018-08-16,47.75,47.95000076293945,47.04999923706055,47.16999816894531,40.34162902832031,24358000,0.0,0.0
2018-08-17,47.0,47.38999938964844,46.33000183105469,47.099998474121094,40.2817497253418,26382000,0.0,0.0
2018-08-20,47.04999923706055,47.119998931884766,46.189998626708984,46.5,39.768611907958984,24334000,0.0,0.0
2018-08-21,46.65999984741211,47.849998474121094,46.63999938964844,47.619998931884766,40.72648620605469,19254300,0.0,0.0
2018-08-22,47.25,47.349998474121094,46.91999816894531,47.04999923706055,40.23899841308594,23182500,0.0,0.0
2018-08-23,46.86000061035156,47.16999816894531,46.709999084472656,46.97999954223633,40.179141998291016,31343200,0.0,0.0
2018-08-24,47.290000915527344,47.88999938964844,47.08000183105469,47.65999984741211,40.76069259643555,18214700,0.0,0.0
2018-08-27,48.0,48.38999938964844,47.630001068115234,48.349998474121094,41.35079574584961,17170300,0.0,0.0
2018-08-28,48.54999923706055,48.790000915527344,48.310001373291016,48.56999969482422,41.538944244384766,13472400,0.0,0.0
2018-08-29,48.70000076293945,48.86000061035156,48.400001525878906,48.75,41.69290542602539,13479100,0.0,0.0
2018-08-30,48.52000045776367,48.83000183105469,48.09000015258789,48.2400016784668,41.2567253112793,16418800,0.0,0.0
2018-08-31,47.959999084472656,48.560001373291016,47.91999816894531,48.43000030517578,41.419227600097656,16484000,0.0,0.0
2018-09-04,48.380001068115234,48.43000030517578,47.560001373291016,47.959999084472656,41.01726150512695,15682900,0.0,0.0
2018-09-05,47.75,48.119998931884766,47.470001220703125,47.720001220703125,40.81200408935547,20857200,0.0,0.0
2018-09-06,47.7599983215332,47.959999084472656,47.209999084472656,47.2599983215332,40.41858673095703,19318100,0.0,0.0
2018-09-07,46.90999984741211,47.47999954223633,46.36000061035156,46.45000076293945,39.725852966308594,25958300,0.0,0.0
2018-09-10,46.560001373291016,46.7599983215332,46.22999954223633,46.29999923706055,39.59756851196289,21522400,0.0,0.0
2018-09-11,46.0,46.029998779296875,44.88999938964844,44.93000030517578,38.4258918762207,32455300,0.0,0.0
2018-09-12,44.560001373291016,44.97999954223633,44.060001373291016,44.93000030517578,38.4258918762207,29778700,0.0,0.0
2018-09-13,45.68000030517578,45.849998474121094,45.11000061035156,45.56999969482422,38.973243713378906,18657100,0.0,0.0
2018-09-14,45.779998779296875,45.970001220703125,45.349998474121094,45.540000915527344,38.94758605957031,22998700,0.0,0.0
2018-09-17,45.290000915527344,45.900001525878906,45.189998626708984,45.41999816894531,38.8449592590332,17603200,0.0,0.0
2018-09-18,45.58000183105469,46.529998779296875,45.40999984741211,46.099998474121094,39.426517486572266,20528100,0.0,0.0
2018-09-19,46.09000015258789,46.439998626708984,45.88999938964844,46.150001525878906,39.46928405761719,15918900,0.0,0.0
2018-09-20,46.779998779296875,47.36000061035156,46.52000045776367,47.20000076293945,40.367271423339844,21999300,0.0,0.0
2018-09-21,47.119998931884766,47.41999816894531,46.369998931884766,46.65999984741211,39.905452728271484,52650600,0.0,0.0
2018-09-24,46.310001373291016,47.0,46.150001525878906,46.90999984741211,40.119258880615234,17847000,0.0,0.0
2018-09-25,46.220001220703125,46.38999938964844,45.79999923706055,45.90999984741211,39.26402282714844,23389900,0.0,0.0
2018-09-26,46.040000915527344,46.29999923706055,45.58000183105469,45.70000076293945,39.08441925048828,23957700,0.0,0.0
2018-09-27,45.90999984741211,46.16999816894531,45.72999954223633,45.880001068115234,39.23836898803711,15415500,0.0,0.0
2018-09-28,45.619998931884766,47.75,45.459999084472656,47.290000915527344,40.44424819946289,46223500,0.0,0.0
2018-10-01,46.790000915527344,47.220001220703125,46.20000076293945,46.45000076293945,39.725852966308594,23796200,0.0,0.0
2018-10-02,47.5099983215332,48.880001068115234,47.31999969482422,48.099998474121094,41.13699722290039,42121100,0.0,0.0
2018-10-03,48.619998931884766,49.720001220703125,48.560001373291016,48.7599983215332,41.70145034790039,39211900,0.0,0.0
2018-10-04,48.84000015258789,48.86000061035156,47.619998931884766,48.130001068115234,41.16264724731445,30108300,0.0,0.0
2018-10-05,48.22999954223633,48.34000015258789,46.65999984741211,47.029998779296875,40.221885681152344,28901400,0.0,0.0
2018-10-08,46.959999084472656,47.349998474121094,46.52000045776367,47.029998779296875,40.221885681152344,19376800,0.0,0.0
2018-10-09,47.18000030517578,47.619998931884766,46.540000915527344,46.54999923706055,39.811370849609375,23285700,0.0,0.0
2018-10-10,46.060001373291016,46.119998931884766,44.79999923706055,44.79999923706055,38.31470489501953,43109500,0.0,0.0
2018-10-11,45.150001525878906,45.61000061035156,43.72999954223633,44.22999954223633,37.82722091674805,43648800,0.0,0.0
2018-10-12,45.27000045776367,45.34000015258789,44.22999954223633,44.880001068115234,38.38312530517578,32087400,0.0,0.0
2018-10-15,44.630001068115234,45.13999938964844,44.439998626708984,44.529998779296875,38.083797454833984,21633000,0.0,0.0
2018-10-16,44.900001525878906,46.0099983215332,44.83000183105469,45.939998626708984,39.289676666259766,21472000,0.0,0.0
2018-10-17,46.0,46.33000183105469,45.540000915527344,45.88999938964844,39.246917724609375,23124400,0.0,0.0
2018-10-18,45.650001525878906,45.75,44.83000183105469,44.970001220703125,38.460105895996094,26638800,0.0,0.0
2018-10-19,45.02000045776367,45.18000030517578,43.86000061035156,44.0,37.63051986694336,28368500,0.0,0.0
2018-10-22,44.5,45.34000015258789,44.099998474121094,45.0099983215332,38.49430465698242,34508800,0.0,0.0
2018-10-23,44.18000030517578,45.09000015258789,43.90999984741211,44.5,38.058128356933594,38590300,0.0,0.0
2018-10-24,44.15999984741211,44.36000061035156,42.36000061035156,42.41999816894531,36.279239654541016,33631800,0.0,0.0
2018-10-25,43.540000915527344,44.939998626708984,43.279998779296875,44.310001373291016,37.89564514160156,48255300,0.0,0.0
2018-10-26,45.59000015258789,46.439998626708984,44.70000076293945,45.689998626708984,39.075870513916016,67280400,0.0,0.0
2018-10-29,46.5,46.75,44.439998626708984,45.400001525878906,38.82785415649414,35732200,0.0,0.0
2018-10-30,45.529998779296875,47.880001068115234,45.459999084472656,47.7599983215332,40.846214294433594,43975200,0.0,0.0
2018-10-31,48.290000915527344,48.560001373291016,46.83000183105469,46.880001068115234,40.093605041503906,33369100,0.0,0.0
2018-11-01,46.95000076293945,48.470001220703125,46.86000061035156,48.220001220703125,41.2396240234375,28335300,0.0,0.0
2018-11-02,48.130001068115234,48.25,46.75,47.11000061035156,40.29030990600586,30759800,0.0,0.0
2018-11-05,47.34000015258789,48.25,46.91999816894531,47.970001220703125,41.02580642700195,23751200,0.0,0.0
2018-11-06,47.79999923706055,47.91999816894531,47.029998779296875,47.25,40.66434860229492,23839600,0.3,0.0
2018-11-07,47.630001068115234,48.75,47.59000015258789,48.720001220703125,41.92947006225586,29913200,0.0,0.0
2018-11-08,48.4900016784668,49.290000915527344,48.459999084472656,48.9900016784668,42.161834716796875,26581700,0.0,0.0
2018-11-09,48.790000915527344,49.029998779296875,47.869998931884766,48.11000061035156,41.404483795166016,21761400,0.0,0.0
2018-11-12,47.709999084472656,47.79999923706055,46.599998474121094,46.650001525878906,40.14797592163086,24412800,0.0,0.0
2018-11-13,46.9900016784668,48.25,46.9900016784668,47.38999938964844,40.78483963012695,29315900,0.0,0.0
2018-11-14,47.849998474121094,47.970001220703125,46.88999938964844,47.09000015258789,40.526649475097656,25632700,0.0,0.0
2018-11-15,47.0099983215332,48.2400016784668,46.720001220703125,48.11000061035156,41.404483795166016,29581000,0.0,0.0
2018-11-16,47.77000045776367,49.04999923706055,47.689998626708984,48.83000183105469,42.02412796020508,31670600,0.0,0.0
2018-11-19,48.61000061035156,49.150001525878906,47.779998779296875,48.0,41.30982971191406,26859000,0.0,0.0
2018-11-20,47.400001525878906,48.119998931884766,47.09000015258789,47.38999938964844,40.78483963012695,29200800,0.0,0.0
2018-11-21,47.849998474121094,47.880001068115234,47.02000045776367,47.029998779296875,40.475013732910156,19011400,0.0,0.0
2018-11-23,46.689998626708984,47.06999969482422,46.52000045776367,46.540000915527344,40.05331039428711,8906900,0.0,0.0
2018-11-26,47.27000045776367,47.459999084472656,46.70000076293945,47.45000076293945,40.83647537231445,20723000,0.0,0.0
2018-11-27,46.939998626708984,48.220001220703125,46.59000015258789,48.06999969482422,41.37006759643555,27621000,0.0,0.0
2018-11-28,47.939998626708984,48.880001068115234,47.650001525878906,48.86000061035156,42.049949645996094,28003200,0.0,0.0
2018-11-29,48.4900016784668,48.560001373291016,47.630001068115234,47.70000076293945,41.0516242980957,23592500,0.0,0.0
2018-11-30,47.95000076293945,49.31999969482422,47.560001373291016,49.310001373291016,42.43722915649414,43313700,0.0,0.0
2018-12-03,50.0,50.5,49.529998779296875,50.130001068115234,43.142940521240234,30870400,0.0,0.0
2018-12-04,49.52000045776367,49.599998474121094,47.68000030517578,47.75,41.094669342041016,35397700,0.0,0.0
2018-12-06,46.79999923706055,48.38999938964844,46.52000045776367,48.369998931884766,41.62825012207031,31661700,0.0,0.0
2018-12-07,47.939998626708984,48.060001373291016,46.22999954223633,46.2400016784668,39.79513168334961,34016400,0.0,0.0
2018-12-10,46.279998779296875,47.459999084472656,46.0099983215332,47.209999084472656,40.62992477416992,23289000,0.0,0.0
2018-12-11,47.900001525878906,48.59000015258789,47.130001068115234,47.380001068115234,40.7762336730957,23851000,0.0,0.0
2018-12-12,48.58000183105469,48.63999938964844,47.40999984741211,47.83000183105469,41.163516998291016,31305000,0.0,0.0
2018-12-13,48.2599983215332,48.58000183105469,47.86000061035156,48.290000915527344,41.55939865112305,19526000,0.0,0.0
2018-12-14,47.88999938964844,48.7599983215332,47.849998474121094,47.86000061035156,41.1893310546875,26372100,0.0,0.0
2018-12-17,47.86000061035156,48.40999984741211,46.65999984741211,47.08000183105469,40.51805114746094,26598700,0.0,0.0
2018-12-18,47.470001220703125,48.45000076293945,47.36000061035156,47.7400016784668,41.08605194091797,29014300,0.0,0.0
2018-12-19,47.4900016784668,47.72999954223633,45.380001068115234,45.56999969482422,39.218505859375,39717600,0.0,0.0
2018-12-20,45.40999984741211,46.310001373291016,45.0099983215332,45.540000915527344,39.192691802978516,37750900,0.0,0.0
2018-12-21,45.75,46.650001525878906,44.79999923706055,44.84000015258789,38.590248107910156,52768300,0.0,0.0
2018-12-24,44.630001068115234,45.16999816894531,43.540000915527344,43.59000015258789,37.51448440551758,19241600,0.0,0.0
2018-12-26,44.0,46.20000076293945,43.5099983215332,46.189998626708984,39.75209426879883,28677600,0.0,0.0
2018-12-27,45.619998931884766,46.380001068115234,44.66999816894531,46.36000061035156,39.89839553833008,29970700,0.0,0.0
2018-12-28,46.5099983215332,47.7400016784668,46.29999923706055,46.75,40.23404312133789,24758700,0.0,0.0
2018-12-31,47.09000015258789,47.47999954223633,46.54999923706055,46.93000030517578,40.388954162597656,20490400,0.0,0.0
2019-01-02,45.959999084472656,47.470001220703125,45.77000045776367,47.08000183105469,40.51805114746094,18774600,0.0,0.0
2019-01-03,46.150001525878906,46.279998779296875,44.38999938964844,44.4900016784668,38.28903579711914,32267300,0.0,0.0
2019-01-04,45.84000015258789,47.56999969482422,45.540000915527344,47.220001220703125,40.63853454589844,35447300,0.0,0.0
2019-01-07,47.099998474121094,48.0,46.75,47.439998626708984,40.82786560058594,22736800,0.0,0.0
2019-01-08,47.79999923706055,48.029998779296875,46.779998779296875,47.7400016784668,41.08605194091797,22749200,0.0,0.0
2019-01-09,47.959999084472656,48.56999969482422,47.779998779296875,48.0099983215332,41.31843185424805,22554500,0.0,0.0
2019-01-10,47.75,48.650001525878906,47.40999984741211,48.560001373291016,41.79176712036133,27202600,0.0,0.0
2019-01-11,48.099998474121094,49.290000915527344,48.04999923706055,48.93000030517578,42.110191345214844,21751300,0.0,0.0
2019-01-14,48.459999084472656,48.83000183105469,48.29999923706055,48.349998474121094,41.61103439331055,19193900,0.0,0.0
2019-01-15,48.709999084472656,49.130001068115234,48.439998626708984,48.599998474121094,41.8261833190918,22480800,0.0,0.0
2019-01-16,48.599998474121094,48.88999938964844,48.08000183105469,48.130001068115234,41.42170333862305,19057700,0.0,0.0
2019-01-17,48.0,48.84000015258789,47.90999984741211,48.470001220703125,41.71431350708008,17448700,0.0,0.0
2019-01-18,49.11000061035156,49.380001068115234,48.689998626708984,49.189998626708984,42.333953857421875,29874600,0.0,0.0
2019-01-22,48.959999084472656,48.97999954223633,47.869998931884766,48.27000045776367,41.54218673706055,25940700,0.0,0.0
2019-01-23,48.40999984741211,48.79999923706055,47.52000045776367,47.939998626708984,41.2581787109375,18960700,0.0,0.0
2019-01-24,48.70000076293945,50.040000915527344,48.599998474121094,49.7599983215332,42.82450866699219,50578300,0.0,0.0
2019-01-25,46.849998474121094,47.43000030517578,45.75,47.040000915527344,40.48361587524414,86455700,0.0,0.0
2019-01-28,46.130001068115234,46.72999954223633,46.04999923706055,46.709999084472656,40.19961929321289,35928700,0.0,0.0
2019-01-29,46.779998779296875,46.970001220703125,46.33000183105469,46.540000915527344,40.05331039428711,20988300,0.0,0.0
2019-01-30,46.68000030517578,47.68000030517578,46.45000076293945,47.540000915527344,40.91393280029297,26931700,0.0,0.0
2019-01-31,46.70000076293945,47.18000030517578,46.099998474121094,47.119998931884766,40.552467346191406,43051300,0.0,0.0
2019-02-01,47.060001373291016,49.04999923706055,47.0099983215332,48.72999954223633,41.93807601928711,37442900,0.0,0.0
2019-02-04,48.619998931884766,49.2400016784668,48.2400016784668,49.220001220703125,42.359771728515625,20905000,0.0,0.0
2019-02-05,49.18000030517578,50.720001220703125,49.18000030517578,50.0099983215332,43.0396728515625,31641600,0.0,0.0
2019-02-06,49.95000076293945,50.63999938964844,49.81999969482422,49.900001525878906,43.21721649169922,21647800,0.315,0.0
2019-02-07,49.5,49.849998474121094,48.68000030517578,49.22999954223633,42.63693618774414,27825900,0.0,0.0
2019-02-08,48.77000045776367,49.02000045776367,48.0099983215332,48.84000015258789,42.299171447753906,18851200,0.0,0.0
2019-02-11,49.02000045776367,49.31999969482422,48.58000183105469,48.77000045776367,42.238548278808594,18004100,0.0,0.0
2019-02-12,49.36000061035156,50.13999938964844,49.27000045776367,50.0099983215332,43.3124885559082,18050100,0.0,0.0
2019-02-13,50.130001068115234,50.810001373291016,50.0,50.470001220703125,43.71088409423828,17712800,0.0,0.0
2019-02-14,50.40999984741211,51.040000915527344,50.349998474121094,50.810001373291016,44.005348205566406,17545400,0.0,0.0
2019-02-15,51.25,51.66999816894531,51.09000015258789,51.65999984741211,44.74150848388672,22520400,0.0,0.0
2019-02-19,51.349998474121094,51.709999084472656,51.34000015258789,51.400001525878906,44.516334533691406,15611800,0.0,0.0
2019-02-20,51.630001068115234,51.72999954223633,51.060001373291016,51.38999938964844,44.50767135620117,21607700,0.0,0.0
2019-02-21,51.31999969482422,51.84000015258789,51.209999084472656,51.40999984741211,44.52499008178711,16162100,0.0,0.0
2019-02-22,52.70000076293945,52.97999954223633,52.060001373291016,52.4900016784668,45.46035385131836,31934100,0.0,0.0
2019-02-25,53.060001373291016,53.61000061035156,52.86000061035156,53.099998474121094,45.98865509033203,20711800,0.0,0.0
2019-02-26,53.0099983215332,53.369998931884766,52.90999984741211,53.22999954223633,46.10124969482422,16082200,0.0,0.0
2019-02-27,52.7599983215332,53.380001068115234,52.5099983215332,53.2400016784668,46.10990905761719,17590300,0.0,0.0
2019-02-28,52.91999816894531,53.18000030517578,52.810001373291016,52.959999084472656,45.86739730834961,18388800,0.0,0.0
2019-03-01,53.439998626708984,53.68000030517578,52.88999938964844,53.29999923706055,46.1618766784668,18359300,0.0,0.0
2019-03-04,53.75,54.099998474121094,53.209999084472656,53.939998626708984,46.71615982055664,21706100,0.0,0.0
2019-03-05,53.849998474121094,53.9900016784668,53.11000061035156,53.68000030517578,46.49098205566406,21057700,0.0,0.0
2019-03-06,53.630001068115234,53.650001525878906,52.939998626708984,52.95000076293945,45.858741760253906,14740500,0.0,0.0
2019-03-07,52.77000045776367,52.9900016784668,52.36000061035156,52.599998474121094,45.55561065673828,17803000,0.0,0.0
2019-03-08,51.970001220703125,52.560001373291016,51.70000076293945,52.47999954223633,45.451683044433594,16793900,0.0,0.0
2019-03-11,52.880001068115234,53.650001525878906,52.56999969482422,53.349998474121094,46.205177307128906,18963000,0.0,0.0
2019-03-12,53.34000015258789,53.959999084472656,53.18000030517578,53.56999969482422,46.39570617675781,20782100,0.0,0.0
2019-03-13,54.0,54.56999969482422,53.650001525878906,54.369998931884766,47.08857345581055,25522300,0.0,0.0
2019-03-14,54.29999923706055,54.45000076293945,53.33000183105469,53.439998626708984,46.283119201660156,26647100,0.0,0.0
2019-03-15,53.68000030517578,54.689998626708984,53.68000030517578,54.33000183105469,47.05393600463867,46512500,0.0,0.0
2019-03-18,54.41999816894531,54.5099983215332,53.869998931884766,54.099998474121094,46.854736328125,16274000,0.0,0.0
2019-03-19,54.470001220703125,54.650001525878906,54.0,54.16999816894531,46.91535949707031,18274800,0.0,0.0
2019-03-20,54.060001373291016,54.400001525878906,53.61000061035156,53.81999969482422,46.61223220825195,24325300,0.0,0.0
2019-03-21,53.91999816894531,54.9900016784668,53.84000015258789,54.63999938964844,47.322418212890625,19127200,0.0,0.0
2019-03-22,54.400001525878906,54.619998931884766,53.209999084472656,53.2599983215332,46.12723159790039,21438400,0.0,0.0
2019-03-25,52.970001220703125,53.54999923706055,52.380001068115234,52.779998779296875,45.711509704589844,16971400,0.0,0.0
2019-03-26,53.31999969482422,53.77000045776367,53.040000915527344,53.439998626708984,46.283119201660156,17724300,0.0,0.0
2019-03-27,53.59000015258789,53.86000061035156,52.939998626708984,53.15999984741211,46.04062271118164,19656000,0.0,0.0
2019-03-28,53.25,53.439998626708984,52.77000045776367,53.11000061035156,45.9973258972168,13607900,0.0,0.0
2019-03-29,53.79999923706055,54.040000915527344,53.47999954223633,53.70000076293945,46.508304595947266,18736100,0.0,0.0
2019-04-01,54.34000015258789,54.56999969482422,54.099998474121094,54.5099983215332,47.2098274230957,17830400,0.0,0.0
2019-04-02,54.529998779296875,54.79999923706055,54.22999954223633,54.36000061035156,47.07991409301758,13704500,0.0,0.0
2019-04-03,55.029998779296875,55.9900016784668,54.88999938964844,55.47999954223633,48.0499153137207,24552800,0.0,0.0
2019-04-04,55.27000045776367,56.13999938964844,55.27000045776367,55.91999816894531,48.43098831176758,16520500,0.0,0.0
2019-04-05,55.75,55.95000076293945,54.869998931884766,55.599998474121094,48.15384292602539,19268400,0.0,0.0
2019-04-08,55.279998779296875,55.7400016784668,55.20000076293945,55.68000030517578,48.22314453125,11758800,0.0,0.0
2019-04-09,55.349998474121094,55.43000030517578,54.900001525878906,55.31999969482422,47.911338806152344,13339700,0.0,0.0
2019-04-10,55.31999969482422,55.86000061035156,55.31999969482422,55.75,48.283756256103516,13084000,0.0,0.0
2019-04-11,55.7599983215332,56.06999969482422,55.630001068115234,55.79999923706055,48.32706069946289,10845800,0.0,0.0
2019-04-12,56.209999084472656,56.4900016784668,55.84000015258789,56.41999816894531,48.86403274536133,12910200,0.0,0.0
2019-04-15,56.459999084472656,56.560001373291016,55.91999816894531,56.279998779296875,48.74278259277344,11676900,0.0,0.0
2019-04-16,56.65999984741211,57.470001220703125,56.06999969482422,56.709999084472656,49.11519241333008,30301900,0.0,0.0
2019-04-17,58.439998626708984,59.59000015258789,58.119998931884766,58.560001373291016,50.717437744140625,38788400,0.0,0.0
2019-04-18,58.709999084472656,58.880001068115234,58.119998931884766,58.4900016784668,50.65680694580078,20464200,0.0,0.0
2019-04-22,58.150001525878906,58.83000183105469,57.880001068115234,58.81999969482422,50.94261932373047,12327500,0.0,0.0
2019-04-23,58.88999938964844,58.97999954223633,58.5,58.779998779296875,50.90797805786133,17739900,0.0,0.0
2019-04-24,58.52000045776367,59.290000915527344,58.13999938964844,58.720001220703125,50.85600662231445,17723700,0.0,0.0
2019-04-25,58.29999923706055,58.380001068115234,57.22999954223633,57.61000061035156,49.89466857910156,27949900,0.0,0.0
2019-04-26,52.7400016784668,53.09000015258789,51.52000045776367,52.43000030517578,45.408382415771484,72364500,0.0,0.0
2019-04-29,52.16999816894531,52.43000030517578,51.0,51.11000061035156,44.26517105102539,42142300,0.0,0.0
2019-04-30,51.0,51.43000030517578,50.869998931884766,51.040000915527344,44.20454406738281,27130900,0.0,0.0
2019-05-01,51.099998474121094,51.599998474121094,50.7400016784668,50.7599983215332,43.962032318115234,20467600,0.0,0.0
2019-05-02,50.79999923706055,51.33000183105469,50.119998931884766,50.54999923706055,43.7801513671875,22655400,0.0,0.0
2019-05-03,51.08000183105469,51.81999969482422,50.72999954223633,51.75,44.819454193115234,25656600,0.0,0.0
2019-05-06,50.25,51.279998779296875,50.189998626708984,51.220001220703125,44.63210678100586,26245200,0.315,0.0
2019-05-07,50.599998474121094,50.880001068115234,49.93000030517578,50.47999954223633,43.98728561401367,29713400,0.0,0.0
2019-05-08,50.20000076293945,50.790000915527344,49.06999969482422,49.2400016784668,42.906776428222656,36812400,0.0,0.0
2019-05-09,47.900001525878906,48.290000915527344,46.04999923706055,46.619998931884766,40.62376403808594,59642200,0.0,0.0
2019-05-10,46.439998626708984,46.79999923706055,45.099998474121094,46.20000076293945,40.257781982421875,42522800,0.0,0.0
2019-05-13,45.33000183105469,45.63999938964844,44.70000076293945,44.7599983215332,39.00299072265625,39091900,0.0,0.0
2019-05-14,45.18000030517578,45.4900016784668,44.869998931884766,45.16999816894531,39.36025619506836,24706500,0.0,0.0
2019-05-15,44.91999816894531,45.75,44.7599983215332,45.619998931884766,39.75237274169922,23407900,0.0,0.0
2019-05-16,45.470001220703125,45.95000076293945,45.41999816894531,45.529998779296875,39.673946380615234,19954700,0.0,0.0
2019-05-17,45.18000030517578,45.72999954223633,44.7599983215332,44.88999938964844,39.11627197265625,22500400,0.0,0.0
2019-05-20,44.0,44.52000045776367,43.45000076293945,43.560001373291016,37.957340240478516,28675000,0.0,0.0
2019-05-21,44.34000015258789,44.779998779296875,44.18000030517578,44.459999084472656,38.7415771484375,25543400,0.0,0.0
2019-05-22,44.150001525878906,44.459999084472656,43.849998474121094,44.0,38.340736389160156,16932500,0.0,0.0
2019-05-23,43.369998931884766,44.7400016784668,42.86000061035156,44.529998779296875,38.80257797241211,35783900,0.0,0.0
2019-05-24,44.59000015258789,45.04999923706055,44.4900016784668,44.56999969482422,38.83742141723633,27168100,0.0,0.0
2019-05-28,44.65999984741211,44.689998626708984,43.29999923706055,43.56999969482422,37.96604919433594,34779900,0.0,0.0
2019-05-29,43.349998474121094,44.529998779296875,43.33000183105469,44.22999954223633,38.541160583496094,28450300,0.0,0.0
2019-05-30,44.29999923706055,45.029998779296875,44.22999954223633,44.72999954223633,38.97685241699219,21618900,0.0,0.0
2019-05-31,44.18000030517578,44.970001220703125,43.93000030517578,44.040000915527344,38.3755989074707,25532500,0.0,0.0
2019-06-03,44.25,44.59000015258789,43.20000076293945,43.459999084472656,37.87019729614258,31155700,0.0,0.0
2019-06-04,44.15999984741211,44.86000061035156,43.77000045776367,44.790000915527344,39.02912902832031,28094900,0.0,0.0
2019-06-05,45.11000061035156,45.18000030517578,44.189998626708984,44.54999923706055,38.820003509521484,20802000,0.0,0.0
2019-06-06,44.75,45.16999816894531,44.5099983215332,45.099998474121094,39.29925537109375,19076200,0.0,0.0
2019-06-07,45.25,46.119998931884766,45.099998474121094,46.029998779296875,40.10963821411133,24370300,0.0,0.0
2019-06-10,46.22999954223633,47.189998626708984,46.20000076293945,46.79999923706055,40.780609130859375,20806100,0.0,0.0
2019-06-11,47.2599983215332,47.31999969482422,46.52000045776367,46.849998474121094,40.82417678833008,18415500,0.0,0.0
2019-06-12,46.66999816894531,46.66999816894531,46.25,46.31999969482422,40.362342834472656,15900600,0.0,0.0
2019-06-13,46.599998474121094,46.959999084472656,46.529998779296875,46.70000076293945,40.69346237182617,12267600,0.0,0.0
2019-06-14,45.83000183105469,46.41999816894531,45.54999923706055,46.189998626708984,40.24906539916992,15381100,0.0,0.0
2019-06-17,46.13999938964844,46.529998779296875,45.79999923706055,46.130001068115234,40.19677734375,12643300,0.0,0.0
2019-06-18,46.75,48.0,46.599998474121094,47.369998931884766,41.27729415893555,25732300,0.0,0.0
2019-06-19,47.47999954223633,47.58000183105469,47.0,47.06999969482422,41.01588439941406,17436400,0.0,0.0
2019-06-20,47.869998931884766,48.04999923706055,46.869998931884766,47.189998626708984,41.12044906616211,20126800,0.0,0.0
2019-06-21,46.95000076293945,47.72999954223633,46.79999923706055,47.459999084472656,41.355712890625,31096300,0.0,0.0
2019-06-24,47.400001525878906,47.849998474121094,47.16999816894531,47.630001068115234,41.503849029541016,14479900,0.0,0.0
2019-06-25,47.560001373291016,47.68000030517578,46.79999923706055,46.849998474121094,40.82417678833008,16665600,0.0,0.0
2019-06-26,47.650001525878906,48.47999954223633,47.560001373291016,48.189998626708984,41.991825103759766,21886300,0.0,0.0
2019-06-27,48.150001525878906,48.41999816894531,47.2400016784668,47.459999084472656,41.355712890625,23062900,0.0,0.0
2019-06-28,47.77000045776367,48.20000076293945,47.68000030517578,47.869998931884766,41.71297836303711,26646200,0.0,0.0
2019-07-01,49.290000915527344,49.45000076293945,47.75,48.04999923706055,41.869834899902344,27423300,0.0,0.0
2019-07-02,47.90999984741211,48.220001220703125,47.689998626708984,48.119998931884766,41.93082809448242,15381600,0.0,0.0
2019-07-03,48.18000030517578,48.560001373291016,48.0,48.52000045776367,42.279380798339844,10739100,0.0,0.0
2019-07-05,48.029998779296875,48.18000030517578,47.439998626708984,48.08000183105469,41.89597702026367,14339200,0.0,0.0
2019-07-08,47.619998931884766,47.95000076293945,47.06999969482422,47.81999969482422,41.669410705566406,16564300,0.0,0.0
2019-07-09,47.36000061035156,47.79999923706055,47.130001068115234,47.75,41.60841369628906,17853200,0.0,0.0
2019-07-10,47.91999816894531,48.61000061035156,47.900001525878906,48.209999084472656,42.009246826171875,16032300,0.0,0.0
2019-07-11,48.560001373291016,48.779998779296875,48.310001373291016,48.599998474121094,42.349082946777344,16615100,0.0,0.0
2019-07-12,49.0,49.93000030517578,48.810001373291016,49.91999816894531,43.49930191040039,20148700,0.0,0.0
2019-07-15,50.0,50.25,49.77000045776367,50.119998931884766,43.673587799072266,14345100,0.0,0.0
2019-07-16,49.90999984741211,50.0,48.959999084472656,49.16999816894531,42.84577178955078,17131400,0.0,0.0
2019-07-17,49.5,49.70000076293945,49.2400016784668,49.38999938964844,43.037471771240234,11928600,0.0,0.0
2019-07-18,49.279998779296875,49.9900016784668,48.88999938964844,49.939998626708984,43.51673889160156,15671600,0.0,0.0
2019-07-19,49.959999084472656,50.65999984741211,49.90999984741211,50.27000045776367,43.804298400878906,29141100,0.0,0.0
2019-07-22,50.0099983215332,51.52000045776367,49.88999938964844,51.349998474121094,44.745391845703125,21688000,0.0,0.0
2019-07-23,52.0,52.0,51.29999923706055,51.75,45.093936920166016,18413500,0.0,0.0
2019-07-24,51.97999954223633,52.970001220703125,51.79999923706055,52.91999816894531,46.11345291137695,20896400,0.0,0.0
2019-07-25,52.5099983215332,52.599998474121094,51.880001068115234,52.15999984741211,45.451210021972656,27765400,0.0,0.0
2019-07-26,52.689998626708984,53.5,51.529998779296875,51.59000015258789,44.95452117919922,36401500,0.0,0.0
2019-07-29,51.529998779296875,52.560001373291016,50.779998779296875,52.5099983215332,45.756195068359375,21897500,0.0,0.0
2019-07-30,51.709999084472656,52.310001373291016,51.560001373291016,51.70000076293945,45.05037307739258,16487700,0.0,0.0
2019-07-31,51.5099983215332,51.720001220703125,50.04999923706055,50.54999923706055,44.04826736450195,24169800,0.0,0.0
2019-08-01,50.52000045776367,51.88999938964844,49.470001220703125,49.5,43.13332748413086,34020800,0.0,0.0
2019-08-02,49.09000015258789,49.36000061035156,48.5,48.68000030517578,42.418800354003906,27881600,0.0,0.0
2019-08-05,47.7599983215332,47.959999084472656,46.56999969482422,46.970001220703125,40.928733825683594,38936600,0.0,0.0
2019-08-06,47.150001525878906,47.560001373291016,46.77000045776367,46.959999084472656,41.19630432128906,26119600,0.315,0.0
2019-08-07,46.29999923706055,46.880001068115234,45.970001220703125,46.72999954223633,40.99452590942383,29440400,0.0,0.0
2019-08-08,46.15999984741211,47.369998931884766,45.90999984741211,47.16999816894531,41.380531311035156,30643700,0.0,0.0
2019-08-09,46.939998626708984,47.0,45.779998779296875,45.97999954223633,40.33658981323242,24975500,0.0,0.0
2019-08-12,45.7599983215332,46.06999969482422,45.439998626708984,45.599998474121094,40.00322723388672,18494300,0.0,0.0
2019-08-13,45.4900016784668,47.04999923706055,45.36000061035156,46.84000015258789,41.09103775024414,28959500,0.0,0.0
2019-08-14,46.060001373291016,46.630001068115234,45.650001525878906,45.869998931884766,40.240081787109375,25650200,0.0,0.0
2019-08-15,46.099998474121094,46.18000030517578,45.439998626708984,45.70000076293945,40.0909538269043,21896000,0.0,0.0
2019-08-16,46.34000015258789,46.68000030517578,46.060001373291016,46.5,40.79276657104492,22701800,0.0,0.0
2019-08-19,47.459999084472656,47.599998474121094,47.040000915527344,47.22999954223633,41.43316650390625,21403600,0.0,0.0
2019-08-20,47.029998779296875,47.119998931884766,46.459999084472656,46.599998474121094,40.8804931640625,23113300,0.0,0.0
2019-08-21,47.11000061035156,47.290000915527344,46.88999938964844,47.150001525878906,41.36298751831055,15915000,0.0,0.0
2019-08-22,47.279998779296875,47.43000030517578,46.689998626708984,46.779998779296875,41.038394927978516,19783000,0.0,0.0
2019-08-23,46.349998474121094,46.630001068115234,44.79999923706055,44.959999084472656,39.4417724609375,32814000,0.0,0.0
2019-08-26,45.81999969482422,45.81999969482422,45.25,45.560001373291016,39.968135833740234,22080500,0.0,0.0
2019-08-27,45.869998931884766,46.119998931884766,45.5,45.790000915527344,40.169898986816406,16925500,0.0,0.0
2019-08-28,45.70000076293945,45.90999984741211,45.369998931884766,45.790000915527344,40.169898986816406,14888800,0.0,0.0
2019-08-29,46.459999084472656,47.220001220703125,46.400001525878906,46.869998931884766,41.11735153198242,17803800,0.0,0.0
2019-08-30,47.2400016784668,47.790000915527344,47.15999984741211,47.40999984741211,41.5910758972168,16922600,0.0,0.0
2019-09-03,47.119998931884766,47.220001220703125,46.5,46.97999954223633,41.21385192871094,15003800,0.0,0.0
2019-09-04,47.560001373291016,48.95000076293945,47.540000915527344,48.91999816894531,42.91574478149414,23450700,0.0,0.0
2019-09-05,49.93000030517578,51.16999816894531,49.869998931884766,50.099998474121094,43.95090866088867,30014200,0.0,0.0
2019-09-06,50.25,50.9900016784668,50.06999969482422,50.91999816894531,44.670257568359375,17067900,0.0,0.0
2019-09-09,51.060001373291016,52.029998779296875,51.02000045776367,51.59000015258789,45.25803756713867,20749700,0.0,0.0
2019-09-10,51.33000183105469,51.84000015258789,50.83000183105469,51.81999969482422,45.459808349609375,18532000,0.0,0.0
2019-09-11,51.599998474121094,52.790000915527344,51.380001068115234,52.790000915527344,46.31074905395508,18968900,0.0,0.0
2019-09-12,53.0,53.33000183105469,52.06999969482422,53.0099983215332,46.50375747680664,23308700,0.0,0.0
2019-09-13,52.7599983215332,53.0,52.22999954223633,52.540000915527344,46.0914306640625,18010800,0.0,0.0
2019-09-16,51.900001525878906,52.290000915527344,51.70000076293945,52.20000076293945,45.79317092895508,13354600,0.0,0.0
2019-09-17,52.04999923706055,52.13999938964844,51.349998474121094,51.95000076293945,45.57386016845703,19641100,0.0,0.0
2019-09-18,52.130001068115234,52.130001068115234,51.15999984741211,51.7400016784668,45.38962936401367,14906800,0.0,0.0
2019-09-19,51.70000076293945,51.9900016784668,51.5,51.56999969482422,45.24048614501953,11428400,0.0,0.0
2019-09-20,51.599998474121094,51.880001068115234,50.560001373291016,50.720001220703125,44.49482727050781,37067900,0.0,0.0
2019-09-23,50.83000183105469,51.22999954223633,50.38999938964844,50.900001525878906,44.65272521972656,18916600,0.0,0.0
2019-09-24,51.099998474121094,51.18000030517578,49.63999938964844,49.81999969482422,43.705284118652344,28197400,0.0,0.0
2019-09-25,49.75,51.209999084472656,49.41999816894531,51.02000045776367,44.757999420166016,19486700,0.0,0.0
2019-09-26,50.97999954223633,51.150001525878906,50.34000015258789,50.91999816894531,44.670257568359375,11351800,0.0,0.0
2019-09-27,50.630001068115234,51.220001220703125,50.34000015258789,50.779998779296875,44.54745101928711,14845700,0.0,0.0
2019-09-30,51.189998626708984,51.599998474121094,50.939998626708984,51.529998779296875,45.20539093017578,13652100,0.0,0.0
2019-10-01,51.970001220703125,52.2400016784668,50.43000030517578,50.7599983215332,44.52989959716797,18413100,0.0,0.0
2019-10-02,50.310001373291016,50.369998931884766,48.97999954223633,49.38999938964844,43.32805252075195,20078700,0.0,0.0
2019-10-03,49.5,50.06999969482422,48.529998779296875,50.029998779296875,43.88949203491211,16320100,0.0,0.0
2019-10-04,50.349998474121094,50.970001220703125,50.029998779296875,50.91999816894531,44.670257568359375,12644900,0.0,0.0
2019-10-07,50.70000076293945,51.22999954223633,50.560001373291016,50.619998931884766,44.40708541870117,12081400,0.0,0.0
2019-10-08,50.15999984741211,50.47999954223633,49.61000061035156,49.72999954223633,43.62631607055664,17409100,0.0,0.0
2019-10-09,50.470001220703125,50.790000915527344,50.150001525878906,50.47999954223633,44.284271240234375,11834900,0.0,0.0
2019-10-10,50.40999984741211,51.779998779296875,50.400001525878906,51.11000061035156,44.83694839477539,13907900,0.0,0.0
2019-10-11,52.0,52.790000915527344,51.81999969482422,52.09000015258789,45.69667434692383,24072500,0.0,0.0
2019-10-14,51.900001525878906,51.95000076293945,51.439998626708984,51.63999938964844,45.30189895629883,15016800,0.0,0.0
2019-10-15,51.93000030517578,53.06999969482422,51.83000183105469,52.650001525878906,46.18793869018555,18878100,0.0,0.0
2019-10-16,52.349998474121094,52.560001373291016,52.119998931884766,52.45000076293945,46.01248550415039,14769300,0.0,0.0
2019-10-17,52.63999938964844,52.84000015258789,51.380001068115234,51.86000061035156,45.49489212036133,16533900,0.0,0.0
2019-10-18,51.75,51.81999969482422,51.029998779296875,51.36000061035156,45.05626678466797,16974100,0.0,0.0
2019-10-21,51.52000045776367,52.16999816894531,51.34000015258789,52.130001068115234,45.73175811767578,12189000,0.0,0.0
2019-10-22,51.900001525878906,52.31999969482422,51.88999938964844,52.0099983215332,45.626487731933594,13114300,0.0,0.0
2019-10-23,51.369998931884766,51.959999084472656,51.20000076293945,51.720001220703125,45.372074127197266,15887500,0.0,0.0
2019-10-24,52.09000015258789,52.43000030517578,51.43000030517578,52.22999954223633,45.819488525390625,23413000,0.0,0.0
2019-10-25,54.189998626708984,56.61000061035156,53.91999816894531,56.459999084472656,49.53031539916992,59767700,0.0,0.0
2019-10-28,56.380001068115234,56.810001373291016,56.060001373291016,56.7599983215332,49.79349136352539,32307500,0.0,0.0
2019-10-29,56.369998931884766,57.2400016784668,56.2400016784668,56.34000015258789,49.4250373840332,18155800,0.0,0.0
2019-10-30,56.31999969482422,56.630001068115234,55.619998931884766,56.599998474121094,49.65311813354492,15248000,0.0,0.0
2019-10-31,56.33000183105469,56.599998474121094,55.619998931884766,56.529998779296875,49.59172058105469,19249700,0.0,0.0
2019-11-01,55.939998626708984,56.650001525878906,55.619998931884766,56.5099983215332,49.574161529541016,17953500,0.0,0.0
2019-11-04,56.93000030517578,57.79999923706055,56.849998474121094,57.61000061035156,50.539161682128906,19068000,0.0,0.0
2019-11-05,57.470001220703125,58.349998474121094,57.209999084472656,57.54999923706055,50.48652648925781,20865400,0.0,0.0
2019-11-06,57.4900016784668,57.709999084472656,56.97999954223633,57.599998474121094,50.80848693847656,17721000,0.315,0.0
2019-11-07,58.0,58.54999923706055,57.86000061035156,58.04999923706055,51.20542907714844,16962800,0.0,0.0
2019-11-08,57.849998474121094,58.29999923706055,57.310001373291016,58.27000045776367,51.39950180053711,11888900,0.0,0.0
2019-11-11,57.970001220703125,58.5,57.900001525878906,58.349998474121094,51.47005844116211,11228900,0.0,0.0
2019-11-12,58.400001525878906,58.79999923706055,58.029998779296875,58.20000076293945,51.33774185180664,11952500,0.0,0.0
2019-11-13,57.869998931884766,57.970001220703125,57.349998474121094,57.88999938964844,51.064292907714844,15332700,0.0,0.0
2019-11-14,57.61000061035156,58.040000915527344,57.56999969482422,57.810001373291016,50.993736267089844,12119000,0.0,0.0
2019-11-15,58.16999816894531,58.70000076293945,57.619998931884766,57.959999084472656,51.12604522705078,16112100,0.0,0.0
2019-11-18,57.70000076293945,58.47999954223633,57.56999969482422,58.25,51.38184356689453,16097500,0.0,0.0
2019-11-19,58.47999954223633,58.650001525878906,57.75,58.349998474121094,51.47005844116211,17061900,0.0,0.0
2019-11-20,58.2599983215332,58.36000061035156,57.369998931884766,57.900001525878906,51.073116302490234,18542300,0.0,0.0
2019-11-21,57.4900016784668,58.29999923706055,57.40999984741211,58.220001220703125,51.35538864135742,16139000,0.0,0.0
2019-11-22,58.34000015258789,58.650001525878906,57.4900016784668,57.61000061035156,50.81731033325195,15690200,0.0,0.0
2019-11-25,58.0,58.84000015258789,58.0,58.810001373291016,51.875816345214844,15011700,0.0,0.0
2019-11-26,58.95000076293945,59.130001068115234,58.45000076293945,58.900001525878906,51.95520782470703,22338700,0.0,0.0
2019-11-27,58.529998779296875,58.59000015258789,57.90999984741211,58.5099983215332,51.61119079589844,18184200,0.0,0.0
2019-11-29,58.150001525878906,58.29999923706055,57.790000915527344,58.04999923706055,51.20542907714844,9481100,0.0,0.0
2019-12-02,58.54999923706055,58.689998626708984,57.470001220703125,57.65999984741211,50.861419677734375,19154500,0.0,0.0
2019-12-03,56.86000061035156,56.86000061035156,55.75,56.06999969482422,49.45889663696289,25737400,0.0,0.0
2019-12-04,56.65999984741211,56.65999984741211,55.86000061035156,56.02000045776367,49.41477966308594,18881400,0.0,0.0
2019-12-05,56.40999984741211,56.40999984741211,55.7599983215332,56.08000183105469,49.467708587646484,17673700,0.0,0.0
2019-12-06,56.65999984741211,56.9900016784668,56.41999816894531,56.810001373291016,50.11163330078125,16476800,0.0,0.0
2019-12-09,56.540000915527344,56.959999084472656,56.5,56.529998779296875,49.86465835571289,14298600,0.0,0.0
2019-12-10,56.709999084472656,56.83000183105469,56.439998626708984,56.59000015258789,49.91758346557617,16157900,0.0,0.0
2019-12-11,56.90999984741211,57.16999816894531,56.58000183105469,57.06999969482422,50.34098434448242,20051100,0.0,0.0
2019-12-12,56.75,58.04999923706055,56.61000061035156,57.54999923706055,50.76438522338867,27883300,0.0,0.0
2019-12-13,57.54999923706055,58.34000015258789,57.380001068115234,57.790000915527344,50.97608184814453,22795200,0.0,0.0
2019-12-16,58.209999084472656,58.56999969482422,57.650001525878906,57.70000076293945,50.896697998046875,19131200,0.0,0.0
2019-12-17,58.0,58.099998474121094,57.130001068115234,57.29999923706055,50.543861389160156,21653100,0.0,0.0
2019-12-18,57.38999938964844,57.459999084472656,56.939998626708984,57.16999816894531,50.4291877746582,28261000,0.0,0.0
2019-12-19,57.16999816894531,57.9900016784668,56.970001220703125,57.959999084472656,51.12604522705078,18865100,0.0,0.0
2019-12-20,58.31999969482422,59.04999923706055,57.88999938964844,58.95000076293945,51.99930953979492,49953000,0.0,0.0
2019-12-23,59.060001373291016,59.779998779296875,59.040000915527344,59.22999954223633,52.24629592895508,23593000,0.0,0.0
2019-12-24,59.25,59.47999954223633,59.15999984741211,59.40999984741211,52.40507507324219,6313200,0.0,0.0
2019-12-26,59.40999984741211,59.849998474121094,59.349998474121094,59.81999969482422,52.7667350769043,11480300,0.0,0.0
2019-12-27,59.90999984741211,60.47999954223633,59.900001525878906,60.08000183105469,52.99607849121094,14085800,0.0,0.0
2019-12-30,59.9900016784668,60.04999923706055,59.380001068115234,59.619998931884766,52.5903205871582,12750500,0.0,0.0
2019-12-31,59.619998931884766,59.93000030517578,59.36000061035156,59.849998474121094,52.793190002441406,14432900,0.0,0.0
2020-01-02,60.2400016784668,60.970001220703125,60.220001220703125,60.84000015258789,53.66646194458008,18056000,0.0,0.0
2020-01-03,59.810001373291016,60.70000076293945,59.810001373291016,60.099998474121094,53.01372146606445,15293900,0.0,0.0
2020-01-06,59.59000015258789,60.20000076293945,59.33000183105469,59.93000030517578,52.863765716552734,17755200,0.0,0.0
2020-01-07,59.779998779296875,59.79999923706055,58.88999938964844,58.93000030517578,51.98168182373047,21876100,0.0,0.0
2020-01-08,58.88999938964844,59.31999969482422,58.52000045776367,58.970001220703125,52.0169563293457,23133500,0.0,0.0
2020-01-09,59.04999923706055,59.5099983215332,58.83000183105469,59.29999923706055,52.30804443359375,18813300,0.0,0.0
2020-01-10,59.56999969482422,60.08000183105469,58.869998931884766,58.939998626708984,51.9904899597168,15200600,0.0,0.0
2020-01-13,59.16999816894531,59.779998779296875,59.08000183105469,59.59000015258789,52.563846588134766,16453300,0.0,0.0
2020-01-14,59.4900016784668,59.7400016784668,59.189998626708984,59.43000030517578,52.42272186279297,17051200,0.0,0.0
2020-01-15,59.29999923706055,59.650001525878906,58.75,58.939998626708984,51.9904899597168,18498800,0.0,0.0
2020-01-16,59.2599983215332,59.84000015258789,59.06999969482422,59.65999984741211,52.6255989074707,21365500,0.0,0.0
2020-01-17,59.97999954223633,60.0,59.2400016784668,59.599998474121094,52.57266616821289,21803400,0.0,0.0
2020-01-21,59.810001373291016,61.25,59.790000915527344,60.54999923706055,53.41065979003906,28358500,0.0,0.0
2020-01-22,61.040000915527344,62.849998474121094,60.970001220703125,62.72999954223633,55.3336181640625,29475100,0.0,0.0
2020-01-23,62.86000061035156,63.709999084472656,62.810001373291016,63.31999969482422,55.85404968261719,42778700,0.0,0.0
2020-01-24,66.56999969482422,69.29000091552734,66.45999908447266,68.47000122070312,60.3968391418457,84711000,0.0,0.0
2020-01-27,66.72000122070312,67.41999816894531,65.5999984741211,65.69000244140625,57.94461441040039,30764000,0.0,0.0
2020-01-28,66.5,67.58000183105469,65.94000244140625,67.30999755859375,59.373600006103516,30915400,0.0,0.0
2020-01-29,67.62999725341797,68.05999755859375,66.16999816894531,66.33000183105469,58.50914764404297,18055800,0.0,0.0
2020-01-30,65.63999938964844,66.5,64.93000030517578,66.47000122070312,58.632633209228516,18522400,0.0,0.0
2020-01-31,65.80000305175781,65.9800033569336,63.66999816894531,63.93000030517578,56.39213180541992,25268400,0.0,0.0
2020-02-03,64.45999908447266,65.04000091552734,64.30000305175781,64.41999816894531,56.82435989379883,16646600,0.0,0.0
2020-02-04,65.7699966430664,66.05999755859375,64.91999816894531,65.45999908447266,57.74173355102539,20970800,0.0,0.0
2020-02-05,66.69000244140625,67.5999984741211,66.12999725341797,67.33999633789062,59.40006637573242,23401400,0.0,0.0
2020-02-06,67.30000305175781,67.4000015258789,66.7699966430664,67.08999633789062,59.47098159790039,17408000,0.33,0.0
2020-02-07,66.86000061035156,67.30000305175781,66.01000213623047,66.0199966430664,58.522499084472656,18134600,0.0,0.0
2020-02-10,65.55999755859375,66.4000015258789,65.44000244140625,66.38999938964844,58.85047149658203,22299300,0.0,0.0
2020-02-11,66.83000183105469,67.70999908447266,66.56999969482422,67.41000366210938,59.754642486572266,17975600,0.0,0.0
2020-02-12,67.5999984741211,68.08999633789062,67.30999755859375,67.45999908447266,59.79895782470703,15586600,0.0,0.0
2020-02-13,66.98999786376953,67.6500015258789,66.73999786376953,67.44000244140625,59.7812385559082,11602700,0.0,0.0
2020-02-14,67.5199966430664,67.86000061035156,66.81999969482422,67.2699966430664,59.630531311035156,13405500,0.0,0.0
2020-02-18,66.66000366210938,66.69000244140625,65.87999725341797,66.13999938964844,58.628875732421875,12758400,0.0,0.0
2020-02-19,66.38999938964844,67.19999694824219,66.18000030517578,67.11000061035156,59.48871994018555,13551200,0.0,0.0
2020-02-20,67.04000091552734,67.29000091552734,64.55999755859375,65.44999694824219,58.01722717285156,26452600,0.0,0.0
2020-02-21,65.18000030517578,65.25,64.04000091552734,64.33999633789062,57.03327178955078,20775900,0.0,0.0
2020-02-24,61.61000061035156,62.77000045776367,61.31999969482422,61.7599983215332,54.74626922607422,26903100,0.0,0.0
2020-02-25,61.9900016784668,62.279998779296875,59.459999084472656,59.72999954223633,52.94681167602539,34495700,0.0,0.0
2020-02-26,60.11000061035156,60.81999969482422,59.27000045776367,59.650001525878906,52.87590408325195,26190100,0.0,0.0
2020-02-27,57.93000030517578,58.5099983215332,55.79999923706055,55.83000183105469,49.48971176147461,42226900,0.0,0.0
2020-02-28,54.29999923706055,56.380001068115234,53.599998474121094,55.52000045776367,49.21491622924805,60721700,0.0,0.0
2020-03-02,55.790000915527344,58.220001220703125,54.52000045776367,58.18000030517578,51.57283401489258,43140300,0.0,0.0
2020-03-03,58.029998779296875,59.02000045776367,55.400001525878906,55.970001220703125,49.61381912231445,49740300,0.0,0.0
2020-03-04,57.0099983215332,58.709999084472656,56.15999984741211,58.68000030517578,52.01605224609375,29223100,0.0,0.0
2020-03-05,57.060001373291016,58.65999984741211,56.61000061035156,56.959999084472656,50.49138259887695,29099200,0.0,0.0
2020-03-06,55.18000030517578,56.0099983215332,54.540000915527344,55.77000045776367,49.4365234375,36259200,0.0,0.0
2020-03-09,51.91999816894531,52.709999084472656,50.0,50.849998474121094,45.075260162353516,56197000,0.0,0.0
2020-03-10,52.7599983215332,54.0,50.43000030517578,53.97999954223633,47.849815368652344,36569000,0.0,0.0
2020-03-11,52.38999938964844,53.540000915527344,51.0099983215332,51.65999984741211,45.79328155517578,38563500,0.0,0.0
2020-03-12,47.9900016784668,50.09000015258789,45.369998931884766,45.540000915527344,40.36829376220703,50661700,0.0,0.0
2020-03-13,48.2599983215332,55.0,47.7400016784668,54.43000030517578,48.24869918823242,48805100,0.0,0.0
2020-03-16,47.5099983215332,52.25,43.630001068115234,44.61000061035156,39.543907165527344,53878900,0.0,0.0
2020-03-17,45.7599983215332,51.630001068115234,45.20000076293945,50.08000183105469,44.3927116394043,52085200,0.0,0.0
2020-03-18,46.709999084472656,50.04999923706055,45.20000076293945,47.61000061035156,42.203216552734375,49309900,0.0,0.0
2020-03-19,47.84000015258789,49.22999954223633,45.15999984741211,45.939998626708984,40.72286605834961,44538000,0.0,0.0
2020-03-20,46.5099983215332,49.41999816894531,45.470001220703125,45.83000183105469,40.62535858154297,52344000,0.0,0.0
2020-03-23,46.02000045776367,50.4900016784668,45.90999984741211,49.58000183105469,43.94948959350586,46698500,0.0,0.0
2020-03-24,53.13999938964844,54.63999938964844,51.349998474121094,52.400001525878906,46.44923782348633,50019800,0.0,0.0
2020-03-25,52.47999954223633,53.790000915527344,49.90999984741211,51.2599983215332,45.43870162963867,41106100,0.0,0.0
2020-03-26,51.7400016784668,55.95000076293945,51.65999984741211,55.540000915527344,49.23263931274414,41459800,0.0,0.0
2020-03-27,53.41999816894531,54.63999938964844,52.06999969482422,52.369998931884766,46.42264175415039,31633500,0.0,0.0
2020-03-30,52.9900016784668,56.099998474121094,52.83000183105469,55.4900016784668,49.18832778930664,31628600,0.0,0.0
2020-03-31,55.060001373291016,55.79999923706055,53.220001220703125,54.119998931884766,47.97391128540039,48074700,0.0,0.0
2020-04-01,52.5,54.689998626708984,51.43000030517578,51.880001068115234,45.9882926940918,29586600,0.0,0.0
2020-04-02,51.290000915527344,54.560001373291016,51.220001220703125,54.349998474121094,48.17778778076172,27810000,0.0,0.0
2020-04-03,53.849998474121094,55.130001068115234,52.72999954223633,54.130001068115234,47.9827766418457,23906100,0.0,0.0
2020-04-06,56.630001068115234,58.77000045776367,56.119998931884766,58.43000030517578,51.79444885253906,32323400,0.0,0.0
2020-04-07,59.939998626708984,61.4900016784668,58.209999084472656,58.400001525878906,51.76785659790039,41410000,0.0,0.0
2020-04-08,58.9900016784668,59.5099983215332,57.90999984741211,58.97999954223633,52.281986236572266,26719500,0.0,0.0
2020-04-09,59.36000061035156,59.720001220703125,56.060001373291016,57.13999938964844,50.65095138549805,40499700,0.0,0.0
2020-04-13,56.56999969482422,58.77000045776367,56.56999969482422,58.70000076293945,52.03377914428711,23251900,0.0,0.0
2020-04-14,60.040000915527344,60.900001525878906,59.5099983215332,60.65999984741211,53.771202087402344,25674000,0.0,0.0
2020-04-15,59.7400016784668,59.83000183105469,58.38999938964844,58.869998931884766,52.184471130371094,22841600,0.0,0.0
2020-04-16,59.61000061035156,60.959999084472656,58.810001373291016,60.790000915527344,53.886436462402344,24433500,0.0,0.0
2020-04-17,62.02000045776367,62.130001068115234,59.83000183105469,60.36000061035156,53.50526809692383,27385600,0.0,0.0
2020-04-20,59.279998779296875,60.040000915527344,58.88999938964844,59.18000030517578,52.45927429199219,26420300,0.0,0.0
2020-04-21,58.11000061035156,58.599998474121094,55.93000030517578,56.36000061035156,49.95952224731445,25248000,0.0,0.0
2020-04-22,58.27000045776367,60.5,57.810001373291016,60.099998474121094,53.27479934692383,23350400,0.0,0.0
2020-04-23,59.66999816894531,60.099998474121094,58.810001373291016,59.040000915527344,52.33517837524414,35092000,0.0,0.0
2020-04-24,56.20000076293945,59.400001525878906,56.099998474121094,59.2599983215332,52.530189514160156,50187000,0.0,0.0
2020-04-27,59.720001220703125,59.83000183105469,58.38999938964844,59.470001220703125,52.716331481933594,25902200,0.0,0.0
2020-04-28,59.9900016784668,60.220001220703125,58.2599983215332,58.75,52.07810974121094,28784700,0.0,0.0
2020-04-29,59.439998626708984,62.029998779296875,59.31999969482422,61.79999923706055,54.781734466552734,30451500,0.0,0.0
2020-04-30,61.369998931884766,61.540000915527344,59.75,59.97999954223633,53.16841506958008,26279900,0.0,0.0
2020-05-01,58.83000183105469,59.31999969482422,57.310001373291016,57.470001220703125,50.9434700012207,21194800,0.0,0.0
2020-05-04,57.119998931884766,58.06999969482422,56.310001373291016,57.9900016784668,51.404422760009766,18957200,0.0,0.0
2020-05-05,58.790000915527344,59.29999923706055,58.349998474121094,58.75,52.07810974121094,17252100,0.0,0.0
2020-05-06,59.040000915527344,59.95000076293945,58.939998626708984,59.18000030517578,52.7556037902832,17848700,0.33,0.0
2020-05-07,59.93000030517578,60.099998474121094,58.91999816894531,59.16999816894531,52.74668502807617,14733500,0.0,0.0
2020-05-08,59.66999816894531,59.779998779296875,59.04999923706055,59.66999816894531,53.192405700683594,20384500,0.0,0.0
2020-05-11,59.7400016784668,60.84000015258789,59.709999084472656,60.130001068115234,53.60247039794922,18684400,0.0,0.0
2020-05-12,60.220001220703125,60.63999938964844,58.2599983215332,58.38999938964844,52.05137252807617,16754900,0.0,0.0
2020-05-13,58.45000076293945,59.22999954223633,56.900001525878906,57.7400016784668,51.471927642822266,21065000,0.0,0.0
2020-05-14,57.31999969482422,59.150001525878906,56.099998474121094,59.08000183105469,52.66645812988281,21569400,0.0,0.0
2020-05-15,57.400001525878906,58.369998931884766,56.959999084472656,58.279998779296875,51.953304290771484,21373300,0.0,0.0
2020-05-18,59.7400016784668,60.279998779296875,59.36000061035156,59.91999816894531,53.41526794433594,20428700,0.0,0.0
2020-05-19,60.130001068115234,61.77000045776367,59.849998474121094,60.290000915527344,53.74510192871094,21865000,0.0,0.0
2020-05-20,61.15999984741211,63.4900016784668,61.02000045776367,63.099998474121094,56.250057220458984,30584000,0.0,0.0
2020-05-21,63.099998474121094,63.79999923706055,61.81999969482422,61.97999954223633,55.25164794921875,20987700,0.0,0.0
2020-05-22,61.97999954223633,62.31999969482422,61.41999816894531,62.2599983215332,55.50123977661133,14103000,0.0,0.0
2020-05-26,63.68000030517578,64.13999938964844,62.119998931884766,62.34000015258789,55.57256317138672,20933600,0.0,0.0
2020-05-27,62.31999969482422,63.59000015258789,61.06999969482422,63.560001373291016,56.66012954711914,19886300,0.0,0.0
2020-05-28,63.0,63.45000076293945,61.4900016784668,61.70000076293945,55.00204086303711,17253500,0.0,0.0
2020-05-29,61.900001525878906,63.65999984741211,61.619998931884766,62.93000030517578,56.098514556884766,33393900,0.0,0.0
2020-06-01,62.4900016784668,62.65999984741211,61.65999984741211,61.86000061035156,55.1446647644043,14317700,0.0,0.0
2020-06-02,61.70000076293945,62.16999816894531,60.83000183105469,62.119998931884766,55.37644577026367,20702400,0.0,0.0
2020-06-03,62.45000076293945,62.540000915527344,61.529998779296875,61.93000030517578,55.20707702636719,16737300,0.0,0.0
2020-06-04,61.7400016784668,63.470001220703125,61.34000015258789,62.970001220703125,56.13417434692383,22010100,0.0,0.0
2020-06-05,63.36000061035156,65.11000061035156,63.15999984741211,64.33999633789062,57.35544204711914,26813100,0.0,0.0
2020-06-08,63.970001220703125,64.1500015258789,62.939998626708984,63.66999816894531,56.7581787109375,21546200,0.0,0.0
2020-06-09,62.9900016784668,63.709999084472656,62.900001525878906,63.040000915527344,56.19657516479492,23594100,0.0,0.0
2020-06-10,62.790000915527344,64.29000091552734,62.75,63.869998931884766,56.93647003173828,21367800,0.0,0.0
2020-06-11,63.06999969482422,63.29999923706055,59.52000045776367,59.70000076293945,53.21915054321289,26998200,0.0,0.0
2020-06-12,60.11000061035156,60.959999084472656,58.119998931884766,59.33000183105469,52.889320373535156,30419800,0.0,0.0
2020-06-15,59.33000183105469,60.36000061035156,58.58000183105469,60.099998474121094,53.57573318481445,29651700,0.0,0.0
2020-06-16,61.4900016784668,61.650001525878906,59.4900016784668,60.400001525878906,53.843162536621094,23226600,0.0,0.0
2020-06-17,60.7400016784668,61.279998779296875,60.060001373291016,60.4900016784668,53.92338943481445,20454800,0.0,0.0
2020-06-18,60.349998474121094,60.5099983215332,59.31999969482422,60.08000183105469,53.557899475097656,24899700,0.0,0.0
2020-06-19,60.650001525878906,60.88999938964844,59.099998474121094,59.619998931884766,53.14784240722656,60336100,0.0,0.0
2020-06-22,59.72999954223633,60.54999923706055,58.83000183105469,60.09000015258789,53.56682205200195,22846000,0.0,0.0
2020-06-23,60.189998626708984,60.470001220703125,59.86000061035156,59.91999816894531,53.41526794433594,22809600,0.0,0.0
2020-06-24,59.63999938964844,59.810001373291016,58.66999816894531,59.09000015258789,52.67537307739258,27764500,0.0,0.0
2020-06-25,58.97999954223633,59.09000015258789,57.47999954223633,58.5099983215332,52.15833282470703,21906900,0.0,0.0
2020-06-26,58.4900016784668,58.72999954223633,57.06999969482422,57.5,51.25796890258789,38477500,0.0,0.0
2020-06-29,57.470001220703125,58.349998474121094,56.7599983215332,58.27000045776367,51.94439697265625,22150300,0.0,0.0
2020-06-30,58.709999084472656,59.97999954223633,58.540000915527344,59.83000183105469,53.33504104614258,31542100,0.0,0.0
2020-07-01,59.90999984741211,60.029998779296875,58.7599983215332,58.810001373291016,52.4257698059082,14748100,0.0,0.0
2020-07-02,59.189998626708984,59.810001373291016,58.970001220703125,59.130001068115234,52.71103286743164,15578600,0.0,0.0
2020-07-06,58.720001220703125,59.619998931884766,58.599998474121094,59.540000915527344,53.07651901245117,20536700,0.0,0.0
2020-07-07,59.06999969482422,59.56999969482422,58.13999938964844,58.310001373291016,51.98004150390625,15996500,0.0,0.0
2020-07-08,58.45000076293945,58.70000076293945,57.93000030517578,58.61000061035156,52.24747848510742,13277900,0.0,0.0
2020-07-09,58.20000076293945,58.75,57.70000076293945,58.41999816894531,52.078102111816406,20683700,0.0,0.0
2020-07-10,57.95000076293945,59.689998626708984,57.83000183105469,59.529998779296875,53.067604064941406,17742300,0.0,0.0
2020-07-13,59.84000015258789,60.619998931884766,58.38999938964844,58.58000183105469,52.22072982788086,19082900,0.0,0.0
2020-07-14,57.869998931884766,59.25,57.349998474121094,58.97999954223633,52.57731628417969,24190900,0.0,0.0
2020-07-15,59.029998779296875,59.34000015258789,58.41999816894531,59.029998779296875,52.621891021728516,19986300,0.0,0.0
2020-07-16,58.540000915527344,59.36000061035156,58.400001525878906,59.13999938964844,52.71995162963867,12425900,0.0,0.0
2020-07-17,59.41999816894531,60.459999084472656,59.279998779296875,60.0,53.48659133911133,16322800,0.0,0.0
2020-07-20,60.08000183105469,61.380001068115234,59.34000015258789,61.150001525878906,54.511741638183594,16868700,0.0,0.0
2020-07-21,61.52000045776367,61.93000030517578,60.439998626708984,60.70000076293945,54.110599517822266,19803700,0.0,0.0
2020-07-22,61.310001373291016,61.77000045776367,60.619998931884766,61.04999923706055,54.4225959777832,18959900,0.0,0.0
2020-07-23,61.2599983215332,61.7400016784668,59.97999954223633,60.400001525878906,53.843162536621094,43518600,0.0,0.0
2020-07-24,52.150001525878906,52.18000030517578,49.5,50.59000015258789,45.098106384277344,182269900,0.0,0.0
2020-07-27,51.029998779296875,51.13999938964844,49.470001220703125,49.56999969482422,44.1888313293457,107526500,0.0,0.0
2020-07-28,49.47999954223633,50.22999954223633,49.13999938964844,49.2400016784668,43.89466094970703,62362600,0.0,0.0
2020-07-29,49.4900016784668,49.5,47.900001525878906,48.06999969482422,42.8516731262207,60500800,0.0,0.0
2020-07-30,47.83000183105469,48.5,47.59000015258789,47.9900016784668,42.78035354614258,39735200,0.0,0.0
2020-07-31,48.130001068115234,48.31999969482422,46.970001220703125,47.72999954223633,42.54857635498047,46536000,0.0,0.0
2020-08-03,48.27000045776367,48.630001068115234,47.7400016784668,48.29999923706055,43.05670928955078,31767100,0.0,0.0
2020-08-04,48.599998474121094,49.13999938964844,48.5,49.130001068115234,43.79659652709961,29045800,0.0,0.0
2020-08-05,49.720001220703125,49.720001220703125,48.65999984741211,48.91999816894531,43.609397888183594,29438600,0.0,0.0
2020-08-06,48.790000915527344,48.81999969482422,48.099998474121094,48.56999969482422,43.59144592285156,23795500,0.33,0.0
2020-08-07,48.529998779296875,48.650001525878906,47.70000076293945,48.029998779296875,43.10679244995117,36765200,0.0,0.0
2020-08-10,48.20000076293945,49.38999938964844,48.060001373291016,49.220001220703125,44.17483139038086,37442600,0.0,0.0
2020-08-11,49.630001068115234,49.72999954223633,48.060001373291016,48.189998626708984,43.25039291381836,35348100,0.0,0.0
2020-08-12,48.66999816894531,49.2599983215332,48.2400016784668,49.189998626708984,44.14789581298828,30659800,0.0,0.0
2020-08-13,49.2599983215332,49.33000183105469,48.38999938964844,48.560001373291016,43.58246612548828,24774500,0.0,0.0
2020-08-14,48.72999954223633,49.209999084472656,48.650001525878906,48.88999938964844,43.878639221191406,22321200,0.0,0.0
2020-08-17,49.11000061035156,49.310001373291016,48.72999954223633,48.93000030517578,43.9145393371582,20018300,0.0,0.0
2020-08-18,49.2599983215332,49.56999969482422,48.619998931884766,48.650001525878906,43.66324234008789,19251400,0.0,0.0
2020-08-19,48.790000915527344,48.97999954223633,48.25,48.33000183105469,43.37604522705078,27775000,0.0,0.0
2020-08-20,49.810001373291016,50.20000076293945,49.0,49.16999816894531,44.12994384765625,55081300,0.0,0.0
2020-08-21,49.02000045776367,49.310001373291016,48.650001525878906,49.279998779296875,44.22867202758789,34621500,0.0,0.0
2020-08-24,49.2599983215332,49.400001525878906,48.81999969482422,49.13999938964844,44.10301971435547,36295300,0.0,0.0
2020-08-25,49.349998474121094,49.880001068115234,49.209999084472656,49.43000030517578,44.36329650878906,38384300,0.0,0.0
2020-08-26,49.38999938964844,49.66999816894531,49.22999954223633,49.54999923706055,44.47099685668945,28616600,0.0,0.0
2020-08-27,49.790000915527344,49.93000030517578,49.16999816894531,49.400001525878906,44.33636474609375,24420600,0.0,0.0
2020-08-28,49.56999969482422,50.79999923706055,49.459999084472656,50.43000030517578,45.26079177856445,35384700,0.0,0.0
2020-08-31,51.0,51.5,50.31999969482422,50.95000076293945,45.72748947143555,46114100,0.0,0.0
2020-09-01,50.90999984741211,51.0,50.220001220703125,50.790000915527344,45.58388900756836,30472800,0.0,0.0
2020-09-02,51.209999084472656,52.68000030517578,51.09000015258789,52.25,46.89423370361328,53000700,0.0,0.0
2020-09-03,52.5,52.619998931884766,50.13999938964844,50.38999938964844,45.22489547729492,47394300,0.0,0.0
2020-09-04,50.529998779296875,51.22999954223633,49.4900016784668,50.08000183105469,44.94667434692383,43318400,0.0,0.0
2020-09-08,49.2599983215332,49.900001525878906,48.849998474121094,48.90999984741211,43.8965950012207,39752700,0.0,0.0
2020-09-09,49.529998779296875,49.970001220703125,49.040000915527344,49.619998931884766,44.533817291259766,33437300,0.0,0.0
2020-09-10,50.0,50.09000015258789,48.709999084472656,48.959999084472656,43.941471099853516,32649100,0.0,0.0
2020-09-11,49.2599983215332,50.04999923706055,48.95000076293945,49.279998779296875,44.22867202758789,29333600,0.0,0.0
2020-09-14,48.849998474121094,49.720001220703125,48.849998474121094,49.40999984741211,44.345340728759766,27212500,0.0,0.0
2020-09-15,49.790000915527344,50.599998474121094,49.72999954223633,50.0,44.8748664855957,27598300,0.0,0.0
2020-09-16,50.5099983215332,51.029998779296875,50.16999816894531,50.369998931884766,45.20694351196289,26531400,0.0,0.0
2020-09-17,49.369998931884766,50.4900016784668,49.29999923706055,50.31999969482422,45.16206359863281,26959900,0.0,0.0
2020-09-18,50.33000183105469,50.5,49.040000915527344,49.88999938964844,44.77613830566406,50123500,0.0,0.0
2020-09-21,49.38999938964844,49.75,48.83000183105469,49.720001220703125,44.62356948852539,27377100,0.0,0.0
2020-09-22,49.88999938964844,50.209999084472656,49.470001220703125,49.95000076293945,44.83000183105469,22290900,0.0,0.0
2020-09-23,49.83000183105469,50.150001525878906,48.65999984741211,48.81999969482422,43.81582260131836,30078800,0.0,0.0
2020-09-24,48.529998779296875,49.63999938964844,48.41999816894531,49.15999984741211,44.120967864990234,29343400,0.0,0.0
2020-09-25,48.959999084472656,50.279998779296875,48.75,49.939998626708984,44.821014404296875,26633400,0.0,0.0
2020-09-28,50.5099983215332,51.459999084472656,50.15999984741211,51.43000030517578,46.15829086303711,29652200,0.0,0.0
2020-09-29,51.310001373291016,51.7400016784668,50.95000076293945,51.189998626708984,45.94287872314453,19558200,0.0,0.0
2020-09-30,51.2400016784668,52.380001068115234,51.150001525878906,51.779998779296875,46.472408294677734,27711300,0.0,0.0
2020-10-01,52.400001525878906,52.720001220703125,51.9900016784668,52.2400016784668,46.88526153564453,22127600,0.0,0.0
2020-10-02,51.5,51.97999954223633,50.9900016784668,51.0099983215332,45.781333923339844,25811800,0.0,0.0
2020-10-05,51.29999923706055,51.810001373291016,51.27000045776367,51.689998626708984,46.391632080078125,20883200,0.0,0.0
2020-10-06,51.709999084472656,52.70000076293945,51.22999954223633,51.369998931884766,46.10444259643555,25642800,0.0,0.0
2020-10-07,51.849998474121094,52.900001525878906,51.790000915527344,52.66999816894531,47.271183013916016,21978700,0.0,0.0
2020-10-08,52.90999984741211,53.58000183105469,52.66999816894531,53.369998931884766,47.899436950683594,22369500,0.0,0.0
2020-10-09,53.54999923706055,53.849998474121094,52.66999816894531,52.81999969482422,47.40581130981445,24343900,0.0,0.0
2020-10-12,53.54999923706055,54.20000076293945,53.209999084472656,53.880001068115234,48.35715866088867,27303500,0.0,0.0
2020-10-13,54.27000045776367,54.290000915527344,53.619998931884766,53.83000183105469,48.312286376953125,20005800,0.0,0.0
2020-10-14,54.0099983215332,54.400001525878906,53.5099983215332,53.54999923706055,48.060977935791016,21874200,0.0,0.0
2020-10-15,52.75,53.97999954223633,52.619998931884766,53.849998474121094,48.330230712890625,18272900,0.0,0.0
2020-10-16,53.900001525878906,54.70000076293945,53.900001525878906,54.15999984741211,48.60844802856445,23414400,0.0,0.0
2020-10-19,54.470001220703125,56.22999954223633,53.84000015258789,54.58000183105469,48.98540496826172,43537200,0.0,0.0
2020-10-20,54.599998474121094,54.70000076293945,53.27000045776367,53.43000030517578,47.95328140258789,27224900,0.0,0.0
2020-10-21,53.13999938964844,54.06999969482422,52.81999969482422,53.5,48.0161018371582,21866000,0.0,0.0
2020-10-22,53.119998931884766,54.220001220703125,53.06999969482422,53.900001525878906,48.3751106262207,41522700,0.0,0.0
2020-10-23,48.349998474121094,48.66999816894531,47.65999984741211,48.20000076293945,43.25938034057617,97322500,0.0,0.0
2020-10-26,47.849998474121094,47.86000061035156,46.25,46.720001220703125,41.93107986450195,54161300,0.0,0.0
2020-10-27,45.97999954223633,46.40999984741211,45.36000061035156,45.63999938964844,40.9617805480957,50130500,0.0,0.0
2020-10-28,44.88999938964844,45.290000915527344,44.20000076293945,44.25,39.7142448425293,45066000,0.0,0.0
2020-10-29,44.2400016784668,44.470001220703125,43.91999816894531,44.11000061035156,39.58861541748047,36796800,0.0,0.0
2020-10-30,44.099998474121094,44.79999923706055,43.61000061035156,44.279998779296875,39.74118423461914,46781300,0.0,0.0
2020-11-02,44.959999084472656,45.060001373291016,44.2400016784668,44.459999084472656,39.90272903442383,33856700,0.0,0.0
2020-11-03,44.72999954223633,45.459999084472656,44.70000076293945,44.849998474121094,40.25276184082031,34349500,0.0,0.0
2020-11-04,45.11000061035156,46.150001525878906,44.779998779296875,45.70000076293945,41.015628814697266,34748200,0.0,0.0
2020-11-05,46.150001525878906,46.380001068115234,45.529998779296875,45.68000030517578,41.29587173461914,31103200,0.33,0.0
2020-11-06,45.540000915527344,45.79999923706055,44.900001525878906,45.38999938964844,41.03370666503906,36233700,0.0,0.0
2020-11-09,46.63999938964844,47.349998474121094,45.540000915527344,45.599998474121094,41.22355651855469,48481700,0.0,0.0
2020-11-10,45.400001525878906,46.47999954223633,45.25,45.439998626708984,41.07891082763672,39224500,0.0,0.0
2020-11-11,45.900001525878906,46.459999084472656,45.86000061035156,46.349998474121094,41.901573181152344,31496900,0.0,0.0
2020-11-12,46.130001068115234,46.189998626708984,44.54999923706055,44.95000076293945,40.63594055175781,42881300,0.0,0.0
2020-11-13,44.9900016784668,45.58000183105469,44.970001220703125,45.459999084472656,41.09699630737305,30884700,0.0,0.0
2020-11-16,46.040000915527344,46.75,45.790000915527344,46.189998626708984,41.75692367553711,36306300,0.0,0.0
2020-11-17,45.75,46.119998931884766,45.40999984741211,45.529998779296875,41.160274505615234,31118000,0.0,0.0
2020-11-18,45.54999923706055,45.689998626708984,45.040000915527344,45.060001373291016,40.735374450683594,32817900,0.0,0.0
2020-11-19,44.91999816894531,45.66999816894531,44.70000076293945,45.619998931884766,41.24163818359375,29469100,0.0,0.0
2020-11-20,45.65999984741211,45.880001068115234,45.33000183105469,45.38999938964844,41.03370666503906,24199300,0.0,0.0
2020-11-23,45.47999954223633,46.209999084472656,45.45000076293945,46.060001373291016,41.639404296875,35489600,0.0,0.0
2020-11-24,46.290000915527344,47.29999923706055,46.0099983215332,47.0099983215332,42.49822998046875,33901200,0.0,0.0
2020-11-25,47.029998779296875,47.18000030517578,46.56999969482422,47.04999923706055,42.534385681152344,28126900,0.0,0.0
2020-11-27,47.36000061035156,48.099998474121094,47.36000061035156,47.45000076293945,42.895999908447266,15921400,0.0,0.0
2020-11-30,47.41999816894531,48.5,47.27000045776367,48.349998474121094,43.709625244140625,46332700,0.0,0.0
2020-12-01,48.75,50.22999954223633,48.709999084472656,49.560001373291016,44.80350112915039,57768000,0.0,0.0
2020-12-02,49.220001220703125,50.060001373291016,49.18000030517578,49.900001525878906,45.11085891723633,33753500,0.0,0.0
2020-12-03,49.91999816894531,51.11000061035156,49.779998779296875,50.9900016784668,46.096256256103516,50261200,0.0,0.0
2020-12-04,51.060001373291016,52.650001525878906,51.0,51.9900016784668,47.000274658203125,39767700,0.0,0.0
2020-12-07,51.0,51.290000915527344,49.560001373291016,50.20000076293945,45.38207244873047,51040300,0.0,0.0
2020-12-08,49.83000183105469,50.720001220703125,49.810001373291016,50.689998626708984,45.825042724609375,28956500,0.0,0.0
2020-12-09,50.279998779296875,50.84000015258789,49.72999954223633,50.06999969482422,45.26455307006836,34068400,0.0,0.0
2020-12-10,49.65999984741211,50.720001220703125,49.59000015258789,50.2599983215332,45.436309814453125,33706000,0.0,0.0
2020-12-11,50.13999938964844,50.13999938964844,49.119998931884766,49.72999954223633,44.95718002319336,29398800,0.0,0.0
2020-12-14,49.81999969482422,51.34000015258789,49.7400016784668,50.470001220703125,45.62615966796875,33436400,0.0,0.0
2020-12-15,50.97999954223633,51.0099983215332,50.209999084472656,50.66999816894531,45.80696105957031,25465600,0.0,0.0
2020-12-16,50.709999084472656,51.459999084472656,50.68000030517578,51.119998931884766,46.21377182006836,28351000,0.0,0.0
2020-12-17,51.150001525878906,51.31999969482422,50.220001220703125,50.650001525878906,45.78888702392578,26399000,0.0,0.0
2020-12-18,50.56999969482422,50.68000030517578,47.11000061035156,47.459999084472656,42.90503692626953,119298400,0.0,0.0
2020-12-21,46.31999969482422,46.45000076293945,45.2400016784668,46.36000061035156,41.91061019897461,53775700,0.0,0.0
2020-12-22,46.25,46.34000015258789,45.77000045776367,46.16999816894531,41.738853454589844,32171200,0.0,0.0
2020-12-23,46.16999816894531,47.029998779296875,46.06999969482422,46.56999969482422,42.100460052490234,22564200,0.0,0.0
2020-12-24,46.599998474121094,47.09000015258789,46.34000015258789,47.06999969482422,42.55247497558594,11865600,0.0,0.0
2020-12-28,47.189998626708984,47.63999938964844,46.86000061035156,47.06999969482422,42.55247497558594,21269200,0.0,0.0
2020-12-29,47.220001220703125,50.66999816894531,46.4900016784668,49.38999938964844,44.649810791015625,84531400,0.0,0.0
2020-12-30,49.11000061035156,49.189998626708984,48.560001373291016,48.75,44.071231842041016,37385400,0.0,0.0
2020-12-31,48.75,50.189998626708984,48.720001220703125,49.81999969482422,45.038543701171875,28576800,0.0,0.0
2021-01-04,49.88999938964844,51.38999938964844,49.400001525878906,49.66999816894531,44.90293502807617,46102500,0.0,0.0
2021-01-05,49.45000076293945,50.83000183105469,49.33000183105469,50.61000061035156,45.752723693847656,24866600,0.0,0.0
2021-01-06,50.439998626708984,52.150001525878906,50.20000076293945,51.099998474121094,46.19568634033203,36809600,0.0,0.0
2021-01-07,51.4900016784668,52.689998626708984,51.29999923706055,52.189998626708984,47.18107604980469,32092300,0.0,0.0
2021-01-08,52.45000076293945,52.529998779296875,51.27000045776367,51.650001525878906,46.69291305541992,34625400,0.0,0.0
2021-01-11,51.290000915527344,52.2400016784668,51.25,51.540000915527344,46.59346008300781,32925000,0.0,0.0
2021-01-12,51.900001525878906,53.849998474121094,51.560001373291016,53.2400016784668,48.130313873291016,39883900,0.0,0.0
2021-01-13,59.5,60.25,56.900001525878906,56.95000076293945,51.48424530029297,124070700,0.0,0.0
2021-01-14,58.45000076293945,60.13999938964844,57.84000015258789,59.25,53.563499450683594,74680900,0.0,0.0
2021-01-15,58.849998474121094,59.650001525878906,57.5,57.58000183105469,52.05378341674805,50265400,0.0,0.0
2021-01-19,57.939998626708984,58.34000015258789,57.099998474121094,57.9900016784668,52.4244270324707,35647100,0.0,0.0
2021-01-20,58.2400016784668,59.220001220703125,58.09000015258789,58.66999816894531,53.03916549682617,28701300,0.0,0.0
2021-01-21,59.040000915527344,63.95000076293945,58.220001220703125,62.459999084472656,56.465415954589844,86519500,0.0,0.0
2021-01-22,58.849998474121094,59.619998931884766,56.650001525878906,56.65999984741211,51.22207260131836,85729300,0.0,0.0
2021-01-25,56.380001068115234,56.5,54.060001373291016,55.439998626708984,50.119163513183594,61968500,0.0,0.0
2021-01-26,55.279998779296875,56.20000076293945,54.849998474121094,55.209999084472656,49.91123962402344,31485900,0.0,0.0
2021-01-27,54.61000061035156,54.849998474121094,53.29999923706055,53.59000015258789,48.446712493896484,49722900,0.0,0.0
2021-01-28,54.790000915527344,57.400001525878906,54.70000076293945,56.06999969482422,50.68870162963867,49202600,0.0,0.0
2021-01-29,55.97999954223633,57.15999984741211,55.36000061035156,55.5099983215332,50.18244552612305,37256200,0.0,0.0
2021-02-01,55.95000076293945,57.38999938964844,55.709999084472656,56.689998626708984,51.24919509887695,26926600,0.0,0.0
2021-02-02,57.189998626708984,58.279998779296875,56.880001068115234,58.0,52.433467864990234,23580900,0.0,0.0
2021-02-03,57.88999938964844,58.33000183105469,57.380001068115234,57.68000030517578,52.144187927246094,21893200,0.0,0.0
2021-02-04,57.61000061035156,58.880001068115234,57.189998626708984,58.790000915527344,53.47024917602539,29853800,0.348,0.0
2021-02-05,59.0,59.08000183105469,58.119998931884766,58.18000030517578,52.915443420410156,23432600,0.0,0.0
2021-02-08,58.380001068115234,59.220001220703125,57.95000076293945,59.15999984741211,53.806766510009766,34358300,0.0,0.0
2021-02-09,58.77000045776367,59.310001373291016,57.939998626708984,58.779998779296875,53.46115493774414,28754100,0.0,0.0
2021-02-10,59.29999923706055,59.41999816894531,58.119998931884766,58.86000061035156,53.53390884399414,16325100,0.0,0.0
2021-02-11,59.099998474121094,60.9900016784668,58.86000061035156,60.65999984741211,55.17103958129883,27539100,0.0,0.0
2021-02-12,60.599998474121094,62.5099983215332,60.43000030517578,61.810001373291016,56.216976165771484,26214200,0.0,0.0
2021-02-16,62.0,62.869998931884766,61.70000076293945,62.470001220703125,56.817256927490234,26326300,0.0,0.0
2021-02-17,61.4900016784668,62.189998626708984,61.209999084472656,61.849998474121094,56.25334930419922,21055400,0.0,0.0
2021-02-18,60.650001525878906,61.97999954223633,60.63999938964844,61.61000061035156,56.035072326660156,17846100,0.0,0.0
2021-02-19,61.90999984741211,63.2599983215332,61.849998474121094,63.0099983215332,57.30839157104492,28290100,0.0,0.0
2021-02-22,61.880001068115234,62.70000076293945,60.65999984741211,60.709999084472656,55.21650695800781,32288200,0.0,0.0
2021-02-23,60.47999954223633,61.5,59.16999816894531,61.119998931884766,55.58940887451172,27374600,0.0,0.0
2021-02-24,60.529998779296875,63.279998779296875,60.380001068115234,63.189998626708984,57.47209930419922,24669900,0.0,0.0
2021-02-25,62.40999984741211,63.540000915527344,60.130001068115234,60.400001525878906,54.9345588684082,36394000,0.0,0.0
2021-02-26,60.88999938964844,61.689998626708984,59.68000030517578,60.779998779296875,55.28017807006836,38216800,0.0,0.0
2021-03-01,61.720001220703125,63.08000183105469,61.650001525878906,62.880001068115234,57.19015884399414,28495400,0.0,0.0
2021-03-02,62.79999923706055,63.13999938964844,61.11000061035156,61.2400016784668,55.69855880737305,23320000,0.0,0.0
2021-03-03,60.63999938964844,61.52000045776367,59.70000076293945,59.900001525878906,54.47980880737305,28740400,0.0,0.0
2021-03-04,59.83000183105469,60.2400016784668,57.90999984741211,58.33000183105469,53.0518798828125,40210400,0.0,0.0
2021-03-05,59.2599983215332,61.18000030517578,58.5099983215332,60.7400016784668,55.24379348754883,39511700,0.0,0.0
2021-03-08,60.470001220703125,61.70000076293945,59.720001220703125,59.849998474121094,54.43433380126953,33112400,0.0,0.0
2021-03-09,61.18000030517578,63.16999816894531,60.84000015258789,62.66999816894531,56.9991569519043,36387500,0.0,0.0
2021-03-10,63.220001220703125,64.12000274658203,62.130001068115234,62.25,56.617164611816406,27160300,0.0,0.0
2021-03-11,62.939998626708984,64.08999633789062,62.38999938964844,63.310001373291016,57.58124923706055,30701800,0.0,0.0
2021-03-12,62.650001525878906,63.29999923706055,62.2400016784668,62.900001525878906,57.20834732055664,20173000,0.0,0.0
2021-03-15,63.61000061035156,63.880001068115234,62.47999954223633,63.790000915527344,58.0178108215332,21247400,0.0,0.0
2021-03-16,64.1500015258789,65.7300033569336,64.08000183105469,64.77999877929688,58.918235778808594,30186600,0.0,0.0
2021-03-17,64.22000122070312,66.29000091552734,63.709999084472656,65.77999877929688,59.82773971557617,32394700,0.0,0.0
2021-03-18,65.62999725341797,65.69999694824219,63.650001525878906,63.72999954223633,57.96323776245117,30094200,0.0,0.0
2021-03-19,63.18000030517578,64.98999786376953,62.91999816894531,63.7599983215332,57.99052429199219,54951700,0.0,0.0
2021-03-22,64.81999969482422,66.37999725341797,64.55999755859375,65.62999725341797,59.69131088256836,34380100,0.0,0.0
2021-03-23,66.0,66.05000305175781,63.16999816894531,63.47999954223633,57.735862731933594,35160000,0.0,0.0
2021-03-24,66.58000183105469,67.44000244140625,61.9900016784668,62.040000915527344,56.42616653442383,74584700,0.0,0.0
2021-03-25,61.65999984741211,62.439998626708984,60.97999954223633,62.02000045776367,56.40797424316406,35401400,0.0,0.0
2021-03-26,61.79999923706055,64.97000122070312,61.77000045776367,64.87000274658203,59.00008773803711,34705800,0.0,0.0
2021-03-29,64.01000213623047,65.12999725341797,63.61000061035156,64.5,58.66356658935547,26161600,0.0,0.0
2021-03-30,63.77000045776367,64.0,63.150001525878906,63.77000045776367,57.99961853027344,20709500,0.0,0.0
2021-03-31,64.01000213623047,64.48999786376953,63.58000183105469,64.0,58.20881652832031,33013200,0.0,0.0
2021-04-01,64.72000122070312,64.88999938964844,63.58000183105469,64.55000305175781,58.70903396606445,31416300,0.0,0.0
2021-04-05,64.94999694824219,66.73999786376953,64.69999694824219,66.54000091552734,60.51897430419922,27947500,0.0,0.0
2021-04-06,66.05999755859375,66.58000183105469,65.29000091552734,65.55999755859375,59.62765121459961,28771400,0.0,0.0
2021-04-07,65.66999816894531,66.56999969482422,65.36000061035156,66.25,60.255226135253906,17793300,0.0,0.0
2021-04-08,66.97000122070312,67.29000091552734,66.36000061035156,67.05000305175781,60.982810974121094,22224200,0.0,0.0
2021-04-09,66.80000305175781,68.4000015258789,66.62999725341797,68.26000213623047,62.08332824707031,27177100,0.0,0.0
2021-04-12,68.19999694824219,68.48999786376953,64.70999908447266,65.41000366210938,59.49122619628906,51266900,0.0,0.0
2021-04-13,65.61000061035156,65.62999725341797,64.20999908447266,65.22000122070312,59.31840515136719,26822000,0.0,0.0
2021-04-14,65.30999755859375,65.37999725341797,63.84000015258789,64.19000244140625,58.381622314453125,25768400,0.0,0.0
2021-04-15,63.970001220703125,65.22000122070312,63.68000030517578,65.0199966430664,59.136505126953125,24927700,0.0,0.0
2021-04-16,65.33000183105469,65.5199966430664,64.56999969482422,64.75,58.89094924926758,24625500,0.0,0.0
2021-04-19,64.69999694824219,64.73999786376953,63.06999969482422,63.630001068115234,57.872291564941406,23997700,0.0,0.0
2021-04-20,63.63999938964844,63.7599983215332,62.40999984741211,62.70000076293945,57.02644348144531,19872100,0.0,0.0
2021-04-21,62.790000915527344,63.779998779296875,62.29999923706055,63.70000076293945,57.93595504760742,24364200,0.0,0.0
2021-04-22,63.349998474121094,63.90999984741211,62.279998779296875,62.56999969482422,56.908199310302734,38257600,0.0,0.0
2021-04-23,59.15999984741211,60.0,57.900001525878906,59.2400016784668,53.87953567504883,77479500,0.0,0.0
2021-04-26,59.099998474121094,59.52000045776367,58.459999084472656,58.7599983215332,53.442962646484375,39645900,0.0,0.0
2021-04-27,58.560001373291016,58.630001068115234,57.77000045776367,57.970001220703125,52.724449157714844,38167700,0.0,0.0
2021-04-28,57.52000045776367,58.15999984741211,57.150001525878906,57.619998931884766,52.40612030029297,30387400,0.0,0.0
2021-04-29,57.880001068115234,58.29999923706055,57.470001220703125,58.279998779296875,53.00639724731445,23290600,0.0,0.0
2021-04-30,57.61000061035156,58.43000030517578,57.06999969482422,57.529998779296875,52.32426452636719,30731800,0.0,0.0
2021-05-03,57.86000061035156,57.880001068115234,56.84000015258789,57.2599983215332,52.07868957519531,22281700,0.0,0.0
2021-05-04,56.880001068115234,56.97999954223633,55.810001373291016,56.900001525878906,51.75127029418945,35323600,0.0,0.0
2021-05-05,56.959999084472656,57.29999923706055,56.459999084472656,56.849998474121094,51.70579147338867,21001900,0.0,0.0
2021-05-06,56.619998931884766,57.25,56.25,57.189998626708984,52.33538818359375,25529300,0.348,0.0
2021-05-07,57.70000076293945,58.0099983215332,57.2400016784668,57.66999816894531,52.7746467590332,19959000,0.0,0.0
2021-05-10,57.150001525878906,57.22999954223633,55.880001068115234,55.970001220703125,51.21895980834961,35046500,0.0,0.0
2021-05-11,55.04999923706055,55.630001068115234,54.29999923706055,55.040000915527344,50.36790466308594,35968100,0.0,0.0
2021-05-12,54.38999938964844,54.650001525878906,53.41999816894531,53.619998931884766,49.06843566894531,30232300,0.0,0.0
2021-05-13,54.040000915527344,54.38999938964844,53.459999084472656,54.0099983215332,49.425331115722656,29192500,0.0,0.0
2021-05-14,54.599998474121094,55.849998474121094,54.2599983215332,55.349998474121094,50.651588439941406,28158300,0.0,0.0
2021-05-17,55.290000915527344,55.88999938964844,54.7599983215332,55.33000183105469,50.63328170776367,20010200,0.0,0.0
2021-05-18,55.95000076293945,56.13999938964844,54.79999923706055,54.84000015258789,50.18487548828125,18703400,0.0,0.0
2021-05-19,54.06999969482422,55.43000030517578,53.84000015258789,55.36000061035156,50.660736083984375,23769700,0.0,0.0
2021-05-20,55.56999969482422,56.2400016784668,55.36000061035156,55.95000076293945,51.20064926147461,23145200,0.0,0.0
2021-05-21,56.41999816894531,56.709999084472656,55.97999954223633,56.08000183105469,51.319618225097656,17723100,0.0,0.0
2021-05-24,56.650001525878906,57.38999938964844,56.400001525878906,56.959999084472656,52.12492370605469,19164400,0.0,0.0
2021-05-25,57.560001373291016,57.560001373291016,56.41999816894531,56.869998931884766,52.04255294799805,22309900,0.0,0.0
2021-05-26,57.04999923706055,57.22999954223633,56.59000015258789,56.91999816894531,52.088314056396484,15173600,0.0,0.0
2021-05-27,57.11000061035156,57.880001068115234,57.0,57.72999954223633,52.829551696777344,32387600,0.0,0.0
2021-05-28,57.54999923706055,57.650001525878906,56.939998626708984,57.119998931884766,52.27133560180664,20303900,0.0,0.0
2021-06-01,57.61000061035156,57.81999969482422,56.59000015258789,56.88999938964844,52.06086349487305,20326400,0.0,0.0
2021-06-02,56.90999984741211,57.689998626708984,56.7599983215332,57.47999954223633,52.60077667236328,18483600,0.0,0.0
2021-06-03,56.97999954223633,57.099998474121094,56.09000015258789,56.2400016784668,51.46603775024414,21831300,0.0,0.0
2021-06-04,56.54999923706055,57.75,56.540000915527344,57.369998931884766,52.50011444091797,21493800,0.0,0.0
2021-06-07,57.40999984741211,57.439998626708984,56.779998779296875,57.09000015258789,52.2438850402832,17364400,0.0,0.0
2021-06-08,57.45000076293945,57.63999938964844,56.599998474121094,57.0,52.161521911621094,33254500,0.0,0.0
2021-06-09,57.36000061035156,57.47999954223633,56.970001220703125,57.0,52.161521911621094,13904800,0.0,0.0
2021-06-10,57.150001525878906,58.029998779296875,56.93000030517578,57.380001068115234,52.5092658996582,26738100,0.0,0.0
2021-06-11,57.470001220703125,57.939998626708984,56.95000076293945,57.849998474121094,52.93937301635742,18119700,0.0,0.0
2021-06-14,58.02000045776367,58.20000076293945,57.22999954223633,58.189998626708984,53.25051498413086,21784500,0.0,0.0
2021-06-15,58.209999084472656,58.41999816894531,57.79999923706055,57.9900016784668,53.06748962402344,20806500,0.0,0.0
2021-06-16,58.150001525878906,58.369998931884766,56.77000045776367,57.220001220703125,52.36284637451172,21879700,0.0,0.0
2021-06-17,57.04999923706055,57.900001525878906,56.70000076293945,57.18000030517578,52.32624053955078,21498800,0.0,0.0
2021-06-18,56.68000030517578,56.75,55.099998474121094,55.66999816894531,50.94441604614258,55118300,0.0,0.0
2021-06-21,55.75,56.040000915527344,55.369998931884766,55.869998931884766,51.127445220947266,19254600,0.0,0.0
2021-06-22,55.939998626708984,56.279998779296875,55.5,55.869998931884766,51.127445220947266,18682800,0.0,0.0
2021-06-23,55.869998931884766,55.970001220703125,55.22999954223633,55.2599983215332,50.5692253112793,20287900,0.0,0.0
2021-06-24,55.4900016784668,56.099998474121094,55.34000015258789,56.06999969482422,51.31046676635742,21209700,0.0,0.0
2021-06-25,56.02000045776367,56.40999984741211,55.75,55.90999984741211,51.16404724121094,21101200,0.0,0.0
2021-06-28,56.36000061035156,57.72999954223633,56.34000015258789,57.47999954223633,52.60077667236328,22480900,0.0,0.0
2021-06-29,57.54999923706055,57.83000183105469,55.880001068115234,56.75,51.932743072509766,26360000,0.0,0.0
2021-06-30,56.34000015258789,56.380001068115234,55.38999938964844,56.13999938964844,51.37452697753906,29891600,0.0,0.0
2021-07-01,56.130001068115234,56.63999938964844,55.869998931884766,56.0099983215332,51.255558013916016,24871600,0.0,0.0
2021-07-02,56.54999923706055,56.9900016784668,56.31999969482422,56.7599983215332,51.941890716552734,17219400,0.0,0.0
2021-07-06,56.91999816894531,57.0099983215332,55.70000076293945,56.09000015258789,51.32876968383789,26186600,0.0,0.0
2021-07-07,56.369998931884766,56.45000076293945,55.709999084472656,55.959999084472656,51.209800720214844,14857400,0.0,0.0
2021-07-08,55.310001373291016,55.720001220703125,54.790000915527344,55.38999938964844,50.68819046020508,19162000,0.0,0.0
2021-07-09,55.5099983215332,56.11000061035156,55.310001373291016,55.9900016784668,51.23725891113281,18708000,0.0,0.0
2021-07-12,56.2599983215332,56.7599983215332,56.11000061035156,56.72999954223633,51.91444778442383,15392800,0.0,0.0
2021-07-13,56.619998931884766,57.29999923706055,56.34000015258789,56.869998931884766,52.04255294799805,15716000,0.0,0.0
2021-07-14,57.16999816894531,57.459999084472656,56.33000183105469,56.52000045776367,51.722267150878906,16263600,0.0,0.0
2021-07-15,56.400001525878906,56.400001525878906,55.56999969482422,55.810001373291016,51.07253646850586,18917000,0.0,0.0
2021-07-16,56.04999923706055,56.93000030517578,54.900001525878906,54.970001220703125,50.30384063720703,25263800,0.0,0.0
2021-07-19,54.40999984741211,54.810001373291016,53.970001220703125,54.63999938964844,50.001853942871094,27007700,0.0,0.0
2021-07-20,54.91999816894531,55.560001373291016,54.27000045776367,55.2400016784668,50.550926208496094,19867000,0.0,0.0
2021-07-21,55.18000030517578,56.279998779296875,55.0099983215332,56.22999954223633,51.45689010620117,18497200,0.0,0.0
2021-07-22,56.060001373291016,56.540000915527344,55.68000030517578,55.959999084472656,51.209800720214844,36691000,0.0,0.0
2021-07-23,54.58000183105469,54.709999084472656,52.31999969482422,53.0,48.501060485839844,67742300,0.0,0.0
2021-07-26,52.810001373291016,54.540000915527344,52.7599983215332,54.310001373291016,49.69986343383789,32881200,0.0,0.0
2021-07-27,53.119998931884766,53.20000076293945,52.310001373291016,53.18000030517578,48.66579055786133,39878000,0.0,0.0
2021-07-28,53.029998779296875,53.91999816894531,52.939998626708984,53.06999969482422,48.56512451171875,28478800,0.0,0.0
2021-07-29,53.47999954223633,54.099998474121094,53.31999969482422,53.70000076293945,49.14164352416992,16886600,0.0,0.0
2021-07-30,53.650001525878906,53.900001525878906,53.25,53.720001220703125,49.159950256347656,16465700,0.0,0.0
2021-08-02,53.9900016784668,54.470001220703125,53.540000915527344,53.68000030517578,49.12334442138672,18098100,0.0,0.0
2021-08-03,53.88999938964844,54.15999984741211,53.2599983215332,54.060001373291016,49.471092224121094,16375900,0.0,0.0
2021-08-04,54.25,54.439998626708984,53.70000076293945,53.900001525878906,49.324668884277344,17612700,0.0,0.0
2021-08-05,53.9900016784668,54.02000045776367,53.58000183105469,53.88999938964844,49.635982513427734,15310000,0.348,0.0
2021-08-06,53.86000061035156,54.130001068115234,53.72999954223633,53.91999816894531,49.66361999511719,19256000,0.0,0.0
2021-08-09,54.08000183105469,54.40999984741211,53.83000183105469,54.04999923706055,49.783348083496094,14670100,0.0,0.0
2021-08-10,54.2400016784668,54.38999938964844,53.5099983215332,53.939998626708984,49.68204116821289,16215700,0.0,0.0
2021-08-11,54.2599983215332,54.36000061035156,53.84000015258789,54.13999938964844,49.86624526977539,18590800,0.0,0.0
2021-08-12,54.16999816894531,54.18000030517578,53.2599983215332,53.540000915527344,49.3136100769043,15070100,0.0,0.0
2021-08-13,53.5,53.560001373291016,53.060001373291016,53.4900016784668,49.2675666809082,15281100,0.0,0.0
2021-08-16,53.22999954223633,53.4900016784668,53.0,53.470001220703125,49.249149322509766,17690300,0.0,0.0
2021-08-17,53.16999816894531,53.18000030517578,52.220001220703125,52.689998626708984,48.53070831298828,22014900,0.0,0.0
2021-08-18,52.599998474121094,53.029998779296875,52.11000061035156,52.189998626708984,48.0701789855957,15061700,0.0,0.0
2021-08-19,52.04999923706055,52.66999816894531,51.58000183105469,52.439998626708984,48.300437927246094,22999400,0.0,0.0
2021-08-20,52.15999984741211,52.380001068115234,51.41999816894531,52.0099983215332,47.90438461303711,25728300,0.0,0.0
2021-08-23,52.59000015258789,53.540000915527344,52.47999954223633,53.22999954223633,49.0280876159668,23976300,0.0,0.0
2021-08-24,53.560001373291016,53.970001220703125,53.310001373291016,53.810001373291016,49.56230163574219,20348800,0.0,0.0
2021-08-25,54.08000183105469,54.22999954223633,53.72999954223633,53.810001373291016,49.56230163574219,15048400,0.0,0.0
2021-08-26,53.75,53.75,52.970001220703125,53.130001068115234,48.93598175048828,19570000,0.0,0.0
2021-08-27,53.36000061035156,53.939998626708984,52.91999816894531,53.88999938964844,49.635982513427734,16525000,0.0,0.0
2021-08-30,54.2599983215332,54.869998931884766,53.7599983215332,53.939998626708984,49.68204116821289,14581300,0.0,0.0
2021-08-31,54.439998626708984,54.5,53.65999984741211,54.060001373291016,49.79256820678711,22350100,0.0,0.0
2021-09-01,54.11000061035156,54.15999984741211,53.529998779296875,53.66999816894531,49.433345794677734,18615000,0.0,0.0
2021-09-02,53.79999923706055,53.88999938964844,53.349998474121094,53.72999954223633,49.488609313964844,15869500,0.0,0.0
2021-09-03,53.439998626708984,54.08000183105469,53.31999969482422,53.5099983215332,49.28598403930664,13456200,0.0,0.0
2021-09-07,53.56999969482422,53.95000076293945,53.439998626708984,53.650001525878906,49.41493606567383,13915000,0.0,0.0
2021-09-08,53.72999954223633,53.91999816894531,52.9900016784668,53.56999969482422,49.34123992919922,18235100,0.0,0.0
2021-09-09,53.65999984741211,53.88999938964844,53.34000015258789,53.400001525878906,49.184669494628906,13495800,0.0,0.0
2021-09-10,53.849998474121094,54.97999954223633,53.810001373291016,53.84000015258789,49.589935302734375,20324700,0.0,0.0
2021-09-13,54.61000061035156,55.4900016784668,54.40999984741211,54.9900016784668,50.64916229248047,22639200,0.0,0.0
2021-09-14,55.369998931884766,55.439998626708984,54.27000045776367,54.52000045776367,50.21625518798828,22072700,0.0,0.0
2021-09-15,54.66999816894531,55.150001525878906,54.41999816894531,55.119998931884766,50.768898010253906,18796200,0.0,0.0
2021-09-16,54.86000061035156,54.95000076293945,54.2400016784668,54.83000183105469,50.50178909301758,19863100,0.0,0.0
2021-09-17,54.59000015258789,54.59000015258789,53.66999816894531,54.2599983215332,49.976776123046875,35359200,0.0,0.0
2021-09-20,53.209999084472656,53.5,52.31999969482422,52.97999954223633,48.79782485961914,35051900,0.0,0.0
2021-09-21,53.20000076293945,53.45000076293945,52.83000183105469,52.869998931884766,48.696502685546875,17968900,0.0,0.0
2021-09-22,53.400001525878906,53.869998931884766,53.0,53.5,49.27676773071289,18594100,0.0,0.0
2021-09-23,53.75,54.29999923706055,53.599998474121094,54.029998779296875,49.76493835449219,16474300,0.0,0.0
2021-09-24,53.779998779296875,54.41999816894531,53.72999954223633,54.220001220703125,49.939937591552734,12976200,0.0,0.0
2021-09-27,53.939998626708984,54.869998931884766,53.81999969482422,54.65999984741211,50.34519958496094,13899900,0.0,0.0
2021-09-28,54.18000030517578,54.59000015258789,53.959999084472656,54.0,49.737300872802734,24691300,0.0,0.0
2021-09-29,54.0,54.04999923706055,53.18000030517578,53.4900016784668,49.2675666809082,20514300,0.0,0.0
2021-09-30,53.7599983215332,53.97999954223633,53.2599983215332,53.279998779296875,49.074134826660156,20534100,0.0,0.0
2021-10-01,53.650001525878906,54.11000061035156,53.04999923706055,53.86000061035156,49.60835266113281,19895100,0.0,0.0
2021-10-04,53.93000030517578,54.33000183105469,53.08000183105469,53.470001220703125,49.249149322509766,27353300,0.0,0.0
2021-10-05,53.54999923706055,54.34000015258789,53.47999954223633,53.95000076293945,49.69124984741211,18129400,0.0,0.0
2021-10-06,53.47999954223633,54.06999969482422,53.06999969482422,53.97999954223633,49.7188835144043,20059600,0.0,0.0
2021-10-07,54.31999969482422,54.9900016784668,54.119998931884766,54.18000030517578,49.9030876159668,20704400,0.0,0.0
2021-10-08,54.54999923706055,54.58000183105469,53.70000076293945,53.810001373291016,49.56230163574219,16068000,0.0,0.0
2021-10-11,53.810001373291016,54.40999984741211,53.41999816894531,53.439998626708984,49.22151184082031,14398800,0.0,0.0
2021-10-12,53.56999969482422,53.720001220703125,52.0099983215332,52.16999816894531,48.051761627197266,32784300,0.0,0.0
2021-10-13,52.380001068115234,52.58000183105469,51.869998931884766,52.2599983215332,48.1346549987793,18534000,0.0,0.0
2021-10-14,52.900001525878906,54.0,52.72999954223633,53.900001525878906,49.64519500732422,26586700,0.0,0.0
2021-10-15,54.20000076293945,54.4900016784668,53.810001373291016,54.459999084472656,50.16098403930664,25231100,0.0,0.0
2021-10-18,54.189998626708984,54.560001373291016,53.720001220703125,54.470001220703125,50.17020034790039,22407600,0.0,0.0
2021-10-19,54.630001068115234,55.220001220703125,54.369998931884766,55.209999084472656,50.85178756713867,18392900,0.0,0.0
2021-10-20,55.25,55.4900016784668,55.08000183105469,55.369998931884766,50.9991569519043,16850300,0.0,0.0
2021-10-21,54.93000030517578,56.06999969482422,54.83000183105469,56.0,51.579429626464844,38390900,0.0,0.0
2021-10-22,50.38999938964844,50.54999923706055,49.13999938964844,49.459999084472656,45.55568313598633,109971900,0.0,0.0
2021-10-25,49.83000183105469,50.06999969482422,49.310001373291016,49.40999984741211,45.50963592529297,43178800,0.0,0.0
2021-10-26,49.400001525878906,49.439998626708984,47.93000030517578,48.279998779296875,44.46882629394531,68405400,0.0,0.0
2021-10-27,48.52000045776367,48.81999969482422,47.869998931884766,47.88999938964844,44.10961151123047,41081500,0.0,0.0
2021-10-28,48.13999938964844,48.36000061035156,47.880001068115234,48.08000183105469,44.28462219238281,31317200,0.0,0.0
2021-10-29,48.099998474121094,49.279998779296875,47.91999816894531,49.0,45.13199234008789,42301000,0.0,0.0
2021-11-01,49.400001525878906,49.599998474121094,49.0,49.54999923706055,45.638580322265625,28013700,0.0,0.0
2021-11-02,49.61000061035156,49.900001525878906,49.22999954223633,49.86000061035156,45.924110412597656,27193300,0.0,0.0
2021-11-03,49.93000030517578,50.45000076293945,49.709999084472656,50.38999938964844,46.41227722167969,23962100,0.0,0.0
2021-11-04,50.2400016784668,50.349998474121094,49.72999954223633,50.310001373291016,46.660831451416016,24806000,0.348,0.0
2021-11-05,50.54999923706055,51.58000183105469,50.540000915527344,50.91999816894531,47.226585388183594,36816200,0.0,0.0
2021-11-08,51.459999084472656,51.9900016784668,51.060001373291016,51.54999923706055,47.81089401245117,31647800,0.0,0.0
2021-11-09,51.540000915527344,51.77000045776367,50.77000045776367,51.20000076293945,47.48627853393555,22508400,0.0,0.0
2021-11-10,50.97999954223633,51.38999938964844,50.709999084472656,50.7599983215332,47.078189849853516,25040700,0.0,0.0
2021-11-11,51.0099983215332,51.06999969482422,50.40999984741211,50.529998779296875,46.8648796081543,25420000,0.0,0.0
2021-11-12,50.599998474121094,50.900001525878906,50.18000030517578,50.310001373291016,46.660831451416016,23884800,0.0,0.0
2021-11-15,50.40999984741211,50.630001068115234,50.119998931884766,50.31999969482422,46.670108795166016,24695800,0.0,0.0
2021-11-16,50.369998931884766,51.150001525878906,50.34000015258789,50.61000061035156,46.9390754699707,30927800,0.0,0.0
2021-11-17,50.599998474121094,50.939998626708984,49.97999954223633,50.22999954223633,46.58663558959961,23546900,0.0,0.0
2021-11-18,50.2400016784668,50.2400016784668,48.970001220703125,49.68000030517578,46.076534271240234,30658200,0.0,0.0
2021-11-19,49.599998474121094,49.72999954223633,49.2400016784668,49.52000045776367,45.92813491821289,27607600,0.0,0.0
2021-11-22,49.54999923706055,50.849998474121094,49.40999984741211,49.83000183105469,46.21564865112305,33389600,0.0,0.0
2021-11-23,50.15999984741211,50.45000076293945,48.63999938964844,49.099998474121094,45.53859329223633,44713300,0.0,0.0
2021-11-24,48.86000061035156,49.779998779296875,48.630001068115234,49.7599983215332,46.150726318359375,26035800,0.0,0.0
2021-11-26,48.900001525878906,49.18000030517578,48.119998931884766,48.779998779296875,45.2418098449707,25269000,0.0,0.0
2021-11-29,49.29999923706055,50.130001068115234,48.720001220703125,50.0,46.373321533203125,31478900,0.0,0.0
2021-11-30,49.5,50.400001525878906,48.68000030517578,49.20000076293945,45.631351470947266,49460800,0.0,0.0
2021-12-01,49.84000015258789,50.310001373291016,48.52000045776367,48.599998474121094,45.07486343383789,35093500,0.0,0.0
2021-12-02,48.61000061035156,49.790000915527344,48.33000183105469,49.5,45.909584045410156,37240800,0.0,0.0
2021-12-03,49.68000030517578,50.060001373291016,48.7599983215332,49.25,45.67771911621094,32224900,0.0,0.0
2021-12-06,49.47999954223633,51.209999084472656,49.18000030517578,50.9900016784668,47.29151153564453,40336000,0.0,0.0
2021-12-07,54.65999984741211,55.0,52.209999084472656,52.56999969482422,48.756900787353516,91731500,0.0,0.0
2021-12-08,52.56999969482422,52.880001068115234,51.380001068115234,51.75,47.99638366699219,37143400,0.0,0.0
2021-12-09,51.29999923706055,51.59000015258789,50.43000030517578,50.47999954223633,46.818504333496094,31694200,0.0,0.0
2021-12-10,50.84000015258789,51.06999969482422,50.04999923706055,50.59000015258789,46.92051696777344,23783600,0.0,0.0
2021-12-13,50.849998474121094,51.02000045776367,49.95000076293945,50.0,46.373321533203125,35726900,0.0,0.0
2021-12-14,49.81999969482422,50.27000045776367,49.31999969482422,49.70000076293945,46.09507751464844,34120400,0.0,0.0
2021-12-15,49.869998931884766,50.779998779296875,49.33000183105469,50.66999816894531,46.99471664428711,32590300,0.0,0.0
2021-12-16,50.7400016784668,51.400001525878906,50.58000183105469,50.83000183105469,47.14311218261719,33132300,0.0,0.0
2021-12-17,50.59000015258789,51.02000045776367,50.0099983215332,50.619998931884766,46.9483528137207,50102300,0.0,0.0
2021-12-20,49.90999984741211,50.130001068115234,48.959999084472656,49.599998474121094,46.0023307800293,30140300,0.0,0.0
2021-12-21,49.939998626708984,50.84000015258789,49.939998626708984,50.77000045776367,47.08747100830078,31956300,0.0,0.0
2021-12-22,50.63999938964844,51.02000045776367,50.209999084472656,50.970001220703125,47.27295684814453,23307900,0.0,0.0
2021-12-23,51.08000183105469,51.72999954223633,51.04999923706055,51.310001373291016,47.58830261230469,25198200,0.0,0.0
2021-12-27,51.349998474121094,52.060001373291016,51.29999923706055,51.939998626708984,48.17259979248047,20985400,0.0,0.0
2021-12-28,51.93000030517578,52.119998931884766,51.630001068115234,51.7599983215332,48.00565719604492,19290400,0.0,0.0
2021-12-29,51.810001373291016,52.13999938964844,51.65999984741211,51.83000183105469,48.070587158203125,14174800,0.0,0.0
2021-12-30,51.91999816894531,52.13999938964844,51.650001525878906,51.7400016784668,47.98711395263672,18359400,0.0,0.0
2021-12-31,51.88999938964844,52.15999984741211,51.459999084472656,51.5,47.76451873779297,16319000,0.0,0.0
2022-01-03,51.650001525878906,53.22999954223633,51.599998474121094,53.209999084472656,49.35047912597656,33857600,0.0,0.0
2022-01-04,53.56999969482422,53.939998626708984,52.650001525878906,53.13999938964844,49.285560607910156,45681400,0.0,0.0
2022-01-05,54.189998626708984,56.16999816894531,53.83000183105469,53.869998931884766,49.96261215209961,59109300,0.0,0.0
2022-01-06,54.61000061035156,54.66999816894531,53.41999816894531,54.0099983215332,50.092464447021484,35757900,0.0,0.0
2022-01-07,54.189998626708984,54.38999938964844,53.150001525878906,53.439998626708984,49.563804626464844,30717200,0.0,0.0
2022-01-10,53.970001220703125,55.310001373291016,53.310001373291016,55.209999084472656,51.20541763305664,49260800,0.0,0.0
2022-01-11,55.5,56.08000183105469,54.72999954223633,55.90999984741211,51.854644775390625,39795200,0.0,0.0
2022-01-12,56.13999938964844,56.279998779296875,54.810001373291016,55.7400016784668,51.69697570800781,29136800,0.0,0.0
2022-01-13,56.0,56.209999084472656,54.77000045776367,54.939998626708984,50.95499801635742,29605400,0.0,0.0
2022-01-14,54.849998474121094,55.77000045776367,54.529998779296875,55.70000076293945,51.659873962402344,30151500,0.0,0.0
2022-01-18,55.310001373291016,55.650001525878906,54.68000030517578,54.7599983215332,50.788063049316406,35313800,0.0,0.0
2022-01-19,54.630001068115234,54.849998474121094,53.560001373291016,53.619998931884766,49.73073959350586,30595100,0.0,0.0
2022-01-20,53.86000061035156,54.09000015258789,51.939998626708984,52.040000915527344,48.26535415649414,28582600,0.0,0.0
2022-01-21,52.08000183105469,53.130001068115234,51.95000076293945,52.040000915527344,48.26535415649414,46372400,0.0,0.0
2022-01-24,51.47999954223633,52.130001068115234,49.880001068115234,51.939998626708984,48.17259979248047,64198400,0.0,0.0
2022-01-25,51.0099983215332,51.619998931884766,50.25,51.0,47.300785064697266,44095400,0.0,0.0
2022-01-26,51.130001068115234,52.720001220703125,50.75,51.689998626708984,47.94073486328125,54895400,0.0,0.0
2022-01-27,49.97999954223633,50.060001373291016,47.779998779296875,48.04999923706055,44.56475067138672,89642800,0.0,0.0
2022-01-28,47.709999084472656,48.20000076293945,46.29999923706055,47.72999954223633,44.26797103881836,61945400,0.0,0.0
2022-01-31,47.68000030517578,48.869998931884766,47.310001373291016,48.81999969482422,45.27891159057617,51828400,0.0,0.0
2022-02-01,48.779998779296875,49.029998779296875,48.36000061035156,48.95000076293945,45.39948272705078,35386100,0.0,0.0
2022-02-02,48.25,49.58000183105469,48.09000015258789,49.5099983215332,45.918853759765625,37962700,0.0,0.0
2022-02-03,49.25,49.689998626708984,48.25,48.279998779296875,44.77806854248047,42145800,0.0,0.0
2022-02-04,47.86000061035156,48.2400016784668,47.130001068115234,48.0099983215332,44.86685562133789,32431500,0.365,0.0
2022-02-07,48.130001068115234,48.65999984741211,47.959999084472656,48.18000030517578,45.02573013305664,27558500,0.0,0.0
2022-02-08,47.97999954223633,48.939998626708984,47.900001525878906,48.810001373291016,45.61448669433594,28051200,0.0,0.0
2022-02-09,49.33000183105469,49.970001220703125,48.83000183105469,49.90999984741211,46.6424674987793,35217300,0.0,0.0
2022-02-10,49.18000030517578,49.93000030517578,48.7599983215332,48.86000061035156,45.66121292114258,32762700,0.0,0.0
2022-02-11,48.95000076293945,49.11000061035156,47.5,47.630001068115234,44.51173400878906,37208200,0.0,0.0
2022-02-14,47.91999816894531,48.18000030517578,47.11000061035156,47.58000183105469,44.46501159667969,28456900,0.0,0.0
2022-02-15,47.70000076293945,48.459999084472656,47.189998626708984,48.439998626708984,45.26870346069336,35837900,0.0,0.0
2022-02-16,48.060001373291016,48.4900016784668,47.599998474121094,48.22999954223633,45.07245635986328,26022900,0.0,0.0
2022-02-17,47.86000061035156,48.2599983215332,47.380001068115234,47.56999969482422,44.455657958984375,32030600,0.0,0.0
2022-02-18,46.189998626708984,46.209999084472656,44.5099983215332,45.040000915527344,42.09130096435547,76520100,0.0,0.0
2022-02-22,44.689998626708984,45.40999984741211,43.849998474121094,44.689998626708984,41.76421356201172,57093300,0.0,0.0
2022-02-23,45.16999816894531,45.709999084472656,44.54999923706055,44.650001525878906,41.726837158203125,38176700,0.0,0.0
2022-02-24,43.900001525878906,46.790000915527344,43.630001068115234,46.720001220703125,43.661312103271484,72740100,0.0,0.0
2022-02-25,46.93000030517578,47.790000915527344,46.25,47.709999084472656,44.58649444580078,39266300,0.0,0.0
2022-02-28,47.0,47.81999969482422,46.849998474121094,47.70000076293945,44.577152252197266,41946100,0.0,0.0
2022-03-01,47.540000915527344,47.900001525878906,46.220001220703125,46.81999969482422,43.754764556884766,53853000,0.0,0.0
2022-03-02,47.52000045776367,48.9900016784668,47.47999954223633,48.869998931884766,45.670555114746094,46936500,0.0,0.0
2022-03-03,48.18000030517578,48.54999923706055,47.619998931884766,47.93000030517578,44.792091369628906,36389900,0.0,0.0
2022-03-04,47.369998931884766,48.27000045776367,47.369998931884766,48.06999969482422,44.92293167114258,38310700,0.0,0.0
2022-03-07,48.0099983215332,48.540000915527344,47.599998474121094,47.68000030517578,44.55846405029297,43813700,0.0,0.0
2022-03-08,47.689998626708984,48.720001220703125,46.88999938964844,47.5,44.39024353027344,44813900,0.0,0.0
2022-03-09,48.40999984741211,48.459999084472656,46.88999938964844,47.630001068115234,44.51173400878906,36076500,0.0,0.0
2022-03-10,47.290000915527344,47.310001373291016,46.15999984741211,46.65999984741211,43.60523986816406,36456000,0.0,0.0
2022-03-11,47.150001525878906,47.279998779296875,45.77000045776367,45.83000183105469,42.8295783996582,27082100,0.0,0.0
2022-03-14,45.900001525878906,45.97999954223633,44.29999923706055,44.400001525878906,41.49320602416992,35993900,0.0,0.0
2022-03-15,44.5,44.900001525878906,44.06999969482422,44.810001373291016,41.8763542175293,34448900,0.0,0.0
2022-03-16,45.29999923706055,46.630001068115234,45.27000045776367,46.630001068115234,43.57720184326172,38885500,0.0,0.0
2022-03-17,46.31999969482422,47.290000915527344,45.72999954223633,47.13999938964844,44.05381393432617,28555000,0.0,0.0
2022-03-18,46.81999969482422,47.599998474121094,46.349998474121094,47.45000076293945,44.34352493286133,46237100,0.0,0.0
2022-03-21,47.459999084472656,47.88999938964844,47.06999969482422,47.38999938964844,44.28744888305664,32910900,0.0,0.0
2022-03-22,47.5,48.470001220703125,47.400001525878906,48.38999938964844,45.22197723388672,27923300,0.0,0.0
2022-03-23,48.459999084472656,49.58000183105469,48.060001373291016,48.27000045776367,45.109840393066406,37126400,0.0,0.0
2022-03-24,48.65999984741211,51.650001525878906,48.59000015258789,51.619998931884766,48.240516662597656,51677900,0.0,0.0
2022-03-25,50.689998626708984,51.97999954223633,50.45000076293945,51.83000183105469,48.436767578125,33239800,0.0,0.0
2022-03-28,51.36000061035156,51.56999969482422,50.560001373291016,51.5099983215332,48.13771057128906,22932400,0.0,0.0
2022-03-29,52.0,52.290000915527344,51.279998779296875,52.25,48.82927322387695,27303700,0.0,0.0
2022-03-30,52.25,52.5099983215332,51.220001220703125,51.43000030517578,48.062957763671875,24623300,0.0,0.0
2022-03-31,51.20000076293945,51.2599983215332,49.5099983215332,49.560001373291016,46.315391540527344,43698300,0.0,0.0
2022-04-01,49.83000183105469,49.900001525878906,47.33000183105469,48.11000061035156,44.960323333740234,46598600,0.0,0.0
2022-04-04,48.16999816894531,49.22999954223633,47.91999816894531,49.20000076293945,45.97895050048828,23784900,0.0,0.0
2022-04-05,48.83000183105469,48.97999954223633,48.02000045776367,48.130001068115234,44.979000091552734,25779200,0.0,0.0
2022-04-06,47.439998626708984,48.16999816894531,47.2400016784668,47.540000915527344,44.42763137817383,31518700,0.0,0.0
2022-04-07,47.43000030517578,47.90999984741211,46.77000045776367,47.560001373291016,44.44631576538086,24117000,0.0,0.0
2022-04-08,47.279998779296875,47.58000183105469,46.849998474121094,47.02000045776367,43.94167709350586,22167300,0.0,0.0
2022-04-11,46.900001525878906,47.29999923706055,46.529998779296875,46.56999969482422,43.52113342285156,30352500,0.0,0.0
2022-04-12,47.31999969482422,47.90999984741211,46.40999984741211,46.5,43.455718994140625,29861400,0.0,0.0
2022-04-13,46.75,47.27000045776367,46.54999923706055,47.0099983215332,43.93232345581055,22171300,0.0,0.0
2022-04-14,46.75,46.75,45.619998931884766,45.66999816894531,42.68004608154297,36181800,0.0,0.0
2022-04-18,45.529998779296875,46.88999938964844,45.52000045776367,46.63999938964844,43.586551666259766,25593100,0.0,0.0
2022-04-19,46.599998474121094,48.0,46.34000015258789,47.93000030517578,44.792091369628906,31483100,0.0,0.0
2022-04-20,48.36000061035156,48.75,47.97999954223633,48.11000061035156,44.960323333740234,22787100,0.0,0.0
2022-04-21,48.619998931884766,48.900001525878906,47.400001525878906,47.5,44.39024353027344,27316900,0.0,0.0
2022-04-22,47.45000076293945,47.650001525878906,46.5,46.540000915527344,43.49309158325195,28219900,0.0,0.0
2022-04-25,46.209999084472656,47.13999938964844,46.18000030517578,47.060001373291016,43.97904968261719,35999300,0.0,0.0
2022-04-26,46.689998626708984,46.84000015258789,45.5099983215332,45.52000045776367,42.53986740112305,35356600,0.0,0.0
2022-04-27,45.47999954223633,46.060001373291016,45.0099983215332,45.220001220703125,42.25951385498047,28320900,0.0,0.0
2022-04-28,45.790000915527344,47.27000045776367,45.540000915527344,46.84000015258789,43.77346420288086,41097000,0.0,0.0
2022-04-29,44.9900016784668,45.36000061035156,43.5,43.59000015258789,40.736228942871094,70765900,0.0,0.0
2022-05-02,43.720001220703125,44.9900016784668,43.5099983215332,44.959999084472656,42.01653289794922,45446500,0.0,0.0
2022-05-03,44.790000915527344,45.4900016784668,44.22999954223633,45.060001373291016,42.109989166259766,40158400,0.0,0.0
2022-05-04,45.060001373291016,46.63999938964844,44.40999984741211,46.540000915527344,43.49309158325195,44625600,0.0,0.0
2022-05-05,45.599998474121094,45.90999984741211,44.130001068115234,44.599998474121094,42.009578704833984,52996700,0.365,0.0
2022-05-06,44.4900016784668,45.150001525878906,43.84000015258789,44.29999923706055,41.72699737548828,40916600,0.0,0.0
2022-05-09,43.810001373291016,44.20000076293945,42.869998931884766,43.06999969482422,40.568443298339844,44925800,0.0,0.0
2022-05-10,44.349998474121094,44.7400016784668,43.5,44.0099983215332,41.45383834838867,42770000,0.0,0.0
2022-05-11,44.02000045776367,44.290000915527344,42.779998779296875,42.83000183105469,40.342376708984375,40351700,0.0,0.0
2022-05-12,42.72999954223633,42.90999984741211,42.0099983215332,42.84000015258789,40.3517951965332,42329600,0.0,0.0
2022-05-13,43.41999816894531,43.84000015258789,42.970001220703125,43.599998474121094,41.06765365600586,32034100,0.0,0.0
2022-05-16,43.41999816894531,43.61000061035156,42.790000915527344,43.08000183105469,40.577857971191406,25071900,0.0,0.0
2022-05-17,43.81999969482422,44.41999816894531,43.650001525878906,44.400001525878906,41.821189880371094,28596600,0.0,0.0
2022-05-18,43.97999954223633,43.97999954223633,42.220001220703125,42.349998474121094,39.8902587890625,35218400,0.0,0.0
2022-05-19,42.31999969482422,42.70000076293945,41.720001220703125,42.0099983215332,39.570003509521484,29181000,0.0,0.0
2022-05-20,42.25,42.290000915527344,40.310001373291016,41.650001525878906,39.23091125488281,44802300,0.0,0.0
2022-05-23,41.689998626708984,42.25,41.33000183105469,42.0,39.560585021972656,27199500,0.0,0.0
2022-05-24,41.70000076293945,41.88999938964844,41.099998474121094,41.66999816894531,39.249752044677734,29837500,0.0,0.0
2022-05-25,41.439998626708984,42.52000045776367,41.38999938964844,42.20000076293945,39.74896240234375,26283100,0.0,0.0
2022-05-26,42.16999816894531,43.68000030517578,42.08000183105469,43.47999954223633,40.95462417602539,28826700,0.0,0.0
2022-05-27,43.59000015258789,44.54999923706055,43.54999923706055,44.54999923706055,41.96247863769531,30553300,0.0,0.0
2022-05-31,44.25,44.75,43.650001525878906,44.41999816894531,41.840030670166016,41111500,0.0,0.0
2022-06-01,44.77000045776367,44.93000030517578,43.529998779296875,44.11000061035156,41.548030853271484,29885500,0.0,0.0
2022-06-02,44.189998626708984,44.880001068115234,43.939998626708984,44.84000015258789,42.23563766479492,28727600,0.0,0.0
2022-06-03,44.11000061035156,44.25,43.34000015258789,43.38999938964844,40.869850158691406,33174700,0.0,0.0
2022-06-06,43.810001373291016,44.040000915527344,43.08000183105469,43.34000015258789,40.8227653503418,25437100,0.0,0.0
2022-06-07,43.060001373291016,43.59000015258789,42.65999984741211,43.529998779296875,41.0017204284668,25168700,0.0,0.0
2022-06-08,42.25,42.2599983215332,41.029998779296875,41.22999954223633,38.835304260253906,59649900,0.0,0.0
2022-06-09,41.0099983215332,41.349998474121094,40.0099983215332,40.0099983215332,37.686161041259766,39047200,0.0,0.0
2022-06-10,39.849998474121094,40.08000183105469,39.18000030517578,39.18000030517578,36.90437698364258,43066200,0.0,0.0
2022-06-13,38.54999923706055,38.810001373291016,37.66999816894531,37.77000045776367,35.57626724243164,50335900,0.0,0.0
2022-06-14,38.0099983215332,38.20000076293945,37.540000915527344,37.93000030517578,35.72697067260742,31351700,0.0,0.0
2022-06-15,38.560001373291016,39.16999816894531,37.91999816894531,38.650001525878906,36.4051628112793,37652300,0.0,0.0
2022-06-16,37.70000076293945,37.790000915527344,36.93000030517578,37.34000015258789,35.17124557495117,45576500,0.0,0.0
2022-06-17,37.47999954223633,38.119998931884766,36.599998474121094,36.970001220703125,34.82273483276367,71393200,0.0,0.0
2022-06-21,37.36000061035156,38.029998779296875,37.33000183105469,37.72999954223633,35.538597106933594,34004900,0.0,0.0
2022-06-22,37.33000183105469,37.77000045776367,37.220001220703125,37.380001068115234,35.20891571044922,32571000,0.0,0.0
2022-06-23,37.61000061035156,37.619998931884766,36.90999984741211,37.40999984741211,35.2371826171875,30163000,0.0,0.0
2022-06-24,37.849998474121094,38.63999938964844,37.7400016784668,38.61000061035156,36.36747741699219,38159900,0.0,0.0
2022-06-27,38.869998931884766,39.060001373291016,38.470001220703125,38.630001068115234,36.38631820678711,29585300,0.0,0.0
2022-06-28,38.58000183105469,39.02000045776367,37.7400016784668,37.779998779296875,35.58568572998047,37824200,0.0,0.0
2022-06-29,37.540000915527344,37.599998474121094,37.02000045776367,37.290000915527344,35.124149322509766,25437200,0.0,0.0
2022-06-30,37.209999084472656,38.0,36.72999954223633,37.40999984741211,35.2371826171875,35141000,0.0,0.0
2022-07-01,37.09000015258789,37.20000076293945,35.880001068115234,36.34000015258789,34.22932815551758,40596300,0.0,0.0
2022-07-05,35.93000030517578,36.7400016784668,35.540000915527344,36.689998626708984,34.558998107910156,33215000,0.0,0.0
2022-07-06,36.81999969482422,37.41999816894531,36.459999084472656,36.9900016784668,34.841575622558594,26258300,0.0,0.0
2022-07-07,37.88999938964844,38.33000183105469,37.72999954223633,38.13999938964844,35.924781799316406,33165400,0.0,0.0
2022-07-08,37.65999984741211,38.13999938964844,37.38999938964844,37.9900016784668,35.78349685668945,22566300,0.0,0.0
2022-07-11,37.65999984741211,37.66999816894531,37.029998779296875,37.20000076293945,35.03937530517578,25904300,0.0,0.0
2022-07-12,37.650001525878906,37.70000076293945,36.9900016784668,37.209999084472656,35.048797607421875,30546300,0.0,0.0
2022-07-13,36.68000030517578,37.43000030517578,36.619998931884766,37.209999084472656,35.048797607421875,27059200,0.0,0.0
2022-07-14,36.9900016784668,38.15999984741211,36.290000915527344,37.709999084472656,35.51975631713867,36690700,0.0,0.0
2022-07-15,38.27000045776367,38.66999816894531,37.72999954223633,38.619998931884766,36.37689971923828,32892300,0.0,0.0
2022-07-18,39.099998474121094,39.34000015258789,38.529998779296875,38.709999084472656,36.461669921875,30814400,0.0,0.0
2022-07-19,39.31999969482422,40.72999954223633,39.2400016784668,40.220001220703125,37.88397216796875,53095300,0.0,0.0
2022-07-20,40.209999084472656,40.66999816894531,39.560001373291016,40.560001373291016,38.2042236328125,36387900,0.0,0.0
2022-07-21,40.5099983215332,40.650001525878906,39.81999969482422,40.61000061035156,38.251319885253906,29661200,0.0,0.0
2022-07-22,40.369998931884766,40.5099983215332,38.939998626708984,39.20000076293945,36.9232177734375,41350000,0.0,0.0
2022-07-25,39.279998779296875,39.40999984741211,38.54999923706055,39.15999984741211,36.885536193847656,32263400,0.0,0.0
2022-07-26,39.099998474121094,39.56999969482422,38.880001068115234,38.959999084472656,36.697147369384766,35925500,0.0,0.0
2022-07-27,39.27000045776367,40.41999816894531,39.22999954223633,40.18000030517578,37.84629440307617,42571600,0.0,0.0
2022-07-28,40.09000015258789,40.119998931884766,39.040000915527344,39.709999084472656,37.40359115600586,56662300,0.0,0.0
2022-07-29,35.599998474121094,36.619998931884766,35.2400016784668,36.310001373291016,34.201072692871094,125292400,0.0,0.0
2022-08-01,36.04999923706055,37.689998626708984,36.04999923706055,36.959999084472656,34.81331253051758,52513400,0.0,0.0
2022-08-02,36.59000015258789,36.65999984741211,36.0,36.0099983215332,33.918487548828125,53929400,0.0,0.0
2022-08-03,36.09000015258789,36.59000015258789,35.2599983215332,36.52000045776367,34.398868560791016,59513900,0.0,0.0
2022-08-04,36.0099983215332,36.099998474121094,35.36000061035156,35.65999984741211,33.92791748046875,54046300,0.365,0.0
2022-08-05,35.349998474121094,35.689998626708984,35.18000030517578,35.38999938964844,33.67102813720703,40205100,0.0,0.0
2022-08-08,35.36000061035156,35.959999084472656,35.20000076293945,35.380001068115234,33.6615104675293,41534600,0.0,0.0
2022-08-09,35.220001220703125,35.29999923706055,34.400001525878906,34.52000045776367,32.843284606933594,48202300,0.0,0.0
2022-08-10,34.9900016784668,35.400001525878906,34.59000015258789,35.369998931884766,33.65200424194336,42243300,0.0,0.0
2022-08-11,35.63999938964844,36.290000915527344,35.4900016784668,35.59000015258789,33.86131286621094,35569700,0.0,0.0
2022-08-12,35.79999923706055,36.13999938964844,35.66999816894531,36.11000061035156,34.35605239868164,37675200,0.0,0.0
2022-08-15,36.099998474121094,36.43000030517578,35.709999084472656,36.34000015258789,34.574886322021484,25400600,0.0,0.0
2022-08-16,36.15999984741211,36.58000183105469,35.70000076293945,36.189998626708984,34.432167053222656,25000200,0.0,0.0
2022-08-17,35.810001373291016,36.08000183105469,35.27000045776367,35.779998779296875,34.04207992553711,29176100,0.0,0.0
2022-08-18,35.68000030517578,36.33000183105469,35.56999969482422,36.20000076293945,34.44168472290039,24598200,0.0,0.0
2022-08-19,35.79999923706055,36.029998779296875,35.189998626708984,35.380001068115234,33.6615104675293,31425500,0.0,0.0
2022-08-22,35.0,35.060001373291016,33.72999954223633,33.84000015258789,32.196311950683594,51006100,0.0,0.0
2022-08-23,33.97999954223633,34.38999938964844,33.90999984741211,33.95000076293945,32.30097198486328,30687100,0.0,0.0
2022-08-24,33.970001220703125,33.9900016784668,33.599998474121094,33.86000061035156,32.2153434753418,25105700,0.0,0.0
2022-08-25,33.869998931884766,34.93000030517578,33.81999969482422,34.88999938964844,33.195316314697266,29799100,0.0,0.0
2022-08-26,34.95000076293945,35.029998779296875,33.349998474121094,33.36000061035156,31.739625930786133,44851500,0.0,0.0
2022-08-29,33.22999954223633,33.40999984741211,32.810001373291016,32.939998626708984,31.340028762817383,32976800,0.0,0.0
2022-08-30,33.040000915527344,33.06999969482422,32.150001525878906,32.2599983215332,30.693056106567383,40182500,0.0,0.0
2022-08-31,32.38999938964844,32.38999938964844,31.770000457763672,31.920000076293945,30.36957359313965,44074500,0.0,0.0
2022-09-01,31.56999969482422,31.829999923706055,31.1299991607666,31.760000228881836,30.217348098754883,36440700,0.0,0.0
2022-09-02,32.209999084472656,32.380001068115234,31.059999465942383,31.219999313354492,29.703575134277344,34893300,0.0,0.0
2022-09-06,31.389999389648438,31.389999389648438,30.329999923706055,30.360000610351562,28.885347366333008,46989600,0.0,0.0
2022-09-07,30.420000076293945,30.790000915527344,30.049999237060547,30.649999618530273,29.1612606048584,37329500,0.0,0.0
2022-09-08,30.3700008392334,30.850000381469727,29.90999984741211,30.75,29.25640296936035,37359500,0.0,0.0
2022-09-09,31.190000534057617,31.5,31.079999923706055,31.459999084472656,29.931915283203125,34069500,0.0,0.0
2022-09-12,31.739999771118164,31.860000610351562,31.100000381469727,31.559999465942383,30.027057647705078,38305500,0.0,0.0
2022-09-13,30.829999923706055,30.93000030517578,29.25,29.290000915527344,27.867319107055664,71417900,0.0,0.0
2022-09-14,29.549999237060547,29.770000457763672,29.010000228881836,29.18000030517578,27.76266098022461,40767200,0.0,0.0
2022-09-15,29.149999618530273,29.40999984741211,28.709999084472656,28.84000015258789,27.439178466796875,39919100,0.0,0.0
2022-09-16,28.700000762939453,29.31999969482422,28.420000076293945,29.239999771118164,27.81974983215332,72748000,0.0,0.0
2022-09-19,29.020000457763672,29.5,28.899999618530273,29.440000534057617,28.010032653808594,33151900,0.0,0.0
2022-09-20,29.06999969482422,29.170000076293945,28.709999084472656,28.959999084472656,27.553348541259766,31129000,0.0,0.0
2022-09-21,29.149999618530273,29.59000015258789,28.459999084472656,28.469999313354492,27.087146759033203,39977300,0.0,0.0
2022-09-22,28.399999618530273,28.5,28.040000915527344,28.06999969482422,26.706575393676758,36092700,0.0,0.0
2022-09-23,27.899999618530273,27.899999618530273,27.190000534057617,27.520000457763672,26.183292388916016,43491100,0.0,0.0
2022-09-26,27.559999465942383,27.700000762939453,26.860000610351562,26.969999313354492,25.66000747680664,44786400,0.0,0.0
2022-09-27,27.399999618530273,27.600000381469727,26.6200008392334,26.889999389648438,25.58388900756836,44121400,0.0,0.0
2022-09-28,26.860000610351562,27.280000686645508,26.600000381469727,27.1299991607666,25.812236785888672,40433400,0.0,0.0
2022-09-29,26.780000686645508,26.780000686645508,26.190000534057617,26.3799991607666,25.09866714477539,41831300,0.0,0.0
2022-09-30,26.299999237060547,26.56999969482422,25.739999771118164,25.770000457763672,24.518293380737305,43821000,0.0,0.0
2022-10-03,26.329999923706055,27.25,26.06999969482422,26.969999313354492,25.66000747680664,44096200,0.0,0.0
2022-10-04,27.43000030517578,27.799999237060547,27.09000015258789,27.700000762939453,26.35454750061035,42427500,0.0,0.0
2022-10-05,27.3700008392334,27.84000015258789,26.889999389648438,27.639999389648438,26.297462463378906,30120000,0.0,0.0
2022-10-06,27.440000534057617,27.760000228881836,27.0,27.18000030517578,25.85980796813965,33985100,0.0,0.0
2022-10-07,26.170000076293945,26.280000686645508,25.649999618530273,25.719999313354492,24.470720291137695,57215500,0.0,0.0
2022-10-10,25.940000534057617,25.989999771118164,25.09000015258789,25.200000762939453,23.97597885131836,43409300,0.0,0.0
2022-10-11,25.010000228881836,25.479999542236328,24.690000534057617,25.040000915527344,23.82375144958496,48134900,0.0,0.0
2022-10-12,25.049999237060547,25.520000457763672,24.65999984741211,25.329999923706055,24.099666595458984,39634100,0.0,0.0
2022-10-13,24.729999542236328,26.84000015258789,24.59000015258789,26.420000076293945,25.136722564697266,62447000,0.0,0.0
2022-10-14,26.459999084472656,26.6299991607666,25.760000228881836,25.90999984741211,24.6514949798584,48185400,0.0,0.0
2022-10-17,26.309999465942383,26.75,26.170000076293945,26.420000076293945,25.136722564697266,39416500,0.0,0.0
2022-10-18,26.739999771118164,26.959999084472656,25.540000915527344,25.8700008392334,24.613435745239258,51126900,0.0,0.0
2022-10-19,25.739999771118164,26.25,25.690000534057617,26.0,24.73712158203125,33882300,0.0,0.0
2022-10-20,26.149999618530273,26.950000762939453,25.950000762939453,26.079999923706055,24.813236236572266,33247700,0.0,0.0
2022-10-21,25.850000381469727,27.049999237060547,25.790000915527344,26.969999313354492,25.66000747680664,53058700,0.0,0.0
2022-10-24,26.75,27.479999542236328,26.520000457763672,27.18000030517578,25.85980796813965,43831600,0.0,0.0
2022-10-25,27.18000030517578,27.559999465942383,27.0,27.40999984741211,26.078636169433594,32205300,0.0,0.0
2022-10-26,27.190000534057617,27.799999237060547,26.989999771118164,27.209999084472656,25.888347625732422,37111100,0.0,0.0
2022-10-27,27.450000762939453,27.59000015258789,26.1299991607666,26.270000457763672,24.994009017944336,56305100,0.0,0.0
2022-10-28,28.18000030517578,29.219999313354492,27.860000610351562,29.06999969482422,27.658004760742188,91695700,0.0,0.0
2022-10-31,29.079999923706055,29.18000030517578,28.049999237060547,28.43000030517578,27.049089431762695,59507700,0.0,0.0
2022-11-01,28.799999237060547,28.850000381469727,27.889999389648438,28.299999237060547,26.925403594970703,44418700,0.0,0.0
2022-11-02,28.270000457763672,28.850000381469727,27.40999984741211,27.420000076293945,26.08814811706543,51956100,0.0,0.0
2022-11-03,27.450000762939453,27.8799991607666,27.170000076293945,27.389999389648438,26.059606552124023,39678200,0.0,0.0
2022-11-04,27.56999969482422,28.239999771118164,27.40999984741211,28.200000762939453,27.19263458251953,43051900,0.365,0.0
2022-11-07,28.360000610351562,28.469999313354492,27.889999389648438,28.40999984741211,27.39513397216797,34389800,0.0,0.0
2022-11-08,28.760000228881836,28.950000762939453,27.93000030517578,28.479999542236328,27.462627410888672,36258000,0.0,0.0
2022-11-09,28.219999313354492,28.299999237060547,27.520000457763672,27.520000457763672,26.536924362182617,30544800,0.0,0.0
2022-11-10,28.8799991607666,29.829999923706055,28.649999618530273,29.760000228881836,28.696908950805664,62943900,0.0,0.0
2022-11-11,28.93000030517578,30.6299991607666,28.8700008392334,30.43000030517578,29.342971801757812,49826500,0.0,0.0
2022-11-14,30.34000015258789,30.989999771118164,30.18000030517578,30.350000381469727,29.265832901000977,39395300,0.0,0.0
2022-11-15,31.100000381469727,31.34000015258789,30.170000076293945,30.709999084472656,29.612966537475586,40933200,0.0,0.0
2022-11-16,30.110000610351562,30.229999542236328,29.440000534057617,29.530000686645508,28.475122451782227,35582800,0.0,0.0
2022-11-17,29.06999969482422,29.950000762939453,29.0,29.889999389648438,28.8222599029541,31983300,0.0,0.0
2022-11-18,30.260000228881836,30.260000228881836,29.610000610351562,29.8700008392334,28.802976608276367,27122200,0.0,0.0
2022-11-21,29.65999984741211,29.719999313354492,28.90999984741211,28.940000534057617,27.906200408935547,36086800,0.0,0.0
2022-11-22,29.139999389648438,29.860000610351562,29.059999465942383,29.81999969482422,28.754764556884766,25584100,0.0,0.0
2022-11-23,29.729999542236328,30.079999923706055,29.489999771118164,29.670000076293945,28.61012077331543,23143900,0.0,0.0
2022-11-25,29.68000030517578,29.68000030517578,29.34000015258789,29.34000015258789,28.29191017150879,11314900,0.0,0.0
2022-11-28,29.100000381469727,29.190000534057617,28.540000915527344,28.729999542236328,27.70370101928711,28267900,0.0,0.0
2022-11-29,28.850000381469727,29.18000030517578,28.739999771118164,28.899999618530273,27.867626190185547,24361500,0.0,0.0
2022-11-30,28.770000457763672,30.079999923706055,28.219999313354492,30.06999969482422,28.995830535888672,72072500,0.0,0.0
2022-12-01,30.239999771118164,30.479999542236328,29.520000457763672,29.829999923706055,28.764406204223633,38896300,0.0,0.0
2022-12-02,29.170000076293945,29.43000030517578,28.709999084472656,29.40999984741211,28.359407424926758,31546000,0.0,0.0
2022-12-05,29.420000076293945,29.75,28.889999389648438,29.170000076293945,28.127981185913086,34040400,0.0,0.0
2022-12-06,29.190000534057617,29.309999465942383,28.34000015258789,28.600000381469727,27.578344345092773,27701200,0.0,0.0
2022-12-07,28.280000686645508,28.549999237060547,28.149999618530273,28.329999923706055,27.317989349365234,28239900,0.0,0.0
2022-12-08,28.31999969482422,28.600000381469727,28.06999969482422,28.440000534057617,27.42405891418457,28486100,0.0,0.0
2022-12-09,28.389999389648438,28.780000686645508,28.190000534057617,28.239999771118164,27.231203079223633,25641300,0.0,0.0
2022-12-12,28.1299991607666,28.709999084472656,27.860000610351562,28.690000534057617,27.665130615234375,35117900,0.0,0.0
2022-12-13,29.790000915527344,30.09000015258789,28.3700008392334,28.729999542236328,27.70370101928711,58546800,0.0,0.0
2022-12-14,28.510000228881836,29.1200008392334,28.010000228881836,28.260000228881836,27.25048828125,37141100,0.0,0.0
2022-12-15,27.940000534057617,28.0,27.1200008392334,27.149999618530273,26.180143356323242,45682700,0.0,0.0
2022-12-16,27.0,27.139999389648438,26.450000762939453,26.920000076293945,25.958358764648438,81104200,0.0,0.0
2022-12-19,26.899999618530273,26.969999313354492,26.5,26.790000915527344,25.8330020904541,37662500,0.0,0.0
2022-12-20,26.540000915527344,26.8700008392334,26.420000076293945,26.440000534057617,25.49550437927246,31863300,0.0,0.0
2022-12-21,26.59000015258789,26.969999313354492,26.579999923706055,26.829999923706055,25.871572494506836,28100900,0.0,0.0
2022-12-22,26.450000762939453,26.450000762939453,25.350000381469727,25.969999313354492,25.042293548583984,47478300,0.0,0.0
2022-12-23,25.920000076293945,26.190000534057617,25.68000030517578,26.09000015258789,25.158010482788086,23600900,0.0,0.0
2022-12-27,25.850000381469727,26.100000381469727,25.649999618530273,25.940000534057617,25.01336669921875,29548100,0.0,0.0
2022-12-28,25.84000015258789,26.1200008392334,25.5,25.540000915527344,24.627655029296875,26176900,0.0,0.0
2022-12-29,25.770000457763672,26.290000915527344,25.75,26.209999084472656,25.273717880249023,30944800,0.0,0.0
2022-12-30,25.899999618530273,26.459999084472656,25.799999237060547,26.43000030517578,25.48586082458496,31030100,0.0,0.0
2023-01-03,27.049999237060547,27.06999969482422,26.3700008392334,26.729999542236328,25.775144577026367,31308000,0.0,0.0
2023-01-04,27.40999984741211,27.920000076293945,27.15999984741211,27.68000030517578,26.69120979309082,37665200,0.0,0.0
2023-01-05,27.440000534057617,27.780000686645508,27.3799991607666,27.559999465942383,26.57549476623535,33552600,0.0,0.0
2023-01-06,27.93000030517578,28.829999923706055,27.3799991607666,28.729999542236328,27.70370101928711,31788600,0.0,0.0
2023-01-09,28.84000015258789,29.8700008392334,28.84000015258789,29.309999465942383,28.262981414794922,37493200,0.0,0.0
2023-01-10,29.239999771118164,29.510000228881836,28.920000076293945,29.440000534057617,28.388338088989258,23008100,0.0,0.0
2023-01-11,29.68000030517578,29.8799991607666,29.0,29.850000381469727,28.78369140625,30375400,0.0,0.0
2023-01-12,29.979999542236328,30.3799991607666,29.469999313354492,30.290000915527344,29.207977294921875,28963900,0.0,0.0
2023-01-13,29.969999313354492,30.170000076293945,29.809999465942383,30.110000610351562,29.034404754638672,31361900,0.0,0.0
2023-01-17,30.18000030517578,30.260000228881836,29.520000457763672,29.600000381469727,28.54262351989746,34759100,0.0,0.0
2023-01-18,29.799999237060547,29.81999969482422,28.6299991607666,28.809999465942383,27.78084373474121,44199600,0.0,0.0
2023-01-19,28.610000610351562,28.760000228881836,28.239999771118164,28.420000076293945,27.404775619506836,36886600,0.0,0.0
2023-01-20,28.420000076293945,29.229999542236328,28.25,29.219999313354492,28.17619514465332,35158500,0.0,0.0
2023-01-23,29.329999923706055,30.489999771118164,29.18000030517578,30.270000457763672,29.188690185546875,38795800,0.0,0.0
2023-01-24,29.940000534057617,30.190000534057617,29.729999542236328,29.920000076293945,28.8511905670166,24855100,0.0,0.0
2023-01-25,29.520000457763672,29.889999389648438,29.170000076293945,29.700000762939453,28.639047622680664,28268000,0.0,0.0
2023-01-26,30.059999465942383,30.110000610351562,29.329999923706055,30.09000015258789,29.015117645263672,56088100,0.0,0.0
2023-01-27,27.06999969482422,28.239999771118164,26.780000686645508,28.15999984741211,27.154062271118164,148548200,0.0,0.0
2023-01-30,27.719999313354492,28.510000228881836,27.670000076293945,27.950000762939453,26.951566696166992,55145800,0.0,0.0
2023-01-31,27.780000686645508,28.290000915527344,27.530000686645508,28.260000228881836,27.25048828125,52621600,0.0,0.0
2023-02-01,27.889999389648438,29.43000030517578,27.68000030517578,29.06999969482422,28.031553268432617,63330600,0.0,0.0
2023-02-02,29.25,30.299999237060547,28.799999237060547,30.190000534057617,29.11154556274414,62230700,0.0,0.0
2023-02-03,29.6200008392334,31.170000076293945,29.530000686645508,30.31999969482422,29.236900329589844,57603100,0.0,0.0
2023-02-06,29.549999237060547,29.649999618530273,28.610000610351562,28.690000534057617,28.002227783203125,48726400,0.365,0.0
2023-02-07,28.649999618530273,29.270000457763672,28.43000030517578,29.049999237060547,28.353593826293945,50780800,0.0,0.0
2023-02-08,28.950000762939453,29.1200008392334,28.209999084472656,28.239999771118164,27.56301498413086,36479100,0.0,0.0
2023-02-09,28.68000030517578,28.81999969482422,27.56999969482422,27.729999542236328,27.06524085998535,43906400,0.0,0.0
2023-02-10,27.6299991607666,27.989999771118164,27.34000015258789,27.799999237060547,27.133563995361328,31232500,0.0,0.0
2023-02-13,27.8700008392334,28.549999237060547,27.719999313354492,28.549999237060547,27.865583419799805,32347500,0.0,0.0
2023-02-14,28.3799991607666,28.719999313354492,27.989999771118164,28.639999389648438,27.95342445373535,27928900,0.0,0.0
2023-02-15,28.360000610351562,28.8799991607666,28.15999984741211,28.850000381469727,28.15839195251465,23359400,0.0,0.0
2023-02-16,28.5,28.829999923706055,28.1299991607666,28.200000762939453,27.523975372314453,28972500,0.0,0.0
2023-02-17,28.0,28.06999969482422,27.3799991607666,27.610000610351562,26.948116302490234,32086200,0.0,0.0
2023-02-21,27.110000610351562,27.270000457763672,26.040000915527344,26.059999465942383,25.435274124145508,63668400,0.0,0.0
2023-02-22,25.90999984741211,26.899999618530273,25.299999237060547,25.469999313354492,24.859418869018555,89195300,0.0,0.0
2023-02-23,25.780000686645508,26.079999923706055,25.31999969482422,25.610000610351562,24.996065139770508,56473200,0.0,0.0
2023-02-24,25.219999313354492,25.350000381469727,24.920000076293945,25.139999389648438,24.537330627441406,44089900,0.0,0.0
2023-02-27,25.549999237060547,25.579999923706055,24.8799991607666,24.899999618530273,24.30307960510254,37657000,0.0,0.0
2023-02-28,24.940000534057617,25.1200008392334,24.729999542236328,24.93000030517578,24.332365036010742,50255300,0.0,0.0
2023-03-01,25.030000686645508,25.920000076293945,24.969999313354492,25.329999923706055,24.722774505615234,47823400,0.0,0.0
2023-03-02,25.209999084472656,26.299999237060547,25.1200008392334,26.200000762939453,25.571916580200195,48309300,0.0,0.0
2023-03-03,26.200000762939453,26.479999542236328,26.010000228881836,26.399999618530273,25.767122268676758,36744900,0.0,0.0
2023-03-06,26.469999313354492,26.540000915527344,25.93000030517578,25.989999771118164,25.3669490814209,37879800,0.0,0.0
2023-03-07,25.84000015258789,25.989999771118164,25.5,25.530000686645508,24.917980194091797,43164600,0.0,0.0
2023-03-08,25.559999465942383,26.010000228881836,25.450000762939453,25.979999542236328,25.35719108581543,36071900,0.0,0.0
2023-03-09,25.979999542236328,26.979999542236328,25.969999313354492,26.440000534057617,25.80616569519043,54886100,0.0,0.0
2023-03-10,26.549999237060547,27.520000457763672,26.31999969482422,27.219999313354492,26.56746482849121,65187000,0.0,0.0
2023-03-13,26.739999771118164,27.309999465942383,26.610000610351562,26.950000762939453,26.30394172668457,50977000,0.0,0.0
2023-03-14,27.350000381469727,28.100000381469727,27.25,28.010000228881836,27.33852767944336,47689800,0.0,0.0
2023-03-15,27.729999542236328,28.5,27.65999984741211,28.40999984741211,27.728939056396484,49322800,0.0,0.0
2023-03-16,28.389999389648438,30.270000457763672,28.389999389648438,30.18000030517578,29.45650863647461,75779500,0.0,0.0
2023-03-17,29.920000076293945,31.0,29.440000534057617,29.809999465942383,29.095375061035156,80628500,0.0,0.0
2023-03-20,29.799999237060547,29.899999618530273,28.6299991607666,29.15999984741211,28.46095848083496,38780100,0.0,0.0
2023-03-21,29.0,29.170000076293945,27.979999542236328,28.459999084472656,27.777738571166992,55650800,0.0,0.0
2023-03-22,28.479999542236328,29.1200008392334,28.100000381469727,28.1299991607666,27.455650329589844,37415500,0.0,0.0
2023-03-23,28.3799991607666,29.15999984741211,28.219999313354492,29.030000686645508,28.334077835083008,43785500,0.0,0.0
2023-03-24,29.040000915527344,29.809999465942383,28.93000030517578,29.360000610351562,28.656166076660156,55912100,0.0,0.0
2023-03-27,29.3700008392334,29.729999542236328,29.079999923706055,29.18000030517578,28.480480194091797,34758200,0.0,0.0
2023-03-28,29.079999923706055,29.329999923706055,28.6299991607666,29.290000915527344,28.587844848632812,37407900,0.0,0.0
2023-03-29,29.770000457763672,31.889999389648438,29.760000228881836,31.520000457763672,30.76438331604004,85556200,0.0,0.0
2023-03-30,31.850000381469727,32.58000183105469,31.809999465942383,32.09000015258789,31.320722579956055,70077600,0.0,0.0
2023-03-31,31.799999237060547,32.900001525878906,31.729999542236328,32.66999816894531,31.886810302734375,59765000,0.0,0.0
2023-04-03,32.939998626708984,33.560001373291016,32.540000915527344,32.88999938964844,32.10154342651367,57038300,0.0,0.0
2023-04-04,32.849998474121094,33.84000015258789,32.84000015258789,33.099998474121094,32.30650329589844,55714100,0.0,0.0
2023-04-05,32.79999923706055,32.9900016784668,32.34000015258789,32.83000183105469,32.04298400878906,39615700,0.0,0.0
2023-04-06,32.599998474121094,33.0,32.459999084472656,32.810001373291016,32.023460388183594,28551900,0.0,0.0
2023-04-10,32.599998474121094,32.7599983215332,32.20000076293945,32.52000045776367,31.74041175842285,30534400,0.0,0.0
2023-04-11,32.65999984741211,33.11000061035156,32.31999969482422,32.349998474121094,31.57448387145996,27059100,0.0,0.0
2023-04-12,32.77000045776367,32.88999938964844,31.959999084472656,32.02000045776367,31.252399444580078,37070800,0.0,0.0
2023-04-13,31.81999969482422,32.43000030517578,31.649999618530273,32.130001068115234,31.35976219177246,29722300,0.0,0.0
2023-04-14,32.0,32.2400016784668,31.690000534057617,31.889999389648438,31.12551498413086,24623600,0.0,0.0
2023-04-17,31.950000762939453,32.63999938964844,31.770000457763672,32.13999938964844,31.369518280029297,29601100,0.0,0.0
2023-04-18,32.43000030517578,32.459999084472656,31.780000686645508,31.829999923706055,31.066953659057617,26041400,0.0,0.0
2023-04-19,31.100000381469727,31.520000457763672,31.079999923706055,31.149999618530273,30.40325355529785,25746600,0.0,0.0
2023-04-20,30.760000228881836,31.25,30.709999084472656,30.860000610351562,30.120206832885742,30255100,0.0,0.0
2023-04-21,30.84000015258789,30.84000015258789,30.229999542236328,30.299999237060547,29.573627471923828,28655800,0.0,0.0
2023-04-24,30.1299991607666,30.3700008392334,29.610000610351562,29.65999984741211,28.948974609375,38732500,0.0,0.0
2023-04-25,29.440000534057617,29.56999969482422,28.8700008392334,28.8799991607666,28.187673568725586,38289900,0.0,0.0
2023-04-26,29.200000762939453,29.809999465942383,28.84000015258789,29.049999237060547,28.353593826293945,41218800,0.0,0.0
2023-04-27,28.75,29.950000762939453,28.510000228881836,29.860000610351562,29.144180297851562,60186200,0.0,0.0
2023-04-28,31.979999542236328,32.56999969482422,30.809999465942383,31.059999465942383,30.31540870666504,80252400,0.0,0.0
2023-05-01,31.110000610351562,31.239999771118164,30.280000686645508,30.299999237060547,29.573627471923828,36918500,0.0,0.0
2023-05-02,30.299999237060547,30.579999923706055,29.75,29.770000457763672,29.056337356567383,33463400,0.0,0.0
2023-05-03,30.639999389648438,31.110000610351562,30.25,30.649999618530273,29.915239334106445,45554500,0.0,0.0
2023-05-04,30.440000534057617,31.719999313354492,30.3799991607666,31.239999771118164,30.615955352783203,46104000,0.125,0.0
2023-05-05,31.3799991607666,31.40999984741211,30.729999542236328,30.989999771118164,30.370952606201172,35024600,0.0,0.0
2023-05-08,30.700000762939453,30.84000015258789,30.389999389648438,30.770000457763672,30.15534782409668,30882800,0.0,0.0
2023-05-09,30.3799991607666,30.579999923706055,29.90999984741211,30.100000381469727,29.49873161315918,30706500,0.0,0.0
2023-05-10,30.290000915527344,30.399999618530273,29.489999771118164,29.969999313354492,29.371326446533203,40526500,0.0,0.0
2023-05-11,29.600000381469727,29.68000030517578,28.81999969482422,28.860000610351562,28.283498764038086,47144400,0.0,0.0
2023-05-12,29.030000686645508,29.100000381469727,28.719999313354492,28.950000762939453,28.371702194213867,24153800,0.0,0.0
2023-05-15,28.899999618530273,29.829999923706055,28.8799991607666,29.799999237060547,29.204723358154297,28717500,0.0,0.0
2023-05-16,29.6200008392334,29.899999618530273,29.209999084472656,29.219999313354492,28.636308670043945,22812000,0.0,0.0
2023-05-17,29.520000457763672,29.559999465942383,28.68000030517578,28.8700008392334,28.293302536010742,41667300,0.0,0.0
2023-05-18,29.0,29.760000228881836,28.8700008392334,29.68000030517578,29.087120056152344,36529200,0.0,0.0
2023-05-19,29.600000381469727,30.239999771118164,29.5,29.93000030517578,29.33212661743164,40683000,0.0,0.0
2023-05-22,29.850000381469727,30.450000762939453,29.81999969482422,30.280000686645508,29.67513656616211,28693400,0.0,0.0
2023-05-23,30.049999237060547,30.200000762939453,29.489999771118164,29.510000228881836,28.920516967773438,29400900,0.0,0.0
2023-05-24,29.309999465942383,29.489999771118164,28.81999969482422,29.0,28.420703887939453,28045800,0.0,0.0
2023-05-25,28.290000915527344,28.290000915527344,26.860000610351562,27.399999618530273,26.852663040161133,78009400,0.0,0.0
2023-05-26,27.440000534057617,29.09000015258789,27.100000381469727,29.0,28.420703887939453,71910600,0.0,0.0
2023-05-30,29.700000762939453,30.040000915527344,29.0,29.989999771118164,29.390928268432617,54874800,0.0,0.0
2023-05-31,29.700000762939453,32.290000915527344,29.670000076293945,31.440000534057617,30.811962127685547,136243800,0.0,0.0
2023-06-01,31.799999237060547,31.940000534057617,31.020000457763672,31.1299991607666,30.508153915405273,52667400,0.0,0.0
2023-06-02,31.399999618530273,31.59000015258789,30.829999923706055,31.309999465942383,30.684560775756836,36521000,0.0,0.0
2023-06-05,31.309999465942383,31.399999618530273,29.829999923706055,29.860000610351562,29.263526916503906,48244100,0.0,0.0
2023-06-06,29.770000457763672,31.450000762939453,29.700000762939453,30.959999084472656,30.341550827026367,42295300,0.0,0.0
2023-06-07,31.030000686645508,31.3700008392334,30.93000030517578,31.280000686645508,30.655160903930664,39098000,0.0,0.0
2023-06-08,31.43000030517578,31.850000381469727,31.059999465942383,31.81999969482422,31.184371948242188,35199000,0.0,0.0
2023-06-09,31.93000030517578,31.989999771118164,30.68000030517578,31.34000015258789,30.713958740234375,40218000,0.0,0.0
2023-06-12,31.399999618530273,33.29999923706055,31.360000610351562,33.06999969482422,32.40940856933594,59881600,0.0,0.0
2023-06-13,33.77000045776367,33.95000076293945,33.06999969482422,33.90999984741211,33.23262405395508,51990000,0.0,0.0
2023-06-14,33.869998931884766,35.599998474121094,33.79999923706055,35.58000183105469,34.8692626953125,74404300,0.0,0.0
2023-06-15,35.279998779296875,36.41999816894531,35.220001220703125,35.81999969482422,35.10447311401367,67676300,0.0,0.0
2023-06-16,36.36000061035156,36.79999923706055,35.599998474121094,36.369998931884766,35.64348220825195,110240300,0.0,0.0
2023-06-20,36.77000045776367,37.11000061035156,34.720001220703125,35.0,34.300846099853516,65970200,0.0,0.0
2023-06-21,34.91999816894531,35.04999923706055,32.83000183105469,32.900001525878906,32.2427978515625,70973500,0.0,0.0
2023-06-22,32.689998626708984,33.2400016784668,32.130001068115234,32.709999084472656,32.05659484863281,45740300,0.0,0.0
2023-06-23,32.209999084472656,33.45000076293945,32.029998779296875,33.0,32.340797424316406,46327100,0.0,0.0
2023-06-26,33.189998626708984,33.9900016784668,33.099998474121094,33.34000015258789,32.67401123046875,38952400,0.0,0.0
2023-06-27,33.220001220703125,34.22999954223633,33.0099983215332,34.099998474121094,33.41883087158203,33038900,0.0,0.0
2023-06-28,33.61000061035156,33.810001373291016,33.029998779296875,33.56999969482422,32.8994140625,33906900,0.0,0.0
2023-06-29,33.34000015258789,33.34000015258789,32.4900016784668,32.90999984741211,32.252601623535156,38313000,0.0,0.0
2023-06-30,33.36000061035156,33.560001373291016,33.15999984741211,33.439998626708984,32.772010803222656,33811300,0.0,0.0
2023-07-03,33.540000915527344,33.88999938964844,33.13999938964844,33.619998931884766,32.94841766357422,15753000,0.0,0.0
2023-07-05,33.310001373291016,33.33000183105469,32.5,32.5099983215332,31.860586166381836,37664700,0.0,0.0
2023-07-06,31.899999618530273,32.040000915527344,31.3799991607666,31.969999313354492,31.331375122070312,41693600,0.0,0.0
2023-07-07,32.0,32.40999984741211,31.81999969482422,31.850000381469727,31.213775634765625,28356300,0.0,0.0
2023-07-10,31.8700008392334,32.83000183105469,31.770000457763672,32.7400016784668,32.08599853515625,36305700,0.0,0.0
2023-07-11,32.81999969482422,33.36000061035156,32.5,33.29999923706055,32.63480758666992,28148800,0.0,0.0
2023-07-12,33.689998626708984,34.08000183105469,33.060001373291016,33.97999954223633,33.30122375488281,37762200,0.0,0.0
2023-07-13,34.150001525878906,34.29999923706055,33.619998931884766,33.869998931884766,33.19342041015625,32745800,0.0,0.0
2023-07-14,33.779998779296875,33.869998931884766,33.0,33.150001525878906,32.4878044128418,30438700,0.0,0.0
2023-07-17,33.15999984741211,34.599998474121094,33.06999969482422,34.369998931884766,33.683433532714844,34111200,0.0,0.0
2023-07-18,34.279998779296875,34.70000076293945,33.83000183105469,34.5,33.81084060668945,29662200,0.0,0.0
2023-07-19,34.400001525878906,34.84000015258789,34.33000183105469,34.459999084472656,33.77163314819336,26486700,0.0,0.0
2023-07-20,33.70000076293945,34.209999084472656,33.22999954223633,33.369998931884766,32.70341491699219,37878000,0.0,0.0
2023-07-21,33.72999954223633,34.25,33.41999816894531,34.02000045776367,33.34042739868164,79737000,0.0,0.0
2023-07-24,33.84000015258789,34.459999084472656,33.560001373291016,33.630001068115234,32.95821762084961,25225800,0.0,0.0
2023-07-25,33.70000076293945,34.34000015258789,33.400001525878906,34.099998474121094,33.41883087158203,31771100,0.0,0.0
2023-07-26,33.720001220703125,34.529998779296875,33.70000076293945,34.36000061035156,33.67363357543945,32643200,0.0,0.0
2023-07-27,34.81999969482422,35.029998779296875,34.11000061035156,34.54999923706055,33.85983657836914,58890800,0.0,0.0
2023-07-28,36.75,36.9900016784668,35.5099983215332,36.83000183105469,36.094295501708984,90863000,0.0,0.0
2023-07-31,36.869998931884766,37.189998626708984,35.66999816894531,35.77000045776367,35.05546951293945,55630700,0.0,0.0
2023-08-01,35.81999969482422,36.02000045776367,35.279998779296875,35.79999923706055,35.08486557006836,24702200,0.0,0.0
2023-08-02,35.150001525878906,35.18000030517578,34.279998779296875,34.38999938964844,33.70303726196289,39052000,0.0,0.0
2023-08-03,34.290000915527344,35.029998779296875,34.130001068115234,34.869998931884766,34.17344665527344,24817900,0.0,0.0
2023-08-04,34.47999954223633,35.560001373291016,34.47999954223633,35.13999938964844,34.56195068359375,26674900,0.125,0.0
2023-08-07,35.40999984741211,35.54999923706055,34.75,35.22999954223633,34.65046691894531,22486900,0.0,0.0
2023-08-08,34.66999816894531,35.099998474121094,33.86000061035156,35.02000045776367,34.44392395019531,34753600,0.0,0.0
2023-08-09,35.0,35.099998474121094,34.22999954223633,34.279998779296875,33.716094970703125,28720200,0.0,0.0
2023-08-10,34.70000076293945,35.09000015258789,34.47999954223633,34.68000030517578,34.10951614379883,30957300,0.0,0.0
2023-08-11,34.459999084472656,34.95000076293945,34.36000061035156,34.88999938964844,34.31605911254883,28783700,0.0,0.0
2023-08-14,34.66999816894531,35.709999084472656,34.470001220703125,35.68000030517578,35.09306716918945,36896100,0.0,0.0
2023-08-15,35.40999984741211,35.630001068115234,34.75,34.77000045776367,34.198036193847656,27420300,0.0,0.0
2023-08-16,34.52000045776367,34.630001068115234,33.459999084472656,33.529998779296875,32.978431701660156,35757300,0.0,0.0
2023-08-17,33.560001373291016,33.59000015258789,32.349998474121094,32.58000183105469,32.044063568115234,39906700,0.0,0.0
2023-08-18,32.22999954223633,32.90999984741211,32.18000030517578,32.75,32.21126174926758,23701100,0.0,0.0
2023-08-21,32.599998474121094,33.16999816894531,32.02000045776367,33.13999938964844,32.594852447509766,43718200,0.0,0.0
2023-08-22,33.220001220703125,33.79999923706055,32.83000183105469,32.88999938964844,32.34896469116211,23425300,0.0,0.0
2023-08-23,32.880001068115234,34.150001525878906,32.79999923706055,33.97999954223633,33.4210319519043,32324300,0.0,0.0
2023-08-24,33.720001220703125,34.09000015258789,32.4900016784668,32.59000015258789,32.05389404296875,37931000,0.0,0.0
2023-08-25,32.529998779296875,33.400001525878906,32.349998474121094,33.25,32.703041076660156,27324800,0.0,0.0
2023-08-28,33.5,33.779998779296875,33.209999084472656,33.619998931884766,33.06695556640625,22341800,0.0,0.0
2023-08-29,33.4900016784668,34.47999954223633,33.470001220703125,34.310001373291016,33.74560546875,29943600,0.0,0.0
2023-08-30,34.060001373291016,34.65999984741211,33.779998779296875,34.529998779296875,33.96198272705078,26279200,0.0,0.0
2023-08-31,34.31999969482422,35.560001373291016,34.29999923706055,35.13999938964844,34.56195068359375,48157600,0.0,0.0
2023-09-01,35.790000915527344,36.75,35.72999954223633,36.61000061035156,36.00777053833008,43808500,0.0,0.0
2023-09-05,36.58000183105469,37.40999984741211,36.459999084472656,36.709999084472656,36.10612106323242,43379400,0.0,0.0
2023-09-06,36.560001373291016,37.040000915527344,36.029998779296875,36.97999954223633,36.37167739868164,39643400,0.0,0.0
2023-09-07,36.83000183105469,38.34000015258789,36.75,38.18000030517578,37.55194091796875,67659700,0.0,0.0
2023-09-08,38.119998931884766,38.83000183105469,37.709999084472656,38.0099983215332,37.384735107421875,44255200,0.0,0.0
2023-09-11,38.2400016784668,38.7400016784668,37.84000015258789,38.59000015258789,37.95519256591797,36349300,0.0,0.0
2023-09-12,38.650001525878906,40.06999969482422,38.650001525878906,38.86000061035156,38.22075271606445,55326600,0.0,0.0
2023-09-13,38.79999923706055,39.150001525878906,38.25,38.709999084472656,38.07322311401367,35407800,0.0,0.0
2023-09-14,38.810001373291016,38.900001525878906,38.29999923706055,38.66999816894531,38.033878326416016,30616500,0.0,0.0
2023-09-15,38.41999816894531,38.52000045776367,37.619998931884766,37.880001068115234,37.256874084472656,68881200,0.0,0.0
2023-09-18,37.619998931884766,38.38999938964844,37.5099983215332,37.9900016784668,37.36506652832031,29322200,0.0,0.0
2023-09-19,38.040000915527344,38.099998474121094,36.02000045776367,36.34000015258789,35.742210388183594,53288100,0.0,0.0
2023-09-20,36.220001220703125,36.25,34.630001068115234,34.689998626708984,34.11935043334961,57660800,0.0,0.0
2023-09-21,34.56999969482422,35.25,34.459999084472656,34.650001525878906,34.080013275146484,45240600,0.0,0.0
2023-09-22,34.810001373291016,34.88999938964844,34.13999938964844,34.18000030517578,33.617740631103516,29232700,0.0,0.0
2023-09-25,34.0,34.369998931884766,33.77000045776367,34.290000915527344,33.72593307495117,21729400,0.0,0.0
2023-09-26,34.13999938964844,34.779998779296875,33.63999938964844,33.83000183105469,33.27349853515625,34198300,0.0,0.0
2023-09-27,33.91999816894531,34.83000183105469,33.880001068115234,34.61000061035156,34.04066848754883,44369100,0.0,0.0
2023-09-28,34.650001525878906,35.65999984741211,34.380001068115234,35.18000030517578,34.601287841796875,32265300,0.0,0.0
2023-09-29,35.650001525878906,35.90999984741211,35.15999984741211,35.54999923706055,34.965206146240234,28763700,0.0,0.0
2023-10-02,35.61000061035156,35.97999954223633,34.97999954223633,35.459999084472656,34.876686096191406,26086200,0.0,0.0
2023-10-03,35.27000045776367,36.540000915527344,35.27000045776367,35.689998626708984,35.10289764404297,45292600,0.0,0.0
2023-10-04,36.52000045776367,36.52000045776367,35.33000183105469,35.93000030517578,35.338951110839844,39842200,0.0,0.0
2023-10-05,35.970001220703125,36.099998474121094,35.599998474121094,35.88999938964844,35.29960632324219,25771200,0.0,0.0
2023-10-06,35.869998931884766,36.459999084472656,35.18000030517578,36.189998626708984,35.59467697143555,33262200,0.0,0.0
2023-10-09,35.70000076293945,36.16999816894531,35.5,36.060001373291016,35.46681594848633,19376100,0.0,0.0
2023-10-10,36.13999938964844,36.7400016784668,35.810001373291016,36.43000030517578,35.83073043823242,24044100,0.0,0.0
2023-10-11,36.619998931884766,37.029998779296875,36.380001068115234,36.880001068115234,36.27332305908203,19262600,0.0,0.0
2023-10-12,36.79999923706055,37.220001220703125,36.38999938964844,36.84000015258789,36.233985900878906,23639200,0.0,0.0
2023-10-13,36.7400016784668,36.790000915527344,35.86000061035156,35.970001220703125,35.3782958984375,28390100,0.0,0.0
2023-10-16,36.13999938964844,36.939998626708984,36.08000183105469,36.560001373291016,35.95859146118164,29555800,0.0,0.0
2023-10-17,35.91999816894531,36.349998474121094,35.06999969482422,36.060001373291016,35.46681594848633,24993600,0.0,0.0
2023-10-18,35.52000045776367,36.02000045776367,35.45000076293945,35.63999938964844,35.05371856689453,22086000,0.0,0.0
2023-10-19,35.959999084472656,36.36000061035156,35.52000045776367,35.66999816894531,35.083229064941406,29201800,0.0,0.0
2023-10-20,35.650001525878906,36.279998779296875,34.869998931884766,34.91999816894531,34.3455696105957,32303300,0.0,0.0
2023-10-23,34.599998474121094,35.189998626708984,33.38999938964844,33.849998474121094,33.29317092895508,53924700,0.0,0.0
2023-10-24,33.63999938964844,34.709999084472656,33.63999938964844,34.59000015258789,34.02099609375,52673900,0.0,0.0
2023-10-25,34.18000030517578,34.45000076293945,32.54999923706055,32.83000183105469,32.289947509765625,44658500,0.0,0.0
2023-10-26,32.88999938964844,33.220001220703125,32.150001525878906,32.52000045776367,31.985048294067383,59142500,0.0,0.0
2023-10-27,34.65999984741211,36.380001068115234,34.599998474121094,35.540000915527344,34.95536804199219,84128200,0.0,0.0
2023-10-30,35.470001220703125,35.959999084472656,34.91999816894531,35.689998626708984,35.10289764404297,36656300,0.0,0.0
2023-10-31,35.65999984741211,36.56999969482422,35.619998931884766,36.5,35.899574279785156,41185200,0.0,0.0
2023-11-01,36.5,37.31999969482422,36.279998779296875,37.290000915527344,36.67658233642578,41710700,0.0,0.0
2023-11-02,37.58000183105469,37.81999969482422,36.90999984741211,37.70000076293945,37.079837799072266,35440000,0.0,0.0
2023-11-03,38.0,38.31999969482422,37.66999816894531,38.13999938964844,37.51259994506836,30502700,0.0,0.0
2023-11-06,38.02000045776367,38.20000076293945,37.849998474121094,37.95000076293945,37.448463439941406,23877200,0.125,0.0
2023-11-07,38.2400016784668,38.900001525878906,37.97999954223633,38.77000045776367,38.25762176513672,32052000,0.0,0.0
2023-11-08,38.849998474121094,38.88999938964844,37.75,37.91999816894531,37.418853759765625,33483400,0.0,0.0
2023-11-09,38.04999923706055,38.52000045776367,37.77000045776367,37.79999923706055,37.30044174194336,48955800,0.0,0.0
2023-11-10,38.2400016784668,38.9900016784668,38.2400016784668,38.86000061035156,38.346431732177734,38862500,0.0,0.0
2023-11-13,38.349998474121094,38.56999969482422,38.13999938964844,38.22999954223633,37.72475814819336,24558300,0.0,0.0
2023-11-14,38.79999923706055,39.4900016784668,38.06999969482422,39.40999984741211,38.88916778564453,45457400,0.0,0.0
2023-11-15,39.59000015258789,40.84000015258789,39.58000183105469,40.61000061035156,40.073307037353516,47392100,0.0,0.0
2023-11-16,41.0,43.400001525878906,40.81999969482422,43.349998474121094,42.7770881652832,86405700,0.0,0.0
2023-11-17,42.90999984741211,43.810001373291016,42.560001373291016,43.810001373291016,43.23101806640625,49735000,0.0,0.0
2023-11-20,43.779998779296875,44.93000030517578,43.779998779296875,44.7400016784668,44.14872741699219,44564900,0.0,0.0
2023-11-21,44.5,44.65999984741211,43.29999923706055,43.63999938964844,43.063262939453125,37252100,0.0,0.0
2023-11-22,44.029998779296875,44.630001068115234,43.540000915527344,43.66999816894531,43.09286117553711,31481200,0.0,0.0
2023-11-24,43.68000030517578,44.0,43.61000061035156,43.959999084472656,43.3790283203125,13037100,0.0,0.0
2023-11-27,43.650001525878906,44.54999923706055,43.650001525878906,44.08000183105469,43.4974479675293,33339900,0.0,0.0
2023-11-28,43.689998626708984,44.380001068115234,43.65999984741211,44.22999954223633,43.64546203613281,24548900,0.0,0.0
2023-11-29,44.599998474121094,45.34000015258789,44.599998474121094,44.939998626708984,44.34607696533203,38982000,0.0,0.0
2023-11-30,44.650001525878906,45.09000015258789,44.40999984741211,44.70000076293945,44.1092529296875,46263000,0.0,0.0
2023-12-01,44.36000061035156,44.36000061035156,42.86000061035156,43.7400016784668,43.16194152832031,43928400,0.0,0.0
2023-12-04,43.29999923706055,43.310001373291016,41.689998626708984,42.349998474121094,41.790306091308594,50417600,0.0,0.0
2023-12-05,41.90999984741211,42.290000915527344,41.61000061035156,41.91999816894531,41.365989685058594,31859300,0.0,0.0
2023-12-06,42.47999954223633,42.59000015258789,41.16999816894531,41.27000045776367,40.72458267211914,31992300,0.0,0.0
2023-12-07,41.75,42.439998626708984,41.18000030517578,42.150001525878906,41.59295654296875,29118700,0.0,0.0
2023-12-08,41.84000015258789,42.959999084472656,41.810001373291016,42.70000076293945,42.135684967041016,42815000,0.0,0.0
2023-12-11,43.15999984741211,44.72999954223633,43.08000183105469,44.540000915527344,43.95136642456055,48288200,0.0,0.0
2023-12-12,44.36000061035156,44.439998626708984,43.630001068115234,44.040000915527344,43.457977294921875,31452200,0.0,0.0
2023-12-13,44.08000183105469,44.720001220703125,43.33000183105469,44.56999969482422,43.9809684753418,35216100,0.0,0.0
2023-12-14,45.0099983215332,47.06999969482422,44.650001525878906,45.18000030517578,44.582908630371094,70620800,0.0,0.0
2023-12-15,45.939998626708984,47.27000045776367,45.66999816894531,46.15999984741211,45.54995346069336,84583400,0.0,0.0
2023-12-18,46.150001525878906,46.22999954223633,45.400001525878906,45.689998626708984,45.0861701965332,27895700,0.0,0.0
2023-12-19,45.599998474121094,46.68000030517578,45.5099983215332,46.65999984741211,46.0433464050293,35358800,0.0,0.0
2023-12-20,46.63999938964844,46.95000076293945,45.70000076293945,45.7599983215332,45.155242919921875,38159100,0.0,0.0
2023-12-21,46.47999954223633,47.119998931884766,46.02000045776367,47.08000183105469,46.457801818847656,28320500,0.0,0.0
2023-12-22,47.25,48.15999984741211,47.20000076293945,48.0,47.365638732910156,30095700,0.0,0.0
2023-12-26,48.91999816894531,50.52000045776367,48.709999084472656,50.5,49.83259963989258,60287400,0.0,0.0
2023-12-27,50.630001068115234,51.279998779296875,50.189998626708984,50.7599983215332,50.08916091918945,52148000,0.0,0.0
2023-12-28,50.810001373291016,50.869998931884766,50.15999984741211,50.38999938964844,49.72405242919922,27705200,0.0,0.0
2023-12-29,50.29999923706055,50.56999969482422,49.77000045776367,50.25,49.58590316772461,29288700,0.0,0.0
2024-01-02,49.20000076293945,49.380001068115234,47.45000076293945,47.79999923706055,47.16828155517578,45905700,0.0,0.0
2024-01-03,47.099998474121094,47.810001373291016,46.79999923706055,47.04999923706055,46.42819595336914,35858400,0.0,0.0
2024-01-04,45.720001220703125,47.15999984741211,45.2400016784668,46.869998931884766,46.250572204589844,47797800,0.0,0.0
2024-01-05,47.029998779296875,47.83000183105469,46.63999938964844,46.88999938964844,46.27030563354492,34344000,0.0,0.0
2024-01-08,47.06999969482422,48.7599983215332,46.970001220703125,48.45000076293945,47.809696197509766,42135100,0.0,0.0
2024-01-09,48.0099983215332,48.560001373291016,47.79999923706055,48.04999923706055,47.41497802734375,30097000,0.0,0.0
2024-01-10,48.2400016784668,48.29999923706055,46.939998626708984,47.470001220703125,46.84264373779297,31480200,0.0,0.0
2024-01-11,47.439998626708984,47.84000015258789,46.72999954223633,47.63999938964844,47.010398864746094,31707900,0.0,0.0
2024-01-12,47.599998474121094,47.66999816894531,46.61000061035156,47.119998931884766,46.49726486206055,27587900,0.0,0.0
2024-01-16,46.97999954223633,47.220001220703125,46.380001068115234,47.060001373291016,46.43806076049805,43720700,0.0,0.0
2024-01-17,46.41999816894531,46.41999816894531,45.650001525878906,46.060001373291016,45.45127868652344,33488000,0.0,0.0
2024-01-18,47.029998779296875,47.56999969482422,46.16999816894531,46.7400016784668,46.122291564941406,46681300,0.0,0.0
2024-01-19,47.0,48.7599983215332,46.439998626708984,48.150001525878906,47.5136604309082,55979800,0.0,0.0
2024-01-22,48.849998474121094,49.16999816894531,47.63999938964844,48.220001220703125,47.582733154296875,45639500,0.0,0.0
2024-01-23,48.119998931884766,48.939998626708984,47.31999969482422,48.88999938964844,48.24387741088867,37224100,0.0,0.0
2024-01-24,49.16999816894531,49.77000045776367,48.27000045776367,49.09000015258789,48.44123077392578,49375800,0.0,0.0
2024-01-25,50.0,50.29999923706055,48.970001220703125,49.54999923706055,48.89515686035156,84845100,0.0,0.0
2024-01-26,44.18000030517578,45.40999984741211,43.349998474121094,43.650001525878906,43.07312774658203,127665300,0.0,0.0
2024-01-29,43.709999084472656,43.9900016784668,42.810001373291016,43.84000015258789,43.260616302490234,51790900,0.0,0.0
2024-01-30,43.66999816894531,43.81999969482422,42.88999938964844,42.91999816894531,42.3527717590332,47958800,0.0,0.0
2024-01-31,42.56999969482422,43.790000915527344,42.36000061035156,43.08000183105469,42.51066589355469,51584200,0.0,0.0
2024-02-01,43.150001525878906,43.56999969482422,42.4900016784668,43.36000061035156,42.786964416503906,38819900,0.0,0.0
2024-02-02,43.0,43.13999938964844,41.599998474121094,42.599998474121094,42.03700256347656,53683500,0.0,0.0
2024-02-05,42.619998931884766,43.150001525878906,42.43000030517578,42.77000045776367,42.20475769042969,28890300,0.0,0.0
2024-02-06,42.70000076293945,42.779998779296875,42.13999938964844,42.7400016784668,42.29877853393555,34068200,0.125,0.0
2024-02-07,42.88999938964844,43.099998474121094,42.54999923706055,42.779998779296875,42.33836364746094,34269200,0.0,0.0
2024-02-08,42.720001220703125,42.970001220703125,42.33000183105469,42.5,42.061256408691406,33206500,0.0,0.0
2024-02-09,42.54999923706055,43.52000045776367,42.400001525878906,43.310001373291016,42.86289596557617,51193000,0.0,0.0
2024-02-12,43.38999938964844,45.040000915527344,43.31999969482422,44.029998779296875,43.57545852661133,51107300,0.0,0.0
2024-02-13,43.0,43.630001068115234,42.7599983215332,43.15999984741211,42.71444320678711,36622200,0.0,0.0
2024-02-14,43.81999969482422,44.290000915527344,43.38999938964844,44.189998626708984,43.73380661010742,36186200,0.0,0.0
2024-02-15,44.7599983215332,45.27000045776367,44.02000045776367,44.04999923706055,43.595252990722656,44024500,0.0,0.0
2024-02-16,44.029998779296875,44.220001220703125,43.119998931884766,43.5099983215332,43.060829162597656,29975300,0.0,0.0
2024-02-20,44.2599983215332,45.16999816894531,43.41999816894531,44.52000045776367,44.060401916503906,61514100,0.0,0.0
2024-02-21,44.47999954223633,44.689998626708984,43.08000183105469,43.470001220703125,43.021240234375,57485200,0.0,0.0
2024-02-22,44.68000030517578,44.68000030517578,42.529998779296875,42.97999954223633,42.53630065917969,62809300,0.0,0.0
2024-02-23,43.130001068115234,43.5099983215332,42.65999984741211,42.9900016784668,42.54619598388672,33810700,0.0,0.0
2024-02-26,43.5,43.68000030517578,42.81999969482422,42.9900016784668,42.54619598388672,27035400,0.0,0.0
2024-02-27,43.25,43.27000045776367,42.5099983215332,42.72999954223633,42.28887939453125,25126400,0.0,0.0
2024-02-28,42.439998626708984,42.45000076293945,41.90999984741211,41.9900016784668,41.556522369384766,26928500,0.0,0.0
2024-02-29,42.369998931884766,43.150001525878906,42.36000061035156,43.04999923706055,42.60557556152344,48875100,0.0,0.0
2024-03-01,43.40999984741211,44.27000045776367,43.130001068115234,43.81999969482422,43.36762619018555,41426100,0.0,0.0
2024-03-04,44.27000045776367,46.61000061035156,43.849998474121094,45.61000061035156,45.1391487121582,59990800,0.0,0.0
2024-03-05,44.560001373291016,44.869998931884766,42.689998626708984,43.15999984741211,42.71444320678711,56655100,0.0,0.0
2024-03-06,43.93000030517578,45.5099983215332,43.560001373291016,44.5099983215332,44.05050277709961,52652000,0.0,0.0
2024-03-07,45.54999923706055,46.41999816894531,45.18000030517578,46.150001525878906,45.67357635498047,50378200,0.0,0.0
2024-03-08,46.439998626708984,46.630001068115234,44.0,44.0,43.54576873779297,54916600,0.0,0.0
2024-03-11,43.869998931884766,44.93000030517578,43.65999984741211,44.86000061035156,44.39689254760742,35051000,0.0,0.0
2024-03-12,45.060001373291016,45.27000045776367,44.459999084472656,45.2400016784668,44.77296829223633,31795800,0.0,0.0
2024-03-13,44.5099983215332,44.97999954223633,43.20000076293945,43.22999954223633,42.78371810913086,53195900,0.0,0.0
2024-03-14,43.22999954223633,43.349998474121094,42.5099983215332,42.75,42.30867385864258,38100000,0.0,0.0
2024-03-15,42.45000076293945,43.150001525878906,42.349998474121094,42.63999938964844,42.199806213378906,66952900,0.0,0.0
2024-03-18,43.09000015258789,43.380001068115234,42.599998474121094,42.709999084472656,42.26908493041992,27668300,0.0,0.0
2024-03-19,42.25,42.290000915527344,41.439998626708984,42.04999923706055,41.61589813232422,34673000,0.0,0.0
2024-03-20,42.9900016784668,43.0099983215332,41.40999984741211,42.20000076293945,41.76435470581055,74865000,0.0,0.0
2024-03-21,42.9900016784668,43.599998474121094,42.31999969482422,42.41999816894531,41.98208236694336,50807600,0.0,0.0
2024-03-22,42.25,42.79999923706055,42.09000015258789,42.56999969482422,42.13053512573242,28503100,0.0,0.0
2024-03-25,40.88999938964844,42.220001220703125,40.56999969482422,41.83000183105469,41.39817428588867,47276500,0.0,0.0
2024-03-26,41.95000076293945,42.27000045776367,41.65999984741211,41.9900016784668,41.556522369384766,39109700,0.0,0.0
2024-03-27,42.540000915527344,43.83000183105469,42.5,43.77000045776367,43.318145751953125,51017800,0.0,0.0
2024-03-28,43.7599983215332,44.599998474121094,43.709999084472656,44.16999816894531,43.714012145996094,54204200,0.0,0.0
2024-04-01,44.290000915527344,45.40999984741211,44.18000030517578,44.52000045776367,44.060401916503906,31712600,0.0,0.0
2024-04-02,43.93000030517578,44.08000183105469,43.5,43.939998626708984,43.48638916015625,32748400,0.0,0.0
2024-04-03,41.400001525878906,41.650001525878906,40.220001220703125,40.33000183105469,39.913658142089844,83718000,0.0,0.0
2024-04-04,40.59000015258789,40.779998779296875,39.70000076293945,39.72999954223633,39.31985092163086,57307200,0.0,0.0
2024-04-05,39.349998474121094,39.459999084472656,38.5099983215332,38.709999084472656,38.31037902832031,67263000,0.0,0.0
2024-04-08,38.63999938964844,38.86000061035156,37.90999984741211,37.97999954223633,37.58791732788086,56967800,0.0,0.0
2024-04-09,38.04999923706055,38.58000183105469,37.33000183105469,38.33000183105469,37.93430709838867,78671700,0.0,0.0
2024-04-10,38.02000045776367,38.220001220703125,37.02000045776367,37.20000076293945,36.81596755981445,51108400,0.0,0.0
2024-04-11,37.43000030517578,37.66999816894531,37.08000183105469,37.630001068115234,37.24153137207031,41909100,0.0,0.0
2024-04-12,36.689998626708984,36.70000076293945,35.599998474121094,35.689998626708984,35.321556091308594,80254800,0.0,0.0
2024-04-15,36.040000915527344,36.70000076293945,35.88999938964844,36.310001373291016,35.935157775878906,50751600,0.0,0.0
2024-04-16,36.27000045776367,36.5099983215332,35.7599983215332,36.2599983215332,35.88566970825195,30607500,0.0,0.0
2024-04-17,36.099998474121094,36.130001068115234,35.369998931884766,35.68000030517578,35.31166076660156,41173300,0.0,0.0
2024-04-18,35.41999816894531,35.65999984741211,34.77000045776367,35.040000915527344,34.67826843261719,42334400,0.0,0.0
2024-04-19,35.130001068115234,35.130001068115234,34.18000030517578,34.20000076293945,33.84694290161133,59070300,0.0,0.0
2024-04-22,34.41999816894531,34.56999969482422,34.08000183105469,34.40999984741211,34.054771423339844,39909900,0.0,0.0
2024-04-23,34.34000015258789,34.599998474121094,34.18000030517578,34.279998779296875,33.92611312866211,46834000,0.0,0.0
2024-04-24,34.86000061035156,35.18000030517578,34.34000015258789,34.5,34.14384078979492,53261100,0.0,0.0
2024-04-25,34.560001373291016,35.29999923706055,34.5,35.11000061035156,34.74754333496094,66549400,0.0,0.0
2024-04-26,31.780000686645508,32.2400016784668,30.639999389648438,31.8799991607666,31.55088996887207,119742500,0.0,0.0
2024-04-29,31.860000610351562,31.90999984741211,31.06999969482422,31.360000610351562,31.036256790161133,58533300,0.0,0.0
2024-04-30,31.040000915527344,31.18000030517578,30.420000076293945,30.469999313354492,30.155445098876953,72346400,0.0,0.0
2024-05-01,30.170000076293945,31.040000915527344,30.020000457763672,30.3700008392334,30.05647850036621,60654800,0.0,0.0
2024-05-02,30.59000015258789,30.670000076293945,30.190000534057617,30.510000228881836,30.195032119750977,50899400,0.0,0.0
2024-05-03,30.979999542236328,31.059999465942383,30.700000762939453,30.899999618530273,30.58100700378418,36794800,0.0,0.0
2024-05-06,31.1200008392334,31.200000762939453,30.729999542236328,30.969999313354492,30.774776458740234,36185600,0.125,0.0
2024-05-07,31.09000015258789,31.450000762939453,30.610000610351562,30.68000030517578,30.486604690551758,44683400,0.0,0.0
2024-05-08,30.0,30.149999618530273,29.729999542236328,30.0,29.81089210510254,63734600,0.0,0.0
2024-05-09,29.93000030517578,30.389999389648438,29.809999465942383,30.09000015258789,29.90032386779785,45003400,0.0,0.0
2024-05-10,30.329999923706055,30.459999084472656,29.84000015258789,29.850000381469727,29.66183853149414,42931300,0.0,0.0
2024-05-13,30.030000686645508,31.1299991607666,30.0,30.510000228881836,30.317676544189453,51459100,0.0,0.0
2024-05-14,30.6200008392334,31.110000610351562,30.610000610351562,31.049999237060547,30.854272842407227,47759900,0.0,0.0
2024-05-15,31.3799991607666,31.399999618530273,30.809999465942383,31.270000457763672,31.072887420654297,36992900,0.0,0.0
2024-05-16,31.6299991607666,32.2599983215332,31.520000457763672,32.029998779296875,31.828094482421875,47752800,0.0,0.0
2024-05-17,32.060001373291016,32.11000061035156,31.59000015258789,31.829999923706055,31.629356384277344,41449800,0.0,0.0
2024-05-20,31.850000381469727,32.41999816894531,31.760000228881836,32.099998474121094,31.897653579711914,31989000,0.0,0.0
2024-05-21,31.979999542236328,32.2400016784668,31.6200008392334,31.739999771118164,31.5399227142334,42975400,0.0,0.0
2024-05-22,31.90999984741211,32.06999969482422,31.100000381469727,31.420000076293945,31.221940994262695,36706400,0.0,0.0
2024-05-23,31.450000762939453,31.56999969482422,29.8700008392334,30.079999923706055,29.8903865814209,62014500,0.0,0.0
2024-05-24,30.290000915527344,31.020000457763672,30.1299991607666,30.719999313354492,30.526351928710938,42434500,0.0,0.0
2024-05-28,30.940000534057617,31.3700008392334,30.65999984741211,31.059999465942383,30.86421012878418,36799100,0.0,0.0
2024-05-29,30.469999313354492,30.670000076293945,30.110000610351562,30.1299991607666,29.94007110595703,35848600,0.0,0.0
2024-05-30,30.209999084472656,30.5,30.059999465942383,30.190000534057617,29.99969482421875,33351000,0.0,0.0
2024-05-31,30.219999313354492,30.959999084472656,29.940000534057617,30.850000381469727,30.655534744262695,95797500,0.0,0.0
2024-06-03,31.030000686645508,31.06999969482422,30.049999237060547,30.290000915527344,30.099063873291016,35544900,0.0,0.0
2024-06-04,30.75,30.75,29.940000534057617,30.030000686645508,29.8407039642334,51027200,0.0,0.0
2024-06-05,30.270000457763672,30.84000015258789,30.010000228881836,30.780000686645508,30.585975646972656,44161700,0.0,0.0
2024-06-06,30.549999237060547,30.59000015258789,30.15999984741211,30.420000076293945,30.22824478149414,34248100,0.0,0.0
2024-06-07,30.25,30.780000686645508,30.209999084472656,30.739999771118164,30.546226501464844,34085500,0.0,0.0
2024-06-10,30.549999237060547,30.950000762939453,30.290000915527344,30.90999984741211,30.71515464782715,37396500,0.0,0.0
2024-06-11,30.770000457763672,31.030000686645508,30.530000686645508,30.920000076293945,30.7250919342041,25326900,0.0,0.0
2024-06-12,31.459999084472656,31.479999542236328,30.389999389648438,30.760000228881836,30.56610107421875,51323900,0.0,0.0
2024-06-13,30.3799991607666,30.579999923706055,30.139999389648438,30.459999084472656,30.26799201965332,33787200,0.0,0.0
2024-06-14,30.290000915527344,30.559999465942383,30.209999084472656,30.450000762939453,30.258056640625,28125900,0.0,0.0
2024-06-17,30.34000015258789,31.0,30.18000030517578,30.979999542236328,30.784713745117188,36235300,0.0,0.0
2024-06-18,30.989999771118164,31.469999313354492,30.5,30.6299991607666,30.436920166015625,33294700,0.0,0.0
2024-06-20,30.559999465942383,31.110000610351562,30.450000762939453,30.6200008392334,30.426984786987305,43826300,0.0,0.0
2024-06-21,30.850000381469727,31.360000610351562,30.670000076293945,31.09000015258789,30.894020080566406,90795200,0.0,0.0
2024-06-24,31.139999389648438,31.420000076293945,30.530000686645508,30.56999969482422,30.37729835510254,40611800,0.0,0.0
2024-06-25,30.700000762939453,30.829999923706055,30.290000915527344,30.739999771118164,30.546226501464844,29323600,0.0,0.0
2024-06-26,30.639999389648438,30.68000030517578,30.270000457763672,30.540000915527344,30.347488403320312,30743000,0.0,0.0
2024-06-27,30.420000076293945,30.65999984741211,30.290000915527344,30.59000015258789,30.397172927856445,30184300,0.0,0.0
2024-06-28,30.75,31.309999465942383,30.719999313354492,30.969999313354492,30.774776458740234,41467700,0.0,0.0
2024-07-01,30.90999984741211,31.020000457763672,30.610000610351562,30.84000015258789,30.645597457885742,32401800,0.0,0.0
2024-07-02,30.860000610351562,31.309999465942383,30.59000015258789,31.06999969482422,30.874147415161133,35999300,0.0,0.0
2024-07-03,31.1200008392334,31.34000015258789,30.90999984741211,31.229999542236328,31.033138275146484,24065700,0.0,0.0
2024-07-05,31.399999618530273,32.34000015258789,31.309999465942383,32.02000045776367,31.818159103393555,45309400,0.0,0.0
2024-07-08,33.029998779296875,34.09000015258789,32.81999969482422,33.9900016784668,33.77574157714844,82315900,0.0,0.0
2024-07-09,35.02000045776367,35.220001220703125,33.720001220703125,34.59000015258789,34.3719596862793,97546900,0.0,0.0
2024-07-10,34.439998626708984,34.970001220703125,34.130001068115234,34.869998931884766,34.65019226074219,52256200,0.0,0.0
2024-07-11,35.029998779296875,35.150001525878906,33.310001373291016,33.5,33.2888298034668,55213700,0.0,0.0
2024-07-12,33.77000045776367,35.47999954223633,33.77000045776367,34.4900016784668,34.27259063720703,62792600,0.0,0.0
2024-07-15,34.70000076293945,35.22999954223633,34.310001373291016,34.459999084472656,34.242774963378906,39847900,0.0,0.0
2024-07-16,34.36000061035156,34.45000076293945,33.84000015258789,34.34000015258789,34.12353515625,28409900,0.0,0.0
2024-07-17,36.08000183105469,37.15999984741211,34.400001525878906,34.459999084472656,34.242774963378906,112304200,0.0,0.0
2024-07-18,34.959999084472656,36.29999923706055,34.529998779296875,34.869998931884766,34.65019226074219,84188600,0.0,0.0
2024-07-19,34.56999969482422,34.58000183105469,32.849998474121094,32.97999954223633,32.7721061706543,69628700,0.0,0.0
2024-07-22,33.279998779296875,33.40999984741211,32.7599983215332,33.369998931884766,33.15964889526367,48503700,0.0,0.0
2024-07-23,32.959999084472656,33.22999954223633,32.83000183105469,32.95000076293945,32.7422981262207,29466400,0.0,0.0
2024-07-24,32.529998779296875,32.79999923706055,31.65999984741211,31.700000762939453,31.50017547607422,62216700,0.0,0.0
2024-07-25,31.3700008392334,31.989999771118164,30.950000762939453,31.100000381469727,30.90395736694336,49774000,0.0,0.0
2024-07-26,31.43000030517578,31.559999465942383,31.020000457763672,31.350000381469727,31.152381896972656,38352500,0.0,0.0
2024-07-29,31.420000076293945,31.469999313354492,30.790000915527344,30.829999923706055,30.63566017150879,32342200,0.0,0.0
2024-07-30,30.850000381469727,30.90999984741211,30.010000228881836,30.1299991607666,29.94007110595703,48256600,0.0,0.0
2024-07-31,30.540000915527344,30.8700008392334,30.280000686645508,30.739999771118164,30.546226501464844,56110600,0.0,0.0
2024-08-01,30.43000030517578,30.709999084472656,28.889999389648438,29.049999237060547,28.866878509521484,107672500,0.0,0.0
2024-08-02,21.940000534057617,21.979999542236328,20.420000076293945,21.479999542236328,21.3445987701416,300895900,0.0,0.0
2024-08-05,20.200000762939453,20.389999389648438,19.290000915527344,20.110000610351562,19.983234405517578,147385700,0.0,0.0
2024-08-06,20.31999969482422,20.6299991607666,19.75,19.829999923706055,19.704999923706055,106670400,0.0,0.0
2024-08-07,19.920000076293945,20.25,18.950000762939453,18.989999771118164,18.989999771118164,97972300,0.125,0.0
2024-08-08,19.100000381469727,20.549999237060547,18.84000015258789,20.489999771118164,20.489999771118164,96836800,0.0,0.0
2024-08-09,20.079999923706055,20.149999618530273,19.5,19.709999084472656,19.709999084472656,76394500,0.0,0.0
2024-08-12,19.8700008392334,19.969999313354492,19.0,19.360000610351562,19.360000610351562,54677600,0.0,0.0
2024-08-13,19.479999542236328,20.479999542236328,19.469999313354492,20.469999313354492,20.469999313354492,77511300,0.0,0.0
2024-08-14,20.489999771118164,20.5,19.790000915527344,19.920000076293945,19.920000076293945,56758200,0.0,0.0
2024-08-15,20.31999969482422,21.059999465942383,20.229999542236328,20.690000534057617,20.690000534057617,84814900,0.0,0.0
2024-08-16,20.530000686645508,20.899999618530273,20.40999984741211,20.8700008392334,20.8700008392334,48582700,0.0,0.0
2024-08-19,20.889999389648438,21.860000610351562,20.84000015258789,21.520000457763672,21.520000457763672,65956300,0.0,0.0
2024-08-20,21.209999084472656,21.229999542236328,20.81999969482422,20.989999771118164,20.989999771118164,84161300,0.0,0.0
2024-08-21,21.06999969482422,21.440000534057617,21.06999969482422,21.40999984741211,21.40999984741211,57028900,0.0,0.0
2024-08-22,21.389999389648438,21.399999618530273,20.040000915527344,20.100000381469727,20.100000381469727,81444700,0.0,0.0
2024-08-23,20.31999969482422,20.93000030517578,20.260000228881836,20.540000915527344,20.540000915527344,73398400,0.0,0.0
2024-08-26,20.530000686645508,20.559999465942383,19.950000762939453,20.1299991607666,20.1299991607666,58534800,0.0,0.0
2024-08-27,20.1299991607666,20.260000228881836,19.84000015258789,20.06999969482422,20.06999969482422,43862000,0.0,0.0
2024-08-28,19.979999542236328,20.110000610351562,19.510000228881836,19.610000610351562,19.610000610351562,50144900,0.0,0.0
2024-08-29,19.760000228881836,20.600000381469727,19.75,20.1299991607666,20.1299991607666,64529700,0.0,0.0
2024-08-30,21.25,22.1200008392334,21.0,22.040000915527344,22.040000915527344,177785400,0.0,0.0
2024-09-03,21.540000915527344,21.690000534057617,19.989999771118164,20.100000381469727,20.100000381469727,115305500,0.0,0.0
2024-09-04,19.760000228881836,20.049999237060547,19.280000686645508,19.43000030517578,19.43000030517578,85871900,0.0,0.0
2024-09-05,19.280000686645508,19.899999618530273,19.239999771118164,19.399999618530273,19.399999618530273,65388800,0.0,0.0
2024-09-06,19.440000534057617,19.489999771118164,18.639999389648438,18.889999389648438,18.889999389648438,92686500,0.0,0.0
2024-09-09,19.0,19.540000915527344,18.950000762939453,19.06999969482422,19.06999969482422,64244100,0.0,0.0
2024-09-10,19.030000686645508,19.110000610351562,18.510000228881836,18.979999542236328,18.979999542236328,55621300,0.0,0.0
2024-09-11,19.010000228881836,19.690000534057617,18.520000457763672,19.639999389648438,19.639999389648438,71403100,0.0,0.0
2024-09-12,19.43000030517578,19.540000915527344,19.040000915527344,19.360000610351562,19.360000610351562,51520600,0.0,0.0
2024-09-13,19.489999771118164,19.799999237060547,19.489999771118164,19.65999984741211,19.65999984741211,44236300,0.0,0.0
2024-09-16,20.030000686645508,21.06999969482422,19.760000228881836,20.90999984741211,20.90999984741211,149337000,0.0,0.0
2024-09-17,21.709999084472656,22.579999923706055,21.239999771118164,21.469999313354492,21.469999313354492,196249800,0.0,0.0
2024-09-18,21.360000610351562,21.739999771118164,20.719999313354492,20.770000457763672,20.770000457763672,118727900,0.0,0.0
2024-09-19,21.280000686645508,21.690000534057617,21.030000686645508,21.139999389648438,21.139999389648438,99829200,0.0,0.0
2024-09-20,20.889999389648438,23.139999389648438,20.350000381469727,21.84000015258789,21.84000015258789,260377900,0.0,0.0
2024-09-23,22.43000030517578,22.81999969482422,22.030000686645508,22.559999465942383,22.559999465942383,184439100,0.0,0.0
2024-09-24,22.530000686645508,23.110000610351562,22.290000915527344,22.809999465942383,22.809999465942383,113082500,0.0,0.0
2024-09-25,22.799999237060547,24.059999465942383,22.729999542236328,23.540000915527344,23.540000915527344,117013400,0.0,0.0
2024-09-26,24.280000686645508,24.420000076293945,23.25,23.920000076293945,23.920000076293945,95416900,0.0,0.0
2024-09-27,24.15999984741211,24.65999984741211,23.700000762939453,23.90999984741211,23.90999984741211,85883300,0.0,0.0
2024-09-30,23.739999771118164,23.950000762939453,23.09000015258789,23.459999084472656,23.459999084472656,66308200,0.0,0.0
2024-10-01,23.459999084472656,23.719999313354492,22.260000228881836,22.690000534057617,22.690000534057617,86344400,0.0,0.0
2024-10-02,22.670000076293945,23.06999969482422,22.350000381469727,22.389999389648438,22.389999389648438,59033900,0.0,0.0
2024-10-03,22.139999389648438,22.729999542236328,21.649999618530273,22.260000228881836,22.260000228881836,49565900,0.0,0.0
2024-10-04,22.700000762939453,22.90999984741211,22.299999237060547,22.59000015258789,22.59000015258789,49845500,0.0,0.0
2024-10-07,22.399999618530273,22.649999618530273,22.020000457763672,22.3799991607666,22.3799991607666,54928700,0.0,0.0
2024-10-08,22.25,23.420000076293945,22.049999237060547,23.31999969482422,23.31999969482422,58650500,0.0,0.0
2024-10-09,23.25,23.479999542236328,23.059999465942383,23.459999084472656,23.459999084472656,44759000,0.0,0.0
2024-10-10,23.190000534057617,23.530000686645508,22.959999084472656,23.219999313354492,23.219999313354492,44874600,0.0,0.0
2024-10-11,23.049999237060547,23.81999969482422,22.979999542236328,23.559999465942383,23.559999465942383,43585300,0.0,0.0
2024-10-14,23.579999923706055,23.770000457763672,23.270000457763672,23.440000534057617,23.440000534057617,35403600,0.0,0.0
2024-10-15,23.40999984741211,23.719999313354492,22.469999313354492,22.65999984741211,22.65999984741211,68900600,0.0,0.0
2024-10-16,22.3799991607666,22.540000915527344,21.739999771118164,22.309999465942383,22.309999465942383,62151800,0.0,0.0
2024-10-17,22.719999313354492,22.81999969482422,22.399999618530273,22.440000534057617,22.440000534057617,43807600,0.0,0.0
2024-10-18,22.610000610351562,22.81999969482422,22.5,22.770000457763672,22.770000457763672,39971700,0.0,0.0
2024-10-21,22.610000610351562,22.8799991607666,22.25,22.84000015258789,22.84000015258789,39727000,0.0,0.0
2024-10-22,22.729999542236328,22.81999969482422,22.170000076293945,22.399999618530273,22.399999618530273,50160400,0.0,0.0
2024-10-23,22.299999237060547,22.43000030517578,21.579999923706055,21.979999542236328,21.979999542236328,45799100,0.0,0.0
2024-10-24,22.09000015258789,22.3700008392334,21.969999313354492,22.34000015258789,22.34000015258789,40554400,0.0,0.0
2024-10-25,22.420000076293945,23.34000015258789,22.40999984741211,22.68000030517578,22.68000030517578,67503000,0.0,0.0
2024-10-28,22.670000076293945,23.270000457763672,22.559999465942383,22.920000076293945,22.920000076293945,41915000,0.0,0.0
2024-10-29,22.8700008392334,23.139999389648438,22.40999984741211,22.899999618530273,22.899999618530273,83422200,0.0,0.0
2024-10-30,22.420000076293945,22.93000030517578,22.260000228881836,22.299999237060547,22.299999237060547,50941200,0.0,0.0
2024-10-31,22.149999618530273,22.25,21.469999313354492,21.520000457763672,21.520000457763672,112485500,0.0,0.0
2024-11-01,23.0,23.579999923706055,21.90999984741211,23.200000762939453,23.200000762939453,173471100,0.0,0.0
2024-11-04,22.959999084472656,23.0,22.0,22.520000457763672,22.520000457763672,84616300,0.0,0.0
2024-11-05,22.579999923706055,23.579999923706055,22.399999618530273,23.31999969482422,23.31999969482422,59153300,0.0,0.0
2024-11-06,24.299999237060547,25.1200008392334,24.049999237060547,25.049999237060547,25.049999237060547,116760500,0.0,0.0
2024-11-07,25.43000030517578,26.3799991607666,25.190000534057617,26.229999542236328,26.229999542236328,101489300,0.0,0.0
2024-11-08,26.0,26.43000030517578,25.829999923706055,26.200000762939453,26.200000762939453,76428000,0.0,0.0
2024-11-11,25.959999084472656,26.290000915527344,24.829999923706055,25.049999237060547,25.049999237060547,80185300,0.0,0.0
2024-11-12,24.65999984741211,24.959999084472656,23.889999389648438,24.15999984741211,24.15999984741211,62539700,0.0,0.0
2024-11-13,24.059999465942383,25.139999389648438,24.020000457763672,24.920000076293945,24.920000076293945,58202000,0.0,0.0
2024-11-14,25.1200008392334,25.610000610351562,24.93000030517578,25.030000686645508,25.030000686645508,49252100,0.0,0.0
2024-11-15,24.809999465942383,24.81999969482422,24.229999542236328,24.350000381469727,24.350000381469727,55104900,0.0,0.0
2024-11-18,24.329999923706055,25.020000457763672,24.15999984741211,24.84000015258789,24.84000015258789,59589500,0.0,0.0
2024-11-19,24.5,24.540000915527344,24.100000381469727,24.200000762939453,24.200000762939453,61190900,0.0,0.0
2024-11-20,24.06999969482422,24.209999084472656,23.549999237060547,24.010000228881836,24.010000228881836,50191500,0.0,0.0
2024-11-21,24.079999923706055,24.770000457763672,23.829999923706055,24.440000534057617,24.440000534057617,58928400,0.0,0.0
2024-11-22,24.350000381469727,24.68000030517578,24.139999389648438,24.5,24.5,36784700,0.0,0.0
2024-11-25,25.040000915527344,25.56999969482422,24.760000228881836,24.8700008392334,24.8700008392334,91128400,0.0,0.0
2024-11-26,24.950000762939453,24.989999771118164,23.809999465942383,24.049999237060547,24.049999237060547,69613600,0.0,0.0
2024-11-27,23.829999923706055,23.93000030517578,23.059999465942383,23.649999618530273,23.649999618530273,53992300,0.0,0.0
2024-11-29,23.719999313354492,24.280000686645508,23.600000381469727,24.049999237060547,24.049999237060547,36616800,0.0,0.0
2024-12-02,24.84000015258789,25.479999542236328,23.440000534057617,23.93000030517578,23.93000030517578,150497900,0.0,0.0
2024-12-03,23.68000030517578,23.75,22.440000534057617,22.469999313354492,22.469999313354492,138160500,0.0,0.0
2024-12-04,22.530000686645508,22.540000915527344,21.809999465942383,21.959999084472656,21.959999084472656,104649000,0.0,0.0
2024-12-05,22.040000915527344,22.190000534057617,20.65999984741211,20.799999237060547,20.799999237060547,167993500,0.0,0.0
2024-12-06,20.950000762939453,21.049999237060547,20.65999984741211,20.920000076293945,20.920000076293945,78539100,0.0,0.0
2024-12-09,20.920000076293945,21.059999465942383,20.729999542236328,20.809999465942383,20.809999465942383,68818200,0.0,0.0
2024-12-10,20.829999923706055,20.860000610351562,19.959999084472656,20.15999984741211,20.15999984741211,90004800,0.0,0.0
2024-12-11,20.139999389648438,20.25,19.8700008392334,20.1200008392334,20.1200008392334,75209300,0.0,0.0
2024-12-12,20.020000457763672,20.899999618530273,19.920000076293945,20.780000686645508,20.780000686645508,77695000,0.0,0.0
2024-12-13,20.600000381469727,20.799999237060547,20.25,20.34000015258789,20.34000015258789,55104100,0.0,0.0
2024-12-16,20.170000076293945,21.100000381469727,20.0,20.829999923706055,20.829999923706055,73832900,0.0,0.0
2024-12-17,20.639999389648438,20.770000457763672,20.290000915527344,20.440000534057617,20.440000534057617,51767200,0.0,0.0
2024-12-18,20.479999542236328,20.579999923706055,19.209999084472656,19.299999237060547,19.299999237060547,86041200,0.0,0.0
2024-12-19,19.530000686645508,19.690000534057617,19.030000686645508,19.059999465942383,19.059999465942383,69117800,0.0,0.0
2024-12-20,18.969999313354492,19.760000228881836,18.899999618530273,19.520000457763672,19.520000457763672,108453700,0.0,0.0
2024-12-23,19.579999923706055,20.229999542236328,19.520000457763672,20.200000762939453,20.200000762939453,57988400,0.0,0.0
2024-12-24,20.219999313354492,20.399999618530273,19.959999084472656,20.399999618530273,20.399999618530273,29884000,0.0,0.0
2024-12-26,20.229999542236328,20.670000076293945,20.079999923706055,20.440000534057617,20.440000534057617,39846200,0.0,0.0
2024-12-27,20.209999084472656,20.610000610351562,20.09000015258789,20.299999237060547,20.299999237060547,48260800,0.0,0.0
2024-12-30,20.010000228881836,20.110000610351562,19.729999542236328,19.81999969482422,19.81999969482422,59608100,0.0,0.0
2024-12-31,19.989999771118164,20.399999618530273,19.8799991607666,20.049999237060547,20.049999237060547,49846700,0.0,0.0
2025-01-02,20.229999542236328,20.43000030517578,20.0,20.219999313354492,20.219999313354492,46438500,0.0,0.0
2025-01-03,20.389999389648438,20.670000076293945,20.059999465942383,20.559999465942383,20.559999465942383,48983900,0.0,0.0
2025-01-06,20.829999923706055,20.979999542236328,19.780000686645508,19.8700008392334,19.8700008392334,83271000,0.0,0.0
2025-01-07,20.020000457763672,20.34000015258789,19.899999618530273,20.010000228881836,20.010000228881836,61726100,0.0,0.0
2025-01-08,19.829999923706055,20.1200008392334,19.709999084472656,19.8799991607666,19.8799991607666,47897100,0.0,0.0
2025-01-10,19.65999984741211,19.65999984741211,18.90999984741211,19.149999618530273,19.149999618530273,71244600,0.0,0.0
2025-01-13,18.920000076293945,19.25,18.729999542236328,19.200000762939453,19.200000762939453,50669000,0.0,0.0
2025-01-14,19.360000610351562,19.520000457763672,18.81999969482422,19.200000762939453,19.200000762939453,47147500,0.0,0.0
2025-01-15,19.399999618530273,19.770000457763672,19.170000076293945,19.719999313354492,19.719999313354492,56306000,0.0,0.0
2025-01-16,19.75,19.950000762939453,19.399999618530273,19.670000076293945,19.670000076293945,44898100,0.0,0.0
2025-01-17,21.260000228881836,21.6200008392334,20.790000915527344,21.489999771118164,21.489999771118164,166483900,0.0,0.0
2025-01-21,22.030000686645508,22.40999984741211,21.75,21.770000457763672,21.770000457763672,96262200,0.0,0.0
2025-01-22,21.729999542236328,22.290000915527344,21.56999969482422,21.860000610351562,21.860000610351562,60972600,0.0,0.0
2025-01-23,21.690000534057617,21.75,21.350000381469727,21.56999969482422,21.56999969482422,55778200,0.0,0.0
2025-01-24,21.360000610351562,21.40999984741211,20.75,20.829999923706055,20.829999923706055,66300600,0.0,0.0
2025-01-27,20.809999465942383,21.059999465942383,20.139999389648438,20.290000915527344,20.290000915527344,83582100,0.0,0.0
2025-01-28,20.34000015258789,20.34000015258789,19.739999771118164,19.799999237060547,19.799999237060547,73411400,0.0,0.0
2025-01-29,19.8700008392334,20.079999923706055,19.65999984741211,19.75,19.75,86506800,0.0,0.0
2025-01-30,19.719999313354492,20.100000381469727,19.43000030517578,20.010000228881836,20.010000228881836,108167000,0.0,0.0
2025-01-31,20.100000381469727,20.329999923706055,19.3799991607666,19.43000030517578,19.43000030517578,117081700,0.0,0.0
2025-02-03,18.969999313354492,19.75,18.780000686645508,19.3799991607666,19.3799991607666,77523100,0.0,0.0
2025-02-04,19.100000381469727,19.530000686645508,19.020000457763672,19.290000915527344,19.290000915527344,54098200,0.0,0.0
2025-02-05,19.190000534057617,19.770000457763672,18.90999984741211,19.649999618530273,19.649999618530273,66059200,0.0,0.0
2025-02-06,19.510000228881836,19.700000762939453,19.219999313354492,19.3799991607666,19.3799991607666,45553800,0.0,0.0
2025-02-07,19.350000381469727,19.360000610351562,19.030000686645508,19.100000381469727,19.100000381469727,58277900,0.0,0.0
2025-02-10,19.25,20.079999923706055,19.239999771118164,19.770000457763672,19.770000457763672,73007300,0.0,0.0
2025-02-11,19.8700008392334,21.8799991607666,19.860000610351562,20.969999313354492,20.969999313354492,150960700,0.0,0.0
2025-02-12,21.979999542236328,22.559999465942383,20.93000030517578,22.479999542236328,22.479999542236328,162631200,0.0,0.0
2025-02-13,22.84000015258789,24.829999923706055,22.790000915527344,24.1299991607666,24.1299991607666,248661300,0.0,0.0
2025-02-14,24.360000610351562,25.190000534057617,22.860000610351562,23.600000381469727,23.600000381469727,230254100,0.0,0.0
2025-02-18,24.600000381469727,27.549999237060547,24.489999771118164,27.389999389648438,27.389999389648438,284292200,0.0,0.0
2025-02-19,25.979999542236328,26.329999923706055,25.459999084472656,25.719999313354492,25.719999313354492,151881700,0.0,0.0
2025-02-20,25.559999465942383,26.1200008392334,24.479999542236328,26.09000015258789,26.09000015258789,144939600,0.0,0.0
2025-02-21,25.959999084472656,26.290000915527344,24.84000015258789,24.8700008392334,24.8700008392334,111630900,0.0,0.0
2025-02-24,24.549999237060547,24.799999237060547,23.6200008392334,24.270000457763672,24.270000457763672,91358100,0.0,0.0
2025-02-25,24.209999084472656,24.280000686645508,22.770000457763672,22.989999771118164,22.989999771118164,88886500,0.0,0.0
2025-02-26,23.25,23.81999969482422,23.209999084472656,23.520000457763672,23.520000457763672,67449300,0.0,0.0
2025-02-27,23.700000762939453,24.399999618530273,23.06999969482422,23.09000015258789,23.09000015258789,97871900,0.0,0.0
2025-02-28,23.020000457763672,24.440000534057617,22.639999389648438,23.729999542236328,23.729999542236328,104133800,0.0,0.0
2025-03-03,25.0,25.040000915527344,22.520000457763672,22.739999771118164,22.739999771118164,141348700,0.0,0.0
2025-03-04,22.540000915527344,22.6299991607666,20.760000228881836,21.329999923706055,21.329999923706055,152182200,0.0,0.0
2025-03-05,21.329999923706055,21.360000610351562,20.18000030517578,20.809999465942383,20.809999465942383,127219300,0.0,0.0
2025-03-06,20.260000228881836,21.1299991607666,20.0,20.75,20.75,96466400,0.0,0.0
2025-03-07,20.270000457763672,21.200000762939453,20.110000610351562,20.639999389648438,20.639999389648438,81099600,0.0,0.0
2025-03-10,20.239999771118164,20.510000228881836,19.649999618530273,19.93000030517578,19.93000030517578,82760600,0.0,0.0
2025-03-11,19.969999313354492,20.059999465942383,19.290000915527344,19.780000686645508,19.780000686645508,80789000,0.0,0.0
2025-03-12,20.790000915527344,21.170000076293945,20.209999084472656,20.68000030517578,20.68000030517578,128671100,0.0,0.0
2025-03-13,23.5,24.530000686645508,23.1299991607666,23.700000762939453,23.700000762939453,243261000,0.0,0.0
2025-03-14,23.68000030517578,24.3700008392334,23.520000457763672,24.049999237060547,24.049999237060547,116901600,0.0,0.0
2025-03-17,24.420000076293945,26.149999618530273,24.3700008392334,25.690000534057617,25.690000534057617,160723600,0.0,0.0
2025-03-18,25.549999237060547,26.40999984741211,25.389999389648438,25.920000076293945,25.920000076293945,132488800,0.0,0.0
2025-03-19,24.899999618530273,25.229999542236328,24.030000686645508,24.1200008392334,24.1200008392334,135491400,0.0,0.0
2025-03-20,23.770000457763672,24.309999465942383,23.729999542236328,23.959999084472656,23.959999084472656,68937600,0.0,0.0
2025-03-21,23.600000381469727,24.700000762939453,23.489999771118164,24.260000228881836,24.260000228881836,94110700,0.0,0.0
2025-03-24,24.719999313354492,24.989999771118164,24.1299991607666,24.219999313354492,24.219999313354492,69169000,0.0,0.0
2025-03-25,24.18000030517578,24.75,24.110000610351562,24.200000762939453,24.200000762939453,51743300,0.0,0.0
2025-03-26,24.25,24.420000076293945,23.25,23.420000076293945,23.420000076293945,59496700,0.0,0.0
2025-03-27,23.290000915527344,23.760000228881836,22.860000610351562,23.6200008392334,23.6200008392334,57720600,0.0,0.0
2025-03-28,23.350000381469727,23.579999923706055,22.559999465942383,22.709999084472656,22.709999084472656,58365300,0.0,0.0
2025-03-31,22.3799991607666,22.75,21.75,22.709999084472656,22.709999084472656,65832000,0.0,0.0
2025-04-01,22.559999465942383,22.6200008392334,21.65999984741211,22.049999237060547,22.049999237060547,64060400,0.0,0.0
2025-04-02,21.889999389648438,22.3799991607666,21.700000762939453,21.979999542236328,21.979999542236328,58878800,0.0,0.0
2025-04-03,21.399999618530273,23.899999618530273,20.860000610351562,22.43000030517578,22.43000030517578,242972100,0.0,0.0
2025-04-04,21.700000762939453,22.200000762939453,19.700000762939453,19.850000381469727,19.850000381469727,175014700,0.0,0.0
2025-04-07,19.139999389648438,20.670000076293945,18.559999465942383,19.56999969482422,19.56999969482422,142491200,0.0,0.0
2025-04-08,20.059999465942383,20.389999389648438,17.670000076293945,18.1299991607666,18.1299991607666,163982700,0.0,0.0
2025-04-09,18.06999969482422,21.729999542236328,17.979999542236328,21.530000686645508,21.530000686645508,224183500,0.0,0.0
2025-04-10,20.68000030517578,20.81999969482422,19.15999984741211,19.8799991607666,19.8799991607666,129064900,0.0,0.0
2025-04-11,19.25,19.799999237060547,18.18000030517578,19.739999771118164,19.739999771118164,128425800,0.0,0.0
2025-04-14,20.59000015258789,21.049999237060547,19.979999542236328,20.309999465942383,20.309999465942383,101964400,0.0,0.0
2025-04-15,20.200000762939453,20.469999313354492,19.809999465942383,19.850000381469727,19.850000381469727,64056900,0.0,0.0
2025-04-16,19.34000015258789,19.43000030517578,18.719999313354492,19.229999542236328,19.229999542236328,89469700,0.0,0.0
2025-04-17,18.90999984741211,19.100000381469727,18.559999465942383,18.93000030517578,18.93000030517578,85646700,0.0,0.0
2025-04-21,18.93000030517578,18.989999771118164,18.25,18.84000015258789,18.84000015258789,72409900,0.0,0.0
2025-04-22,19.059999465942383,19.739999771118164,19.040000915527344,19.510000228881836,19.510000228881836,83365600,0.0,0.0
2025-04-23,20.719999313354492,21.030000686645508,20.309999465942383,20.59000015258789,20.59000015258789,97188100,0.0,0.0
2025-04-24,21.040000915527344,21.549999237060547,20.8799991607666,21.489999771118164,21.489999771118164,117086200,0.0,0.0
2025-04-25,19.729999542236328,20.18000030517578,19.34000015258789,20.049999237060547,20.049999237060547,147711200,0.0,0.0
2025-04-28,20.1200008392334,21.079999923706055,20.049999237060547,20.510000228881836,20.510000228881836,96624400,0.0,0.0
2025-04-29,20.309999465942383,20.850000381469727,20.219999313354492,20.34000015258789,20.34000015258789,70031900,0.0,0.0
2025-04-30,19.709999084472656,20.18000030517578,19.549999237060547,20.100000381469727,20.100000381469727,68297300,0.0,0.0
2025-05-01,20.219999313354492,20.649999618530273,19.940000534057617,19.979999542236328,19.979999542236328,72607500,0.0,0.0
2025-05-02,20.260000228881836,20.780000686645508,20.209999084472656,20.6200008392334,20.6200008392334,63298500,0.0,0.0
2025-05-05,20.389999389648438,20.579999923706055,20.239999771118164,20.270000457763672,20.270000457763672,44237000,0.0,0.0
2025-05-06,19.920000076293945,20.1200008392334,19.770000457763672,19.940000534057617,19.940000534057617,51330800,0.0,0.0
2025-05-07,19.969999313354492,20.3700008392334,19.81999969482422,20.309999465942383,20.309999465942383,61002600,0.0,0.0
2025-05-08,21.010000228881836,21.239999771118164,20.639999389648438,21.0,21.0,71651700,0.0,0.0
2025-05-09,21.200000762939453,21.450000762939453,20.829999923706055,21.420000076293945,21.420000076293945,51768600,0.0,0.0
2025-05-12,22.18000030517578,22.670000076293945,21.8799991607666,22.18000030517578,22.18000030517578,94578700,0.0,0.0
2025-05-13,22.360000610351562,22.8799991607666,22.299999237060547,22.559999465942383,22.559999465942383,76850400,0.0,0.0
2025-05-14,22.350000381469727,22.459999084472656,21.459999084472656,21.520000457763672,21.520000457763672,91584800,0.0,0.0
2025-05-15,21.229999542236328,21.6299991607666,21.190000534057617,21.549999237060547,21.549999237060547,66705500,0.0,0.0
2025-05-16,21.530000686645508,21.760000228881836,21.350000381469727,21.65999984741211,21.65999984741211,55795100,0.0,0.0
2025-05-19,21.18000030517578,21.559999465942383,21.049999237060547,21.3799991607666,21.3799991607666,64279100,0.0,0.0
2025-05-20,21.329999923706055,21.40999984741211,21.1200008392334,21.270000457763672,21.270000457763672,48497400,0.0,0.0
2025-05-21,21.190000534057617,21.6299991607666,20.59000015258789,20.690000534057617,20.690000534057617,62904700,0.0,0.0
2025-05-22,20.729999542236328,20.899999618530273,20.510000228881836,20.549999237060547,20.549999237060547,56077500,0.0,0.0
2025-05-23,20.15999984741211,20.270000457763672,19.940000534057617,20.049999237060547,20.049999237060547,68206100,0.0,0.0
2025-05-27,20.440000534057617,20.670000076293945,20.18000030517578,20.549999237060547,20.549999237060547,69504600,0.0,0.0
2025-05-28,20.56999969482422,20.639999389648438,20.329999923706055,20.3700008392334,20.3700008392334,46096500,0.0,0.0
2025-05-29,20.540000915527344,20.600000381469727,20.100000381469727,20.25,20.25,66372200,0.0,0.0
2025-05-30,20.260000228881836,20.260000228881836,19.309999465942383,19.549999237060547,19.549999237060547,114281900,0.0,0.0
2025-06-02,19.479999542236328,19.81999969482422,19.3700008392334,19.739999771118164,19.739999771118164,67885500,0.0,0.0
2025-06-03,19.75,20.40999984741211,19.399999618530273,20.290000915527344,20.290000915527344,80401900,0.0,0.0
2025-06-04,20.34000015258789,20.5,20.010000228881836,20.25,20.25,71166500,0.0,0.0
2025-06-05,20.270000457763672,20.549999237060547,19.850000381469727,19.989999771118164,19.989999771118164,72458400,0.0,0.0
2025-06-06,20.170000076293945,20.440000534057617,20.030000686645508,20.059999465942383,20.059999465942383,70072800,0.0,0.0
2025-06-09,20.219999313354492,20.959999084472656,20.219999313354492,20.479999542236328,20.479999542236328,92893900,0.0,0.0
2025-06-10,20.5,22.440000534057617,20.280000686645508,22.079999923706055,22.079999923706055,171457000,0.0,0.0
2025-06-11,21.780000686645508,21.829999923706055,20.3799991607666,20.68000030517578,20.68000030517578,146784500,0.0,0.0
2025-06-12,20.5,20.979999542236328,20.40999984741211,20.770000457763672,20.770000457763672,78175900,0.0,0.0
2025-06-13,20.329999923706055,20.600000381469727,20.100000381469727,20.139999389648438,20.139999389648438,87655900,0.0,0.0
2025-06-16,20.40999984741211,20.93000030517578,20.299999237060547,20.739999771118164,20.739999771118164,86745100,0.0,0.0
2025-06-17,20.6299991607666,21.479999542236328,20.6200008392334,20.799999237060547,20.799999237060547,87512200,0.0,0.0
2025-06-18,20.809999465942383,21.600000381469727,20.65999984741211,21.489999771118164,21.489999771118164,94200600,0.0,0.0
2025-06-20,21.700000762939453,21.889999389648438,20.8799991607666,21.079999923706055,21.079999923706055,133472800,0.0,0.0
2025-06-23,21.06999969482422,21.579999923706055,20.729999542236328,21.190000534057617,21.190000534057617,81461000,0.0,0.0
2025-06-24,21.34000015258789,22.690000534057617,21.329999923706055,22.549999237060547,22.549999237060547,130368700,0.0,0.0
2025-06-25,22.579999923706055,22.770000457763672,22.1299991607666,22.200000762939453,22.200000762939453,64975100,0.0,0.0
2025-06-26,22.399999618530273,22.6200008392334,22.209999084472656,22.5,22.5,63229300,0.0,0.0
2025-06-27,22.709999084472656,23.3799991607666,22.420000076293945,22.690000534057617,22.690000534057617,95542400,0.0,0.0
2025-06-30,22.969999313354492,22.969999313354492,22.270000457763672,22.399999618530273,22.399999618530273,77102400,0.0,0.0
2025-07-01,22.329999923706055,23.15999984741211,22.280000686645508,22.850000381469727,22.850000381469727,79094900,0.0,0.0
2025-07-02,22.530000686645508,22.770000457763672,21.520000457763672,21.8799991607666,21.8799991607666,138245300,0.0,0.0
2025-07-03,22.149999618530273,22.6299991607666,21.989999771118164,22.489999771118164,22.489999771118164,61176000,0.0,0.0
2025-07-07,22.209999084472656,22.389999389648438,21.860000610351562,22.0,22.0,80725200,0.0,0.0
2025-07-08,22.18000030517578,23.790000915527344,22.1299991607666,23.59000015258789,23.59000015258789,119545500,0.0,0.0
2025-07-09,23.290000915527344,23.530000686645508,23.1299991607666,23.440000534057617,23.440000534057617,70247700,0.0,0.0
2025-07-10,23.6299991607666,24.040000915527344,23.479999542236328,23.81999969482422,23.81999969482422,54599800,0.0,0.0
2025-07-11,23.559999465942383,23.65999984741211,23.15999984741211,23.43000030517578,23.43000030517578,49367900,0.0,0.0
2025-07-14,23.239999771118164,23.399999618530273,22.8799991607666,23.299999237060547,23.299999237060547,48420500,0.0,0.0
2025-07-15,23.56999969482422,23.780000686645508,22.899999618530273,22.920000076293945,22.920000076293945,66099400,0.0,0.0
2025-07-16,22.989999771118164,23.1299991607666,22.25,22.690000534057617,22.690000534057617,58865900,0.0,0.0
2025-07-17,22.65999984741211,23.049999237060547,22.59000015258789,22.799999237060547,22.799999237060547,49384000,0.0,0.0
2025-07-18,23.219999313354492,23.59000015258789,22.899999618530273,23.100000381469727,23.100000381469727,60195600,0.0,0.0
2025-07-21,23.399999618530273,23.829999923706055,23.15999984741211,23.260000228881836,23.260000228881836,61658000,0.0,0.0
2025-07-22,23.34000015258789,23.540000915527344,23.079999923706055,23.239999771118164,23.239999771118164,53969800,0.0,0.0
2025-07-23,23.260000228881836,23.6200008392334,22.920000076293945,23.489999771118164,23.489999771118164,68711700,0.0,0.0
2025-07-24,23.489999771118164,23.579999923706055,22.600000381469727,22.6299991607666,22.6299991607666,131963300,0.0,0.0
2025-07-25,20.68000030517578,21.049999237060547,20.360000610351562,20.700000762939453,20.700000762939453,245077700,0.0,0.0
2025-07-28,20.81999969482422,21.290000915527344,20.649999618530273,20.68000030517578,20.68000030517578,86105600,0.0,0.0
2025-07-29,20.690000534057617,20.850000381469727,20.34000015258789,20.40999984741211,20.40999984741211,100831500,0.0,0.0
2025-07-30,20.43000030517578,20.6200008392334,20.079999923706055,20.34000015258789,20.34000015258789,67420300,0.0,0.0
2025-07-31,20.170000076293945,20.229999542236328,19.65999984741211,19.799999237060547,19.799999237060547,90665200,0.0,0.0
2025-08-01,19.5,19.549999237060547,18.969999313354492,19.309999465942383,19.309999465942383,86496100,0.0,0.0
2025-08-04,19.520000457763672,19.59000015258789,19.350000381469727,19.5,19.5,69249400,0.0,0.0
2025-08-05,19.700000762939453,20.540000915527344,19.68000030517578,20.190000534057617,20.190000534057617,97338200,0.0,0.0
2025-08-06,20.1200008392334,20.479999542236328,19.8700008392334,20.40999984741211,20.40999984741211,67074200,0.0,0.0
2025-08-07,20.0,20.440000534057617,19.600000381469727,19.770000457763672,19.770000457763672,131382800,0.0,0.0
2025-08-08,20.0,20.020000457763672,19.610000610351562,19.950000762939453,19.950000762939453,75415000,0.0,0.0
2025-08-11,20.450000762939453,21.600000381469727,20.440000534057617,20.649999618530273,20.649999618530273,175545600,0.0,0.0
2025-08-12,21.200000762939453,21.860000610351562,20.760000228881836,21.809999465942383,21.809999465942383,134153600,0.0,0.0
2025-08-13,21.6200008392334,22.299999237060547,21.360000610351562,22.219999313354492,22.219999313354492,86024400,0.0,0.0
2025-08-14,21.989999771118164,24.200000762939453,21.899999618530273,23.860000610351562,23.860000610351562,188052500,0.0,0.0
2025-08-15,25.010000228881836,25.649999618530273,24.110000610351562,24.559999465942383,24.559999465942383,310161100,0.0,0.0
2025-08-18,24.0,24.899999618530273,23.209999084472656,23.65999984741211,23.65999984741211,212515600,0.0,0.0
2025-08-19,24.940000534057617,26.530000686645508,24.940000534057617,25.309999465942383,25.309999465942383,297659200,0.0,0.0
2025-08-20,24.899999618530273,24.93000030517578,23.329999923706055,23.540000915527344,23.540000915527344,161149400,0.0,0.0
2025-08-21,23.530000686645508,23.56999969482422,22.780000686645508,23.5,23.5,97718300,0.0,0.0
2025-08-22,23.649999618530273,25.229999542236328,23.649999618530273,24.799999237060547,24.799999237060547,200266800,0.0,0.0
2025-08-25,25.5,25.8799991607666,24.440000534057617,24.549999237060547,24.549999237060547,156825600,0.0,0.0
2025-08-26,24.579999923706055,24.739999771118164,24.100000381469727,24.350000381469727,24.350000381469727,78558200,0.0,0.0
2025-08-27,24.190000534057617,24.989999771118164,24.049999237060547,24.850000381469727,24.850000381469727,90934400,0.0,0.0
2025-08-28,24.959999084472656,25.139999389648438,24.610000610351562,24.93000030517578,24.93000030517578,60035100,0.0,0.0
2025-08-29,24.760000228881836,24.969999313354492,24.280000686645508,24.350000381469727,24.350000381469727,63734400,0.0,0.0
2025-09-02,23.8799991607666,24.239999771118164,23.68000030517578,24.209999084472656,24.209999084472656,57661800,0.0,0.0
2025-09-03,24.09000015258789,24.09000015258789,23.719999313354492,24.0,24.0,47822900,0.0,0.0
2025-09-04,23.850000381469727,24.639999389648438,23.75,24.610000610351562,24.610000610351562,59056500,0.0,0.0
2025-09-05,24.600000381469727,24.709999084472656,24.170000076293945,24.489999771118164,24.489999771118164,55975300,0.0,0.0
2025-09-08,24.479999542236328,24.739999771118164,24.1200008392334,24.479999542236328,24.479999542236328,51122100,0.0,0.0
2025-09-09,24.530000686645508,24.809999465942383,24.270000457763672,24.440000534057617,24.440000534057617,42146200,0.0,0.0
2025-09-10,24.420000076293945,24.8700008392334,24.280000686645508,24.770000457763672,24.770000457763672,61600700,0.0,0.0
2025-09-11,24.760000228881836,24.93000030517578,24.56999969482422,24.610000610351562,24.610000610351562,55536900,0.0,0.0
2025-09-12,24.610000610351562,24.6299991607666,24.049999237060547,24.079999923706055,24.079999923706055,52672800,0.0,0.0
2025-09-15,24.329999923706055,25.459999084472656,24.219999313354492,24.770000457763672,24.770000457763672,83951600,0.0,0.0
2025-09-16,24.81999969482422,25.34000015258789,24.690000534057617,25.270000457763672,25.270000457763672,60336600,0.0,0.0
2025-09-17,25.079999923706055,25.260000228881836,24.450000762939453,24.899999618530273,24.899999618530273,63093700,0.0,0.0
2025-09-18,31.780000686645508,32.380001068115234,30.15999984741211,30.56999969482422,30.56999969482422,523908000,0.0,0.0
2025-09-19,30.3799991607666,30.6299991607666,29.329999923706055,29.579999923706055,29.579999923706055,225702900,0.0,0.0
2025-09-22,29.670000076293945,30.100000381469727,28.729999542236328,28.760000228881836,28.760000228881836,130314500,0.0,0.0
2025-09-23,28.989999771118164,30.200000762939453,28.81999969482422,29.34000015258789,29.34000015258789,126317900,0.0,0.0
2025-09-24,29.3799991607666,31.700000762939453,29.229999542236328,31.219999313354492,31.219999313354492,164458500,0.0,0.0
2025-09-25,31.610000610351562,34.25,31.209999084472656,33.9900016784668,33.9900016784668,295709300,0.0,0.0
2025-09-26,35.02000045776367,36.29999923706055,34.4900016784668,35.5,35.5,268583300,0.0,0.0
2025-09-29,34.52000045776367,35.04999923706055,33.72999954223633,34.47999954223633,34.47999954223633,152605900,0.0,0.0
2025-09-30,33.93000030517578,34.2400016784668,33.02000045776367,33.54999923706055,33.54999923706055,124818400,0.0,0.0
2025-10-01,33.529998779296875,36.060001373291016,33.5,35.939998626708984,35.939998626708984,162649700,0.0,0.0
2025-10-02,35.7599983215332,37.56999969482422,35.439998626708984,37.29999923706055,37.29999923706055,149361700,0.0,0.0
2025-10-03,37.95000076293945,38.08000183105469,36.45000076293945,36.83000183105469,36.83000183105469,125359300,0.0,0.0
2025-10-06,37.189998626708984,38.68000030517578,36.43000030517578,36.59000015258789,36.59000015258789,112086100,0.0,0.0
2025-10-07,36.63999938964844,38.04999923706055,36.349998474121094,37.16999816894531,37.16999816894531,111140200,0.0,0.0
2025-10-08,36.54999923706055,37.790000915527344,35.90999984741211,37.43000030517578,37.43000030517578,103202100,0.0,0.0
2025-10-09,37.529998779296875,38.099998474121094,36.86000061035156,37.79999923706055,37.79999923706055,89884700,0.0,0.0
2025-10-10,38.459999084472656,39.650001525878906,36.29999923706055,36.369998931884766,36.369998931884766,183063300,0.0,0.0
2025-10-13,36.439998626708984,37.5099983215332,36.279998779296875,37.220001220703125,37.220001220703125,104020700,0.0,0.0
2025-10-14,36.0,36.54999923706055,34.689998626708984,35.630001068115234,35.630001068115234,117908300,0.0,0.0
2025-10-15,36.400001525878906,37.4900016784668,35.63999938964844,37.150001525878906,37.150001525878906,99242700,0.0,0.0
2025-10-16,37.150001525878906,38.02000045776367,36.40999984741211,36.84000015258789,36.84000015258789,83357800,0.0,0.0
2025-10-17,36.36000061035156,38.380001068115234,36.08000183105469,37.0099983215332,37.0099983215332,119394700,0.0,0.0
2025-10-20,37.56999969482422,38.52000045776367,37.560001373291016,38.099998474121094,38.099998474121094,80230200,0.0,0.0
2025-10-21,38.13999938964844,38.349998474121094,37.66999816894531,38.119998931884766,38.119998931884766,73134900,0.0,0.0
2025-10-22,37.84000015258789,37.93000030517578,36.040000915527344,36.91999816894531,36.91999816894531,87099900,0.0,0.0
2025-10-23,36.599998474121094,38.400001525878906,36.43000030517578,38.15999984741211,38.15999984741211,121974200,0.0,0.0
2025-10-24,40.02000045776367,41.119998931884766,37.83000183105469,38.279998779296875,38.279998779296875,246380000,0.0,0.0
2025-10-27,38.38999938964844,40.66999816894531,38.22999954223633,39.540000915527344,39.540000915527344,160007600,0.0,0.0
2025-10-28,39.59000015258789,42.47999954223633,39.540000915527344,41.529998779296875,41.529998779296875,181256400,0.0,0.0
2025-10-29,41.599998474121094,42.040000915527344,40.91999816894531,41.34000015258789,41.34000015258789,106962900,0.0,0.0
2025-10-30,40.970001220703125,41.43000030517578,40.11000061035156,40.15999984741211,40.15999984741211,84855500,0.0,0.0
2025-10-31,40.68000030517578,40.83000183105469,39.790000915527344,39.9900016784668,39.9900016784668,80471400,0.0,0.0
2025-11-03,40.25,40.45000076293945,39.04999923706055,39.5,39.5,61267500,0.0,0.0
2025-11-04,38.13999938964844,38.25,36.630001068115234,37.029998779296875,37.029998779296875,102250300,0.0,0.0
2025-11-05,37.41999816894531,38.689998626708984,37.11000061035156,38.380001068115234,38.380001068115234,74631600,0.0,0.0
2025-11-06,38.34000015258789,39.84000015258789,36.79999923706055,37.2400016784668,37.2400016784668,77629900,0.0,0.0
2025-11-07,37.2599983215332,38.27000045776367,36.970001220703125,38.130001068115234,38.130001068115234,95521400,0.0,0.0
2025-11-10,38.93000030517578,39.529998779296875,37.970001220703125,38.45000076293945,38.45000076293945,77820300,0.0,0.0
2025-11-11,38.150001525878906,38.220001220703125,37.4900016784668,37.880001068115234,37.880001068115234,53741900,0.0,0.0
2025-11-12,38.060001373291016,38.20000076293945,37.349998474121094,37.88999938964844,37.88999938964844,53876000,0.0,0.0
2025-11-13,37.27000045776367,37.310001373291016,35.45000076293945,35.90999984741211,35.90999984741211,95593200,0.0,0.0
2025-11-14,35.029998779296875,36.099998474121094,34.619998931884766,35.52000045776367,35.52000045776367,71716200,0.0,0.0
2025-11-17,35.45000076293945,35.72999954223633,34.22999954223633,34.709999084472656,34.709999084472656,72580100,0.0,0.0
2025-11-18,34.25,34.7599983215332,33.56999969482422,34.33000183105469,34.33000183105469,61504800,0.0,0.0
2025-11-19,34.33000183105469,35.75,34.25,35.11000061035156,35.11000061035156,67115500,0.0,0.0
2025-11-20,36.0,36.68000030517578,33.47999954223633,33.619998931884766,33.619998931884766,96389100,0.0,0.0
2025-11-21,33.5099983215332,34.97999954223633,32.88999938964844,34.5,34.5,105641700,0.0,0.0
2025-11-24,34.970001220703125,36.15999984741211,34.689998626708984,35.790000915527344,35.790000915527344,103804200,0.0,0.0
2025-11-25,35.54999923706055,36.130001068115234,34.68000030517578,35.83000183105469,35.83000183105469,62203300,0.0,0.0
2025-11-26,36.20000076293945,37.2400016784668,36.130001068115234,36.810001373291016,36.810001373291016,54563400,0.0,0.0
2025-11-28,37.400001525878906,40.59000015258789,37.34000015258789,40.560001373291016,40.560001373291016,95799500,0.0,0.0
2025-12-01,39.86000061035156,40.380001068115234,39.599998474121094,40.0099983215332,40.0099983215332,74534900,0.0,0.0
2025-12-02,40.470001220703125,43.68000030517578,40.04999923706055,43.470001220703125,43.470001220703125,167205800,0.0,0.0
2025-12-03,43.38999938964844,44.02000045776367,42.5099983215332,43.7599983215332,43.7599983215332,91957200,0.0,0.0
2025-12-04,43.2599983215332,43.279998779296875,40.13999938964844,40.5,40.5,107850200,0.0,0.0
2025-12-05,41.15999984741211,42.83000183105469,41.150001525878906,41.40999984741211,41.40999984741211,103042000,0.0,0.0
2025-12-08,41.939998626708984,42.119998931884766,39.70000076293945,40.29999923706055,40.29999923706055,93953600,0.0,0.0
2025-12-09,40.72999954223633,41.2599983215332,40.029998779296875,40.5,40.5,61877200,0.0,0.0
2025-12-10,40.11000061035156,40.9900016784668,38.88999938964844,40.779998779296875,40.779998779296875,75974900,0.0,0.0
2025-12-11,40.06999969482422,40.189998626708984,39.08000183105469,39.5099983215332,39.5099983215332,59096800,0.0,0.0
2025-12-12,39.25,40.029998779296875,37.619998931884766,37.810001373291016,37.810001373291016,87784500,0.0,0.0
2025-12-15,38.33000183105469,38.47999954223633,37.31999969482422,37.5099983215332,37.5099983215332,60898500,0.0,0.0
2025-12-16,37.58000183105469,37.959999084472656,36.91999816894531,37.310001373291016,37.310001373291016,50490300,0.0,0.0
2025-12-17,37.59000015258789,37.84000015258789,35.970001220703125,36.04999923706055,36.04999923706055,54792000,0.0,0.0
2025-12-18,37.380001068115234,37.4900016784668,35.66999816894531,36.279998779296875,36.279998779296875,69468400,0.0,0.0
2025-12-19,36.47999954223633,37.58000183105469,36.439998626708984,36.81999969482422,36.81999969482422,163221300,0.0,0.0
2025-12-22,37.88999938964844,37.900001525878906,36.290000915527344,36.369998931884766,36.369998931884766,51685400,0.0,0.0
2025-12-23,36.2400016784668,36.79999923706055,36.029998779296875,36.349998474121094,36.349998474121094,35958000,0.0,0.0
2025-12-24,35.16999816894531,36.18000030517578,34.95000076293945,36.15999984741211,36.15999984741211,37443800,0.0,0.0
2025-12-26,36.16999816894531,36.4900016784668,35.849998474121094,36.20000076293945,36.20000076293945,28779400,0.0,0.0
2025-12-29,36.0099983215332,36.79999923706055,35.81999969482422,36.68000030517578,36.68000030517578,38062300,0.0,0.0
2025-12-30,36.90999984741211,38.2599983215332,36.81999969482422,37.29999923706055,37.29999923706055,61935300,0.0,0.0
2025-12-31,37.400001525878906,37.58000183105469,36.869998931884766,36.900001525878906,36.900001525878906,51524700,0.0,0.0
2026-01-02,37.77000045776367,39.86000061035156,37.7599983215332,39.380001068115234,39.380001068115234,95396400,0.0,0.0
2026-01-05,41.59000015258789,42.099998474121094,39.27000045776367,39.369998931884766,39.369998931884766,96665400,0.0,0.0
2026-01-06,39.86000061035156,40.310001373291016,38.95000076293945,40.040000915527344,40.040000915527344,66395100,0.0,0.0
2026-01-07,40.18000030517578,44.56999969482422,40.119998931884766,42.630001068115234,42.630001068115234,166028400,0.0,0.0
2026-01-08,42.619998931884766,43.34000015258789,40.68000030517578,41.11000061035156,41.11000061035156,88242000,0.0,0.0
2026-01-09,41.83000183105469,45.72999954223633,41.56999969482422,45.54999923706055,45.54999923706055,186691400,0.0,0.0
2026-01-12,44.2400016784668,45.45000076293945,43.88999938964844,44.060001373291016,44.060001373291016,101989100,0.0,0.0
2026-01-13,45.88999938964844,48.2400016784668,45.220001220703125,47.290000915527344,47.290000915527344,168656400,0.0,0.0
2026-01-14,48.95000076293945,49.0,47.41999816894531,48.720001220703125,48.720001220703125,148225800,0.0,0.0
2026-01-15,49.349998474121094,50.38999938964844,47.83000183105469,48.31999969482422,48.31999969482422,132328900,0.0,0.0
2026-01-16,49.27000045776367,50.209999084472656,46.709999084472656,46.959999084472656,46.959999084472656,127314700,0.0,0.0
2026-01-20,47.29999923706055,50.22999954223633,47.0,48.560001373291016,48.560001373291016,150153000,0.0,0.0
2026-01-21,50.31999969482422,54.40999984741211,50.150001525878906,54.25,54.25,220565300,0.0,0.0
2026-01-22,54.209999084472656,54.599998474121094,53.08000183105469,54.31999969482422,54.31999969482422,190066400,0.0,0.0
2026-01-23,46.86000061035156,48.130001068115234,44.45000076293945,45.06999969482422,45.06999969482422,294675400,0.0,0.0
2026-01-26,44.279998779296875,44.459999084472656,42.279998779296875,42.4900016784668,42.4900016784668,149407800,0.0,0.0
2026-01-27,43.970001220703125,44.529998779296875,43.099998474121094,43.93000030517578,43.93000030517578,121832200,0.0,0.0
2026-01-28,46.599998474121094,49.290000915527344,46.31999969482422,48.779998779296875,48.779998779296875,201995100,0.0,0.0
2026-01-29,47.560001373291016,48.77000045776367,46.9900016784668,48.65999984741211,48.65999984741211,124256600,0.0,0.0
2026-01-30,48.97999954223633,49.58000183105469,45.959999084472656,46.470001220703125,46.470001220703125,114920100,0.0,0.0
2026-02-02,45.630001068115234,49.84000015258789,45.5,48.810001373291016,48.810001373291016,101414600,0.0,0.0
2026-02-03,50.060001373291016,51.4900016784668,48.43000030517578,49.25,49.25,122205100,0.0,0.0
2026-02-04,49.540000915527344,49.70000076293945,47.0,48.599998474121094,48.599998474121094,128702300,0.0,0.0
2026-02-05,47.59000015258789,50.86000061035156,46.790000915527344,48.2400016784668,48.2400016784668,114307800,0.0,0.0
2026-02-06,49.099998474121094,51.29999923706055,48.83000183105469,50.59000015258789,50.59000015258789,115600200,0.0,0.0
2026-02-09,49.59000015258789,51.220001220703125,47.59000015258789,50.2400016784668,50.2400016784668,94841400,0.0,0.0
2026-02-10,50.40999984741211,50.540000915527344,46.77000045776367,47.130001068115234,47.130001068115234,99832900,0.0,0.0
2026-02-11,48.11000061035156,49.54999923706055,46.86000061035156,48.290000915527344,48.290000915527344,107681200,0.0,0.0
2026-02-12,47.79999923706055,48.95000076293945,46.189998626708984,46.47999954223633,46.47999954223633,88321200,0.0,0.0
2026-02-13,45.7599983215332,47.689998626708984,44.970001220703125,46.790000915527344,46.790000915527344,69740400,0.0,0.0
2026-02-17,45.93000030517578,46.83000183105469,45.459999084472656,46.18000030517578,46.18000030517578,65802200,0.0,0.0
2026-02-18,45.91999816894531,46.77000045776367,44.880001068115234,45.459999084472656,45.459999084472656,65306100,0.0,0.0
2026-02-19,44.95000076293945,45.16999816894531,43.91999816894531,44.619998931884766,44.619998931884766,72724900,0.0,0.0
2026-02-20,43.88999938964844,44.38999938964844,42.880001068115234,44.11000061035156,44.11000061035156,90743600,0.0,0.0
2026-02-23,44.09000015258789,44.54999923706055,43.18000030517578,43.630001068115234,43.630001068115234,57130900,0.0,0.0
2026-02-24,44.099998474121094,46.599998474121094,43.540000915527344,46.119998931884766,46.119998931884766,98872300,0.0,0.0
2026-02-25,46.09000015258789,46.970001220703125,45.08000183105469,46.880001068115234,46.880001068115234,75645300,0.0,0.0
2026-02-26,46.77000045776367,46.95000076293945,44.38999938964844,45.459999084472656,45.459999084472656,71457500,0.0,0.0
2026-02-27,44.459999084472656,46.560001373291016,44.400001525878906,45.61000061035156,45.61000061035156,79327200,0.0,0.0
2026-03-02,44.20000076293945,45.810001373291016,43.95000076293945,45.5,45.5,60705100,0.0,0.0
2026-03-03,43.439998626708984,43.689998626708984,42.13999938964844,43.099998474121094,43.099998474121094,83971000,0.0,0.0
2026-03-04,44.06999969482422,46.130001068115234,43.27000045776367,45.58000183105469,45.58000183105469,96628100,0.0,0.0
2026-03-05,44.869998931884766,46.47999954223633,44.70000076293945,45.95000076293945,45.95000076293945,78229400,0.0,0.0
2026-03-06,44.66999816894531,45.18000030517578,43.279998779296875,43.41999816894531,43.41999816894531,74698300,0.0,0.0
2026-03-09,42.7400016784668,45.7599983215332,41.63999938964844,45.58000183105469,45.58000183105469,82937400,0.0,0.0
2026-03-10,45.40999984741211,47.880001068115234,45.40999984741211,46.779998779296875,46.779998779296875,85233300,0.0,0.0
2026-03-11,46.81999969482422,48.83000183105469,46.65999984741211,47.97999954223633,47.97999954223633,72480600,0.0,0.0
2026-03-12,47.400001525878906,47.439998626708984,45.16999816894531,45.25,45.25,85110200,0.0,0.0
2026-03-13,45.970001220703125,46.650001525878906,45.38999938964844,45.77000045776367,45.77000045776367,68386200,0.0,0.0
2026-03-16,47.90999984741211,49.16999816894531,45.689998626708984,45.7599983215332,45.7599983215332,114199400,0.0,0.0
2026-03-17,46.08000183105469,46.08000183105469,43.90999984741211,44.060001373291016,44.060001373291016,89061600,0.0,0.0
2026-03-18,44.20000076293945,45.709999084472656,44.04999923706055,45.029998779296875,45.029998779296875,78056200,0.0,0.0
2026-03-19,43.9900016784668,46.439998626708984,43.650001525878906,46.18000030517578,46.18000030517578,74051500,0.0,0.0
2026-03-20,46.95000076293945,47.54999923706055,43.63999938964844,43.869998931884766,43.869998931884766,162814200,0.0,0.0
2026-03-23,44.5,45.459999084472656,43.7400016784668,44.0099983215332,44.0099983215332,80772200,0.0,0.0
2026-03-24,43.540000915527344,44.310001373291016,43.20000076293945,44.060001373291016,44.060001373291016,65323500,0.0,0.0
2026-03-25,45.849998474121094,47.849998474121094,45.45000076293945,47.18000030517578,47.18000030517578,97467900,0.0,0.0
2026-03-26,46.29999923706055,46.599998474121094,43.91999816894531,44.099998474121094,44.099998474121094,82841400,0.0,0.0
2026-03-27,43.619998931884766,44.130001068115234,42.86000061035156,43.130001068115234,43.130001068115234,70002200,0.0,0.0
2026-03-30,43.720001220703125,43.9900016784668,40.630001068115234,41.189998626708984,41.189998626708984,84596000,0.0,0.0
2026-03-31,41.95000076293945,44.22999954223633,41.599998474121094,44.130001068115234,44.130001068115234,95294900,0.0,0.0
2026-04-01,45.0,48.77000045776367,44.97999954223633,48.029998779296875,48.029998779296875,129598500,0.0,0.0
2026-04-02,46.060001373291016,50.4900016784668,46.040000915527344,50.380001068115234,50.380001068115234,117134200,0.0,0.0
2026-04-06,50.880001068115234,52.38999938964844,49.869998931884766,50.779998779296875,50.779998779296875,79978800,0.0,0.0
2026-04-07,51.90999984741211,53.27000045776367,51.220001220703125,52.90999984741211,52.90999984741211,129543800,0.0,0.0
2026-04-08,55.369998931884766,59.16999816894531,54.79999923706055,58.95000076293945,58.95000076293945,184599900,0.0,0.0
2026-04-09,58.400001525878906,62.08000183105469,58.38999938964844,61.720001220703125,61.720001220703125,155609900,0.0,0.0
2026-04-10,61.52000045776367,63.38999938964844,60.75,62.380001068115234,62.380001068115234,98624400,0.0,0.0
2026-04-13,62.18000030517578,65.6500015258789,62.18000030517578,65.18000030517578,65.18000030517578,112111000,0.0,0.0
2026-04-14,65.16000366210938,65.18000030517578,62.09000015258789,63.810001373291016,63.810001373291016,112796100,0.0,0.0
2026-04-15,63.77000045776367,65.83999633789062,62.880001068115234,64.94000244140625,64.94000244140625,92051500,0.0,0.0
2026-04-16,64.93000030517578,68.61000061035156,64.2699966430664,68.5,68.5,108328300,0.0,0.0
2026-04-17,68.8499984741211,70.33000183105469,67.73999786376953,68.5,68.5,118831500,0.0,0.0
2026-04-20,68.44999694824219,69.20999908447266,64.47000122070312,65.69999694824219,65.69999694824219,96851100,0.0,0.0
2026-04-21,67.13999938964844,67.66999816894531,65.63999938964844,66.26000213623047,66.26000213623047,91402300,0.0,0.0
2026-04-22,67.94000244140625,68.7699966430664,64.9800033569336,65.2699966430664,65.2699966430664,90267300,0.0,0.0
2026-04-23,66.0999984741211,68.27999877929688,65.41999816894531,66.77999877929688,66.77999877929688,155141800,0.0,0.0
2026-04-24,82.19999694824219,85.22000122070312,79.62000274658203,82.54000091552734,82.54000091552734,281405200,0.0,0.0
2026-04-27,83.66999816894531,87.0999984741211,82.61000061035156,84.98999786376953,84.98999786376953,178820200,0.0,0.0
2026-04-28,81.27999877929688,84.58999633789062,80.80000305175781,84.5199966430664,84.5199966430664,147773500,0.0,0.0
2026-04-29,86.13999938964844,94.94999694824219,85.87000274658203,94.75,94.75,235070900,0.0,0.0
2026-04-30,95.5999984741211,95.69000244140625,91.5,94.4800033569336,94.4800033569336,160597300,0.0,0.0
2026-05-01,93.19999694824219,100.44999694824219,92.61000061035156,99.62000274658203,99.62000274658203,158502800,0.0,0.0
2026-05-04,99.18000030517578,99.81999969482422,95.5999984741211,95.77999877929688,95.77999877929688,119294000,0.0,0.0
2026-05-05,100.51000213623047,110.4800033569336,100.08000183105469,108.1500015258789,108.1500015258789,198482000,0.0,0.0
2026-05-06,110.9800033569336,113.5,106.58000183105469,113.01000213623047,113.01000213623047,157320100,0.0,0.0
2026-05-07,111.0199966430664,114.51000213623047,109.1500015258789,109.62000274658203,109.62000274658203,122699900,0.0,0.0
2026-05-08,111.80999755859375,130.57000732421875,111.80000305175781,124.91999816894531,124.91999816894531,227681300,0.0,0.0
2026-05-11,130.8800048828125,132.75,123.91999816894531,129.44000244140625,129.44000244140625,179486500,0.0,0.0
2026-05-12,124.36000061035156,127.79000091552734,115.0,120.61000061035156,120.61000061035156,172516500,0.0,0.0
2026-05-13,124.0999984741211,125.0,116.41000366210938,120.29000091552734,120.29000091552734,115364400,0.0,0.0
2026-05-14,114.66000366210938,118.56999969482422,113.16999816894531,115.93000030517578,115.93000030517578,118279800,0.0,0.0
2026-05-15,109.79000091552734,110.56999969482422,105.0199966430664,108.7699966430664,108.7699966430664,135206000,0.0,0.0
2026-05-18,113.47000122070312,115.54000091552734,103.8499984741211,108.16999816894531,108.16999816894531,145764000,0.0,0.0
2026-05-19,106.9800033569336,113.06999969482422,102.4000015258789,110.80000305175781,110.80000305175781,150234900,0.0,0.0
2026-05-20,116.22000122070312,121.94000244140625,114.80000305175781,118.95999908447266,118.95999908447266,165086900,0.0,0.0
2026-05-21,116.58000183105469,119.41000366210938,113.16999816894531,118.5,118.5,102452500,0.0,0.0
2026-05-22,120.33999633789062,122.77999877929688,118.08999633789062,119.83999633789062,119.83999633789062,82663000,0.0,0.0
2026-05-26,122.0999984741211,125.62000274658203,117.3499984741211,123.5199966430664,123.5199966430664,108167300,0.0,0.0
2026-05-27,124.38999938964844,125.2699966430664,117.0,121.7699966430664,121.7699966430664,93323300,0.0,0.0
2026-05-28,121.44999694824219,123.08000183105469,116.30999755859375,120.88999938964844,120.88999938964844,97321000,0.0,0.0
2026-05-29,123.8499984741211,126.63999938964844,113.54000091552734,114.68000030517578,114.68000030517578,191676100,0.0,0.0
2026-06-01,109.43000030517578,113.30000305175781,106.33000183105469,109.33000183105469,109.33000183105469,134900400,0.0,0.0
2026-06-02,107.44999694824219,109.0,104.16999816894531,107.93000030517578,107.93000030517578,106336200,0.0,0.0
2026-06-03,116.41999816894531,118.29000091552734,110.86000061035156,112.70999908447266,112.70999908447266,118928800,0.0,0.0
2026-06-04,108.4000015258789,113.13999938964844,107.4800033569336,111.77999877929688,111.77999877929688,77325800,0.0,0.0
2026-06-05,106.4800033569336,106.4800033569336,98.33000183105469,99.16999816894531,99.16999816894531,145209400,0.0,0.0
2026-06-08,111.0,112.54000091552734,106.66000366210938,110.2699966430664,110.2699966430664,136973900,0.0,0.0
2026-06-09,112.98999786376953,114.0,99.45999908447266,107.91999816894531,107.91999816894531,149623100,0.0,0.0
2026-06-10,106.02999877929688,111.5,104.91999816894531,107.04000091552734,107.04000091552734,122653500,0.0,0.0
2026-06-11,113.5199966430664,119.44000244140625,110.51000213623047,116.95999908447266,116.95999908447266,188430300,0.0,0.0
2026-06-12,117.41999816894531,127.5999984741211,115.33000183105469,124.56999969482422,124.56999969482422,151169400,0.0,0.0
2026-06-15,129.49000549316406,132.61000061035156,126.66000366210938,127.86000061035156,127.86000061035156,134507500,0.0,0.0
2026-06-16,125.11000061035156,128.6999969482422,116.0,117.05000305175781,117.05000305175781,132962600,0.0,0.0
2026-06-17,121.8499984741211,125.19999694824219,118.05999755859375,121.0999984741211,121.0999984741211,115324900,0.0,0.0
2026-06-18,131.80999755859375,135.47999572753906,127.9000015258789,133.99000549316406,133.99000549316406,233906600,0.0,0.0
2026-06-22,139.1199951171875,141.4499969482422,136.2100067138672,140.94000244140625,140.94000244140625,127190600,0.0,0.0
2026-06-23,129.72999572753906,137.97999572753906,128.3000030517578,132.27999877929688,132.27999877929688,132976700,0.0,0.0
2026-06-24,133.0500030517578,136.0800018310547,127.94999694824219,131.64999389648438,131.64999389648438,104591700,0.0,0.0
2026-06-25,139.72999572753906,140.72000122070312,125.41000366210938,132.8699951171875,132.8699951171875,122588800,0.0,0.0
2026-06-26,128.7100067138672,131.22999572753906,125.5,128.32000732421875,128.32000732421875,99475400,0.0,0.0
2026-06-29,127.0,132.0500030517578,118.5,131.72000122070312,131.72000122070312,106805300,0.0,0.0
2026-06-30,131.99000549316406,142.35000610351562,131.52000427246094,139.6300048828125,139.6300048828125,116996700,0.0,0.0
2026-07-01,135.0,135.74000549316406,126.68000030517578,127.0199966430664,127.0199966430664,113107200,0.0,0.0
2026-07-02,128.9199981689453,130.74000549316406,117.62999725341797,120.3499984741211,120.3499984741211,124577600,0.0,0.0
2026-07-06,122.56999969482422,127.30000305175781,121.5199966430664,122.19999694824219,122.19999694824219,86950200,0.0,0.0
2026-07-07,116.30000305175781,116.47000122070312,108.30000305175781,110.38999938964844,110.38999938964844,140405900,0.0,0.0
2026-07-08,108.30000305175781,110.48999786376953,104.41000366210938,110.23999786376953,110.23999786376953,105488100,0.0,0.0
2026-07-09,114.87000274658203,116.7699966430664,111.51000213623047,112.54000091552734,112.54000091552734,99352500,0.0,0.0
2026-07-10,109.58000183105469,110.8499984741211,107.44999694824219,109.83999633789062,109.83999633789062,70846600,0.0,0.0
2026-07-13,105.9800033569336,106.16999816894531,101.79000091552734,103.12000274658203,103.12000274658203,100988800,0.0,0.0
2026-07-14,107.9800033569336,109.19000244140625,103.58999633789062,107.76000213623047,107.76000213623047,91129000,0.0,0.0
2026-07-15,109.30000305175781,109.61000061035156,99.19999694824219,102.98999786376953,102.98999786376953,120625500,0.0,0.0
2026-07-16,101.13999938964844,101.87999725341797,95.4800033569336,96.9800033569336,96.9800033569336,107742900,0.0,0.0
2026-07-17,92.13999938964844,98.05000305175781,89.58999633789062,95.04000091552734,95.04000091552734,126779300,0.0,0.0
2026-07-20,97.58000183105469,100.9800033569336,96.91999816894531,97.05999755859375,97.05999755859375,89741400,0.0,0.0
2026-07-21,103.19000244140625,106.33999633789062,101.22000122070312,105.44999694824219,105.44999694824219,105429400,0.0,0.0
2026-07-22,101.55000305175781,106.8499984741211,101.4800033569336,102.62000274658203,102.62000274658203,78431000,0.0,0.0
2026-07-23,101.13999938964844,104.18000030517578,99.23999786376953,100.2300033569336,100.2300033569336,140806900,0.0,0.0
2026-07-24,100.36000061035156,101.73999786376953,91.58000183105469,92.31999969482422,92.31999969482422,181132900,0.0,0.0
2026-07-27,92.45999908447266,94.9800033569336,86.94000244140625,91.66999816894531,91.66999816894531,133247300,0.0,0.0
2026-07-28,86.62000274658203,88.27999877929688,83.0999984741211,86.30000305175781,86.30000305175781,154346700,0.0,0.0
2026-07-29,86.56999969482422,88.47000122070312,81.79000091552734,81.87999725341797,81.87999725341797,152394600,0.0,0.0
2026-07-30,86.51000213623047,94.0999984741211,85.97000122070312,91.12999725341797,91.12999725341797,140322600,0.0,0.0
2026-07-31,96.72000122070312,97.9000015258789,90.12999725341797,90.19999694824219,90.19999694824219,109039500,0.0,0.0
2026-08-03,88.4000015258789,91.68000030517578,85.62000274658203,91.0,91.0,96633600,0.0,0.0
2026-08-04,95.23999786376953,101.38999938964844,94.31999969482422,100.86000061035156,100.86000061035156,124355100,0.0,0.0
2026-08-05,99.30000305175781,102.83000183105469,97.9000015258789,101.05999755859375,101.05999755859375,85388400,0.0,0.0
2026-08-06,98.22000122070312,103.37999725341797,95.5999984741211,99.80999755859375,99.80999755859375,78088100,0.0,0.0
2026-08-07,102.33000183105469,103.66000366210938,98.02999877929688,101.6500015258789,101.6500015258789,76760600,0.0,0.0
2026-08-10,98.26000213623047,100.02999877929688,96.30000305175781,97.5199966430664,97.5199966430664,101153400,0.0,0.0
2026-08-11,96.77999877929688,98.3499984741211,95.3499984741211,97.70999908447266,97.70999908447266,164063600,0.0,0.0
2026-08-12,101.33000183105469,103.16000366210938,100.12000274658203,100.94999694824219,100.94999694824219,162446700,0.0,0.0
2026-08-13,101.51000213623047,107.56999969482422,100.33000183105469,104.55999755859375,104.55999755859375,116837600,0.0,0.0
2026-08-14,104.4800033569336,106.87000274658203,102.05000305175781,102.5,102.5,95387500,0.0,0.0
2026-08-17,103.55000305175781,105.97000122070312,101.80000305175781,103.48999786376953,103.48999786376953,88616800,0.0,0.0
2026-08-18,99.22000122070312,99.30999755859375,95.25,96.69000244140625,96.69000244140625,121969500,0.0,0.0
2026-08-19,97.41000366210938,98.19999694824219,91.27999877929688,92.80000305175781,92.80000305175781,110268600,0.0,0.0
2026-08-20,91.87000274658203,92.68000030517578,89.8499984741211,92.12999725341797,92.12999725341797,85654700,0.0,0.0
2026-08-21,92.70999908447266,92.7699966430664,89.75,90.06999969482422,90.06999969482422,91670100,0.0,0.0
2026-08-24,88.86000061035156,88.91000366210938,85.13999938964844,87.26000213623047,87.26000213623047,96903400,0.0,0.0
2026-08-25,90.05999755859375,90.18000030517578,87.29000091552734,87.4800033569336,87.4800033569336,81853800,0.0,0.0
2026-08-26,86.80999755859375,88.27999877929688,85.62999725341797,88.23999786376953,88.23999786376953,75752800,0.0,0.0
2026-08-27,89.91000366210938,92.94999694824219,88.45999908447266,92.08999633789062,92.08999633789062,100556800,0.0,0.0
2026-08-28,90.2699966430664,93.69999694824219,89.05000305175781,89.47000122070312,89.47000122070312,86172600,0.0,0.0
2026-08-31,90.0,91.8499984741211,88.97000122070312,89.51000213623047,89.51000213623047,65188200,0.0,0.0
2026-09-01,86.83999633789062,89.41000366210938,85.72000122070312,88.97000122070312,88.97000122070312,73962100,0.0,0.0
2026-09-02,88.8499984741211,90.43000030517578,87.5,90.05000305175781,90.05000305175781,61554500,0.0,0.0
2026-09-03,89.3499984741211,92.37000274658203,87.7300033569336,91.66999816894531,91.66999816894531,79927800,0.0,0.0
2026-09-04,92.44999694824219,95.94000244140625,91.87000274658203,95.80000305175781,95.80000305175781,97654300,0.0,0.0
2026-09-08,100.80000305175781,106.08999633789062,100.3499984741211,104.47000122070312,104.47000122070312,140269300,0.0,0.0
2026-09-09,102.69999694824219,106.69000244140625,102.69999694824219,106.23999786376953,106.23999786376953,96891400,0.0,0.0
2026-09-10,102.44999694824219,103.2300033569336,99.33999633789062,100.31999969482422,100.31999969482422,96887100,0.0,0.0
2026-09-11,102.47000122070312,104.9000015258789,101.06999969482422,102.94000244140625,102.94000244140625,86990400,0.0,0.0
2026-09-14,95.81999969482422,98.86000061035156,94.5199966430664,97.19000244140625,97.19000244140625,96459700,0.0,0.0
2026-09-15,98.83000183105469,100.4800033569336,96.5199966430664,97.13999938964844,97.13999938964844,84999300,0.0,0.0
2026-09-16,101.37000274658203,104.41999816894531,99.29000091552734,101.05000305175781,101.05000305175781,119923600,0.0,0.0
2026-09-17,104.69999694824219,111.37000274658203,104.69999694824219,108.80000305175781,108.80000305175781,149726000,0.0,0.0
2026-09-18,109.80000305175781,110.48999786376953,106.4000015258789,108.5999984741211,108.5999984741211,174996700,0.0,0.0
2026-09-21,116.52999877929688,124.7300033569336,114.93000030517578,121.77999877929688,121.77999877929688,191638400,0.0,0.0
2026-09-22,120.1500015258789,124.08999633789062,120.08000183105469,123.86000061035156,123.86000061035156,108379400,0.0,0.0
2026-09-23,123.87000274658203,124.25,119.44000244140625,122.5999984741211,122.5999984741211,85621100,0.0,0.0
2026-09-24,120.61000061035156,127.44000244140625,119.55000305175781,127.38999938964844,127.38999938964844,119296700,0.0,0.0
2026-09-25,126.83000183105469,126.93000030517578,122.83999633789062,123.0,123.0,97728400,0.0,0.0
2026-09-28,120.68000030517578,121.70999908447266,114.70999908447266,116.02999877929688,116.02999877929688,112436900,0.0,0.0
2026-09-29,116.69999694824219,118.75,113.97000122070312,115.93000030517578,115.93000030517578,88744500,0.0,0.0
2026-09-30,116.22000122070312,120.55000305175781,116.0,120.2300033569336,120.2300033569336,94917200,0.0,0.0
2026-10-01,118.7300033569336,122.1500015258789,117.3499984741211,120.0,120.0,103559800,0.0,0.0
2026-10-02,124.01000213623047,126.0,118.95999908447266,119.33000183105469,119.33000183105469,95139500,0.0,0.0
