Date,Open,High,Low,Close,Adj Close,Volume,Dividends,Stock Splits
2015-01-02,39.04999923706055,39.150001525878906,38.25,38.709999084472656,28.250028610229492,7333800,0.0,0.0
2015-01-05,38.459999084472656,38.59000015258789,37.16999816894531,37.5,27.366985321044922,12507900,0.0,0.0
2015-01-06,37.470001220703125,37.540000915527344,36.060001373291016,36.41999816894531,26.578807830810547,16507800,0.0,0.0
2015-01-07,36.93000030517578,37.04999923706055,36.599998474121094,36.939998626708984,26.958297729492188,9957700,0.0,0.0
2015-01-08,37.290000915527344,37.7599983215332,37.290000915527344,37.4900016784668,27.359676361083984,8079600,0.0,0.0
2015-01-09,37.58000183105469,37.61000061035156,36.63999938964844,36.880001068115234,26.91451644897461,7807500,0.0,0.0
2015-01-12,36.93000030517578,36.939998626708984,36.040000915527344,36.369998931884766,26.542322158813477,9385900,0.0,0.0
2015-01-13,36.70000076293945,37.060001373291016,35.68000030517578,36.029998779296875,26.294191360473633,12447800,0.0,0.0
2015-01-14,35.34000015258789,35.349998474121094,34.65999984741211,35.209999084472656,25.695772171020508,15898600,0.0,0.0
2015-01-15,35.0,35.2599983215332,34.279998779296875,34.58000183105469,25.236003875732422,17568100,0.0,0.0
2015-01-16,34.36000061035156,35.04999923706055,33.93000030517578,34.88999938964844,25.462236404418945,27056100,0.0,0.0
2015-01-20,34.0,34.83000183105469,33.9900016784668,34.75,25.36005973815918,19400600,0.0,0.0
2015-01-21,34.689998626708984,34.93000030517578,34.130001068115234,34.72999954223633,25.345462799072266,15830500,0.0,0.0
2015-01-22,34.58000183105469,35.58000183105469,34.279998779296875,35.529998779296875,25.92930030822754,18792700,0.0,0.0
2015-01-23,35.34000015258789,35.84000015258789,35.130001068115234,35.150001525878906,25.651994705200195,10969300,0.0,0.0
2015-01-26,34.880001068115234,35.15999984741211,34.65999984741211,35.11000061035156,25.622793197631836,9899900,0.0,0.0
2015-01-27,34.650001525878906,35.029998779296875,34.349998474121094,34.65999984741211,25.29438591003418,9021500,0.0,0.0
2015-01-28,34.779998779296875,34.779998779296875,33.72999954223633,33.77000045776367,24.716182708740234,14730700,0.1,0.0
2015-01-29,33.97999954223633,34.5,33.77000045776367,34.369998931884766,25.15532112121582,11378800,0.0,0.0
2015-01-30,33.959999084472656,34.43000030517578,33.75,33.810001373291016,24.745464324951172,11693000,0.0,0.0
2015-02-02,33.959999084472656,34.41999816894531,33.720001220703125,34.41999816894531,25.191917419433594,12373400,0.0,0.0
2015-02-03,34.54999923706055,35.09000015258789,34.54999923706055,35.040000915527344,25.64569664001465,14545300,0.0,0.0
2015-02-04,34.939998626708984,35.20000076293945,34.630001068115234,34.77000045776367,25.448087692260742,10246300,0.0,0.0
2015-02-05,34.900001525878906,35.08000183105469,34.79999923706055,34.93000030517578,25.565187454223633,10524000,0.0,0.0
2015-02-06,35.43000030517578,36.310001373291016,35.20000076293945,35.790000915527344,26.194625854492188,17087400,0.0,0.0
2015-02-09,35.5,35.869998931884766,35.43000030517578,35.630001068115234,26.077516555786133,8454100,0.0,0.0
2015-02-10,35.95000076293945,36.2599983215332,35.79999923706055,36.15999984741211,26.465423583984375,12491700,0.0,0.0
2015-02-11,36.09000015258789,36.54999923706055,36.060001373291016,36.369998931884766,26.61911964416504,7798100,0.0,0.0
2015-02-12,36.5099983215332,36.95000076293945,36.4900016784668,36.900001525878906,27.007030487060547,8167100,0.0,0.0
2015-02-13,36.93000030517578,37.20000076293945,36.560001373291016,36.779998779296875,26.919200897216797,8019200,0.0,0.0
2015-02-17,36.630001068115234,37.02000045776367,36.41999816894531,36.91999816894531,27.021671295166016,6800200,0.0,0.0
2015-02-18,36.91999816894531,36.970001220703125,36.150001525878906,36.369998931884766,26.61911964416504,7745800,0.0,0.0
2015-02-19,36.29999923706055,36.599998474121094,36.08000183105469,36.33000183105469,26.5898494720459,5856500,0.0,0.0
2015-02-20,36.2400016784668,36.849998474121094,35.849998474121094,36.7400016784668,26.88993263244629,11019700,0.0,0.0
2015-02-23,36.560001373291016,36.58000183105469,36.18000030517578,36.27000045776367,26.54592514038086,7399600,0.0,0.0
2015-02-24,36.25,37.0,36.25,36.7400016784668,26.88993263244629,8910400,0.0,0.0
2015-02-25,36.689998626708984,36.90999984741211,36.59000015258789,36.59000015258789,26.78014373779297,7358500,0.0,0.0
2015-02-26,36.439998626708984,36.5,35.880001068115234,36.060001373291016,26.39223861694336,10363200,0.0,0.0
2015-02-27,35.959999084472656,36.040000915527344,35.72999954223633,35.790000915527344,26.194625854492188,8264200,0.0,0.0
2015-03-02,35.63999938964844,36.25,35.619998931884766,36.2400016784668,26.523971557617188,7118100,0.0,0.0
2015-03-03,36.0,36.43000030517578,35.720001220703125,35.81999969482422,26.216583251953125,8338800,0.0,0.0
2015-03-04,35.650001525878906,35.68000030517578,35.02000045776367,35.09000015258789,25.68229103088379,11533500,0.0,0.0
2015-03-05,35.2400016784668,35.540000915527344,34.959999084472656,35.52000045776367,25.997011184692383,8976400,0.0,0.0
2015-03-06,35.40999984741211,36.650001525878906,35.31999969482422,35.529998779296875,26.004329681396484,14177300,0.0,0.0
2015-03-09,35.529998779296875,35.75,35.310001373291016,35.66999816894531,26.106788635253906,8573800,0.0,0.0
2015-03-10,35.150001525878906,35.2400016784668,34.83000183105469,34.880001068115234,25.528587341308594,10996700,0.0,0.0
2015-03-11,34.880001068115234,35.15999984741211,34.779998779296875,34.95000076293945,25.5798282623291,10593900,0.0,0.0
2015-03-12,36.369998931884766,37.18000030517578,36.09000015258789,37.09000015258789,27.146089553833008,18321000,0.0,0.0
2015-03-13,36.939998626708984,37.220001220703125,36.08000183105469,36.349998474121094,26.6044864654541,11237500,0.0,0.0
2015-03-16,36.54999923706055,36.790000915527344,36.310001373291016,36.72999954223633,26.882612228393555,8077200,0.0,0.0
2015-03-17,36.369998931884766,36.650001525878906,36.09000015258789,36.54999923706055,26.750865936279297,8381800,0.0,0.0
2015-03-18,36.45000076293945,36.970001220703125,36.34000015258789,36.72999954223633,26.882612228393555,9870300,0.0,0.0
2015-03-19,36.59000015258789,36.66999816894531,35.689998626708984,36.11000061035156,26.42882537841797,10873800,0.0,0.0
2015-03-20,36.150001525878906,36.689998626708984,36.09000015258789,36.5,26.71427345275879,14009000,0.0,0.0
2015-03-23,36.439998626708984,36.65999984741211,36.29999923706055,36.310001373291016,26.575210571289062,7341600,0.0,0.0
2015-03-24,36.2400016784668,36.439998626708984,36.0,36.2400016784668,26.523971557617188,7952200,0.0,0.0
2015-03-25,36.22999954223633,36.22999954223633,35.369998931884766,35.45000076293945,25.94577407836914,9066500,0.0,0.0
2015-03-26,35.290000915527344,35.72999954223633,35.0,35.619998931884766,26.07019805908203,10180500,0.0,0.0
2015-03-27,35.54999923706055,35.869998931884766,35.38999938964844,35.83000183105469,26.22389793395996,9157800,0.0,0.0
2015-03-30,36.0,36.560001373291016,35.970001220703125,36.310001373291016,26.575210571289062,8954200,0.0,0.0
2015-03-31,36.209999084472656,36.2599983215332,35.650001525878906,35.689998626708984,26.121435165405273,10258200,0.0,0.0
2015-04-01,35.720001220703125,36.029998779296875,35.36000061035156,35.970001220703125,26.32636070251465,7975800,0.0,0.0
2015-04-02,35.810001373291016,36.20000076293945,35.790000915527344,36.060001373291016,26.39223861694336,6271300,0.0,0.0
2015-04-06,35.61000061035156,36.13999938964844,35.43000030517578,35.90999984741211,26.28244972229004,6624300,0.0,0.0
2015-04-07,36.20000076293945,36.41999816894531,35.93000030517578,35.939998626708984,26.30440330505371,8045000,0.0,0.0
2015-04-08,36.08000183105469,36.400001525878906,35.95000076293945,36.2599983215332,26.538612365722656,6602800,0.0,0.0
2015-04-09,36.150001525878906,36.720001220703125,36.099998474121094,36.63999938964844,26.816734313964844,7910400,0.0,0.0
2015-04-10,36.75,36.790000915527344,35.959999084472656,36.2400016784668,26.523971557617188,10047800,0.0,0.0
2015-04-13,36.2400016784668,36.61000061035156,36.16999816894531,36.29999923706055,26.567890167236328,6207400,0.0,0.0
2015-04-14,36.459999084472656,36.9900016784668,36.29999923706055,36.84000015258789,26.963111877441406,12320000,0.0,0.0
2015-04-15,36.88999938964844,37.560001373291016,36.77000045776367,37.38999938964844,27.365657806396484,13022600,0.0,0.0
2015-04-16,37.54999923706055,37.560001373291016,37.08000183105469,37.36000061035156,27.34370231628418,8876100,0.0,0.0
2015-04-17,37.04999923706055,37.06999969482422,36.52000045776367,36.75,26.897241592407227,10033800,0.0,0.0
2015-04-20,37.31999969482422,37.45000076293945,36.70000076293945,36.959999084472656,27.050939559936523,13301900,0.0,0.0
2015-04-21,36.959999084472656,37.34000015258789,36.70000076293945,36.75,26.897241592407227,11380900,0.0,0.0
2015-04-22,36.84000015258789,37.439998626708984,36.630001068115234,37.20000076293945,27.226593017578125,10161300,0.0,0.0
2015-04-23,37.16999816894531,37.56999969482422,37.0099983215332,37.380001068115234,27.358333587646484,8486900,0.0,0.0
2015-04-24,37.45000076293945,37.45000076293945,37.04999923706055,37.36000061035156,27.34370231628418,8643200,0.0,0.0
2015-04-27,37.439998626708984,37.63999938964844,37.0,37.04999923706055,27.116798400878906,8924200,0.0,0.0
2015-04-28,36.83000183105469,37.15999984741211,36.619998931884766,37.040000915527344,27.219697952270508,7525400,0.15,0.0
2015-04-29,36.720001220703125,37.689998626708984,36.720001220703125,37.4900016784668,27.55039405822754,9518400,0.0,0.0
2015-04-30,37.31999969482422,37.70000076293945,37.09000015258789,37.310001373291016,27.41811180114746,10413900,0.0,0.0
2015-05-01,37.5,37.630001068115234,37.310001373291016,37.5099983215332,27.56508445739746,6469600,0.0,0.0
2015-05-04,37.58000183105469,37.939998626708984,37.529998779296875,37.90999984741211,27.859039306640625,7375700,0.0,0.0
2015-05-05,37.720001220703125,37.95000076293945,37.36000061035156,37.45000076293945,27.5209903717041,10339600,0.0,0.0
2015-05-06,37.529998779296875,37.630001068115234,36.7599983215332,37.04999923706055,27.227027893066406,9532500,0.0,0.0
2015-05-07,36.97999954223633,37.619998931884766,36.849998474121094,37.540000915527344,27.587129592895508,12404700,0.0,0.0
2015-05-08,37.630001068115234,37.959999084472656,37.529998779296875,37.88999938964844,27.844331741333008,10037900,0.0,0.0
2015-05-11,37.849998474121094,38.5,37.84000015258789,38.25,28.108882904052734,12349100,0.0,0.0
2015-05-12,38.0,38.029998779296875,37.459999084472656,37.720001220703125,27.719404220581055,9689300,0.0,0.0
2015-05-13,37.790000915527344,37.93000030517578,37.470001220703125,37.779998779296875,27.763498306274414,7016100,0.0,0.0
2015-05-14,37.970001220703125,38.16999816894531,37.83000183105469,38.13999938964844,28.028057098388672,7291300,0.0,0.0
2015-05-15,38.11000061035156,38.189998626708984,37.7400016784668,37.849998474121094,27.814943313598633,7093800,0.0,0.0
2015-05-18,37.88999938964844,38.400001525878906,37.849998474121094,38.33000183105469,28.167688369750977,6061400,0.0,0.0
2015-05-19,38.33000183105469,38.849998474121094,38.33000183105469,38.689998626708984,28.432228088378906,7380900,0.0,0.0
2015-05-20,38.599998474121094,38.650001525878906,38.189998626708984,38.33000183105469,28.167688369750977,6339300,0.0,0.0
2015-05-21,38.18000030517578,38.34000015258789,38.0,38.040000915527344,27.954572677612305,7141500,0.0,0.0
2015-05-22,38.040000915527344,38.349998474121094,38.02000045776367,38.16999816894531,28.050098419189453,5513900,0.0,0.0
2015-05-26,38.02000045776367,38.150001525878906,37.59000015258789,37.790000915527344,27.770845413208008,8434000,0.0,0.0
2015-05-27,38.0099983215332,38.72999954223633,37.869998931884766,38.619998931884766,28.380796432495117,8252300,0.0,0.0
2015-05-28,38.56999969482422,38.779998779296875,38.40999984741211,38.72999954223633,28.461626052856445,9717600,0.0,0.0
2015-05-29,38.63999938964844,38.709999084472656,38.16999816894531,38.20000076293945,28.072145462036133,7858800,0.0,0.0
2015-06-01,38.41999816894531,38.720001220703125,38.15999984741211,38.58000183105469,28.351396560668945,8830700,0.0,0.0
2015-06-02,38.43000030517578,38.7400016784668,38.27000045776367,38.52000045776367,28.30730628967285,6178700,0.0,0.0
2015-06-03,38.790000915527344,39.2400016784668,38.61000061035156,39.0099983215332,28.66739845275879,7812600,0.0,0.0
2015-06-04,38.630001068115234,39.209999084472656,38.59000015258789,38.70000076293945,28.439586639404297,7713400,0.0,0.0
2015-06-05,39.22999954223633,39.400001525878906,38.95000076293945,39.290000915527344,28.87316131591797,9808100,0.0,0.0
2015-06-08,39.63999938964844,39.75,38.9900016784668,39.09000015258789,28.726181030273438,7327000,0.0,0.0
2015-06-09,39.08000183105469,39.279998779296875,38.790000915527344,39.130001068115234,28.755578994750977,7807900,0.0,0.0
2015-06-10,39.29999923706055,39.95000076293945,39.15999984741211,39.88999938964844,29.3140811920166,9546900,0.0,0.0
2015-06-11,40.0,40.18000030517578,39.630001068115234,39.869998931884766,29.299388885498047,6981000,0.0,0.0
2015-06-12,39.650001525878906,39.86000061035156,39.5099983215332,39.61000061035156,29.10832405090332,5896300,0.0,0.0
2015-06-15,39.220001220703125,39.63999938964844,38.95000076293945,39.529998779296875,29.04952621459961,5635300,0.0,0.0
2015-06-16,39.38999938964844,39.810001373291016,39.349998474121094,39.7400016784668,29.203847885131836,4580300,0.0,0.0
2015-06-17,39.88999938964844,39.959999084472656,39.529998779296875,39.58000183105469,29.086273193359375,7029500,0.0,0.0
2015-06-18,39.68000030517578,39.93000030517578,39.31999969482422,39.790000915527344,29.24058723449707,7593800,0.0,0.0
2015-06-19,39.630001068115234,39.93000030517578,39.220001220703125,39.369998931884766,28.931943893432617,10338800,0.0,0.0
2015-06-22,39.86000061035156,40.04999923706055,39.709999084472656,39.849998474121094,29.284679412841797,8676300,0.0,0.0
2015-06-23,40.060001373291016,40.2400016784668,39.97999954223633,40.209999084472656,29.549236297607422,9380300,0.0,0.0
2015-06-24,39.970001220703125,40.2599983215332,39.540000915527344,39.63999938964844,29.130355834960938,8065700,0.0,0.0
2015-06-25,39.81999969482422,39.869998931884766,39.13999938964844,39.220001220703125,28.821718215942383,8939700,0.0,0.0
2015-06-26,39.470001220703125,39.720001220703125,39.36000061035156,39.5,29.02747917175293,8325600,0.0,0.0
2015-06-29,38.81999969482422,39.20000076293945,38.29999923706055,38.310001373291016,28.152982711791992,10819300,0.0,0.0
2015-06-30,38.81999969482422,39.09000015258789,38.560001373291016,38.790000915527344,28.50571632385254,11102300,0.0,0.0
2015-07-01,39.459999084472656,39.529998779296875,39.18000030517578,39.36000061035156,28.92460060119629,10549900,0.0,0.0
2015-07-02,39.2599983215332,39.38999938964844,38.72999954223633,39.0,28.6600341796875,6801200,0.0,0.0
2015-07-06,38.40999984741211,38.91999816894531,38.400001525878906,38.849998474121094,28.5498104095459,8044500,0.0,0.0
2015-07-07,38.7400016784668,38.900001525878906,37.650001525878906,38.619998931884766,28.380796432495117,12759200,0.0,0.0
2015-07-08,38.16999816894531,38.33000183105469,37.77000045776367,37.790000915527344,27.770845413208008,9113300,0.0,0.0
2015-07-09,38.4900016784668,38.58000183105469,38.04999923706055,38.099998474121094,27.9986572265625,7286000,0.0,0.0
2015-07-10,38.75,38.849998474121094,38.45000076293945,38.63999938964844,28.395496368408203,6780400,0.0,0.0
2015-07-13,39.08000183105469,39.380001068115234,38.95000076293945,39.31999969482422,28.895206451416016,7183900,0.0,0.0
2015-07-14,39.33000183105469,39.90999984741211,39.2599983215332,39.709999084472656,29.181808471679688,8054600,0.0,0.0
2015-07-15,39.95000076293945,39.95000076293945,39.47999954223633,39.70000076293945,29.174455642700195,7649400,0.0,0.0
2015-07-16,40.0099983215332,40.09000015258789,39.84000015258789,39.90999984741211,29.328781127929688,7969800,0.0,0.0
2015-07-17,39.7599983215332,40.25,39.66999816894531,40.20000076293945,29.541887283325195,8153700,0.0,0.0
2015-07-20,40.900001525878906,41.040000915527344,39.900001525878906,40.040000915527344,29.424312591552734,15141800,0.0,0.0
2015-07-21,39.709999084472656,40.31999969482422,39.709999084472656,40.08000183105469,29.453712463378906,11773400,0.0,0.0
2015-07-22,40.16999816894531,40.619998931884766,40.08000183105469,40.540000915527344,29.79175567626953,9435900,0.0,0.0
2015-07-23,40.47999954223633,40.7400016784668,39.810001373291016,39.939998626708984,29.350828170776367,10281600,0.0,0.0
2015-07-24,40.11000061035156,40.119998931884766,39.2400016784668,39.599998474121094,29.100969314575195,8370100,0.0,0.0
2015-07-27,39.2599983215332,39.380001068115234,38.869998931884766,39.25,28.843772888183594,11948000,0.0,0.0
2015-07-28,39.599998474121094,39.720001220703125,39.029998779296875,39.25,28.843772888183594,9201100,0.0,0.0
2015-07-29,39.02000045776367,39.45000076293945,38.91999816894531,39.290000915527344,28.983919143676758,9677800,0.15,0.0
2015-07-30,39.150001525878906,39.400001525878906,38.849998474121094,39.29999923706055,28.991304397583008,5512100,0.0,0.0
2015-07-31,39.279998779296875,39.349998474121094,38.790000915527344,38.84000015258789,28.651958465576172,7347600,0.0,0.0
2015-08-03,38.959999084472656,38.970001220703125,38.41999816894531,38.7599983215332,28.59294891357422,7078100,0.0,0.0
2015-08-04,38.849998474121094,39.18000030517578,38.7400016784668,38.91999816894531,28.710983276367188,6365800,0.0,0.0
2015-08-05,39.290000915527344,39.349998474121094,38.79999923706055,39.0,28.769989013671875,4981000,0.0,0.0
2015-08-06,39.040000915527344,39.18000030517578,38.65999984741211,38.93000030517578,28.718353271484375,7573500,0.0,0.0
2015-08-07,38.95000076293945,39.18000030517578,38.2599983215332,38.58000183105469,28.46016502380371,8329500,0.0,0.0
2015-08-10,38.79999923706055,39.15999984741211,38.79999923706055,39.08000183105469,28.829010009765625,5585000,0.0,0.0
2015-08-11,38.47999954223633,38.540000915527344,37.72999954223633,37.91999816894531,27.973283767700195,11188900,0.0,0.0
2015-08-12,37.56999969482422,37.63999938964844,36.56999969482422,37.56999969482422,27.715097427368164,13981400,0.0,0.0
2015-08-13,37.709999084472656,37.95000076293945,37.470001220703125,37.75,27.847883224487305,6554200,0.0,0.0
2015-08-14,37.689998626708984,38.060001373291016,37.61000061035156,38.04999923706055,28.069185256958008,5029500,0.0,0.0
2015-08-17,37.72999954223633,38.18000030517578,37.54999923706055,38.13999938964844,28.135578155517578,5109200,0.0,0.0
2015-08-18,38.06999969482422,38.209999084472656,37.790000915527344,37.81999969482422,27.89952278137207,8794400,0.0,0.0
2015-08-19,37.61000061035156,37.779998779296875,37.2400016784668,37.439998626708984,27.619186401367188,8549700,0.0,0.0
2015-08-20,36.939998626708984,37.0,36.16999816894531,36.16999816894531,26.682329177856445,14129400,0.0,0.0
2015-08-21,35.56999969482422,35.88999938964844,34.15999984741211,34.209999084472656,25.2364444732666,30185700,0.0,0.0
2015-08-24,31.6200008392334,33.61000061035156,30.399999618530273,32.2599983215332,23.79794692993164,24624100,0.0,0.0
2015-08-25,33.79999923706055,33.79999923706055,31.729999542236328,31.760000228881836,23.429100036621094,19890100,0.0,0.0
2015-08-26,32.75,33.5,32.130001068115234,33.29999923706055,24.56515121459961,25346400,0.0,0.0
2015-08-27,34.0,34.349998474121094,33.54999923706055,34.29999923706055,25.302837371826172,21258600,0.0,0.0
2015-08-28,34.11000061035156,34.189998626708984,33.720001220703125,34.04999923706055,25.11842155456543,13192400,0.0,0.0
2015-08-31,34.09000015258789,34.970001220703125,33.869998931884766,34.45000076293945,25.413490295410156,13393000,0.0,0.0
2015-09-01,33.41999816894531,33.77000045776367,32.810001373291016,33.119998931884766,24.43236541748047,14590100,0.0,0.0
2015-09-02,33.75,33.810001373291016,33.15999984741211,33.790000915527344,24.926626205444336,12151000,0.0,0.0
2015-09-03,33.849998474121094,34.4900016784668,33.63999938964844,33.79999923706055,24.933992385864258,11670800,0.0,0.0
2015-09-04,33.31999969482422,33.540000915527344,32.849998474121094,33.189998626708984,24.48400115966797,12774100,0.0,0.0
2015-09-08,33.900001525878906,34.41999816894531,33.84000015258789,34.27000045776367,25.280717849731445,13449200,0.0,0.0
2015-09-09,34.849998474121094,35.04999923706055,33.650001525878906,33.75,24.89711570739746,10657200,0.0,0.0
2015-09-10,33.630001068115234,34.13999938964844,33.470001220703125,33.869998931884766,24.98563575744629,9692500,0.0,0.0
2015-09-11,33.77000045776367,34.0099983215332,33.47999954223633,33.9900016784668,25.07415199279785,7800900,0.0,0.0
2015-09-14,33.91999816894531,34.11000061035156,33.630001068115234,33.810001373291016,24.941373825073242,9102200,0.0,0.0
2015-09-15,33.939998626708984,34.7599983215332,33.790000915527344,34.58000183105469,25.5093936920166,8776700,0.0,0.0
2015-09-16,34.61000061035156,34.779998779296875,34.29999923706055,34.619998931884766,25.538902282714844,10540400,0.0,0.0
2015-09-17,34.59000015258789,34.900001525878906,33.88999938964844,34.04999923706055,25.11842155456543,13617200,0.0,0.0
2015-09-18,33.560001373291016,33.599998474121094,32.84000015258789,33.029998779296875,24.3659725189209,19591300,0.0,0.0
2015-09-21,33.349998474121094,33.599998474121094,33.029998779296875,33.34000015258789,24.594650268554688,8950900,0.0,0.0
2015-09-22,32.77000045776367,32.869998931884766,32.099998474121094,32.439998626708984,23.930734634399414,13385500,0.0,0.0
2015-09-23,32.38999938964844,32.779998779296875,32.11000061035156,32.31999969482422,23.84221076965332,12264700,0.0,0.0
2015-09-24,31.950000762939453,32.060001373291016,31.3799991607666,31.969999313354492,23.584022521972656,16766500,0.0,0.0
2015-09-25,32.54999923706055,32.790000915527344,32.060001373291016,32.189998626708984,23.746307373046875,13797800,0.0,0.0
2015-09-28,31.8799991607666,31.920000076293945,30.809999465942383,31.09000015258789,22.934844970703125,15445400,0.0,0.0
2015-09-29,31.09000015258789,31.270000457763672,30.469999313354492,31.010000228881836,22.875837326049805,13715900,0.0,0.0
2015-09-30,31.540000915527344,31.790000915527344,31.280000686645508,31.5,23.237302780151367,15024800,0.0,0.0
2015-10-01,31.420000076293945,31.809999465942383,31.020000457763672,31.5,23.237302780151367,13358700,0.0,0.0
2015-10-02,30.399999618530273,31.469999313354492,30.149999618530273,31.43000030517578,23.185665130615234,22822500,0.0,0.0
2015-10-05,31.739999771118164,32.47999954223633,31.709999084472656,32.290000915527344,23.820087432861328,11635700,0.0,0.0
2015-10-06,32.06999969482422,32.43000030517578,31.940000534057617,32.36000061035156,23.871721267700195,8875100,0.0,0.0
2015-10-07,33.13999938964844,33.33000183105469,32.619998931884766,32.93000030517578,24.29219627380371,13458400,0.0,0.0
2015-10-08,33.08000183105469,33.209999084472656,32.5,32.9900016784668,24.336467742919922,11407600,0.0,0.0
2015-10-09,32.95000076293945,33.2599983215332,32.40999984741211,32.720001220703125,24.137296676635742,11711000,0.0,0.0
2015-10-12,32.75,32.849998474121094,32.529998779296875,32.79999923706055,24.19630241394043,7034500,0.0,0.0
2015-10-13,32.52000045776367,33.16999816894531,32.5099983215332,32.61000061035156,24.056140899658203,10943700,0.0,0.0
2015-10-14,32.58000183105469,33.099998474121094,32.380001068115234,32.540000915527344,24.00450897216797,9877500,0.0,0.0
2015-10-15,32.709999084472656,33.68000030517578,32.36000061035156,33.61000061035156,24.793827056884766,12920500,0.0,0.0
2015-10-16,33.84000015258789,34.08000183105469,33.5,33.95000076293945,25.04465103149414,13804700,0.0,0.0
2015-10-19,31.920000076293945,32.33000183105469,31.600000381469727,32.31999969482422,23.84221076965332,39255600,0.0,0.0
2015-10-20,32.209999084472656,32.400001525878906,31.670000076293945,32.25,23.79056739807129,23590400,0.0,0.0
2015-10-21,32.400001525878906,32.40999984741211,31.360000610351562,31.479999542236328,23.22255516052246,22175900,0.0,0.0
2015-10-22,31.700000762939453,32.43000030517578,31.6299991607666,32.349998474121094,23.86433982849121,18753800,0.0,0.0
2015-10-23,32.58000183105469,32.9900016784668,32.34000015258789,32.619998931884766,24.063520431518555,14730700,0.0,0.0
2015-10-26,32.630001068115234,32.81999969482422,32.31999969482422,32.54999923706055,24.011878967285156,10952300,0.0,0.0
2015-10-27,32.349998474121094,32.369998931884766,31.799999237060547,32.22999954223633,23.775821685791016,13302400,0.0,0.0
2015-10-28,32.150001525878906,33.630001068115234,32.11000061035156,33.439998626708984,24.783777236938477,17285600,0.15,0.0
2015-10-29,33.439998626708984,33.880001068115234,33.349998474121094,33.540000915527344,24.857891082763672,12759600,0.0,0.0
2015-10-30,33.439998626708984,33.56999969482422,32.93000030517578,32.970001220703125,24.435434341430664,13581100,0.0,0.0
2015-11-02,33.099998474121094,33.720001220703125,33.02000045776367,33.47999954223633,24.813411712646484,9887900,0.0,0.0
2015-11-03,33.27000045776367,33.540000915527344,33.08000183105469,33.290000915527344,24.6726016998291,11389800,0.0,0.0
2015-11-04,33.400001525878906,33.599998474121094,33.2400016784668,33.400001525878906,24.75412368774414,9125400,0.0,0.0
2015-11-05,33.529998779296875,34.04999923706055,33.40999984741211,33.880001068115234,25.10987091064453,12192300,0.0,0.0
2015-11-06,34.939998626708984,35.61000061035156,34.849998474121094,35.40999984741211,26.243820190429688,19355200,0.0,0.0
2015-11-09,35.52000045776367,35.7400016784668,34.84000015258789,35.11000061035156,26.021469116210938,10976800,0.0,0.0
2015-11-10,35.0,35.31999969482422,34.72999954223633,35.2400016784668,26.11782455444336,7335600,0.0,0.0
2015-11-11,35.380001068115234,35.540000915527344,34.95000076293945,35.02000045776367,25.954769134521484,7506000,0.0,0.0
2015-11-12,34.7400016784668,34.77000045776367,34.18000030517578,34.22999954223633,25.36927032470703,10403400,0.0,0.0
2015-11-13,34.040000915527344,34.369998931884766,33.779998779296875,33.93000030517578,25.146928787231445,8728000,0.0,0.0
2015-11-16,33.7400016784668,34.13999938964844,33.220001220703125,34.04999923706055,25.235872268676758,11227400,0.0,0.0
2015-11-17,34.439998626708984,34.439998626708984,33.470001220703125,33.59000015258789,24.894939422607422,10853300,0.0,0.0
2015-11-18,33.689998626708984,34.310001373291016,33.61000061035156,34.25,25.384096145629883,10396200,0.0,0.0
2015-11-19,34.279998779296875,34.439998626708984,33.95000076293945,34.16999816894531,25.324804306030273,8947800,0.0,0.0
2015-11-20,34.33000183105469,34.529998779296875,33.779998779296875,33.90999984741211,25.132112503051758,8624100,0.0,0.0
2015-11-23,33.91999816894531,34.13999938964844,33.56999969482422,33.63999938964844,24.9320011138916,7963000,0.0,0.0
2015-11-24,33.27000045776367,33.779998779296875,33.18000030517578,33.59000015258789,24.894939422607422,7954500,0.0,0.0
2015-11-25,33.619998931884766,33.75,33.439998626708984,33.61000061035156,24.909761428833008,6210000,0.0,0.0
2015-11-27,33.630001068115234,33.91999816894531,33.47999954223633,33.779998779296875,25.03575325012207,3014600,0.0,0.0
2015-11-30,33.810001373291016,34.529998779296875,33.70000076293945,34.29999923706055,25.421152114868164,17416300,0.0,0.0
2015-12-01,34.599998474121094,35.349998474121094,34.599998474121094,35.27000045776367,26.140058517456055,18594200,0.0,0.0
2015-12-02,35.36000061035156,35.400001525878906,34.720001220703125,34.88999938964844,25.858427047729492,10996500,0.0,0.0
2015-12-03,35.04999923706055,35.220001220703125,34.290000915527344,34.45000076293945,25.532318115234375,15021200,0.0,0.0
2015-12-04,34.65999984741211,35.58000183105469,34.40999984741211,35.31999969482422,26.1771183013916,13205400,0.0,0.0
2015-12-07,35.279998779296875,35.310001373291016,34.41999816894531,34.68000030517578,25.702781677246094,8389200,0.0,0.0
2015-12-08,34.22999954223633,34.349998474121094,33.84000015258789,34.060001373291016,25.2432804107666,10613400,0.0,0.0
2015-12-09,33.79999923706055,34.310001373291016,33.09000015258789,33.369998931884766,24.73188591003418,13211200,0.0,0.0
2015-12-10,33.5,33.900001525878906,33.279998779296875,33.41999816894531,24.768943786621094,10674500,0.0,0.0
2015-12-11,32.810001373291016,33.04999923706055,31.93000030517578,32.08000183105469,23.77582359313965,16133000,0.0,0.0
2015-12-14,32.130001068115234,32.52000045776367,31.389999389648438,31.8799991607666,23.627588272094727,14990100,0.0,0.0
2015-12-15,32.63999938964844,33.08000183105469,32.560001373291016,32.84000015258789,24.339086532592773,13708800,0.0,0.0
2015-12-16,33.16999816894531,33.77000045776367,32.68000030517578,33.61000061035156,24.909761428833008,13682900,0.0,0.0
2015-12-17,33.83000183105469,33.849998474121094,32.36000061035156,32.380001068115234,23.9981632232666,15959800,0.0,0.0
2015-12-18,32.130001068115234,32.25,31.25,31.290000915527344,23.190317153930664,19331700,0.0,0.0
2015-12-21,31.6200008392334,31.799999237060547,31.190000534057617,31.68000030517578,23.4793643951416,10920100,0.0,0.0
2015-12-22,31.959999084472656,32.380001068115234,31.610000610351562,32.220001220703125,23.87957763671875,11468400,0.0,0.0
2015-12-23,32.470001220703125,32.72999954223633,32.279998779296875,32.599998474121094,24.161211013793945,6807100,0.0,0.0
2015-12-24,32.56999969482422,32.709999084472656,32.439998626708984,32.47999954223633,24.072275161743164,2798200,0.0,0.0
2015-12-28,32.36000061035156,32.36000061035156,31.950000762939453,32.16999816894531,23.84252166748047,5420300,0.0,0.0
2015-12-29,32.439998626708984,32.70000076293945,32.33000183105469,32.54999923706055,24.12415313720703,6388200,0.0,0.0
2015-12-30,32.5,32.650001525878906,32.20000076293945,32.22999954223633,23.886993408203125,5057200,0.0,0.0
2015-12-31,31.90999984741211,32.29999923706055,31.770000457763672,31.809999465942383,23.575712203979492,8154300,0.0,0.0
2016-01-04,30.700000762939453,31.520000457763672,30.559999465942383,31.479999542236328,23.331134796142578,15749200,0.0,0.0
2016-01-05,31.479999542236328,31.700000762939453,30.93000030517578,31.280000686645508,23.182903289794922,9850500,0.0,0.0
2016-01-06,30.6299991607666,30.780000686645508,30.25,30.5,22.604814529418945,13057400,0.0,0.0
2016-01-07,29.8799991607666,30.06999969482422,28.780000686645508,28.979999542236328,21.478282928466797,18138200,0.0,0.0
2016-01-08,29.40999984741211,29.489999771118164,28.299999237060547,28.3799991607666,21.033594131469727,15295600,0.0,0.0
2016-01-11,28.450000762939453,28.600000381469727,27.809999465942383,28.459999084472656,21.092884063720703,19414800,0.0,0.0
2016-01-12,28.739999771118164,28.8799991607666,28.0,28.459999084472656,21.092884063720703,16041800,0.0,0.0
2016-01-13,28.729999542236328,28.799999237060547,26.5,26.889999389648438,19.929296493530273,29721900,0.0,0.0
2016-01-14,26.989999771118164,27.31999969482422,26.229999542236328,27.149999618530273,20.121986389160156,23814500,0.0,0.0
2016-01-15,26.030000686645508,26.40999984741211,25.510000228881836,25.969999313354492,19.247446060180664,29462200,0.0,0.0
2016-01-19,26.829999923706055,27.1299991607666,25.760000228881836,26.260000228881836,19.462369918823242,28788200,0.0,0.0
2016-01-20,25.700000762939453,25.770000457763672,24.670000076293945,25.239999771118164,18.70641326904297,25940900,0.0,0.0
2016-01-21,25.290000915527344,25.59000015258789,24.690000534057617,24.780000686645508,18.36548614501953,22130300,0.0,0.0
2016-01-22,25.260000228881836,25.979999542236328,25.18000030517578,25.610000610351562,18.980636596679688,22498400,0.0,0.0
2016-01-25,25.459999084472656,25.510000228881836,24.940000534057617,24.979999542236328,18.51370620727539,20144600,0.0,0.0
2016-01-26,25.040000915527344,25.65999984741211,25.030000686645508,25.489999771118164,18.89170265197754,13362900,0.0,0.0
2016-01-27,25.25,26.15999984741211,25.049999237060547,25.3700008392334,18.914060592651367,19796300,0.15,0.0
2016-01-28,25.670000076293945,25.84000015258789,24.940000534057617,25.170000076293945,18.764955520629883,16015600,0.0,0.0
2016-01-29,25.350000381469727,25.889999389648438,25.1200008392334,25.8799991607666,19.294279098510742,18766500,0.0,0.0
2016-02-01,25.780000686645508,25.93000030517578,25.420000076293945,25.709999084472656,19.167545318603516,11177900,0.0,0.0
2016-02-02,25.360000610351562,25.360000610351562,24.389999389648438,24.5,18.26545524597168,18326800,0.0,0.0
2016-02-03,24.43000030517578,24.520000457763672,23.290000915527344,24.31999969482422,18.131258010864258,25132900,0.0,0.0
2016-02-04,24.149999618530273,25.200000762939453,24.1200008392334,25.010000228881836,18.645666122436523,17497500,0.0,0.0
2016-02-05,25.09000015258789,25.420000076293945,24.18000030517578,24.350000381469727,18.153623580932617,16106100,0.0,0.0
2016-02-08,23.760000228881836,23.84000015258789,22.31999969482422,22.670000076293945,16.901132583618164,24258700,0.0,0.0
2016-02-09,21.889999389648438,23.290000915527344,21.760000228881836,22.93000030517578,17.09497833251953,25642000,0.0,0.0
2016-02-10,23.3799991607666,23.780000686645508,22.639999389648438,22.700000762939453,16.92350196838379,21564200,0.0,0.0
2016-02-11,21.670000076293945,22.1299991607666,21.15999984741211,21.690000534057617,16.170515060424805,29160400,0.0,0.0
2016-02-12,21.90999984741211,23.200000762939453,21.860000610351562,23.09000015258789,17.214256286621094,22802200,0.0,0.0
2016-02-16,24.06999969482422,24.139999389648438,23.209999084472656,23.719999313354492,17.68393898010254,20565500,0.0,0.0
2016-02-17,24.219999313354492,24.670000076293945,24.1200008392334,24.229999542236328,18.06415557861328,19226500,0.0,0.0
2016-02-18,24.360000610351562,24.540000915527344,23.780000686645508,23.959999084472656,17.86286163330078,17521200,0.0,0.0
2016-02-19,23.780000686645508,24.190000534057617,23.639999389648438,24.0,17.892690658569336,12986200,0.0,0.0
2016-02-22,24.399999618530273,24.739999771118164,24.329999923706055,24.540000915527344,18.295278549194336,12182000,0.0,0.0
2016-02-23,24.450000762939453,24.489999771118164,23.68000030517578,23.709999084472656,17.676481246948242,14728800,0.0,0.0
2016-02-24,23.15999984741211,23.709999084472656,22.68000030517578,23.709999084472656,17.676481246948242,20271400,0.0,0.0
2016-02-25,23.799999237060547,24.68000030517578,23.770000457763672,24.6299991607666,18.36237335205078,17568600,0.0,0.0
2016-02-26,25.0,25.670000076293945,24.780000686645508,25.15999984741211,18.757503509521484,19258000,0.0,0.0
2016-02-29,25.010000228881836,25.149999618530273,24.670000076293945,24.700000762939453,18.41455841064453,13301500,0.0,0.0
2016-03-01,25.09000015258789,26.1200008392334,25.059999465942383,26.09000015258789,19.450847625732422,17197000,0.0,0.0
2016-03-02,26.0,26.290000915527344,25.829999923706055,26.110000610351562,19.46575355529785,16119300,0.0,0.0
2016-03-03,26.100000381469727,26.190000534057617,25.809999465942383,26.139999389648438,19.488121032714844,11515400,0.0,0.0
2016-03-04,26.260000228881836,26.5,25.90999984741211,26.1299991607666,19.480663299560547,13629400,0.0,0.0
2016-03-07,25.84000015258789,26.329999923706055,25.700000762939453,26.09000015258789,19.450847625732422,9835300,0.0,0.0
2016-03-08,25.700000762939453,25.860000610351562,24.940000534057617,25.010000228881836,18.645666122436523,21715100,0.0,0.0
2016-03-09,25.200000762939453,25.260000228881836,24.440000534057617,24.610000610351562,18.34745979309082,23542300,0.0,0.0
2016-03-10,24.90999984741211,25.149999618530273,24.450000762939453,24.649999618530273,18.377281188964844,20117300,0.0,0.0
2016-03-11,25.149999618530273,26.09000015258789,25.110000610351562,26.0,19.38374137878418,24457300,0.0,0.0
2016-03-14,25.829999923706055,26.06999969482422,25.65999984741211,25.90999984741211,19.316648483276367,17603300,0.0,0.0
2016-03-15,25.6299991607666,25.690000534057617,25.1200008392334,25.43000030517578,18.958789825439453,15900500,0.0,0.0
2016-03-16,25.299999237060547,25.790000915527344,24.709999084472656,25.15999984741211,18.757503509521484,17841100,0.0,0.0
2016-03-17,25.010000228881836,26.030000686645508,24.579999923706055,25.850000381469727,19.271921157836914,20718900,0.0,0.0
2016-03-18,26.049999237060547,26.549999237060547,25.979999542236328,26.280000686645508,19.592496871948242,24032000,0.0,0.0
2016-03-21,26.170000076293945,26.610000610351562,25.860000610351562,25.940000534057617,19.339012145996094,10054000,0.0,0.0
2016-03-22,25.610000610351562,26.020000457763672,25.450000762939453,25.84000015258789,19.264461517333984,13623900,0.0,0.0
2016-03-23,25.829999923706055,25.8700008392334,25.200000762939453,25.270000457763672,18.83951187133789,10430600,0.0,0.0
2016-03-24,24.940000534057617,24.940000534057617,24.290000915527344,24.93000030517578,18.58602523803711,15777900,0.0,0.0
2016-03-28,24.979999542236328,25.06999969482422,24.68000030517578,24.719999313354492,18.42946434020996,9540200,0.0,0.0
2016-03-29,24.559999465942383,24.809999465942383,24.1200008392334,24.780000686645508,18.474201202392578,13927200,0.0,0.0
2016-03-30,24.959999084472656,25.43000030517578,24.760000228881836,25.06999969482422,18.69040298461914,11502400,0.0,0.0
2016-03-31,24.90999984741211,25.540000915527344,24.889999389648438,25.010000228881836,18.645666122436523,15492000,0.0,0.0
2016-04-01,24.889999389648438,25.68000030517578,24.6200008392334,25.530000686645508,19.033349990844727,15484800,0.0,0.0
2016-04-04,25.489999771118164,25.510000228881836,24.90999984741211,25.040000915527344,18.66803550720215,11408300,0.0,0.0
2016-04-05,24.6299991607666,24.700000762939453,24.239999771118164,24.3799991607666,18.17598533630371,12860000,0.0,0.0
2016-04-06,24.34000015258789,24.729999542236328,24.270000457763672,24.420000076293945,18.205808639526367,14982000,0.0,0.0
2016-04-07,24.229999542236328,24.309999465942383,23.510000228881836,23.719999313354492,17.68393898010254,17145400,0.0,0.0
2016-04-08,24.010000228881836,24.18000030517578,23.65999984741211,23.75,17.70630645751953,10000600,0.0,0.0
2016-04-11,23.899999618530273,24.440000534057617,23.8700008392334,24.110000610351562,17.974702835083008,12107600,0.0,0.0
2016-04-12,24.219999313354492,24.850000381469727,24.18000030517578,24.579999923706055,18.325096130371094,14947800,0.0,0.0
2016-04-13,25.030000686645508,25.8799991607666,24.979999542236328,25.8799991607666,19.294279098510742,18251000,0.0,0.0
2016-04-14,25.739999771118164,26.260000228881836,25.65999984741211,26.170000076293945,19.510486602783203,18678400,0.0,0.0
2016-04-15,26.309999465942383,26.3700008392334,25.709999084472656,25.760000228881836,19.204811096191406,14899900,0.0,0.0
2016-04-18,26.18000030517578,26.200000762939453,25.530000686645508,25.729999542236328,19.182453155517578,29605100,0.0,0.0
2016-04-19,25.860000610351562,26.489999771118164,25.799999237060547,26.459999084472656,19.726688385009766,23006500,0.0,0.0
2016-04-20,26.479999542236328,27.479999542236328,26.420000076293945,27.40999984741211,20.434938430786133,24836300,0.0,0.0
2016-04-21,27.350000381469727,27.8799991607666,27.149999618530273,27.260000228881836,20.323108673095703,16579300,0.0,0.0
2016-04-22,27.31999969482422,27.81999969482422,27.290000915527344,27.700000762939453,20.651142120361328,19084100,0.0,0.0
2016-04-25,27.530000686645508,27.709999084472656,27.229999542236328,27.530000686645508,20.524404525756836,11748800,0.0,0.0
2016-04-26,27.510000228881836,27.670000076293945,27.329999923706055,27.549999237060547,20.539310455322266,13779800,0.0,0.0
2016-04-27,27.329999923706055,27.829999923706055,27.190000534057617,27.530000686645508,20.63675880432129,12481700,0.15,0.0
2016-04-28,27.229999542236328,27.81999969482422,27.079999923706055,27.229999542236328,20.411882400512695,11096600,0.0,0.0
2016-04-29,27.010000228881836,27.239999771118164,26.860000610351562,27.059999465942383,20.284446716308594,15477400,0.0,0.0
2016-05-02,27.100000381469727,27.520000457763672,26.84000015258789,27.260000228881836,20.434370040893555,14987500,0.0,0.0
2016-05-03,26.8799991607666,26.90999984741211,26.34000015258789,26.889999389648438,20.15702247619629,16716600,0.0,0.0
2016-05-04,26.5,26.6200008392334,26.049999237060547,26.280000686645508,19.699750900268555,15144500,0.0,0.0
2016-05-05,26.260000228881836,26.5,26.0,26.170000076293945,19.617292404174805,11909100,0.0,0.0
2016-05-06,25.989999771118164,26.350000381469727,25.899999618530273,26.25,19.67726707458496,12002200,0.0,0.0
2016-05-09,26.239999771118164,26.5,26.040000915527344,26.100000381469727,19.564823150634766,10734400,0.0,0.0
2016-05-10,26.40999984741211,26.790000915527344,26.280000686645508,26.6299991607666,19.962112426757812,11200000,0.0,0.0
2016-05-11,26.59000015258789,26.989999771118164,26.350000381469727,26.360000610351562,19.759723663330078,9589900,0.0,0.0
2016-05-12,26.559999465942383,26.729999542236328,25.969999313354492,26.229999542236328,19.66227149963379,9838300,0.0,0.0
2016-05-13,26.190000534057617,26.649999618530273,25.889999389648438,25.889999389648438,19.407400131225586,13378800,0.0,0.0
2016-05-16,25.860000610351562,26.420000076293945,25.850000381469727,26.209999084472656,19.647279739379883,9883900,0.0,0.0
2016-05-17,26.079999923706055,26.559999465942383,25.950000762939453,26.15999984741211,19.609800338745117,14474100,0.0,0.0
2016-05-18,26.190000534057617,27.290000915527344,26.18000030517578,27.239999771118164,20.41937828063965,20329900,0.0,0.0
2016-05-19,27.06999969482422,27.350000381469727,26.440000534057617,26.610000610351562,19.94712257385254,11487100,0.0,0.0
2016-05-20,26.850000381469727,27.170000076293945,26.670000076293945,26.770000457763672,20.067058563232422,14313000,0.0,0.0
2016-05-23,26.719999313354492,26.940000534057617,26.600000381469727,26.829999923706055,20.112031936645508,8913100,0.0,0.0
2016-05-24,27.040000915527344,27.65999984741211,26.959999084472656,27.40999984741211,20.54681396484375,18026100,0.0,0.0
2016-05-25,27.610000610351562,28.290000915527344,27.600000381469727,27.780000686645508,20.824169158935547,15856700,0.0,0.0
2016-05-26,27.90999984741211,27.90999984741211,27.350000381469727,27.420000076293945,20.55430793762207,10080100,0.0,0.0
2016-05-27,27.450000762939453,27.639999389648438,27.309999465942383,27.530000686645508,20.63675880432129,10156100,0.0,0.0
2016-05-31,27.639999389648438,27.8700008392334,27.239999771118164,27.3700008392334,20.516830444335938,12723400,0.0,0.0
2016-06-01,27.110000610351562,27.56999969482422,26.670000076293945,27.489999771118164,20.606779098510742,11175000,0.0,0.0
2016-06-02,27.459999084472656,27.549999237060547,27.219999313354492,27.280000686645508,20.449359893798828,8077400,0.0,0.0
2016-06-03,26.600000381469727,26.649999618530273,26.010000228881836,26.540000915527344,19.894651412963867,14562600,0.0,0.0
2016-06-06,26.6200008392334,27.010000228881836,26.549999237060547,26.850000381469727,20.12702751159668,10174200,0.0,0.0
2016-06-07,26.90999984741211,26.940000534057617,26.5,26.520000457763672,19.87965965270996,9949100,0.0,0.0
2016-06-08,26.459999084472656,26.81999969482422,26.399999618530273,26.540000915527344,19.894651412963867,10311500,0.0,0.0
2016-06-09,26.270000457763672,26.309999465942383,25.950000762939453,26.079999923706055,19.549821853637695,9893000,0.0,0.0
2016-06-10,25.639999389648438,25.850000381469727,25.440000534057617,25.540000915527344,19.145044326782227,13449800,0.0,0.0
2016-06-13,25.309999465942383,25.729999542236328,25.239999771118164,25.260000228881836,18.935144424438477,12824300,0.0,0.0
2016-06-14,25.09000015258789,25.420000076293945,24.420000076293945,24.600000381469727,18.440404891967773,15812900,0.0,0.0
2016-06-15,24.84000015258789,25.170000076293945,24.56999969482422,24.719999313354492,18.530359268188477,17393000,0.0,0.0
2016-06-16,24.450000762939453,25.110000610351562,24.229999542236328,25.06999969482422,18.792720794677734,16309400,0.0,0.0
2016-06-17,25.100000381469727,25.489999771118164,25.049999237060547,25.309999465942383,18.972627639770508,19295900,0.0,0.0
2016-06-20,25.8799991607666,26.299999237060547,25.850000381469727,25.899999618530273,19.414897918701172,17426400,0.0,0.0
2016-06-21,26.059999465942383,26.299999237060547,25.799999237060547,26.200000762939453,19.639785766601562,12357100,0.0,0.0
2016-06-22,26.229999542236328,26.68000030517578,26.139999389648438,26.389999389648438,19.782211303710938,14542900,0.0,0.0
2016-06-23,26.93000030517578,27.290000915527344,26.799999237060547,27.290000915527344,20.45685577392578,18027200,0.0,0.0
2016-06-24,25.06999969482422,25.530000686645508,24.510000228881836,24.520000457763672,18.38043785095215,49311900,0.0,0.0
2016-06-27,24.049999237060547,24.110000610351562,23.110000610351562,23.610000610351562,17.698291778564453,25434000,0.0,0.0
2016-06-28,24.260000228881836,24.6299991607666,23.8799991607666,24.610000610351562,18.44790267944336,19792300,0.0,0.0
2016-06-29,24.940000534057617,25.25,24.639999389648438,25.229999542236328,18.912662506103516,13760800,0.0,0.0
2016-06-30,25.34000015258789,26.0,25.18000030517578,25.979999542236328,19.474870681762695,19736300,0.0,0.0
2016-07-01,25.770000457763672,26.399999618530273,25.760000228881836,25.920000076293945,19.42989158630371,8863400,0.0,0.0
2016-07-05,25.5,25.56999969482422,24.829999923706055,25.0,18.740249633789062,13317300,0.0,0.0
2016-07-06,24.729999542236328,25.229999542236328,24.56999969482422,25.149999618530273,18.85269546508789,14165000,0.0,0.0
2016-07-07,25.270000457763672,25.920000076293945,25.260000228881836,25.690000534057617,19.257484436035156,13428700,0.0,0.0
2016-07-08,26.170000076293945,26.43000030517578,26.030000686645508,26.3700008392334,19.767213821411133,14141600,0.0,0.0
2016-07-11,26.690000534057617,26.920000076293945,26.389999389648438,26.459999084472656,19.834678649902344,13213000,0.0,0.0
2016-07-12,26.81999969482422,27.440000534057617,26.790000915527344,27.3700008392334,20.516830444335938,15516900,0.0,0.0
2016-07-13,27.450000762939453,27.479999542236328,26.940000534057617,27.15999984741211,20.359405517578125,12911900,0.0,0.0
2016-07-14,27.799999237060547,28.079999923706055,27.65999984741211,28.0,20.98908042907715,15436600,0.0,0.0
2016-07-15,28.25,28.280000686645508,27.690000534057617,28.010000228881836,20.9965763092041,18519800,0.0,0.0
2016-07-18,28.059999465942383,28.229999542236328,27.860000610351562,28.209999084472656,21.146501541137695,14083900,0.0,0.0
2016-07-19,27.950000762939453,28.399999618530273,27.770000457763672,28.190000534057617,21.13150978088379,21511200,0.0,0.0
2016-07-20,29.139999389648438,29.139999389648438,28.190000534057617,28.780000686645508,21.57377815246582,28606100,0.0,0.0
2016-07-21,28.719999313354492,29.079999923706055,28.6299991607666,28.8700008392334,21.641237258911133,20312700,0.0,0.0
2016-07-22,28.770000457763672,29.06999969482422,28.729999542236328,28.920000076293945,21.678720474243164,12996700,0.0,0.0
2016-07-25,28.81999969482422,29.139999389648438,28.790000915527344,29.1299991607666,21.836137771606445,10622900,0.0,0.0
2016-07-26,29.020000457763672,29.280000686645508,28.8700008392334,29.229999542236328,21.911100387573242,15019500,0.0,0.0
2016-07-27,29.030000686645508,29.3700008392334,28.93000030517578,29.020000457763672,21.903554916381836,13672200,0.2,0.0
2016-07-28,28.899999618530273,29.030000686645508,28.65999984741211,28.860000610351562,21.78278923034668,11528400,0.0,0.0
2016-07-29,28.770000457763672,29.010000228881836,28.59000015258789,28.729999542236328,21.684667587280273,10498500,0.0,0.0
2016-08-01,28.84000015258789,28.920000076293945,28.3700008392334,28.5,21.511064529418945,10396000,0.0,0.0
2016-08-02,28.389999389648438,28.559999465942383,27.790000915527344,28.0,21.133682250976562,16915500,0.0,0.0
2016-08-03,27.969999313354492,28.510000228881836,27.950000762939453,28.420000076293945,21.450685501098633,10562000,0.0,0.0
2016-08-04,28.270000457763672,28.399999618530273,27.989999771118164,28.280000686645508,21.345008850097656,12162900,0.0,0.0
2016-08-05,28.600000381469727,29.18000030517578,28.59000015258789,29.010000228881836,21.896005630493164,11881900,0.0,0.0
2016-08-08,29.020000457763672,29.420000076293945,29.0,29.1200008392334,21.979032516479492,9018600,0.0,0.0
2016-08-09,29.149999618530273,29.489999771118164,29.149999618530273,29.34000015258789,22.145078659057617,11012600,0.0,0.0
2016-08-10,29.389999389648438,29.469999313354492,29.049999237060547,29.110000610351562,21.971477508544922,8186700,0.0,0.0
2016-08-11,29.190000534057617,29.450000762939453,29.030000686645508,29.3799991607666,22.175270080566406,8741100,0.0,0.0
2016-08-12,29.149999618530273,29.200000762939453,28.860000610351562,29.170000076293945,22.016767501831055,9749000,0.0,0.0
2016-08-15,29.3700008392334,29.799999237060547,29.309999465942383,29.65999984741211,22.38660430908203,9411000,0.0,0.0
2016-08-16,29.989999771118164,30.3700008392334,29.8700008392334,30.25,22.831928253173828,22161900,0.0,0.0
2016-08-17,30.270000457763672,30.469999313354492,30.1200008392334,30.3700008392334,22.92249870300293,12327000,0.0,0.0
2016-08-18,30.270000457763672,30.739999771118164,30.200000762939453,30.549999237060547,23.058359146118164,13369400,0.0,0.0
2016-08-19,30.399999618530273,30.719999313354492,30.260000228881836,30.549999237060547,23.058359146118164,8831900,0.0,0.0
2016-08-22,30.440000534057617,30.700000762939453,30.389999389648438,30.600000381469727,23.096094131469727,6613900,0.0,0.0
2016-08-23,30.799999237060547,30.969999313354492,30.670000076293945,30.719999313354492,23.18666648864746,7907700,0.0,0.0
2016-08-24,30.81999969482422,31.15999984741211,30.719999313354492,30.90999984741211,23.330074310302734,12453500,0.0,0.0
2016-08-25,30.90999984741211,31.059999465942383,30.770000457763672,30.969999313354492,23.375356674194336,7838700,0.0,0.0
2016-08-26,31.1200008392334,31.579999923706055,30.93000030517578,31.15999984741211,23.518768310546875,10693400,0.0,0.0
2016-08-29,31.209999084472656,31.600000381469727,31.149999618530273,31.40999984741211,23.707460403442383,9167800,0.0,0.0
2016-08-30,31.40999984741211,32.189998626708984,31.40999984741211,32.189998626708984,24.296184539794922,13745600,0.0,0.0
2016-08-31,32.130001068115234,32.310001373291016,31.719999313354492,32.060001373291016,24.198060989379883,15561200,0.0,0.0
2016-09-01,32.13999938964844,32.369998931884766,31.440000534057617,31.90999984741211,24.08484649658203,11986500,0.0,0.0
2016-09-02,31.959999084472656,32.209999084472656,31.670000076293945,31.889999389648438,24.069751739501953,12288200,0.0,0.0
2016-09-06,31.959999084472656,32.220001220703125,31.549999237060547,31.75,23.964086532592773,14191400,0.0,0.0
2016-09-07,31.68000030517578,31.940000534057617,31.579999923706055,31.690000534057617,23.918798446655273,10845000,0.0,0.0
2016-09-08,31.700000762939453,32.209999084472656,31.610000610351562,32.040000915527344,24.182973861694336,12696100,0.0,0.0
2016-09-09,31.979999542236328,32.27000045776367,31.59000015258789,31.59000015258789,23.843318939208984,16493900,0.0,0.0
2016-09-12,31.31999969482422,32.31999969482422,31.139999389648438,32.2400016784668,24.333927154541016,13888100,0.0,0.0
2016-09-13,31.690000534057617,32.0,31.270000457763672,31.459999084472656,23.74519920349121,13954100,0.0,0.0
2016-09-14,31.489999771118164,31.809999465942383,31.309999465942383,31.559999465942383,23.8206844329834,11687600,0.0,0.0
2016-09-15,31.549999237060547,32.13999938964844,31.5,31.950000762939453,24.11503791809082,9947900,0.0,0.0
2016-09-16,31.670000076293945,31.799999237060547,31.3799991607666,31.59000015258789,23.843318939208984,14756200,0.0,0.0
2016-09-19,31.719999313354492,32.099998474121094,31.520000457763672,31.600000381469727,23.850866317749023,7806500,0.0,0.0
2016-09-20,31.84000015258789,32.0,31.649999618530273,31.700000762939453,23.92635154724121,8849000,0.0,0.0
2016-09-21,31.84000015258789,32.060001373291016,31.5,31.920000076293945,24.0924015045166,10073600,0.0,0.0
2016-09-22,32.130001068115234,32.439998626708984,31.979999542236328,32.2400016784668,24.333927154541016,8185300,0.0,0.0
2016-09-23,32.119998931884766,32.25,31.670000076293945,31.90999984741211,24.08484649658203,9400600,0.0,0.0
2016-09-26,31.530000686645508,31.56999969482422,30.959999084472656,31.030000686645508,23.4206485748291,10217700,0.0,0.0
2016-09-27,30.81999969482422,31.489999771118164,30.6200008392334,31.350000381469727,23.66217613220215,9753500,0.0,0.0
2016-09-28,31.440000534057617,31.799999237060547,31.31999969482422,31.770000457763672,23.97917938232422,7425100,0.0,0.0
2016-09-29,31.770000457763672,32.11000061035156,30.739999771118164,31.040000915527344,23.428192138671875,12529700,0.0,0.0
2016-09-30,31.270000457763672,32.31999969482422,31.0,32.060001373291016,24.198060989379883,16269700,0.0,0.0
2016-10-03,32.02000045776367,32.150001525878906,31.469999313354492,31.950000762939453,24.11503791809082,10324300,0.0,0.0
2016-10-04,32.06999969482422,32.400001525878906,31.809999465942383,32.040000915527344,24.182973861694336,9525400,0.0,0.0
2016-10-05,32.16999816894531,32.72999954223633,32.099998474121094,32.560001373291016,24.575454711914062,11157700,0.0,0.0
2016-10-06,32.47999954223633,32.650001525878906,32.20000076293945,32.38999938964844,24.4471378326416,11347200,0.0,0.0
2016-10-07,32.34000015258789,32.52000045776367,31.950000762939453,32.310001373291016,24.386762619018555,11406100,0.0,0.0
2016-10-10,32.619998931884766,32.709999084472656,32.40999984741211,32.560001373291016,24.575454711914062,6609200,0.0,0.0
2016-10-11,32.4900016784668,32.7599983215332,31.950000762939453,32.18000030517578,24.28864097595215,6827700,0.0,0.0
2016-10-12,32.18000030517578,32.380001068115234,31.8799991607666,31.90999984741211,24.08484649658203,6743300,0.0,0.0
2016-10-13,31.489999771118164,33.0,30.959999084472656,31.729999542236328,23.948989868164062,13893500,0.0,0.0
2016-10-14,32.2400016784668,32.790000915527344,31.889999389648438,32.06999969482422,24.205615997314453,13734100,0.0,0.0
2016-10-17,32.04999923706055,32.16999816894531,31.610000610351562,31.790000915527344,23.99427604675293,10114300,0.0,0.0
2016-10-18,32.25,32.5099983215332,32.040000915527344,32.31999969482422,24.39430046081543,13091600,0.0,0.0
2016-10-19,32.84000015258789,33.0,32.18000030517578,32.93000030517578,24.854717254638672,18522700,0.0,0.0
2016-10-20,32.84000015258789,33.189998626708984,32.58000183105469,32.900001525878906,24.832080841064453,10650700,0.0,0.0
2016-10-21,32.599998474121094,33.52000045776367,32.540000915527344,33.439998626708984,25.239656448364258,13910300,0.0,0.0
2016-10-24,33.56999969482422,33.68000030517578,33.34000015258789,33.380001068115234,25.194374084472656,9221300,0.0,0.0
2016-10-25,33.38999938964844,33.59000015258789,33.20000076293945,33.349998474121094,25.17172622680664,7912200,0.0,0.0
2016-10-26,33.150001525878906,33.650001525878906,33.060001373291016,33.59000015258789,25.352872848510742,9113000,0.0,0.0
2016-10-27,33.81999969482422,34.0099983215332,33.58000183105469,33.81999969482422,25.67936897277832,12608400,0.2,0.0
2016-10-28,33.689998626708984,34.029998779296875,33.16999816894531,33.52000045776367,25.45158576965332,10183500,0.0,0.0
2016-10-31,33.709999084472656,33.880001068115234,33.4900016784668,33.56999969482422,25.48954200744629,8687200,0.0,0.0
2016-11-01,33.68000030517578,33.83000183105469,32.90999984741211,33.36000061035156,25.330087661743164,8988700,0.0,0.0
2016-11-02,33.119998931884766,33.16999816894531,32.72999954223633,32.91999816894531,24.996002197265625,8900400,0.0,0.0
2016-11-03,33.06999969482422,33.22999954223633,32.77000045776367,32.810001373291016,24.912477493286133,8172500,0.0,0.0
2016-11-04,32.81999969482422,33.209999084472656,32.560001373291016,32.779998779296875,24.889694213867188,7897800,0.0,0.0
2016-11-07,33.56999969482422,34.0,33.56999969482422,34.0,25.816038131713867,11328000,0.0,0.0
2016-11-08,33.810001373291016,34.279998779296875,33.540000915527344,34.099998474121094,25.891971588134766,7370500,0.0,0.0
2016-11-09,34.70000076293945,36.90999984741211,34.470001220703125,36.52000045776367,27.729469299316406,28311000,0.0,0.0
2016-11-10,36.720001220703125,38.939998626708984,36.720001220703125,38.02000045776367,28.868417739868164,38586800,0.0,0.0
2016-11-11,37.369998931884766,38.75,37.34000015258789,38.4900016784668,29.225278854370117,22845500,0.0,0.0
2016-11-14,38.880001068115234,39.880001068115234,38.779998779296875,39.349998474121094,29.878271102905273,25619000,0.0,0.0
2016-11-15,38.810001373291016,40.029998779296875,38.40999984741211,40.0,30.371826171875,18608000,0.0,0.0
2016-11-16,39.0099983215332,39.47999954223633,38.959999084472656,39.189998626708984,29.756786346435547,18234900,0.0,0.0
2016-11-17,39.02000045776367,39.970001220703125,38.720001220703125,39.970001220703125,30.349035263061523,12676900,0.0,0.0
2016-11-18,40.0,40.66999816894531,39.88999938964844,40.43000030517578,30.69831657409668,16413300,0.0,0.0
2016-11-21,40.439998626708984,40.79999923706055,40.11000061035156,40.560001373291016,30.79703140258789,10122300,0.0,0.0
2016-11-22,40.560001373291016,40.77000045776367,39.970001220703125,40.540000915527344,30.781829833984375,12341100,0.0,0.0
2016-11-23,40.5,41.18000030517578,40.220001220703125,41.040000915527344,31.16147804260254,9841000,0.0,0.0
2016-11-25,41.099998474121094,41.20000076293945,40.790000915527344,41.099998474121094,31.20703125,4027500,0.0,0.0
2016-11-28,40.630001068115234,41.0,40.349998474121094,40.439998626708984,30.705896377563477,10123600,0.0,0.0
2016-11-29,40.439998626708984,40.91999816894531,40.290000915527344,40.599998474121094,30.827377319335938,8602900,0.0,0.0
2016-11-30,41.02000045776367,41.63999938964844,41.0099983215332,41.36000061035156,31.404457092285156,14726600,0.0,0.0
2016-12-01,41.7599983215332,42.540000915527344,41.58000183105469,42.15999984741211,32.01188278198242,14053900,0.0,0.0
2016-12-02,42.09000015258789,42.09000015258789,41.13999938964844,41.83000183105469,31.761329650878906,11288400,0.0,0.0
2016-12-05,42.29999923706055,42.849998474121094,41.810001373291016,42.09000015258789,31.958738327026367,12264200,0.0,0.0
2016-12-06,42.4900016784668,42.7400016784668,41.970001220703125,42.5099983215332,32.27765655517578,11769500,0.0,0.0
2016-12-07,42.5,42.790000915527344,42.290000915527344,42.63999938964844,32.376338958740234,16213400,0.0,0.0
2016-12-08,42.900001525878906,43.720001220703125,42.70000076293945,43.58000183105469,33.090091705322266,14972900,0.0,0.0
2016-12-09,43.4900016784668,44.040000915527344,43.22999954223633,43.72999954223633,33.203983306884766,12115100,0.0,0.0
2016-12-12,43.5,43.90999984741211,42.65999984741211,42.97999954223633,32.634517669677734,12052000,0.0,0.0
2016-12-13,43.119998931884766,43.29999923706055,42.15999984741211,42.560001373291016,32.31559753417969,16674900,0.0,0.0
2016-12-14,42.27000045776367,43.650001525878906,42.119998931884766,42.86000061035156,32.54339599609375,15136500,0.0,0.0
2016-12-15,43.369998931884766,43.5099983215332,42.88999938964844,43.0099983215332,32.65728759765625,15725700,0.0,0.0
2016-12-16,43.119998931884766,43.54999923706055,42.61000061035156,42.709999084472656,32.42950439453125,19076900,0.0,0.0
2016-12-19,42.65999984741211,42.86000061035156,42.13999938964844,42.83000183105469,32.52062225341797,12663500,0.0,0.0
2016-12-20,43.130001068115234,43.58000183105469,43.130001068115234,43.5,33.029335021972656,8647400,0.0,0.0
2016-12-21,43.63999938964844,43.65999984741211,43.279998779296875,43.369998931884766,32.93063735961914,6859300,0.0,0.0
2016-12-22,43.29999923706055,43.38999938964844,42.7599983215332,42.790000915527344,32.49025344848633,8200300,0.0,0.0
2016-12-23,42.86000061035156,43.06999969482422,42.75,43.060001373291016,32.69526290893555,6733000,0.0,0.0
2016-12-27,43.27000045776367,43.27000045776367,42.95000076293945,43.119998931884766,32.740821838378906,5927000,0.0,0.0
2016-12-28,43.25,43.290000915527344,42.56999969482422,42.619998931884766,32.36117172241211,4854500,0.0,0.0
2016-12-29,42.650001525878906,42.77000045776367,41.72999954223633,42.150001525878906,32.00429153442383,7180200,0.0,0.0
2016-12-30,42.16999816894531,42.54999923706055,41.880001068115234,42.25,32.080230712890625,6943500,0.0,0.0
2017-01-03,43.09000015258789,43.630001068115234,42.45000076293945,43.04999923706055,32.68766403198242,8316900,0.0,0.0
2017-01-04,43.29999923706055,43.81999969482422,43.040000915527344,43.619998931884766,33.1204719543457,7747400,0.0,0.0
2017-01-05,43.529998779296875,43.630001068115234,42.189998626708984,43.220001220703125,32.816749572753906,9883200,0.0,0.0
2017-01-06,43.560001373291016,44.130001068115234,43.18000030517578,43.849998474121094,33.295101165771484,9152800,0.0,0.0
2017-01-09,43.4900016784668,43.540000915527344,42.68000030517578,42.709999084472656,32.42950439453125,11104000,0.0,0.0
2017-01-10,42.97999954223633,43.52000045776367,42.75,43.060001373291016,32.69526290893555,9074300,0.0,0.0
2017-01-11,43.130001068115234,43.66999816894531,42.779998779296875,43.66999816894531,33.15842056274414,8777100,0.0,0.0
2017-01-12,43.599998474121094,43.709999084472656,42.84000015258789,43.630001068115234,33.1280517578125,8595600,0.0,0.0
2017-01-13,44.02000045776367,44.599998474121094,43.5,43.810001373291016,33.26472091674805,12904500,0.0,0.0
2017-01-17,43.779998779296875,43.84000015258789,41.77000045776367,42.150001525878906,32.00429153442383,21840400,0.0,0.0
2017-01-18,42.290000915527344,43.150001525878906,41.97999954223633,42.86000061035156,32.54339599609375,15906900,0.0,0.0
2017-01-19,42.56999969482422,43.0,41.95000076293945,42.45000076293945,32.232086181640625,15040100,0.0,0.0
2017-01-20,42.47999954223633,42.869998931884766,42.349998474121094,42.59000015258789,32.33838653564453,10779600,0.0,0.0
2017-01-23,42.20000076293945,42.58000183105469,41.779998779296875,41.959999084472656,31.860048294067383,12344700,0.0,0.0
2017-01-24,42.08000183105469,43.130001068115234,42.029998779296875,42.72999954223633,32.44468307495117,12164200,0.0,0.0
2017-01-25,43.20000076293945,43.900001525878906,42.959999084472656,43.86000061035156,33.30269241333008,13961000,0.0,0.0
2017-01-26,43.939998626708984,44.41999816894531,43.75,44.02000045776367,33.42417907714844,10628900,0.0,0.0
2017-01-27,43.75,43.95000076293945,43.560001373291016,43.650001525878906,33.294517517089844,7635600,0.2,0.0
2017-01-30,43.2400016784668,43.290000915527344,42.470001220703125,43.119998931884766,32.89025115966797,7216200,0.0,0.0
2017-01-31,43.08000183105469,43.369998931884766,42.31999969482422,42.4900016784668,32.40971374511719,10811000,0.0,0.0
2017-02-01,43.29999923706055,43.400001525878906,42.54999923706055,42.70000076293945,32.56989669799805,9731300,0.0,0.0
2017-02-02,42.189998626708984,42.5099983215332,41.83000183105469,42.130001068115234,32.13511276245117,11481000,0.0,0.0
2017-02-03,43.099998474121094,44.599998474121094,42.91999816894531,44.43000030517578,33.88945770263672,16692200,0.0,0.0
2017-02-06,44.2599983215332,45.029998779296875,44.13999938964844,44.630001068115234,34.042022705078125,12577100,0.0,0.0
2017-02-07,44.880001068115234,45.029998779296875,44.619998931884766,44.869998931884766,34.22507858276367,10055700,0.0,0.0
2017-02-08,44.58000183105469,44.59000015258789,43.619998931884766,43.90999984741211,33.492835998535156,10586500,0.0,0.0
2017-02-09,44.349998474121094,45.029998779296875,43.88999938964844,44.849998474121094,34.2098274230957,13166700,0.0,0.0
2017-02-10,45.130001068115234,45.150001525878906,44.34000015258789,44.70000076293945,34.095401763916016,8909400,0.0,0.0
2017-02-13,45.0,45.599998474121094,44.939998626708984,45.2599983215332,34.52255630493164,13256300,0.0,0.0
2017-02-14,45.189998626708984,46.2599983215332,45.099998474121094,46.040000915527344,35.11750411987305,12958700,0.0,0.0
2017-02-15,46.380001068115234,46.75,46.0,46.4900016784668,35.460750579833984,10115100,0.0,0.0
2017-02-16,46.41999816894531,46.5,45.79999923706055,46.11000061035156,35.170902252197266,10752500,0.0,0.0
2017-02-17,45.54999923706055,46.16999816894531,45.400001525878906,46.150001525878906,35.201412200927734,8310100,0.0,0.0
2017-02-21,46.27000045776367,46.70000076293945,46.27000045776367,46.560001373291016,35.514137268066406,7628400,0.0,0.0
2017-02-22,46.209999084472656,46.81999969482422,46.13999938964844,46.52000045776367,35.4836311340332,7612800,0.0,0.0
2017-02-23,46.58000183105469,46.59000015258789,46.20000076293945,46.58000183105469,35.52940368652344,11877100,0.0,0.0
2017-02-24,45.88999938964844,45.95000076293945,45.2400016784668,45.529998779296875,34.728492736816406,11837200,0.0,0.0
2017-02-27,45.52000045776367,46.029998779296875,45.459999084472656,45.84000015258789,34.96495056152344,7887000,0.0,0.0
2017-02-28,45.599998474121094,45.83000183105469,45.130001068115234,45.66999816894531,34.83528137207031,13789400,0.0,0.0
2017-03-01,46.95000076293945,47.16999816894531,46.61000061035156,46.810001373291016,35.704833984375,14373700,0.0,0.0
2017-03-02,47.08000183105469,47.09000015258789,46.040000915527344,46.279998779296875,35.300567626953125,8477000,0.0,0.0
2017-03-03,46.27000045776367,47.060001373291016,46.220001220703125,46.83000183105469,35.72008514404297,11404300,0.0,0.0
2017-03-06,46.529998779296875,46.63999938964844,45.97999954223633,46.56999969482422,35.52177429199219,9332600,0.0,0.0
2017-03-07,46.650001525878906,46.790000915527344,46.209999084472656,46.33000183105469,35.338714599609375,9411000,0.0,0.0
2017-03-08,46.970001220703125,47.33000183105469,46.34000015258789,46.38999938964844,35.38446807861328,11464700,0.0,0.0
2017-03-09,46.599998474121094,47.119998931884766,46.540000915527344,46.68000030517578,35.605674743652344,11135400,0.0,0.0
2017-03-10,47.040000915527344,47.09000015258789,46.209999084472656,46.4900016784668,35.460750579833984,8579400,0.0,0.0
2017-03-13,46.68000030517578,46.75,46.22999954223633,46.2599983215332,35.28531265258789,7160400,0.0,0.0
2017-03-14,46.2599983215332,46.2599983215332,45.72999954223633,46.189998626708984,35.23192596435547,6916200,0.0,0.0
2017-03-15,46.2599983215332,46.630001068115234,45.68000030517578,45.849998474121094,34.97258758544922,10796100,0.0,0.0
2017-03-16,46.16999816894531,46.59000015258789,46.02000045776367,46.33000183105469,35.338714599609375,9284100,0.0,0.0
2017-03-17,46.2599983215332,46.36000061035156,44.93000030517578,45.02000045776367,34.33948516845703,13474500,0.0,0.0
2017-03-20,44.7400016784668,44.959999084472656,44.33000183105469,44.59000015258789,34.011512756347656,9734200,0.0,0.0
2017-03-21,44.77000045776367,44.93000030517578,42.41999816894531,42.65999984741211,32.53937911987305,20018400,0.0,0.0
2017-03-22,42.15999984741211,42.75,41.63999938964844,42.209999084472656,32.19613265991211,19046600,0.0,0.0
2017-03-23,41.97999954223633,42.97999954223633,41.779998779296875,42.59000015258789,32.48598098754883,14888800,0.0,0.0
2017-03-24,42.779998779296875,43.0,42.150001525878906,42.459999084472656,32.38681411743164,10815300,0.0,0.0
2017-03-27,40.65999984741211,41.720001220703125,40.060001373291016,41.58000183105469,31.71560287475586,21631100,0.0,0.0
2017-03-28,41.58000183105469,42.77000045776367,41.56999969482422,42.4900016784668,32.40971374511719,12944900,0.0,0.0
2017-03-29,43.09000015258789,43.25,42.540000915527344,42.79999923706055,32.64616012573242,14543900,0.0,0.0
2017-03-30,42.849998474121094,43.709999084472656,42.79999923706055,43.43000030517578,33.126712799072266,11264300,0.0,0.0
2017-03-31,43.25,43.25,42.66999816894531,42.84000015258789,32.67667770385742,11203300,0.0,0.0
2017-04-03,42.810001373291016,42.9900016784668,42.08000183105469,42.709999084472656,32.577518463134766,12531800,0.0,0.0
2017-04-04,42.540000915527344,42.84000015258789,42.349998474121094,42.5099983215332,32.42496871948242,7837100,0.0,0.0
2017-04-05,43.0099983215332,43.099998474121094,41.61000061035156,41.7400016784668,31.8376407623291,12455100,0.0,0.0
2017-04-06,41.630001068115234,42.369998931884766,41.43000030517578,42.09000015258789,32.10460662841797,9520900,0.0,0.0
2017-04-07,41.619998931884766,42.25,41.41999816894531,41.95000076293945,31.997817993164062,9319600,0.0,0.0
2017-04-10,41.900001525878906,42.150001525878906,41.38999938964844,41.90999984741211,31.967304229736328,8677200,0.0,0.0
2017-04-11,41.560001373291016,41.779998779296875,40.9900016784668,41.58000183105469,31.71560287475586,10318400,0.0,0.0
2017-04-12,41.5,41.52000045776367,41.0099983215332,41.06999969482422,31.326589584350586,10440600,0.0,0.0
2017-04-13,40.83000183105469,41.68000030517578,40.5,40.689998626708984,31.036725997924805,10516500,0.0,0.0
2017-04-17,40.779998779296875,41.54999923706055,40.58000183105469,41.4900016784668,31.646944046020508,7959700,0.0,0.0
2017-04-18,40.9900016784668,41.54999923706055,40.75,41.209999084472656,31.433366775512695,13872400,0.0,0.0
2017-04-19,42.310001373291016,42.939998626708984,41.959999084472656,42.040000915527344,32.06645202636719,19850300,0.0,0.0
2017-04-20,42.61000061035156,42.7599983215332,42.099998474121094,42.5,32.41733169555664,13816200,0.0,0.0
2017-04-21,42.209999084472656,42.61000061035156,41.709999084472656,41.79999923706055,31.883399963378906,12951300,0.0,0.0
2017-04-24,43.38999938964844,43.72999954223633,43.189998626708984,43.560001373291016,33.22586441040039,16188100,0.0,0.0
2017-04-25,43.97999954223633,44.45000076293945,43.91999816894531,44.27000045776367,33.76742172241211,13857600,0.0,0.0
2017-04-26,44.16999816894531,44.86000061035156,44.13999938964844,44.369998931884766,33.84368896484375,12938400,0.0,0.0
2017-04-27,44.15999984741211,44.209999084472656,43.38999938964844,43.540000915527344,33.36097717285156,9041300,0.2,0.0
2017-04-28,43.599998474121094,43.810001373291016,43.34000015258789,43.369998931884766,33.230716705322266,9049100,0.0,0.0
2017-05-01,43.7599983215332,44.060001373291016,43.4900016784668,43.7400016784668,33.51422119140625,7552200,0.0,0.0
2017-05-02,43.66999816894531,43.779998779296875,43.0,43.349998474121094,33.21539306640625,8126400,0.0,0.0
2017-05-03,43.150001525878906,43.77000045776367,43.119998931884766,43.47999954223633,33.31501007080078,5578300,0.0,0.0
2017-05-04,43.849998474121094,43.970001220703125,43.220001220703125,43.279998779296875,33.161766052246094,7367800,0.0,0.0
2017-05-05,43.36000061035156,43.560001373291016,42.869998931884766,43.08000183105469,33.00852584838867,6893400,0.0,0.0
2017-05-08,43.150001525878906,43.310001373291016,42.93000030517578,43.02000045776367,32.962547302246094,7171700,0.0,0.0
2017-05-09,43.04999923706055,43.34000015258789,42.66999816894531,42.83000183105469,32.81698226928711,6068700,0.0,0.0
2017-05-10,42.79999923706055,43.20000076293945,42.66999816894531,43.099998474121094,33.02384567260742,7367800,0.0,0.0
2017-05-11,42.97999954223633,43.20000076293945,42.439998626708984,42.869998931884766,32.847618103027344,6340000,0.0,0.0
2017-05-12,42.61000061035156,42.7599983215332,42.36000061035156,42.72999954223633,32.740352630615234,5836300,0.0,0.0
2017-05-15,42.81999969482422,43.619998931884766,42.79999923706055,43.43000030517578,33.276702880859375,9941100,0.0,0.0
2017-05-16,43.540000915527344,43.63999938964844,43.290000915527344,43.380001068115234,33.23838424682617,6888900,0.0,0.0
2017-05-17,43.380001068115234,43.380001068115234,40.43000030517578,40.970001220703125,31.391809463500977,22899900,0.0,0.0
2017-05-18,41.0,41.880001068115234,40.91999816894531,41.310001373291016,31.65232276916504,14498400,0.0,0.0
2017-05-19,41.59000015258789,42.220001220703125,41.36000061035156,41.79999923706055,32.02775573730469,10486700,0.0,0.0
2017-05-22,42.04999923706055,42.16999816894531,41.5,41.65999984741211,31.920501708984375,6752600,0.0,0.0
2017-05-23,41.5099983215332,42.650001525878906,41.33000183105469,42.41999816894531,32.5028190612793,10761300,0.0,0.0
2017-05-24,42.36000061035156,42.7400016784668,42.29999923706055,42.630001068115234,32.663719177246094,6583400,0.0,0.0
2017-05-25,42.83000183105469,42.970001220703125,42.4900016784668,42.630001068115234,32.663719177246094,5062800,0.0,0.0
2017-05-26,42.45000076293945,42.970001220703125,42.439998626708984,42.84000015258789,32.82463455200195,5346500,0.0,0.0
2017-05-30,42.58000183105469,42.720001220703125,42.04999923706055,42.279998779296875,32.39555358886719,6377900,0.0,0.0
2017-05-31,42.189998626708984,42.189998626708984,41.06999969482422,41.7400016784668,31.981801986694336,13637900,0.0,0.0
2017-06-01,41.97999954223633,42.72999954223633,41.75,42.61000061035156,32.648399353027344,9654300,0.0,0.0
2017-06-02,42.150001525878906,42.939998626708984,41.900001525878906,42.52000045776367,32.579444885253906,10016400,0.0,0.0
2017-06-05,42.54999923706055,43.400001525878906,42.45000076293945,42.88999938964844,32.86294174194336,6892800,0.0,0.0
2017-06-06,42.45000076293945,43.06999969482422,42.209999084472656,42.939998626708984,32.90125274658203,7863200,0.0,0.0
2017-06-07,43.13999938964844,43.45000076293945,42.91999816894531,43.279998779296875,33.161766052246094,6378500,0.0,0.0
2017-06-08,43.279998779296875,44.720001220703125,43.150001525878906,44.099998474121094,33.79005432128906,11032500,0.0,0.0
2017-06-09,44.36000061035156,45.349998474121094,44.36000061035156,44.90999984741211,34.41070556640625,13489900,0.0,0.0
2017-06-12,44.90999984741211,45.5,44.380001068115234,44.849998474121094,34.36473083496094,10384200,0.0,0.0
2017-06-13,45.06999969482422,45.97999954223633,45.04999923706055,45.150001525878906,34.594581604003906,9857800,0.0,0.0
2017-06-14,44.56999969482422,45.119998931884766,44.220001220703125,44.90999984741211,34.41070556640625,11796300,0.0,0.0
2017-06-15,44.47999954223633,45.08000183105469,44.41999816894531,44.689998626708984,34.24213409423828,6904900,0.0,0.0
2017-06-16,44.77000045776367,44.84000015258789,44.2400016784668,44.47999954223633,34.08122634887695,9483200,0.0,0.0
2017-06-19,44.880001068115234,45.90999984741211,44.83000183105469,45.720001220703125,35.03132247924805,9153900,0.0,0.0
2017-06-20,45.47999954223633,45.720001220703125,45.279998779296875,45.5,34.862762451171875,6680500,0.0,0.0
2017-06-21,45.45000076293945,45.529998779296875,44.810001373291016,44.90999984741211,34.41070556640625,7257600,0.0,0.0
2017-06-22,44.70000076293945,44.869998931884766,44.380001068115234,44.61000061035156,34.18082809448242,7750500,0.0,0.0
2017-06-23,44.70000076293945,44.72999954223633,43.5099983215332,43.689998626708984,33.47591018676758,15915100,0.0,0.0
2017-06-26,43.959999084472656,44.33000183105469,43.47999954223633,44.0,33.71344757080078,5780400,0.0,0.0
2017-06-27,44.34000015258789,44.7599983215332,44.15999984741211,44.220001220703125,33.88201904296875,8318800,0.0,0.0
2017-06-28,44.459999084472656,44.79999923706055,44.20000076293945,44.31999969482422,33.9586181640625,15848600,0.0,0.0
2017-06-29,45.439998626708984,45.61000061035156,44.27000045776367,44.75,34.28810119628906,15728200,0.0,0.0
2017-06-30,45.33000183105469,45.43000030517578,44.439998626708984,44.560001373291016,34.14252853393555,8379400,0.0,0.0
2017-07-03,45.0,46.02000045776367,44.97999954223633,45.61000061035156,34.947052001953125,7486400,0.0,0.0
2017-07-05,45.88999938964844,46.25,45.540000915527344,46.15999984741211,35.36846160888672,9843200,0.0,0.0
2017-07-06,46.099998474121094,46.63999938964844,45.77000045776367,46.130001068115234,35.34548568725586,10417300,0.0,0.0
2017-07-07,46.31999969482422,46.400001525878906,45.959999084472656,46.04999923706055,35.284175872802734,6442000,0.0,0.0
2017-07-10,45.95000076293945,46.2400016784668,45.79999923706055,45.9900016784668,35.23820877075195,5321500,0.0,0.0
2017-07-11,45.83000183105469,45.93000030517578,45.380001068115234,45.47999954223633,34.84742736816406,8454700,0.0,0.0
2017-07-12,45.33000183105469,45.33000183105469,44.72999954223633,44.959999084472656,34.44900131225586,10234400,0.0,0.0
2017-07-13,45.16999816894531,45.72999954223633,44.9900016784668,45.52000045776367,34.87808609008789,6204200,0.0,0.0
2017-07-14,44.880001068115234,45.400001525878906,44.31999969482422,45.20000076293945,34.63290023803711,8220600,0.0,0.0
2017-07-17,45.150001525878906,45.529998779296875,44.93000030517578,45.33000183105469,34.73250961303711,5141600,0.0,0.0
2017-07-18,44.93000030517578,45.25,44.689998626708984,45.13999938964844,34.586917877197266,9594100,0.0,0.0
2017-07-19,46.95000076293945,47.0,45.97999954223633,46.619998931884766,35.72092819213867,17586300,0.0,0.0
2017-07-20,46.349998474121094,47.189998626708984,46.349998474121094,46.5099983215332,35.636634826660156,10652400,0.0,0.0
2017-07-21,46.119998931884766,46.790000915527344,46.099998474121094,46.59000015258789,35.69794464111328,9021300,0.0,0.0
2017-07-24,46.5,46.970001220703125,46.459999084472656,46.709999084472656,35.789886474609375,7443600,0.0,0.0
2017-07-25,47.22999954223633,48.040000915527344,47.22999954223633,47.61000061035156,36.479469299316406,11885000,0.0,0.0
2017-07-26,47.720001220703125,47.849998474121094,47.119998931884766,47.209999084472656,36.17299270629883,9034500,0.0,0.0
2017-07-27,47.13999938964844,47.599998474121094,46.630001068115234,47.09000015258789,36.27313995361328,9439300,0.25,0.0
2017-07-28,46.97999954223633,47.20000076293945,46.459999084472656,46.65999984741211,35.941898345947266,7959600,0.0,0.0
2017-07-31,46.939998626708984,47.150001525878906,46.599998474121094,46.900001525878906,36.12678146362305,6764600,0.0,0.0
2017-08-01,47.25,47.529998779296875,47.060001373291016,47.209999084472656,36.36556625366211,6330000,0.0,0.0
2017-08-02,47.13999938964844,47.459999084472656,46.83000183105469,47.33000183105469,36.4580078125,6020000,0.0,0.0
2017-08-03,47.2400016784668,47.54999923706055,47.11000061035156,47.2599983215332,36.404083251953125,6479300,0.0,0.0
2017-08-04,47.790000915527344,48.45000076293945,47.52000045776367,48.08000183105469,37.03572463989258,8906800,0.0,0.0
2017-08-07,48.20000076293945,48.400001525878906,47.95000076293945,48.310001373291016,37.212894439697266,7761600,0.0,0.0
2017-08-08,48.2400016784668,48.900001525878906,47.810001373291016,47.93000030517578,36.9201774597168,7771800,0.0,0.0
2017-08-09,47.220001220703125,47.689998626708984,46.939998626708984,47.650001525878906,36.70450210571289,8282900,0.0,0.0
2017-08-10,47.290000915527344,47.470001220703125,46.22999954223633,46.29999923706055,35.66459655761719,10099800,0.0,0.0
2017-08-11,46.380001068115234,46.529998779296875,45.470001220703125,45.650001525878906,35.163909912109375,13505800,0.0,0.0
2017-08-14,46.209999084472656,46.939998626708984,46.18000030517578,46.5099983215332,35.82635498046875,7136300,0.0,0.0
2017-08-15,47.0099983215332,47.29999923706055,46.43000030517578,46.43000030517578,35.76472854614258,7663000,0.0,0.0
2017-08-16,46.61000061035156,46.81999969482422,45.91999816894531,46.0099983215332,35.44120788574219,8350800,0.0,0.0
2017-08-17,45.83000183105469,45.97999954223633,45.029998779296875,45.09000015258789,34.7325439453125,9426800,0.0,0.0
2017-08-18,44.939998626708984,45.81999969482422,44.869998931884766,45.38999938964844,34.963626861572266,7284000,0.0,0.0
2017-08-21,45.400001525878906,45.400001525878906,44.529998779296875,44.68000030517578,34.41672897338867,8501900,0.0,0.0
2017-08-22,45.0,45.709999084472656,44.93000030517578,45.56999969482422,35.102291107177734,7130700,0.0,0.0
2017-08-23,45.20000076293945,45.95000076293945,45.11000061035156,45.79999923706055,35.27945327758789,5464800,0.0,0.0
2017-08-24,45.970001220703125,46.18000030517578,45.72999954223633,46.0,35.43350601196289,6640700,0.0,0.0
2017-08-25,46.16999816894531,46.41999816894531,45.72999954223633,45.939998626708984,35.38728713989258,5659400,0.0,0.0
2017-08-28,46.15999984741211,46.15999984741211,45.119998931884766,45.47999954223633,35.032955169677734,6526700,0.0,0.0
2017-08-29,44.720001220703125,45.56999969482422,44.34000015258789,45.349998474121094,34.93281936645508,8776100,0.0,0.0
2017-08-30,45.439998626708984,45.959999084472656,45.43000030517578,45.65999984741211,35.17161178588867,5672900,0.0,0.0
2017-08-31,46.0,46.040000915527344,45.38999938964844,45.5,35.04836654663086,7890800,0.0,0.0
2017-09-01,45.59000015258789,46.52000045776367,45.29999923706055,46.189998626708984,35.579864501953125,7024700,0.0,0.0
2017-09-05,45.65999984741211,45.720001220703125,44.720001220703125,44.88999938964844,34.57847213745117,8735700,0.0,0.0
2017-09-06,45.040000915527344,45.34000015258789,44.75,45.06999969482422,34.717132568359375,6313200,0.0,0.0
2017-09-07,45.130001068115234,45.130001068115234,43.84000015258789,44.06999969482422,33.94683074951172,11538300,0.0,0.0
2017-09-08,44.189998626708984,44.810001373291016,43.95000076293945,44.0099983215332,33.90061950683594,8739800,0.0,0.0
2017-09-11,44.709999084472656,45.33000183105469,44.41999816894531,45.15999984741211,34.786460876464844,8017000,0.0,0.0
2017-09-12,45.36000061035156,46.08000183105469,45.34000015258789,45.75,35.24093246459961,8010200,0.0,0.0
2017-09-13,45.72999954223633,46.2599983215332,45.560001373291016,46.220001220703125,35.60296630859375,6637900,0.0,0.0
2017-09-14,46.400001525878906,46.7599983215332,46.310001373291016,46.41999816894531,35.757022857666016,7414100,0.0,0.0
2017-09-15,46.2599983215332,46.65999984741211,46.13999938964844,46.599998474121094,35.89568328857422,9113100,0.0,0.0
2017-09-18,46.81999969482422,47.66999816894531,46.75,47.31999969482422,36.45029067993164,7938000,0.0,0.0
2017-09-19,47.31999969482422,47.970001220703125,47.15999984741211,47.66999816894531,36.71989440917969,7999600,0.0,0.0
2017-09-20,47.709999084472656,48.27000045776367,47.31999969482422,47.88999938964844,36.88936996459961,8673600,0.0,0.0
2017-09-21,47.79999923706055,48.4900016784668,47.459999084472656,48.2599983215332,37.17437744140625,9503600,0.0,0.0
2017-09-22,48.029998779296875,48.279998779296875,47.72999954223633,48.220001220703125,37.14357376098633,6050000,0.0,0.0
2017-09-25,48.099998474121094,48.310001373291016,47.529998779296875,47.7400016784668,36.7738151550293,7205200,0.0,0.0
2017-09-26,47.70000076293945,47.7400016784668,47.119998931884766,47.459999084472656,36.558128356933594,7146100,0.0,0.0
2017-09-27,48.27000045776367,48.380001068115234,47.779998779296875,48.06999969482422,37.028011322021484,10314600,0.0,0.0
2017-09-28,48.369998931884766,48.369998931884766,47.88999938964844,48.150001525878906,37.08964538574219,5960700,0.0,0.0
2017-09-29,48.099998474121094,48.29999923706055,47.90999984741211,48.16999816894531,37.10503387451172,5200500,0.0,0.0
2017-10-02,48.11000061035156,48.959999084472656,48.11000061035156,48.91999816894531,37.68276596069336,6096900,0.0,0.0
2017-10-03,48.939998626708984,49.349998474121094,48.7599983215332,49.279998779296875,37.96006393432617,6432400,0.0,0.0
2017-10-04,49.22999954223633,49.33000183105469,48.7599983215332,49.0099983215332,37.7520866394043,5372900,0.0,0.0
2017-10-05,49.11000061035156,49.959999084472656,48.779998779296875,49.630001068115234,38.229671478271484,11491100,0.0,0.0
2017-10-06,49.959999084472656,50.13999938964844,49.380001068115234,49.7599983215332,38.329811096191406,5159400,0.0,0.0
2017-10-09,49.91999816894531,50.0,49.310001373291016,49.380001068115234,38.03710174560547,6333800,0.0,0.0
2017-10-10,49.380001068115234,49.540000915527344,49.130001068115234,49.4900016784668,38.12184143066406,5903500,0.0,0.0
2017-10-11,49.43000030517578,49.43000030517578,49.130001068115234,49.18000030517578,37.88304138183594,5364600,0.0,0.0
2017-10-12,49.29999923706055,49.41999816894531,48.380001068115234,48.59000015258789,37.4285774230957,6915100,0.0,0.0
2017-10-13,48.150001525878906,48.540000915527344,47.70000076293945,48.29999923706055,37.2051887512207,7224500,0.0,0.0
2017-10-16,48.2400016784668,48.9900016784668,48.2400016784668,48.939998626708984,37.69817352294922,8178900,0.0,0.0
2017-10-17,49.689998626708984,50.33000183105469,48.970001220703125,49.119998931884766,37.83682632446289,15535000,0.0,0.0
2017-10-18,49.41999816894531,50.45000076293945,49.369998931884766,50.150001525878906,38.630226135253906,12094900,0.0,0.0
2017-10-19,49.790000915527344,49.95000076293945,49.189998626708984,49.790000915527344,38.3529167175293,10053100,0.0,0.0
2017-10-20,50.45000076293945,50.90999984741211,50.220001220703125,50.68000030517578,39.038482666015625,8454500,0.0,0.0
2017-10-23,50.880001068115234,51.099998474121094,50.38999938964844,50.61000061035156,38.984561920166016,6265800,0.0,0.0
2017-10-24,50.810001373291016,51.38999938964844,50.790000915527344,51.06999969482422,39.33890151977539,7849700,0.0,0.0
2017-10-25,51.5099983215332,51.52000045776367,49.91999816894531,50.529998779296875,38.92293930053711,9645800,0.0,0.0
2017-10-26,50.75,51.20000076293945,50.58000183105469,50.77000045776367,39.107810974121094,9715700,0.0,0.0
2017-10-27,50.650001525878906,51.349998474121094,50.5099983215332,51.15999984741211,39.408226013183594,9261100,0.0,0.0
2017-10-30,50.56999969482422,50.779998779296875,49.970001220703125,50.459999084472656,39.05988311767578,9020900,0.25,0.0
2017-10-31,50.470001220703125,50.720001220703125,49.95000076293945,50.0,38.70381164550781,9283000,0.0,0.0
2017-11-01,50.220001220703125,50.54999923706055,49.5,49.630001068115234,38.41740798950195,7842900,0.0,0.0
2017-11-02,49.529998779296875,50.439998626708984,49.5099983215332,50.41999816894531,39.028926849365234,7902300,0.0,0.0
2017-11-03,50.150001525878906,50.41999816894531,49.65999984741211,50.02000045776367,38.719303131103516,5916800,0.0,0.0
2017-11-06,49.880001068115234,50.29999923706055,49.75,50.13999938964844,38.81217956542969,4844200,0.0,0.0
2017-11-07,50.2599983215332,50.59000015258789,49.2599983215332,49.38999938964844,38.231624603271484,8823800,0.0,0.0
2017-11-08,49.209999084472656,49.380001068115234,48.72999954223633,49.040000915527344,37.9607048034668,8435700,0.0,0.0
2017-11-09,48.779998779296875,49.279998779296875,48.2599983215332,48.81999969482422,37.79041290283203,6189500,0.0,0.0
2017-11-10,49.0099983215332,49.20000076293945,48.720001220703125,48.7599983215332,37.74395751953125,5436500,0.0,0.0
2017-11-13,48.25,48.7599983215332,48.2400016784668,48.630001068115234,37.64332580566406,5730400,0.0,0.0
2017-11-14,48.369998931884766,48.54999923706055,47.959999084472656,48.380001068115234,37.4498176574707,5968500,0.0,0.0
2017-11-15,47.84000015258789,48.529998779296875,47.41999816894531,48.099998474121094,37.233070373535156,9749600,0.0,0.0
2017-11-16,48.38999938964844,48.84000015258789,48.369998931884766,48.599998474121094,37.620113372802734,7789000,0.0,0.0
2017-11-17,48.290000915527344,48.900001525878906,48.15999984741211,48.70000076293945,37.697513580322266,4992600,0.0,0.0
2017-11-20,48.90999984741211,49.279998779296875,48.65999984741211,49.11000061035156,38.014896392822266,4574600,0.0,0.0
2017-11-21,49.61000061035156,49.7599983215332,49.290000915527344,49.380001068115234,38.22388458251953,6037000,0.0,0.0
2017-11-22,49.34000015258789,49.619998931884766,49.06999969482422,49.09000015258789,37.9993896484375,3785900,0.0,0.0
2017-11-24,49.29999923706055,49.38999938964844,49.040000915527344,49.060001373291016,37.97618103027344,2692900,0.0,0.0
2017-11-27,48.97999954223633,49.31999969482422,48.709999084472656,49.0,37.92973709106445,5025600,0.0,0.0
2017-11-28,49.150001525878906,50.529998779296875,48.93000030517578,50.400001525878906,39.013458251953125,9001200,0.0,0.0
2017-11-29,50.90999984741211,51.81999969482422,50.79999923706055,51.31999969482422,39.7255973815918,9441100,0.0,0.0
2017-11-30,51.81999969482422,52.58000183105469,51.34000015258789,51.61000061035156,39.95008850097656,12158200,0.0,0.0
2017-12-01,51.880001068115234,52.2400016784668,50.720001220703125,51.95000076293945,40.2132682800293,10014000,0.0,0.0
2017-12-04,53.11000061035156,53.369998931884766,52.66999816894531,52.68000030517578,40.778343200683594,10640100,0.0,0.0
2017-12-05,52.869998931884766,52.939998626708984,51.79999923706055,52.0099983215332,40.259700775146484,7959700,0.0,0.0
2017-12-06,51.65999984741211,52.36000061035156,51.439998626708984,51.689998626708984,40.01201248168945,7701600,0.0,0.0
2017-12-07,51.34000015258789,52.72999954223633,51.2599983215332,52.349998474121094,40.522884368896484,8765600,0.0,0.0
2017-12-08,52.9900016784668,52.9900016784668,52.150001525878906,52.88999938964844,40.94089126586914,6488900,0.0,0.0
2017-12-11,52.56999969482422,52.88999938964844,52.529998779296875,52.77000045776367,40.848018646240234,6316900,0.0,0.0
2017-12-12,53.2599983215332,54.099998474121094,52.72999954223633,53.849998474121094,41.68400573730469,8152000,0.0,0.0
2017-12-13,53.959999084472656,54.25,53.119998931884766,53.18000030517578,41.165374755859375,10568400,0.0,0.0
2017-12-14,53.400001525878906,53.79999923706055,52.630001068115234,52.63999938964844,40.747371673583984,8190100,0.0,0.0
2017-12-15,53.04999923706055,53.43000030517578,52.70000076293945,53.099998474121094,41.10344696044922,12708000,0.0,0.0
2017-12-18,53.869998931884766,53.88999938964844,52.97999954223633,53.2400016784668,41.211814880371094,8443000,0.0,0.0
2017-12-19,53.540000915527344,53.59000015258789,52.900001525878906,52.93000030517578,40.97186279296875,7630600,0.0,0.0
2017-12-20,53.380001068115234,53.4900016784668,52.47999954223633,52.5099983215332,40.64674758911133,6435100,0.0,0.0
2017-12-21,52.810001373291016,53.29999923706055,52.560001373291016,52.880001068115234,40.93315505981445,11350600,0.0,0.0
2017-12-22,53.029998779296875,53.11000061035156,52.25,52.720001220703125,40.80930709838867,6153800,0.0,0.0
2017-12-26,52.540000915527344,52.7599983215332,52.09000015258789,52.470001220703125,40.615787506103516,3313800,0.0,0.0
2017-12-27,52.33000183105469,52.59000015258789,52.11000061035156,52.56999969482422,40.69318771362305,5786800,0.0,0.0
2017-12-28,52.7599983215332,52.77000045776367,52.43000030517578,52.650001525878906,40.75510787963867,3736700,0.0,0.0
2017-12-29,52.7599983215332,52.81999969482422,52.369998931884766,52.470001220703125,40.615787506103516,5804600,0.0,0.0
2018-01-02,52.7599983215332,52.790000915527344,52.16999816894531,52.189998626708984,40.39904022216797,6644600,0.0,0.0
2018-01-03,52.29999923706055,52.54999923706055,51.91999816894531,52.33000183105469,40.50743103027344,6955500,0.0,0.0
2018-01-04,52.79999923706055,53.529998779296875,52.5099983215332,53.130001068115234,41.12666320800781,8678800,0.0,0.0
2018-01-05,53.20000076293945,53.2400016784668,52.7400016784668,53.11000061035156,41.11119079589844,6476000,0.0,0.0
2018-01-08,52.93000030517578,53.16999816894531,52.689998626708984,52.88999938964844,40.94089126586914,6681400,0.0,0.0
2018-01-09,53.060001373291016,53.52000045776367,53.02000045776367,53.29999923706055,41.25826644897461,6622700,0.0,0.0
2018-01-10,53.939998626708984,54.47999954223633,53.61000061035156,53.93000030517578,41.74593734741211,11028800,0.0,0.0
2018-01-11,54.13999938964844,54.34000015258789,53.81999969482422,54.20000076293945,41.95493698120117,8310000,0.0,0.0
2018-01-12,54.56999969482422,55.13999938964844,54.52000045776367,55.119998931884766,42.667091369628906,8998000,0.0,0.0
2018-01-16,55.650001525878906,55.97999954223633,54.20000076293945,54.599998474121094,42.264564514160156,11168500,0.0,0.0
2018-01-17,54.779998779296875,55.40999984741211,53.86000061035156,55.349998474121094,42.845123291015625,11905200,0.0,0.0
2018-01-18,55.900001525878906,55.9900016784668,55.09000015258789,55.84000015258789,43.22441864013672,13953900,0.0,0.0
2018-01-19,55.689998626708984,57.5,55.689998626708984,57.459999084472656,44.478416442871094,15124200,0.0,0.0
2018-01-22,56.470001220703125,57.47999954223633,56.130001068115234,57.36000061035156,44.4010124206543,16858300,0.0,0.0
2018-01-23,57.13999938964844,57.310001373291016,56.650001525878906,56.90999984741211,44.052677154541016,9372200,0.0,0.0
2018-01-24,57.209999084472656,57.72999954223633,56.900001525878906,57.2400016784668,44.308128356933594,8403600,0.0,0.0
2018-01-25,57.36000061035156,57.369998931884766,56.61000061035156,56.810001373291016,43.975276947021484,9463800,0.0,0.0
2018-01-26,57.09000015258789,57.619998931884766,56.75,57.599998474121094,44.586788177490234,8382200,0.0,0.0
2018-01-29,57.4900016784668,58.04999923706055,57.40999984741211,57.45000076293945,44.4706916809082,7493500,0.0,0.0
2018-01-30,56.66999816894531,57.290000915527344,56.54999923706055,56.599998474121094,44.00420379638672,7321200,0.25,0.0
2018-01-31,56.709999084472656,57.08000183105469,56.33000183105469,56.54999923706055,43.9653434753418,7193100,0.0,0.0
2018-02-01,56.5,57.459999084472656,56.369998931884766,57.45000076293945,44.66504669189453,7474400,0.0,0.0
2018-02-02,57.029998779296875,57.290000915527344,55.38999938964844,55.47999954223633,43.133453369140625,9783700,0.0,0.0
2018-02-05,54.63999938964844,55.630001068115234,51.91999816894531,52.54999923706055,40.85550308227539,13439000,0.0,0.0
2018-02-06,51.20000076293945,54.36000061035156,50.900001525878906,54.33000183105469,42.239383697509766,17628700,0.0,0.0
2018-02-07,53.91999816894531,55.709999084472656,53.88999938964844,54.54999923706055,42.41041946411133,11541700,0.0,0.0
2018-02-08,54.540000915527344,54.650001525878906,51.790000915527344,51.790000915527344,40.26463317871094,14073100,0.0,0.0
2018-02-09,52.560001373291016,52.90999984741211,50.02000045776367,52.13999938964844,40.5367317199707,15736400,0.0,0.0
2018-02-12,52.79999923706055,54.13999938964844,52.619998931884766,53.43000030517578,41.53965759277344,11712900,0.0,0.0
2018-02-13,53.029998779296875,53.880001068115234,52.86000061035156,53.38999938964844,41.5085563659668,8659500,0.0,0.0
2018-02-14,53.27000045776367,55.099998474121094,53.2599983215332,55.04999923706055,42.79914855957031,10536300,0.0,0.0
2018-02-15,55.47999954223633,55.599998474121094,54.58000183105469,55.400001525878906,43.071258544921875,7769900,0.0,0.0
2018-02-16,55.29999923706055,55.56999969482422,54.95000076293945,55.13999938964844,42.86912536621094,7448200,0.0,0.0
2018-02-20,54.93000030517578,55.650001525878906,54.7400016784668,55.060001373291016,42.80691909790039,7709400,0.0,0.0
2018-02-21,55.11000061035156,56.33000183105469,54.959999084472656,55.099998474121094,42.8380241394043,8363000,0.0,0.0
2018-02-22,55.40999984741211,55.90999984741211,54.61000061035156,54.86000061035156,42.651424407958984,6111600,0.0,0.0
2018-02-23,55.040000915527344,56.130001068115234,55.040000915527344,56.06999969482422,43.59215545654297,6687100,0.0,0.0
2018-02-26,56.310001373291016,57.0099983215332,56.20000076293945,57.0099983215332,44.322959899902344,7795800,0.0,0.0
2018-02-27,57.0,57.81999969482422,56.66999816894531,56.720001220703125,44.09749221801758,11757700,0.0,0.0
2018-02-28,57.09000015258789,57.630001068115234,56.0099983215332,56.02000045776367,43.553287506103516,9599100,0.0,0.0
2018-03-01,55.88999938964844,56.290000915527344,54.40999984741211,54.4900016784668,42.363773345947266,12093900,0.0,0.0
2018-03-02,54.13999938964844,54.869998931884766,53.5099983215332,54.7400016784668,42.558135986328125,12154100,0.0,0.0
2018-03-05,54.31999969482422,56.0,54.279998779296875,55.4900016784668,43.14122772216797,7598500,0.0,0.0
2018-03-06,55.88999938964844,56.709999084472656,55.40999984741211,56.560001373291016,43.973114013671875,9762300,0.0,0.0
2018-03-07,55.83000183105469,57.029998779296875,55.70000076293945,56.880001068115234,44.22188186645508,8181000,0.0,0.0
2018-03-08,56.95000076293945,57.16999816894531,55.970001220703125,56.959999084472656,44.28409194946289,7553500,0.0,0.0
2018-03-09,57.34000015258789,58.790000915527344,57.25,58.66999816894531,45.613548278808594,10536000,0.0,0.0
2018-03-12,58.61000061035156,59.380001068115234,58.54999923706055,58.90999984741211,45.80014419555664,8123200,0.0,0.0
2018-03-13,59.220001220703125,59.290000915527344,57.869998931884766,58.029998779296875,45.11597442626953,6031100,0.0,0.0
2018-03-14,58.41999816894531,58.41999816894531,56.79999923706055,56.9900016784668,44.30741500854492,8384300,0.0,0.0
2018-03-15,57.38999938964844,57.540000915527344,56.939998626708984,57.220001220703125,44.486228942871094,5648700,0.0,0.0
2018-03-16,57.38999938964844,58.060001373291016,57.290000915527344,57.5099983215332,44.71168518066406,9144800,0.0,0.0
2018-03-19,57.400001525878906,57.66999816894531,56.189998626708984,56.95000076293945,44.27631378173828,8117800,0.0,0.0
2018-03-20,57.189998626708984,57.869998931884766,56.88999938964844,57.470001220703125,44.680599212646484,8426700,0.0,0.0
2018-03-21,57.33000183105469,58.16999816894531,56.88999938964844,57.11000061035156,44.40070724487305,8676000,0.0,0.0
2018-03-22,56.310001373291016,56.66999816894531,54.5099983215332,54.63999938964844,42.48038864135742,14900500,0.0,0.0
2018-03-23,54.90999984741211,54.91999816894531,51.9900016784668,52.06999969482422,40.482322692871094,16707800,0.0,0.0
2018-03-26,53.33000183105469,54.43000030517578,52.63999938964844,54.29999923706055,42.216041564941406,11913700,0.0,0.0
2018-03-27,54.529998779296875,54.900001525878906,52.630001068115234,53.150001525878906,41.32197952270508,12389400,0.0,0.0
2018-03-28,53.279998779296875,53.43000030517578,51.970001220703125,52.90999984741211,41.1353874206543,11262300,0.0,0.0
2018-03-29,53.2400016784668,54.439998626708984,53.02000045776367,53.959999084472656,41.95170974731445,7349200,0.0,0.0
2018-04-02,53.83000183105469,54.02000045776367,51.939998626708984,52.720001220703125,40.987667083740234,9311000,0.0,0.0
2018-04-03,53.0099983215332,53.540000915527344,52.2599983215332,53.16999816894531,41.33751678466797,10335800,0.0,0.0
2018-04-04,52.16999816894531,53.790000915527344,52.119998931884766,53.66999816894531,41.72624969482422,6692100,0.0,0.0
2018-04-05,54.209999084472656,55.38999938964844,54.150001525878906,54.86000061035156,42.651424407958984,9968200,0.0,0.0
2018-04-06,54.11000061035156,54.52000045776367,52.4900016784668,53.040000915527344,41.236454010009766,9578500,0.0,0.0
2018-04-09,53.59000015258789,54.630001068115234,53.27000045776367,53.349998474121094,41.47747039794922,8111600,0.0,0.0
2018-04-10,54.119998931884766,54.540000915527344,53.560001373291016,54.13999938964844,42.09165573120117,8836300,0.0,0.0
2018-04-11,52.95000076293945,53.47999954223633,52.61000061035156,52.7400016784668,41.00321578979492,12121200,0.0,0.0
2018-04-12,53.33000183105469,54.29999923706055,53.29999923706055,53.849998474121094,41.86619567871094,9315200,0.0,0.0
2018-04-13,54.7400016784668,54.880001068115234,52.75,52.97999954223633,41.18980026245117,12364000,0.0,0.0
2018-04-16,53.439998626708984,53.95000076293945,53.34000015258789,53.400001525878906,41.516326904296875,7282200,0.0,0.0
2018-04-17,54.0099983215332,54.099998474121094,52.77000045776367,53.2400016784668,41.391944885253906,14505300,0.0,0.0
2018-04-18,53.90999984741211,55.0,52.93000030517578,53.2599983215332,41.40748977661133,17524000,0.0,0.0
2018-04-19,53.36000061035156,54.83000183105469,53.34000015258789,54.70000076293945,42.527042388916016,13873700,0.0,0.0
2018-04-20,54.88999938964844,55.33000183105469,54.099998474121094,54.459999084472656,42.34044647216797,10183600,0.0,0.0
2018-04-23,54.54999923706055,54.59000015258789,53.33000183105469,53.63999938964844,41.702919006347656,8523600,0.0,0.0
2018-04-24,53.959999084472656,54.619998931884766,52.439998626708984,53.06999969482422,41.25978088378906,10742700,0.0,0.0
2018-04-25,52.849998474121094,52.869998931884766,51.81999969482422,52.040000915527344,40.4589958190918,12623000,0.0,0.0
2018-04-26,52.0099983215332,52.599998474121094,51.66999816894531,52.20000076293945,40.58338165283203,14668900,0.0,0.0
2018-04-27,51.84000015258789,52.5099983215332,51.779998779296875,51.86000061035156,40.51307678222656,7784500,0.25,0.0
2018-04-30,52.18000030517578,52.5,51.58000183105469,51.619998931884766,40.325584411621094,8209700,0.0,0.0
2018-05-01,51.38999938964844,51.869998931884766,51.029998779296875,51.810001373291016,40.474021911621094,8498300,0.0,0.0
2018-05-02,51.79999923706055,52.54999923706055,51.5,51.70000076293945,40.38809585571289,8931000,0.0,0.0
2018-05-03,51.369998931884766,51.439998626708984,49.88999938964844,51.08000183105469,39.90374755859375,11438000,0.0,0.0
2018-05-04,50.720001220703125,51.77000045776367,50.529998779296875,51.400001525878906,40.15373611450195,10368700,0.0,0.0
2018-05-07,51.63999938964844,52.630001068115234,51.529998779296875,52.38999938964844,40.92710494995117,6576100,0.0,0.0
2018-05-08,52.560001373291016,53.7599983215332,52.38999938964844,53.380001068115234,41.700504302978516,11578100,0.0,0.0
2018-05-09,53.619998931884766,54.25,53.15999984741211,54.13999938964844,42.29421615600586,7114800,0.0,0.0
2018-05-10,54.22999954223633,55.20000076293945,53.86000061035156,55.040000915527344,42.9973030090332,8208600,0.0,0.0
2018-05-11,55.099998474121094,55.540000915527344,54.880001068115234,55.20000076293945,43.12229537963867,6063100,0.0,0.0
2018-05-14,55.349998474121094,55.63999938964844,55.11000061035156,55.220001220703125,43.13791275024414,5816000,0.0,0.0
2018-05-15,55.040000915527344,55.41999816894531,54.5,54.849998474121094,42.848876953125,7523400,0.0,0.0
2018-05-16,54.540000915527344,55.16999816894531,54.5,54.970001220703125,42.94261932373047,4517700,0.0,0.0
2018-05-17,54.88999938964844,55.150001525878906,54.34000015258789,54.869998931884766,42.864498138427734,4576800,0.0,0.0
2018-05-18,54.560001373291016,54.93000030517578,53.869998931884766,53.91999816894531,42.12234878540039,6702400,0.0,0.0
2018-05-21,54.43000030517578,54.939998626708984,54.2400016784668,54.36000061035156,42.466087341308594,5901700,0.0,0.0
2018-05-22,54.459999084472656,55.400001525878906,54.45000076293945,54.880001068115234,42.87230682373047,5930400,0.0,0.0
2018-05-23,54.47999954223633,54.61000061035156,53.630001068115234,54.349998474121094,42.45826721191406,6529700,0.0,0.0
2018-05-24,54.130001068115234,54.279998779296875,53.18000030517578,54.0,42.18485641479492,6637300,0.0,0.0
2018-05-25,53.65999984741211,53.83000183105469,52.720001220703125,53.0099983215332,41.41144943237305,10152800,0.0,0.0
2018-05-29,52.18000030517578,52.31999969482422,49.5099983215332,49.959999084472656,39.02878952026367,26605100,0.0,0.0
2018-05-30,50.70000076293945,51.20000076293945,50.09000015258789,50.970001220703125,39.817806243896484,11542600,0.0,0.0
2018-05-31,50.70000076293945,50.779998779296875,49.900001525878906,50.13999938964844,39.169410705566406,15150400,0.0,0.0
2018-06-01,50.93000030517578,51.470001220703125,50.869998931884766,51.209999084472656,40.00529861450195,10003900,0.0,0.0
2018-06-04,51.56999969482422,51.72999954223633,51.43000030517578,51.54999923706055,40.27090835571289,5523800,0.0,0.0
2018-06-05,51.27000045776367,51.5,50.66999816894531,50.779998779296875,39.669376373291016,9136000,0.0,0.0
2018-06-06,50.91999816894531,52.08000183105469,50.880001068115234,51.90999984741211,40.552146911621094,7945800,0.0,0.0
2018-06-07,52.2599983215332,52.720001220703125,51.86000061035156,52.13999938964844,40.731807708740234,8477600,0.0,0.0
2018-06-08,52.11000061035156,52.18000030517578,51.56999969482422,51.90999984741211,40.552146911621094,6412900,0.0,0.0
2018-06-11,52.20000076293945,52.439998626708984,51.77000045776367,51.779998779296875,40.45057678222656,6810400,0.0,0.0
2018-06-12,51.880001068115234,52.119998931884766,50.95000076293945,51.31999969482422,40.091224670410156,8953300,0.0,0.0
2018-06-13,51.47999954223633,52.36000061035156,51.27000045776367,51.599998474121094,40.309967041015625,7981400,0.0,0.0
2018-06-14,51.709999084472656,51.720001220703125,51.099998474121094,51.310001373291016,40.08342361450195,8620700,0.0,0.0
2018-06-15,50.90999984741211,51.41999816894531,50.58000183105469,51.15999984741211,39.96623992919922,11505700,0.0,0.0
2018-06-18,50.709999084472656,50.939998626708984,50.45000076293945,50.77000045776367,39.66157150268555,7493900,0.0,0.0
2018-06-19,50.16999816894531,50.189998626708984,49.4900016784668,49.91999816894531,38.9975471496582,12490100,0.0,0.0
2018-06-20,50.130001068115234,50.38999938964844,49.83000183105469,49.88999938964844,38.97412109375,6570800,0.0,0.0
2018-06-21,49.65999984741211,50.119998931884766,48.97999954223633,49.790000915527344,38.895999908447266,11018400,0.0,0.0
2018-06-22,49.97999954223633,50.540000915527344,48.79999923706055,48.88999938964844,38.19291305541992,12896400,0.0,0.0
2018-06-25,48.650001525878906,48.790000915527344,47.459999084472656,47.93000030517578,37.44296646118164,14684200,0.0,0.0
2018-06-26,47.939998626708984,48.04999923706055,47.11000061035156,47.790000915527344,37.33359146118164,12097800,0.0,0.0
2018-06-27,47.939998626708984,48.5,47.189998626708984,47.189998626708984,36.86486053466797,11635900,0.0,0.0
2018-06-28,47.25,48.54999923706055,47.220001220703125,48.290000915527344,37.72418975830078,14183300,0.0,0.0
2018-06-29,48.97999954223633,49.27000045776367,47.380001068115234,47.400001525878906,37.028926849365234,13592200,0.0,0.0
2018-07-02,46.959999084472656,47.77000045776367,46.77000045776367,47.720001220703125,37.27891159057617,8655100,0.0,0.0
2018-07-03,47.869998931884766,47.88999938964844,46.939998626708984,47.02000045776367,36.73207092285156,5037800,0.0,0.0
2018-07-05,47.290000915527344,47.4900016784668,46.400001525878906,46.70000076293945,36.48208999633789,10577300,0.0,0.0
2018-07-06,46.529998779296875,47.290000915527344,46.279998779296875,47.09000015258789,36.78675079345703,7269300,0.0,0.0
2018-07-09,47.290000915527344,48.5,47.290000915527344,48.40999984741211,37.81794357299805,9412500,0.0,0.0
2018-07-10,48.43000030517578,48.650001525878906,47.9900016784668,48.099998474121094,37.57576370239258,9238800,0.0,0.0
2018-07-11,47.63999938964844,48.06999969482422,47.59000015258789,47.75,37.30234146118164,6089500,0.0,0.0
2018-07-12,48.0,48.27000045776367,47.79999923706055,48.02000045776367,37.51325988769531,7774700,0.0,0.0
2018-07-13,48.08000183105469,48.400001525878906,47.47999954223633,48.08000183105469,37.560142517089844,9747600,0.0,0.0
2018-07-16,48.220001220703125,49.09000015258789,48.20000076293945,48.900001525878906,38.200714111328125,8724000,0.0,0.0
2018-07-17,49.0,49.45000076293945,48.4900016784668,49.18000030517578,38.41946792602539,11138300,0.0,0.0
2018-07-18,50.75,51.5,50.04999923706055,50.560001373291016,39.49752426147461,18407300,0.0,0.0
2018-07-19,50.5,50.970001220703125,49.779998779296875,49.849998474121094,38.9428596496582,11363600,0.0,0.0
2018-07-20,49.650001525878906,50.59000015258789,49.59000015258789,50.27000045776367,39.27096939086914,8910000,0.0,0.0
2018-07-23,50.27000045776367,51.0,50.25,50.7400016784668,39.63813781738281,7728900,0.0,0.0
2018-07-24,50.97999954223633,51.529998779296875,50.84000015258789,50.97999954223633,39.82561492919922,7254900,0.0,0.0
2018-07-25,50.97999954223633,51.11000061035156,50.40999984741211,51.040000915527344,39.87249755859375,7483100,0.0,0.0
2018-07-26,51.220001220703125,51.36000061035156,50.91999816894531,50.9900016784668,39.83341598510742,5524900,0.0,0.0
2018-07-27,51.09000015258789,51.29999923706055,50.72999954223633,51.04999923706055,39.88032150268555,7252100,0.0,0.0
2018-07-30,50.880001068115234,51.310001373291016,50.43000030517578,50.900001525878906,39.99818420410156,10123700,0.3,0.0
2018-07-31,50.959999084472656,51.02000045776367,50.220001220703125,50.560001373291016,39.73101043701172,9714900,0.0,0.0
2018-08-01,50.939998626708984,51.18000030517578,50.040000915527344,50.18000030517578,39.432395935058594,9194600,0.0,0.0
2018-08-02,49.810001373291016,50.029998779296875,49.25,49.810001373291016,39.14162826538086,7882500,0.0,0.0
2018-08-03,49.970001220703125,50.15999984741211,49.72999954223633,49.90999984741211,39.22022247314453,5426100,0.0,0.0
2018-08-06,49.88999938964844,50.119998931884766,49.56999969482422,49.9900016784668,39.2830924987793,5086900,0.0,0.0
2018-08-07,50.150001525878906,50.84000015258789,50.099998474121094,50.130001068115234,39.39310836791992,5632300,0.0,0.0
2018-08-08,50.130001068115234,50.380001068115234,49.959999084472656,50.119998931884766,39.385231018066406,5884100,0.0,0.0
2018-08-09,50.099998474121094,50.25,49.40999984741211,49.439998626708984,38.85087966918945,7583400,0.0,0.0
2018-08-10,48.880001068115234,48.88999938964844,48.13999938964844,48.38999938964844,38.02578353881836,14321600,0.0,0.0
2018-08-13,48.34000015258789,48.47999954223633,47.279998779296875,47.349998474121094,37.20852279663086,11445900,0.0,0.0
2018-08-14,47.5,48.040000915527344,47.400001525878906,47.86000061035156,37.609275817871094,8695500,0.0,0.0
2018-08-15,47.2599983215332,47.59000015258789,47.02000045776367,47.45000076293945,37.287109375,9496100,0.0,0.0
2018-08-16,47.83000183105469,48.59000015258789,47.79999923706055,48.29999923706055,37.955047607421875,8264500,0.0,0.0
2018-08-17,48.16999816894531,48.61000061035156,48.16999816894531,48.369998931884766,38.01005935668945,5854500,0.0,0.0
2018-08-20,48.33000183105469,48.59000015258789,48.150001525878906,48.290000915527344,37.94719314575195,7898200,0.0,0.0
2018-08-21,48.119998931884766,48.939998626708984,48.0099983215332,48.540000915527344,38.14364242553711,9632000,0.0,0.0
2018-08-22,48.36000061035156,48.65999984741211,48.2400016784668,48.599998474121094,38.1907958984375,4952000,0.0,0.0
2018-08-23,48.41999816894531,48.720001220703125,47.97999954223633,48.130001068115234,37.82146072387695,7699300,0.0,0.0
2018-08-24,48.34000015258789,48.61000061035156,48.099998474121094,48.13999938964844,37.82933044433594,5620600,0.0,0.0
2018-08-27,48.47999954223633,50.099998474121094,48.41999816894531,49.88999938964844,39.20450210571289,13317400,0.0,0.0
2018-08-28,50.04999923706055,50.43000030517578,49.880001068115234,50.0,39.29093551635742,7419100,0.0,0.0
2018-08-29,50.0,50.189998626708984,49.58000183105469,49.95000076293945,39.25165557861328,7856700,0.0,0.0
2018-08-30,49.77000045776367,49.88999938964844,49.20000076293945,49.29999923706055,38.740867614746094,11399900,0.0,0.0
2018-08-31,49.09000015258789,49.09000015258789,48.56999969482422,48.83000183105469,38.37154006958008,7698400,0.0,0.0
2018-09-04,48.86000061035156,48.90999984741211,48.18000030517578,48.709999084472656,38.27722930908203,8548700,0.0,0.0
2018-09-05,48.650001525878906,49.04999923706055,48.5099983215332,48.720001220703125,38.285091400146484,5527500,0.0,0.0
2018-09-06,48.54999923706055,48.81999969482422,47.68000030517578,47.93000030517578,37.6642951965332,7990500,0.0,0.0
2018-09-07,48.02000045776367,48.400001525878906,47.880001068115234,48.220001220703125,37.892181396484375,7285200,0.0,0.0
2018-09-10,48.369998931884766,48.470001220703125,47.90999984741211,47.939998626708984,37.67216110229492,4925000,0.0,0.0
2018-09-11,47.709999084472656,48.040000915527344,47.38999938964844,47.86000061035156,37.609275817871094,5011700,0.0,0.0
2018-09-12,47.790000915527344,48.099998474121094,47.2599983215332,47.47999954223633,37.31068420410156,6231800,0.0,0.0
2018-09-13,47.72999954223633,48.099998474121094,47.5,47.720001220703125,37.4992790222168,8380100,0.0,0.0
2018-09-14,47.88999938964844,48.5099983215332,47.849998474121094,48.189998626708984,37.86861038208008,6955500,0.0,0.0
2018-09-17,48.5,48.540000915527344,47.560001373291016,47.68000030517578,37.46784210205078,6726500,0.0,0.0
2018-09-18,47.86000061035156,48.040000915527344,47.54999923706055,47.849998474121094,37.6014289855957,7082500,0.0,0.0
2018-09-19,47.880001068115234,49.36000061035156,47.880001068115234,49.099998474121094,38.58370590209961,12489100,0.0,0.0
2018-09-20,49.75,50.369998931884766,49.709999084472656,49.880001068115234,39.19664001464844,11810000,0.0,0.0
2018-09-21,49.93000030517578,49.970001220703125,49.150001525878906,49.40999984741211,38.82730484008789,21450400,0.0,0.0
2018-09-24,49.369998931884766,49.45000076293945,48.47999954223633,48.560001373291016,38.15935516357422,7917600,0.0,0.0
2018-09-25,48.70000076293945,49.189998626708984,48.25,48.279998779296875,37.939327239990234,9007500,0.0,0.0
2018-09-26,48.36000061035156,48.4900016784668,47.540000915527344,47.70000076293945,37.48356246948242,8443100,0.0,0.0
2018-09-27,47.83000183105469,48.15999984741211,47.54999923706055,47.77000045776367,37.53857421875,12204900,0.0,0.0
2018-09-28,47.41999816894531,47.54999923706055,46.400001525878906,46.56999969482422,36.59558868408203,14187300,0.0,0.0
2018-10-01,46.91999816894531,47.310001373291016,46.52000045776367,46.630001068115234,36.64274215698242,9710100,0.0,0.0
2018-10-02,46.70000076293945,46.959999084472656,46.150001525878906,46.630001068115234,36.64274215698242,9589100,0.0,0.0
2018-10-03,47.16999816894531,47.72999954223633,46.97999954223633,47.11000061035156,37.019927978515625,8985300,0.0,0.0
2018-10-04,47.380001068115234,47.93000030517578,46.970001220703125,47.27000045776367,37.14566421508789,7722200,0.0,0.0
2018-10-05,47.380001068115234,47.529998779296875,46.5,46.75,36.737022399902344,7938900,0.0,0.0
2018-10-08,46.5099983215332,47.220001220703125,46.29999923706055,47.02000045776367,36.94920349121094,7054500,0.0,0.0
2018-10-09,46.70000076293945,46.810001373291016,45.939998626708984,46.15999984741211,36.273399353027344,9999500,0.0,0.0
2018-10-10,46.34000015258789,46.40999984741211,44.52000045776367,44.619998931884766,35.063232421875,14143800,0.0,0.0
2018-10-11,44.18000030517578,44.779998779296875,43.16999816894531,43.4900016784668,34.17525863647461,21746900,0.0,0.0
2018-10-12,44.29999923706055,44.56999969482422,42.880001068115234,43.43000030517578,34.12811279296875,16049300,0.0,0.0
2018-10-15,43.41999816894531,43.77000045776367,43.06999969482422,43.470001220703125,34.159542083740234,11986800,0.0,0.0
2018-10-16,45.7400016784668,46.20000076293945,44.47999954223633,45.939998626708984,36.100528717041016,24174900,0.0,0.0
2018-10-17,45.959999084472656,47.84000015258789,45.529998779296875,47.189998626708984,37.082786560058594,22121900,0.0,0.0
2018-10-18,46.90999984741211,47.4900016784668,45.75,46.029998779296875,36.17123031616211,14873900,0.0,0.0
2018-10-19,46.06999969482422,46.72999954223633,45.63999938964844,46.41999816894531,36.477718353271484,14931200,0.0,0.0
2018-10-22,46.43000030517578,46.720001220703125,45.09000015258789,45.11000061035156,35.44829177856445,11166700,0.0,0.0
2018-10-23,44.02000045776367,44.810001373291016,43.310001373291016,44.52000045776367,34.984649658203125,15095300,0.0,0.0
2018-10-24,44.790000915527344,44.79999923706055,43.33000183105469,43.4900016784668,34.17525863647461,15067400,0.0,0.0
2018-10-25,43.959999084472656,44.959999084472656,43.95000076293945,44.54999923706055,35.00822830200195,13838500,0.0,0.0
2018-10-26,43.77000045776367,44.52000045776367,43.25,43.970001220703125,34.552459716796875,12997100,0.0,0.0
2018-10-29,44.59000015258789,45.08000183105469,43.290000915527344,43.95000076293945,34.5367431640625,12869800,0.0,0.0
2018-10-30,44.0,44.59000015258789,43.560001373291016,44.5,35.209266662597656,14780300,0.3,0.0
2018-10-31,45.13999938964844,46.34000015258789,45.11000061035156,45.65999984741211,36.127098083496094,16928300,0.0,0.0
2018-11-01,45.81999969482422,46.20000076293945,45.45000076293945,45.88999938964844,36.30906677246094,8679900,0.0,0.0
2018-11-02,46.5,46.95000076293945,45.540000915527344,45.95000076293945,36.35655212402344,10478800,0.0,0.0
2018-11-05,46.02000045776367,46.36000061035156,45.630001068115234,45.81999969482422,36.2536735534668,12318900,0.0,0.0
2018-11-06,45.779998779296875,46.06999969482422,45.290000915527344,45.720001220703125,36.17456817626953,10737300,0.0,0.0
2018-11-07,46.189998626708984,46.810001373291016,45.630001068115234,46.61000061035156,36.87874984741211,9951200,0.0,0.0
2018-11-08,46.33000183105469,46.849998474121094,46.20000076293945,46.43000030517578,36.736328125,9484100,0.0,0.0
2018-11-09,46.36000061035156,46.439998626708984,45.650001525878906,45.72999954223633,36.18247985839844,10017900,0.0,0.0
2018-11-12,45.52000045776367,45.849998474121094,43.91999816894531,44.130001068115234,34.91651916503906,14302000,0.0,0.0
2018-11-13,43.61000061035156,45.130001068115234,43.43000030517578,44.68000030517578,35.35169219970703,12346100,0.0,0.0
2018-11-14,45.09000015258789,46.75,43.04999923706055,43.849998474121094,34.69497299194336,13265200,0.0,0.0
2018-11-15,43.349998474121094,44.470001220703125,43.099998474121094,44.29999923706055,35.05103302001953,14057400,0.0,0.0
2018-11-16,43.9900016784668,44.34000015258789,43.470001220703125,44.130001068115234,34.91651916503906,9775000,0.0,0.0
2018-11-19,44.16999816894531,44.790000915527344,44.040000915527344,44.40999984741211,35.138065338134766,9856700,0.0,0.0
2018-11-20,43.88999938964844,44.0099983215332,42.540000915527344,43.099998474121094,34.1015625,16035600,0.0,0.0
2018-11-21,43.290000915527344,44.22999954223633,43.150001525878906,43.72999954223633,34.60002899169922,7961900,0.0,0.0
2018-11-23,43.279998779296875,43.61000061035156,43.04999923706055,43.08000183105469,34.08574676513672,4822400,0.0,0.0
2018-11-26,43.720001220703125,44.70000076293945,43.720001220703125,44.279998779296875,35.03520202636719,8862900,0.0,0.0
2018-11-27,44.02000045776367,44.400001525878906,43.83000183105469,44.04999923706055,34.85321807861328,8035900,0.0,0.0
2018-11-28,44.290000915527344,45.529998779296875,43.66999816894531,45.310001373291016,35.850162506103516,12380800,0.0,0.0
2018-11-29,44.900001525878906,45.09000015258789,44.31999969482422,44.5099983215332,35.21717834472656,9202900,0.0,0.0
2018-11-30,44.380001068115234,44.61000061035156,43.90999984741211,44.38999938964844,35.12223815917969,11282500,0.0,0.0
2018-12-03,45.06999969482422,46.13999938964844,45.0,45.40999984741211,35.92927932739258,15437000,0.0,0.0
2018-12-04,45.04999923706055,45.16999816894531,42.31999969482422,43.119998931884766,34.117393493652344,18401400,0.0,0.0
2018-12-06,41.650001525878906,42.72999954223633,40.97999954223633,42.61000061035156,33.713871002197266,17552400,0.0,0.0
2018-12-07,42.43000030517578,43.060001373291016,40.95000076293945,41.31999969482422,32.693206787109375,15499400,0.0,0.0
2018-12-10,41.09000015258789,41.41999816894531,39.560001373291016,40.709999084472656,32.2105598449707,16323200,0.0,0.0
2018-12-11,41.52000045776367,41.880001068115234,40.18000030517578,40.619998931884766,32.13934326171875,13619400,0.0,0.0
2018-12-12,41.11000061035156,41.7599983215332,40.79999923706055,40.810001373291016,32.28968048095703,14207600,0.0,0.0
2018-12-13,40.880001068115234,41.119998931884766,40.33000183105469,40.599998474121094,32.12351989746094,15964600,0.0,0.0
2018-12-14,40.06999969482422,40.939998626708984,39.529998779296875,39.63999938964844,31.36394691467285,17332200,0.0,0.0
2018-12-17,39.290000915527344,40.65999984741211,39.02000045776367,39.599998474121094,31.332300186157227,15786300,0.0,0.0
2018-12-18,39.95000076293945,40.81999969482422,39.63999938964844,39.88999938964844,31.56175422668457,14538300,0.0,0.0
2018-12-19,39.900001525878906,41.08000183105469,38.84000015258789,39.29999923706055,31.094934463500977,19412300,0.0,0.0
2018-12-20,38.88999938964844,39.65999984741211,38.560001373291016,38.90999984741211,30.78635025024414,27520300,0.0,0.0
2018-12-21,38.40999984741211,39.720001220703125,37.4900016784668,37.68000030517578,29.813154220581055,21528400,0.0,0.0
2018-12-24,37.61000061035156,38.0,36.7400016784668,37.0099983215332,29.283037185668945,11444400,0.0,0.0
2018-12-26,37.279998779296875,39.400001525878906,36.779998779296875,39.29999923706055,31.094934463500977,16814200,0.0,0.0
2018-12-27,38.47999954223633,39.77000045776367,38.33000183105469,39.65999984741211,31.379776000976562,13897900,0.0,0.0
2018-12-28,39.939998626708984,40.0,38.939998626708984,39.369998931884766,31.150312423706055,12854200,0.0,0.0
2018-12-31,39.66999816894531,40.08000183105469,39.06999969482422,39.650001525878906,31.37186050415039,9518100,0.0,0.0
2019-01-02,39.02000045776367,40.720001220703125,38.7599983215332,40.400001525878906,31.96527671813965,10648000,0.0,0.0
2019-01-03,40.220001220703125,40.220001220703125,39.25,39.68000030517578,31.395597457885742,13034500,0.0,0.0
2019-01-04,40.5,41.58000183105469,40.279998779296875,41.29999923706055,32.6773796081543,14371600,0.0,0.0
2019-01-07,41.5099983215332,42.15999984741211,40.97999954223633,41.709999084472656,33.00175857543945,11812400,0.0,0.0
2019-01-08,42.29999923706055,42.40999984741211,41.08000183105469,41.45000076293945,32.79605484008789,11398200,0.0,0.0
2019-01-09,41.90999984741211,42.209999084472656,41.25,41.7400016784668,33.025516510009766,9223000,0.0,0.0
2019-01-10,41.380001068115234,41.959999084472656,41.2400016784668,41.65999984741211,32.962215423583984,7560800,0.0,0.0
2019-01-11,41.279998779296875,41.869998931884766,40.959999084472656,41.7400016784668,33.025516510009766,8191900,0.0,0.0
2019-01-14,41.310001373291016,42.790000915527344,41.119998931884766,42.47999954223633,33.61100769042969,12336300,0.0,0.0
2019-01-15,42.209999084472656,42.9900016784668,42.029998779296875,42.880001068115234,33.92749786376953,11737000,0.0,0.0
2019-01-16,44.0,45.11000061035156,43.66999816894531,44.4900016784668,35.20135498046875,30530400,0.0,0.0
2019-01-17,42.45000076293945,43.18000030517578,41.61000061035156,42.529998779296875,33.650569915771484,47037200,0.0,0.0
2019-01-18,43.02000045776367,43.77000045776367,42.560001373291016,43.689998626708984,34.568382263183594,20614400,0.0,0.0
2019-01-22,42.41999816894531,42.7400016784668,41.93000030517578,42.40999984741211,33.55562973022461,20202400,0.0,0.0
2019-01-23,42.52000045776367,42.619998931884766,41.65999984741211,42.150001525878906,33.34990310668945,15583900,0.0,0.0
2019-01-24,41.95000076293945,42.58000183105469,41.84000015258789,42.04999923706055,33.270790100097656,13421600,0.0,0.0
2019-01-25,42.66999816894531,43.25,42.54999923706055,42.97999954223633,34.00661087036133,13422700,0.0,0.0
2019-01-28,42.439998626708984,42.72999954223633,42.060001373291016,42.650001525878906,33.745513916015625,10396600,0.0,0.0
2019-01-29,42.529998779296875,42.70000076293945,42.11000061035156,42.4900016784668,33.618927001953125,9916400,0.0,0.0
2019-01-30,42.349998474121094,42.970001220703125,42.06999969482422,42.790000915527344,34.09703826904297,12347900,0.3,0.0
2019-01-31,42.29999923706055,42.66999816894531,42.18000030517578,42.29999923706055,33.70657730102539,11163400,0.0,0.0
2019-02-01,42.29999923706055,42.72999954223633,41.790000915527344,41.81999969482422,33.32408142089844,13322100,0.0,0.0
2019-02-04,41.900001525878906,42.459999084472656,41.68000030517578,42.459999084472656,33.83407211303711,8715300,0.0,0.0
2019-02-05,42.380001068115234,42.560001373291016,42.220001220703125,42.45000076293945,33.82610321044922,9971500,0.0,0.0
2019-02-06,42.29999923706055,42.849998474121094,42.09000015258789,42.380001068115234,33.77032470703125,9744000,0.0,0.0
2019-02-07,42.11000061035156,42.18000030517578,41.040000915527344,41.47999954223633,33.053165435791016,12745400,0.0,0.0
2019-02-08,41.029998779296875,41.34000015258789,40.119998931884766,40.810001373291016,32.519283294677734,13993900,0.0,0.0
2019-02-11,41.0,41.08000183105469,40.189998626708984,40.209999084472656,32.041160583496094,17058300,0.0,0.0
2019-02-12,40.650001525878906,41.5,40.650001525878906,41.150001525878906,32.790199279785156,12400800,0.0,0.0
2019-02-13,41.5,42.029998779296875,41.15999984741211,41.189998626708984,32.82206344604492,9528300,0.0,0.0
2019-02-14,40.810001373291016,41.529998779296875,40.279998779296875,40.720001220703125,32.44755935668945,10414200,0.0,0.0
2019-02-15,41.15999984741211,42.08000183105469,41.130001068115234,41.9900016784668,33.45956039428711,13289700,0.0,0.0
2019-02-19,41.58000183105469,42.279998779296875,41.43000030517578,42.15999984741211,33.59502029418945,9401700,0.0,0.0
2019-02-20,42.09000015258789,42.47999954223633,42.02000045776367,42.41999816894531,33.80219268798828,10031600,0.0,0.0
2019-02-21,42.38999938964844,42.52000045776367,41.689998626708984,41.959999084472656,33.435646057128906,9603600,0.0,0.0
2019-02-22,42.04999923706055,42.2400016784668,41.599998474121094,41.790000915527344,33.30017852783203,10132100,0.0,0.0
2019-02-25,42.130001068115234,42.86000061035156,42.11000061035156,42.189998626708984,33.618927001953125,10804700,0.0,0.0
2019-02-26,41.97999954223633,42.68000030517578,41.630001068115234,42.40999984741211,33.79423141479492,10404400,0.0,0.0
2019-02-27,42.470001220703125,42.709999084472656,42.25,42.560001373291016,33.91375732421875,6916600,0.0,0.0
2019-02-28,42.4900016784668,42.619998931884766,41.84000015258789,41.97999954223633,33.45158767700195,12299900,0.0,0.0
2019-03-01,42.349998474121094,42.869998931884766,42.349998474121094,42.5,33.86595153808594,12336100,0.0,0.0
2019-03-04,42.54999923706055,43.099998474121094,41.79999923706055,42.0,33.46752166748047,12115100,0.0,0.0
2019-03-05,41.97999954223633,42.040000915527344,41.189998626708984,41.900001525878906,33.38783645629883,10449100,0.0,0.0
2019-03-06,41.83000183105469,42.09000015258789,41.59000015258789,41.619998931884766,33.164730072021484,7062700,0.0,0.0
2019-03-07,41.31999969482422,41.349998474121094,40.630001068115234,41.16999816894531,32.806129455566406,12502100,0.0,0.0
2019-03-08,40.58000183105469,41.5,40.400001525878906,41.36000061035156,32.957542419433594,11748400,0.0,0.0
2019-03-11,41.70000076293945,42.209999084472656,41.65999984741211,41.849998474121094,33.34798812866211,7191600,0.0,0.0
2019-03-12,41.95000076293945,42.189998626708984,41.81999969482422,42.029998779296875,33.491424560546875,7204400,0.0,0.0
2019-03-13,42.400001525878906,42.650001525878906,42.20000076293945,42.40999984741211,33.79423141479492,9269000,0.0,0.0
2019-03-14,42.29999923706055,42.91999816894531,42.29999923706055,42.689998626708984,34.01734161376953,8351200,0.0,0.0
2019-03-15,42.68000030517578,43.470001220703125,42.540000915527344,43.33000183105469,34.52732849121094,18992600,0.0,0.0
2019-03-18,43.470001220703125,44.209999084472656,43.470001220703125,44.029998779296875,35.085113525390625,10305900,0.0,0.0
2019-03-19,44.619998931884766,44.88999938964844,43.880001068115234,43.95000076293945,35.0213737487793,12548500,0.0,0.0
2019-03-20,43.7400016784668,43.79999923706055,42.93000030517578,43.029998779296875,34.28827667236328,15078500,0.0,0.0
2019-03-21,42.59000015258789,43.630001068115234,42.20000076293945,43.130001068115234,34.36796188354492,14576200,0.0,0.0
2019-03-22,42.560001373291016,42.720001220703125,41.279998779296875,41.720001220703125,33.244407653808594,25416800,0.0,0.0
2019-03-25,41.709999084472656,41.93000030517578,40.90999984741211,41.25,32.86989974975586,14504100,0.0,0.0
2019-03-26,41.709999084472656,42.22999954223633,41.34000015258789,41.880001068115234,33.371910095214844,9615400,0.0,0.0
2019-03-27,41.81999969482422,42.04999923706055,41.290000915527344,41.369998931884766,32.965511322021484,11251600,0.0,0.0
2019-03-28,41.4900016784668,41.970001220703125,41.380001068115234,41.93000030517578,33.41173553466797,8397000,0.0,0.0
2019-03-29,42.47999954223633,42.630001068115234,41.970001220703125,42.20000076293945,33.62689971923828,11811400,0.0,0.0
2019-04-01,42.779998779296875,43.95000076293945,42.75,43.529998779296875,34.68669509887695,25813300,0.0,0.0
2019-04-02,43.43000030517578,43.88999938964844,43.209999084472656,43.70000076293945,34.82216262817383,13101200,0.0,0.0
2019-04-03,44.25,44.63999938964844,44.040000915527344,44.380001068115234,35.364013671875,11712100,0.0,0.0
2019-04-04,44.33000183105469,45.2400016784668,44.33000183105469,44.93000030517578,35.802284240722656,9119900,0.0,0.0
2019-04-05,45.130001068115234,45.380001068115234,44.72999954223633,44.900001525878906,35.77836227416992,8633900,0.0,0.0
2019-04-08,44.650001525878906,44.9900016784668,44.36000061035156,44.97999954223633,35.842124938964844,10898900,0.0,0.0
2019-04-09,44.650001525878906,44.66999816894531,43.95000076293945,44.2599983215332,35.268394470214844,7436200,0.0,0.0
2019-04-10,44.31999969482422,44.619998931884766,44.099998474121094,44.45000076293945,35.4197883605957,6703400,0.0,0.0
2019-04-11,44.7400016784668,45.08000183105469,44.470001220703125,44.79999923706055,35.698692321777344,7872700,0.0,0.0
2019-04-12,45.88999938964844,47.06999969482422,45.869998931884766,46.689998626708984,37.20473098754883,21641900,0.0,0.0
2019-04-15,46.470001220703125,46.790000915527344,45.91999816894531,46.08000183105469,36.718650817871094,11669000,0.0,0.0
2019-04-16,46.380001068115234,47.09000015258789,46.189998626708984,47.02000045776367,37.467689514160156,13358600,0.0,0.0
2019-04-17,47.849998474121094,48.54999923706055,47.130001068115234,48.2599983215332,38.455772399902344,19610000,0.0,0.0
2019-04-18,47.790000915527344,48.13999938964844,47.290000915527344,47.54999923706055,37.890010833740234,19906500,0.0,0.0
2019-04-22,47.369998931884766,47.45000076293945,46.97999954223633,47.290000915527344,37.68284606933594,7042100,0.0,0.0
2019-04-23,47.09000015258789,47.45000076293945,46.849998474121094,47.349998474121094,37.73064422607422,8163700,0.0,0.0
2019-04-24,47.130001068115234,47.61000061035156,47.04999923706055,47.380001068115234,37.754547119140625,9042500,0.0,0.0
2019-04-25,47.209999084472656,47.7400016784668,47.0099983215332,47.290000915527344,37.68284606933594,5585900,0.0,0.0
2019-04-26,47.400001525878906,47.91999816894531,47.22999954223633,47.88999938964844,38.16094207763672,7661100,0.0,0.0
2019-04-29,47.849998474121094,48.66999816894531,47.75,48.459999084472656,38.85856246948242,9702200,0.3,0.0
2019-04-30,48.5,48.619998931884766,47.86000061035156,48.25,38.69017791748047,8104600,0.0,0.0
2019-05-01,48.20000076293945,48.619998931884766,47.40999984741211,47.56999969482422,38.14490509033203,9056300,0.0,0.0
2019-05-02,47.66999816894531,48.029998779296875,47.400001525878906,47.810001373291016,38.33735656738281,7680500,0.0,0.0
2019-05-03,48.029998779296875,48.4900016784668,47.81999969482422,48.060001373291016,38.537818908691406,5829700,0.0,0.0
2019-05-06,46.970001220703125,47.86000061035156,46.84000015258789,47.709999084472656,38.25716018676758,6310000,0.0,0.0
2019-05-07,47.13999938964844,47.20000076293945,46.25,46.709999084472656,37.45529556274414,10365100,0.0,0.0
2019-05-08,46.5099983215332,47.189998626708984,46.470001220703125,46.529998779296875,37.31095886230469,7340300,0.0,0.0
2019-05-09,45.90999984741211,46.4900016784668,45.4900016784668,46.45000076293945,37.2468147277832,8102300,0.0,0.0
2019-05-10,46.25,46.41999816894531,45.709999084472656,46.34000015258789,37.158599853515625,9749200,0.0,0.0
2019-05-13,45.20000076293945,45.27000045776367,43.939998626708984,44.18000030517578,35.42656707763672,16506200,0.0,0.0
2019-05-14,44.18000030517578,44.59000015258789,43.97999954223633,44.0099983215332,35.290252685546875,17302200,0.0,0.0
2019-05-15,43.279998779296875,44.279998779296875,42.86000061035156,43.900001525878906,35.202056884765625,10703100,0.0,0.0
2019-05-16,44.060001373291016,44.720001220703125,43.91999816894531,44.279998779296875,35.50675964355469,9305000,0.0,0.0
2019-05-17,43.52000045776367,44.31999969482422,43.5,43.880001068115234,35.18600845336914,8411700,0.0,0.0
2019-05-20,43.4900016784668,44.15999984741211,43.33000183105469,43.869998931884766,35.1779899597168,8951600,0.0,0.0
2019-05-21,44.2400016784668,44.529998779296875,44.13999938964844,44.38999938964844,35.59496307373047,5936200,0.0,0.0
2019-05-22,44.11000061035156,44.29999923706055,43.43000030517578,43.4900016784668,34.8732795715332,10109600,0.0,0.0
2019-05-23,42.75,42.81999969482422,42.150001525878906,42.709999084472656,34.2478141784668,13128900,0.0,0.0
2019-05-24,43.029998779296875,43.20000076293945,42.689998626708984,42.959999084472656,34.44829177856445,6172300,0.0,0.0
2019-05-28,42.849998474121094,43.06999969482422,42.15999984741211,42.16999816894531,33.814815521240234,10539500,0.0,0.0
2019-05-29,41.7400016784668,42.2400016784668,41.56999969482422,42.189998626708984,33.83085632324219,9808700,0.0,0.0
2019-05-30,42.459999084472656,42.630001068115234,41.529998779296875,41.83000183105469,33.54217529296875,7797200,0.0,0.0
2019-05-31,41.11000061035156,41.279998779296875,40.599998474121094,40.689998626708984,32.62804412841797,11328600,0.0,0.0
2019-06-03,40.709999084472656,41.09000015258789,40.43000030517578,40.72999954223633,32.66012191772461,10133200,0.0,0.0
2019-06-04,41.43000030517578,42.56999969482422,41.380001068115234,42.47999954223633,34.063392639160156,11860900,0.0,0.0
2019-06-05,42.5,42.66999816894531,41.95000076293945,42.43000030517578,34.02329635620117,6421300,0.0,0.0
2019-06-06,42.25,42.9900016784668,42.150001525878906,42.810001373291016,34.3280143737793,5741500,0.0,0.0
2019-06-07,42.66999816894531,43.06999969482422,42.58000183105469,42.70000076293945,34.23980712890625,7546200,0.0,0.0
2019-06-10,43.2400016784668,43.84000015258789,43.20000076293945,43.290000915527344,34.71290969848633,8693100,0.0,0.0
2019-06-11,43.77000045776367,44.18000030517578,43.40999984741211,43.66999816894531,35.01762008666992,10654600,0.0,0.0
2019-06-12,43.439998626708984,43.439998626708984,42.540000915527344,42.619998931884766,34.1756477355957,8073800,0.0,0.0
2019-06-13,42.68000030517578,43.220001220703125,42.540000915527344,42.95000076293945,34.44026565551758,7530900,0.0,0.0
2019-06-14,43.189998626708984,43.220001220703125,42.5099983215332,42.81999969482422,34.336021423339844,7102600,0.0,0.0
2019-06-17,42.72999954223633,43.08000183105469,42.439998626708984,42.5099983215332,34.08744812011719,5658700,0.0,0.0
2019-06-18,42.56999969482422,43.810001373291016,42.439998626708984,43.34000015258789,34.75300216674805,10094500,0.0,0.0
2019-06-19,43.70000076293945,43.90999984741211,43.11000061035156,43.13999938964844,34.59262466430664,8034300,0.0,0.0
2019-06-20,43.599998474121094,43.95000076293945,42.9900016784668,43.459999084472656,34.84922790527344,9922800,0.0,0.0
2019-06-21,43.58000183105469,44.16999816894531,43.439998626708984,43.58000183105469,34.94544982910156,18450800,0.0,0.0
2019-06-24,43.5,43.900001525878906,42.9900016784668,43.06999969482422,34.536495208740234,8141400,0.0,0.0
2019-06-25,42.970001220703125,43.0,42.2400016784668,42.65999984741211,34.20771789550781,10232900,0.0,0.0
2019-06-26,42.779998779296875,43.290000915527344,42.75,42.9900016784668,34.472347259521484,7826400,0.0,0.0
2019-06-27,43.29999923706055,43.650001525878906,43.08000183105469,43.4900016784668,34.8732795715332,7459800,0.0,0.0
2019-06-28,44.20000076293945,44.56999969482422,43.7400016784668,43.810001373291016,35.129878997802734,15445600,0.0,0.0
2019-07-01,44.59000015258789,45.060001373291016,43.52000045776367,43.95000076293945,35.24214553833008,12197700,0.0,0.0
2019-07-02,43.70000076293945,43.93000030517578,43.400001525878906,43.83000183105469,35.145912170410156,8234800,0.0,0.0
2019-07-03,43.95000076293945,44.150001525878906,43.81999969482422,43.9900016784668,35.27421569824219,4470800,0.0,0.0
2019-07-05,44.4900016784668,44.81999969482422,44.06999969482422,44.209999084472656,35.45062255859375,6276000,0.0,0.0
2019-07-08,43.59000015258789,43.959999084472656,43.290000915527344,43.4900016784668,34.8732795715332,7060200,0.0,0.0
2019-07-09,43.08000183105469,43.869998931884766,43.02000045776367,43.779998779296875,35.10581970214844,5941900,0.0,0.0
2019-07-10,43.7599983215332,43.97999954223633,43.2400016784668,43.310001373291016,34.728939056396484,5311000,0.0,0.0
2019-07-11,43.4900016784668,44.33000183105469,43.380001068115234,44.18000030517578,35.42656707763672,8799200,0.0,0.0
2019-07-12,44.54999923706055,44.900001525878906,44.380001068115234,44.869998931884766,35.97985076904297,9565700,0.0,0.0
2019-07-15,45.0099983215332,45.0099983215332,44.290000915527344,44.43000030517578,35.627037048339844,7870700,0.0,0.0
2019-07-16,44.79999923706055,45.060001373291016,44.27000045776367,44.43000030517578,35.627037048339844,10170900,0.0,0.0
2019-07-17,44.2599983215332,44.31999969482422,43.65999984741211,43.77000045776367,35.097801208496094,9131800,0.0,0.0
2019-07-18,43.66999816894531,44.52000045776367,43.5099983215332,44.43000030517578,35.627037048339844,11185800,0.0,0.0
2019-07-19,44.349998474121094,44.709999084472656,44.33000183105469,44.38999938964844,35.59496307373047,10083600,0.0,0.0
2019-07-22,44.220001220703125,44.599998474121094,43.939998626708984,44.5,35.68316650390625,7091800,0.0,0.0
2019-07-23,44.77000045776367,45.290000915527344,44.77000045776367,45.099998474121094,36.1642951965332,9859600,0.0,0.0
2019-07-24,44.88999938964844,45.709999084472656,44.86000061035156,45.5,36.485042572021484,8092200,0.0,0.0
2019-07-25,45.5,45.56999969482422,44.599998474121094,44.869998931884766,35.97985076904297,8733800,0.0,0.0
2019-07-26,44.9900016784668,45.77000045776367,44.90999984741211,45.7400016784668,36.677494049072266,8321000,0.0,0.0
2019-07-29,45.63999938964844,45.72999954223633,45.06999969482422,45.22999954223633,36.268516540527344,8667000,0.0,0.0
2019-07-30,44.61000061035156,44.849998474121094,44.16999816894531,44.66999816894531,36.09883117675781,7339100,0.35,0.0
2019-07-31,44.70000076293945,44.9900016784668,44.279998779296875,44.560001373291016,36.00993347167969,8317100,0.0,0.0
2019-08-01,44.41999816894531,44.7400016784668,42.689998626708984,42.93000030517578,34.692691802978516,12963900,0.0,0.0
2019-08-02,42.72999954223633,42.75,41.2400016784668,42.119998931884766,34.03811264038086,16089900,0.0,0.0
2019-08-05,40.93000030517578,41.0,39.939998626708984,40.4900016784668,32.720882415771484,15311100,0.0,0.0
2019-08-06,40.95000076293945,41.33000183105469,40.470001220703125,41.220001220703125,33.31079864501953,10481200,0.0,0.0
2019-08-07,40.27000045776367,40.65999984741211,39.470001220703125,40.560001373291016,32.77745056152344,14108500,0.0,0.0
2019-08-08,41.0099983215332,41.459999084472656,40.63999938964844,41.27000045776367,33.35121154785156,9884400,0.0,0.0
2019-08-09,40.9900016784668,41.81999969482422,40.650001525878906,41.5,33.537071228027344,11011400,0.0,0.0
2019-08-12,40.77000045776367,40.900001525878906,40.15999984741211,40.36000061035156,32.61581802368164,8775000,0.0,0.0
2019-08-13,40.38999938964844,41.33000183105469,40.08000183105469,40.689998626708984,32.88249206542969,10896700,0.0,0.0
2019-08-14,39.56999969482422,39.56999969482422,38.84000015258789,39.33000183105469,31.78345489501953,17133400,0.0,0.0
2019-08-15,39.43000030517578,39.59000015258789,38.7599983215332,39.099998474121094,31.59758186340332,10818600,0.0,0.0
2019-08-16,39.529998779296875,40.189998626708984,39.41999816894531,39.939998626708984,32.27640151977539,9742800,0.0,0.0
2019-08-19,40.7400016784668,40.83000183105469,40.22999954223633,40.369998931884766,32.6239013671875,7803000,0.0,0.0
2019-08-20,40.040000915527344,40.290000915527344,39.83000183105469,39.900001525878906,32.244083404541016,11350000,0.0,0.0
2019-08-21,40.47999954223633,40.529998779296875,39.83000183105469,39.939998626708984,32.27640151977539,9876100,0.0,0.0
2019-08-22,40.36000061035156,40.41999816894531,39.91999816894531,40.27000045776367,32.5430908203125,8126000,0.0,0.0
2019-08-23,40.04999923706055,40.400001525878906,39.11000061035156,39.33000183105469,31.78345489501953,12310800,0.0,0.0
2019-08-26,39.84000015258789,40.27000045776367,39.70000076293945,40.15999984741211,32.454193115234375,10408600,0.0,0.0
2019-08-27,40.25,40.34000015258789,39.45000076293945,39.790000915527344,32.155181884765625,8742900,0.0,0.0
2019-08-28,39.400001525878906,40.70000076293945,39.349998474121094,40.380001068115234,32.63197708129883,9881900,0.0,0.0
2019-08-29,40.88999938964844,41.5,40.869998931884766,41.290000915527344,33.36737060546875,12191900,0.0,0.0
2019-08-30,41.68000030517578,41.869998931884766,41.29999923706055,41.4900016784668,33.52899932861328,7427000,0.0,0.0
2019-09-03,41.040000915527344,41.09000015258789,40.349998474121094,40.9900016784668,33.124942779541016,8675300,0.0,0.0
2019-09-04,41.439998626708984,41.689998626708984,41.29999923706055,41.529998779296875,33.56132125854492,6829900,0.0,0.0
2019-09-05,42.29999923706055,43.11000061035156,42.29999923706055,42.470001220703125,34.320953369140625,8101600,0.0,0.0
2019-09-06,42.470001220703125,42.54999923706055,42.0099983215332,42.18000030517578,34.08660888671875,7012700,0.0,0.0
2019-09-09,42.540000915527344,43.4900016784668,42.540000915527344,43.11000061035156,34.8381462097168,11888800,0.0,0.0
2019-09-10,43.279998779296875,43.810001373291016,43.060001373291016,43.58000183105469,35.217979431152344,12292700,0.0,0.0
2019-09-11,43.7400016784668,43.939998626708984,43.209999084472656,43.939998626708984,35.50888442993164,9877900,0.0,0.0
2019-09-12,43.5099983215332,44.439998626708984,43.380001068115234,44.31999969482422,35.81597900390625,13254300,0.0,0.0
2019-09-13,44.95000076293945,45.45000076293945,44.72999954223633,45.15999984741211,36.49479293823242,11364500,0.0,0.0
2019-09-16,44.4900016784668,45.04999923706055,44.349998474121094,44.75,36.1634635925293,6289800,0.0,0.0
2019-09-17,44.5,44.5,43.54999923706055,44.209999084472656,35.72709274291992,9768500,0.0,0.0
2019-09-18,43.90999984741211,44.4900016784668,43.650001525878906,44.36000061035156,35.84830856323242,8283800,0.0,0.0
2019-09-19,44.209999084472656,44.470001220703125,43.90999984741211,44.02000045776367,35.57355880737305,6403500,0.0,0.0
2019-09-20,44.220001220703125,44.599998474121094,43.630001068115234,43.66999816894531,35.290706634521484,22404600,0.0,0.0
2019-09-23,43.27000045776367,43.779998779296875,42.939998626708984,43.560001373291016,35.20180892944336,7114600,0.0,0.0
2019-09-24,43.77000045776367,43.77000045776367,42.369998931884766,42.540000915527344,34.377525329589844,11246400,0.0,0.0
2019-09-25,42.349998474121094,43.15999984741211,42.349998474121094,43.040000915527344,34.78158950805664,6909400,0.0,0.0
2019-09-26,42.959999084472656,43.0099983215332,42.58000183105469,42.619998931884766,34.442176818847656,5343800,0.0,0.0
2019-09-27,42.959999084472656,43.18000030517578,42.5,42.84000015258789,34.61995315551758,8005200,0.0,0.0
2019-09-30,43.06999969482422,43.20000076293945,42.58000183105469,42.66999816894531,34.482582092285156,6213700,0.0,0.0
2019-10-01,42.5099983215332,42.650001525878906,41.25,41.380001068115234,33.44009780883789,13437200,0.0,0.0
2019-10-02,41.040000915527344,41.09000015258789,40.09000015258789,40.22999954223633,32.510765075683594,12052500,0.0,0.0
2019-10-03,40.04999923706055,40.29999923706055,39.29999923706055,40.25,32.526920318603516,12293600,0.0,0.0
2019-10-04,40.34000015258789,40.81999969482422,40.18000030517578,40.779998779296875,32.95522689819336,5631400,0.0,0.0
2019-10-07,40.599998474121094,41.11000061035156,40.54999923706055,40.68000030517578,32.87440872192383,6323600,0.0,0.0
2019-10-08,40.04999923706055,40.20000076293945,39.689998626708984,39.81999969482422,32.17943572998047,8309000,0.0,0.0
2019-10-09,40.189998626708984,40.650001525878906,40.029998779296875,40.439998626708984,32.68047332763672,8955700,0.0,0.0
2019-10-10,40.86000061035156,41.40999984741211,40.75,41.04999923706055,33.17341995239258,8207100,0.0,0.0
2019-10-11,42.0,42.59000015258789,41.900001525878906,41.93000030517578,33.88456726074219,14914600,0.0,0.0
2019-10-14,41.77000045776367,42.310001373291016,41.68000030517578,42.25,34.14316940307617,6644500,0.0,0.0
2019-10-15,42.38999938964844,42.91999816894531,41.90999984741211,42.529998779296875,34.369441986083984,10112800,0.0,0.0
2019-10-16,42.59000015258789,43.150001525878906,42.45000076293945,42.790000915527344,34.579559326171875,10088900,0.0,0.0
2019-10-17,44.369998931884766,44.5,43.439998626708984,43.439998626708984,35.104827880859375,17965100,0.0,0.0
2019-10-18,43.529998779296875,43.86000061035156,43.22999954223633,43.65999984741211,35.28261947631836,10493900,0.0,0.0
2019-10-21,44.08000183105469,45.09000015258789,44.08000183105469,44.97999954223633,36.3493537902832,14244800,0.0,0.0
2019-10-22,44.849998474121094,45.619998931884766,44.56999969482422,45.380001068115234,36.6725959777832,12366600,0.0,0.0
2019-10-23,45.130001068115234,45.93000030517578,45.099998474121094,45.90999984741211,37.100894927978516,8328000,0.0,0.0
2019-10-24,46.0,46.130001068115234,45.5099983215332,45.7599983215332,36.979679107666016,7469800,0.0,0.0
2019-10-25,45.70000076293945,46.459999084472656,45.61000061035156,46.369998931884766,37.472618103027344,9576400,0.0,0.0
2019-10-28,46.4900016784668,47.15999984741211,46.470001220703125,46.84000015258789,37.85245895385742,10276000,0.0,0.0
2019-10-29,46.529998779296875,46.93000030517578,46.529998779296875,46.83000183105469,37.8443717956543,7773600,0.0,0.0
2019-10-30,46.2599983215332,46.290000915527344,45.83000183105469,46.2599983215332,37.66523742675781,7101400,0.35,0.0
2019-10-31,45.95000076293945,46.2599983215332,45.33000183105469,46.04999923706055,37.4942626953125,9414100,0.0,0.0
2019-11-01,46.52000045776367,47.400001525878906,46.459999084472656,47.33000183105469,38.53644561767578,9765900,0.0,0.0
2019-11-04,47.9900016784668,49.0,47.880001068115234,48.83000183105469,39.75775909423828,15965900,0.0,0.0
2019-11-05,48.970001220703125,49.88999938964844,48.68000030517578,48.75,39.692623138427734,13894100,0.0,0.0
2019-11-06,48.7400016784668,48.79999923706055,48.2400016784668,48.560001373291016,39.53792190551758,7872400,0.0,0.0
2019-11-07,49.119998931884766,49.58000183105469,48.56999969482422,48.65999984741211,39.61934280395508,14501500,0.0,0.0
2019-11-08,48.63999938964844,49.150001525878906,48.290000915527344,49.150001525878906,40.018306732177734,7966500,0.0,0.0
2019-11-11,48.86000061035156,49.38999938964844,48.709999084472656,49.09000015258789,39.969451904296875,7107500,0.0,0.0
2019-11-12,49.06999969482422,49.209999084472656,48.77000045776367,49.0099983215332,39.904319763183594,6400700,0.0,0.0
2019-11-13,48.52000045776367,48.58000183105469,48.189998626708984,48.38999938964844,39.39950942993164,7022000,0.0,0.0
2019-11-14,48.31999969482422,48.720001220703125,48.209999084472656,48.61000061035156,39.578636169433594,5836600,0.0,0.0
2019-11-15,48.869998931884766,49.15999984741211,48.720001220703125,48.9900016784668,39.88803482055664,6439000,0.0,0.0
2019-11-18,48.84000015258789,49.09000015258789,48.560001373291016,49.029998779296875,39.92060089111328,6446900,0.0,0.0
2019-11-19,49.220001220703125,49.599998474121094,49.209999084472656,49.33000183105469,40.16486740112305,6980100,0.0,0.0
2019-11-20,48.959999084472656,49.11000061035156,48.38999938964844,49.099998474121094,39.977596282958984,9138700,0.0,0.0
2019-11-21,49.25,49.34000015258789,48.72999954223633,48.84000015258789,39.765892028808594,8353600,0.0,0.0
2019-11-22,48.939998626708984,49.2599983215332,48.81999969482422,49.25,40.09972381591797,6609800,0.0,0.0
2019-11-25,49.349998474121094,49.97999954223633,49.31999969482422,49.959999084472656,40.67780303955078,8461000,0.0,0.0
2019-11-26,49.91999816894531,49.93000030517578,49.06999969482422,49.40999984741211,40.2299919128418,10360600,0.0,0.0
2019-11-27,49.630001068115234,49.869998931884766,49.5,49.779998779296875,40.53125762939453,8614000,0.0,0.0
2019-11-29,49.70000076293945,49.720001220703125,49.369998931884766,49.47999954223633,40.2869873046875,4138400,0.0,0.0
2019-12-02,49.58000183105469,49.959999084472656,49.060001373291016,49.08000183105469,39.961307525634766,8117100,0.0,0.0
2019-12-03,48.40999984741211,48.439998626708984,47.439998626708984,48.11000061035156,39.171531677246094,12217700,0.0,0.0
2019-12-04,48.36000061035156,49.09000015258789,48.16999816894531,48.84000015258789,39.765892028808594,8608400,0.0,0.0
2019-12-05,49.13999938964844,49.2599983215332,48.95000076293945,49.06999969482422,39.95317077636719,6680700,0.0,0.0
2019-12-06,49.84000015258789,50.2400016784668,49.72999954223633,49.79999923706055,40.54753494262695,9487300,0.0,0.0
2019-12-09,49.529998779296875,49.900001525878906,49.43000030517578,49.599998474121094,40.38469314575195,6382300,0.0,0.0
2019-12-10,49.529998779296875,49.93000030517578,49.27000045776367,49.66999816894531,40.44168472290039,10009600,0.0,0.0
2019-12-11,49.65999984741211,49.790000915527344,49.41999816894531,49.45000076293945,40.26256561279297,6296300,0.0,0.0
2019-12-12,49.650001525878906,50.869998931884766,49.470001220703125,50.689998626708984,41.27219009399414,11553400,0.0,0.0
2019-12-13,50.7400016784668,51.150001525878906,50.13999938964844,50.2400016784668,40.90578842163086,10191200,0.0,0.0
2019-12-16,50.77000045776367,51.119998931884766,50.599998474121094,50.720001220703125,41.29661560058594,11007500,0.0,0.0
2019-12-17,50.81999969482422,51.220001220703125,50.77000045776367,50.900001525878906,41.44316101074219,10446000,0.0,0.0
2019-12-18,51.0,51.119998931884766,50.63999938964844,50.65999984741211,41.24776077270508,9513000,0.0,0.0
2019-12-19,50.650001525878906,51.0,50.54999923706055,50.86000061035156,41.41059875488281,9222000,0.0,0.0
2019-12-20,51.439998626708984,51.439998626708984,50.65999984741211,50.689998626708984,41.27219009399414,18742900,0.0,0.0
2019-12-23,50.90999984741211,51.099998474121094,50.709999084472656,50.720001220703125,41.29661560058594,6547600,0.0,0.0
2019-12-24,50.83000183105469,50.93000030517578,50.56999969482422,50.689998626708984,41.27219009399414,2087800,0.0,0.0
2019-12-26,50.970001220703125,51.290000915527344,50.86000061035156,51.11000061035156,41.6141471862793,5517400,0.0,0.0
2019-12-27,51.33000183105469,51.33000183105469,50.93000030517578,51.09000015258789,41.597862243652344,4116900,0.0,0.0
2019-12-30,51.36000061035156,51.380001068115234,50.91999816894531,50.959999084472656,41.49201583862305,4532800,0.0,0.0
2019-12-31,50.959999084472656,51.130001068115234,50.7400016784668,51.119998931884766,41.62229919433594,5131600,0.0,0.0
2020-01-02,51.20000076293945,52.060001373291016,51.16999816894531,52.040000915527344,42.37136459350586,7808000,0.0,0.0
2020-01-03,51.220001220703125,51.45000076293945,50.83000183105469,51.20000076293945,41.68742752075195,6706000,0.0,0.0
2020-01-06,50.66999816894531,51.040000915527344,50.459999084472656,51.02000045776367,41.54086685180664,7476700,0.0,0.0
2020-01-07,51.040000915527344,51.189998626708984,50.709999084472656,50.91999816894531,41.459449768066406,4538100,0.0,0.0
2020-01-08,50.959999084472656,51.790000915527344,50.900001525878906,51.56999969482422,41.98869323730469,6185200,0.0,0.0
2020-01-09,52.16999816894531,52.25,51.81999969482422,52.060001373291016,42.38764190673828,7308000,0.0,0.0
2020-01-10,52.150001525878906,52.470001220703125,51.91999816894531,52.209999084472656,42.5097770690918,7686800,0.0,0.0
2020-01-13,52.209999084472656,52.779998779296875,52.06999969482422,52.779998779296875,42.973876953125,8334200,0.0,0.0
2020-01-14,53.060001373291016,53.25,52.68000030517578,52.86000061035156,43.03902053833008,9602000,0.0,0.0
2020-01-15,52.47999954223633,52.939998626708984,52.11000061035156,52.939998626708984,43.10414123535156,11342500,0.0,0.0
2020-01-16,56.04999923706055,57.36000061035156,55.650001525878906,56.439998626708984,45.95387649536133,34590700,0.0,0.0
2020-01-17,56.2599983215332,57.56999969482422,56.18000030517578,57.5099983215332,46.8250732421875,15403900,0.0,0.0
2020-01-21,55.880001068115234,56.47999954223633,55.18000030517578,55.91999816894531,45.53049087524414,20833900,0.0,0.0
2020-01-22,56.18000030517578,56.5099983215332,55.849998474121094,55.86000061035156,45.48164367675781,10276800,0.0,0.0
2020-01-23,55.220001220703125,55.650001525878906,54.79999923706055,55.529998779296875,45.21293258666992,10064500,0.0,0.0
2020-01-24,55.529998779296875,55.61000061035156,54.099998474121094,54.54999923706055,44.41503143310547,9752000,0.0,0.0
2020-01-27,53.0,53.689998626708984,52.86000061035156,53.11000061035156,43.24256134033203,10649100,0.0,0.0
2020-01-28,53.79999923706055,54.439998626708984,53.380001068115234,54.02000045776367,43.98350143432617,9232900,0.0,0.0
2020-01-29,54.47999954223633,54.54999923706055,53.68000030517578,53.68000030517578,43.70665740966797,9027800,0.0,0.0
2020-01-30,52.61000061035156,53.86000061035156,52.400001525878906,53.81999969482422,44.108245849609375,8685900,0.35,0.0
2020-01-31,53.20000076293945,53.279998779296875,51.88999938964844,52.2599983215332,42.82974624633789,11286900,0.0,0.0
2020-02-03,52.63999938964844,53.59000015258789,52.58000183105469,52.599998474121094,43.1083869934082,8375100,0.0,0.0
2020-02-04,53.75,54.599998474121094,53.72999954223633,54.02000045776367,44.27214813232422,9375100,0.0,0.0
2020-02-05,54.86000061035156,55.150001525878906,54.380001068115234,54.9900016784668,45.0671272277832,8237500,0.0,0.0
2020-02-06,55.43000030517578,55.4900016784668,54.61000061035156,55.0099983215332,45.08351135253906,6976900,0.0,0.0
2020-02-07,54.61000061035156,55.11000061035156,54.41999816894531,55.029998779296875,45.09990310668945,7588000,0.0,0.0
2020-02-10,54.68000030517578,55.36000061035156,54.619998931884766,55.349998474121094,45.36215591430664,5115100,0.0,0.0
2020-02-11,55.7400016784668,56.25,55.689998626708984,55.779998779296875,45.714569091796875,7120800,0.0,0.0
2020-02-12,56.220001220703125,56.65999984741211,56.11000061035156,56.18000030517578,46.042381286621094,7130000,0.0,0.0
2020-02-13,55.79999923706055,55.9900016784668,55.5,55.93000030517578,45.837501525878906,5718400,0.0,0.0
2020-02-14,55.900001525878906,56.119998931884766,55.540000915527344,55.84000015258789,45.76374053955078,4579300,0.0,0.0
2020-02-18,55.79999923706055,55.959999084472656,54.939998626708984,55.52000045776367,45.5014762878418,6897800,0.0,0.0
2020-02-19,55.86000061035156,56.43000030517578,55.4900016784668,56.310001373291016,46.14892578125,6075300,0.0,0.0
2020-02-20,54.0,55.5099983215332,53.59000015258789,53.75,44.05087661743164,58533500,0.0,0.0
2020-02-21,53.5,53.59000015258789,52.09000015258789,52.41999816894531,42.96087646484375,29536400,0.0,0.0
2020-02-24,50.310001373291016,50.4900016784668,49.209999084472656,49.68000030517578,40.71530532836914,28670400,0.0,0.0
2020-02-25,49.97999954223633,50.150001525878906,47.560001373291016,48.029998779296875,39.363040924072266,25568400,0.0,0.0
2020-02-26,48.220001220703125,48.54999923706055,46.88999938964844,47.2400016784668,38.71559143066406,22286100,0.0,0.0
2020-02-27,45.7400016784668,47.209999084472656,45.15999984741211,45.40999984741211,37.215816497802734,26815200,0.0,0.0
2020-02-28,43.869998931884766,45.54999923706055,43.689998626708984,45.029998779296875,36.90437698364258,36978800,0.0,0.0
2020-03-02,45.11000061035156,46.47999954223633,44.400001525878906,46.47999954223633,38.092735290527344,23234100,0.0,0.0
2020-03-03,46.369998931884766,46.91999816894531,43.86000061035156,44.400001525878906,36.38808059692383,30206600,0.0,0.0
2020-03-04,45.15999984741211,45.31999969482422,44.209999084472656,45.2400016784668,37.07649612426758,21938100,0.0,0.0
2020-03-05,43.5099983215332,43.939998626708984,42.13999938964844,42.59000015258789,34.904693603515625,23950200,0.0,0.0
2020-03-06,40.5099983215332,42.2400016784668,40.34000015258789,41.84000015258789,34.29002380371094,30898400,0.0,0.0
2020-03-09,36.849998474121094,39.02000045776367,36.849998474121094,37.5,30.733171463012695,28177500,0.0,0.0
2020-03-10,39.810001373291016,39.9900016784668,37.04999923706055,39.5,32.37226104736328,27111000,0.0,0.0
2020-03-11,38.22999954223633,38.86000061035156,36.439998626708984,36.869998931884766,30.216846466064453,27376200,0.0,0.0
2020-03-12,33.90999984741211,34.90999984741211,31.209999084472656,31.309999465942383,25.660144805908203,27964600,0.0,0.0
2020-03-13,34.27000045776367,37.52000045776367,33.06999969482422,37.5,30.733171463012695,33305100,0.0,0.0
2020-03-16,31.06999969482422,35.27000045776367,30.360000610351562,31.649999618530273,25.93879508972168,26789900,0.0,0.0
2020-03-17,32.369998931884766,35.119998931884766,30.110000610351562,33.790000915527344,27.69263458251953,27047400,0.0,0.0
2020-03-18,31.34000015258789,32.84000015258789,27.200000762939453,30.75,25.201196670532227,27603000,0.0,0.0
2020-03-19,30.350000381469727,32.900001525878906,28.739999771118164,30.920000076293945,25.340524673461914,23929600,0.0,0.0
2020-03-20,31.25,31.450000762939453,29.190000534057617,29.670000076293945,24.316082000732422,27472500,0.0,0.0
2020-03-23,29.149999618530273,29.790000915527344,27.760000228881836,27.809999465942383,22.79171371459961,26401000,0.0,0.0
2020-03-24,30.09000015258789,33.380001068115234,29.399999618530273,33.220001220703125,27.22549057006836,25905500,0.0,0.0
2020-03-25,33.900001525878906,35.47999954223633,32.25,33.9900016784668,27.856542587280273,27198500,0.0,0.0
2020-03-26,33.79999923706055,36.849998474121094,33.33000183105469,35.709999084472656,29.26616859436035,26422500,0.0,0.0
2020-03-27,33.63999938964844,34.72999954223633,33.119998931884766,34.0099983215332,27.872934341430664,33375400,0.0,0.0
2020-03-30,33.529998779296875,35.34000015258789,32.970001220703125,34.84000015258789,28.55316734313965,18046400,0.0,0.0
2020-03-31,34.529998779296875,35.290000915527344,33.720001220703125,34.0,27.8647403717041,17122600,0.0,0.0
2020-04-01,31.68000030517578,32.40999984741211,31.15999984741211,31.6200008392334,25.914215087890625,23755100,0.0,0.0
2020-04-02,31.34000015258789,34.0,31.25,33.900001525878906,27.78278160095215,21656000,0.0,0.0
2020-04-03,33.560001373291016,34.29999923706055,32.86000061035156,33.849998474121094,27.741804122924805,16926500,0.0,0.0
2020-04-06,35.93000030517578,37.5,35.75,37.0099983215332,30.331586837768555,18788700,0.0,0.0
2020-04-07,39.65999984741211,39.65999984741211,36.86000061035156,36.939998626708984,30.274221420288086,19536700,0.0,0.0
2020-04-08,37.709999084472656,39.779998779296875,37.45000076293945,39.369998931884766,32.26573181152344,15376700,0.0,0.0
2020-04-09,40.2599983215332,41.849998474121094,40.18000030517578,41.08000183105469,33.66716766357422,21902200,0.0,0.0
2020-04-13,40.880001068115234,41.0,39.25,39.58000183105469,32.437835693359375,13369900,0.0,0.0
2020-04-14,40.5099983215332,40.77000045776367,38.369998931884766,39.86000061035156,32.66730499267578,14471900,0.0,0.0
2020-04-15,38.209999084472656,39.40999984741211,37.59000015258789,38.400001525878906,31.47076416015625,15590100,0.0,0.0
2020-04-16,37.86000061035156,38.81999969482422,37.06999969482422,38.36000061035156,31.43798828125,27913000,0.0,0.0
2020-04-17,39.54999923706055,40.099998474121094,38.189998626708984,39.09000015258789,32.036258697509766,25074500,0.0,0.0
2020-04-20,38.189998626708984,39.540000915527344,37.81999969482422,38.36000061035156,31.43798828125,16573800,0.0,0.0
2020-04-21,37.29999923706055,38.13999938964844,36.560001373291016,36.95000076293945,30.28242301940918,14134900,0.0,0.0
2020-04-22,37.869998931884766,38.18000030517578,37.439998626708984,37.810001373291016,30.987226486206055,10449000,0.0,0.0
2020-04-23,38.099998474121094,38.38999938964844,37.279998779296875,37.470001220703125,30.708587646484375,8694800,0.0,0.0
2020-04-24,37.970001220703125,38.189998626708984,37.2599983215332,37.970001220703125,31.118350982666016,8567500,0.0,0.0
2020-04-27,38.63999938964844,39.54999923706055,38.33000183105469,39.310001373291016,32.216556549072266,11619400,0.0,0.0
2020-04-28,40.56999969482422,41.380001068115234,39.84000015258789,40.130001068115234,32.888587951660156,12778400,0.0,0.0
2020-04-29,41.099998474121094,41.36000061035156,40.54999923706055,40.790000915527344,33.72361755371094,15880400,0.35,0.0
2020-04-30,39.900001525878906,40.11000061035156,39.0,39.43000030517578,32.599220275878906,13431700,0.0,0.0
2020-05-01,38.349998474121094,38.720001220703125,37.90999984741211,38.400001525878906,31.747663497924805,12806200,0.0,0.0
2020-05-04,38.0,38.220001220703125,37.16999816894531,38.09000015258789,31.491365432739258,13985100,0.0,0.0
2020-05-05,38.97999954223633,39.310001373291016,37.900001525878906,37.97999954223633,31.400415420532227,8951200,0.0,0.0
2020-05-06,38.470001220703125,38.630001068115234,37.04999923706055,37.29999923706055,30.838212966918945,7817800,0.0,0.0
2020-05-07,37.7599983215332,39.13999938964844,37.7599983215332,38.810001373291016,32.086631774902344,9348900,0.0,0.0
2020-05-08,39.5099983215332,40.16999816894531,39.20000076293945,40.08000183105469,33.136619567871094,12096400,0.0,0.0
2020-05-11,39.380001068115234,40.060001373291016,39.29999923706055,39.83000183105469,32.92991638183594,10106400,0.0,0.0
2020-05-12,39.970001220703125,40.06999969482422,38.349998474121094,38.41999816894531,31.76418685913086,13605600,0.0,0.0
2020-05-13,38.150001525878906,38.279998779296875,36.599998474121094,36.9900016784668,30.581928253173828,11565900,0.0,0.0
2020-05-14,36.2599983215332,37.970001220703125,35.529998779296875,37.810001373291016,31.259862899780273,14986600,0.0,0.0
2020-05-15,37.2599983215332,37.810001373291016,37.02000045776367,37.290000915527344,30.8299503326416,9175800,0.0,0.0
2020-05-18,38.91999816894531,40.650001525878906,38.68000030517578,40.279998779296875,33.301971435546875,14722400,0.0,0.0
2020-05-19,40.099998474121094,40.54999923706055,39.290000915527344,39.33000183105469,32.51655578613281,8895500,0.0,0.0
2020-05-20,40.06999969482422,41.25,40.040000915527344,41.060001373291016,33.946842193603516,12031600,0.0,0.0
2020-05-21,40.77000045776367,40.93000030517578,39.84000015258789,40.29999923706055,33.31850814819336,9654200,0.0,0.0
2020-05-22,40.22999954223633,40.540000915527344,39.79999923706055,40.130001068115234,33.17795944213867,6468900,0.0,0.0
2020-05-26,41.869998931884766,43.790000915527344,41.54999923706055,43.689998626708984,36.1212272644043,19709900,0.0,0.0
2020-05-27,45.779998779296875,46.91999816894531,45.310001373291016,46.86000061035156,38.7420539855957,25892400,0.0,0.0
2020-05-28,47.25,47.31999969482422,44.279998779296875,44.400001525878906,36.70823287963867,17615900,0.0,0.0
2020-05-29,44.0099983215332,44.790000915527344,43.52000045776367,44.20000076293945,36.542877197265625,13102100,0.0,0.0
2020-06-01,44.52000045776367,45.06999969482422,43.95000076293945,44.70000076293945,36.95625686645508,8649500,0.0,0.0
2020-06-02,45.18000030517578,46.2599983215332,44.880001068115234,45.58000183105469,37.683807373046875,11179200,0.0,0.0
2020-06-03,46.97999954223633,47.4900016784668,46.439998626708984,46.90999984741211,38.783409118652344,11253500,0.0,0.0
2020-06-04,46.709999084472656,48.75,46.689998626708984,48.689998626708984,40.25503158569336,15279600,0.0,0.0
2020-06-05,51.29999923706055,51.849998474121094,49.2400016784668,49.529998779296875,40.94950866699219,17976100,0.0,0.0
2020-06-08,50.52000045776367,50.68000030517578,49.380001068115234,50.150001525878906,41.462100982666016,12150300,0.0,0.0
2020-06-09,48.720001220703125,50.689998626708984,48.56999969482422,50.400001525878906,41.668800354003906,15090400,0.0,0.0
2020-06-10,50.029998779296875,50.5,48.61000061035156,48.689998626708984,40.25503158569336,14770900,0.0,0.0
2020-06-11,46.130001068115234,47.20000076293945,44.439998626708984,44.56999969482422,36.84877395629883,17961900,0.0,0.0
2020-06-12,46.7599983215332,46.95000076293945,45.119998931884766,46.279998779296875,38.26253890991211,14093100,0.0,0.0
2020-06-15,44.65999984741211,47.849998474121094,44.599998474121094,47.400001525878906,39.18851089477539,14758800,0.0,0.0
2020-06-16,49.439998626708984,49.599998474121094,46.90999984741211,48.560001373291016,40.14756393432617,13551500,0.0,0.0
2020-06-17,48.70000076293945,48.779998779296875,47.65999984741211,47.7599983215332,39.486141204833984,8674400,0.0,0.0
2020-06-18,47.119998931884766,48.380001068115234,46.970001220703125,47.58000183105469,39.33732986450195,9825200,0.0,0.0
2020-06-19,48.459999084472656,48.68000030517578,46.709999084472656,46.93000030517578,38.799930572509766,20962700,0.0,0.0
2020-06-22,46.79999923706055,47.61000061035156,46.54999923706055,47.380001068115234,39.17198181152344,11657400,0.0,0.0
2020-06-23,48.27000045776367,48.47999954223633,47.61000061035156,47.88999938964844,39.5936279296875,9672600,0.0,0.0
2020-06-24,47.59000015258789,47.650001525878906,46.41999816894531,46.95000076293945,38.816471099853516,12806200,0.0,0.0
2020-06-25,46.709999084472656,48.86000061035156,46.540000915527344,48.790000915527344,40.33771514892578,15014300,0.0,0.0
2020-06-26,48.29999923706055,48.369998931884766,46.61000061035156,47.04999923706055,38.8991584777832,20082500,0.0,0.0
2020-06-29,47.56999969482422,47.79999923706055,46.650001525878906,47.2400016784668,39.05623245239258,9380800,0.0,0.0
2020-06-30,47.060001373291016,48.529998779296875,47.060001373291016,48.29999923706055,39.93259048461914,11894300,0.0,0.0
2020-07-01,48.40999984741211,49.08000183105469,47.25,47.61000061035156,39.36213302612305,11363800,0.0,0.0
2020-07-02,48.86000061035156,49.029998779296875,47.68000030517578,47.790000915527344,39.51095199584961,7488800,0.0,0.0
2020-07-06,48.869998931884766,49.369998931884766,48.70000076293945,48.81999969482422,40.36251449584961,10649600,0.0,0.0
2020-07-07,48.52000045776367,48.54999923706055,47.38999938964844,47.4900016784668,39.26292037963867,8750700,0.0,0.0
2020-07-08,47.630001068115234,48.9900016784668,47.279998779296875,48.90999984741211,40.43692398071289,12322200,0.0,0.0
2020-07-09,48.79999923706055,49.04999923706055,47.02000045776367,47.5099983215332,39.27945327758789,9119900,0.0,0.0
2020-07-10,47.59000015258789,49.880001068115234,47.52000045776367,49.79999923706055,41.1727409362793,13386000,0.0,0.0
2020-07-13,51.029998779296875,51.029998779296875,49.880001068115234,50.220001220703125,41.51997756958008,14904000,0.0,0.0
2020-07-14,50.27000045776367,50.58000183105469,48.90999984741211,50.5,41.7514762878418,16075600,0.0,0.0
2020-07-15,52.4900016784668,52.4900016784668,50.459999084472656,51.349998474121094,42.4542236328125,17424200,0.0,0.0
2020-07-16,51.58000183105469,53.5099983215332,51.34000015258789,52.63999938964844,43.520751953125,25026800,0.0,0.0
2020-07-17,52.779998779296875,53.0099983215332,51.97999954223633,52.40999984741211,43.33060073852539,16263800,0.0,0.0
2020-07-20,51.7599983215332,52.06999969482422,51.349998474121094,51.86000061035156,42.87586975097656,10423600,0.0,0.0
2020-07-21,52.099998474121094,52.45000076293945,51.52000045776367,52.380001068115234,43.305789947509766,11951200,0.0,0.0
2020-07-22,52.0,52.349998474121094,50.9900016784668,51.0,42.16485595703125,13604000,0.0,0.0
2020-07-23,50.9900016784668,51.25,50.310001373291016,50.560001373291016,41.801082611083984,13527000,0.0,0.0
2020-07-24,50.560001373291016,50.79999923706055,50.06999969482422,50.18000030517578,41.48691177368164,6860800,0.0,0.0
2020-07-27,49.90999984741211,51.56999969482422,49.72999954223633,51.31999969482422,42.42941665649414,12087100,0.0,0.0
2020-07-28,50.83000183105469,51.220001220703125,50.209999084472656,50.2599983215332,41.55305099487305,7287900,0.0,0.0
2020-07-29,50.27000045776367,50.65999984741211,49.880001068115234,50.59000015258789,41.82589340209961,8074300,0.0,0.0
2020-07-30,49.36000061035156,49.36000061035156,48.54999923706055,48.95000076293945,40.75193405151367,9410100,0.35,0.0
2020-07-31,49.02000045776367,49.029998779296875,48.27000045776367,48.880001068115234,40.69365692138672,9669900,0.0,0.0
2020-08-03,49.220001220703125,49.90999984741211,48.720001220703125,49.459999084472656,41.176513671875,9912400,0.0,0.0
2020-08-04,49.5,49.77000045776367,49.08000183105469,49.2599983215332,41.01001739501953,6445200,0.0,0.0
2020-08-05,49.59000015258789,49.959999084472656,49.439998626708984,49.77000045776367,41.434600830078125,6636100,0.0,0.0
2020-08-06,49.83000183105469,49.97999954223633,49.2400016784668,49.45000076293945,41.16819381713867,5701100,0.0,0.0
2020-08-07,49.209999084472656,50.470001220703125,49.08000183105469,50.349998474121094,41.91746139526367,6225900,0.0,0.0
2020-08-10,50.5,50.83000183105469,50.2599983215332,50.58000183105469,42.10894012451172,6518300,0.0,0.0
2020-08-11,51.63999938964844,52.869998931884766,51.56999969482422,51.779998779296875,43.107975006103516,11792600,0.0,0.0
2020-08-12,52.630001068115234,53.41999816894531,51.90999984741211,52.380001068115234,43.60748291015625,8949400,0.0,0.0
2020-08-13,51.93000030517578,52.459999084472656,51.709999084472656,52.18000030517578,43.440982818603516,5728700,0.0,0.0
2020-08-14,51.68000030517578,52.54999923706055,51.650001525878906,52.29999923706055,43.540870666503906,5782300,0.0,0.0
2020-08-17,52.20000076293945,52.29999923706055,51.09000015258789,51.279998779296875,42.69170379638672,7333000,0.0,0.0
2020-08-18,51.16999816894531,51.369998931884766,50.650001525878906,50.91999816894531,42.391998291015625,6450000,0.0,0.0
2020-08-19,51.189998626708984,52.029998779296875,51.13999938964844,51.369998931884766,42.76663589477539,5957600,0.0,0.0
2020-08-20,50.72999954223633,51.06999969482422,50.5,50.79999923706055,42.29209899902344,5186300,0.0,0.0
2020-08-21,50.59000015258789,51.41999816894531,50.5,51.099998474121094,42.541847229003906,6408500,0.0,0.0
2020-08-24,51.310001373291016,52.470001220703125,51.15999984741211,52.369998931884766,43.59916305541992,7728500,0.0,0.0
2020-08-25,52.810001373291016,52.88999938964844,51.849998474121094,52.04999923706055,43.33275604248047,8425500,0.0,0.0
2020-08-26,51.9900016784668,52.11000061035156,51.61000061035156,51.709999084472656,43.049686431884766,5920800,0.0,0.0
2020-08-27,51.7599983215332,52.869998931884766,51.68000030517578,52.61000061035156,43.798954010009766,8910100,0.0,0.0
2020-08-28,53.0,53.0,52.45000076293945,52.88999938964844,44.03206253051758,8743800,0.0,0.0
2020-08-31,52.88999938964844,52.88999938964844,52.25,52.2599983215332,43.507572174072266,8026600,0.0,0.0
2020-09-01,51.91999816894531,52.81999969482422,51.689998626708984,52.58000183105469,43.77398681640625,5568800,0.0,0.0
2020-09-02,52.61000061035156,53.470001220703125,52.470001220703125,53.25,44.3317756652832,7547100,0.0,0.0
2020-09-03,53.599998474121094,54.380001068115234,52.20000076293945,52.75,43.9155158996582,11029600,0.0,0.0
2020-09-04,53.439998626708984,53.7599983215332,51.7599983215332,52.709999084472656,43.882205963134766,9413000,0.0,0.0
2020-09-08,52.290000915527344,52.290000915527344,50.09000015258789,50.16999816894531,41.767601013183594,10946600,0.0,0.0
2020-09-09,50.59000015258789,51.630001068115234,50.43000030517578,51.060001373291016,42.50856018066406,8808100,0.0,0.0
2020-09-10,51.33000183105469,51.59000015258789,50.16999816894531,50.290000915527344,41.86750411987305,8609100,0.0,0.0
2020-09-11,50.36000061035156,50.95000076293945,50.060001373291016,50.349998474121094,41.91746139526367,8969700,0.0,0.0
2020-09-14,50.959999084472656,51.56999969482422,50.29999923706055,51.150001525878906,42.58347702026367,8812200,0.0,0.0
2020-09-15,51.15999984741211,51.34000015258789,50.27000045776367,50.38999938964844,41.95075988769531,7660100,0.0,0.0
2020-09-16,50.47999954223633,51.90999984741211,50.310001373291016,51.150001525878906,42.58347702026367,8699700,0.0,0.0
2020-09-17,50.38999938964844,50.93000030517578,49.97999954223633,50.25,41.83421325683594,7533700,0.0,0.0
2020-09-18,50.369998931884766,50.939998626708984,50.04999923706055,50.08000183105469,41.692684173583984,10743900,0.0,0.0
2020-09-21,48.86000061035156,49.09000015258789,47.5099983215332,48.36000061035156,40.260746002197266,12909900,0.0,0.0
2020-09-22,48.2400016784668,48.59000015258789,46.93000030517578,47.630001068115234,39.65300750732422,11164400,0.0,0.0
2020-09-23,47.86000061035156,48.2400016784668,46.38999938964844,46.41999816894531,38.64564895629883,8248100,0.0,0.0
2020-09-24,46.540000915527344,47.41999816894531,45.86000061035156,46.61000061035156,38.803836822509766,9832700,0.0,0.0
2020-09-25,46.279998779296875,47.33000183105469,45.91999816894531,47.040000915527344,39.16180419921875,9816000,0.0,0.0
2020-09-28,47.88999938964844,49.13999938964844,47.810001373291016,48.380001068115234,40.27738952636719,9466200,0.0,0.0
2020-09-29,48.06999969482422,48.2599983215332,47.189998626708984,47.2400016784668,39.32831573486328,11355600,0.0,0.0
2020-09-30,47.66999816894531,48.9900016784668,47.540000915527344,48.349998474121094,40.25241470336914,15047300,0.0,0.0
2020-10-01,48.75,49.06999969482422,46.900001525878906,47.2599983215332,39.344970703125,25275400,0.0,0.0
2020-10-02,46.4900016784668,48.34000015258789,46.41999816894531,47.970001220703125,39.936065673828125,12681800,0.0,0.0
2020-10-05,48.43000030517578,48.88999938964844,47.779998779296875,48.599998474121094,40.46055221557617,19140100,0.0,0.0
2020-10-06,49.20000076293945,49.40999984741211,47.470001220703125,47.7400016784668,39.74457931518555,22980200,0.0,0.0
2020-10-07,48.380001068115234,49.16999816894531,48.2400016784668,48.709999084472656,40.552127838134766,12019100,0.0,0.0
2020-10-08,47.97999954223633,49.4900016784668,47.2599983215332,49.0,40.79356002807617,23836600,0.0,0.0
2020-10-09,49.439998626708984,49.72999954223633,48.72999954223633,48.83000183105469,40.65202713012695,11381800,0.0,0.0
2020-10-12,49.27000045776367,51.0099983215332,49.029998779296875,50.7400016784668,42.242149353027344,17615000,0.0,0.0
2020-10-13,51.119998931884766,51.2400016784668,49.9900016784668,50.439998626708984,41.99237823486328,17448000,0.0,0.0
2020-10-14,50.90999984741211,51.38999938964844,50.380001068115234,50.650001525878906,42.16722106933594,20330100,0.0,0.0
2020-10-15,49.93000030517578,51.869998931884766,49.91999816894531,51.33000183105469,42.733333587646484,21059700,0.0,0.0
2020-10-16,51.529998779296875,52.27000045776367,51.43000030517578,51.849998474121094,43.16624069213867,16923300,0.0,0.0
2020-10-19,52.189998626708984,52.189998626708984,50.790000915527344,50.95000076293945,42.41697311401367,12677000,0.0,0.0
2020-10-20,51.560001373291016,52.27000045776367,51.369998931884766,51.470001220703125,42.84988784790039,11177600,0.0,0.0
2020-10-21,51.4900016784668,51.810001373291016,50.2599983215332,50.380001068115234,41.94243621826172,18583200,0.0,0.0
2020-10-22,50.41999816894531,51.97999954223633,50.119998931884766,51.77000045776367,43.099632263183594,13264400,0.0,0.0
2020-10-23,52.25,52.61000061035156,51.540000915527344,51.869998931884766,43.18289566040039,11538500,0.0,0.0
2020-10-26,51.150001525878906,51.279998779296875,49.79999923706055,50.31999969482422,41.892486572265625,15561400,0.0,0.0
2020-10-27,50.25,50.279998779296875,48.58000183105469,48.59000015258789,40.45221710205078,11593300,0.0,0.0
2020-10-28,47.560001373291016,48.11000061035156,47.189998626708984,47.56999969482422,39.60304641723633,13622800,0.0,0.0
2020-10-29,47.04999923706055,48.43000030517578,46.54999923706055,48.119998931884766,40.35787582397461,10887800,0.35,0.0
2020-10-30,47.959999084472656,48.2599983215332,47.0099983215332,48.150001525878906,40.38304138183594,14907400,0.0,0.0
2020-11-02,48.880001068115234,49.84000015258789,48.439998626708984,49.380001068115234,41.414634704589844,16337800,0.0,0.0
2020-11-03,50.40999984741211,51.459999084472656,50.40999984741211,51.18000030517578,42.92428207397461,13142200,0.0,0.0
2020-11-04,50.529998779296875,52.31999969482422,50.5099983215332,51.43000030517578,43.133949279785156,17378000,0.0,0.0
2020-11-05,52.0,52.779998779296875,51.58000183105469,52.20000076293945,43.77974319458008,9444300,0.0,0.0
2020-11-06,52.58000183105469,52.619998931884766,51.5099983215332,51.70000076293945,43.360389709472656,6453900,0.0,0.0
2020-11-09,55.40999984741211,56.90999984741211,55.060001373291016,56.02000045776367,46.983551025390625,24243300,0.0,0.0
2020-11-10,56.59000015258789,56.81999969482422,54.900001525878906,55.75,46.75709533691406,15502900,0.0,0.0
2020-11-11,55.939998626708984,56.66999816894531,55.38999938964844,56.34000015258789,47.251930236816406,9731600,0.0,0.0
2020-11-12,55.5,55.93000030517578,54.9900016784668,55.54999923706055,46.589351654052734,9889500,0.0,0.0
2020-11-13,55.959999084472656,57.04999923706055,55.90999984741211,56.61000061035156,47.478370666503906,9919100,0.0,0.0
2020-11-16,57.7599983215332,58.13999938964844,57.029998779296875,58.11000061035156,48.73641586303711,12201400,0.0,0.0
2020-11-17,57.5099983215332,58.88999938964844,57.20000076293945,58.810001373291016,49.3234977722168,9599100,0.0,0.0
2020-11-18,59.0,60.130001068115234,58.77000045776367,58.810001373291016,49.3234977722168,11536700,0.0,0.0
2020-11-19,58.560001373291016,58.689998626708984,57.86000061035156,58.630001068115234,49.17253494262695,7220200,0.0,0.0
2020-11-20,58.36000061035156,58.7400016784668,57.5099983215332,57.810001373291016,48.48480224609375,7739900,0.0,0.0
2020-11-23,58.66999816894531,60.77000045776367,58.61000061035156,60.27000045776367,50.5479850769043,12647400,0.0,0.0
2020-11-24,61.13999938964844,63.65999984741211,60.63999938964844,63.599998474121094,53.34083557128906,22357700,0.0,0.0
2020-11-25,63.0,63.77000045776367,62.25,63.47999954223633,53.24018859863281,11509700,0.0,0.0
2020-11-27,63.47999954223633,63.959999084472656,63.06999969482422,63.84000015258789,53.5421257019043,5581500,0.0,0.0
2020-11-30,63.58000183105469,63.83000183105469,61.59000015258789,61.83000183105469,51.856346130371094,15610700,0.0,0.0
2020-12-01,63.119998931884766,63.79999923706055,62.77000045776367,63.279998779296875,53.07244873046875,15857200,0.0,0.0
2020-12-02,63.06999969482422,64.26000213623047,62.88999938964844,64.0199966430664,53.693084716796875,10790700,0.0,0.0
2020-12-03,64.05999755859375,64.62000274658203,63.81999969482422,64.05999755859375,53.72663116455078,11757900,0.0,0.0
2020-12-04,64.51000213623047,65.19000244140625,64.27999877929688,65.0,54.51499557495117,10169700,0.0,0.0
2020-12-07,64.54000091552734,65.18000030517578,63.880001068115234,64.26000213623047,53.89436340332031,10402100,0.0,0.0
2020-12-08,63.470001220703125,64.37999725341797,63.40999984741211,63.90999984741211,53.600826263427734,6386200,0.0,0.0
2020-12-09,64.69999694824219,65.43000030517578,64.0999984741211,64.37000274658203,53.986629486083984,10145500,0.0,0.0
2020-12-10,63.599998474121094,64.55000305175781,63.33000183105469,64.44000244140625,54.04533004760742,8888000,0.0,0.0
2020-12-11,63.400001525878906,63.720001220703125,62.70000076293945,63.31999969482422,53.105995178222656,9034200,0.0,0.0
2020-12-14,64.25,64.30000305175781,61.86000061035156,61.880001068115234,51.898277282714844,10236600,0.0,0.0
2020-12-15,62.4900016784668,64.02999877929688,62.15999984741211,63.95000076293945,53.634376525878906,9718800,0.0,0.0
2020-12-16,63.7599983215332,64.37000274658203,63.59000015258789,64.2300033569336,53.86921310424805,8806400,0.0,0.0
2020-12-17,64.41000366210938,64.75,64.06999969482422,64.66999816894531,54.23823547363281,7197500,0.0,0.0
2020-12-18,64.83000183105469,64.93000030517578,63.349998474121094,64.18000030517578,53.827274322509766,15499800,0.0,0.0
2020-12-21,66.01000213623047,68.30000305175781,65.80000305175781,67.83000183105469,56.88850021362305,14787800,0.0,0.0
2020-12-22,68.25,68.25,66.58999633789062,66.63999938964844,55.89045333862305,9807000,0.0,0.0
2020-12-23,67.0,68.97000122070312,66.97000122070312,68.20999908447266,57.20719909667969,8772500,0.0,0.0
2020-12-24,68.36000061035156,68.58000183105469,67.76000213623047,68.08999633789062,57.106563568115234,3126700,0.0,0.0
2020-12-28,68.55999755859375,68.83999633789062,67.97000122070312,68.05000305175781,57.073020935058594,7417100,0.0,0.0
2020-12-29,68.30999755859375,68.48999786376953,67.30999755859375,67.70999908447266,56.78784942626953,4701300,0.0,0.0
2020-12-30,67.83000183105469,68.19000244140625,67.56999969482422,67.83999633789062,56.896888732910156,5283200,0.0,0.0
2020-12-31,67.80000305175781,68.73999786376953,67.41000366210938,68.52999877929688,57.475582122802734,5297400,0.0,0.0
2021-01-04,69.27999877929688,69.93000030517578,67.72000122070312,68.33000183105469,57.30784606933594,14014600,0.0,0.0
2021-01-05,68.16000366210938,70.08000183105469,68.08000183105469,69.48999786376953,58.280731201171875,11120400,0.0,0.0
2021-01-06,71.41000366210938,74.87999725341797,70.55999755859375,73.68000030517578,61.79484939575195,18334300,0.0,0.0
2021-01-07,74.80000305175781,76.51000213623047,74.80000305175781,74.94000244140625,62.85161590576172,13530400,0.0,0.0
2021-01-08,74.47000122070312,75.33999633789062,73.8499984741211,75.25,63.111595153808594,12896700,0.0,0.0
2021-01-11,74.23999786376953,76.5,73.66999816894531,76.05999755859375,63.79094696044922,9077500,0.0,0.0
2021-01-12,76.55999755859375,77.16999816894531,75.5199966430664,75.80000305175781,63.5728874206543,11831100,0.0,0.0
2021-01-13,75.80999755859375,76.43000030517578,75.01000213623047,75.55999755859375,63.3715934753418,9852200,0.0,0.0
2021-01-14,75.8499984741211,76.83999633789062,75.72000122070312,76.47000122070312,64.13480377197266,9854300,0.0,0.0
2021-01-15,75.06999969482422,75.56999969482422,74.1500015258789,75.23999786376953,63.10320281982422,12882600,0.0,0.0
2021-01-19,76.5199966430664,76.5999984741211,74.69000244140625,74.98999786376953,62.893524169921875,14897700,0.0,0.0
2021-01-20,76.51000213623047,77.76000213623047,74.30000305175781,74.83999633789062,62.76772689819336,16133000,0.0,0.0
2021-01-21,75.0,75.88999938964844,73.73999786376953,74.69999694824219,62.65031814575195,13591300,0.0,0.0
2021-01-22,72.55000305175781,74.69999694824219,72.41000366210938,74.12999725341797,62.17226028442383,15460000,0.0,0.0
2021-01-25,73.5199966430664,74.0199966430664,71.91999816894531,72.37999725341797,60.70454406738281,15933100,0.0,0.0
2021-01-26,72.73999786376953,73.31999969482422,71.13999938964844,71.20999908447266,59.72328186035156,10899700,0.0,0.0
2021-01-27,69.7300033569336,70.26000213623047,67.8499984741211,68.41999816894531,57.383323669433594,17002600,0.0,0.0
2021-01-28,69.44000244140625,70.7699966430664,68.6500015258789,69.31999969482422,58.43708038330078,14986200,0.35,0.0
2021-01-29,69.01000213623047,70.05999755859375,66.8499984741211,67.05000305175781,56.52346420288086,17566100,0.0,0.0
2021-02-01,67.87999725341797,68.12000274658203,67.2699966430664,67.66999816894531,57.046119689941406,11961600,0.0,0.0
2021-02-02,69.12000274658203,71.37000274658203,69.0199966430664,70.94999694824219,59.81117248535156,13893900,0.0,0.0
2021-02-03,70.87000274658203,71.33000183105469,70.30999755859375,70.5999984741211,59.51612091064453,8014300,0.0,0.0
2021-02-04,70.93000030517578,72.31999969482422,70.7699966430664,72.29000091552734,60.94080352783203,8889400,0.0,0.0
2021-02-05,73.0999984741211,73.72000122070312,72.55000305175781,73.22000122070312,61.724815368652344,8832200,0.0,0.0
2021-02-08,73.63999938964844,74.29000091552734,73.4000015258789,74.2300033569336,62.57623291015625,9018100,0.0,0.0
2021-02-09,73.9000015258789,74.68000030517578,73.37000274658203,74.23999786376953,62.58467483520508,7429900,0.0,0.0
2021-02-10,74.5999984741211,74.86000061035156,73.55000305175781,74.33000183105469,62.66054916381836,7465900,0.0,0.0
2021-02-11,74.33000183105469,74.7699966430664,72.77999877929688,73.72000122070312,62.146305084228516,6972900,0.0,0.0
2021-02-12,73.87999725341797,75.0199966430664,73.87999725341797,74.61000061035156,62.896568298339844,7281200,0.0,0.0
2021-02-16,76.25,76.41999816894531,75.27999877929688,76.05000305175781,64.11051177978516,8550600,0.0,0.0
2021-02-17,75.0,75.9000015258789,74.70999908447266,75.44999694824219,63.60470199584961,7807200,0.0,0.0
2021-02-18,75.1500015258789,75.55000305175781,74.16999816894531,74.83000183105469,63.082035064697266,7155800,0.0,0.0
2021-02-19,75.44999694824219,76.36000061035156,75.43000030517578,76.0,64.06835174560547,7685300,0.0,0.0
2021-02-22,75.69999694824219,77.98999786376953,75.58000183105469,77.4000015258789,65.24856567382812,11193700,0.0,0.0
2021-02-23,77.26000213623047,77.86000061035156,76.26000213623047,77.5,65.33285522460938,12174600,0.0,0.0
2021-02-24,77.68000030517578,80.0999984741211,77.6500015258789,79.87999725341797,67.33921813964844,12681500,0.0,0.0
2021-02-25,80.5,81.4000015258789,78.11000061035156,78.43000030517578,66.11686706542969,11674600,0.0,0.0
2021-02-26,78.04000091552734,78.8499984741211,76.33000183105469,76.87000274658203,64.80176544189453,30392200,0.0,0.0
2021-03-01,78.05000305175781,79.54000091552734,78.04000091552734,79.16000366210938,66.73225402832031,11450000,0.0,0.0
2021-03-02,79.80999755859375,81.55000305175781,79.5999984741211,80.79000091552734,68.10636138916016,11955500,0.0,0.0
2021-03-03,81.16000366210938,82.94000244140625,81.16000366210938,82.05999755859375,69.17696380615234,13053000,0.0,0.0
2021-03-04,82.13999938964844,83.4800033569336,79.80999755859375,81.11000061035156,68.3760986328125,15809900,0.0,0.0
2021-03-05,82.41000366210938,82.55999755859375,78.37999725341797,80.87000274658203,68.17378234863281,16362500,0.0,0.0
2021-03-08,81.93000030517578,82.95999908447266,80.79000091552734,81.0999984741211,68.36768341064453,10151900,0.0,0.0
2021-03-09,80.19999694824219,82.33000183105469,79.43000030517578,80.8499984741211,68.15692138671875,11588700,0.0,0.0
2021-03-10,81.73999786376953,83.41999816894531,81.41999816894531,83.08999633789062,70.04525756835938,10775800,0.0,0.0
2021-03-11,82.55000305175781,83.80999755859375,82.48999786376953,83.25,70.18013000488281,8951500,0.0,0.0
2021-03-12,84.55000305175781,85.08000183105469,83.79000091552734,84.33999633789062,71.09901428222656,8691300,0.0,0.0
2021-03-15,84.9000015258789,85.08000183105469,82.97000122070312,83.86000061035156,70.69436645507812,9018400,0.0,0.0
2021-03-16,83.51000213623047,83.69999694824219,81.83999633789062,82.54000091552734,69.58159637451172,9472000,0.0,0.0
2021-03-17,83.5999984741211,84.13999938964844,82.44999694824219,83.86000061035156,70.69436645507812,8049300,0.0,0.0
2021-03-18,84.7300033569336,86.63999938964844,83.7300033569336,83.94000244140625,70.76179504394531,10227400,0.0,0.0
2021-03-19,82.61000061035156,83.61000061035156,81.4000015258789,82.94000244140625,69.91881561279297,11557600,0.0,0.0
2021-03-22,82.47000122070312,82.56999969482422,81.48999786376953,81.91999816894531,69.05895233154297,7169900,0.0,0.0
2021-03-23,81.13999938964844,81.91999816894531,78.8499984741211,79.12000274658203,66.69853973388672,10235500,0.0,0.0
2021-03-24,80.0999984741211,81.44000244140625,79.29000091552734,79.33000183105469,66.87557220458984,8459000,0.0,0.0
2021-03-25,79.29000091552734,80.37999725341797,78.30999755859375,80.12999725341797,67.54996490478516,11363800,0.0,0.0
2021-03-26,81.62999725341797,81.73999786376953,79.05000305175781,79.9800033569336,67.42352294921875,11107400,0.0,0.0
2021-03-29,77.0,78.8499984741211,76.0,77.87999725341797,65.65321350097656,21931700,0.0,0.0
2021-03-30,78.66999816894531,80.04000091552734,78.5,79.08999633789062,66.67324829101562,12063000,0.0,0.0
2021-03-31,78.66999816894531,79.0,77.6500015258789,77.66000366210938,65.4677505493164,12085500,0.0,0.0
2021-04-01,77.87999725341797,78.27999877929688,77.5,78.22000122070312,65.9398193359375,13195600,0.0,0.0
2021-04-05,79.19999694824219,79.30999755859375,77.83000183105469,78.0,65.75436401367188,10458800,0.0,0.0
2021-04-06,77.80000305175781,79.11000061035156,77.51000213623047,79.08999633789062,66.67324829101562,9445000,0.0,0.0
2021-04-07,79.04000091552734,79.72000122070312,78.44999694824219,79.04000091552734,66.63108825683594,8329300,0.0,0.0
2021-04-08,78.5,80.48999786376953,78.16000366210938,80.19999694824219,67.60900115966797,9352700,0.0,0.0
2021-04-09,80.4800033569336,80.7300033569336,79.37000274658203,80.72000122070312,68.04733276367188,10693500,0.0,0.0
2021-04-12,80.94999694824219,81.06999969482422,79.5199966430664,80.18000030517578,67.59211730957031,8939700,0.0,0.0
2021-04-13,79.9000015258789,80.02999877929688,78.95999908447266,79.52999877929688,67.04417419433594,7085200,0.0,0.0
2021-04-14,79.61000061035156,82.05000305175781,79.30000305175781,80.79000091552734,68.10636138916016,10585500,0.0,0.0
2021-04-15,81.3499984741211,81.41000366210938,79.8499984741211,80.81999969482422,68.13164520263672,9930800,0.0,0.0
2021-04-16,81.0,81.68000030517578,77.76000213623047,78.58999633789062,66.2517318725586,29086400,0.0,0.0
2021-04-19,78.30000305175781,80.37000274658203,78.11000061035156,80.02999877929688,67.46566772460938,15151000,0.0,0.0
2021-04-20,79.30999755859375,79.62999725341797,76.5999984741211,77.29000091552734,65.15584564208984,13052800,0.0,0.0
2021-04-21,76.7300033569336,79.33999633789062,76.25,79.25,66.80812072753906,11075900,0.0,0.0
2021-04-22,78.91999816894531,79.5,78.1500015258789,78.29000091552734,65.99883270263672,9871700,0.0,0.0
2021-04-23,78.29000091552734,81.30000305175781,78.29000091552734,80.94999694824219,68.24121856689453,12002000,0.0,0.0
2021-04-26,81.80999755859375,82.41999816894531,81.37999725341797,81.5199966430664,68.72174835205078,8033500,0.0,0.0
2021-04-27,81.41000366210938,82.05000305175781,81.19999694824219,81.95999908447266,69.0926742553711,7057400,0.0,0.0
2021-04-28,82.4000015258789,82.94999694824219,82.06999969482422,82.7300033569336,69.74178314208984,7228200,0.0,0.0
2021-04-29,83.19999694824219,83.79000091552734,82.12999725341797,83.63999938964844,70.8084716796875,9974800,0.35,0.0
2021-04-30,82.88999938964844,83.27999877929688,82.2300033569336,82.55000305175781,69.88570404052734,9298600,0.0,0.0
2021-05-03,83.11000061035156,83.48999786376953,82.30000305175781,82.45999908447266,69.80950164794922,6759000,0.0,0.0
2021-05-04,82.08999633789062,82.83000183105469,80.75,82.63999938964844,69.96186828613281,8802700,0.0,0.0
2021-05-05,82.91000366210938,84.83999633789062,82.23999786376953,84.51000213623047,71.54499816894531,9424400,0.0,0.0
2021-05-06,84.93000030517578,86.91000366210938,84.4000015258789,86.83000183105469,73.50908660888672,11887900,0.0,0.0
2021-05-07,85.4800033569336,88.04000091552734,85.33999633789062,87.69999694824219,74.24560546875,9947600,0.0,0.0
2021-05-10,88.06999969482422,88.87999725341797,86.43000030517578,86.47000122070312,73.2043228149414,9344500,0.0,0.0
2021-05-11,85.05999755859375,85.94000244140625,83.83999633789062,84.91999816894531,71.89210510253906,10397800,0.0,0.0
2021-05-12,85.4000015258789,86.19000244140625,83.36000061035156,83.68000030517578,70.84233856201172,12602200,0.0,0.0
2021-05-13,83.69000244140625,85.6500015258789,83.41000366210938,84.86000061035156,71.84131622314453,8639700,0.0,0.0
2021-05-14,85.61000061035156,87.58000183105469,85.61000061035156,87.3499984741211,73.9493179321289,7755900,0.0,0.0
2021-05-17,86.79000091552734,88.12000274658203,86.30000305175781,88.08999633789062,74.5757827758789,7157900,0.0,0.0
2021-05-18,88.2300033569336,88.56999969482422,86.87000274658203,86.97000122070312,73.62761688232422,6631700,0.0,0.0
2021-05-19,85.30999755859375,86.0999984741211,84.31999969482422,86.05000305175781,72.84874725341797,10165600,0.0,0.0
2021-05-20,86.18000030517578,87.02999877929688,85.31999969482422,86.47000122070312,73.2043228149414,7722100,0.0,0.0
2021-05-21,86.94000244140625,88.77999877929688,86.7300033569336,88.33999633789062,74.78741455078125,9326800,0.0,0.0
2021-05-24,88.70999908447266,90.19999694824219,88.31999969482422,89.69000244140625,75.93032836914062,7788800,0.0,0.0
2021-05-25,90.27999877929688,91.3499984741211,88.73999786376953,88.86000061035156,75.22766876220703,10599600,0.0,0.0
2021-05-26,88.66000366210938,89.8499984741211,87.94999694824219,89.3499984741211,75.64249420166016,8665200,0.0,0.0
2021-05-27,90.0999984741211,90.91999816894531,88.58999633789062,90.30000305175781,76.44673919677734,21840900,0.0,0.0
2021-05-28,90.55000305175781,91.27999877929688,89.9000015258789,90.94999694824219,76.99700927734375,9484800,0.0,0.0
2021-06-01,92.38999938964844,93.30999755859375,91.87000274658203,92.11000061035156,77.97906494140625,9576400,0.0,0.0
2021-06-02,92.51000213623047,93.1500015258789,91.55999755859375,92.76000213623047,78.52933502197266,6878400,0.0,0.0
2021-06-03,92.33000183105469,93.91999816894531,92.16000366210938,93.3499984741211,79.02881622314453,7926800,0.0,0.0
2021-06-04,93.86000061035156,94.16999816894531,92.63999938964844,93.95999908447266,79.54524993896484,6406800,0.0,0.0
2021-06-07,94.2300033569336,94.2699966430664,92.73999786376953,93.20999908447266,78.9103012084961,6773800,0.0,0.0
2021-06-08,92.3499984741211,93.19000244140625,91.69000244140625,92.79000091552734,78.55474090576172,7036300,0.0,0.0
2021-06-09,92.37999725341797,93.22000122070312,91.79000091552734,92.66999816894531,78.45314025878906,7811700,0.0,0.0
2021-06-10,93.5,93.9800033569336,91.52999877929688,91.68000030517578,77.61503601074219,6584900,0.0,0.0
2021-06-11,91.72000122070312,92.55999755859375,91.69000244140625,92.05000305175781,77.92826080322266,6509400,0.0,0.0
2021-06-14,91.79000091552734,91.88999938964844,89.88999938964844,90.72000122070312,76.80231475830078,10163100,0.0,0.0
2021-06-15,91.08999633789062,91.19999694824219,89.9000015258789,90.69999694824219,76.78536987304688,7459000,0.0,0.0
2021-06-16,90.5,91.63999938964844,89.44999694824219,91.0999984741211,77.12401580810547,11370300,0.0,0.0
2021-06-17,91.73999786376953,91.75,87.05999755859375,87.91000366210938,74.42340087890625,11131600,0.0,0.0
2021-06-18,86.38999938964844,86.9000015258789,83.91000366210938,84.08999633789062,71.18942260742188,22453900,0.0,0.0
2021-06-21,84.56999969482422,86.44999694824219,84.22000122070312,85.94000244140625,72.75563049316406,10672700,0.0,0.0
2021-06-22,85.86000061035156,86.22000122070312,84.9800033569336,85.69999694824219,72.55243682861328,9664100,0.0,0.0
2021-06-23,86.04000091552734,86.31999969482422,85.56999969482422,85.87000274658203,72.69636535644531,7139000,0.0,0.0
2021-06-24,86.45999908447266,87.38999938964844,85.83999633789062,87.08000183105469,73.72074127197266,7953500,0.0,0.0
2021-06-25,87.52999877929688,88.62000274658203,86.72000122070312,88.4000015258789,74.8382339477539,11139000,0.0,0.0
2021-06-28,88.05999755859375,88.19999694824219,86.43000030517578,87.69999694824219,74.24560546875,6174600,0.0,0.0
2021-06-29,91.08999633789062,91.62999725341797,89.77999877929688,90.63999938964844,76.73458099365234,15413700,0.0,0.0
2021-06-30,90.16999816894531,91.91000366210938,90.12999725341797,91.69000244140625,77.62349700927734,9780300,0.0,0.0
2021-07-01,91.91999816894531,92.2300033569336,91.05000305175781,92.0199966430664,77.90287017822266,6792200,0.0,0.0
2021-07-02,91.9000015258789,92.08000183105469,91.33000183105469,92.02999877929688,77.91132354736328,4818000,0.0,0.0
2021-07-06,91.75,91.88999938964844,89.66000366210938,90.20999908447266,76.37054443359375,6701200,0.0,0.0
2021-07-07,89.63999938964844,90.45999908447266,88.56999969482422,90.02999877929688,76.2181396484375,6771600,0.0,0.0
2021-07-08,88.0999984741211,88.63999938964844,86.94999694824219,87.63999938964844,74.19480895996094,8778800,0.0,0.0
2021-07-09,89.36000061035156,90.62000274658203,88.61000061035156,90.33000183105469,76.47212982177734,7306500,0.0,0.0
2021-07-12,90.23999786376953,93.5199966430664,89.76000213623047,92.75,78.52088928222656,11951100,0.0,0.0
2021-07-13,92.47000122070312,93.52999877929688,91.73999786376953,93.20999908447266,78.9103012084961,12280100,0.0,0.0
2021-07-14,93.12000274658203,93.83000183105469,91.44000244140625,92.45999908447266,78.27535247802734,12572000,0.0,0.0
2021-07-15,91.36000061035156,94.05999755859375,91.30000305175781,92.62999725341797,78.41928100585938,12465900,0.0,0.0
2021-07-16,93.1500015258789,93.41999816894531,91.0999984741211,91.25,77.2509994506836,12595400,0.0,0.0
2021-07-19,89.51000213623047,89.69000244140625,87.58000183105469,89.3499984741211,75.64249420166016,14043000,0.0,0.0
2021-07-20,89.13999938964844,93.5999984741211,89.0,92.31999969482422,78.1568374633789,11522300,0.0,0.0
2021-07-21,93.23999786376953,96.05000305175781,93.18000030517578,95.68000030517578,81.00137329101562,14116900,0.0,0.0
2021-07-22,95.41999816894531,96.2300033569336,94.83999633789062,95.56999969482422,80.90824890136719,9235300,0.0,0.0
2021-07-23,96.27999877929688,97.16999816894531,94.19000244140625,94.55000305175781,80.04473114013672,13222800,0.0,0.0
2021-07-26,94.37000274658203,96.66000366210938,94.3499984741211,96.54000091552734,81.72945404052734,11420600,0.0,0.0
2021-07-27,95.87999725341797,97.05000305175781,95.5199966430664,96.4800033569336,81.67864990234375,8972900,0.0,0.0
2021-07-28,96.51000213623047,96.88999938964844,95.55000305175781,96.06999969482422,81.33154296875,10054000,0.0,0.0
2021-07-29,96.16000366210938,96.8499984741211,95.52999877929688,96.27999877929688,82.10758972167969,9016200,0.7,0.0
2021-07-30,95.94000244140625,97.20999908447266,95.52999877929688,95.9800033569336,81.85173034667969,8320800,0.0,0.0
2021-08-02,96.72000122070312,98.4000015258789,95.9800033569336,96.2300033569336,82.06495666503906,9409600,0.0,0.0
2021-08-03,96.75,97.02999877929688,94.83000183105469,96.5999984741211,82.38047790527344,7044800,0.0,0.0
2021-08-04,95.7699966430664,97.54000091552734,95.55999755859375,96.29000091552734,82.1161117553711,7137500,0.0,0.0
2021-08-05,96.83999633789062,97.93000030517578,96.83999633789062,97.83000183105469,83.42942810058594,5675000,0.0,0.0
2021-08-06,98.62999725341797,99.9800033569336,98.29000091552734,99.7300033569336,85.04975891113281,9317900,0.0,0.0
2021-08-09,99.56999969482422,100.98999786376953,98.97000122070312,100.73999786376953,85.91107940673828,8297700,0.0,0.0
2021-08-10,100.73999786376953,102.93000030517578,100.58999633789062,102.04000091552734,87.01971435546875,8490500,0.0,0.0
2021-08-11,102.27999877929688,103.93000030517578,101.8499984741211,103.87999725341797,88.58887481689453,8793200,0.0,0.0
2021-08-12,103.52999877929688,104.72000122070312,103.51000213623047,104.66999816894531,89.26258087158203,6302100,0.0,0.0
2021-08-13,104.5,104.7699966430664,102.69000244140625,103.94000244140625,88.6400375366211,8312200,0.0,0.0
2021-08-16,103.20999908447266,103.81999969482422,102.19000244140625,103.72000122070312,88.45243835449219,6540300,0.0,0.0
2021-08-17,102.80999755859375,103.8499984741211,101.5999984741211,102.87000274658203,87.72752380371094,6492900,0.0,0.0
2021-08-18,102.37999725341797,103.05999755859375,101.12000274658203,101.26000213623047,86.35453033447266,7839800,0.0,0.0
2021-08-19,99.55000305175781,100.75,98.70999908447266,99.7300033569336,85.04975891113281,10644700,0.0,0.0
2021-08-20,99.79000091552734,101.0199966430664,99.51000213623047,100.66000366210938,85.84284973144531,6496900,0.0,0.0
2021-08-23,101.98999786376953,102.87999725341797,101.72000122070312,102.16000366210938,87.12206268310547,5430700,0.0,0.0
2021-08-24,102.69000244140625,103.44000244140625,102.52999877929688,103.08999633789062,87.91516876220703,5339700,0.0,0.0
2021-08-25,103.2699966430664,104.97000122070312,103.04000091552734,104.08999633789062,88.76795959472656,5612100,0.0,0.0
2021-08-26,104.63999938964844,105.6500015258789,103.66999816894531,103.83999633789062,88.55475616455078,6882800,0.0,0.0
2021-08-27,103.88999938964844,105.47000122070312,103.68000030517578,105.44999694824219,89.92777252197266,5900600,0.0,0.0
2021-08-30,105.62999725341797,105.80999755859375,103.87999725341797,104.08999633789062,88.76795959472656,6459700,0.0,0.0
2021-08-31,104.2699966430664,104.70999908447266,103.37000274658203,104.43000030517578,89.05792236328125,7215100,0.0,0.0
2021-09-01,104.54000091552734,105.08000183105469,103.56999969482422,104.30999755859375,88.9555892944336,5762400,0.0,0.0
2021-09-02,105.01000213623047,105.51000213623047,104.36000061035156,104.83000183105469,89.39905548095703,5708400,0.0,0.0
2021-09-03,104.73999786376953,105.33000183105469,103.7699966430664,104.25,88.9043960571289,7195400,0.0,0.0
2021-09-07,104.08000183105469,105.37000274658203,104.06999969482422,104.18000030517578,88.84471893310547,6792100,0.0,0.0
2021-09-08,103.8499984741211,104.56999969482422,103.06999969482422,103.56999969482422,88.32450103759766,5601000,0.0,0.0
2021-09-09,103.3499984741211,105.2300033569336,103.30000305175781,103.83999633789062,88.55475616455078,6145700,0.0,0.0
2021-09-10,104.43000030517578,104.79000091552734,103.20999908447266,103.62000274658203,88.36714935302734,5958600,0.0,0.0
2021-09-13,103.83999633789062,104.5199966430664,103.22000122070312,104.4000015258789,89.03234100341797,6112200,0.0,0.0
2021-09-14,104.3499984741211,105.4000015258789,101.66000366210938,101.91000366210938,86.90885925292969,8400600,0.0,0.0
2021-09-15,102.16000366210938,103.33999633789062,101.80999755859375,103.04000091552734,87.87252807617188,6691900,0.0,0.0
2021-09-16,103.51000213623047,104.16999816894531,101.75,102.47000122070312,87.38644409179688,5881600,0.0,0.0
2021-09-17,102.12999725341797,103.88999938964844,101.41000366210938,101.75,86.77240753173828,17485600,0.0,0.0
2021-09-20,98.75,99.25,96.87000274658203,98.62999725341797,84.11165618896484,15443800,0.0,0.0
2021-09-21,99.43000030517578,99.7300033569336,97.94999694824219,98.30000305175781,83.83026123046875,8985600,0.0,0.0
2021-09-22,99.43000030517578,101.81999969482422,99.43000030517578,100.80000305175781,85.96224975585938,9497700,0.0,0.0
2021-09-23,101.76000213623047,103.98999786376953,101.5999984741211,103.55000305175781,88.30743408203125,6087900,0.0,0.0
2021-09-24,103.38999938964844,104.12999725341797,102.80999755859375,102.91000366210938,87.76166534423828,5529300,0.0,0.0
2021-09-27,103.8499984741211,105.76000213623047,103.83000183105469,105.0999984741211,89.62928009033203,8195200,0.0,0.0
2021-09-28,104.2699966430664,105.94999694824219,101.72000122070312,102.04000091552734,87.01971435546875,14183500,0.0,0.0
2021-09-29,101.08000183105469,101.61000061035156,99.11000061035156,99.55000305175781,84.89624786376953,11543000,0.0,0.0
2021-09-30,100.2300033569336,100.37999725341797,96.25,97.30999755859375,82.98596954345703,12258400,0.0,0.0
2021-10-01,97.93000030517578,99.91000366210938,97.05999755859375,99.05000305175781,84.4698486328125,7912700,0.0,0.0
2021-10-04,99.05000305175781,100.51000213623047,96.97000122070312,97.1500015258789,82.84952545166016,9482100,0.0,0.0
2021-10-05,98.22000122070312,99.7300033569336,97.47000122070312,99.19999694824219,84.59776306152344,8850300,0.0,0.0
2021-10-06,98.22000122070312,99.45999908447266,97.22000122070312,99.0999984741211,84.51248931884766,6912700,0.0,0.0
2021-10-07,100.55999755859375,100.91999816894531,98.69000244140625,98.80000305175781,84.25664520263672,7959600,0.0,0.0
2021-10-08,99.0199966430664,100.69000244140625,98.38999938964844,100.04000091552734,85.31411743164062,5301100,0.0,0.0
2021-10-11,100.08000183105469,100.68000030517578,97.20999908447266,97.29000091552734,82.96894073486328,7003900,0.0,0.0
2021-10-12,97.29000091552734,98.72000122070312,96.69000244140625,97.77999877929688,83.38678741455078,7913300,0.0,0.0
2021-10-13,98.12000274658203,99.18000030517578,96.68000030517578,98.56999969482422,84.06051635742188,10170900,0.0,0.0
2021-10-14,101.22000122070312,101.58000183105469,97.80999755859375,101.01000213623047,86.1413345336914,14766800,0.0,0.0
2021-10-15,102.45999908447266,103.22000122070312,101.8499984741211,102.13999938964844,87.1050033569336,11678100,0.0,0.0
2021-10-18,101.76000213623047,103.94000244140625,100.55000305175781,101.41000366210938,86.48243713378906,8924300,0.0,0.0
2021-10-19,101.55000305175781,102.44999694824219,101.30000305175781,101.75,86.77240753173828,6189500,0.0,0.0
2021-10-20,101.08000183105469,101.91999816894531,99.93000030517578,100.66000366210938,85.84284973144531,7426900,0.0,0.0
2021-10-21,100.36000061035156,101.75,99.56999969482422,100.27999877929688,85.51878356933594,5931400,0.0,0.0
2021-10-22,100.73999786376953,102.23999786376953,100.56999969482422,101.80000305175781,86.81505584716797,6761500,0.0,0.0
2021-10-25,102.30000305175781,102.73999786376953,101.66000366210938,101.91000366210938,86.90885925292969,3836000,0.0,0.0
2021-10-26,102.12000274658203,103.9800033569336,101.69000244140625,103.47000122070312,88.23921966552734,7649500,0.0,0.0
2021-10-27,102.97000122070312,103.83999633789062,101.83000183105469,101.87000274658203,86.87476348876953,7542400,0.0,0.0
2021-10-28,101.88999938964844,102.62999725341797,100.80000305175781,102.5,88.01681518554688,6663000,0.7,0.0
2021-10-29,102.11000061035156,103.30999755859375,101.93000030517578,102.77999877929688,88.25725555419922,8056900,0.0,0.0
2021-11-01,103.88999938964844,104.33000183105469,102.69000244140625,104.0,89.30487823486328,5432400,0.0,0.0
2021-11-02,103.93000030517578,105.33999633789062,103.37000274658203,104.66000366210938,89.87162780761719,7191700,0.0,0.0
2021-11-03,104.38999938964844,104.7300033569336,101.87999725341797,102.61000061035156,88.11128234863281,9009000,0.0,0.0
2021-11-04,102.2300033569336,102.30999755859375,98.16999816894531,99.79000091552734,85.68975067138672,14823800,0.0,0.0
2021-11-05,101.33000183105469,101.9800033569336,99.7300033569336,99.87000274658203,85.75843048095703,8449600,0.0,0.0
2021-11-08,100.45999908447266,101.80000305175781,99.97000122070312,100.06999969482422,85.93017578125,7332000,0.0,0.0
2021-11-09,99.45999908447266,100.30999755859375,98.27999877929688,99.70999908447266,85.62104797363281,8756900,0.0,0.0
2021-11-10,98.73999786376953,99.62000274658203,97.72000122070312,97.7699966430664,83.95516204833984,9191500,0.0,0.0
2021-11-11,98.04000091552734,99.30999755859375,97.47000122070312,98.87999725341797,84.9083251953125,6249600,0.0,0.0
2021-11-12,99.20999908447266,99.88999938964844,98.05000305175781,99.8499984741211,85.74126434326172,7270300,0.0,0.0
2021-11-15,100.02999877929688,100.80000305175781,99.95999908447266,100.20999908447266,86.0503921508789,5652200,0.0,0.0
2021-11-16,100.0,101.55999755859375,99.51000213623047,100.69000244140625,86.46255493164062,6448500,0.0,0.0
2021-11-17,100.51000213623047,100.62999725341797,97.3499984741211,97.68000030517578,83.87787628173828,9670700,0.0,0.0
2021-11-18,97.93000030517578,98.26000213623047,96.48999786376953,97.68000030517578,83.87787628173828,6850200,0.0,0.0
2021-11-19,96.22000122070312,97.87999725341797,94.94999694824219,96.91000366210938,83.21666717529297,9923400,0.0,0.0
2021-11-22,98.29000091552734,100.52999877929688,97.81999969482422,99.31999969482422,85.28614807128906,10430400,0.0,0.0
2021-11-23,100.30999755859375,102.12999725341797,100.18000030517578,101.86000061035156,87.46724700927734,8559200,0.0,0.0
2021-11-24,101.83999633789062,102.2300033569336,100.11000061035156,101.12000274658203,86.83181762695312,7146400,0.0,0.0
2021-11-26,98.05000305175781,98.16000366210938,95.87000274658203,97.93000030517578,84.0925521850586,11738200,0.0,0.0
2021-11-29,99.04000091552734,99.5999984741211,95.95999908447266,97.2300033569336,83.49146270751953,13793400,0.0,0.0
2021-11-30,96.43000030517578,96.5,93.87999725341797,94.81999969482422,81.4219970703125,20586200,0.0,0.0
2021-12-01,96.9800033569336,98.61000061035156,95.26000213623047,95.26000213623047,81.79983520507812,11708200,0.0,0.0
2021-12-02,96.0,99.75,95.30000305175781,98.86000061035156,84.8911361694336,10685800,0.0,0.0
2021-12-03,100.04000091552734,100.87000274658203,96.8499984741211,98.20999908447266,84.3330078125,9811800,0.0,0.0
2021-12-06,100.0,100.70999908447266,98.80000305175781,99.2699966430664,85.24320983886719,9624500,0.0,0.0
2021-12-07,100.37000274658203,103.11000061035156,100.33999633789062,102.5,88.01681518554688,10674400,0.0,0.0
2021-12-08,102.66000366210938,103.16000366210938,101.2300033569336,101.25,86.94345092773438,9089700,0.0,0.0
2021-12-09,100.7699966430664,101.81999969482422,100.25,100.58000183105469,86.36812591552734,7749600,0.0,0.0
2021-12-10,100.94000244140625,101.26000213623047,98.37999725341797,98.43000030517578,84.52190399169922,10429000,0.0,0.0
2021-12-13,98.1500015258789,98.19999694824219,96.80000305175781,97.16999816894531,83.43994903564453,10057100,0.0,0.0
2021-12-14,96.75,99.44000244140625,96.56999969482422,98.81999969482422,84.85681915283203,11105900,0.0,0.0
2021-12-15,99.12000274658203,99.83000183105469,97.12999725341797,99.43000030517578,85.380615234375,7055000,0.0,0.0
2021-12-16,101.29000091552734,101.41999816894531,99.66000366210938,100.30000305175781,86.12767028808594,7889900,0.0,0.0
2021-12-17,99.47000122070312,99.5199966430664,96.80999755859375,97.12999725341797,83.40558624267578,20851400,0.0,0.0
2021-12-20,95.61000061035156,95.88999938964844,94.20999908447266,95.37000274658203,81.89427185058594,11931400,0.0,0.0
2021-12-21,96.18000030517578,98.51000213623047,96.06999969482422,97.7699966430664,83.95516204833984,8235100,0.0,0.0
2021-12-22,97.69000244140625,98.68000030517578,97.45999908447266,98.30000305175781,84.41028594970703,4798400,0.0,0.0
2021-12-23,99.01000213623047,99.97000122070312,98.7699966430664,99.33999633789062,85.3033218383789,4482200,0.0,0.0
2021-12-27,99.72000122070312,100.52999877929688,99.11000061035156,100.4000015258789,86.21353912353516,4196000,0.0,0.0
2021-12-28,100.5999984741211,101.0,99.58000183105469,99.97000122070312,85.84430694580078,4269700,0.0,0.0
2021-12-29,100.05000305175781,100.51000213623047,98.69000244140625,98.7300033569336,84.7795181274414,6923100,0.0,0.0
2021-12-30,98.86000061035156,99.97000122070312,98.72000122070312,98.80000305175781,84.83963775634766,3564900,0.0,0.0
2021-12-31,98.7300033569336,99.20999908447266,97.4800033569336,98.16000366210938,84.29005432128906,5124800,0.0,0.0
2022-01-03,99.33000183105469,101.4000015258789,99.30000305175781,100.19000244140625,86.03321075439453,8481900,0.0,0.0
2022-01-04,102.0,104.68000030517578,101.9800033569336,104.26000213623047,89.52813720703125,8967000,0.0,0.0
2022-01-05,103.69999694824219,105.02999877929688,101.56999969482422,101.68000030517578,87.31267547607422,10288800,0.0,0.0
2022-01-06,104.12000274658203,104.20999908447266,100.62000274658203,103.41999816894531,88.80682373046875,10059200,0.0,0.0
2022-01-07,103.51000213623047,104.52999877929688,102.93000030517578,104.05000305175781,89.34780883789062,6128400,0.0,0.0
2022-01-10,104.72000122070312,105.0999984741211,102.83000183105469,104.12999725341797,89.41649627685547,8904900,0.0,0.0
2022-01-11,104.16000366210938,106.08999633789062,103.58000183105469,105.91999816894531,90.95358276367188,7320200,0.0,0.0
2022-01-12,106.05000305175781,106.47000122070312,102.3499984741211,103.05000305175781,88.48910522460938,10855200,0.0,0.0
2022-01-13,103.43000030517578,104.3499984741211,102.13999938964844,102.55000305175781,88.05976867675781,6267700,0.0,0.0
2022-01-14,99.75,100.47000122070312,97.38999938964844,98.87999725341797,84.9083251953125,16724900,0.0,0.0
2022-01-18,95.93000030517578,96.44000244140625,92.94000244140625,94.01000213623047,80.7264404296875,21803100,0.0,0.0
2022-01-19,98.01000213623047,98.25,94.95999908447266,95.7300033569336,82.20343017578125,19716100,0.0,0.0
2022-01-20,96.5999984741211,101.95999908447266,96.5999984741211,99.83000183105469,85.72408294677734,22637600,0.0,0.0
2022-01-21,98.13999938964844,99.55999755859375,96.3499984741211,98.86000061035156,84.8911361694336,22568300,0.0,0.0
2022-01-24,96.0199966430664,98.31999969482422,93.68000030517578,98.08000183105469,84.22137451171875,19527300,0.0,0.0
2022-01-25,96.58000183105469,99.83000183105469,95.01000213623047,99.04000091552734,85.04571533203125,16060700,0.0,0.0
2022-01-26,100.1500015258789,101.75,98.9000015258789,100.16999816894531,86.01602935791016,13344400,0.0,0.0
2022-01-27,101.30999755859375,102.2300033569336,99.66000366210938,101.1500015258789,86.8575668334961,17843100,0.0,0.0
2022-01-28,99.0999984741211,101.91999816894531,98.1500015258789,101.80000305175781,88.02490234375,14044800,0.7,0.0
2022-01-31,100.97000122070312,102.73999786376953,100.27999877929688,102.54000091552734,88.66475677490234,8467000,0.0,0.0
2022-02-01,102.95999908447266,104.0999984741211,102.23999786376953,103.94999694824219,89.88397216796875,7885700,0.0,0.0
2022-02-02,103.80000305175781,104.30000305175781,102.30000305175781,103.91999816894531,89.85802459716797,9596300,0.0,0.0
2022-02-03,103.66999816894531,104.0999984741211,102.12999725341797,102.29000091552734,88.44859313964844,5986500,0.0,0.0
2022-02-04,102.1500015258789,105.0199966430664,102.06999969482422,104.11000061035156,90.02232360839844,7881800,0.0,0.0
2022-02-07,104.05000305175781,106.18000030517578,103.63999938964844,105.18000030517578,90.94754028320312,9129000,0.0,0.0
2022-02-08,105.97000122070312,107.31999969482422,105.31999969482422,106.3499984741211,91.9592056274414,9249000,0.0,0.0
2022-02-09,106.93000030517578,109.08000183105469,106.8499984741211,108.7300033569336,94.01716613769531,11054300,0.0,0.0
2022-02-10,108.19000244140625,109.7300033569336,107.1500015258789,107.56999969482422,93.01412200927734,8116200,0.0,0.0
2022-02-11,107.0,108.38999938964844,103.81999969482422,104.56999969482422,90.4200668334961,9755900,0.0,0.0
2022-02-14,104.02999877929688,104.5,101.5999984741211,102.56999969482422,88.69070434570312,11110300,0.0,0.0
2022-02-15,103.5199966430664,104.3499984741211,102.12000274658203,103.43000030517578,89.43433380126953,6714100,0.0,0.0
2022-02-16,102.5,103.04000091552734,100.66999816894531,101.1500015258789,87.46285247802734,10190700,0.0,0.0
2022-02-17,100.0199966430664,100.20999908447266,95.88999938964844,96.1500015258789,83.13943481445312,15620300,0.0,0.0
2022-02-18,95.26000213623047,96.04000091552734,93.11000061035156,95.41999816894531,82.5082015991211,16321800,0.0,0.0
2022-02-22,94.68000030517578,96.7699966430664,93.9000015258789,94.75,81.92888641357422,9143700,0.0,0.0
2022-02-23,95.69999694824219,95.72000122070312,93.08000183105469,93.55000305175781,80.89125061035156,8722200,0.0,0.0
2022-02-24,89.8499984741211,92.18000030517578,88.52999877929688,91.80999755859375,79.38668823242188,18518000,0.0,0.0
2022-02-25,92.06999969482422,94.69999694824219,91.62999725341797,94.55000305175781,81.75592041015625,9717400,0.0,0.0
2022-02-28,91.58999633789062,92.22000122070312,89.91999816894531,90.73999786376953,78.46147918701172,17955100,0.0,0.0
2022-03-01,90.0,90.0,86.48999786376953,87.62999725341797,75.77230072021484,18341800,0.0,0.0
2022-03-02,88.05999755859375,89.27999877929688,87.0199966430664,88.37999725341797,76.42082977294922,18007500,0.0,0.0
2022-03-03,89.68000030517578,90.25,87.06999969482422,87.77999877929688,75.90202331542969,12197100,0.0,0.0
2022-03-04,86.19999694824219,86.9000015258789,84.76000213623047,86.36000061035156,74.67416381835938,11950700,0.0,0.0
2022-03-07,85.02999877929688,86.08000183105469,83.41999816894531,83.44999694824219,72.15792083740234,12680900,0.0,0.0
2022-03-08,83.62999725341797,85.75,81.97000122070312,83.30999755859375,72.0368881225586,11641200,0.0,0.0
2022-03-09,86.23999786376953,88.98999786376953,86.0999984741211,87.4000015258789,75.57341766357422,12994600,0.0,0.0
2022-03-10,85.7699966430664,87.80000305175781,85.01000213623047,85.86000061035156,74.24181365966797,11351600,0.0,0.0
2022-03-11,87.12000274658203,87.76000213623047,85.08000183105469,85.18000030517578,73.6538314819336,8568100,0.0,0.0
2022-03-14,85.8499984741211,86.70999908447266,84.47000122070312,84.72000122070312,73.25607299804688,8280700,0.0,0.0
2022-03-15,85.44999694824219,86.69999694824219,84.58000183105469,86.33000183105469,74.64822387695312,8672400,0.0,0.0
2022-03-16,88.01000213623047,92.3499984741211,88.0,91.76000213623047,79.34346008300781,17635900,0.0,0.0
2022-03-17,90.19999694824219,94.19000244140625,89.91999816894531,93.86000061035156,81.1593017578125,15156800,0.0,0.0
2022-03-18,93.4800033569336,94.9000015258789,92.41999816894531,94.81999969482422,81.98941040039062,16325400,0.0,0.0
2022-03-21,94.72000122070312,94.91000366210938,92.20999908447266,92.61000061035156,80.07845306396484,8568700,0.0,0.0
2022-03-22,93.16000366210938,94.5999984741211,92.87000274658203,94.22000122070312,81.47058868408203,7565100,0.0,0.0
2022-03-23,93.41000366210938,94.0,91.88999938964844,92.37999725341797,79.87956237792969,7465400,0.0,0.0
2022-03-24,92.55000305175781,93.0999984741211,91.8499984741211,92.12999725341797,79.66339874267578,6488300,0.0,0.0
2022-03-25,92.4800033569336,93.97000122070312,91.98999786376953,92.37999725341797,79.87956237792969,6592800,0.0,0.0
2022-03-28,92.27999877929688,92.30000305175781,90.13999938964844,91.2699966430664,78.91978454589844,8680800,0.0,0.0
2022-03-29,93.38999938964844,93.38999938964844,91.05000305175781,91.83999633789062,79.41263580322266,7431600,0.0,0.0
2022-03-30,91.86000061035156,91.94000244140625,89.76000213623047,90.2699966430664,78.05508422851562,7289800,0.0,0.0
2022-03-31,89.72000122070312,90.19000244140625,87.4000015258789,87.4000015258789,75.57341766357422,8422700,0.0,0.0
2022-04-01,88.13999938964844,88.52999877929688,85.91000366210938,86.98999786376953,75.21891784667969,8192300,0.0,0.0
2022-04-04,86.54000091552734,87.56999969482422,85.80999755859375,87.27999877929688,75.46968078613281,8098900,0.0,0.0
2022-04-05,86.55000305175781,86.83000183105469,84.94000244140625,85.27999877929688,73.74030303955078,11587400,0.0,0.0
2022-04-06,84.72000122070312,84.80999755859375,82.75,83.12999725341797,71.8812255859375,10493200,0.0,0.0
2022-04-07,82.87999725341797,83.61000061035156,81.4000015258789,83.12999725341797,71.8812255859375,11902900,0.0,0.0
2022-04-08,83.52999877929688,84.7699966430664,82.95999908447266,84.05999755859375,72.68539428710938,6937500,0.0,0.0
2022-04-11,83.58000183105469,85.81999969482422,83.0199966430664,84.0199966430664,72.65080261230469,8290400,0.0,0.0
2022-04-12,83.76000213623047,85.9800033569336,83.54000091552734,83.93000030517578,72.57298278808594,8057300,0.0,0.0
2022-04-13,82.93000030517578,84.25,82.77999877929688,84.12999725341797,72.74592590332031,8760300,0.0,0.0
2022-04-14,86.01000213623047,87.9000015258789,84.58999633789062,84.76000213623047,73.29067993164062,16348400,0.0,0.0
2022-04-18,84.38999938964844,87.18000030517578,84.31999969482422,86.4800033569336,74.77792358398438,7897500,0.0,0.0
2022-04-19,87.01000213623047,89.11000061035156,86.91999816894531,88.91000366210938,76.87911224365234,12637700,0.0,0.0
2022-04-20,89.61000061035156,91.58000183105469,89.61000061035156,90.61000061035156,78.34908294677734,11828400,0.0,0.0
2022-04-21,91.52999877929688,92.93000030517578,88.70999908447266,88.91000366210938,76.87911224365234,9563900,0.0,0.0
2022-04-22,88.12000274658203,88.20999908447266,84.62999725341797,84.73999786376953,73.27336883544922,11455400,0.0,0.0
2022-04-25,84.02999877929688,85.30999755859375,82.88999938964844,85.05000305175781,73.54143524169922,11577600,0.0,0.0
2022-04-26,84.29000091552734,85.22000122070312,82.27999877929688,82.37000274658203,71.22406768798828,10062000,0.0,0.0
2022-04-27,82.37999725341797,83.66999816894531,81.80999755859375,82.20999908447266,71.08572387695312,9522900,0.0,0.0
2022-04-28,82.69999694824219,83.8499984741211,81.61000061035156,83.4000015258789,72.73400115966797,6974600,0.7,0.0
2022-04-29,83.05999755859375,83.73999786376953,80.30999755859375,80.58999633789062,70.28337097167969,8097300,0.0,0.0
2022-05-02,80.58999633789062,82.13999938964844,80.02999877929688,81.95999908447266,71.47816467285156,8737100,0.0,0.0
2022-05-03,82.48999786376953,84.80999755859375,82.25,83.75,73.03925323486328,9430500,0.0,0.0
2022-05-04,84.06999969482422,87.52999877929688,83.94000244140625,87.22000122070312,76.06547546386719,10495000,0.0,0.0
2022-05-05,85.75,86.16000366210938,83.41000366210938,84.94000244140625,74.07705688476562,8556500,0.0,0.0
2022-05-06,84.13999938964844,84.56999969482422,82.30999755859375,84.2300033569336,73.4578628540039,7333600,0.0,0.0
2022-05-09,82.54000091552734,83.23999786376953,80.72000122070312,81.1500015258789,70.77178192138672,11161000,0.0,0.0
2022-05-10,82.01000213623047,82.66000366210938,78.72000122070312,80.26000213623047,69.9955825805664,9261000,0.0,0.0
2022-05-11,80.06999969482422,82.05999755859375,78.76000213623047,78.88999938964844,68.80079650878906,8060000,0.0,0.0
2022-05-12,78.05000305175781,79.5199966430664,76.75,78.58999633789062,68.53914642333984,10315600,0.0,0.0
2022-05-13,79.5999984741211,81.5,79.47000122070312,80.54000091552734,70.2397689819336,7948000,0.0,0.0
2022-05-16,80.38999938964844,80.93000030517578,78.8499984741211,79.9000015258789,69.6816177368164,5703600,0.0,0.0
2022-05-17,81.63999938964844,83.26000213623047,81.33000183105469,82.93000030517578,72.3241195678711,6507100,0.0,0.0
2022-05-18,81.9000015258789,82.22000122070312,80.31999969482422,80.69000244140625,70.37059020996094,5949400,0.0,0.0
2022-05-19,79.7300033569336,81.18000030517578,79.5,79.95999908447266,69.73394012451172,7852800,0.0,0.0
2022-05-20,80.62000274658203,81.20999908447266,77.56999969482422,79.37000274658203,69.21941375732422,8705000,0.0,0.0
2022-05-23,80.79000091552734,83.33999633789062,80.0999984741211,82.30999755859375,71.78339385986328,7787700,0.0,0.0
2022-05-24,81.80000305175781,82.22000122070312,80.05000305175781,81.95999908447266,71.47816467285156,6225700,0.0,0.0
2022-05-25,81.27999877929688,82.81999969482422,81.0,82.2300033569336,71.71363830566406,6747800,0.0,0.0
2022-05-26,83.3499984741211,85.55000305175781,83.23999786376953,85.0,74.12938690185547,8573400,0.0,0.0
2022-05-27,85.56999969482422,86.4800033569336,84.91999816894531,86.44999694824219,75.39395141601562,6300000,0.0,0.0
2022-05-31,85.45999908447266,86.81999969482422,84.93000030517578,86.13999938964844,75.12359619140625,10780700,0.0,0.0
2022-06-01,86.44000244140625,86.77999877929688,83.70999908447266,85.0,74.12938690185547,6543900,0.0,0.0
2022-06-02,85.18000030517578,85.37999725341797,83.66999816894531,85.19999694824219,74.30379486083984,7468700,0.0,0.0
2022-06-03,84.16999816894531,84.98999786376953,83.68000030517578,84.12000274658203,73.36193084716797,5276900,0.0,0.0
2022-06-06,85.19999694824219,86.27999877929688,84.73999786376953,84.87000274658203,74.0160140991211,4022400,0.0,0.0
2022-06-07,84.1500015258789,85.4000015258789,83.87999725341797,85.33000183105469,74.41719055175781,4514300,0.0,0.0
2022-06-08,84.5,85.12999725341797,82.73999786376953,83.19999694824219,72.55958557128906,6787200,0.0,0.0
2022-06-09,82.69999694824219,82.87999725341797,81.1500015258789,81.16000366210938,70.7804946899414,6951700,0.0,0.0
2022-06-10,79.54000091552734,79.70999908447266,76.94999694824219,77.4000015258789,67.50133514404297,9671600,0.0,0.0
2022-06-13,75.0199966430664,76.26000213623047,74.13999938964844,75.18000030517578,65.56526184082031,10446400,0.0,0.0
2022-06-14,75.41999816894531,76.7699966430664,74.2699966430664,74.95999908447266,65.37339782714844,7400300,0.0,0.0
2022-06-15,75.80000305175781,77.19999694824219,74.33000183105469,76.0199966430664,66.2978286743164,9273300,0.0,0.0
2022-06-16,74.08999633789062,74.36000061035156,72.48999786376953,73.94999694824219,64.49256134033203,11068400,0.0,0.0
2022-06-17,73.80999755859375,74.62000274658203,72.66000366210938,72.9000015258789,63.576847076416016,17285900,0.0,0.0
2022-06-21,75.06999969482422,75.25,74.16000366210938,74.62999725341797,65.08560180664062,8063800,0.0,0.0
2022-06-22,73.63999938964844,74.91000366210938,73.08999633789062,74.4000015258789,64.88501739501953,6322600,0.0,0.0
2022-06-23,74.41000366210938,74.52999877929688,72.2300033569336,73.97000122070312,64.51002502441406,7958000,0.0,0.0
2022-06-24,75.5999984741211,78.55000305175781,75.0199966430664,77.81999969482422,67.86763000488281,10795400,0.0,0.0
2022-06-27,78.4000015258789,78.4000015258789,76.91000366210938,77.44000244140625,67.5362319946289,5937600,0.0,0.0
2022-06-28,80.37999725341797,81.22000122070312,78.05000305175781,78.16000366210938,68.1641616821289,10259100,0.0,0.0
2022-06-29,78.27999877929688,79.29000091552734,77.51000213623047,78.19000244140625,68.19031524658203,8534900,0.0,0.0
2022-06-30,76.56999969482422,76.83000183105469,74.52999877929688,76.05999755859375,66.33272552490234,10182400,0.0,0.0
2022-07-01,75.76000213623047,77.05000305175781,74.68000030517578,76.75,66.93447875976562,6017500,0.0,0.0
2022-07-05,75.05999755859375,76.12999725341797,73.5999984741211,76.11000061035156,66.37632751464844,8706900,0.0,0.0
2022-07-06,75.76000213623047,76.16999816894531,74.69000244140625,75.44999694824219,65.80073547363281,6895900,0.0,0.0
2022-07-07,76.29000091552734,77.20999908447266,76.12999725341797,76.98999786376953,67.14379119873047,6258300,0.0,0.0
2022-07-08,77.38999938964844,77.5199966430664,76.4000015258789,76.7300033569336,66.91704559326172,5890500,0.0,0.0
2022-07-11,75.86000061035156,76.36000061035156,75.27999877929688,75.81999969482422,66.12342071533203,4918900,0.0,0.0
2022-07-12,75.19999694824219,77.26000213623047,75.05999755859375,75.94000244140625,66.22806549072266,6558400,0.0,0.0
2022-07-13,75.23999786376953,75.5,74.01000213623047,74.9800033569336,65.39085388183594,7780100,0.0,0.0
2022-07-14,74.01000213623047,75.06999969482422,72.05000305175781,74.69000244140625,65.13792419433594,13296200,0.0,0.0
2022-07-15,75.94000244140625,78.7699966430664,75.66000366210938,78.05000305175781,68.06820678710938,11663900,0.0,0.0
2022-07-18,79.5,80.4000015258789,78.41999816894531,78.86000061035156,68.77462768554688,11596800,0.0,0.0
2022-07-19,79.86000061035156,81.98999786376953,79.83000183105469,81.6500015258789,71.20781707763672,9952000,0.0,0.0
2022-07-20,81.47000122070312,82.2699966430664,80.94000244140625,81.80999755859375,71.34734344482422,7653400,0.0,0.0
2022-07-21,81.5,83.0999984741211,81.22000122070312,83.0199966430664,72.40259552001953,9053400,0.0,0.0
2022-07-22,83.0999984741211,83.52999877929688,81.66000366210938,82.43000030517578,71.8880615234375,6564000,0.0,0.0
2022-07-25,82.88999938964844,83.18000030517578,82.12000274658203,82.55000305175781,71.99272155761719,6208200,0.0,0.0
2022-07-26,81.80000305175781,82.56999969482422,80.62999725341797,80.79000091552734,70.45779418945312,7121600,0.0,0.0
2022-07-27,81.38999938964844,82.86000061035156,80.95999908447266,82.51000213623047,71.95783996582031,7751300,0.0,0.0
2022-07-28,81.76000213623047,83.06999969482422,80.9000015258789,82.94999694824219,73.0274887084961,6324800,0.775,0.0
2022-07-29,82.97000122070312,84.62999725341797,82.97000122070312,84.30000305175781,74.21601867675781,8597700,0.0,0.0
2022-08-01,83.66000366210938,84.54000091552734,83.01000213623047,84.08999633789062,74.03112030029297,5439200,0.0,0.0
2022-08-02,83.33000183105469,84.58999633789062,82.95999908447266,83.52999877929688,73.53810119628906,7684700,0.0,0.0
2022-08-03,84.68000030517578,85.58999633789062,84.12000274658203,85.05000305175781,74.87630462646484,7043600,0.0,0.0
2022-08-04,85.19999694824219,85.6500015258789,84.80000305175781,85.36000061035156,75.14920806884766,5722600,0.0,0.0
2022-08-05,84.98999786376953,86.70999908447266,84.70999908447266,86.12999725341797,75.82710266113281,6219300,0.0,0.0
2022-08-08,86.76000213623047,87.22000122070312,85.94999694824219,86.02999877929688,75.73907470703125,5719700,0.0,0.0
2022-08-09,86.44999694824219,86.83999633789062,85.87000274658203,86.36000061035156,76.02957916259766,4920100,0.0,0.0
2022-08-10,87.52999877929688,89.66000366210938,87.5,88.88999938964844,78.2569351196289,7271700,0.0,0.0
2022-08-11,89.9800033569336,90.83999633789062,89.80000305175781,90.19999694824219,79.41024017333984,8808100,0.0,0.0
2022-08-12,90.62000274658203,91.75,90.05999755859375,91.66000366210938,80.69561004638672,6259000,0.0,0.0
2022-08-15,90.6500015258789,92.29000091552734,90.45999908447266,92.0199966430664,81.01254272460938,7348900,0.0,0.0
2022-08-16,91.4800033569336,92.2699966430664,91.33999633789062,91.81999969482422,80.83645629882812,5953800,0.0,0.0
2022-08-17,90.38999938964844,91.83000183105469,90.3499984741211,91.3499984741211,80.42267608642578,5499000,0.0,0.0
2022-08-18,91.16999816894531,92.0,90.98999786376953,91.7300033569336,80.75723266601562,4664800,0.0,0.0
2022-08-19,90.6500015258789,90.91999816894531,89.66000366210938,90.01000213623047,79.24298858642578,6264100,0.0,0.0
2022-08-22,88.43000030517578,88.86000061035156,87.70999908447266,88.45999908447266,77.87838745117188,6452800,0.0,0.0
2022-08-23,88.45999908447266,89.25,87.95999908447266,88.30000305175781,77.73754119873047,7487700,0.0,0.0
2022-08-24,87.98999786376953,89.04000091552734,87.80999755859375,88.5999984741211,78.00164794921875,5262400,0.0,0.0
2022-08-25,89.06999969482422,90.0999984741211,88.80000305175781,89.91000366210938,79.1549301147461,4943300,0.0,0.0
2022-08-26,90.33999633789062,90.48999786376953,86.72000122070312,86.80999755859375,76.42575073242188,7911500,0.0,0.0
2022-08-29,86.13999938964844,86.43000030517578,85.05999755859375,85.3499984741211,75.1404037475586,7505300,0.0,0.0
2022-08-30,86.13999938964844,86.2300033569336,84.20999908447266,84.43000030517578,74.3304443359375,8849400,0.0,0.0
2022-08-31,84.61000061035156,85.94000244140625,84.05999755859375,85.22000122070312,75.02595520019531,9223100,0.0,0.0
2022-09-01,84.66999816894531,86.20999908447266,83.38999938964844,86.16999816894531,75.8623046875,7830800,0.0,0.0
2022-09-02,87.36000061035156,89.02999877929688,85.72000122070312,86.4000015258789,76.06481170654297,9974400,0.0,0.0
2022-09-06,86.75,86.83999633789062,83.16000366210938,85.12999725341797,74.94672393798828,10689300,0.0,0.0
2022-09-07,84.37000274658203,87.26000213623047,84.37000274658203,86.86000061035156,76.46977233886719,7592700,0.0,0.0
2022-09-08,86.52999877929688,88.48999786376953,86.0,88.44000244140625,77.86077117919922,8446700,0.0,0.0
2022-09-09,89.22000122070312,89.81999969482422,88.80000305175781,89.45999908447266,78.75875091552734,5976200,0.0,0.0
2022-09-12,90.0,91.04000091552734,89.8499984741211,90.1500015258789,79.3662338256836,8030800,0.0,0.0
2022-09-13,88.01000213623047,88.68000030517578,86.80000305175781,87.05000305175781,76.6370620727539,7890700,0.0,0.0
2022-09-14,87.54000091552734,88.11000061035156,86.12999725341797,87.18000030517578,76.75149536132812,8341100,0.0,0.0
2022-09-15,87.33999633789062,89.45999908447266,87.25,88.26000213623047,77.70230102539062,8883100,0.0,0.0
2022-09-16,87.4000015258789,87.69999694824219,85.58000183105469,87.43000030517578,76.97158813476562,20988900,0.0,0.0
2022-09-19,86.12000274658203,89.0199966430664,86.08000183105469,88.72000122070312,78.10728454589844,6011500,0.0,0.0
2022-09-20,88.0999984741211,88.44999694824219,86.37000274658203,87.19000244140625,76.76031494140625,8092300,0.0,0.0
2022-09-21,87.9000015258789,89.1500015258789,86.3499984741211,86.36000061035156,76.02957916259766,9707800,0.0,0.0
2022-09-22,86.91000366210938,87.25,84.2699966430664,84.7699966430664,74.62979888916016,8376300,0.0,0.0
2022-09-23,83.27999877929688,83.69000244140625,80.22000122070312,81.51000213623047,71.759765625,9990500,0.0,0.0
2022-09-26,80.91999816894531,81.66000366210938,79.01000213623047,79.76000213623047,70.21908569335938,8496000,0.0,0.0
2022-09-27,80.69999694824219,80.8499984741211,78.3499984741211,79.4800033569336,69.97257232666016,6855400,0.0,0.0
2022-09-28,79.76000213623047,81.88999938964844,79.69000244140625,81.47000122070312,71.72452545166016,6693500,0.0,0.0
2022-09-29,80.80000305175781,81.02999877929688,79.02999877929688,79.86000061035156,70.30712890625,5892700,0.0,0.0
2022-09-30,79.7699966430664,81.16000366210938,78.86000061035156,79.01000213623047,69.55879211425781,8090900,0.0,0.0
2022-10-03,80.05000305175781,80.9800033569336,78.31999969482422,80.37999725341797,70.76493072509766,8169200,0.0,0.0
2022-10-04,82.19999694824219,84.73999786376953,81.80000305175781,83.97000122070312,73.92546844482422,7875000,0.0,0.0
2022-10-05,82.02999877929688,83.58999633789062,81.37999725341797,83.11000061035156,73.16835021972656,5956500,0.0,0.0
2022-10-06,82.44999694824219,83.19000244140625,81.12999725341797,81.30999755859375,71.58366394042969,6434800,0.0,0.0
2022-10-07,80.69999694824219,80.79000091552734,78.37999725341797,78.93000030517578,69.48837280273438,7180900,0.0,0.0
2022-10-10,79.44000244140625,79.72000122070312,77.81999969482422,78.41000366210938,69.03057098388672,5418000,0.0,0.0
2022-10-11,77.91999816894531,78.41000366210938,76.54000091552734,77.0,67.78924560546875,6271100,0.0,0.0
2022-10-12,76.98999786376953,77.80000305175781,76.33000183105469,76.5999984741211,67.43708038330078,6411600,0.0,0.0
2022-10-13,74.9800033569336,79.66000366210938,74.66999816894531,79.31999969482422,69.83171844482422,11811500,0.0,0.0
2022-10-14,77.2300033569336,79.05999755859375,74.83000183105469,75.30000305175781,66.29259490966797,13658500,0.0,0.0
2022-10-17,76.80999755859375,78.23999786376953,76.33000183105469,77.13999938964844,67.9124755859375,11412400,0.0,0.0
2022-10-18,79.80000305175781,80.58999633789062,78.37999725341797,79.44000244140625,69.9373550415039,9767800,0.0,0.0
2022-10-19,79.1500015258789,79.58999633789062,77.37000274658203,77.63999938964844,68.3526840209961,7429600,0.0,0.0
2022-10-20,77.62999725341797,78.54000091552734,76.13999938964844,76.5999984741211,67.43708038330078,7638100,0.0,0.0
2022-10-21,76.61000061035156,79.52999877929688,76.22000122070312,79.22000122070312,69.7436752319336,8149000,0.0,0.0
2022-10-24,79.52999877929688,81.0999984741211,78.56999969482422,79.43000030517578,69.9285659790039,8143300,0.0,0.0
2022-10-25,78.61000061035156,80.66999816894531,78.61000061035156,80.51000213623047,70.87936401367188,8173600,0.0,0.0
2022-10-26,80.5999984741211,82.05000305175781,80.58000183105469,80.91000366210938,71.23153686523438,7733400,0.0,0.0
2022-10-27,82.0,82.4800033569336,80.5999984741211,80.69000244140625,71.03783416748047,6466400,0.0,0.0
2022-10-28,80.2699966430664,82.30000305175781,79.51000213623047,82.22000122070312,73.0867919921875,7816100,0.775,0.0
2022-10-31,81.7699966430664,83.36000061035156,81.69000244140625,82.16999816894531,73.04234313964844,9087400,0.0,0.0
2022-11-01,83.25,83.97000122070312,82.98999786376953,83.72000122070312,74.42015838623047,8195600,0.0,0.0
2022-11-02,83.44999694824219,86.72000122070312,83.41999816894531,84.37000274658203,74.99795532226562,10907500,0.0,0.0
2022-11-03,83.05999755859375,84.62999725341797,82.55000305175781,83.62000274658203,74.33126831054688,6447200,0.0,0.0
2022-11-04,85.1500015258789,85.75,84.0,84.8499984741211,75.42464447021484,6929700,0.0,0.0
2022-11-07,85.5199966430664,86.12999725341797,85.11000061035156,85.56999969482422,76.06465911865234,4599600,0.0,0.0
2022-11-08,85.61000061035156,86.2300033569336,84.51000213623047,85.27999877929688,75.80687713623047,4850300,0.0,0.0
2022-11-09,84.87999725341797,85.33999633789062,83.19000244140625,83.44999694824219,74.18014526367188,5200800,0.0,0.0
2022-11-10,86.69000244140625,88.9800033569336,86.5199966430664,88.80000305175781,78.93586730957031,10013900,0.0,0.0
2022-11-11,89.0,91.69000244140625,89.0,90.77999877929688,80.69591522216797,9119100,0.0,0.0
2022-11-14,90.2699966430664,91.36000061035156,89.79000091552734,89.80999755859375,79.83366394042969,4873400,0.0,0.0
2022-11-15,91.06999969482422,91.86000061035156,89.36000061035156,90.5,80.44701385498047,7336100,0.0,0.0
2022-11-16,90.47000122070312,90.47000122070312,89.05999755859375,89.81999969482422,79.84256744384766,4368600,0.0,0.0
2022-11-17,88.69000244140625,89.12000274658203,87.51000213623047,88.94999694824219,79.06919860839844,4967300,0.0,0.0
2022-11-18,90.2699966430664,90.37000274658203,88.58999633789062,89.19999694824219,79.29142761230469,5450700,0.0,0.0
2022-11-21,89.05999755859375,89.68000030517578,88.56999969482422,89.08000183105469,79.18476867675781,4667100,0.0,0.0
2022-11-22,89.58999633789062,90.19000244140625,89.30000305175781,89.66999816894531,79.70921325683594,3804100,0.0,0.0
2022-11-23,89.72000122070312,90.44999694824219,89.66999816894531,89.93000030517578,79.94033813476562,4961400,0.0,0.0
2022-11-25,89.6500015258789,91.08000183105469,89.47000122070312,90.91000366210938,80.81149291992188,2450100,0.0,0.0
2022-11-28,90.19999694824219,91.0999984741211,89.69999694824219,89.88999938964844,79.90478515625,6147700,0.0,0.0
2022-11-29,89.63999938964844,91.47000122070312,89.5999984741211,91.08000183105469,80.96260833740234,5307100,0.0,0.0
2022-11-30,91.27999877929688,93.25,89.12999725341797,93.06999969482422,82.73155212402344,10520600,0.0,0.0
2022-12-01,93.05999755859375,93.48999786376953,92.04000091552734,93.0,82.6693115234375,7310400,0.0,0.0
2022-12-02,91.86000061035156,92.66000366210938,91.51000213623047,92.0999984741211,81.86930084228516,5197800,0.0,0.0
2022-12-05,91.4800033569336,91.72000122070312,89.08999633789062,89.80999755859375,79.83366394042969,8272500,0.0,0.0
2022-12-06,89.62000274658203,89.76000213623047,86.41000366210938,87.51000213623047,77.7891616821289,10424700,0.0,0.0
2022-12-07,86.81999969482422,88.02999877929688,86.70999908447266,87.27999877929688,77.58470153808594,7066700,0.0,0.0
2022-12-08,87.68000030517578,88.79000091552734,87.0,88.69000244140625,78.83807373046875,6141400,0.0,0.0
2022-12-09,88.68000030517578,89.76000213623047,88.37000274658203,89.47000122070312,79.53143310546875,6488300,0.0,0.0
2022-12-12,89.01000213623047,91.33000183105469,88.27999877929688,91.12000274658203,80.99815368652344,7496200,0.0,0.0
2022-12-13,93.66000366210938,95.16000366210938,92.06999969482422,92.70999908447266,82.4115219116211,10330500,0.0,0.0
2022-12-14,92.51000213623047,92.68000030517578,89.87000274658203,90.5,80.44701385498047,7704600,0.0,0.0
2022-12-15,89.1500015258789,89.19000244140625,86.91999816894531,87.79000091552734,78.03805541992188,8795200,0.0,0.0
2022-12-16,86.52999877929688,86.87000274658203,85.83000183105469,86.86000061035156,77.21136474609375,17262000,0.0,0.0
2022-12-19,86.73999786376953,87.04000091552734,84.95999908447266,85.55000305175781,76.04688262939453,5129600,0.0,0.0
2022-12-20,85.91999816894531,86.44999694824219,85.13999938964844,85.16000366210938,75.7002182006836,5206800,0.0,0.0
2022-12-21,86.41000366210938,87.81999969482422,86.3499984741211,86.87000274658203,77.22025299072266,5422400,0.0,0.0
2022-12-22,86.58000183105469,86.58000183105469,84.7699966430664,86.37000274658203,76.77579498291016,5635200,0.0,0.0
2022-12-23,86.33000183105469,86.58000183105469,85.3499984741211,86.11000061035156,76.544677734375,3316100,0.0,0.0
2022-12-27,86.36000061035156,86.36000061035156,84.94000244140625,85.05999755859375,75.6113052368164,7064700,0.0,0.0
2022-12-28,84.95999908447266,85.20999908447266,84.05999755859375,84.45999908447266,75.07796478271484,3714900,0.0,0.0
2022-12-29,84.95999908447266,85.58999633789062,84.55999755859375,85.23999786376953,75.77132415771484,3461700,0.0,0.0
2022-12-30,84.69999694824219,85.19999694824219,84.18000030517578,85.0199966430664,75.57577514648438,4455600,0.0,0.0
2023-01-03,85.63999938964844,86.5999984741211,84.9800033569336,85.72000122070312,76.19800567626953,5108900,0.0,0.0
2023-01-04,85.55000305175781,87.3499984741211,85.18000030517578,86.6500015258789,77.02470397949219,7726800,0.0,0.0
2023-01-05,85.9000015258789,86.16999816894531,84.83000183105469,85.91999816894531,76.37576293945312,5339900,0.0,0.0
2023-01-06,86.44000244140625,87.95999908447266,85.70999908447266,87.55999755859375,77.8335952758789,5710900,0.0,0.0
2023-01-09,88.25,88.91000366210938,87.41000366210938,87.63999938964844,77.90470123291016,5039700,0.0,0.0
2023-01-10,87.55000305175781,88.93000030517578,86.83999633789062,88.91999816894531,79.04253387451172,4536600,0.0,0.0
2023-01-11,89.37000274658203,89.80999755859375,88.8499984741211,89.43000030517578,79.49588775634766,6122600,0.0,0.0
2023-01-12,90.0199966430664,91.80999755859375,89.3499984741211,90.52999877929688,80.47369384765625,7895600,0.0,0.0
2023-01-13,89.02999877929688,91.9800033569336,88.2699966430664,91.66000366210938,81.47816467285156,8414600,0.0,0.0
2023-01-17,95.9000015258789,99.0999984741211,95.0,97.08000183105469,86.29610443115234,27914300,0.0,0.0
2023-01-18,96.80000305175781,97.94999694824219,96.33999633789062,96.58000183105469,85.85164642333984,14134800,0.0,0.0
2023-01-19,94.61000061035156,94.9800033569336,92.94000244140625,94.1500015258789,83.69158172607422,13457100,0.0,0.0
2023-01-20,94.12999725341797,96.27999877929688,93.87999725341797,96.23999786376953,85.54940032958984,10785000,0.0,0.0
2023-01-23,95.87000274658203,97.22000122070312,95.48999786376953,97.12999725341797,86.34053802490234,8735300,0.0,0.0
2023-01-24,96.27999877929688,96.80999755859375,92.91999816894531,95.51000213623047,84.90050506591797,4801600,0.0,0.0
2023-01-25,94.87999725341797,95.93000030517578,94.44000244140625,95.63999938964844,85.01605987548828,5891000,0.0,0.0
2023-01-26,96.22000122070312,96.54000091552734,95.30999755859375,96.5,85.78053283691406,6085100,0.0,0.0
2023-01-27,96.41000366210938,97.43000030517578,95.70999908447266,96.86000061035156,86.10052490234375,7990800,0.0,0.0
2023-01-30,95.02999877929688,96.61000061035156,94.91999816894531,95.95999908447266,85.98853302001953,5870100,0.775,0.0
2023-01-31,96.29000091552734,97.37000274658203,95.76000213623047,97.33000183105469,87.21617889404297,7182100,0.0,0.0
2023-02-01,96.94999694824219,99.05999755859375,96.93000030517578,98.19000244140625,87.98680877685547,9815200,0.0,0.0
2023-02-02,98.87999725341797,100.2699966430664,97.95999908447266,99.20999908447266,88.90080261230469,11118900,0.0,0.0
2023-02-03,98.23999786376953,100.18000030517578,98.06999969482422,99.43000030517578,89.09796142578125,6948600,0.0,0.0
2023-02-06,98.44999694824219,99.19999694824219,98.06999969482422,98.9000015258789,88.62303924560547,4737700,0.0,0.0
2023-02-07,98.7699966430664,99.81999969482422,98.05000305175781,99.22000122070312,88.9097671508789,5060700,0.0,0.0
2023-02-08,98.31999969482422,99.94000244140625,98.05999755859375,98.95999908447266,88.67679595947266,4705200,0.0,0.0
2023-02-09,99.22000122070312,99.80000305175781,97.7300033569336,98.05000305175781,87.86137390136719,4983800,0.0,0.0
2023-02-10,97.58999633789062,98.5999984741211,97.55999755859375,98.44000244140625,88.21083068847656,5224900,0.0,0.0
2023-02-13,98.45999908447266,99.76000213623047,98.16000366210938,99.43000030517578,89.09796142578125,4910300,0.0,0.0
2023-02-14,99.05000305175781,100.98999786376953,98.97000122070312,100.55999755859375,90.11052703857422,7679500,0.0,0.0
2023-02-15,99.51000213623047,100.95999908447266,99.5,100.83000183105469,90.35249328613281,6464200,0.0,0.0
2023-02-16,99.77999877929688,100.23999786376953,98.80999755859375,99.56999969482422,89.22339630126953,6051800,0.0,0.0
2023-02-17,98.9000015258789,100.0199966430664,98.30000305175781,99.51000213623047,89.16964721679688,8133000,0.0,0.0
2023-02-21,98.45999908447266,99.0,97.18000030517578,97.62000274658203,87.47603607177734,6556000,0.0,0.0
2023-02-22,97.37000274658203,98.06999969482422,96.62000274658203,97.2699966430664,87.16240692138672,5072400,0.0,0.0
2023-02-23,97.87999725341797,98.41999816894531,96.69999694824219,97.94000244140625,87.7627944946289,5916100,0.0,0.0
2023-02-24,97.1500015258789,97.9800033569336,96.61000061035156,97.69999694824219,87.54772186279297,5414200,0.0,0.0
2023-02-27,98.41000366210938,98.4800033569336,96.58000183105469,96.69999694824219,86.65162658691406,5645000,0.0,0.0
2023-02-28,97.12000274658203,97.29000091552734,96.26000213623047,96.5,86.472412109375,6745300,0.0,0.0
2023-03-01,95.95999908447266,96.76000213623047,95.26000213623047,96.19000244140625,86.19462585449219,5429600,0.0,0.0
2023-03-02,95.44999694824219,96.37000274658203,94.4800033569336,96.08000183105469,86.09605407714844,4632400,0.0,0.0
2023-03-03,96.55000305175781,98.44000244140625,96.44999694824219,98.33000183105469,88.11225891113281,6504000,0.0,0.0
2023-03-06,98.44000244140625,99.19999694824219,98.0999984741211,98.37999725341797,88.15705871582031,5215200,0.0,0.0
2023-03-07,98.0,98.26000213623047,95.97000122070312,96.05999755859375,86.0781478881836,5461400,0.0,0.0
2023-03-08,95.63999938964844,96.5,95.36000061035156,95.9000015258789,85.93477630615234,4121300,0.0,0.0
2023-03-09,95.36000061035156,95.94999694824219,91.7699966430664,92.19999694824219,82.61925506591797,9162400,0.0,0.0
2023-03-10,91.7699966430664,93.01000213623047,89.2300033569336,90.05000305175781,80.69266510009766,16206500,0.0,0.0
2023-03-13,88.54000091552734,90.18000030517578,86.6500015258789,87.98999786376953,78.84671020507812,15175400,0.0,0.0
2023-03-14,92.41000366210938,92.41000366210938,89.12000274658203,89.97000122070312,80.62096405029297,11089300,0.0,0.0
2023-03-15,86.93000030517578,87.0199966430664,83.68000030517578,85.38999938964844,76.51689147949219,14814000,0.0,0.0
2023-03-16,84.55000305175781,88.27999877929688,83.27999877929688,87.01000213623047,77.96855926513672,15342400,0.0,0.0
2023-03-17,86.48999786376953,86.5,83.69999694824219,84.18000030517578,75.43262481689453,19935800,0.0,0.0
2023-03-20,84.5999984741211,86.30999755859375,84.37000274658203,85.63999938964844,76.74091339111328,8649800,0.0,0.0
2023-03-21,88.2300033569336,89.18000030517578,88.0,88.76000213623047,79.53669738769531,8905600,0.0,0.0
2023-03-22,88.75,90.08000183105469,87.45999908447266,87.55000305175781,78.45244598388672,7299300,0.0,0.0
2023-03-23,87.94999694824219,88.80000305175781,85.23999786376953,85.83999633789062,76.92012786865234,9373000,0.0,0.0
2023-03-24,84.51000213623047,84.51000213623047,81.72000122070312,83.94999694824219,75.22653198242188,10978700,0.0,0.0
2023-03-27,86.05999755859375,86.31999969482422,84.36000061035156,84.63999938964844,75.84483337402344,6626900,0.0,0.0
2023-03-28,84.55999755859375,85.16999816894531,83.93000030517578,84.87999725341797,76.05988311767578,5209900,0.0,0.0
2023-03-29,85.93000030517578,86.3499984741211,85.3499984741211,86.23999786376953,77.278564453125,4873500,0.0,0.0
2023-03-30,87.26000213623047,87.61000061035156,85.45999908447266,86.11000061035156,77.16207122802734,4113700,0.0,0.0
2023-03-31,86.80000305175781,87.87000274658203,86.16999816894531,87.80000305175781,78.67646026611328,6142400,0.0,0.0
2023-04-03,87.94999694824219,88.31999969482422,86.66999816894531,87.16000366210938,78.10298156738281,7728400,0.0,0.0
2023-04-04,87.0,87.19999694824219,84.26000213623047,84.81999969482422,76.00611877441406,6222800,0.0,0.0
2023-04-05,83.83000183105469,84.52999877929688,83.19999694824219,83.81999969482422,75.11002349853516,6045400,0.0,0.0
2023-04-06,83.9000015258789,84.4000015258789,83.20999908447266,84.19000244140625,75.44158172607422,3877800,0.0,0.0
2023-04-10,83.94999694824219,84.36000061035156,83.43000030517578,84.0,75.27132415771484,6185800,0.0,0.0
2023-04-11,84.29000091552734,85.76000213623047,84.12999725341797,85.08999633789062,76.24806213378906,5582100,0.0,0.0
2023-04-12,85.51000213623047,86.0199966430664,84.79000091552734,85.47000122070312,76.58857727050781,4641800,0.0,0.0
2023-04-13,85.38999938964844,85.77999877929688,84.44000244140625,85.69000244140625,76.78572082519531,5086000,0.0,0.0
2023-04-14,86.43000030517578,87.4000015258789,86.0,86.70999908447266,77.69972229003906,7865900,0.0,0.0
2023-04-17,86.66000366210938,89.30999755859375,86.2699966430664,89.29000091552734,80.01163482666016,8876900,0.0,0.0
2023-04-18,89.12999725341797,90.54000091552734,88.73999786376953,89.8499984741211,80.51344299316406,10227600,0.0,0.0
2023-04-19,87.13999938964844,90.69999694824219,86.5,90.44999694824219,81.05107879638672,13886200,0.0,0.0
2023-04-20,89.8499984741211,91.81999969482422,89.72000122070312,90.43000030517578,81.03316497802734,6776000,0.0,0.0
2023-04-21,90.4800033569336,91.33999633789062,89.16999816894531,91.12000274658203,81.65147399902344,6531000,0.0,0.0
2023-04-24,91.2300033569336,91.4800033569336,89.55000305175781,90.19999694824219,80.82707214355469,5004400,0.0,0.0
2023-04-25,89.63999938964844,89.83000183105469,87.88999938964844,88.05999755859375,78.90943145751953,5806700,0.0,0.0
2023-04-26,88.1500015258789,89.79000091552734,87.91000366210938,88.44000244140625,79.24995422363281,6429100,0.0,0.0
2023-04-27,89.41000366210938,90.95999908447266,88.88999938964844,90.26000213623047,80.88084411621094,6375800,0.0,0.0
2023-04-28,89.44999694824219,90.33000183105469,89.16000366210938,89.97000122070312,81.31919860839844,6374500,0.775,0.0
2023-05-01,90.19000244140625,90.5199966430664,87.83000183105469,87.93000030517578,79.47535705566406,7745400,0.0,0.0
2023-05-02,87.56999969482422,87.56999969482422,85.33000183105469,86.29000091552734,77.9930419921875,6319100,0.0,0.0
2023-05-03,86.4000015258789,87.18000030517578,84.56999969482422,84.75,76.60111999511719,6546500,0.0,0.0
2023-05-04,84.16999816894531,84.44999694824219,81.61000061035156,82.61000061035156,74.66687774658203,10359200,0.0,0.0
2023-05-05,83.79000091552734,85.0199966430664,83.62000274658203,84.87999725341797,76.71861267089844,8288000,0.0,0.0
2023-05-08,85.4800033569336,85.56999969482422,84.31999969482422,84.43000030517578,76.31187438964844,5825300,0.0,0.0
2023-05-09,84.0,84.91000366210938,83.69999694824219,84.37000274658203,76.25765228271484,4381400,0.0,0.0
2023-05-10,85.06999969482422,85.22000122070312,82.80000305175781,83.72000122070312,75.67013549804688,4884900,0.0,0.0
2023-05-11,82.77999877929688,82.81999969482422,81.62000274658203,82.62999725341797,74.68495178222656,6717800,0.0,0.0
2023-05-12,83.0,83.2699966430664,81.66999816894531,82.38999938964844,74.46803283691406,5208900,0.0,0.0
2023-05-15,82.66999816894531,83.37999725341797,82.25,82.94999694824219,74.97417449951172,5032100,0.0,0.0
2023-05-16,82.72000122070312,83.06999969482422,81.80999755859375,81.86000061035156,73.98898315429688,6862900,0.0,0.0
2023-05-17,82.54000091552734,83.91999816894531,82.5,83.91000366210938,75.84187316894531,8216700,0.0,0.0
2023-05-18,83.69999694824219,84.55000305175781,83.0199966430664,84.48999786376953,76.3661117553711,5367700,0.0,0.0
2023-05-19,83.79000091552734,84.41999816894531,82.2300033569336,82.23999786376953,74.33246612548828,11183600,0.0,0.0
2023-05-22,82.25,83.16000366210938,81.91000366210938,82.2699966430664,74.35956573486328,5520000,0.0,0.0
2023-05-23,82.0,83.56999969482422,81.88999938964844,82.63999938964844,74.69400024414062,5521200,0.0,0.0
2023-05-24,82.01000213623047,82.2300033569336,80.73999786376953,81.22000122070312,73.41053771972656,6827800,0.0,0.0
2023-05-25,81.20999908447266,83.12999725341797,80.9800033569336,83.0,75.01937103271484,6962700,0.0,0.0
2023-05-26,82.97000122070312,84.63999938964844,82.83000183105469,83.9000015258789,75.83284759521484,7411600,0.0,0.0
2023-05-30,84.16000366210938,84.56999969482422,83.11000061035156,83.41999816894531,75.39898681640625,5876800,0.0,0.0
2023-05-31,83.05999755859375,83.27999877929688,81.12999725341797,81.76000213623047,73.89860534667969,9559200,0.0,0.0
2023-06-01,82.58000183105469,82.83999633789062,81.47000122070312,82.06999969482422,74.17880249023438,6857500,0.0,0.0
2023-06-02,82.94000244140625,84.68000030517578,82.94000244140625,84.3499984741211,76.23957824707031,6218500,0.0,0.0
2023-06-05,84.4000015258789,84.7300033569336,83.22000122070312,83.73999786376953,75.68821716308594,6631900,0.0,0.0
2023-06-06,83.5999984741211,86.2300033569336,83.2699966430664,85.86000061035156,77.60438537597656,6903900,0.0,0.0
2023-06-07,86.05000305175781,87.01000213623047,85.77999877929688,86.5,78.18284606933594,7410800,0.0,0.0
2023-06-08,86.4000015258789,86.91000366210938,85.18000030517578,86.30999755859375,78.01111602783203,6795900,0.0,0.0
2023-06-09,86.73999786376953,86.95999908447266,85.66000366210938,86.20999908447266,77.92073059082031,6282600,0.0,0.0
2023-06-12,86.19999694824219,87.63999938964844,86.01000213623047,87.44000244140625,79.03246307373047,7053500,0.0,0.0
2023-06-13,87.83999633789062,88.9800033569336,87.58999633789062,88.27999877929688,79.79169464111328,6089200,0.0,0.0
2023-06-14,88.5999984741211,89.48999786376953,87.63999938964844,87.9800033569336,79.52054595947266,5772500,0.0,0.0
2023-06-15,87.62999725341797,89.33000183105469,87.4000015258789,89.05000305175781,80.48766326904297,8603200,0.0,0.0
2023-06-16,89.62000274658203,89.6500015258789,87.94000244140625,88.08999633789062,79.61996459960938,13153100,0.0,0.0
2023-06-20,87.0999984741211,87.20999908447266,86.25,86.7300033569336,78.3907241821289,7382000,0.0,0.0
2023-06-21,86.55999755859375,87.27999877929688,86.30000305175781,86.33999633789062,78.0382308959961,6343100,0.0,0.0
2023-06-22,85.5199966430664,85.62999725341797,84.36000061035156,84.5,76.37516021728516,6214600,0.0,0.0
2023-06-23,83.26000213623047,83.91999816894531,82.5999984741211,83.58000183105469,75.54361724853516,10026600,0.0,0.0
2023-06-26,83.55999755859375,84.23999786376953,83.25,83.58999633789062,75.55264282226562,6377400,0.0,0.0
2023-06-27,83.91000366210938,84.87000274658203,83.37999725341797,84.43000030517578,76.31187438964844,6639900,0.0,0.0
2023-06-28,84.54000091552734,84.55999755859375,83.63999938964844,83.98999786376953,75.91417694091797,4781600,0.0,0.0
2023-06-29,85.33999633789062,86.05999755859375,84.62999725341797,85.23999786376953,77.04400634765625,9066500,0.0,0.0
2023-06-30,86.0199966430664,86.48999786376953,85.4000015258789,85.4000015258789,77.18860626220703,6191700,0.0,0.0
2023-07-03,86.33999633789062,87.66000366210938,85.83999633789062,86.41000366210938,78.10150146484375,5839300,0.0,0.0
2023-07-05,85.94999694824219,86.27999877929688,85.3499984741211,85.91999816894531,77.65859985351562,6734300,0.0,0.0
2023-07-06,84.8499984741211,84.91999816894531,83.0199966430664,83.33000183105469,75.3176498413086,8546800,0.0,0.0
2023-07-07,83.01000213623047,84.04000091552734,82.9000015258789,83.36000061035156,75.34476470947266,8217700,0.0,0.0
2023-07-10,83.41999816894531,84.38999938964844,83.18000030517578,83.4000015258789,75.38089752197266,6141200,0.0,0.0
2023-07-11,83.9000015258789,85.43000030517578,83.62000274658203,84.95999908447266,76.7909164428711,11053100,0.0,0.0
2023-07-12,86.68000030517578,87.70999908447266,85.5999984741211,85.7699966430664,77.5230484008789,8602300,0.0,0.0
2023-07-13,86.2300033569336,86.63999938964844,85.73999786376953,86.20999908447266,77.92073059082031,6026500,0.0,0.0
2023-07-14,87.41000366210938,87.41999816894531,85.55999755859375,85.77999877929688,77.53207397460938,7732700,0.0,0.0
2023-07-17,85.68000030517578,86.9000015258789,85.68000030517578,86.37000274658203,78.06533813476562,7911800,0.0,0.0
2023-07-18,87.54000091552734,92.55999755859375,87.0999984741211,91.94000244140625,83.09980010986328,21630800,0.0,0.0
2023-07-19,91.43000030517578,93.86000061035156,91.33000183105469,93.16000366210938,84.20247650146484,12004300,0.0,0.0
2023-07-20,93.11000061035156,94.13999938964844,92.86000061035156,93.80000305175781,84.78093719482422,9541800,0.0,0.0
2023-07-21,94.2699966430664,94.4000015258789,93.05999755859375,94.01000213623047,84.97073364257812,6298600,0.0,0.0
2023-07-24,94.01000213623047,95.4000015258789,93.69999694824219,94.66999816894531,85.56727600097656,7259800,0.0,0.0
2023-07-25,94.69999694824219,95.56999969482422,94.41000366210938,94.41999816894531,85.34131622314453,7760100,0.0,0.0
2023-07-26,94.4000015258789,95.1500015258789,93.29000091552734,93.54000091552734,84.54593658447266,7201100,0.0,0.0
2023-07-27,93.6500015258789,94.70999908447266,92.55000305175781,92.75,83.8318862915039,8427800,0.0,0.0
2023-07-28,92.45999908447266,92.5999984741211,91.08999633789062,91.56999969482422,83.53086853027344,5798400,0.85,0.0
2023-07-31,91.9000015258789,92.19999694824219,91.04000091552734,91.55999755859375,83.52173614501953,5242900,0.0,0.0
2023-08-01,91.19999694824219,91.43000030517578,90.62999725341797,90.94000244140625,82.95616149902344,4468500,0.0,0.0
2023-08-02,89.5199966430664,90.13999938964844,88.79000091552734,89.31999969482422,81.4784164428711,6407400,0.0,0.0
2023-08-03,88.83999633789062,89.5199966430664,88.51000213623047,89.13999938964844,81.31420135498047,5137700,0.0,0.0
2023-08-04,89.3499984741211,90.05000305175781,88.5199966430664,88.79000091552734,80.99492645263672,6191700,0.0,0.0
2023-08-07,89.44999694824219,89.70999908447266,88.9800033569336,89.08000183105469,81.25946807861328,4663300,0.0,0.0
2023-08-08,87.8499984741211,88.5199966430664,86.26000213623047,88.47000122070312,80.70301818847656,6921200,0.0,0.0
2023-08-09,88.47000122070312,89.01000213623047,87.47000122070312,87.55999755859375,79.87290954589844,5200500,0.0,0.0
2023-08-10,87.91000366210938,88.93000030517578,87.31999969482422,87.63999938964844,79.94588470458984,4250100,0.0,0.0
2023-08-11,87.05999755859375,88.19999694824219,87.0199966430664,87.69999694824219,80.0006103515625,3922300,0.0,0.0
2023-08-14,86.95999908447266,87.4000015258789,86.5199966430664,87.33000183105469,79.6631088256836,3637500,0.0,0.0
2023-08-15,86.41000366210938,86.47000122070312,85.72000122070312,86.16000366210938,78.5958251953125,9308700,0.0,0.0
2023-08-16,85.73999786376953,86.79000091552734,85.58999633789062,85.98999786376953,78.44075012207031,5746300,0.0,0.0
2023-08-17,86.5999984741211,86.9000015258789,85.19999694824219,85.79000091552734,78.25830078125,7611200,0.0,0.0
2023-08-18,84.95999908447266,86.30000305175781,84.70999908447266,84.88999938964844,77.43730926513672,6650000,0.0,0.0
2023-08-21,85.0199966430664,85.30999755859375,83.66000366210938,84.25,76.85352325439453,5385300,0.0,0.0
2023-08-22,84.70999908447266,84.7699966430664,82.83999633789062,82.9800033569336,75.69501495361328,6002300,0.0,0.0
2023-08-23,83.0,83.72000122070312,82.87999725341797,83.38999938964844,76.06900024414062,5878600,0.0,0.0
2023-08-24,83.16999816894531,84.75,83.0999984741211,83.44000244140625,76.11460876464844,5023000,0.0,0.0
2023-08-25,83.69000244140625,84.1500015258789,82.73999786376953,83.22000122070312,75.91392517089844,5461400,0.0,0.0
2023-08-28,83.80000305175781,84.87000274658203,83.7699966430664,84.37999725341797,76.97209167480469,6439700,0.0,0.0
2023-08-29,84.41000366210938,85.58999633789062,84.31999969482422,85.55000305175781,78.03937530517578,6212300,0.0,0.0
2023-08-30,85.62000274658203,86.0,85.02999877929688,85.26000213623047,77.77484130859375,5051800,0.0,0.0
2023-08-31,85.66999816894531,85.66999816894531,84.76000213623047,85.1500015258789,77.67448425292969,5581200,0.0,0.0
2023-09-01,86.0,86.44999694824219,85.29000091552734,85.75,78.2218017578125,4981800,0.0,0.0
2023-09-05,85.83999633789062,86.2699966430664,84.80999755859375,84.83999633789062,77.3917007446289,4919400,0.0,0.0
2023-09-06,84.27999877929688,84.75,83.3499984741211,84.16000366210938,76.77141571044922,5384000,0.0,0.0
2023-09-07,83.98999786376953,84.87000274658203,83.77999877929688,83.83999633789062,76.47948455810547,5504200,0.0,0.0
2023-09-08,84.1500015258789,84.94999694824219,83.66000366210938,84.91999816894531,77.46469116210938,6127600,0.0,0.0
2023-09-11,85.37999725341797,85.66999816894531,83.3499984741211,83.51000213623047,76.17847442626953,7780900,0.0,0.0
2023-09-12,83.33999633789062,86.52999877929688,83.2300033569336,85.55000305175781,78.03937530517578,8942600,0.0,0.0
2023-09-13,86.1500015258789,87.80000305175781,86.1500015258789,87.25,79.59011840820312,10617400,0.0,0.0
2023-09-14,88.08000183105469,89.11000061035156,87.91999816894531,89.06999969482422,81.25035095214844,8109600,0.0,0.0
2023-09-15,88.19000244140625,88.7300033569336,87.94000244140625,88.41000366210938,80.64830017089844,17629500,0.0,0.0
2023-09-18,88.56999969482422,89.05000305175781,87.55000305175781,88.70999908447266,80.92195129394531,5501900,0.0,0.0
2023-09-19,88.77999877929688,89.47000122070312,87.94000244140625,88.51000213623047,80.73951721191406,5769000,0.0,0.0
2023-09-20,88.83000183105469,89.1500015258789,87.05999755859375,87.13999938964844,79.48978424072266,5268200,0.0,0.0
2023-09-21,86.33999633789062,86.51000213623047,84.83000183105469,84.87999725341797,77.42819213867188,6933900,0.0,0.0
2023-09-22,85.2300033569336,85.2300033569336,83.01000213623047,83.29000091552734,75.977783203125,7420600,0.0,0.0
2023-09-25,82.62999725341797,83.27999877929688,82.30000305175781,83.02999877929688,75.74061584472656,4748800,0.0,0.0
2023-09-26,82.08000183105469,82.7699966430664,81.72000122070312,82.16999816894531,74.95610046386719,5557000,0.0,0.0
2023-09-27,82.41000366210938,82.61000061035156,81.08999633789062,81.6500015258789,74.48177337646484,5708200,0.0,0.0
2023-09-28,81.4800033569336,82.55000305175781,81.44999694824219,82.19000244140625,74.974365234375,5665400,0.0,0.0
2023-09-29,83.01000213623047,83.08999633789062,81.02999877929688,81.66999816894531,74.50000762939453,6830500,0.0,0.0
2023-10-02,81.0999984741211,81.47000122070312,79.9000015258789,80.41000366210938,73.35063171386719,6722200,0.0,0.0
2023-10-03,79.58000183105469,79.83999633789062,77.83000183105469,78.0199966430664,71.17045593261719,7526800,0.0,0.0
2023-10-04,78.0999984741211,79.29000091552734,77.61000061035156,79.08999633789062,72.14651489257812,6848700,0.0,0.0
2023-10-05,78.4800033569336,79.54000091552734,78.0199966430664,79.1500015258789,72.20124053955078,5589300,0.0,0.0
2023-10-06,78.72000122070312,80.79000091552734,78.4000015258789,80.33000183105469,73.27764892578125,6306400,0.0,0.0
2023-10-09,79.5999984741211,80.08000183105469,78.93000030517578,79.91000366210938,72.8945083618164,5125000,0.0,0.0
2023-10-10,80.25,81.11000061035156,80.0199966430664,80.12999725341797,73.09519958496094,6245400,0.0,0.0
2023-10-11,79.91000366210938,80.20999908447266,78.70999908447266,78.9000015258789,71.97319030761719,8928700,0.0,0.0
2023-10-12,78.87000274658203,78.87000274658203,77.29000091552734,77.80999755859375,70.97888946533203,11654600,0.0,0.0
2023-10-13,78.19999694824219,79.2300033569336,77.33999633789062,77.79000091552734,70.96063995361328,6442800,0.0,0.0
2023-10-16,78.79000091552734,79.18000030517578,77.87000274658203,78.7300033569336,71.81813049316406,7901500,0.0,0.0
2023-10-17,77.98999786376953,80.62999725341797,77.9800033569336,80.33000183105469,73.27764892578125,12324800,0.0,0.0
2023-10-18,76.43000030517578,77.06999969482422,73.4000015258789,74.87999725341797,68.30611419677734,34732300,0.0,0.0
2023-10-19,74.87000274658203,76.45999908447266,72.88999938964844,72.91999816894531,66.5181884765625,17486100,0.0,0.0
2023-10-20,73.12000274658203,74.0,72.3499984741211,73.12999725341797,66.70974731445312,11270600,0.0,0.0
2023-10-23,72.7300033569336,72.87000274658203,71.23999786376953,71.69999694824219,65.40530395507812,12847100,0.0,0.0
2023-10-24,71.75,72.0999984741211,71.08000183105469,71.55999755859375,65.27758026123047,9265500,0.0,0.0
2023-10-25,71.25,71.9000015258789,71.12999725341797,71.4000015258789,65.13165283203125,8461700,0.0,0.0
2023-10-26,71.47000122070312,72.69000244140625,71.4000015258789,72.06999969482422,65.74281311035156,10903200,0.0,0.0
2023-10-27,71.91000366210938,72.01000213623047,70.19000244140625,70.4000015258789,64.21942901611328,11099100,0.0,0.0
2023-10-30,70.05000305175781,70.88999938964844,69.41999816894531,70.58999633789062,65.1797103881836,9769600,0.85,0.0
2023-10-31,70.7699966430664,71.0199966430664,70.2699966430664,70.81999969482422,65.39208984375,8949000,0.0,0.0
2023-11-01,71.16999816894531,71.91000366210938,70.69999694824219,70.94999694824219,65.51213073730469,9429000,0.0,0.0
2023-11-02,71.68000030517578,73.52999877929688,71.6500015258789,73.45999908447266,67.82974243164062,11638000,0.0,0.0
2023-11-03,74.58999633789062,76.68000030517578,74.54000091552734,76.26000213623047,70.41515350341797,14951100,0.0,0.0
2023-11-06,76.68000030517578,76.76000213623047,75.36000061035156,75.91999816894531,70.10120391845703,8140300,0.0,0.0
2023-11-07,75.86000061035156,76.16999816894531,74.93000030517578,75.51000213623047,69.7226333618164,7657700,0.0,0.0
2023-11-08,75.44999694824219,76.19000244140625,75.05999755859375,75.97000122070312,70.14737701416016,8075200,0.0,0.0
2023-11-09,75.68000030517578,76.06999969482422,73.95999908447266,74.19000244140625,68.50379180908203,9497200,0.0,0.0
2023-11-10,74.66000366210938,75.38999938964844,74.05000305175781,75.33000183105469,69.55643463134766,8924000,0.0,0.0
2023-11-13,74.75,75.5199966430664,74.55000305175781,75.04000091552734,69.28865051269531,4868400,0.0,0.0
2023-11-14,76.68000030517578,78.95999908447266,76.66999816894531,78.30999755859375,72.30802917480469,12287700,0.0,0.0
2023-11-15,78.56999969482422,80.04000091552734,78.5,79.68000030517578,73.57302856445312,9841600,0.0,0.0
2023-11-16,79.9800033569336,80.27999877929688,79.04000091552734,79.66000366210938,73.5545654296875,6757600,0.0,0.0
2023-11-17,80.33000183105469,80.44000244140625,79.94000244140625,80.27999877929688,74.12703704833984,6080700,0.0,0.0
2023-11-20,80.02999877929688,80.19999694824219,79.33999633789062,79.69999694824219,73.59147644042969,7644600,0.0,0.0
2023-11-21,79.06999969482422,79.33999633789062,78.22000122070312,78.47000122070312,72.45576477050781,7394800,0.0,0.0
2023-11-22,78.79000091552734,78.87000274658203,78.20999908447266,78.48999786376953,72.47423553466797,4265400,0.0,0.0
2023-11-24,78.26000213623047,78.91000366210938,78.05000305175781,78.6500015258789,72.6219711303711,2398000,0.0,0.0
2023-11-27,78.2699966430664,78.3499984741211,77.58999633789062,77.94999694824219,71.97561645507812,5237800,0.0,0.0
2023-11-28,77.36000061035156,77.44999694824219,76.33000183105469,76.87999725341797,70.98763275146484,9197900,0.0,0.0
2023-11-29,77.4800033569336,79.52999877929688,77.33999633789062,78.55000305175781,72.52962493896484,7420700,0.0,0.0
2023-11-30,78.7699966430664,79.4800033569336,78.20999908447266,79.33999633789062,73.25908660888672,8480500,0.0,0.0
2023-12-01,79.08000183105469,80.9800033569336,78.73999786376953,80.88999938964844,74.69027709960938,9617100,0.0,0.0
2023-12-04,80.1500015258789,81.4800033569336,80.05999755859375,81.20999908447266,74.98575592041016,6713800,0.0,0.0
2023-12-05,80.68000030517578,80.83999633789062,79.58999633789062,80.16999816894531,74.02547454833984,6103200,0.0,0.0
2023-12-06,80.77999877929688,81.76000213623047,79.33000183105469,79.41000366210938,73.3237075805664,7321800,0.0,0.0
2023-12-07,79.76000213623047,80.56999969482422,79.62000274658203,80.3499984741211,74.19166564941406,5430400,0.0,0.0
2023-12-08,80.27999877929688,82.66000366210938,80.1500015258789,82.27999877929688,75.9737548828125,10343400,0.0,0.0
2023-12-11,82.37000274658203,82.83999633789062,81.95999908447266,82.81999969482422,76.47237396240234,6378100,0.0,0.0
2023-12-12,82.94000244140625,83.66000366210938,82.56999969482422,83.5999984741211,77.19258117675781,7395300,0.0,0.0
2023-12-13,83.47000122070312,86.11000061035156,83.30000305175781,85.62999725341797,79.06698608398438,10144600,0.0,0.0
2023-12-14,87.2300033569336,92.0,87.20999908447266,91.04000091552734,84.06234741210938,19849500,0.0,0.0
2023-12-15,91.0,91.83999633789062,90.26000213623047,91.58000183105469,84.56095886230469,16905700,0.0,0.0
2023-12-18,91.66000366210938,91.66999816894531,90.61000061035156,90.76000213623047,83.8038101196289,9145500,0.0,0.0
2023-12-19,90.91999816894531,92.36000061035156,90.69999694824219,91.91999816894531,84.8749008178711,8114900,0.0,0.0
2023-12-20,91.45999908447266,92.30999755859375,90.93000030517578,91.13999938964844,84.15467071533203,10467000,0.0,0.0
2023-12-21,92.13999938964844,92.66000366210938,91.63999938964844,92.62999725341797,85.53047180175781,7748000,0.0,0.0
2023-12-22,92.9000015258789,93.66000366210938,92.2300033569336,92.41000366210938,85.32736206054688,5800800,0.0,0.0
2023-12-26,92.61000061035156,93.0199966430664,92.37000274658203,92.83999633789062,85.72439575195312,2726200,0.0,0.0
2023-12-27,92.69000244140625,93.69000244140625,92.4000015258789,93.66000366210938,86.48155212402344,4073200,0.0,0.0
2023-12-28,93.30999755859375,93.94999694824219,93.23999786376953,93.63999938964844,86.46308135986328,4089500,0.0,0.0
2023-12-29,93.48999786376953,93.7699966430664,93.05999755859375,93.25,86.10297393798828,4772100,0.0,0.0
2024-01-02,92.66000366210938,94.1500015258789,92.2699966430664,93.9000015258789,86.7031478881836,6132200,0.0,0.0
2024-01-03,93.19999694824219,93.19999694824219,91.2699966430664,91.91000366210938,84.86567687988281,7487900,0.0,0.0
2024-01-04,92.1500015258789,93.13999938964844,91.66000366210938,92.1500015258789,85.08728790283203,8735600,0.0,0.0
2024-01-05,92.20999908447266,93.93000030517578,92.05999755859375,93.23999786376953,86.09374237060547,6027800,0.0,0.0
2024-01-08,93.20999908447266,93.83000183105469,92.27999877929688,93.51000213623047,86.34304809570312,6738400,0.0,0.0
2024-01-09,92.75,92.83999633789062,91.66000366210938,92.05999755859375,85.0041732788086,7594100,0.0,0.0
2024-01-10,91.52999877929688,91.97000122070312,91.29000091552734,91.4800033569336,84.46863555908203,6929200,0.0,0.0
2024-01-11,90.94999694824219,90.94999694824219,89.54000091552734,90.51000213623047,83.5729751586914,9400700,0.0,0.0
2024-01-12,91.27999877929688,91.9000015258789,89.43000030517578,89.69999694824219,82.8250503540039,8303100,0.0,0.0
2024-01-16,86.73999786376953,88.16000366210938,84.80000305175781,85.97000122070312,79.38093566894531,20369000,0.0,0.0
2024-01-17,84.8499984741211,85.13999938964844,83.9000015258789,84.41000366210938,77.94049072265625,17198500,0.0,0.0
2024-01-18,84.83000183105469,84.9800033569336,83.27999877929688,83.9000015258789,77.4695816040039,15016400,0.0,0.0
2024-01-19,83.91000366210938,85.58999633789062,83.19999694824219,85.33999633789062,78.7992172241211,14787400,0.0,0.0
2024-01-22,85.45999908447266,86.7699966430664,85.44000244140625,85.7300033569336,79.15933990478516,11626500,0.0,0.0
2024-01-23,85.66999816894531,86.8499984741211,85.19000244140625,86.73999786376953,80.09190368652344,8555700,0.0,0.0
2024-01-24,87.31999969482422,88.30000305175781,87.19999694824219,87.56999969482422,80.85830688476562,12480900,0.0,0.0
2024-01-25,88.13999938964844,88.41999816894531,87.33000183105469,88.0199966430664,81.27379608154297,8792400,0.0,0.0
2024-01-26,87.87999725341797,88.5,87.6500015258789,87.7300033569336,81.00604248046875,6384400,0.0,0.0
2024-01-29,87.4000015258789,87.94999694824219,85.72000122070312,87.62000274658203,80.90448760986328,7440300,0.0,0.0
2024-01-30,86.9800033569336,88.06999969482422,86.7699966430664,87.62000274658203,81.69702911376953,6569300,0.85,0.0
2024-01-31,87.70999908447266,88.75,87.2300033569336,87.23999786376953,81.34270477294922,8414700,0.0,0.0
2024-02-01,87.19000244140625,88.16999816894531,85.63999938964844,86.81999969482422,80.95109558105469,8365000,0.0,0.0
2024-02-02,86.47000122070312,87.66999816894531,86.0,87.2699966430664,81.37066650390625,7728600,0.0,0.0
2024-02-05,86.58000183105469,86.58000183105469,85.08999633789062,85.88999938964844,80.0839614868164,7788700,0.0,0.0
2024-02-06,85.62000274658203,86.55000305175781,85.62000274658203,86.0999984741211,80.2797622680664,7335500,0.0,0.0
2024-02-07,86.26000213623047,86.38999938964844,85.2699966430664,86.0,80.1865234375,4952200,0.0,0.0
2024-02-08,85.68000030517578,86.2300033569336,85.16000366210938,85.6500015258789,79.86017608642578,6218200,0.0,0.0
2024-02-09,85.69000244140625,86.02999877929688,85.31999969482422,85.88999938964844,80.0839614868164,5664500,0.0,0.0
2024-02-12,85.86000061035156,87.63999938964844,85.63999938964844,86.87000274658203,80.99771118164062,7888000,0.0,0.0
2024-02-13,85.86000061035156,85.86000061035156,83.08999633789062,83.97000122070312,78.29375457763672,11339400,0.0,0.0
2024-02-14,84.54000091552734,84.95999908447266,83.69000244140625,84.0,78.32172393798828,5973700,0.0,0.0
2024-02-15,84.44999694824219,86.2300033569336,84.41000366210938,85.66999816894531,79.87882995605469,7993500,0.0,0.0
2024-02-16,85.5199966430664,86.79000091552734,85.06999969482422,86.5,80.65271759033203,9673900,0.0,0.0
2024-02-20,85.94000244140625,86.48999786376953,85.0999984741211,85.3499984741211,79.58045959472656,6626400,0.0,0.0
2024-02-21,85.01000213623047,85.4800033569336,84.52999877929688,85.45999908447266,79.68302917480469,6444000,0.0,0.0
2024-02-22,85.94999694824219,86.73999786376953,85.5999984741211,85.8499984741211,80.0466537475586,6782100,0.0,0.0
2024-02-23,86.06999969482422,87.25,85.95999908447266,86.55000305175781,80.69935607910156,5810100,0.0,0.0
2024-02-26,86.5,87.33999633789062,85.55999755859375,85.66999816894531,79.87882995605469,5608100,0.0,0.0
2024-02-27,85.97000122070312,86.44999694824219,85.12000274658203,85.48999786376953,79.71099853515625,8066700,0.0,0.0
2024-02-28,85.43000030517578,86.08999633789062,85.27999877929688,86.05000305175781,80.233154296875,5624100,0.0,0.0
2024-02-29,86.48999786376953,86.63999938964844,85.3499984741211,86.04000091552734,80.22383117675781,7657100,0.0,0.0
2024-03-01,86.22000122070312,86.79000091552734,85.11000061035156,86.4800033569336,80.63409423828125,5523700,0.0,0.0
2024-03-04,87.87999725341797,91.23999786376953,87.55000305175781,90.04000091552734,83.95343017578125,19876000,0.0,0.0
2024-03-05,89.19000244140625,91.13999938964844,88.62000274658203,89.12999725341797,83.10494232177734,13883600,0.0,0.0
2024-03-06,86.7699966430664,87.94999694824219,84.43000030517578,85.66000366210938,79.86951446533203,25614600,0.0,0.0
2024-03-07,86.08000183105469,87.12000274658203,85.63999938964844,86.13999938964844,80.31705474853516,9145700,0.0,0.0
2024-03-08,86.62000274658203,88.31999969482422,86.41999816894531,87.04000091552734,81.15624237060547,9689300,0.0,0.0
2024-03-11,86.81999969482422,87.25,85.83999633789062,86.94000244140625,81.06298065185547,4737200,0.0,0.0
2024-03-12,87.23999786376953,87.76000213623047,86.5999984741211,87.05000305175781,81.1655502319336,5110900,0.0,0.0
2024-03-13,87.44999694824219,90.23999786376953,87.25,89.3499984741211,83.31007385253906,10345800,0.0,0.0
2024-03-14,89.0,89.4000015258789,88.26000213623047,89.0999984741211,83.07696533203125,9235300,0.0,0.0
2024-03-15,88.4800033569336,89.3499984741211,88.16999816894531,88.37999725341797,82.4056396484375,20363000,0.0,0.0
2024-03-18,88.36000061035156,88.69999694824219,87.69999694824219,87.95999908447266,82.01403045654297,5960000,0.0,0.0
2024-03-19,88.0,89.08999633789062,87.86000061035156,88.41999816894531,82.44293212890625,8546400,0.0,0.0
2024-03-20,88.05000305175781,91.4800033569336,87.91000366210938,91.3499984741211,85.17487335205078,10811700,0.0,0.0
2024-03-21,91.95999908447266,94.36000061035156,91.95999908447266,93.4000015258789,87.08628845214844,13659900,0.0,0.0
2024-03-22,93.5199966430664,93.86000061035156,91.73999786376953,91.94999694824219,85.73431396484375,5909300,0.0,0.0
2024-03-25,91.7699966430664,92.55000305175781,90.98999786376953,91.13999938964844,84.97904968261719,3670400,0.0,0.0
2024-03-26,91.41999816894531,91.91000366210938,90.94000244140625,91.27999877929688,85.10960388183594,4211900,0.0,0.0
2024-03-27,92.02999877929688,93.54000091552734,91.91000366210938,93.5,87.17953491210938,6394500,0.0,0.0
2024-03-28,93.75,94.7300033569336,93.44999694824219,94.16000366210938,87.794921875,6707700,0.0,0.0
2024-04-01,94.16000366210938,94.44000244140625,93.16999816894531,93.52999877929688,87.20750427246094,3416000,0.0,0.0
2024-04-02,92.9000015258789,93.7699966430664,92.54000091552734,92.70999908447266,86.44293975830078,5245400,0.0,0.0
2024-04-03,92.94999694824219,94.30000305175781,92.75,93.0,86.71333312988281,4821100,0.0,0.0
2024-04-04,94.19999694824219,94.73999786376953,91.86000061035156,92.27999877929688,86.04199981689453,5466100,0.0,0.0
2024-04-05,92.25,93.29000091552734,91.61000061035156,92.47000122070312,86.21916198730469,4654800,0.0,0.0
2024-04-08,93.0,93.4000015258789,92.19999694824219,93.20999908447266,86.90912628173828,4601900,0.0,0.0
2024-04-09,93.61000061035156,94.13999938964844,92.83000183105469,94.08000183105469,87.72032928466797,4951600,0.0,0.0
2024-04-10,92.2699966430664,92.88999938964844,91.18000030517578,91.6500015258789,85.45458984375,5994200,0.0,0.0
2024-04-11,91.72000122070312,91.80000305175781,85.01000213623047,86.83999633789062,80.96973419189453,24631800,0.0,0.0
2024-04-12,85.80000305175781,86.80999755859375,85.12000274658203,86.19000244140625,80.36368560791016,12789800,0.0,0.0
2024-04-15,87.80000305175781,89.12999725341797,85.48999786376953,86.98999786376953,81.1095962524414,9553900,0.0,0.0
2024-04-16,90.70999908447266,91.0999984741211,88.0,89.13999938964844,83.1142578125,18291600,0.0,0.0
2024-04-17,90.12999725341797,91.44000244140625,89.66999816894531,90.08000183105469,83.99071502685547,9544600,0.0,0.0
2024-04-18,90.66000366210938,91.11000061035156,89.73999786376953,90.26000213623047,84.1585693359375,6752000,0.0,0.0
2024-04-19,90.36000061035156,91.62000274658203,90.36000061035156,90.66000366210938,84.53153228759766,8143000,0.0,0.0
2024-04-22,91.11000061035156,92.66000366210938,90.70999908447266,92.08999633789062,85.86486053466797,7294400,0.0,0.0
2024-04-23,92.16000366210938,94.05000305175781,92.16000366210938,93.76000213623047,87.42195129394531,6393900,0.0,0.0
2024-04-24,93.11000061035156,94.06999969482422,93.02999877929688,93.8499984741211,87.50587463378906,5100900,0.0,0.0
2024-04-25,93.0,93.6500015258789,91.6500015258789,92.55999755859375,86.3030776977539,6770600,0.0,0.0
2024-04-26,92.5,93.30999755859375,92.4000015258789,92.83000183105469,86.55482482910156,4606100,0.0,0.0
2024-04-29,91.33000183105469,92.80999755859375,91.33000183105469,92.11000061035156,86.67716217041016,4416100,0.85,0.0
2024-04-30,91.5999984741211,91.83000183105469,90.55000305175781,90.83999633789062,85.48206329345703,5860000,0.0,0.0
2024-05-01,91.27999877929688,92.4800033569336,90.7300033569336,91.54000091552734,86.14077758789062,4713600,0.0,0.0
2024-05-02,92.54000091552734,92.91999816894531,91.5999984741211,92.6500015258789,87.185302734375,4449200,0.0,0.0
2024-05-03,93.33999633789062,94.41999816894531,93.27999877929688,93.63999938964844,88.1169204711914,5043500,0.0,0.0
2024-05-06,94.55999755859375,94.91000366210938,93.69999694824219,94.79000091552734,89.19908905029297,5105100,0.0,0.0
2024-05-07,94.91999816894531,95.93000030517578,94.70999908447266,95.79000091552734,90.14009857177734,7418000,0.0,0.0
2024-05-08,95.43000030517578,96.05000305175781,95.0999984741211,95.63999938964844,89.99895477294922,4662600,0.0,0.0
2024-05-09,95.58999633789062,98.26000213623047,95.58999633789062,98.11000061035156,92.32327270507812,6766700,0.0,0.0
2024-05-10,98.73999786376953,98.98999786376953,97.62999725341797,98.27999877929688,92.48323059082031,6118400,0.0,0.0
2024-05-13,98.75,98.97000122070312,98.41999816894531,98.55999755859375,92.74671173095703,5379000,0.0,0.0
2024-05-14,99.0,100.18000030517578,98.7699966430664,99.37999725341797,93.51834869384766,6216600,0.0,0.0
2024-05-15,100.04000091552734,100.9800033569336,99.98999786376953,100.5199966430664,94.59111022949219,6938500,0.0,0.0
2024-05-16,100.1500015258789,100.41000366210938,99.44999694824219,99.58000183105469,93.7065658569336,4339300,0.0,0.0
2024-05-17,99.9000015258789,100.30000305175781,99.30000305175781,100.22000122070312,94.30879974365234,4690800,0.0,0.0
2024-05-20,100.05000305175781,100.88999938964844,99.37999725341797,100.33000183105469,94.41233825683594,5690200,0.0,0.0
2024-05-21,100.30999755859375,103.25,100.1500015258789,101.52999877929688,95.54154205322266,8337100,0.0,0.0
2024-05-22,101.27999877929688,102.5199966430664,100.16999816894531,100.73999786376953,94.79814147949219,5194300,0.0,0.0
2024-05-23,100.37999725341797,100.55999755859375,98.4800033569336,98.91999816894531,93.08549499511719,5594500,0.0,0.0
2024-05-24,99.44999694824219,99.91000366210938,98.80999755859375,98.97000122070312,93.1325454711914,3550500,0.0,0.0
2024-05-28,98.43000030517578,99.45999908447266,98.4000015258789,98.66999816894531,92.8502426147461,5541600,0.0,0.0
2024-05-29,97.37000274658203,97.69999694824219,96.47000122070312,97.2699966430664,91.53280639648438,4679600,0.0,0.0
2024-05-30,97.69000244140625,97.80999755859375,96.58999633789062,97.2300033569336,91.49517059326172,4548800,0.0,0.0
2024-05-31,97.33000183105469,97.95999908447266,96.4000015258789,97.83999633789062,92.0691909790039,7155500,0.0,0.0
2024-06-03,98.16000366210938,98.16000366210938,96.52999877929688,97.41000366210938,91.66455841064453,5671200,0.0,0.0
2024-06-04,96.25,97.55000305175781,95.66999816894531,96.58000183105469,90.88351440429688,5409600,0.0,0.0
2024-06-05,96.83999633789062,97.61000061035156,96.5,96.66000366210938,90.95878601074219,4499700,0.0,0.0
2024-06-06,96.4800033569336,97.44999694824219,96.26000213623047,96.8499984741211,91.13758850097656,4741200,0.0,0.0
2024-06-07,96.12000274658203,97.68000030517578,95.93000030517578,97.13999938964844,91.41047668457031,4018400,0.0,0.0
2024-06-10,96.62000274658203,96.83000183105469,95.41000366210938,96.38999938964844,90.70471954345703,4566000,0.0,0.0
2024-06-11,96.45999908447266,96.45999908447266,94.7300033569336,95.43000030517578,89.80134582519531,5330000,0.0,0.0
2024-06-12,97.31999969482422,97.88999938964844,95.5999984741211,95.6500015258789,90.00836181640625,5435700,0.0,0.0
2024-06-13,95.5,95.55000305175781,94.61000061035156,95.20999908447266,89.59431457519531,3955900,0.0,0.0
2024-06-14,94.38999938964844,95.5199966430664,93.98999786376953,95.5,89.86720275878906,3406600,0.0,0.0
2024-06-17,95.01000213623047,97.19000244140625,94.68000030517578,97.04000091552734,91.31637573242188,4874100,0.0,0.0
2024-06-18,97.0199966430664,97.69000244140625,96.80999755859375,97.56999969482422,91.81510925292969,4558400,0.0,0.0
2024-06-20,97.63999938964844,98.02999877929688,97.11000061035156,97.44000244140625,91.69278717041016,3956800,0.0,0.0
2024-06-21,97.31999969482422,97.36000061035156,95.88999938964844,96.16000366210938,90.48828125,10785300,0.0,0.0
2024-06-24,96.7300033569336,97.66000366210938,96.18000030517578,97.0999984741211,91.37284088134766,8418200,0.0,0.0
2024-06-25,96.79000091552734,98.33999633789062,96.68000030517578,97.80000305175781,92.03155517578125,7439700,0.0,0.0
2024-06-26,97.37999725341797,97.68000030517578,96.08000183105469,96.88999938964844,91.17522430419922,6514200,0.0,0.0
2024-06-27,96.08000183105469,96.33999633789062,95.16999816894531,95.7699966430664,90.12128448486328,5437800,0.0,0.0
2024-06-28,96.73999786376953,97.31999969482422,96.16000366210938,97.19000244140625,91.4575424194336,9058800,0.0,0.0
2024-07-01,97.5199966430664,99.37999725341797,97.44000244140625,99.16000366210938,93.31132507324219,7420600,0.0,0.0
2024-07-02,98.97000122070312,99.80000305175781,98.62000274658203,99.6500015258789,93.77243041992188,5570900,0.0,0.0
2024-07-03,99.93000030517578,100.5999984741211,99.5,100.19999694824219,94.28998565673828,3112000,0.0,0.0
2024-07-05,100.0999984741211,100.11000061035156,98.91000366210938,99.58999633789062,93.7159652709961,3633200,0.0,0.0
2024-07-08,99.83000183105469,101.2699966430664,99.83000183105469,100.58999633789062,94.65697479248047,3884400,0.0,0.0
2024-07-09,100.5999984741211,102.9000015258789,99.9800033569336,102.61000061035156,96.55784606933594,7113600,0.0,0.0
2024-07-10,102.51000213623047,103.51000213623047,102.05999755859375,103.45999908447266,97.35770416259766,5619000,0.0,0.0
2024-07-11,104.25,105.29000091552734,103.94000244140625,104.63999938964844,98.46810913085938,7761000,0.0,0.0
2024-07-12,105.0,105.81999969482422,103.97000122070312,104.08999633789062,97.95055389404297,7060600,0.0,0.0
2024-07-15,103.94000244140625,106.52999877929688,103.23999786376953,105.26000213623047,99.05155181884766,10093900,0.0,0.0
2024-07-16,104.12999725341797,109.11000061035156,102.80999755859375,106.22000122070312,99.95492553710938,16716400,0.0,0.0
2024-07-17,105.08999633789062,107.70999908447266,104.52999877929688,106.95999908447266,100.65127563476562,11412000,0.0,0.0
2024-07-18,106.52999877929688,107.62999725341797,104.33000183105469,104.80999755859375,98.62808227539062,9130700,0.0,0.0
2024-07-19,104.70999908447266,104.72000122070312,101.7300033569336,102.08999633789062,96.06851959228516,12555900,0.0,0.0
2024-07-22,102.47000122070312,103.2300033569336,101.94999694824219,102.44000244140625,96.39787292480469,8931200,0.0,0.0
2024-07-23,102.44999694824219,104.16999816894531,102.18000030517578,103.5,97.39535522460938,7400600,0.0,0.0
2024-07-24,102.86000061035156,104.0,101.75,101.97000122070312,95.95559692382812,7967400,0.0,0.0
2024-07-25,102.08000183105469,104.19000244140625,101.8499984741211,103.55999755859375,97.4518051147461,5582300,0.0,0.0
2024-07-26,104.86000061035156,105.88999938964844,104.04000091552734,104.19000244140625,98.04466247558594,6599600,0.0,0.0
2024-07-29,104.47000122070312,104.56999969482422,102.33000183105469,102.4800033569336,96.4355239868164,5183400,0.0,0.0
2024-07-30,103.55999755859375,104.12000274658203,102.77999877929688,103.76000213623047,97.64002227783203,6225500,0.0,0.0
2024-07-31,103.08000183105469,104.31999969482422,102.25,103.20999908447266,97.99605560302734,5444600,0.925,0.0
2024-08-01,103.75,103.98999786376953,101.19000244140625,101.76000213623047,96.61931610107422,5678100,0.0,0.0
2024-08-02,99.0,99.0199966430664,95.04000091552734,95.8499984741211,91.00788879394531,11120700,0.0,0.0
2024-08-05,92.6500015258789,93.37000274658203,90.94000244140625,92.06999969482422,87.41883850097656,9659500,0.0,0.0
2024-08-06,92.19999694824219,93.83999633789062,91.5199966430664,92.97000122070312,88.27337646484375,6068300,0.0,0.0
2024-08-07,94.61000061035156,95.33000183105469,92.01000213623047,92.11000061035156,87.45681762695312,7215700,0.0,0.0
2024-08-08,93.48999786376953,95.04000091552734,92.77999877929688,94.62999725341797,89.84951782226562,6592300,0.0,0.0
2024-08-09,94.29000091552734,95.12000274658203,94.0199966430664,94.72000122070312,89.93497467041016,3542600,0.0,0.0
2024-08-12,94.9000015258789,95.22000122070312,93.54000091552734,94.83999633789062,90.04891204833984,4196300,0.0,0.0
2024-08-13,95.7699966430664,96.80000305175781,94.94999694824219,96.70999908447266,91.8244400024414,5941500,0.0,0.0
2024-08-14,97.76000213623047,100.58999633789062,97.51000213623047,99.44000244140625,94.41654205322266,10161700,0.0,0.0
2024-08-15,100.80000305175781,101.20999908447266,100.1500015258789,100.63999938964844,95.555908203125,5885100,0.0,0.0
2024-08-16,100.62999725341797,101.5,100.45999908447266,101.44000244140625,96.31549072265625,4159700,0.0,0.0
2024-08-19,101.5199966430664,102.04000091552734,101.30000305175781,101.75,96.60983276367188,4070500,0.0,0.0
2024-08-20,101.25,101.62999725341797,100.5999984741211,100.77999877929688,95.6888427734375,3396900,0.0,0.0
2024-08-21,101.0999984741211,101.2300033569336,99.95999908447266,100.69000244140625,95.60337829589844,3576000,0.0,0.0
2024-08-22,100.76000213623047,100.9800033569336,99.9000015258789,100.55999755859375,95.47993469238281,2777300,0.0,0.0
2024-08-23,100.94000244140625,102.58000183105469,100.81999969482422,101.88999938964844,96.74276733398438,3814800,0.0,0.0
2024-08-26,103.04000091552734,103.05000305175781,101.9800033569336,102.33000183105469,97.16053771972656,2679000,0.0,0.0
2024-08-27,102.45999908447266,102.8499984741211,102.04000091552734,102.08000183105469,96.92315673828125,2537200,0.0,0.0
2024-08-28,101.88999938964844,102.69999694824219,101.41999816894531,102.19999694824219,97.03709411621094,2836800,0.0,0.0
2024-08-29,102.91999816894531,102.91999816894531,101.27999877929688,102.5999984741211,97.41688537597656,3325600,0.0,0.0
2024-08-30,102.91000366210938,103.80999755859375,102.0999984741211,103.61000061035156,98.37586975097656,4951400,0.0,0.0
2024-09-03,102.8499984741211,103.26000213623047,98.45999908447266,99.2699966430664,94.2551040649414,6634000,0.0,0.0
2024-09-04,99.73999786376953,101.31999969482422,99.68000030517578,100.1500015258789,95.09066772460938,4212500,0.0,0.0
2024-09-05,101.0,101.30000305175781,99.12000274658203,99.55999755859375,94.53046417236328,4462400,0.0,0.0
2024-09-06,99.69999694824219,100.80000305175781,96.13999938964844,96.58999633789062,91.71050262451172,9246800,0.0,0.0
2024-09-09,97.76000213623047,99.0199966430664,97.5999984741211,98.18000030517578,93.22018432617188,5281500,0.0,0.0
2024-09-10,98.4000015258789,98.43000030517578,94.88999938964844,96.62000274658203,91.7389907836914,7798600,0.0,0.0
2024-09-11,95.48999786376953,97.13999938964844,94.08999633789062,97.02999877929688,92.1282730102539,6764100,0.0,0.0
2024-09-12,97.37000274658203,97.69000244140625,95.68000030517578,96.63999938964844,91.75798034667969,4751200,0.0,0.0
2024-09-13,96.87000274658203,98.73999786376953,96.8499984741211,98.25,93.2866439819336,5354800,0.0,0.0
2024-09-16,99.1500015258789,100.19000244140625,98.76000213623047,100.08999633789062,95.03367614746094,4467200,0.0,0.0
2024-09-17,100.68000030517578,100.81999969482422,99.44000244140625,99.83999633789062,94.79631805419922,4748600,0.0,0.0
2024-09-18,100.12000274658203,101.01000213623047,99.23999786376953,99.30000305175781,94.28359985351562,5195900,0.0,0.0
2024-09-19,101.22000122070312,101.43000030517578,99.5199966430664,100.7300033569336,95.64136505126953,9091900,0.0,0.0
2024-09-20,100.87000274658203,102.52999877929688,100.19000244140625,102.47000122070312,97.29345703125,14513400,0.0,0.0
2024-09-23,101.69000244140625,102.52999877929688,101.30999755859375,102.47000122070312,97.29345703125,3962400,0.0,0.0
2024-09-24,102.7699966430664,102.87999725341797,101.94999694824219,102.58000183105469,97.39790344238281,4749700,0.0,0.0
2024-09-25,102.75,102.80999755859375,101.72000122070312,102.33999633789062,97.1700210571289,3825100,0.0,0.0
2024-09-26,103.06999969482422,104.79000091552734,102.97000122070312,104.5999984741211,99.31584930419922,5183000,0.0,0.0
2024-09-27,104.93000030517578,105.13999938964844,104.0199966430664,104.11000061035156,98.85060119628906,3113300,0.0,0.0
2024-09-30,103.73999786376953,104.4000015258789,103.12000274658203,104.23999786376953,98.97402954101562,3378600,0.0,0.0
2024-10-01,104.18000030517578,105.19000244140625,103.05999755859375,104.41999816894531,99.14493560791016,5437400,0.0,0.0
2024-10-02,104.83000183105469,105.4000015258789,103.91000366210938,104.5199966430664,99.23988342285156,3293600,0.0,0.0
2024-10-03,103.58000183105469,104.69999694824219,103.16000366210938,104.56999969482422,99.28736877441406,4587200,0.0,0.0
2024-10-04,107.61000061035156,108.08000183105469,106.62000274658203,107.87999725341797,102.43016815185547,5608900,0.0,0.0
2024-10-07,107.69000244140625,108.91999816894531,107.2699966430664,107.63999938964844,102.20227813720703,4439900,0.0,0.0
2024-10-08,107.6500015258789,108.20999908447266,107.38999938964844,107.48999786376953,102.05986022949219,3679400,0.0,0.0
2024-10-09,107.22000122070312,109.37000274658203,107.22000122070312,109.04000091552734,103.53155517578125,4445800,0.0,0.0
2024-10-10,108.44000244140625,109.02999877929688,107.6500015258789,108.08000183105469,102.62006378173828,4065500,0.0,0.0
2024-10-11,109.0,111.4800033569336,109.0,110.45999908447266,104.87981414794922,5826200,0.0,0.0
2024-10-14,111.05000305175781,112.44000244140625,110.55000305175781,112.27999877929688,106.60787963867188,7179300,0.0,0.0
2024-10-15,115.43000030517578,116.05999755859375,112.02999877929688,112.22000122070312,106.55091094970703,8925200,0.0,0.0
2024-10-16,116.87999725341797,121.44999694824219,116.5,119.51000213623047,113.47264099121094,21458500,0.0,0.0
2024-10-17,119.7699966430664,120.36000061035156,118.7300033569336,119.44000244140625,113.40618133544922,9357200,0.0,0.0
2024-10-18,119.52999877929688,121.12000274658203,119.11000061035156,121.05999755859375,114.94432830810547,6852900,0.0,0.0
2024-10-21,120.37000274658203,120.69000244140625,117.87999725341797,118.27999877929688,112.3047866821289,7469100,0.0,0.0
2024-10-22,117.6500015258789,118.61000061035156,117.25,118.31999969482422,112.34275817871094,4429600,0.0,0.0
2024-10-23,117.88999938964844,118.73999786376953,117.19999694824219,118.27999877929688,112.3047866821289,5661600,0.0,0.0
2024-10-24,118.4000015258789,119.33999633789062,117.94000244140625,119.16999816894531,113.14981079101562,5611800,0.0,0.0
2024-10-25,120.0,120.0,116.33000183105469,116.87999725341797,110.97549438476562,7271700,0.0,0.0
2024-10-28,118.12000274658203,119.68000030517578,117.51000213623047,119.12999725341797,113.11183166503906,5994000,0.0,0.0
2024-10-29,118.88999938964844,120.08999633789062,118.81999969482422,119.30000305175781,113.27323150634766,4622200,0.0,0.0
2024-10-30,118.61000061035156,119.31999969482422,117.79000091552734,117.91999816894531,111.96295928955078,5673000,0.0,0.0
2024-10-31,117.12999725341797,117.91000366210938,115.69999694824219,116.25,111.25000762939453,5374600,0.925,0.0
2024-11-01,116.66999816894531,118.0199966430664,116.30000305175781,116.8499984741211,111.82420349121094,4372100,0.0,0.0
2024-11-04,117.01000213623047,117.44999694824219,115.94000244140625,116.13999938964844,111.14472961425781,4366300,0.0,0.0
2024-11-05,116.08999633789062,117.9000015258789,116.08999633789062,117.80999755859375,112.7428970336914,4798400,0.0,0.0
2024-11-06,129.50999450683594,133.52000427246094,127.66000366210938,131.49000549316406,125.83451843261719,22798700,0.0,0.0
2024-11-07,130.74000549316406,131.5500030517578,128.0800018310547,128.44000244140625,122.91571044921875,7780000,0.0,0.0
2024-11-08,128.97999572753906,130.52000427246094,127.76000213623047,129.52999877929688,123.95883178710938,6979300,0.0,0.0
2024-11-11,130.5500030517578,133.99000549316406,130.5500030517578,133.52000427246094,127.7772216796875,6861300,0.0,0.0
2024-11-12,133.19000244140625,133.82000732421875,131.7100067138672,132.30999755859375,126.61924743652344,5683300,0.0,0.0
2024-11-13,133.4600067138672,134.64999389648438,132.47000122070312,132.75999450683594,127.0499038696289,6134800,0.0,0.0
2024-11-14,133.10000610351562,134.91000366210938,131.97999572753906,132.42999267578125,126.73407745361328,7344200,0.0,0.0
2024-11-15,133.3699951171875,134.39999389648438,132.5399932861328,134.05999755859375,128.29397583007812,7281900,0.0,0.0
2024-11-18,134.69000244140625,135.50999450683594,133.4199981689453,133.77999877929688,128.02601623535156,6434100,0.0,0.0
2024-11-19,133.25999450683594,134.08999633789062,131.92999267578125,132.24000549316406,126.55226135253906,7244800,0.0,0.0
2024-11-20,133.16000366210938,133.64999389648438,131.0500030517578,131.69000244140625,126.02592468261719,5125600,0.0,0.0
2024-11-21,133.1999969482422,135.57000732421875,133.13999938964844,134.99000549316406,129.18399047851562,5547400,0.0,0.0
2024-11-22,134.67999267578125,135.6699981689453,133.9600067138672,134.69000244140625,128.8968963623047,6334100,0.0,0.0
2024-11-25,135.44000244140625,136.24000549316406,133.5800018310547,133.66000366210938,127.91120147705078,8012300,0.0,0.0
2024-11-26,130.75,131.7899932861328,128.52999877929688,131.27999877929688,125.63357543945312,8817300,0.0,0.0
2024-11-27,131.49000549316406,132.42999267578125,130.57000732421875,131.2100067138672,125.56656646728516,5507800,0.0,0.0
2024-11-29,132.27999877929688,132.72999572753906,131.4199981689453,131.61000061035156,125.94937133789062,4068200,0.0,0.0
2024-12-02,132.3000030517578,133.0,130.8300018310547,131.02999877929688,125.39430236816406,5512100,0.0,0.0
2024-12-03,133.19000244140625,133.19000244140625,130.00999450683594,130.44000244140625,124.82969665527344,4791300,0.0,0.0
2024-12-04,130.19000244140625,131.1999969482422,129.63999938964844,129.99000549316406,124.39903259277344,6203700,0.0,0.0
2024-12-05,129.94000244140625,131.86000061035156,129.4199981689453,130.32000732421875,124.71485137939453,4991900,0.0,0.0
2024-12-06,130.52000427246094,130.57000732421875,129.17999267578125,129.9600067138672,124.3703384399414,5013200,0.0,0.0
2024-12-09,130.52000427246094,130.77000427246094,128.3300018310547,128.5800018310547,123.0496826171875,7753900,0.0,0.0
2024-12-10,127.62999725341797,128.61000061035156,126.52999877929688,126.79000091552734,121.336669921875,6551300,0.0,0.0
2024-12-11,127.75,127.94999694824219,126.27999877929688,127.58999633789062,122.10225677490234,8835400,0.0,0.0
2024-12-12,127.88999938964844,128.8300018310547,127.36000061035156,127.91000366210938,122.40850067138672,3610500,0.0,0.0
2024-12-13,128.0,128.80999755859375,126.70999908447266,127.4000015258789,121.92044067382812,6091500,0.0,0.0
2024-12-16,127.73999786376953,129.30999755859375,127.38999938964844,129.02999877929688,123.48031616210938,5659700,0.0,0.0
2024-12-17,128.10000610351562,128.6999969482422,127.18000030517578,127.73999786376953,122.24581146240234,7141400,0.0,0.0
2024-12-18,128.16000366210938,128.38999938964844,120.29000091552734,121.04000091552734,115.833984375,7858800,0.0,0.0
2024-12-19,124.77999877929688,124.94000244140625,120.30000305175781,120.5,115.31720733642578,8632400,0.0,0.0
2024-12-20,121.19999694824219,124.54000091552734,120.52999877929688,123.44000244140625,118.1307601928711,14884000,0.0,0.0
2024-12-23,123.0999984741211,124.66999816894531,122.79000091552734,124.44999694824219,119.0973129272461,5074100,0.0,0.0
2024-12-24,125.06999969482422,127.22000122070312,124.58999633789062,127.05999755859375,121.59505462646484,2902800,0.0,0.0
2024-12-26,126.52999877929688,128.1699981689453,126.48999786376953,128.02999877929688,122.5233383178711,3013500,0.0,0.0
2024-12-27,127.05000305175781,127.86000061035156,125.81999969482422,126.76000213623047,121.3079605102539,3088100,0.0,0.0
2024-12-30,124.55000305175781,126.16000366210938,124.0199966430664,125.75,120.34139251708984,2637900,0.0,0.0
2024-12-31,126.33000183105469,126.83000183105469,125.19999694824219,125.72000122070312,120.31269073486328,2970000,0.0,0.0
2025-01-02,126.51000213623047,127.27999877929688,124.20999908447266,124.77999877929688,119.41313171386719,5014300,0.0,0.0
2025-01-03,125.6500015258789,126.0,124.08000183105469,125.94000244140625,120.52323913574219,3988400,0.0,0.0
2025-01-06,127.62999725341797,129.9499969482422,127.62999725341797,128.63999938964844,123.10711669921875,6665200,0.0,0.0
2025-01-07,129.64999389648438,129.66000366210938,125.45999908447266,126.87999725341797,121.42279052734375,7268800,0.0,0.0
2025-01-08,126.91000366210938,128.0,125.76000213623047,127.86000061035156,122.36065673828125,5744500,0.0,0.0
2025-01-10,126.30999755859375,126.5,123.29000091552734,123.44999694824219,118.14033508300781,6873800,0.0,0.0
2025-01-13,122.44999694824219,124.30000305175781,122.44999694824219,123.98999786376953,118.65708923339844,5433000,0.0,0.0
2025-01-14,125.4000015258789,125.4000015258789,123.69000244140625,124.62000274658203,119.260009765625,8999900,0.0,0.0
2025-01-15,129.7100067138672,131.44000244140625,128.4600067138672,130.5500030517578,124.93496704101562,11349500,0.0,0.0
2025-01-16,132.35000610351562,136.14999389648438,131.89999389648438,135.80999755859375,129.9687042236328,16235700,0.0,0.0
2025-01-17,136.16000366210938,138.0800018310547,134.52999877929688,137.8699951171875,131.9401092529297,12481500,0.0,0.0
2025-01-21,136.44000244140625,137.6199951171875,135.2899932861328,137.3000030517578,131.3946533203125,11213300,0.0,0.0
2025-01-22,137.25999450683594,138.3800048828125,135.82000732421875,136.0,130.1505584716797,7177500,0.0,0.0
2025-01-23,135.97000122070312,138.1999969482422,135.97000122070312,137.8000030517578,131.87310791015625,6911000,0.0,0.0
2025-01-24,136.47000122070312,139.0399932861328,136.47000122070312,137.82000732421875,131.89227294921875,6475500,0.0,0.0
2025-01-27,135.25999450683594,136.75999450683594,134.1199951171875,136.64999389648438,130.77256774902344,6460700,0.0,0.0
2025-01-28,136.07000732421875,138.83999633789062,135.63999938964844,138.5399932861328,132.58128356933594,5885100,0.0,0.0
2025-01-29,138.47000122070312,141.47999572753906,138.17999267578125,138.7100067138672,132.7439727783203,5719800,0.0,0.0
2025-01-30,139.80999755859375,140.49000549316406,138.88999938964844,139.94000244140625,133.92108154296875,4545700,0.0,0.0
2025-01-31,139.13999938964844,139.75999450683594,137.77000427246094,138.42999267578125,133.3574981689453,5502700,0.925,0.0
2025-02-03,135.80999755859375,138.0,133.91000366210938,137.16000366210938,132.13406372070312,5307000,0.0,0.0
2025-02-04,137.72999572753906,137.8800048828125,136.2899932861328,136.77000427246094,131.75836181640625,5997300,0.0,0.0
2025-02-05,137.47000122070312,139.22000122070312,136.50999450683594,138.92999267578125,133.83917236328125,5871200,0.0,0.0
2025-02-06,140.00999450683594,141.39999389648438,140.0,141.0800018310547,135.91041564941406,4576600,0.0,0.0
2025-02-07,142.02000427246094,142.02999877929688,139.82000732421875,139.97999572753906,134.85072326660156,3529000,0.0,0.0
2025-02-10,140.25,140.30999755859375,135.61000061035156,137.30999755859375,132.27854919433594,5517700,0.0,0.0
2025-02-11,136.80999755859375,138.2100067138672,135.44000244140625,137.7899932861328,132.74095153808594,5096800,0.0,0.0
2025-02-12,136.0800018310547,137.27999877929688,135.60000610351562,137.11000061035156,132.08587646484375,4688900,0.0,0.0
2025-02-13,137.97000122070312,138.10000610351562,136.35000610351562,136.83999633789062,131.82577514648438,4699800,0.0,0.0
2025-02-14,136.4499969482422,139.5800018310547,136.4499969482422,138.9499969482422,133.8584442138672,5044500,0.0,0.0
2025-02-18,139.41000366210938,140.77999877929688,138.88999938964844,140.7100067138672,135.55398559570312,3797000,0.0,0.0
2025-02-19,140.00999450683594,140.92999267578125,139.25999450683594,140.69000244140625,135.53469848632812,3623100,0.0,0.0
2025-02-20,140.25,141.07000732421875,132.42999267578125,134.33999633789062,129.41737365722656,8860800,0.0,0.0
2025-02-21,135.17999267578125,135.60000610351562,130.91000366210938,131.69000244140625,126.86449432373047,6704100,0.0,0.0
2025-02-24,132.75999450683594,132.97000122070312,128.89999389648438,129.97000122070312,125.20751190185547,7784500,0.0,0.0
2025-02-25,131.02999877929688,131.2899932861328,126.37999725341797,129.60000610351562,124.85107421875,7458500,0.0,0.0
2025-02-26,130.41000366210938,132.24000549316406,130.14999389648438,131.0500030517578,126.24794006347656,5493600,0.0,0.0
2025-02-27,131.8000030517578,132.8699951171875,128.80999755859375,129.24000549316406,124.50428009033203,5538700,0.0,0.0
2025-02-28,129.89999389648438,133.41000366210938,128.99000549316406,133.11000061035156,128.2324676513672,7424200,0.0,0.0
2025-03-03,133.3300018310547,133.99000549316406,127.7300033569336,129.1300048828125,124.39830780029297,5969400,0.0,0.0
2025-03-04,126.47000122070312,126.56999969482422,119.25,121.72000122070312,117.25982666015625,12996500,0.0,0.0
2025-03-05,122.0,124.37999725341797,121.44000244140625,123.75,119.21543884277344,7291900,0.0,0.0
2025-03-06,120.80000305175781,123.12999725341797,118.5999984741211,119.37000274658203,114.99593353271484,8611500,0.0,0.0
2025-03-07,118.7300033569336,119.48999786376953,115.44999694824219,119.29000091552734,114.91886901855469,8513500,0.0,0.0
2025-03-10,116.0,116.27999877929688,109.22000122070312,111.69000244140625,107.59734344482422,16765700,0.0,0.0
2025-03-11,111.70999908447266,113.51000213623047,110.33999633789062,112.04000091552734,107.93452453613281,13490400,0.0,0.0
2025-03-12,115.0,115.5999984741211,112.55000305175781,114.0,109.82270812988281,7925500,0.0,0.0
2025-03-13,114.0,114.8499984741211,111.2300033569336,111.68000030517578,107.58772277832031,7435500,0.0,0.0
2025-03-14,113.98999786376953,115.7699966430664,112.54000091552734,115.33999633789062,111.11359405517578,6879400,0.0,0.0
2025-03-17,114.97000122070312,119.30000305175781,114.83999633789062,117.95999908447266,113.6375961303711,8374900,0.0,0.0
2025-03-18,118.27999877929688,119.20999908447266,117.27999877929688,118.11000061035156,113.78209686279297,7234900,0.0,0.0
2025-03-19,117.2300033569336,121.25,116.2300033569336,119.8499984741211,115.45833587646484,8430800,0.0,0.0
2025-03-20,118.81999969482422,121.80999755859375,118.81999969482422,120.47000122070312,116.05562591552734,7026000,0.0,0.0
2025-03-21,119.3499984741211,120.87999725341797,118.30000305175781,120.13999938964844,115.73771667480469,10989900,0.0,0.0
2025-03-24,122.30999755859375,124.81999969482422,122.0,124.2699966430664,119.71636962890625,6184400,0.0,0.0
2025-03-25,124.9000015258789,126.05000305175781,124.1500015258789,125.19999694824219,120.61231231689453,4326300,0.0,0.0
2025-03-26,125.7699966430664,126.33999633789062,121.61000061035156,122.19999694824219,117.72223663330078,5084600,0.0,0.0
2025-03-27,118.93000030517578,119.83999633789062,117.54000091552734,119.0,114.63948822021484,8239400,0.0,0.0
2025-03-28,118.70999908447266,119.43000030517578,114.62999725341797,115.33000183105469,111.10396575927734,7349400,0.0,0.0
2025-03-31,113.70999908447266,117.02999877929688,112.18000030517578,116.66999816894531,112.39486694335938,7616600,0.0,0.0
2025-04-01,115.98999786376953,116.87999725341797,113.54000091552734,115.73999786376953,111.49894714355469,6651000,0.0,0.0
2025-04-02,113.97000122070312,120.3499984741211,113.87999725341797,119.2699966430664,114.89960479736328,8415300,0.0,0.0
2025-04-03,110.11000061035156,111.38999938964844,106.87999725341797,107.93000030517578,103.97513580322266,15186100,0.0,0.0
2025-04-04,101.54000091552734,103.69999694824219,97.30999755859375,99.83000183105469,96.17194366455078,18876900,0.0,0.0
2025-04-07,96.2699966430664,104.33999633789062,94.33000183105469,100.91999816894531,97.22199249267578,20721400,0.0,0.0
2025-04-08,105.22000122070312,106.94000244140625,98.2699966430664,100.30999755859375,96.63434600830078,10710100,0.0,0.0
2025-04-09,98.19999694824219,113.9000015258789,97.88999938964844,111.69999694824219,107.60697937011719,16919500,0.0,0.0
2025-04-10,108.7699966430664,108.87000274658203,103.41000366210938,106.58000183105469,102.67459869384766,10956700,0.0,0.0
2025-04-11,102.88999938964844,109.19999694824219,102.88999938964844,108.12000274658203,104.15817260742188,10573200,0.0,0.0
2025-04-14,110.4800033569336,111.5,108.55000305175781,109.11000061035156,105.11189270019531,8224500,0.0,0.0
2025-04-15,110.08999633789062,112.1500015258789,110.05999755859375,110.44000244140625,106.39315795898438,6003800,0.0,0.0
2025-04-16,109.58000183105469,110.31999969482422,106.6500015258789,107.86000061035156,103.9076919555664,6520100,0.0,0.0
2025-04-17,108.5199966430664,110.75,108.1500015258789,109.18000030517578,105.1793212890625,5233100,0.0,0.0
2025-04-21,108.13999938964844,108.33000183105469,104.77999877929688,106.30000305175781,102.40486907958984,7784500,0.0,0.0
2025-04-22,108.0199966430664,110.69999694824219,107.97000122070312,110.37999725341797,106.33535766601562,6571300,0.0,0.0
2025-04-23,113.25,116.61000061035156,111.93000030517578,112.30999755859375,108.19463348388672,9243800,0.0,0.0
2025-04-24,111.87000274658203,115.9000015258789,111.23999786376953,115.5999984741211,111.36408233642578,6640700,0.0,0.0
2025-04-25,115.70999908447266,117.0999984741211,114.97000122070312,116.01000213623047,111.7590560913086,5013200,0.0,0.0
2025-04-28,115.87999725341797,117.9000015258789,113.83000183105469,115.83000183105469,111.58565521240234,4171200,0.0,0.0
2025-04-29,115.37999725341797,116.47000122070312,114.2300033569336,116.20999908447266,111.95172882080078,4689800,0.0,0.0
2025-04-30,113.11000061035156,115.81999969482422,112.02999877929688,115.41999816894531,112.08281707763672,6502400,0.925,0.0
2025-05-01,115.54000091552734,117.81999969482422,114.66999816894531,116.76000213623047,113.38408660888672,7743600,0.0,0.0
2025-05-02,119.30000305175781,120.51000213623047,118.45999908447266,120.22000122070312,116.74404907226562,6894400,0.0,0.0
2025-05-05,118.73999786376953,120.87000274658203,118.38999938964844,119.5999984741211,116.14195251464844,6540300,0.0,0.0
2025-05-06,117.80999755859375,119.1500015258789,117.20999908447266,118.33000183105469,114.90868377685547,5739600,0.0,0.0
2025-05-07,118.33000183105469,120.0,118.19999694824219,119.0999984741211,115.65641784667969,4680600,0.0,0.0
2025-05-08,119.98999786376953,123.26000213623047,119.98999786376953,121.87999725341797,118.35603332519531,6449300,0.0,0.0
2025-05-09,122.48999786376953,123.2300033569336,121.47000122070312,121.69999694824219,118.18124389648438,4240100,0.0,0.0
2025-05-12,127.41999816894531,129.1999969482422,126.44000244140625,127.05999755859375,123.38626098632812,9162100,0.0,0.0
2025-05-13,127.76000213623047,130.11000061035156,127.2300033569336,129.35000610351562,125.61006164550781,6086700,0.0,0.0
2025-05-14,129.36000061035156,131.57000732421875,129.1300048828125,131.0399932861328,127.2511978149414,6273400,0.0,0.0
2025-05-15,130.25999450683594,133.02999877929688,130.02000427246094,132.50999450683594,128.67868041992188,7209300,0.0,0.0
2025-05-16,132.27999877929688,132.97999572753906,131.7899932861328,132.17999267578125,128.35821533203125,6303800,0.0,0.0
2025-05-19,130.3000030517578,132.1300048828125,129.07000732421875,130.83999633789062,127.05696868896484,7703500,0.0,0.0
2025-05-20,129.8699951171875,130.38999938964844,128.1199951171875,129.1300048828125,125.39643096923828,5220100,0.0,0.0
2025-05-21,128.08999633789062,128.63999938964844,125.06999969482422,125.30000305175781,121.67715454101562,6371600,0.0,0.0
2025-05-22,124.61000061035156,127.06999969482422,124.61000061035156,126.26000213623047,122.60940551757812,5689200,0.0,0.0
2025-05-23,124.0999984741211,126.56999969482422,123.87999725341797,126.06999969482422,122.42488861083984,3361400,0.0,0.0
2025-05-27,127.54000091552734,129.52999877929688,126.81999969482422,129.2100067138672,125.47410583496094,5472400,0.0,0.0
2025-05-28,129.2100067138672,129.4199981689453,127.2699966430664,127.51000213623047,123.82325744628906,4050900,0.0,0.0
2025-05-29,128.10000610351562,128.39999389648438,126.93000030517578,128.16000366210938,124.4544677734375,4337500,0.0,0.0
2025-05-30,127.61000061035156,128.3300018310547,126.3499984741211,128.02999877929688,124.3282241821289,6436100,0.0,0.0
2025-06-02,127.4800033569336,128.47000122070312,126.36000061035156,128.39999389648438,124.68751525878906,3607900,0.0,0.0
2025-06-03,128.1199951171875,129.17999267578125,127.12999725341797,128.67999267578125,124.95941925048828,4145600,0.0,0.0
2025-06-04,128.83999633789062,129.4199981689453,128.16000366210938,128.16000366210938,124.4544677734375,3123200,0.0,0.0
2025-06-05,128.3699951171875,131.0500030517578,127.33999633789062,130.6199951171875,126.84332275390625,6193300,0.0,0.0
2025-06-06,132.0800018310547,133.57000732421875,130.82000732421875,131.82000732421875,128.00863647460938,5004400,0.0,0.0
2025-06-09,132.22999572753906,132.89999389648438,131.11000061035156,131.9499969482422,128.1348876953125,4838600,0.0,0.0
2025-06-10,131.60000610351562,132.4600067138672,131.14999389648438,131.82000732421875,128.00863647460938,3816900,0.0,0.0
2025-06-11,132.02999877929688,133.4499969482422,131.4199981689453,131.80999755859375,127.99893188476562,5810200,0.0,0.0
2025-06-12,130.66000366210938,132.0,129.8000030517578,131.9199981689453,128.1057586669922,4258700,0.0,0.0
2025-06-13,130.19000244140625,131.07000732421875,128.80999755859375,129.49000549316406,125.74601745605469,4367500,0.0,0.0
2025-06-16,130.2899932861328,132.8000030517578,130.2899932861328,130.89999389648438,127.11524200439453,6240500,0.0,0.0
2025-06-17,129.83999633789062,131.1699981689453,129.66000366210938,130.08999633789062,126.32865142822266,4767700,0.0,0.0
2025-06-18,130.02000427246094,132.9600067138672,129.92999267578125,132.52000427246094,128.6884002685547,6170400,0.0,0.0
2025-06-20,133.35000610351562,133.3699951171875,131.91000366210938,132.7100067138672,128.8729248046875,8904400,0.0,0.0
2025-06-23,132.05999755859375,134.10000610351562,130.89999389648438,134.0,130.12562561035156,5232400,0.0,0.0
2025-06-24,135.67999267578125,136.67999267578125,135.00999450683594,135.89999389648438,131.97064208984375,5599900,0.0,0.0
2025-06-25,136.1199951171875,137.88999938964844,135.41000366210938,137.72000122070312,133.73806762695312,5736400,0.0,0.0
2025-06-26,138.00999450683594,140.1999969482422,137.83999633789062,139.75,135.7093505859375,6013200,0.0,0.0
2025-06-27,140.25,141.89999389648438,139.10000610351562,140.69000244140625,136.62217712402344,7249300,0.0,0.0
2025-06-30,141.50999450683594,141.85000610351562,139.5500030517578,140.86000061035156,136.78729248046875,8034400,0.0,0.0
2025-07-01,140.5500030517578,141.61000061035156,139.47000122070312,141.07000732421875,136.99119567871094,6166700,0.0,0.0
2025-07-02,141.6199951171875,142.8800048828125,140.97999572753906,142.86000061035156,138.72943115234375,5494500,0.0,0.0
2025-07-03,143.36000061035156,144.55999755859375,142.6699981689453,144.13999938964844,139.97244262695312,3974700,0.0,0.0
2025-07-07,144.11000061035156,145.16000366210938,142.5,143.74000549316406,139.58399963378906,5991600,0.0,0.0
2025-07-08,143.61000061035156,144.05999755859375,141.02000427246094,141.1300048828125,137.04946899414062,6620400,0.0,0.0
2025-07-09,142.89999389648438,142.94000244140625,140.89999389648438,141.5500030517578,137.45730590820312,4837000,0.0,0.0
2025-07-10,141.75999450683594,143.16000366210938,141.32000732421875,143.08999633789062,138.95277404785156,5622800,0.0,0.0
2025-07-11,141.86000061035156,142.4499969482422,141.1199951171875,142.27999877929688,138.1662139892578,3647500,0.0,0.0
2025-07-14,142.4499969482422,144.0500030517578,142.0,143.97000122070312,139.80735778808594,5376100,0.0,0.0
2025-07-15,143.2899932861328,144.0,141.5500030517578,141.58999633789062,137.4961700439453,7392200,0.0,0.0
2025-07-16,139.5,140.0,135.25999450683594,139.7899932861328,135.74819946289062,10610800,0.0,0.0
2025-07-17,139.25999450683594,141.69000244140625,139.1300048828125,140.89999389648438,136.82611083984375,7695800,0.0,0.0
2025-07-18,141.4499969482422,141.75,140.1999969482422,140.8300018310547,136.75811767578125,5572300,0.0,0.0
2025-07-21,141.24000549316406,142.52000427246094,140.17999267578125,140.47000122070312,136.40853881835938,5853400,0.0,0.0
2025-07-22,140.8000030517578,140.88999938964844,138.92999267578125,140.0399932861328,135.990966796875,5257200,0.0,0.0
2025-07-23,140.77999877929688,142.6300048828125,139.92999267578125,142.2100067138672,138.09823608398438,6612900,0.0,0.0
2025-07-24,142.47000122070312,143.72000122070312,141.85000610351562,142.5,138.3798370361328,3817900,0.0,0.0
2025-07-25,142.9199981689453,143.3800048828125,142.0500030517578,143.00999450683594,138.87509155273438,3463000,0.0,0.0
2025-07-28,143.0399932861328,143.13999938964844,142.02000427246094,142.55999755859375,138.4381103515625,3729300,0.0,0.0
2025-07-29,143.5,144.0500030517578,142.10000610351562,143.55999755859375,139.40919494628906,5158700,0.0,0.0
2025-07-30,143.8300018310547,145.47999572753906,143.27999877929688,144.94000244140625,140.74929809570312,5236800,0.0,0.0
2025-07-31,143.1999969482422,144.6999969482422,142.0,142.4600067138672,139.30210876464844,5523700,1.0,0.0
2025-08-01,139.27000427246094,139.57000732421875,136.1699981689453,139.08999633789062,136.00680541992188,6678500,0.0,0.0
2025-08-04,140.17999267578125,141.77999877929688,139.7100067138672,141.36000061035156,138.2264862060547,3851500,0.0,0.0
2025-08-05,141.66000366210938,142.7100067138672,139.41000366210938,140.4600067138672,137.34645080566406,5331100,0.0,0.0
2025-08-06,141.14999389648438,141.85000610351562,140.50999450683594,141.3000030517578,138.16783142089844,3765800,0.0,0.0
2025-08-07,142.22999572753906,142.7100067138672,140.60000610351562,140.9199981689453,137.79624938964844,3728600,0.0,0.0
2025-08-08,141.6199951171875,143.92999267578125,141.27999877929688,143.17999267578125,140.00613403320312,3943500,0.0,0.0
2025-08-11,143.57000732421875,144.19000244140625,142.66000366210938,143.8800048828125,140.69061279296875,4024700,0.0,0.0
2025-08-12,145.07000732421875,148.22999572753906,144.82000732421875,147.2899932861328,144.02503967285156,7111600,0.0,0.0
2025-08-13,148.14999389648438,149.0800018310547,145.38999938964844,147.75999450683594,144.484619140625,5542000,0.0,0.0
2025-08-14,147.0,148.66000366210938,146.1699981689453,148.50999450683594,145.21798706054688,4188600,0.0,0.0
2025-08-15,148.6300048828125,148.80999755859375,144.4600067138672,144.6300048828125,141.4240264892578,4986000,0.0,0.0
2025-08-18,144.11000061035156,145.05999755859375,143.82000732421875,144.77999877929688,141.5706787109375,3548700,0.0,0.0
2025-08-19,144.49000549316406,144.97000122070312,143.4199981689453,144.07000732421875,140.87640380859375,4257700,0.0,0.0
2025-08-20,143.82000732421875,144.7100067138672,141.02999877929688,144.1199951171875,140.92530822753906,4619300,0.0,0.0
2025-08-21,143.41000366210938,144.4499969482422,142.89999389648438,144.0399932861328,140.84707641601562,3269400,0.0,0.0
2025-08-22,144.82000732421875,148.89999389648438,144.6699981689453,148.02000427246094,144.73887634277344,6759600,0.0,0.0
2025-08-25,147.97999572753906,148.61000061035156,147.57000732421875,147.64999389648438,144.3770751953125,2596500,0.0,0.0
2025-08-26,147.32000732421875,149.02999877929688,146.3000030517578,148.97000122070312,145.66781616210938,4453800,0.0,0.0
2025-08-27,148.3699951171875,150.1199951171875,148.02999877929688,149.3800048828125,146.06871032714844,3329200,0.0,0.0
2025-08-28,149.83999633789062,150.38999938964844,149.17999267578125,150.17999267578125,146.85098266601562,3898100,0.0,0.0
2025-08-29,149.88999938964844,150.75,149.1300048828125,150.47999572753906,147.14431762695312,3629400,0.0,0.0
2025-09-02,148.55999755859375,149.07000732421875,145.66000366210938,148.85000610351562,145.5504608154297,5330200,0.0,0.0
2025-09-03,148.80999755859375,149.5500030517578,146.94000244140625,148.52999877929688,145.237548828125,4338900,0.0,0.0
2025-09-04,149.02999877929688,150.75,148.67999267578125,150.52999877929688,147.19322204589844,3955000,0.0,0.0
2025-09-05,151.1199951171875,151.86000061035156,146.2899932861328,148.08999633789062,144.8072967529297,5697300,0.0,0.0
2025-09-08,148.32000732421875,149.1999969482422,147.25,148.7899932861328,145.4917755126953,3820800,0.0,0.0
2025-09-09,148.4199981689453,152.82000732421875,148.35000610351562,152.22000122070312,148.8457489013672,6673200,0.0,0.0
2025-09-10,152.89999389648438,154.52999877929688,151.4199981689453,154.1199951171875,150.70362854003906,4945600,0.0,0.0
2025-09-11,154.38999938964844,157.75999450683594,154.0800018310547,156.47999572753906,153.01132202148438,7399500,0.0,0.0
2025-09-12,156.0399932861328,156.8699951171875,155.6199951171875,156.38999938964844,152.92332458496094,4341600,0.0,0.0
2025-09-15,157.35000610351562,158.47999572753906,155.8800048828125,156.63999938964844,153.16778564453125,4829900,0.0,0.0
2025-09-16,157.0800018310547,157.5,155.22000122070312,155.80999755859375,152.35617065429688,7539500,0.0,0.0
2025-09-17,156.63999938964844,157.97000122070312,155.64999389648438,157.41000366210938,153.92071533203125,4604200,0.0,0.0
2025-09-18,157.89999389648438,160.13999938964844,157.49000549316406,159.24000549316406,155.7101593017578,4323700,0.0,0.0
2025-09-19,159.5500030517578,161.08999633789062,158.1199951171875,159.91000366210938,156.36529541015625,14902000,0.0,0.0
2025-09-22,159.3300018310547,161.02999877929688,157.8300018310547,160.7100067138672,157.14755249023438,4421200,0.0,0.0
2025-09-23,160.5800018310547,163.97999572753906,159.60000610351562,160.75999450683594,157.19644165039062,5335900,0.0,0.0
2025-09-24,161.10000610351562,161.47000122070312,157.83999633789062,157.8800048828125,154.3802947998047,5195200,0.0,0.0
2025-09-25,157.38999938964844,159.25,156.6300048828125,158.9499969482422,155.42657470703125,5351100,0.0,0.0
2025-09-26,159.55999755859375,161.80999755859375,159.32000732421875,160.11000061035156,156.56085205078125,5326800,0.0,0.0
2025-09-29,160.69000244140625,161.32000732421875,159.72000122070312,161.16000366210938,157.5876007080078,4186000,0.0,0.0
2025-09-30,161.38999938964844,162.22999572753906,156.83999633789062,158.9600067138672,155.4363555908203,5547100,0.0,0.0
2025-10-01,157.8800048828125,158.44000244140625,155.5500030517578,156.88999938964844,153.4122314453125,5467400,0.0,0.0
2025-10-02,156.69000244140625,157.00999450683594,153.7100067138672,155.3000030517578,151.85748291015625,5087400,0.0,0.0
2025-10-03,156.92999267578125,157.8000030517578,156.16000366210938,157.58999633789062,154.09671020507812,5182100,0.0,0.0
2025-10-06,158.0,158.72999572753906,155.00999450683594,158.08999633789062,154.5856475830078,4696300,0.0,0.0
2025-10-07,158.77999877929688,159.2899932861328,155.39999389648438,155.97000122070312,152.51263427734375,4589700,0.0,0.0
2025-10-08,156.47999572753906,156.5500030517578,154.02000427246094,155.64999389648438,152.19970703125,4038600,0.0,0.0
2025-10-09,155.5800018310547,156.42999267578125,153.8300018310547,156.27000427246094,152.80599975585938,6092600,0.0,0.0
2025-10-10,156.85000610351562,157.9499969482422,151.83999633789062,151.86000061035156,148.4937286376953,5531700,0.0,0.0
2025-10-13,154.27999877929688,155.6199951171875,153.35000610351562,155.1300048828125,151.69126892089844,4735800,0.0,0.0
2025-10-14,154.5,157.1199951171875,151.8800048828125,155.33999633789062,151.8966064453125,8023800,0.0,0.0
2025-10-15,162.92999267578125,166.77000427246094,161.63999938964844,162.64999389648438,159.0445556640625,13673700,0.0,0.0
2025-10-16,163.08999633789062,164.75,158.97000122070312,160.02000427246094,156.4728546142578,10477500,0.0,0.0
2025-10-17,160.6999969482422,160.97999572753906,157.85000610351562,158.6699981689453,155.15277099609375,7965000,0.0,0.0
2025-10-20,160.1999969482422,163.13999938964844,159.5,161.97000122070312,158.379638671875,5741000,0.0,0.0
2025-10-21,161.4499969482422,162.05999755859375,159.19000244140625,159.22999572753906,155.70037841796875,4220600,0.0,0.0
2025-10-22,159.57000732421875,159.74000549316406,157.22000122070312,158.1199951171875,154.61495971679688,4360200,0.0,0.0
2025-10-23,158.89999389648438,160.08999633789062,157.89999389648438,159.30999755859375,155.77857971191406,3735600,0.0,0.0
2025-10-24,160.52000427246094,164.89999389648438,160.52000427246094,163.86000061035156,160.22775268554688,5547500,0.0,0.0
2025-10-27,164.9600067138672,166.69000244140625,164.89999389648438,166.02000427246094,162.33987426757812,5056000,0.0,0.0
2025-10-28,166.1199951171875,167.1300048828125,164.3800048828125,165.2100067138672,161.54782104492188,3601000,0.0,0.0
2025-10-29,164.30999755859375,166.02000427246094,163.1199951171875,164.02999877929688,160.3939666748047,4963500,0.0,0.0
2025-10-30,163.82000732421875,167.0,163.39999389648438,165.25999450683594,161.59669494628906,4960500,0.0,0.0
2025-10-31,163.35000610351562,164.89999389648438,162.91000366210938,164.0,161.34091186523438,5323500,1.0,0.0
2025-11-03,164.3000030517578,164.66000366210938,161.57000732421875,163.64999389648438,160.99658203125,4719200,0.0,0.0
2025-11-04,162.3300018310547,166.92999267578125,160.86000061035156,164.00999450683594,161.3507537841797,5739200,0.0,0.0
2025-11-05,163.8699951171875,165.9600067138672,161.6300048828125,165.17999267578125,162.50177001953125,4133000,0.0,0.0
2025-11-06,164.57000732421875,165.6699981689453,162.64999389648438,163.4199981689453,160.7703094482422,4292900,0.0,0.0
2025-11-07,162.2100067138672,162.60000610351562,158.05999755859375,162.36000061035156,159.72752380371094,6323300,0.0,0.0
2025-11-10,163.80999755859375,166.05999755859375,163.80999755859375,165.0500030517578,162.3739013671875,5015400,0.0,0.0
2025-11-11,165.3000030517578,166.72000122070312,164.77999877929688,166.5,163.8003692626953,3237600,0.0,0.0
2025-11-12,167.52000427246094,171.77000427246094,167.52000427246094,169.9199981689453,167.16493225097656,6892900,0.0,0.0
2025-11-13,169.30999755859375,170.35000610351562,165.1699981689453,165.61000061035156,162.9248046875,6090900,0.0,0.0
2025-11-14,164.1999969482422,164.8000030517578,159.94000244140625,163.86000061035156,161.20318603515625,6691200,0.0,0.0
2025-11-17,163.25,164.08999633789062,158.75999450683594,159.4499969482422,156.86468505859375,5727200,0.0,0.0
2025-11-18,158.63999938964844,161.6699981689453,157.7899932861328,159.8300018310547,157.23854064941406,4864900,0.0,0.0
2025-11-19,160.35000610351562,162.91000366210938,160.0500030517578,162.2899932861328,159.6586456298828,6413600,0.0,0.0
2025-11-20,164.1999969482422,166.94000244140625,158.50999450683594,158.6999969482422,156.12686157226562,5258600,0.0,0.0
2025-11-21,159.77999877929688,160.11000061035156,155.22999572753906,158.1699981689453,155.60543823242188,9021300,0.0,0.0
2025-11-24,161.3300018310547,164.4600067138672,159.0,162.8300018310547,160.1898956298828,10125700,0.0,0.0
2025-11-25,163.50999450683594,165.8699951171875,160.6199951171875,165.42999267578125,162.7477264404297,5561000,0.0,0.0
2025-11-26,166.97999572753906,168.9600067138672,165.8699951171875,167.94000244140625,165.217041015625,4844200,0.0,0.0
2025-11-28,168.0,170.27000427246094,167.75999450683594,169.66000366210938,166.90914916992188,2133700,0.0,0.0
2025-12-01,169.00999450683594,169.77000427246094,167.72999572753906,168.47000122070312,165.73843383789062,4393500,0.0,0.0
2025-12-02,168.88999938964844,170.1199951171875,168.69000244140625,169.08999633789062,166.34837341308594,4338700,0.0,0.0
2025-12-03,168.5500030517578,174.0,168.10000610351562,173.72000122070312,170.9033203125,6223300,0.0,0.0
2025-12-04,174.32000732421875,176.0,173.72000122070312,174.88999938964844,172.05435180664062,4813200,0.0,0.0
2025-12-05,174.47000122070312,177.32000732421875,174.3000030517578,176.50999450683594,173.64808654785156,4641600,0.0,0.0
2025-12-08,176.99000549316406,178.9600067138672,176.05999755859375,176.8300018310547,173.96290588378906,7271700,0.0,0.0
2025-12-09,176.77999877929688,180.64999389648438,176.77999877929688,178.8300018310547,175.9304656982422,4191200,0.0,0.0
2025-12-10,178.5,181.30999755859375,177.75,179.7100067138672,176.79620361328125,6591200,0.0,0.0
2025-12-11,180.1300048828125,181.97999572753906,179.5,180.2899932861328,177.3667755126953,7598700,0.0,0.0
2025-12-12,181.14999389648438,181.14999389648438,177.75,178.41000366210938,175.51727294921875,4961500,0.0,0.0
2025-12-15,179.91000366210938,180.89999389648438,177.72999572753906,177.7899932861328,174.90731811523438,5219000,0.0,0.0
2025-12-16,178.1300048828125,178.64999389648438,175.67999267578125,176.50999450683594,173.64808654785156,6840500,0.0,0.0
2025-12-17,178.0500030517578,179.4499969482422,174.4600067138672,174.8000030517578,171.9658203125,5796100,0.0,0.0
2025-12-18,176.5500030517578,177.07000732421875,172.5800018310547,172.9600067138672,170.15565490722656,7993400,0.0,0.0
2025-12-19,173.4600067138672,177.6999969482422,173.4600067138672,176.97999572753906,174.11045837402344,10639400,0.0,0.0
2025-12-22,177.58999633789062,180.25999450683594,177.41000366210938,179.75999450683594,176.8453826904297,4574600,0.0,0.0
2025-12-23,179.8300018310547,180.5800018310547,179.1300048828125,179.5,176.589599609375,3514800,0.0,0.0
2025-12-24,180.16000366210938,182.0,179.52999877929688,181.64999389648438,178.70472717285156,2648000,0.0,0.0
2025-12-26,181.85000610351562,182.33999633789062,181.10000610351562,181.8699951171875,178.92117309570312,2564700,0.0,0.0
2025-12-29,181.19000244140625,181.6999969482422,179.75,179.94000244140625,177.0224609375,2464300,0.0,0.0
2025-12-30,180.27999877929688,180.3800048828125,178.25999450683594,179.0800018310547,176.17642211914062,2365500,0.0,0.0
2025-12-31,179.50999450683594,179.7100067138672,177.39999389648438,177.52999877929688,174.65155029296875,3098100,0.0,0.0
2026-01-02,178.52000427246094,181.9600067138672,177.13999938964844,181.89999389648438,178.95068359375,4509900,0.0,0.0
2026-01-05,182.1999969482422,188.50999450683594,182.05999755859375,186.5399932861328,183.5154571533203,6787400,0.0,0.0
2026-01-06,186.6999969482422,188.82000732421875,185.75,187.75,184.70582580566406,3795600,0.0,0.0
2026-01-07,187.3000030517578,187.75,184.33999633789062,184.7899932861328,181.7938232421875,3532400,0.0,0.0
2026-01-08,183.91000366210938,186.13999938964844,183.66000366210938,184.67999267578125,181.68560791015625,3745900,0.0,0.0
2026-01-09,185.6999969482422,186.9199981689453,185.0399932861328,186.32000732421875,183.2990264892578,4630900,0.0,0.0
2026-01-12,184.6300048828125,187.27000427246094,183.9199981689453,186.57000732421875,183.5449676513672,5635400,0.0,0.0
2026-01-13,186.9600067138672,187.02000427246094,182.14999389648438,182.75999450683594,179.79673767089844,6594800,0.0,0.0
2026-01-14,182.19000244140625,182.35000610351562,178.92999267578125,180.77999877929688,177.8488311767578,8434000,0.0,0.0
2026-01-15,181.0,192.16000366210938,181.0,191.22999572753906,188.12940979003906,12957100,0.0,0.0
2026-01-16,190.55999755859375,192.67999267578125,189.0,189.08999633789062,186.02410888671875,8398100,0.0,0.0
2026-01-20,185.25,186.6999969482422,181.27999877929688,182.10000610351562,179.1474609375,11302600,0.0,0.0
2026-01-21,182.47000122070312,186.4199981689453,182.02000427246094,183.32000732421875,180.34767150878906,11715800,0.0,0.0
2026-01-22,184.52999877929688,186.0399932861328,182.25999450683594,183.0500030517578,180.08206176757812,8966900,0.0,0.0
2026-01-23,181.8699951171875,181.8699951171875,177.9499969482422,179.0,176.09771728515625,8532800,0.0,0.0
2026-01-26,179.36000061035156,182.44000244140625,178.86000061035156,181.8800048828125,178.93101501464844,6389800,0.0,0.0
2026-01-27,182.24000549316406,183.97000122070312,181.14999389648438,182.66000366210938,179.6983642578125,5138100,0.0,0.0
2026-01-28,182.44000244140625,183.00999450683594,180.3800048828125,182.33999633789062,179.38356018066406,5538800,0.0,0.0
2026-01-29,183.17999267578125,185.02999877929688,179.4600067138672,182.39999389648438,179.44256591796875,7473400,0.0,0.0
2026-01-30,180.2100067138672,183.14999389648438,179.97000122070312,182.8000030517578,180.82748413085938,7434900,1.0,0.0
2026-02-02,182.61000061035156,185.44000244140625,180.5500030517578,185.10000610351562,183.1026611328125,6827200,0.0,0.0
2026-02-03,185.27999877929688,188.67999267578125,178.4499969482422,182.91000366210938,180.936279296875,7751300,0.0,0.0
2026-02-04,182.72999572753906,183.64999389648438,178.5,180.0800018310547,178.13681030273438,7571900,0.0,0.0
2026-02-05,178.0,179.4499969482422,173.25,175.83999633789062,173.94256591796875,9571800,0.0,0.0
2026-02-06,178.88999938964844,181.19000244140625,177.5,179.9600067138672,178.0181121826172,9139700,0.0,0.0
2026-02-09,179.99000549316406,183.82000732421875,179.4600067138672,182.35000610351562,180.38232421875,6625900,0.0,0.0
2026-02-10,181.9199981689453,184.5800018310547,173.5500030517578,177.88999938964844,175.970458984375,12854500,0.0,0.0
2026-02-11,179.77000427246094,181.0399932861328,174.3000030517578,176.67999267578125,174.77349853515625,7777800,0.0,0.0
2026-02-12,177.42999267578125,178.7899932861328,165.41000366210938,168.05999755859375,166.24652099609375,14436700,0.0,0.0
2026-02-13,167.1199951171875,171.49000549316406,163.58999633789062,171.14999389648438,169.3031768798828,9162400,0.0,0.0
2026-02-17,172.5500030517578,174.1999969482422,170.86000061035156,171.5399932861328,169.68896484375,6376900,0.0,0.0
2026-02-18,173.49000549316406,177.30999755859375,173.4499969482422,176.58999633789062,174.68447875976562,6343300,0.0,0.0
2026-02-19,175.16000366210938,176.27999877929688,172.52999877929688,174.3699951171875,172.48843383789062,7259500,0.0,0.0
2026-02-20,173.4499969482422,175.42999267578125,171.55999755859375,175.41000366210938,173.5172119140625,4272600,0.0,0.0
2026-02-23,173.9600067138672,175.6199951171875,166.61000061035156,166.8000030517578,165.00013732910156,7795500,0.0,0.0
2026-02-24,165.47000122070312,170.32000732421875,164.11000061035156,168.7899932861328,166.9686279296875,7413800,0.0,0.0
2026-02-25,170.6999969482422,174.0399932861328,169.64999389648438,173.72999572753906,171.85533142089844,7098500,0.0,0.0
2026-02-26,174.8800048828125,177.8300018310547,174.4499969482422,177.49000549316406,175.5747833251953,6901600,0.0,0.0
2026-02-27,174.0,174.1300048828125,164.39999389648438,166.50999450683594,164.71324157714844,12400400,0.0,0.0
2026-03-02,162.63999938964844,169.60000610351562,162.14999389648438,167.0,165.1979522705078,9212600,0.0,0.0
2026-03-03,162.4600067138672,167.32000732421875,159.9499969482422,165.9499969482422,164.15928649902344,7495500,0.0,0.0
2026-03-04,167.5800018310547,169.1999969482422,166.52000427246094,167.5800018310547,165.77169799804688,5307800,0.0,0.0
2026-03-05,165.3800048828125,167.97000122070312,160.50999450683594,162.5500030517578,160.7959747314453,7274900,0.0,0.0
2026-03-06,159.50999450683594,160.35000610351562,155.35000610351562,160.27000427246094,158.54058837890625,8046000,0.0,0.0
2026-03-09,157.9199981689453,161.85000610351562,154.07000732421875,160.4499969482422,158.71864318847656,7480800,0.0,0.0
2026-03-10,161.83999633789062,163.47999572753906,159.86000061035156,160.75,159.01541137695312,4314600,0.0,0.0
2026-03-11,160.0,161.75999450683594,157.85000610351562,160.88999938964844,159.15390014648438,5463200,0.0,0.0
2026-03-12,154.3699951171875,156.25,152.8000030517578,154.3699951171875,152.70423889160156,11195700,0.0,0.0
2026-03-13,154.88999938964844,157.24000549316406,153.86000061035156,154.8699951171875,153.1988525390625,6001900,0.0,0.0
2026-03-16,156.4600067138672,159.08999633789062,154.7899932861328,155.6999969482422,154.0198974609375,5498100,0.0,0.0
2026-03-17,157.3000030517578,160.63999938964844,157.3000030517578,157.8300018310547,156.12692260742188,6528600,0.0,0.0
2026-03-18,157.02000427246094,160.63999938964844,156.52000427246094,158.92999267578125,157.21502685546875,9140900,0.0,0.0
2026-03-19,156.99000549316406,159.6199951171875,156.52999877929688,158.5500030517578,156.8391571044922,6418300,0.0,0.0
2026-03-20,158.36000061035156,163.13999938964844,157.25,161.47000122070312,159.72764587402344,14621300,0.0,0.0
2026-03-23,166.25999450683594,168.13999938964844,164.16000366210938,164.32000732421875,162.54689025878906,10128400,0.0,0.0
2026-03-24,162.44000244140625,167.1199951171875,162.22999572753906,165.8699951171875,164.08013916015625,6016200,0.0,0.0
2026-03-25,166.8000030517578,168.80999755859375,164.0,165.64999389648438,163.86251831054688,6444600,0.0,0.0
2026-03-26,164.64999389648438,166.3300018310547,162.47999572753906,163.22999572753906,161.46864318847656,6175700,0.0,0.0
2026-03-27,161.0,161.22999572753906,157.3300018310547,158.38999938964844,156.68087768554688,6368400,0.0,0.0
2026-03-30,160.14999389648438,161.24000549316406,157.22000122070312,158.3699951171875,156.6610870361328,6261600,0.0,0.0
2026-03-31,161.5,165.2899932861328,159.64999389648438,164.57000732421875,162.794189453125,8081700,0.0,0.0
2026-04-01,168.91000366210938,169.2899932861328,163.1999969482422,166.1699981689453,164.3769073486328,7117000,0.0,0.0
2026-04-02,161.99000549316406,167.0,160.57000732421875,165.80999755859375,164.0207977294922,5107500,0.0,0.0
2026-04-06,165.8800048828125,167.6300048828125,165.44000244140625,166.5500030517578,164.75282287597656,3674800,0.0,0.0
2026-04-07,165.69000244140625,168.89999389648438,165.2899932861328,168.42999267578125,166.61253356933594,6036400,0.0,0.0
2026-04-08,176.89999389648438,181.25999450683594,174.49000549316406,176.02000427246094,174.12063598632812,7662600,0.0,0.0
2026-04-09,175.1699981689453,179.0,174.8000030517578,178.16000366210938,176.237548828125,5298900,0.0,0.0
2026-04-10,178.66000366210938,178.66000366210938,174.6999969482422,177.63999938964844,175.72314453125,4240100,0.0,0.0
2026-04-13,175.75999450683594,181.17999267578125,175.00999450683594,181.13999938964844,179.1853790283203,6282900,0.0,0.0
2026-04-14,182.8699951171875,184.58999633789062,181.75,183.33999633789062,181.36163330078125,8803600,0.0,0.0
2026-04-15,188.49000549316406,194.58999633789062,187.9199981689453,191.6199951171875,189.5522918701172,9853800,0.0,0.0
2026-04-16,190.92999267578125,192.50999450683594,186.6699981689453,187.32000732421875,185.2987060546875,9138100,0.0,0.0
2026-04-17,189.5,191.22000122070312,188.22999572753906,188.82000732421875,186.7825164794922,6846100,0.0,0.0
2026-04-20,188.9199981689453,192.1999969482422,188.02000427246094,190.6999969482422,188.6422119140625,4905200,0.0,0.0
2026-04-21,190.7899932861328,193.13999938964844,188.7100067138672,189.30999755859375,187.2672119140625,5154900,0.0,0.0
2026-04-22,191.67999267578125,192.22999572753906,189.82000732421875,191.0500030517578,188.9884490966797,4492100,0.0,0.0
2026-04-23,190.66000366210938,191.75999450683594,186.89999389648438,188.64999389648438,186.6143341064453,3814400,0.0,0.0
2026-04-24,188.7899932861328,189.0500030517578,187.1199951171875,188.07000732421875,186.0406036376953,4530600,0.0,0.0
2026-04-27,187.8699951171875,190.58999633789062,187.75,190.17999267578125,188.12782287597656,4163600,0.0,0.0
2026-04-28,191.30999755859375,192.64999389648438,188.66000366210938,190.36000061035156,188.30589294433594,4107100,0.0,0.0
2026-04-29,190.00999450683594,190.50999450683594,185.25,187.0800018310547,185.061279296875,5107600,0.0,0.0
2026-04-30,185.60000610351562,190.72999572753906,184.89999389648438,190.58999633789062,189.5465850830078,5664900,1.0,0.0
2026-05-01,190.49000549316406,193.5,188.77000427246094,190.1699981689453,189.12889099121094,4742700,0.0,0.0
2026-05-04,189.92999267578125,190.35000610351562,187.1199951171875,188.00999450683594,186.980712890625,3833000,0.0,0.0
2026-05-05,189.33999633789062,190.4499969482422,187.9499969482422,189.25,188.21392822265625,4807900,0.0,0.0
2026-05-06,192.1699981689453,194.8300018310547,192.1699981689453,193.35000610351562,192.29148864746094,6319500,0.0,0.0
2026-05-07,193.16000366210938,194.25,189.6699981689453,190.1699981689453,189.12889099121094,5761900,0.0,0.0
2026-05-08,190.8800048828125,193.5,190.47000122070312,193.08999633789062,192.03289794921875,5873400,0.0,0.0
2026-05-11,192.36000061035156,193.6699981689453,190.0399932861328,191.10000610351562,190.05380249023438,5272500,0.0,0.0
2026-05-12,190.1999969482422,192.3800048828125,186.4499969482422,191.8800048828125,190.82952880859375,5333300,0.0,0.0
2026-05-13,190.7100067138672,194.9499969482422,189.60000610351562,193.8300018310547,192.76885986328125,4463700,0.0,0.0
2026-05-14,195.6199951171875,197.5,193.41000366210938,194.52999877929688,193.46502685546875,4785000,0.0,0.0
2026-05-15,193.8800048828125,194.42999267578125,191.11000061035156,192.50999450683594,191.45606994628906,5937700,0.0,0.0
2026-05-18,192.6199951171875,194.80999755859375,191.13999938964844,192.69000244140625,191.63510131835938,3770200,0.0,0.0
2026-05-19,191.5500030517578,192.83999633789062,188.94000244140625,189.5800018310547,188.54212951660156,6357900,0.0,0.0
2026-05-20,191.9600067138672,198.07000732421875,190.08999633789062,197.77000427246094,196.68728637695312,7201100,0.0,0.0
2026-05-21,197.80999755859375,200.75,196.89999389648438,200.50999450683594,199.4122772216797,5817400,0.0,0.0
2026-05-22,201.1300048828125,203.08999633789062,200.6300048828125,201.02999877929688,199.92942810058594,3734200,0.0,0.0
2026-05-26,202.85000610351562,203.9199981689453,199.8699951171875,201.75999450683594,200.6554412841797,5567400,0.0,0.0
2026-05-27,202.0500030517578,202.52999877929688,197.00999450683594,201.61000061035156,200.50625610351562,6731500,0.0,0.0
2026-05-28,199.9199981689453,204.3800048828125,199.67999267578125,203.7899932861328,202.67431640625,6174800,0.0,0.0
2026-05-29,204.0,208.0800018310547,203.72000122070312,208.0,206.8612823486328,8255500,0.0,0.0
2026-06-01,207.61000061035156,212.11000061035156,206.60000610351562,211.00999450683594,209.85479736328125,6431200,0.0,0.0
2026-06-02,210.25999450683594,217.02999877929688,210.25999450683594,214.97999572753906,213.8030548095703,7664400,0.0,0.0
2026-06-03,212.85000610351562,213.49000549316406,208.7899932861328,210.13999938964844,208.98956298828125,5957300,0.0,0.0
2026-06-04,212.00999450683594,219.16000366210938,211.14999389648438,218.27000427246094,217.07505798339844,5565300,0.0,0.0
2026-06-05,218.32000732421875,218.32000732421875,211.16000366210938,211.92999267578125,210.76976013183594,6171000,0.0,0.0
2026-06-08,213.27000427246094,215.89999389648438,211.74000549316406,212.24000549316406,211.07806396484375,4732000,0.0,0.0
2026-06-09,214.4199981689453,215.24000549316406,206.05999755859375,210.25,209.0989532470703,7841100,0.0,0.0
2026-06-10,208.94000244140625,210.24000549316406,205.8300018310547,206.66000366210938,205.5286102294922,5362800,0.0,0.0
2026-06-11,208.7899932861328,212.8300018310547,207.0,212.66000366210938,211.4957733154297,4631500,0.0,0.0
2026-06-12,215.0500030517578,217.6199951171875,212.66000366210938,214.0399932861328,212.8682098388672,4694300,0.0,0.0
2026-06-15,218.75999450683594,220.60000610351562,216.85000610351562,217.97999572753906,216.78663635253906,5862500,0.0,0.0
2026-06-16,220.50999450683594,222.3000030517578,218.58999633789062,220.8300018310547,219.62103271484375,5091700,0.0,0.0
2026-06-17,222.11000061035156,228.07000732421875,221.36000061035156,224.9600067138672,223.7284393310547,8689700,0.0,0.0
2026-06-18,229.08999633789062,230.47000122070312,222.88999938964844,223.1699981689453,221.94822692871094,11933200,0.0,0.0
2026-06-22,226.7100067138672,228.22999572753906,224.99000549316406,227.08999633789062,225.8467559814453,6870800,0.0,0.0
2026-06-23,222.50999450683594,227.9499969482422,222.1199951171875,226.02999877929688,224.79257202148438,6052800,0.0,0.0
2026-06-24,224.60000610351562,226.5,219.80999755859375,219.86000061035156,218.65634155273438,6971000,0.0,0.0
2026-06-25,222.99000549316406,227.47999572753906,220.85000610351562,221.0399932861328,219.8298797607422,5257200,0.0,0.0
2026-06-26,219.6999969482422,219.75,211.36000061035156,212.02999877929688,210.8692169189453,9919100,0.0,0.0
2026-06-29,214.3300018310547,217.0,211.69000244140625,211.72000122070312,210.5609130859375,5426400,0.0,0.0
2026-06-30,210.1699981689453,211.7100067138672,208.17999267578125,209.0399932861328,207.8955841064453,5599400,0.0,0.0
2026-07-01,208.9600067138672,213.19000244140625,206.72000122070312,211.86000061035156,210.7001495361328,4690000,0.0,0.0
2026-07-02,214.7100067138672,215.86000061035156,211.5500030517578,213.92999267578125,212.75880432128906,3745300,0.0,0.0
2026-07-06,217.0,222.13999938964844,216.3699951171875,222.10000610351562,220.88409423828125,4567700,0.0,0.0
2026-07-07,221.5399932861328,223.25999450683594,219.82000732421875,222.0399932861328,220.82440185546875,5413300,0.0,0.0
2026-07-08,220.0,220.91000366210938,216.10000610351562,218.07000732421875,216.87615966796875,4108300,0.0,0.0
2026-07-09,221.0,224.44000244140625,220.00999450683594,222.1300048828125,220.91392517089844,4073100,0.0,0.0
2026-07-10,223.91000366210938,224.75,220.85000610351562,222.27999877929688,221.06309509277344,3617600,0.0,0.0
2026-07-13,222.4600067138672,223.4499969482422,218.75,221.08999633789062,219.87960815429688,4550300,0.0,0.0
2026-07-14,224.32000732421875,232.11000061035156,224.10000610351562,227.6699981689453,226.423583984375,9306200,0.0,0.0
2026-07-15,222.6999969482422,232.25,221.22000122070312,228.5500030517578,227.2987823486328,10865600,0.0,0.0
2026-07-16,228.22999572753906,228.22999572753906,215.7899932861328,218.3699951171875,217.17449951171875,8313700,0.0,0.0
2026-07-17,214.39999389648438,218.3800048828125,207.39999389648438,215.5,214.32022094726562,7852200,0.0,0.0
2026-07-20,215.52000427246094,219.74000549316406,210.35000610351562,210.94000244140625,209.78518676757812,6816500,0.0,0.0
2026-07-21,213.66000366210938,217.39999389648438,212.25,216.39999389648438,215.2152862548828,6999500,0.0,0.0
2026-07-22,215.52000427246094,219.6300048828125,215.52000427246094,218.5,217.3037872314453,3683200,0.0,0.0
2026-07-23,214.88999938964844,217.25999450683594,213.72000122070312,215.17999267578125,214.00196838378906,4962100,0.0,0.0
2026-07-24,216.39999389648438,216.39999389648438,211.2100067138672,214.47999572753906,213.30580139160156,4091300,0.0,0.0
2026-07-27,218.02000427246094,219.39999389648438,210.88999938964844,214.55999755859375,213.38536071777344,4958100,0.0,0.0
2026-07-28,213.75,213.75,207.2899932861328,211.5800018310547,210.4216766357422,6021000,0.0,0.0
2026-07-29,212.08999633789062,212.35000610351562,202.94000244140625,203.1300048828125,202.0179443359375,6722300,0.0,0.0
2026-07-30,207.5,211.14999389648438,205.3000030517578,210.05999755859375,208.91000366210938,6832900,0.0,0.0
2026-07-31,210.6999969482422,213.4600067138672,208.69000244140625,210.4199981689453,210.4199981689453,4723000,1.15,0.0
2026-08-03,211.4600067138672,211.69000244140625,208.00999450683594,211.22999572753906,211.22999572753906,4982600,0.0,0.0
2026-08-04,213.6699981689453,218.75999450683594,211.50999450683594,217.0399932861328,217.0399932861328,8932800,0.0,0.0
2026-08-05,218.13999938964844,220.1199951171875,217.1199951171875,218.27000427246094,218.27000427246094,4344100,0.0,0.0
2026-08-06,219.00999450683594,219.77999877929688,213.5399932861328,213.75,213.75,3588000,0.0,0.0
2026-08-07,213.74000549316406,216.47000122070312,211.80999755859375,216.3300018310547,216.3300018310547,5225800,0.0,0.0
2026-08-10,216.3300018310547,217.6199951171875,214.3800048828125,215.3300018310547,215.3300018310547,3837600,0.0,0.0
2026-08-11,216.32000732421875,217.2100067138672,213.52000427246094,215.07000732421875,215.07000732421875,3785000,0.0,0.0
2026-08-12,218.49000549316406,220.5,216.97999572753906,217.63999938964844,217.63999938964844,3742600,0.0,0.0
2026-08-13,219.3000030517578,222.0,217.8800048828125,218.3800048828125,218.3800048828125,3611200,0.0,0.0
2026-08-14,217.8000030517578,218.72000122070312,215.3000030517578,217.36000061035156,217.36000061035156,3405800,0.0,0.0
2026-08-17,217.36000061035156,220.52999877929688,217.36000061035156,218.2100067138672,218.2100067138672,3397500,0.0,0.0
2026-08-18,217.05999755859375,217.6999969482422,215.19000244140625,217.5500030517578,217.5500030517578,2777900,0.0,0.0
2026-08-19,218.77999877929688,218.77999877929688,213.55999755859375,214.22999572753906,214.22999572753906,4910200,0.0,0.0
2026-08-20,214.2899932861328,215.07000732421875,207.32000732421875,207.4499969482422,207.4499969482422,4875200,0.0,0.0
2026-08-21,210.0800018310547,214.57000732421875,209.1300048828125,214.1999969482422,214.1999969482422,4573000,0.0,0.0
2026-08-24,214.44000244140625,216.3000030517578,213.22000122070312,214.0800018310547,214.0800018310547,3444100,0.0,0.0
2026-08-25,214.86000061035156,217.33999633789062,213.3699951171875,216.77000427246094,216.77000427246094,3270400,0.0,0.0
2026-08-26,217.0,217.0,211.85000610351562,214.0800018310547,214.0800018310547,4126100,0.0,0.0
2026-08-27,214.02999877929688,216.52000427246094,213.5,214.86000061035156,214.86000061035156,3923400,0.0,0.0
2026-08-28,215.39999389648438,216.64999389648438,214.19000244140625,214.77000427246094,214.77000427246094,3735400,0.0,0.0
2026-08-31,214.3000030517578,214.5,212.6199951171875,213.32000732421875,213.32000732421875,4206700,0.0,0.0
2026-09-01,210.22000122070312,216.25999450683594,208.91000366210938,211.0399932861328,211.0399932861328,3522800,0.0,0.0
2026-09-02,211.97000122070312,216.14999389648438,210.60000610351562,211.82000732421875,211.82000732421875,3615800,0.0,0.0
2026-09-03,213.1999969482422,217.80999755859375,213.1999969482422,217.14999389648438,217.14999389648438,3868500,0.0,0.0
2026-09-04,215.63999938964844,218.22000122070312,214.30999755859375,217.72000122070312,217.72000122070312,3132000,0.0,0.0
2026-09-08,217.1999969482422,218.50999450683594,215.22000122070312,216.24000549316406,216.24000549316406,3455200,0.0,0.0
2026-09-09,215.00999450683594,217.5399932861328,212.30999755859375,215.35000610351562,215.35000610351562,4023100,0.0,0.0
2026-09-10,214.0399932861328,216.27000427246094,212.50999450683594,212.66000366210938,212.66000366210938,4546800,0.0,0.0
2026-09-11,215.10000610351562,217.75999450683594,211.24000549316406,214.3800048828125,214.3800048828125,3928400,0.0,0.0
2026-09-14,211.66000366210938,212.97000122070312,204.82000732421875,206.5800018310547,206.5800018310547,7500200,0.0,0.0
2026-09-15,205.33999633789062,207.13999938964844,200.39999389648438,206.27999877929688,206.27999877929688,7915300,0.0,0.0
2026-09-16,207.8699951171875,208.08999633789062,200.6300048828125,202.4199981689453,202.4199981689453,6999600,0.0,0.0
2026-09-17,205.0500030517578,205.0500030517578,200.25999450683594,203.52000427246094,203.52000427246094,4804100,0.0,0.0
2026-09-18,202.10000610351562,203.0500030517578,200.85000610351562,202.5800018310547,202.5800018310547,7446500,0.0,0.0
2026-09-21,205.49000549316406,206.66000366210938,203.17999267578125,206.1199951171875,206.1199951171875,4040600,0.0,0.0
2026-09-22,205.57000732421875,206.75,198.2100067138672,200.17999267578125,200.17999267578125,7799600,0.0,0.0
2026-09-23,198.5,201.1199951171875,197.94000244140625,198.38999938964844,198.38999938964844,4341300,0.0,0.0
2026-09-24,197.39999389648438,198.3000030517578,194.75,196.32000732421875,196.32000732421875,5195300,0.0,0.0
2026-09-25,197.97999572753906,197.97999572753906,194.25,196.30999755859375,196.30999755859375,4527300,0.0,0.0
2026-09-28,195.8699951171875,195.92999267578125,192.97000122070312,193.63999938964844,193.63999938964844,4357200,0.0,0.0
2026-09-29,193.8000030517578,194.35000610351562,191.27000427246094,192.75999450683594,192.75999450683594,4677000,0.0,0.0
2026-09-30,191.99000549316406,192.05999755859375,188.07000732421875,188.0800018310547,188.0800018310547,6907300,0.0,0.0
2026-10-01,186.05999755859375,188.10000610351562,182.47000122070312,188.00999450683594,188.00999450683594,9542700,0.0,0.0
2026-10-02,188.94000244140625,191.52999877929688,188.50999450683594,190.30999755859375,190.30999755859375,6322400,0.0,0.0
