Date,Open,High,Low,Close,Adj Close,Volume,Dividends,Stock Splits
2015-01-02,53.560001373291016,54.08000183105469,53.0099983215332,53.47999954223633,38.9035530090332,4020100,0.0,0.0
2015-01-05,53.189998626708984,53.4900016784668,52.599998474121094,52.650001525878906,38.299774169921875,5599300,0.0,0.0
2015-01-06,52.88999938964844,53.02000045776367,51.720001220703125,51.779998779296875,37.666908264160156,5468400,0.0,0.0
2015-01-07,52.0099983215332,52.869998931884766,51.790000915527344,52.709999084472656,38.34342575073242,4577100,0.0,0.0
2015-01-08,53.130001068115234,53.95000076293945,53.0099983215332,53.56999969482422,38.96902847290039,6295200,0.0,0.0
2015-01-09,53.47999954223633,53.97999954223633,53.09000015258789,53.599998474121094,38.99085235595703,3913700,0.0,0.0
2015-01-12,53.7400016784668,53.75,52.900001525878906,53.119998931884766,38.64168167114258,4282500,0.0,0.0
2015-01-13,53.56999969482422,54.279998779296875,52.459999084472656,52.790000915527344,38.4016227722168,5013900,0.0,0.0
2015-01-14,52.54999923706055,53.310001373291016,52.2400016784668,52.709999084472656,38.34342575073242,5191400,0.0,0.0
2015-01-15,52.90999984741211,53.2400016784668,52.20000076293945,52.38999938964844,38.11064147949219,5796300,0.0,0.0
2015-01-16,52.47999954223633,53.41999816894531,52.119998931884766,53.290000915527344,38.76535415649414,4988700,0.0,0.0
2015-01-20,53.4900016784668,54.150001525878906,53.189998626708984,53.810001373291016,39.14362335205078,7213400,0.0,0.0
2015-01-21,53.29999923706055,54.470001220703125,53.20000076293945,54.279998779296875,39.48552322387695,5468900,0.0,0.0
2015-01-22,54.31999969482422,54.97999954223633,53.34000015258789,54.970001220703125,39.987449645996094,5484200,0.0,0.0
2015-01-23,54.959999084472656,55.290000915527344,54.540000915527344,55.060001373291016,40.052913665771484,4856500,0.0,0.0
2015-01-26,54.70000076293945,55.29999923706055,54.36000061035156,55.04999923706055,40.04564666748047,6137000,0.0,0.0
2015-01-27,54.529998779296875,55.459999084472656,54.209999084472656,54.83000183105469,39.88560104370117,8532600,0.0,0.0
2015-01-28,54.75,55.25,53.849998474121094,53.939998626708984,39.4830207824707,7393500,0.34,0.0
2015-01-29,53.720001220703125,54.86000061035156,53.40999984741211,54.66999816894531,40.01735305786133,5044900,0.0,0.0
2015-01-30,53.97999954223633,54.599998474121094,53.349998474121094,53.45000076293945,39.12434387207031,12515800,0.0,0.0
2015-02-02,53.5,53.7599983215332,52.40999984741211,53.4900016784668,39.15361785888672,8385600,0.0,0.0
2015-02-03,53.709999084472656,54.47999954223633,53.61000061035156,54.439998626708984,39.84902572631836,6017400,0.0,0.0
2015-02-04,54.0099983215332,54.900001525878906,54.0099983215332,54.619998931884766,39.98076629638672,7962500,0.0,0.0
2015-02-05,54.63999938964844,55.34000015258789,54.47999954223633,55.310001373291016,40.48582077026367,5060000,0.0,0.0
2015-02-06,55.290000915527344,55.45000076293945,54.27000045776367,54.36000061035156,39.79044723510742,7715900,0.0,0.0
2015-02-09,54.310001373291016,54.7599983215332,54.029998779296875,54.27000045776367,39.724571228027344,5146400,0.0,0.0
2015-02-10,54.75,55.869998931884766,54.56999969482422,55.81999969482422,40.85914611816406,5654400,0.0,0.0
2015-02-11,55.63999938964844,56.22999954223633,55.5,56.0,40.99088668823242,4956100,0.0,0.0
2015-02-12,56.4900016784668,57.5,56.29999923706055,57.439998626708984,42.044944763183594,7069500,0.0,0.0
2015-02-13,57.599998474121094,57.97999954223633,57.209999084472656,57.970001220703125,42.43290328979492,5330900,0.0,0.0
2015-02-17,57.66999816894531,58.459999084472656,57.54999923706055,58.20000076293945,42.60124206542969,7962600,0.0,0.0
2015-02-18,57.79999923706055,58.13999938964844,57.599998474121094,57.939998626708984,42.41094207763672,3276500,0.0,0.0
2015-02-19,57.88999938964844,58.189998626708984,57.7400016784668,58.040000915527344,42.484134674072266,2422300,0.0,0.0
2015-02-20,58.040000915527344,58.540000915527344,57.59000015258789,58.52000045776367,42.83549118041992,3630300,0.0,0.0
2015-02-23,58.459999084472656,58.4900016784668,57.90999984741211,58.27000045776367,42.65248489379883,3053400,0.0,0.0
2015-02-24,58.09000015258789,59.0099983215332,58.0,58.959999084472656,43.157554626464844,4426900,0.0,0.0
2015-02-25,58.91999816894531,59.290000915527344,58.75,59.099998474121094,43.26003646850586,3921100,0.0,0.0
2015-02-26,59.27000045776367,59.4900016784668,58.90999984741211,59.41999816894531,43.494258880615234,5274000,0.0,0.0
2015-02-27,59.4900016784668,59.4900016784668,58.720001220703125,58.79999923706055,43.040443420410156,6494900,0.0,0.0
2015-03-02,59.06999969482422,59.9900016784668,58.959999084472656,59.939998626708984,43.87488555908203,4572500,0.0,0.0
2015-03-03,59.79999923706055,59.810001373291016,58.5,58.56999969482422,42.87208938598633,6088200,0.0,0.0
2015-03-04,58.52000045776367,58.66999816894531,57.86000061035156,58.31999969482422,42.6890983581543,4473900,0.0,0.0
2015-03-05,58.29999923706055,58.790000915527344,58.02000045776367,58.34000015258789,42.70372009277344,3685800,0.0,0.0
2015-03-06,58.20000076293945,58.310001373291016,57.45000076293945,57.63999938964844,42.191341400146484,4476900,0.0,0.0
2015-03-09,57.7599983215332,58.630001068115234,57.61000061035156,58.41999816894531,42.76229476928711,4034000,0.0,0.0
2015-03-10,57.849998474121094,58.16999816894531,57.06999969482422,57.099998474121094,41.79607391357422,5721900,0.0,0.0
2015-03-11,57.43000030517578,57.77000045776367,57.119998931884766,57.16999816894531,41.8473014831543,3151500,0.0,0.0
2015-03-12,56.5,57.34000015258789,56.349998474121094,57.220001220703125,41.88391876220703,3707900,0.0,0.0
2015-03-13,57.38999938964844,57.5,56.61000061035156,57.119998931884766,41.810707092285156,4805400,0.0,0.0
2015-03-16,57.4900016784668,58.439998626708984,57.380001068115234,58.33000183105469,42.696414947509766,5162700,0.0,0.0
2015-03-17,58.189998626708984,58.22999954223633,57.47999954223633,57.970001220703125,42.43290328979492,3261200,0.0,0.0
2015-03-18,58.16999816894531,58.689998626708984,56.93000030517578,58.29999923706055,42.67445755004883,6239000,0.0,0.0
2015-03-19,58.349998474121094,58.72999954223633,58.09000015258789,58.529998779296875,42.84280776977539,3411400,0.0,0.0
2015-03-20,58.900001525878906,59.529998779296875,58.72999954223633,59.279998779296875,43.391788482666016,9150800,0.0,0.0
2015-03-23,59.18000030517578,59.2599983215332,58.630001068115234,58.65999984741211,42.93796157836914,3807300,0.0,0.0
2015-03-24,58.790000915527344,59.02000045776367,58.40999984741211,58.439998626708984,42.77692794799805,3665700,0.0,0.0
2015-03-25,58.40999984741211,58.599998474121094,55.72999954223633,55.72999954223633,40.79327392578125,11204000,0.0,0.0
2015-03-26,55.09000015258789,56.25,54.619998931884766,55.79999923706055,40.84449768066406,6830800,0.0,0.0
2015-03-27,55.77000045776367,57.18000030517578,55.560001373291016,56.7599983215332,41.547203063964844,5144300,0.0,0.0
2015-03-30,57.099998474121094,58.119998931884766,56.84000015258789,58.0,42.454856872558594,5336100,0.0,0.0
2015-03-31,57.7400016784668,57.90999984741211,57.08000183105469,57.189998626708984,41.8619499206543,4905300,0.0,0.0
2015-04-01,57.04999923706055,57.22999954223633,56.22999954223633,56.540000915527344,41.386165618896484,5322900,0.0,0.0
2015-04-02,56.68000030517578,57.20000076293945,56.41999816894531,56.720001220703125,41.51791763305664,3545900,0.0,0.0
2015-04-06,56.189998626708984,57.150001525878906,55.86000061035156,56.810001373291016,41.58380889892578,3120500,0.0,0.0
2015-04-07,56.689998626708984,57.43000030517578,56.56999969482422,56.939998626708984,41.67896270751953,3259600,0.0,0.0
2015-04-08,56.79999923706055,57.290000915527344,56.560001373291016,56.970001220703125,41.700923919677734,4142200,0.0,0.0
2015-04-09,56.720001220703125,57.84000015258789,56.529998779296875,57.779998779296875,42.293819427490234,4362200,0.0,0.0
2015-04-10,57.83000183105469,57.849998474121094,57.540000915527344,57.70000076293945,42.235267639160156,3410800,0.0,0.0
2015-04-13,57.81999969482422,57.9900016784668,57.189998626708984,57.209999084472656,41.87659454345703,3004400,0.0,0.0
2015-04-14,57.150001525878906,57.40999984741211,56.58000183105469,56.75,41.53987503051758,3875100,0.0,0.0
2015-04-15,57.11000061035156,58.689998626708984,56.9900016784668,58.5,42.82084655761719,6654600,0.0,0.0
2015-04-16,58.13999938964844,58.58000183105469,58.08000183105469,58.40999984741211,42.754981994628906,4058800,0.0,0.0
2015-04-17,57.84000015258789,58.20000076293945,57.20000076293945,57.33000183105469,41.96443176269531,5231200,0.0,0.0
2015-04-20,57.599998474121094,58.529998779296875,57.599998474121094,58.16999816894531,42.57929611206055,3220400,0.0,0.0
2015-04-21,58.869998931884766,58.869998931884766,58.029998779296875,58.15999984741211,42.57197570800781,2853700,0.0,0.0
2015-04-22,58.540000915527344,58.86000061035156,57.970001220703125,58.72999954223633,42.98920822143555,4473500,0.0,0.0
2015-04-23,54.29999923706055,54.93000030517578,53.93000030517578,54.720001220703125,40.05397033691406,22987500,0.0,0.0
2015-04-24,54.68000030517578,54.83000183105469,54.130001068115234,54.72999954223633,40.061283111572266,10533600,0.0,0.0
2015-04-27,55.31999969482422,56.29999923706055,55.09000015258789,55.560001373291016,40.668819427490234,8397300,0.0,0.0
2015-04-28,55.310001373291016,55.52000045776367,54.63999938964844,55.09000015258789,40.57306671142578,6729300,0.34,0.0
2015-04-29,54.66999816894531,55.31999969482422,54.369998931884766,55.02000045776367,40.52152633666992,5276300,0.0,0.0
2015-04-30,54.90999984741211,55.150001525878906,53.91999816894531,54.209999084472656,39.92497253417969,6756900,0.0,0.0
2015-05-01,54.709999084472656,55.43000030517578,54.41999816894531,55.310001373291016,40.73509979248047,5726700,0.0,0.0
2015-05-04,55.29999923706055,55.61000061035156,55.0099983215332,55.29999923706055,40.72774887084961,4060500,0.0,0.0
2015-05-05,54.970001220703125,55.029998779296875,53.849998474121094,54.0099983215332,39.77767562866211,7970100,0.0,0.0
2015-05-06,54.130001068115234,54.54999923706055,53.34000015258789,53.70000076293945,39.549373626708984,7737300,0.0,0.0
2015-05-07,53.970001220703125,54.400001525878906,53.81999969482422,54.060001373291016,39.81449890136719,5846600,0.0,0.0
2015-05-08,54.5,55.16999816894531,54.34000015258789,54.70000076293945,40.285850524902344,4814600,0.0,0.0
2015-05-11,54.619998931884766,54.75,54.310001373291016,54.439998626708984,40.094383239746094,4204100,0.0,0.0
2015-05-12,54.20000076293945,54.59000015258789,53.75,54.16999816894531,39.8955192565918,4315500,0.0,0.0
2015-05-13,54.15999984741211,54.959999084472656,54.130001068115234,54.689998626708984,40.27848815917969,4332600,0.0,0.0
2015-05-14,55.119998931884766,55.86000061035156,55.0,55.61000061035156,40.9560432434082,4109300,0.0,0.0
2015-05-15,55.900001525878906,56.0,55.27000045776367,55.61000061035156,40.9560432434082,4165300,0.0,0.0
2015-05-18,55.5099983215332,55.900001525878906,55.279998779296875,55.790000915527344,41.08863067626953,3861300,0.0,0.0
2015-05-19,55.88999938964844,56.130001068115234,55.56999969482422,55.779998779296875,41.08126449584961,4848500,0.0,0.0
2015-05-20,55.810001373291016,56.27000045776367,55.560001373291016,55.630001068115234,40.970787048339844,4179300,0.0,0.0
2015-05-21,55.5099983215332,56.0,55.2599983215332,55.5,40.87504196166992,4260800,0.0,0.0
2015-05-22,55.22999954223633,55.599998474121094,55.22999954223633,55.369998931884766,40.779296875,5419700,0.0,0.0
2015-05-26,55.25,55.25,54.20000076293945,54.560001373291016,40.18274688720703,5312000,0.0,0.0
2015-05-27,54.709999084472656,56.22999954223633,54.59000015258789,55.970001220703125,41.2211799621582,7278200,0.0,0.0
2015-05-28,55.959999084472656,56.400001525878906,55.720001220703125,55.90999984741211,41.17699432373047,6851200,0.0,0.0
2015-05-29,56.02000045776367,56.34000015258789,55.56999969482422,55.91999816894531,41.18436050415039,5928700,0.0,0.0
2015-06-01,55.70000076293945,56.34000015258789,55.41999816894531,55.709999084472656,41.029701232910156,4576000,0.0,0.0
2015-06-02,55.41999816894531,55.599998474121094,54.880001068115234,55.25,40.69091796875,4630100,0.0,0.0
2015-06-03,55.459999084472656,55.58000183105469,54.81999969482422,54.88999938964844,40.425777435302734,3659000,0.0,0.0
2015-06-04,54.65999984741211,54.880001068115234,53.83000183105469,53.97999954223633,39.755584716796875,6640700,0.0,0.0
2015-06-05,53.97999954223633,54.2599983215332,53.58000183105469,53.790000915527344,39.61564636230469,3650400,0.0,0.0
2015-06-08,53.66999816894531,53.720001220703125,52.709999084472656,52.81999969482422,38.90126037597656,4795400,0.0,0.0
2015-06-09,52.84000015258789,53.290000915527344,52.439998626708984,52.91999816894531,38.97489547729492,4414300,0.0,0.0
2015-06-10,53.13999938964844,54.38999938964844,52.91999816894531,54.189998626708984,39.910247802734375,6930600,0.0,0.0
2015-06-11,54.16999816894531,54.2599983215332,53.56999969482422,53.63999938964844,39.50518035888672,4711200,0.0,0.0
2015-06-12,53.349998474121094,53.5099983215332,52.9900016784668,53.0099983215332,39.04119110107422,4174100,0.0,0.0
2015-06-15,52.45000076293945,53.11000061035156,52.31999969482422,53.04999923706055,39.07065200805664,4895300,0.0,0.0
2015-06-16,52.90999984741211,53.20000076293945,52.65999984741211,53.09000015258789,39.10009765625,2702200,0.0,0.0
2015-06-17,53.310001373291016,53.529998779296875,52.869998931884766,53.290000915527344,39.24740982055664,3465700,0.0,0.0
2015-06-18,53.47999954223633,54.369998931884766,53.34000015258789,54.220001220703125,39.932342529296875,5911000,0.0,0.0
2015-06-19,54.25,54.59000015258789,53.540000915527344,54.5099983215332,40.14590835571289,9948600,0.0,0.0
2015-06-22,54.619998931884766,55.52000045776367,54.619998931884766,55.5,40.87504196166992,9503400,0.0,0.0
2015-06-23,55.310001373291016,55.599998474121094,54.709999084472656,54.83000183105469,40.38158416748047,5055800,0.0,0.0
2015-06-24,54.650001525878906,54.810001373291016,53.93000030517578,53.9900016784668,39.762943267822266,4203500,0.0,0.0
2015-06-25,54.22999954223633,54.41999816894531,53.7400016784668,53.79999923706055,39.623008728027344,3759600,0.0,0.0
2015-06-26,53.38999938964844,53.75,52.43000030517578,52.900001525878906,38.96015548706055,7860300,0.0,0.0
2015-06-29,52.560001373291016,52.65999984741211,51.470001220703125,51.52000045776367,37.94382095336914,6566400,0.0,0.0
2015-06-30,51.97999954223633,51.9900016784668,51.29999923706055,51.5099983215332,37.93646240234375,5260600,0.0,0.0
2015-07-01,52.150001525878906,52.310001373291016,51.7599983215332,51.90999984741211,38.23104476928711,9820200,0.0,0.0
2015-07-02,52.189998626708984,52.2400016784668,51.77000045776367,51.970001220703125,38.27524185180664,3642400,0.0,0.0
2015-07-06,51.45000076293945,52.0099983215332,51.060001373291016,51.38999938964844,37.848079681396484,4251200,0.0,0.0
2015-07-07,51.310001373291016,51.459999084472656,49.97999954223633,51.209999084472656,37.71551513671875,8205800,0.0,0.0
2015-07-08,50.619998931884766,50.689998626708984,49.459999084472656,49.529998779296875,36.478214263916016,11806400,0.0,0.0
2015-07-09,50.04999923706055,50.400001525878906,48.09000015258789,48.11000061035156,35.43240737915039,22612200,0.0,0.0
2015-07-10,48.93000030517578,49.27000045776367,48.599998474121094,49.0099983215332,36.09524154663086,8448900,0.0,0.0
2015-07-13,49.20000076293945,49.54999923706055,49.0,49.33000183105469,36.33091735839844,4937600,0.0,0.0
2015-07-14,49.38999938964844,50.0,49.310001373291016,49.7599983215332,36.64760971069336,6500100,0.0,0.0
2015-07-15,49.22999954223633,49.79999923706055,49.150001525878906,49.4900016784668,36.44874954223633,5461600,0.0,0.0
2015-07-16,49.47999954223633,49.650001525878906,48.779998779296875,49.36000061035156,36.35300827026367,7401200,0.0,0.0
2015-07-17,49.27000045776367,49.45000076293945,48.77000045776367,49.36000061035156,36.35300827026367,7021300,0.0,0.0
2015-07-20,51.060001373291016,51.060001373291016,49.83000183105469,50.09000015258789,36.89064025878906,8876900,0.0,0.0
2015-07-21,50.029998779296875,51.08000183105469,49.900001525878906,50.22999954223633,36.99375915527344,10632900,0.0,0.0
2015-07-22,48.29999923706055,49.63999938964844,48.0,49.29999923706055,36.30882263183594,15381500,0.0,0.0
2015-07-23,49.84000015258789,51.2599983215332,49.59000015258789,50.5099983215332,37.1999626159668,13271800,0.0,0.0
2015-07-24,50.47999954223633,50.560001373291016,48.880001068115234,49.029998779296875,36.109962463378906,10960300,0.0,0.0
2015-07-27,48.880001068115234,49.36000061035156,48.470001220703125,49.029998779296875,36.109962463378906,9394200,0.0,0.0
2015-07-28,49.150001525878906,50.56999969482422,48.849998474121094,50.08000183105469,36.883270263671875,7636600,0.0,0.0
2015-07-29,49.720001220703125,50.20000076293945,49.18000030517578,49.959999084472656,37.046409606933594,6855300,0.34,0.0
2015-07-30,49.59000015258789,50.43000030517578,49.5,50.2400016784668,37.2540397644043,5629400,0.0,0.0
2015-07-31,50.380001068115234,50.380001068115234,49.810001373291016,49.97999954223633,37.06124496459961,7466900,0.0,0.0
2015-08-03,50.08000183105469,50.2400016784668,49.70000076293945,50.09000015258789,37.1428108215332,5325800,0.0,0.0
2015-08-04,50.18000030517578,50.369998931884766,49.380001068115234,49.84000015258789,36.95743179321289,5746600,0.0,0.0
2015-08-05,50.11000061035156,51.119998931884766,50.06999969482422,50.86000061035156,37.71377944946289,7238800,0.0,0.0
2015-08-06,50.7599983215332,50.90999984741211,49.84000015258789,50.25,37.261451721191406,6055900,0.0,0.0
2015-08-07,49.83000183105469,50.380001068115234,49.65999984741211,50.31999969482422,37.3133659362793,5324400,0.0,0.0
2015-08-10,52.2400016784668,52.45000076293945,51.04999923706055,52.08000183105469,38.61843490600586,10496600,0.0,0.0
2015-08-11,51.540000915527344,51.54999923706055,50.34000015258789,50.63999938964844,37.55065155029297,8013000,0.0,0.0
2015-08-12,50.189998626708984,51.36000061035156,49.79999923706055,51.11000061035156,37.899173736572266,7268100,0.0,0.0
2015-08-13,51.15999984741211,51.310001373291016,50.529998779296875,50.630001068115234,37.54323196411133,4007500,0.0,0.0
2015-08-14,50.5,50.84000015258789,50.060001373291016,50.63999938964844,37.55065155029297,4536700,0.0,0.0
2015-08-17,50.45000076293945,51.029998779296875,50.18000030517578,50.900001525878906,37.74345016479492,3364000,0.0,0.0
2015-08-18,50.459999084472656,50.77000045776367,49.66999816894531,49.90999984741211,37.009334564208984,6978500,0.0,0.0
2015-08-19,50.130001068115234,50.150001525878906,49.04999923706055,49.20000076293945,36.48286056518555,6906300,0.0,0.0
2015-08-20,48.650001525878906,48.779998779296875,47.369998931884766,47.43000030517578,35.17036056518555,10206500,0.0,0.0
2015-08-21,46.959999084472656,47.630001068115234,45.959999084472656,45.959999084472656,34.08033752441406,12109500,0.0,0.0
2015-08-24,45.02000045776367,47.040000915527344,43.75,44.88999938964844,33.28690719604492,15487000,0.0,0.0
2015-08-25,46.02000045776367,46.31999969482422,43.4900016784668,43.52000045776367,32.27101135253906,14458300,0.0,0.0
2015-08-26,44.83000183105469,45.470001220703125,43.75,45.40999984741211,33.6724967956543,19075800,0.0,0.0
2015-08-27,45.779998779296875,47.150001525878906,45.5,47.060001373291016,34.89601135253906,9822000,0.0,0.0
2015-08-28,46.84000015258789,48.0,46.5,47.9900016784668,35.58562088012695,8242700,0.0,0.0
2015-08-31,47.75,48.439998626708984,47.310001373291016,47.84000015258789,35.474388122558594,10145900,0.0,0.0
2015-09-01,46.400001525878906,47.56999969482422,46.0099983215332,46.34000015258789,34.36210632324219,13136100,0.0,0.0
2015-09-02,47.2400016784668,47.349998474121094,46.40999984741211,47.349998474121094,35.11103820800781,6012600,0.0,0.0
2015-09-03,47.66999816894531,48.02000045776367,47.279998779296875,47.459999084472656,35.1926155090332,5289100,0.0,0.0
2015-09-04,46.689998626708984,47.189998626708984,46.40999984741211,46.529998779296875,34.50300979614258,6603400,0.0,0.0
2015-09-08,47.630001068115234,48.7599983215332,47.540000915527344,48.689998626708984,36.10467529296875,7993000,0.0,0.0
2015-09-09,49.02000045776367,49.630001068115234,47.470001220703125,47.61000061035156,35.30384063720703,8250100,0.0,0.0
2015-09-10,47.36000061035156,47.959999084472656,46.900001525878906,47.40999984741211,35.1555290222168,8543100,0.0,0.0
2015-09-11,47.20000076293945,47.630001068115234,46.81999969482422,47.56999969482422,35.2741813659668,6567300,0.0,0.0
2015-09-14,47.869998931884766,48.0,47.54999923706055,47.83000183105469,35.466983795166016,4750800,0.0,0.0
2015-09-15,48.0,48.7400016784668,47.65999984741211,48.29999923706055,35.815494537353516,7104300,0.0,0.0
2015-09-16,48.33000183105469,48.77000045776367,47.79999923706055,48.70000076293945,36.112091064453125,4624500,0.0,0.0
2015-09-17,48.630001068115234,49.029998779296875,48.09000015258789,48.150001525878906,35.704261779785156,5693500,0.0,0.0
2015-09-18,47.75,48.63999938964844,47.099998474121094,47.79999923706055,35.44472885131836,17206500,0.0,0.0
2015-09-21,47.869998931884766,48.08000183105469,47.04999923706055,47.45000076293945,35.185176849365234,6105200,0.0,0.0
2015-09-22,46.68000030517578,46.9900016784668,46.279998779296875,46.61000061035156,34.56231689453125,6161600,0.0,0.0
2015-09-23,46.61000061035156,46.79999923706055,46.27000045776367,46.58000183105469,34.540069580078125,4335300,0.0,0.0
2015-09-24,46.16999816894531,46.91999816894531,45.33000183105469,46.75,34.666133880615234,8535000,0.0,0.0
2015-09-25,47.02000045776367,47.54999923706055,46.79999923706055,47.16999816894531,34.97758102416992,8924200,0.0,0.0
2015-09-28,47.04999923706055,47.439998626708984,46.880001068115234,46.95000076293945,34.81443405151367,10728200,0.0,0.0
2015-09-29,47.15999984741211,47.61000061035156,46.790000915527344,47.529998779296875,35.2445182800293,7413600,0.0,0.0
2015-09-30,48.09000015258789,49.54999923706055,47.91999816894531,49.52000045776367,36.72014236450195,9120400,0.0,0.0
2015-10-01,49.84000015258789,49.869998931884766,47.88999938964844,48.439998626708984,35.91930389404297,10007400,0.0,0.0
2015-10-02,47.779998779296875,48.790000915527344,47.119998931884766,48.77000045776367,36.16400146484375,8229700,0.0,0.0
2015-10-05,49.130001068115234,50.40999984741211,49.0,50.130001068115234,37.1724739074707,6812500,0.0,0.0
2015-10-06,50.130001068115234,50.63999938964844,49.22999954223633,50.459999084472656,37.417171478271484,5737000,0.0,0.0
2015-10-07,51.0,51.599998474121094,50.310001373291016,51.040000915527344,37.847267150878906,7065300,0.0,0.0
2015-10-08,50.68000030517578,51.540000915527344,50.36000061035156,51.52000045776367,38.203182220458984,6431500,0.0,0.0
2015-10-09,51.349998474121094,51.7599983215332,50.63999938964844,50.869998931884766,37.7212028503418,5720100,0.0,0.0
2015-10-12,50.72999954223633,51.41999816894531,50.560001373291016,51.34000015258789,38.06971740722656,4075300,0.0,0.0
2015-10-13,50.9900016784668,51.41999816894531,50.810001373291016,50.90999984741211,37.750858306884766,7162000,0.0,0.0
2015-10-14,51.11000061035156,53.150001525878906,51.029998779296875,52.650001525878906,39.041107177734375,10558500,0.0,0.0
2015-10-15,52.95000076293945,53.099998474121094,52.310001373291016,52.43000030517578,38.877967834472656,7153400,0.0,0.0
2015-10-16,52.290000915527344,52.65999984741211,52.0,52.56999969482422,38.981781005859375,5685300,0.0,0.0
2015-10-19,52.560001373291016,52.93000030517578,52.2400016784668,52.63999938964844,39.0337028503418,5701700,0.0,0.0
2015-10-20,52.45000076293945,52.599998474121094,52.18000030517578,52.43000030517578,38.877967834472656,5666900,0.0,0.0
2015-10-21,52.58000183105469,53.18000030517578,51.810001373291016,51.900001525878906,38.484981536865234,8132900,0.0,0.0
2015-10-22,56.099998474121094,58.119998931884766,55.7400016784668,58.09000015258789,43.07498550415039,21234200,0.0,0.0
2015-10-23,58.150001525878906,59.66999816894531,57.56999969482422,58.97999954223633,43.73493957519531,14490000,0.0,0.0
2015-10-26,58.900001525878906,59.22999954223633,58.400001525878906,58.810001373291016,43.6088752746582,7634500,0.0,0.0
2015-10-27,58.38999938964844,59.33000183105469,58.220001220703125,58.41999816894531,43.31968307495117,8420500,0.0,0.0
2015-10-28,58.52000045776367,58.779998779296875,57.189998626708984,58.66999816894531,43.78990173339844,14464600,0.38,0.0
2015-10-29,57.7400016784668,57.83000183105469,56.310001373291016,56.56999969482422,42.222503662109375,10108900,0.0,0.0
2015-10-30,56.9900016784668,57.0,56.400001525878906,56.720001220703125,42.33447265625,7503400,0.0,0.0
2015-11-02,56.900001525878906,57.189998626708984,56.709999084472656,56.9900016784668,42.5359992980957,5492600,0.0,0.0
2015-11-03,56.9900016784668,57.43000030517578,56.810001373291016,57.150001525878906,42.65541458129883,4268400,0.0,0.0
2015-11-04,57.209999084472656,57.40999984741211,56.79999923706055,56.95000076293945,42.50613784790039,5096000,0.0,0.0
2015-11-05,57.0,57.7400016784668,56.83000183105469,57.400001525878906,42.84199905395508,5768400,0.0,0.0
2015-11-06,57.25,57.849998474121094,56.70000076293945,57.630001068115234,43.013675689697266,6387000,0.0,0.0
2015-11-09,57.22999954223633,57.650001525878906,56.86000061035156,57.209999084472656,42.7001838684082,4478200,0.0,0.0
2015-11-10,56.4900016784668,57.220001220703125,56.380001068115234,57.029998779296875,42.56584167480469,5058700,0.0,0.0
2015-11-11,57.470001220703125,58.5099983215332,57.040000915527344,57.599998474121094,42.991275787353516,6291800,0.0,0.0
2015-11-12,57.13999938964844,57.369998931884766,56.65999984741211,56.66999816894531,42.29714584350586,4894800,0.0,0.0
2015-11-13,56.66999816894531,57.119998931884766,56.0099983215332,56.130001068115234,41.89411926269531,5741700,0.0,0.0
2015-11-16,56.02000045776367,56.88999938964844,56.0,56.880001068115234,42.45389175415039,5995100,0.0,0.0
2015-11-17,56.900001525878906,57.47999954223633,56.75,57.06999969482422,42.595703125,4265800,0.0,0.0
2015-11-18,57.209999084472656,58.0099983215332,56.880001068115234,57.959999084472656,43.259971618652344,4029700,0.0,0.0
2015-11-19,58.099998474121094,58.290000915527344,57.5,57.95000076293945,43.25251007080078,4076200,0.0,0.0
2015-11-20,58.349998474121094,58.349998474121094,57.810001373291016,58.119998931884766,43.379390716552734,4252500,0.0,0.0
2015-11-23,58.20000076293945,58.25,57.310001373291016,57.349998474121094,42.8046875,4296800,0.0,0.0
2015-11-24,57.29999923706055,57.95000076293945,56.86000061035156,57.849998474121094,43.17786407470703,4655300,0.0,0.0
2015-11-25,57.849998474121094,57.86000061035156,57.22999954223633,57.27000045776367,42.7449951171875,3152600,0.0,0.0
2015-11-27,57.279998779296875,57.77000045776367,57.0099983215332,57.54999923706055,42.95396041870117,1509500,0.0,0.0
2015-11-30,57.619998931884766,58.34000015258789,57.5,58.119998931884766,43.379390716552734,5866600,0.0,0.0
2015-12-01,57.470001220703125,58.849998474121094,57.41999816894531,58.310001373291016,43.521202087402344,5016900,0.0,0.0
2015-12-02,58.20000076293945,58.33000183105469,57.439998626708984,57.54999923706055,42.95396041870117,5151500,0.0,0.0
2015-12-03,57.970001220703125,58.220001220703125,57.119998931884766,57.689998626708984,43.05845260620117,9691600,0.0,0.0
2015-12-04,57.52000045776367,58.959999084472656,57.4900016784668,58.880001068115234,43.9466438293457,6414200,0.0,0.0
2015-12-07,58.79999923706055,58.83000183105469,58.11000061035156,58.349998474121094,43.55105972290039,3934500,0.0,0.0
2015-12-08,57.7599983215332,57.90999984741211,57.02000045776367,57.66999816894531,43.043521881103516,3670100,0.0,0.0
2015-12-09,57.5,57.66999816894531,56.290000915527344,56.7599983215332,42.36433410644531,4562000,0.0,0.0
2015-12-10,56.97999954223633,57.470001220703125,56.630001068115234,56.93000030517578,42.491207122802734,4317800,0.0,0.0
2015-12-11,56.13999938964844,56.7599983215332,56.099998474121094,56.209999084472656,41.95380783081055,5251300,0.0,0.0
2015-12-14,56.45000076293945,56.720001220703125,55.83000183105469,56.220001220703125,41.961273193359375,5082300,0.0,0.0
2015-12-15,57.29999923706055,57.939998626708984,56.849998474121094,57.54999923706055,42.95396041870117,7602400,0.0,0.0
2015-12-16,58.2599983215332,58.2599983215332,56.900001525878906,58.06999969482422,43.342079162597656,5920900,0.0,0.0
2015-12-17,58.189998626708984,58.22999954223633,56.5,56.529998779296875,42.192649841308594,6944300,0.0,0.0
2015-12-18,56.040000915527344,56.4900016784668,54.79999923706055,54.939998626708984,41.00590896606445,12025700,0.0,0.0
2015-12-21,55.349998474121094,55.83000183105469,54.93000030517578,55.81999969482422,41.662723541259766,4305600,0.0,0.0
2015-12-22,56.189998626708984,56.41999816894531,55.209999084472656,55.61000061035156,41.50598907470703,4412800,0.0,0.0
2015-12-23,56.060001373291016,56.709999084472656,55.16999816894531,56.70000076293945,42.319541931152344,5786200,0.0,0.0
2015-12-24,56.970001220703125,56.970001220703125,56.529998779296875,56.75,42.35685348510742,1681200,0.0,0.0
2015-12-28,56.40999984741211,56.66999816894531,55.77000045776367,56.41999816894531,42.11054992675781,2930100,0.0,0.0
2015-12-29,56.75,57.439998626708984,56.41999816894531,57.02000045776367,42.558372497558594,2753100,0.0,0.0
2015-12-30,57.02000045776367,57.18000030517578,56.09000015258789,56.15999984741211,41.91648864746094,3010200,0.0,0.0
2015-12-31,56.04999923706055,56.29999923706055,54.810001373291016,54.810001373291016,40.90888977050781,6450100,0.0,0.0
2016-01-04,53.54999923706055,54.34000015258789,53.369998931884766,54.34000015258789,40.558082580566406,7915400,0.0,0.0
2016-01-05,54.27000045776367,54.470001220703125,53.54999923706055,53.77000045776367,40.13266372680664,6131900,0.0,0.0
2016-01-06,52.95000076293945,53.88999938964844,52.720001220703125,53.41999816894531,39.871429443359375,8520800,0.0,0.0
2016-01-07,52.38999938964844,52.95000076293945,51.369998931884766,51.70000076293945,38.5876579284668,10526700,0.0,0.0
2016-01-08,51.52000045776367,51.97999954223633,50.2400016784668,50.36000061035156,37.587528228759766,9620000,0.0,0.0
2016-01-11,50.83000183105469,51.5,50.47999954223633,51.209999084472656,38.22193145751953,7000500,0.0,0.0
2016-01-12,51.72999954223633,51.84000015258789,50.83000183105469,51.529998779296875,38.46076965332031,5075800,0.0,0.0
2016-01-13,51.52000045776367,51.810001373291016,49.79999923706055,49.81999969482422,37.184478759765625,6882200,0.0,0.0
2016-01-14,49.97999954223633,50.66999816894531,49.529998779296875,50.029998779296875,37.34120559692383,10440500,0.0,0.0
2016-01-15,47.88999938964844,48.689998626708984,46.72999954223633,48.029998779296875,35.84846496582031,15871600,0.0,0.0
2016-01-19,48.619998931884766,48.93000030517578,47.810001373291016,48.220001220703125,35.990272521972656,9048800,0.0,0.0
2016-01-20,47.90999984741211,49.279998779296875,47.400001525878906,49.0099983215332,36.57991409301758,13430800,0.0,0.0
2016-01-21,49.65999984741211,50.86000061035156,49.0099983215332,49.83000183105469,37.19194030761719,10093900,0.0,0.0
2016-01-22,50.84000015258789,51.22999954223633,50.13999938964844,50.29999923706055,37.542728424072266,6335600,0.0,0.0
2016-01-25,50.349998474121094,51.0099983215332,50.0,50.08000183105469,37.3785285949707,7651300,0.0,0.0
2016-01-26,50.380001068115234,51.060001373291016,50.029998779296875,50.70000076293945,37.841285705566406,7710200,0.0,0.0
2016-01-27,50.40999984741211,51.56999969482422,49.970001220703125,50.66999816894531,37.81888961791992,9791200,0.0,0.0
2016-01-28,50.68000030517578,52.0,50.38999938964844,51.130001068115234,38.45058059692383,10033300,0.38,0.0
2016-01-29,51.31999969482422,52.939998626708984,50.9900016784668,52.93000030517578,39.80420684814453,10469100,0.0,0.0
2016-02-01,52.29999923706055,53.27000045776367,52.29999923706055,52.83000183105469,39.72901916503906,6336700,0.0,0.0
2016-02-02,52.119998931884766,52.5,50.63999938964844,50.63999938964844,38.082096099853516,9460500,0.0,0.0
2016-02-03,50.150001525878906,50.709999084472656,49.099998474121094,50.25,37.7888069152832,11309400,0.0,0.0
2016-02-04,50.459999084472656,51.619998931884766,50.0099983215332,51.2599983215332,38.54834747314453,9795800,0.0,0.0
2016-02-05,51.20000076293945,51.40999984741211,49.5099983215332,49.880001068115234,37.51057434082031,7929800,0.0,0.0
2016-02-08,49.2599983215332,51.22999954223633,49.099998474121094,50.900001525878906,38.277618408203125,15765600,0.0,0.0
2016-02-09,50.529998779296875,51.630001068115234,50.09000015258789,50.68000030517578,38.11217498779297,7321700,0.0,0.0
2016-02-10,51.33000183105469,51.70000076293945,50.59000015258789,50.75,38.16482162475586,7329600,0.0,0.0
2016-02-11,49.849998474121094,50.779998779296875,49.7400016784668,50.380001068115234,37.88656997680664,6121400,0.0,0.0
2016-02-12,51.060001373291016,51.400001525878906,49.9900016784668,51.13999938964844,38.45811462402344,8060600,0.0,0.0
2016-02-16,51.13999938964844,52.77000045776367,51.13999938964844,52.540000915527344,39.510921478271484,6567400,0.0,0.0
2016-02-17,52.959999084472656,53.720001220703125,52.72999954223633,53.689998626708984,40.37574005126953,6244700,0.0,0.0
2016-02-18,53.63999938964844,53.81999969482422,53.0,53.060001373291016,39.90196990966797,6004200,0.0,0.0
2016-02-19,52.83000183105469,52.939998626708984,52.40999984741211,52.7599983215332,39.67636489868164,6300700,0.0,0.0
2016-02-22,53.290000915527344,53.58000183105469,53.04999923706055,53.29999923706055,40.082462310791016,4350900,0.0,0.0
2016-02-23,53.029998779296875,53.369998931884766,52.119998931884766,52.2400016784668,39.285316467285156,3888500,0.0,0.0
2016-02-24,51.83000183105469,52.58000183105469,51.310001373291016,52.459999084472656,39.45077896118164,5341500,0.0,0.0
2016-02-25,52.810001373291016,53.11000061035156,51.86000061035156,53.11000061035156,39.9395751953125,3917500,0.0,0.0
2016-02-26,53.4900016784668,53.5,53.11000061035156,53.29999923706055,40.082462310791016,3533100,0.0,0.0
2016-02-29,53.400001525878906,53.83000183105469,52.970001220703125,53.02000045776367,39.871891021728516,4450400,0.0,0.0
2016-03-01,53.470001220703125,54.220001220703125,53.0,54.220001220703125,40.774314880371094,4958800,0.0,0.0
2016-03-02,54.34000015258789,54.630001068115234,53.97999954223633,54.41999816894531,40.924713134765625,4163600,0.0,0.0
2016-03-03,54.59000015258789,54.93000030517578,54.06999969482422,54.869998931884766,41.263126373291016,4045900,0.0,0.0
2016-03-04,55.0,55.27000045776367,54.400001525878906,54.88999938964844,41.278160095214844,4248100,0.0,0.0
2016-03-07,54.540000915527344,55.540000915527344,54.4900016784668,55.4900016784668,41.72936248779297,3747600,0.0,0.0
2016-03-08,54.9900016784668,55.150001525878906,54.41999816894531,54.529998779296875,41.00745391845703,4480600,0.0,0.0
2016-03-09,54.70000076293945,55.13999938964844,54.540000915527344,54.75,41.172882080078125,3641700,0.0,0.0
2016-03-10,55.45000076293945,55.63999938964844,54.619998931884766,55.4900016784668,41.72936248779297,4838400,0.0,0.0
2016-03-11,55.93000030517578,56.209999084472656,55.75,56.060001373291016,42.15802764892578,5031600,0.0,0.0
2016-03-14,55.79999923706055,56.0,55.2599983215332,55.61000061035156,41.81961441040039,3477200,0.0,0.0
2016-03-15,55.41999816894531,55.7400016784668,55.06999969482422,55.72999954223633,41.90986633300781,3407500,0.0,0.0
2016-03-16,55.70000076293945,56.279998779296875,55.349998474121094,56.13999938964844,42.21818923950195,3449900,0.0,0.0
2016-03-17,55.93000030517578,56.810001373291016,55.91999816894531,56.599998474121094,42.56412124633789,4530500,0.0,0.0
2016-03-18,56.790000915527344,57.25,56.52000045776367,57.09000015258789,42.93260192871094,7924900,0.0,0.0
2016-03-21,56.900001525878906,57.060001373291016,56.380001068115234,57.02000045776367,42.87995147705078,3085500,0.0,0.0
2016-03-22,56.7400016784668,57.20000076293945,56.52000045776367,56.900001525878906,42.78972625732422,3514900,0.0,0.0
2016-03-23,56.970001220703125,56.9900016784668,56.54999923706055,56.599998474121094,42.56412124633789,3220900,0.0,0.0
2016-03-24,56.4900016784668,56.72999954223633,56.189998626708984,56.70000076293945,42.63931655883789,2279600,0.0,0.0
2016-03-28,57.04999923706055,57.150001525878906,56.34000015258789,56.52000045776367,42.503944396972656,2240400,0.0,0.0
2016-03-29,56.459999084472656,57.5099983215332,56.08000183105469,57.40999984741211,43.17324447631836,4013800,0.0,0.0
2016-03-30,57.72999954223633,58.779998779296875,57.58000183105469,58.369998931884766,43.89519119262695,5026700,0.0,0.0
2016-03-31,58.119998931884766,58.209999084472656,57.369998931884766,57.41999816894531,43.1807746887207,5410400,0.0,0.0
2016-04-01,57.4900016784668,58.0,57.130001068115234,57.939998626708984,43.57181167602539,4542600,0.0,0.0
2016-04-04,57.790000915527344,58.0,57.560001373291016,57.720001220703125,43.4063720703125,3423700,0.0,0.0
2016-04-05,57.54999923706055,58.279998779296875,57.380001068115234,57.709999084472656,43.398841857910156,4455900,0.0,0.0
2016-04-06,57.59000015258789,58.369998931884766,57.25,58.36000061035156,43.887664794921875,3684300,0.0,0.0
2016-04-07,57.84000015258789,58.08000183105469,56.97999954223633,57.150001525878906,42.977725982666016,4228600,0.0,0.0
2016-04-08,57.56999969482422,58.08000183105469,57.56999969482422,57.88999938964844,43.53422164916992,3211100,0.0,0.0
2016-04-11,57.900001525878906,58.63999938964844,57.790000915527344,57.81999969482422,43.48158264160156,3663600,0.0,0.0
2016-04-12,57.81999969482422,58.66999816894531,57.43000030517578,58.439998626708984,43.94781494140625,4476600,0.0,0.0
2016-04-13,58.720001220703125,59.2599983215332,58.41999816894531,59.16999816894531,44.49678421020508,5053400,0.0,0.0
2016-04-14,58.77000045776367,59.27000045776367,58.130001068115234,59.220001220703125,44.53439712524414,4920100,0.0,0.0
2016-04-15,59.470001220703125,59.470001220703125,58.7599983215332,58.93000030517578,44.316307067871094,4690300,0.0,0.0
2016-04-18,58.63999938964844,59.06999969482422,58.619998931884766,58.95000076293945,44.33135223388672,4430700,0.0,0.0
2016-04-19,58.869998931884766,59.310001373291016,57.77000045776367,58.41999816894531,43.93278121948242,6246800,0.0,0.0
2016-04-20,58.59000015258789,59.470001220703125,58.11000061035156,59.04999923706055,44.40654754638672,4673400,0.0,0.0
2016-04-21,58.88999938964844,59.130001068115234,58.54999923706055,58.86000061035156,44.263668060302734,3376700,0.0,0.0
2016-04-22,58.810001373291016,59.599998474121094,58.439998626708984,58.68000030517578,44.1283073425293,5359900,0.0,0.0
2016-04-25,58.709999084472656,59.130001068115234,58.619998931884766,59.02000045776367,44.38399124145508,4670200,0.0,0.0
2016-04-26,59.150001525878906,59.93000030517578,59.06999969482422,59.400001525878906,44.66976547241211,3928800,0.0,0.0
2016-04-27,59.029998779296875,60.0,58.7599983215332,59.91999816894531,45.06081771850586,7123900,0.0,0.0
2016-04-28,60.0,60.599998474121094,58.4900016784668,58.689998626708984,44.417518615722656,9417800,0.38,0.0
2016-04-29,57.709999084472656,58.20000076293945,56.83000183105469,57.040000915527344,43.168766021728516,10774700,0.0,0.0
2016-05-02,57.29999923706055,57.959999084472656,56.95000076293945,57.849998474121094,43.78178024291992,6464200,0.0,0.0
2016-05-03,57.220001220703125,57.59000015258789,57.0,57.20000076293945,43.289852142333984,5696400,0.0,0.0
2016-05-04,56.95000076293945,57.20000076293945,56.33000183105469,56.43000030517578,42.70710754394531,5081900,0.0,0.0
2016-05-05,56.529998779296875,57.09000015258789,56.34000015258789,56.63999938964844,42.86604309082031,4078200,0.0,0.0
2016-05-06,56.2400016784668,57.29999923706055,56.189998626708984,57.20000076293945,43.289852142333984,8054500,0.0,0.0
2016-05-09,57.16999816894531,57.529998779296875,56.880001068115234,56.90999984741211,43.07038497924805,3773500,0.0,0.0
2016-05-10,57.119998931884766,57.65999984741211,56.790000915527344,57.630001068115234,43.61528778076172,4545600,0.0,0.0
2016-05-11,57.619998931884766,58.16999816894531,57.45000076293945,57.630001068115234,43.61528778076172,4494200,0.0,0.0
2016-05-12,57.790000915527344,58.0,56.58000183105469,57.15999984741211,43.25959014892578,5183200,0.0,0.0
2016-05-13,57.08000183105469,57.599998474121094,56.97999954223633,57.119998931884766,43.229312896728516,4062800,0.0,0.0
2016-05-16,57.459999084472656,58.5099983215332,57.27000045776367,58.02000045776367,43.91045379638672,4265300,0.0,0.0
2016-05-17,57.7400016784668,58.150001525878906,57.16999816894531,57.43000030517578,43.463924407958984,4713900,0.0,0.0
2016-05-18,57.22999954223633,58.5099983215332,57.18000030517578,58.0099983215332,43.90287780761719,4676900,0.0,0.0
2016-05-19,57.540000915527344,57.880001068115234,56.790000915527344,57.22999954223633,43.31256866455078,4326500,0.0,0.0
2016-05-20,57.4900016784668,58.83000183105469,57.470001220703125,58.529998779296875,44.296424865722656,6337000,0.0,0.0
2016-05-23,58.810001373291016,59.279998779296875,58.599998474121094,58.72999954223633,44.447792053222656,3690900,0.0,0.0
2016-05-24,58.9900016784668,60.18000030517578,58.97999954223633,60.09000015258789,45.47705841064453,4544700,0.0,0.0
2016-05-25,60.150001525878906,60.5099983215332,59.970001220703125,60.439998626708984,45.741943359375,5785100,0.0,0.0
2016-05-26,60.349998474121094,60.81999969482422,60.150001525878906,60.77000045776367,45.99168014526367,3367000,0.0,0.0
2016-05-27,60.81999969482422,61.08000183105469,60.650001525878906,61.02000045776367,46.18089294433594,3807100,0.0,0.0
2016-05-31,61.02000045776367,61.209999084472656,60.290000915527344,60.599998474121094,45.86302947998047,6196400,0.0,0.0
2016-06-01,60.5099983215332,61.2400016784668,60.209999084472656,61.06999969482422,46.21874237060547,4011100,0.0,0.0
2016-06-02,60.84000015258789,60.93000030517578,60.43000030517578,60.7599983215332,45.9841194152832,3583300,0.0,0.0
2016-06-03,61.16999816894531,61.16999816894531,60.150001525878906,60.529998779296875,45.81007385253906,2749500,0.0,0.0
2016-06-06,60.68000030517578,61.470001220703125,60.54999923706055,61.290000915527344,46.38523864746094,8259200,0.0,0.0
2016-06-07,61.5,61.77000045776367,61.400001525878906,61.560001373291016,46.589569091796875,5021200,0.0,0.0
2016-06-08,61.599998474121094,62.290000915527344,61.59000015258789,62.08000183105469,46.983116149902344,4749700,0.0,0.0
2016-06-09,62.290000915527344,62.290000915527344,61.5099983215332,62.13999938964844,47.02852249145508,5285600,0.0,0.0
2016-06-10,61.40999984741211,62.18000030517578,61.31999969482422,61.90999984741211,46.854454040527344,7484700,0.0,0.0
2016-06-13,61.79999923706055,62.310001373291016,61.40999984741211,61.529998779296875,46.566871643066406,6697300,0.0,0.0
2016-06-14,61.529998779296875,62.11000061035156,61.209999084472656,61.900001525878906,46.84688949584961,5170300,0.0,0.0
2016-06-15,62.27000045776367,62.279998779296875,61.41999816894531,61.689998626708984,46.68795394897461,4943600,0.0,0.0
2016-06-16,61.38999938964844,62.130001068115234,61.09000015258789,62.060001373291016,46.967987060546875,3632600,0.0,0.0
2016-06-17,62.08000183105469,62.130001068115234,60.900001525878906,61.619998931884766,46.634979248046875,6101300,0.0,0.0
2016-06-20,62.43000030517578,62.59000015258789,61.959999084472656,62.0099983215332,46.93014144897461,4023600,0.0,0.0
2016-06-21,62.150001525878906,62.349998474121094,61.790000915527344,62.040000915527344,46.95285415649414,3462200,0.0,0.0
2016-06-22,62.33000183105469,62.529998779296875,61.93000030517578,62.060001373291016,46.967987060546875,4112700,0.0,0.0
2016-06-23,62.650001525878906,63.310001373291016,62.369998931884766,63.29999923706055,47.906436920166016,3638100,0.0,0.0
2016-06-24,60.5099983215332,61.900001525878906,60.36000061035156,60.540000915527344,45.817630767822266,8505700,0.0,0.0
2016-06-27,59.869998931884766,60.0,58.61000061035156,59.06999969482422,44.70509719848633,7459800,0.0,0.0
2016-06-28,59.40999984741211,60.29999923706055,59.099998474121094,60.27000045776367,45.61328887939453,5163300,0.0,0.0
2016-06-29,60.70000076293945,61.310001373291016,60.400001525878906,61.25,46.354957580566406,6690500,0.0,0.0
2016-06-30,61.5099983215332,62.650001525878906,61.15999984741211,62.650001525878906,47.414512634277344,6632000,0.0,0.0
2016-07-01,62.33000183105469,62.439998626708984,61.88999938964844,62.11000061035156,47.00583267211914,4934500,0.0,0.0
2016-07-05,61.59000015258789,61.84000015258789,60.9900016784668,61.25,46.354957580566406,5538700,0.0,0.0
2016-07-06,60.9900016784668,61.349998474121094,60.459999084472656,61.060001373291016,46.211185455322266,6064100,0.0,0.0
2016-07-07,61.06999969482422,61.939998626708984,61.040000915527344,61.77000045776367,46.74851608276367,6876800,0.0,0.0
2016-07-08,62.290000915527344,63.279998779296875,62.04999923706055,63.27000045776367,47.88371658325195,5345300,0.0,0.0
2016-07-11,63.5,63.880001068115234,63.2599983215332,63.400001525878906,47.98211669921875,4533900,0.0,0.0
2016-07-12,63.77000045776367,64.41000366210938,63.72999954223633,64.37999725341797,48.72379684448242,5405100,0.0,0.0
2016-07-13,64.54000091552734,64.80000305175781,64.3499984741211,64.54000091552734,48.84488296508789,4068500,0.0,0.0
2016-07-14,65.0,65.22000122070312,64.7300033569336,64.80999755859375,49.049224853515625,3999900,0.0,0.0
2016-07-15,65.26000213623047,65.26000213623047,64.54000091552734,64.8499984741211,49.079505920410156,5952300,0.0,0.0
2016-07-18,64.8499984741211,65.5199966430664,64.8499984741211,65.19000244140625,49.33682632446289,3452500,0.0,0.0
2016-07-19,64.88999938964844,65.26000213623047,64.76000213623047,64.94000244140625,49.147605895996094,3065900,0.0,0.0
2016-07-20,65.31999969482422,65.68000030517578,65.0,65.44999694824219,49.53357696533203,4744100,0.0,0.0
2016-07-21,65.38999938964844,65.5,64.80000305175781,64.91000366210938,49.124908447265625,5391700,0.0,0.0
2016-07-22,65.12999725341797,65.66999816894531,64.73999786376953,65.48999786376953,49.56386947631836,5555900,0.0,0.0
2016-07-25,65.5,66.22000122070312,65.31999969482422,66.22000122070312,50.116336822509766,9945900,0.0,0.0
2016-07-26,70.6500015258789,72.58000183105469,69.93000030517578,71.41999816894531,54.0517692565918,22033100,0.0,0.0
2016-07-27,70.9800033569336,71.56999969482422,70.16000366210938,71.2699966430664,53.938255310058594,13973400,0.0,0.0
2016-07-28,70.62999725341797,70.80999755859375,69.83000183105469,70.2300033569336,53.43607711791992,9143200,0.38,0.0
2016-07-29,70.31999969482422,70.47000122070312,69.62999725341797,69.75,53.070858001708984,7963100,0.0,0.0
2016-08-01,69.83000183105469,70.26000213623047,69.5199966430664,69.87999725341797,53.16977310180664,5983000,0.0,0.0
2016-08-02,69.69000244140625,69.87999725341797,68.44000244140625,68.8499984741211,52.386070251464844,6391300,0.0,0.0
2016-08-03,68.83999633789062,69.08999633789062,68.51000213623047,68.87999725341797,52.408912658691406,4231800,0.0,0.0
2016-08-04,69.5,69.70999908447266,68.54000091552734,69.61000061035156,52.96434020996094,4382100,0.0,0.0
2016-08-05,70.0,70.20999908447266,69.70999908447266,70.1500015258789,53.37519454956055,4547400,0.0,0.0
2016-08-08,70.02999877929688,70.31999969482422,69.98999786376953,70.13999938964844,53.36760711669922,4865900,0.0,0.0
2016-08-09,70.41999816894531,70.8499984741211,70.16999816894531,70.25,53.45130157470703,3434300,0.0,0.0
2016-08-10,70.2300033569336,70.30999755859375,69.80999755859375,69.88999938964844,53.17738723754883,5012500,0.0,0.0
2016-08-11,70.0,70.19999694824219,69.7699966430664,70.0,53.26108932495117,3002900,0.0,0.0
2016-08-12,70.0,70.22000122070312,69.77999877929688,69.83999633789062,53.13933563232422,3445000,0.0,0.0
2016-08-15,70.19000244140625,70.69999694824219,69.93000030517578,70.33000183105469,53.51216506958008,4148800,0.0,0.0
2016-08-16,70.08999633789062,70.33000183105469,69.81999969482422,69.81999969482422,53.124122619628906,3682600,0.0,0.0
2016-08-17,69.91999816894531,70.0199966430664,69.54000091552734,69.81999969482422,53.124122619628906,5914700,0.0,0.0
2016-08-18,69.9800033569336,70.16999816894531,69.79000091552734,70.12999725341797,53.35999298095703,3816700,0.0,0.0
2016-08-19,70.12000274658203,70.54000091552734,69.94000244140625,70.2699966430664,53.46651077270508,3482000,0.0,0.0
2016-08-22,70.3499984741211,70.61000061035156,69.83999633789062,70.0,53.26108932495117,4361400,0.0,0.0
2016-08-23,70.41999816894531,70.54000091552734,69.93000030517578,69.9800033569336,53.245853424072266,4779200,0.0,0.0
2016-08-24,70.11000061035156,70.22000122070312,69.70999908447266,69.9000015258789,53.184993743896484,3749300,0.0,0.0
2016-08-25,69.9000015258789,70.05999755859375,69.69999694824219,69.81999969482422,53.124122619628906,3044900,0.0,0.0
2016-08-26,69.98999786376953,70.3499984741211,69.4000015258789,69.75,53.070858001708984,4160900,0.0,0.0
2016-08-29,69.9000015258789,70.37000274658203,69.8499984741211,69.9800033569336,53.245853424072266,3669100,0.0,0.0
2016-08-30,70.0,70.19999694824219,69.08999633789062,69.30999755859375,52.736083984375,4382800,0.0,0.0
2016-08-31,69.36000061035156,69.61000061035156,69.2300033569336,69.54000091552734,52.91107177734375,3870200,0.0,0.0
2016-09-01,68.77999877929688,69.79000091552734,68.30000305175781,69.69999694824219,53.03281784057617,4536000,0.0,0.0
2016-09-02,70.0199966430664,70.0999984741211,69.26000213623047,69.68000030517578,53.01760482788086,4584200,0.0,0.0
2016-09-06,69.93000030517578,70.02999877929688,69.26000213623047,69.79000091552734,53.1013069152832,3870300,0.0,0.0
2016-09-07,69.75,70.0,69.26000213623047,69.48999786376953,52.87303161621094,4214100,0.0,0.0
2016-09-08,69.23999786376953,69.41000366210938,68.69999694824219,68.98999786376953,52.49260330200195,4151600,0.0,0.0
2016-09-09,68.19000244140625,68.41999816894531,66.66999816894531,66.66999816894531,50.72737503051758,6995600,0.0,0.0
2016-09-12,66.30999755859375,68.0199966430664,66.30000305175781,67.94000244140625,51.69367980957031,6049900,0.0,0.0
2016-09-13,68.01000213623047,68.55000305175781,67.2699966430664,67.44999694824219,51.32086181640625,5472600,0.0,0.0
2016-09-14,67.45999908447266,68.06999969482422,67.22000122070312,67.79000091552734,51.57954025268555,4011500,0.0,0.0
2016-09-15,67.80000305175781,69.36000061035156,67.5999984741211,69.22000122070312,52.6676139831543,6257900,0.0,0.0
2016-09-16,69.97000122070312,69.97000122070312,68.4800033569336,69.36000061035156,52.77412033081055,6506200,0.0,0.0
2016-09-19,69.83000183105469,70.29000091552734,69.29000091552734,69.54000091552734,52.91107177734375,4100600,0.0,0.0
2016-09-20,69.7699966430664,69.9000015258789,69.01000213623047,69.18000030517578,52.63716125488281,3026700,0.0,0.0
2016-09-21,69.41000366210938,69.70999908447266,68.83000183105469,69.55999755859375,52.926292419433594,4202100,0.0,0.0
2016-09-22,70.01000213623047,70.12999725341797,69.47000122070312,69.76000213623047,53.07846450805664,3566300,0.0,0.0
2016-09-23,70.0,70.0,68.9800033569336,68.9800033569336,52.484989166259766,3088100,0.0,0.0
2016-09-26,68.55000305175781,68.7699966430664,68.12999725341797,68.41999816894531,52.05889892578125,3475600,0.0,0.0
2016-09-27,68.38999938964844,69.47000122070312,68.08000183105469,69.44999694824219,52.84260559082031,4560200,0.0,0.0
2016-09-28,69.4000015258789,69.77999877929688,69.22000122070312,69.73999786376953,53.06324768066406,3241300,0.0,0.0
2016-09-29,69.62999725341797,70.27999877929688,69.22000122070312,69.83999633789062,53.13933563232422,4337900,0.0,0.0
2016-09-30,69.94999694824219,70.58000183105469,69.83999633789062,70.18000030517578,53.398033142089844,5071000,0.0,0.0
2016-10-03,70.08000183105469,70.26000213623047,69.47000122070312,69.66000366210938,53.00239181518555,3627800,0.0,0.0
2016-10-04,69.66000366210938,69.91000366210938,69.0999984741211,69.58999633789062,52.94911193847656,4089500,0.0,0.0
2016-10-05,69.8499984741211,70.83999633789062,69.01000213623047,70.5999984741211,53.717613220214844,4789600,0.0,0.0
2016-10-06,70.44000244140625,71.0,70.02999877929688,70.95999908447266,53.99152374267578,4061500,0.0,0.0
2016-10-07,71.0,71.05999755859375,70.44999694824219,70.87000274658203,53.92304229736328,3673600,0.0,0.0
2016-10-10,71.08000183105469,71.33000183105469,69.9000015258789,69.93000030517578,53.20780563354492,4893200,0.0,0.0
2016-10-11,69.93000030517578,69.97000122070312,68.05999755859375,68.76000213623047,52.317588806152344,5204400,0.0,0.0
2016-10-12,68.83000183105469,68.83000183105469,67.98999786376953,68.45999908447266,52.08932876586914,3563900,0.0,0.0
2016-10-13,67.91000366210938,67.95999908447266,67.05999755859375,67.7699966430664,51.5643310546875,3897700,0.0,0.0
2016-10-14,68.2699966430664,69.22000122070312,68.20999908447266,68.48999786376953,52.112159729003906,4329300,0.0,0.0
2016-10-17,68.5,68.98999786376953,68.37000274658203,68.41999816894531,52.05889892578125,2620900,0.0,0.0
2016-10-18,69.86000061035156,69.93000030517578,69.16999816894531,69.25,52.6904182434082,3590700,0.0,0.0
2016-10-19,68.88999938964844,69.61000061035156,68.5999984741211,69.48999786376953,52.87303161621094,5530800,0.0,0.0
2016-10-20,69.41999816894531,70.05000305175781,68.7699966430664,69.75,53.070858001708984,3850400,0.0,0.0
2016-10-21,69.41000366210938,70.04000091552734,68.80000305175781,69.97000122070312,53.23826217651367,7027500,0.0,0.0
2016-10-24,70.26000213623047,71.73999786376953,70.2300033569336,71.68000030517578,54.53935241699219,5888000,0.0,0.0
2016-10-25,71.56999969482422,71.8499984741211,71.08000183105469,71.19999694824219,54.17411804199219,4614200,0.0,0.0
2016-10-26,71.0,71.94000244140625,70.7699966430664,71.70999908447266,54.56217575073242,8151000,0.0,0.0
2016-10-27,71.4000015258789,72.18000030517578,70.41000366210938,70.7300033569336,53.8165168762207,9627000,0.0,0.0
2016-10-28,70.95999908447266,71.69000244140625,70.5199966430664,70.80000305175781,53.86978530883789,6360100,0.0,0.0
2016-10-31,71.30999755859375,71.44000244140625,70.80000305175781,70.8499984741211,53.90781784057617,5411400,0.0,0.0
2016-11-01,71.12999725341797,71.12999725341797,68.91999816894531,69.44000244140625,52.83500289916992,7375300,0.0,0.0
2016-11-02,69.56999969482422,69.94999694824219,68.72000122070312,68.83999633789062,52.37845993041992,6516800,0.0,0.0
2016-11-03,68.69999694824219,68.72000122070312,67.52999877929688,67.9000015258789,52.04124450683594,6723600,0.5,0.0
2016-11-04,66.87999725341797,68.0,66.80000305175781,67.5999984741211,51.81130599975586,6056300,0.0,0.0
2016-11-07,68.83000183105469,69.4800033569336,68.29000091552734,69.01000213623047,52.8919792175293,5751100,0.0,0.0
2016-11-08,69.01000213623047,69.97000122070312,68.94999694824219,69.83000183105469,53.520469665527344,5409600,0.0,0.0
2016-11-09,67.80000305175781,69.94999694824219,67.5999984741211,69.79000091552734,53.48980712890625,5697800,0.0,0.0
2016-11-10,70.0,70.72000122070312,68.12999725341797,69.13999938964844,52.99161148071289,7190600,0.0,0.0
2016-11-11,69.0199966430664,70.05999755859375,69.0,69.8499984741211,53.535789489746094,4974900,0.0,0.0
2016-11-14,70.13999938964844,70.3499984741211,69.63999938964844,70.0199966430664,53.66608810424805,6493000,0.0,0.0
2016-11-15,70.19999694824219,71.36000061035156,70.05000305175781,71.02999877929688,54.440181732177734,4736500,0.0,0.0
2016-11-16,71.01000213623047,71.30000305175781,70.55999755859375,71.19999694824219,54.57048034667969,4880400,0.0,0.0
2016-11-17,71.16999816894531,72.27999877929688,70.62999725341797,72.08000183105469,55.244956970214844,3773800,0.0,0.0
2016-11-18,71.83999633789062,73.1500015258789,71.75,72.5999984741211,55.64350509643555,5484200,0.0,0.0
2016-11-21,72.75,73.7300033569336,72.69999694824219,73.68000030517578,56.471248626708984,5447000,0.0,0.0
2016-11-22,74.08999633789062,74.63999938964844,74.02999877929688,74.4000015258789,57.02308654785156,6824100,0.0,0.0
2016-11-23,74.37999725341797,74.55000305175781,73.91999816894531,74.05999755859375,56.76250457763672,3995500,0.0,0.0
2016-11-25,73.87000274658203,74.61000061035156,73.7300033569336,74.43000030517578,57.04607009887695,1978800,0.0,0.0
2016-11-28,74.29000091552734,74.88999938964844,74.04000091552734,74.52999877929688,57.12273025512695,4512000,0.0,0.0
2016-11-29,74.66000366210938,75.25,74.2300033569336,74.4000015258789,57.02308654785156,6347000,0.0,0.0
2016-11-30,74.66999816894531,74.69000244140625,73.93000030517578,73.93000030517578,56.662864685058594,6768200,0.0,0.0
2016-12-01,73.87999725341797,73.91000366210938,69.95999908447266,70.41000366210938,53.965023040771484,9631100,0.0,0.0
2016-12-02,69.98999786376953,71.16000366210938,69.91999816894531,70.72000122070312,54.20260238647461,5946400,0.0,0.0
2016-12-05,71.33999633789062,71.52999877929688,70.37999725341797,70.51000213623047,54.0416374206543,6405100,0.0,0.0
2016-12-06,71.11000061035156,71.38999938964844,70.61000061035156,71.37000274658203,54.70077133178711,7039800,0.0,0.0
2016-12-07,71.5,72.43000030517578,71.12000274658203,72.19999694824219,55.3369255065918,6045900,0.0,0.0
2016-12-08,72.31999969482422,72.58000183105469,71.87999725341797,72.12999725341797,55.28327178955078,5473600,0.0,0.0
2016-12-09,72.3499984741211,72.6500015258789,71.55999755859375,71.98999786376953,55.175960540771484,6101200,0.0,0.0
2016-12-12,71.88999938964844,71.93000030517578,71.19000244140625,71.7300033569336,54.976688385009766,3340600,0.0,0.0
2016-12-13,71.94999694824219,73.5999984741211,71.7699966430664,73.19999694824219,56.103363037109375,6950900,0.0,0.0
2016-12-14,73.55000305175781,73.69999694824219,72.4000015258789,72.5,55.566856384277344,6474100,0.0,0.0
2016-12-15,72.7300033569336,73.58999633789062,72.44999694824219,73.44999694824219,56.294986724853516,5079500,0.0,0.0
2016-12-16,73.36000061035156,73.75,72.68000030517578,72.88999938964844,55.865760803222656,6478700,0.0,0.0
2016-12-19,73.11000061035156,74.08000183105469,72.95999908447266,73.56999969482422,56.386940002441406,3818000,0.0,0.0
2016-12-20,73.93000030517578,74.19000244140625,73.5999984741211,74.04000091552734,56.74718475341797,3182000,0.0,0.0
2016-12-21,74.22000122070312,74.72000122070312,74.13999938964844,74.16999816894531,56.84680938720703,4272200,0.0,0.0
2016-12-22,74.25,74.31999969482422,73.75,74.19999694824219,56.86980056762695,3470700,0.0,0.0
2016-12-23,74.11000061035156,74.38999938964844,74.0,74.37999725341797,57.007755279541016,1690800,0.0,0.0
2016-12-27,74.41999816894531,75.1500015258789,74.16000366210938,74.87000274658203,57.383323669433594,2037200,0.0,0.0
2016-12-28,74.95999908447266,75.05000305175781,73.9800033569336,74.05000305175781,56.75483703613281,2683400,0.0,0.0
2016-12-29,73.83999633789062,74.4000015258789,73.80000305175781,74.1500015258789,56.83148193359375,3292600,0.0,0.0
2016-12-30,74.43000030517578,74.45999908447266,72.7699966430664,72.97000122070312,55.927085876464844,4311800,0.0,0.0
2017-01-03,73.52999877929688,74.30999755859375,73.05000305175781,73.58000183105469,56.394622802734375,4847900,0.0,0.0
2017-01-04,73.6500015258789,73.97000122070312,73.25,73.48999786376953,56.32563400268555,4507100,0.0,0.0
2017-01-05,73.29000091552734,73.69999694824219,72.88999938964844,72.91999816894531,55.88874816894531,4301100,0.0,0.0
2017-01-06,72.87999725341797,74.27999877929688,72.47000122070312,74.1500015258789,56.83148193359375,5244600,0.0,0.0
2017-01-09,74.51000213623047,75.22000122070312,74.16999816894531,74.33999633789062,56.97709655761719,4782900,0.0,0.0
2017-01-10,74.62000274658203,74.83000183105469,74.05999755859375,74.5999984741211,57.1763801574707,3712500,0.0,0.0
2017-01-11,74.63999938964844,75.19999694824219,74.45999908447266,75.19999694824219,57.636253356933594,4361400,0.0,0.0
2017-01-12,75.0,75.13999938964844,74.08999633789062,74.8499984741211,57.367984771728516,4408200,0.0,0.0
2017-01-13,74.83000183105469,75.30000305175781,74.7300033569336,75.0,57.482940673828125,3372500,0.0,0.0
2017-01-17,74.66999816894531,74.94999694824219,74.29000091552734,74.48999786376953,57.09206008911133,4413100,0.0,0.0
2017-01-18,74.7300033569336,74.83999633789062,74.25,74.37999725341797,57.007755279541016,5531400,0.0,0.0
2017-01-19,74.22000122070312,74.80999755859375,73.87000274658203,73.87999725341797,56.62453842163086,4468500,0.0,0.0
2017-01-20,74.16000366210938,74.88999938964844,74.16000366210938,74.75,57.29133987426758,6661400,0.0,0.0
2017-01-23,74.80000305175781,75.73999786376953,74.63999938964844,75.7300033569336,58.042449951171875,6895100,0.0,0.0
2017-01-24,76.19000244140625,77.31999969482422,75.91000366210938,77.08000183105469,59.07714080810547,8561600,0.0,0.0
2017-01-25,77.72000122070312,78.72000122070312,77.19000244140625,78.58000183105469,60.2268180847168,8112800,0.0,0.0
2017-01-26,78.0199966430664,79.47000122070312,78.01000213623047,79.26000213623047,60.74799346923828,8991500,0.0,0.0
2017-01-27,79.05999755859375,79.44999694824219,77.73999786376953,78.02999877929688,60.18494415283203,9737300,0.5,0.0
2017-01-30,77.5199966430664,78.08000183105469,77.3499984741211,77.9000015258789,60.08466720581055,8355200,0.0,0.0
2017-01-31,77.4000015258789,77.54000091552734,75.25,75.54000091552734,58.2643928527832,11129400,0.0,0.0
2017-02-01,76.05999755859375,76.87000274658203,75.86000061035156,76.2699966430664,58.82743453979492,7815800,0.0,0.0
2017-02-02,75.61000061035156,76.0999984741211,75.33999633789062,75.88999938964844,58.53435516357422,4434500,0.0,0.0
2017-02-03,76.29000091552734,76.55999755859375,76.02999877929688,76.5,59.00482940673828,4547000,0.0,0.0
2017-02-06,76.37999725341797,76.47000122070312,75.8499984741211,76.22000122070312,58.78887939453125,4633000,0.0,0.0
2017-02-07,76.37000274658203,76.75,76.04000091552734,76.18000030517578,58.75802993774414,4500900,0.0,0.0
2017-02-08,76.48999786376953,76.55000305175781,75.91999816894531,75.94999694824219,58.58061981201172,5864700,0.0,0.0
2017-02-09,76.30000305175781,76.3499984741211,75.2699966430664,75.30000305175781,58.079261779785156,6950500,0.0,0.0
2017-02-10,75.62000274658203,75.66000366210938,74.5199966430664,75.16000366210938,57.97129821777344,6289400,0.0,0.0
2017-02-13,75.52999877929688,75.73999786376953,75.38999938964844,75.5199966430664,58.24894714355469,5466200,0.0,0.0
2017-02-14,75.45999908447266,75.63999938964844,75.30000305175781,75.63999938964844,58.341514587402344,3999800,0.0,0.0
2017-02-15,75.6500015258789,75.80999755859375,74.93000030517578,75.66999816894531,58.364654541015625,5731500,0.0,0.0
2017-02-16,75.80000305175781,76.31999969482422,75.5199966430664,76.25,58.81201934814453,4882000,0.0,0.0
2017-02-17,76.11000061035156,76.44000244140625,75.66000366210938,76.44000244140625,58.95856475830078,3955300,0.0,0.0
2017-02-21,76.79000091552734,77.12999725341797,76.58999633789062,77.08000183105469,59.45219421386719,5104700,0.0,0.0
2017-02-22,77.19999694824219,77.27999877929688,76.80000305175781,77.2300033569336,59.567893981933594,4056600,0.0,0.0
2017-02-23,77.2300033569336,77.37999725341797,76.69000244140625,77.13999938964844,59.49845504760742,4921700,0.0,0.0
2017-02-24,76.94000244140625,77.23999786376953,76.4000015258789,77.23999786376953,59.575618743896484,3516600,0.0,0.0
2017-02-27,77.30999755859375,77.33999633789062,76.76000213623047,77.19000244140625,59.53705978393555,3055400,0.0,0.0
2017-02-28,77.05999755859375,77.16999816894531,76.45999908447266,76.62000274658203,59.09737777709961,4770500,0.0,0.0
2017-03-01,77.12999725341797,78.18000030517578,76.68000030517578,78.1500015258789,60.27748107910156,5332500,0.0,0.0
2017-03-02,78.36000061035156,78.76000213623047,77.94000244140625,78.08000183105469,60.223514556884766,7605500,0.0,0.0
2017-03-03,78.19999694824219,78.19999694824219,77.45999908447266,77.86000061035156,60.053802490234375,3994800,0.0,0.0
2017-03-06,77.69000244140625,78.45999908447266,77.4000015258789,78.30999755859375,60.400917053222656,4066400,0.0,0.0
2017-03-07,78.3499984741211,80.37000274658203,78.20999908447266,79.12000274658203,61.02565383911133,10556800,0.0,0.0
2017-03-08,79.44000244140625,79.94000244140625,79.16000366210938,79.33999633789062,61.19536590576172,5386500,0.0,0.0
2017-03-09,79.48999786376953,79.79000091552734,78.80000305175781,79.12999725341797,61.033363342285156,4255400,0.0,0.0
2017-03-10,79.72000122070312,80.62999725341797,79.30000305175781,80.33000183105469,61.95894241333008,5118200,0.0,0.0
2017-03-13,80.31999969482422,81.08999633789062,80.18000030517578,81.0199966430664,62.491146087646484,6082600,0.0,0.0
2017-03-14,80.94999694824219,81.20999908447266,80.62000274658203,81.08999633789062,62.54513931274414,4271400,0.0,0.0
2017-03-15,81.41999816894531,81.94999694824219,80.95999908447266,81.81999969482422,63.10818099975586,3668800,0.0,0.0
2017-03-16,81.98999786376953,82.18000030517578,81.37999725341797,81.70999908447266,63.02333450317383,4195600,0.0,0.0
2017-03-17,82.23999786376953,82.44000244140625,81.44000244140625,82.19999694824219,63.4012565612793,9231700,0.0,0.0
2017-03-20,81.98999786376953,82.2699966430664,81.54000091552734,81.58999633789062,62.93077850341797,4383000,0.0,0.0
2017-03-21,81.93000030517578,82.08000183105469,79.66999816894531,79.75,61.51156997680664,6221000,0.0,0.0
2017-03-22,80.08999633789062,80.79000091552734,79.58000183105469,80.69000244140625,62.236610412597656,4307300,0.0,0.0
2017-03-23,80.69000244140625,81.04000091552734,80.2300033569336,80.66999816894531,62.221187591552734,3335200,0.0,0.0
2017-03-24,81.91999816894531,82.05000305175781,80.43000030517578,80.58999633789062,62.15946960449219,4100300,0.0,0.0
2017-03-27,79.94999694824219,80.81999969482422,79.70999908447266,80.52999877929688,62.11318588256836,3260800,0.0,0.0
2017-03-28,80.30000305175781,80.98999786376953,80.22000122070312,80.61000061035156,62.17490768432617,3577900,0.0,0.0
2017-03-29,80.3499984741211,80.66000366210938,80.26000213623047,80.48999786376953,62.082313537597656,2811600,0.0,0.0
2017-03-30,80.2300033569336,81.08000183105469,80.2300033569336,81.04000091552734,62.5065803527832,3372800,0.0,0.0
2017-03-31,80.79000091552734,81.1500015258789,80.54000091552734,80.55999755859375,62.1363525390625,3760900,0.0,0.0
2017-04-03,80.87000274658203,81.5,79.79000091552734,80.36000061035156,61.9820671081543,4563900,0.0,0.0
2017-04-04,80.11000061035156,80.66999816894531,80.11000061035156,80.5999984741211,62.16716766357422,2761500,0.0,0.0
2017-04-05,80.5999984741211,81.18000030517578,79.9800033569336,80.08000183105469,61.76612854003906,3547900,0.0,0.0
2017-04-06,79.9800033569336,80.37000274658203,79.4000015258789,80.0999984741211,61.781517028808594,4177700,0.0,0.0
2017-04-07,80.30000305175781,80.91999816894531,80.08000183105469,80.52999877929688,62.11318588256836,2686800,0.0,0.0
2017-04-10,80.41999816894531,80.76000213623047,79.91999816894531,80.12999725341797,61.8046760559082,3314700,0.0,0.0
2017-04-11,79.87999725341797,79.87999725341797,78.19999694824219,79.41000366210938,61.249332427978516,5321300,0.0,0.0
2017-04-12,79.4800033569336,79.68000030517578,78.19999694824219,78.4800033569336,60.53204345703125,6335000,0.0,0.0
2017-04-13,78.47000122070312,79.33000183105469,77.83000183105469,77.83999633789062,60.03837966918945,4658300,0.0,0.0
2017-04-17,78.30000305175781,78.75,78.12000274658203,78.72000122070312,60.71712875366211,4462400,0.0,0.0
2017-04-18,78.51000213623047,79.83999633789062,78.3499984741211,79.61000061035156,61.403602600097656,4528900,0.0,0.0
2017-04-19,79.95999908447266,80.66000366210938,79.27999877929688,79.37000274658203,61.21849060058594,4673700,0.0,0.0
2017-04-20,79.72000122070312,80.88999938964844,79.51000213623047,80.76000213623047,62.29060745239258,3586300,0.0,0.0
2017-04-21,79.58000183105469,80.41000366210938,79.23999786376953,79.80999755859375,61.557857513427734,6314400,0.0,0.0
2017-04-24,81.0199966430664,81.51000213623047,80.8499984741211,81.08000183105469,62.537410736083984,5129200,0.0,0.0
2017-04-25,81.30000305175781,82.43000030517578,81.11000061035156,82.36000061035156,63.524658203125,7604100,0.0,0.0
2017-04-26,82.16999816894531,82.91999816894531,80.79000091552734,81.11000061035156,62.56055450439453,6763900,0.0,0.0
2017-04-27,80.75,81.2699966430664,80.36000061035156,80.80000305175781,62.7080078125,5762500,0.5,0.0
2017-04-28,81.04000091552734,81.04000091552734,78.6500015258789,79.18000030517578,61.450721740722656,10521800,0.0,0.0
2017-05-01,79.25,79.5,78.4000015258789,79.29000091552734,61.5361328125,5065500,0.0,0.0
2017-05-02,79.16000366210938,79.41000366210938,78.79000091552734,79.25,61.50508499145508,6234500,0.0,0.0
2017-05-03,79.19999694824219,79.93000030517578,79.0,79.7699966430664,61.908634185791016,4665000,0.0,0.0
2017-05-04,79.9800033569336,80.02999877929688,79.08000183105469,79.30000305175781,61.543861389160156,3241300,0.0,0.0
2017-05-05,79.44999694824219,79.63999938964844,79.13999938964844,79.62999725341797,61.79998779296875,3653900,0.0,0.0
2017-05-08,79.69999694824219,79.81999969482422,79.36000061035156,79.45999908447266,61.668060302734375,2776600,0.0,0.0
2017-05-09,79.37999725341797,79.83000183105469,79.2699966430664,79.44999694824219,61.66031265258789,4433900,0.0,0.0
2017-05-10,79.9800033569336,80.66999816894531,79.7699966430664,80.48999786376953,62.46743392944336,5180400,0.0,0.0
2017-05-11,80.19999694824219,80.68000030517578,79.6500015258789,80.4000015258789,62.3975830078125,3168400,0.0,0.0
2017-05-12,80.7699966430664,80.7699966430664,80.27999877929688,80.69000244140625,62.622642517089844,2648900,0.0,0.0
2017-05-15,80.6500015258789,81.62000274658203,80.45999908447266,81.55000305175781,63.29008102416992,3596100,0.0,0.0
2017-05-16,81.87999725341797,82.31999969482422,81.44999694824219,82.2699966430664,63.848854064941406,3918500,0.0,0.0
2017-05-17,81.54000091552734,82.05999755859375,78.61000061035156,78.68000030517578,61.06270980834961,6401800,0.0,0.0
2017-05-18,78.91999816894531,79.69000244140625,78.41999816894531,79.2300033569336,61.48953628540039,4930900,0.0,0.0
2017-05-19,79.38999938964844,81.04000091552734,79.30000305175781,80.30000305175781,62.31997299194336,7506600,0.0,0.0
2017-05-22,80.4800033569336,80.93000030517578,80.05000305175781,80.37000274658203,62.37430191040039,3672100,0.0,0.0
2017-05-23,80.5,80.55000305175781,79.44999694824219,79.69000244140625,61.8465576171875,3683700,0.0,0.0
2017-05-24,80.30000305175781,80.30000305175781,79.73999786376953,80.05000305175781,62.12595748901367,3671500,0.0,0.0
2017-05-25,80.48999786376953,80.98999786376953,79.9800033569336,80.79000091552734,62.70024871826172,3226100,0.0,0.0
2017-05-26,80.86000061035156,81.18000030517578,80.31999969482422,81.12000274658203,62.95636749267578,2812200,0.0,0.0
2017-05-30,81.0,82.19999694824219,81.0,81.97000122070312,63.61602783203125,3258100,0.0,0.0
2017-05-31,82.19999694824219,83.23999786376953,82.18000030517578,82.48999786376953,64.01961517333984,6503900,0.0,0.0
2017-06-01,82.61000061035156,82.86000061035156,81.22000122070312,81.48999786376953,63.24349594116211,4320100,0.0,0.0
2017-06-02,81.95999908447266,81.97000122070312,80.86000061035156,81.62999725341797,63.35215377807617,4725900,0.0,0.0
2017-06-05,81.66000366210938,82.37999725341797,81.66000366210938,81.88999938964844,63.5539665222168,2589900,0.0,0.0
2017-06-06,81.6500015258789,82.87999725341797,81.51000213623047,82.22000122070312,63.81008529663086,3279300,0.0,0.0
2017-06-07,82.80000305175781,83.43000030517578,82.29000091552734,82.88999938964844,64.33001708984375,3763000,0.0,0.0
2017-06-08,83.19999694824219,84.36000061035156,82.62000274658203,84.33999633789062,65.45537567138672,4410200,0.0,0.0
2017-06-09,84.2300033569336,84.6500015258789,79.94000244140625,80.9000015258789,62.785614013671875,6815700,0.0,0.0
2017-06-12,79.81999969482422,81.31999969482422,79.66999816894531,81.05000305175781,62.90201950073242,6746200,0.0,0.0
2017-06-13,81.41000366210938,81.80000305175781,80.5999984741211,80.98999786376953,62.855464935302734,4324800,0.0,0.0
2017-06-14,81.26000213623047,81.48999786376953,79.44000244140625,80.16000366210938,62.21131896972656,3944200,0.0,0.0
2017-06-15,79.3499984741211,80.4000015258789,79.22000122070312,80.08000183105469,62.14921951293945,3061900,0.0,0.0
2017-06-16,79.8499984741211,80.2300033569336,79.0199966430664,79.69999694824219,61.85430908203125,6246800,0.0,0.0
2017-06-19,80.37000274658203,81.44999694824219,80.27999877929688,81.41999816894531,63.18918228149414,3569100,0.0,0.0
2017-06-20,81.16000366210938,81.2300033569336,79.54000091552734,79.56999969482422,61.7534065246582,3831300,0.0,0.0
2017-06-21,79.69999694824219,79.91999816894531,79.2300033569336,79.66999816894531,61.8310432434082,4318600,0.0,0.0
2017-06-22,79.94999694824219,80.05000305175781,78.94999694824219,79.05000305175781,61.349830627441406,3327400,0.0,0.0
2017-06-23,79.05999755859375,80.0199966430664,78.63999938964844,79.58000183105469,61.76118850708008,4052600,0.0,0.0
2017-06-26,80.04000091552734,80.08999633789062,78.23999786376953,78.30999755859375,60.77553939819336,4913100,0.0,0.0
2017-06-27,78.0,78.2699966430664,76.94000244140625,76.94999694824219,59.720054626464844,5797000,0.0,0.0
2017-06-28,77.61000061035156,78.20999908447266,76.94999694824219,78.05999755859375,60.58150863647461,6362100,0.0,0.0
2017-06-29,77.5,77.93000030517578,75.91999816894531,76.9000015258789,59.68125915527344,6644600,0.0,0.0
2017-06-30,77.69000244140625,77.69000244140625,76.61000061035156,76.93000030517578,59.70455551147461,4696100,0.0,0.0
2017-07-03,77.44999694824219,77.63999938964844,76.4000015258789,76.41000366210938,59.30098342895508,3494200,0.0,0.0
2017-07-05,76.62999725341797,77.51000213623047,76.23999786376953,76.91000366210938,59.68902587890625,6680800,0.0,0.0
2017-07-06,76.19000244140625,77.69000244140625,76.19000244140625,76.86000061035156,59.65021514892578,5047000,0.0,0.0
2017-07-07,77.30999755859375,78.66000366210938,77.30999755859375,78.4800033569336,60.907493591308594,5342900,0.0,0.0
2017-07-10,78.43000030517578,79.08999633789062,77.93000030517578,78.77999877929688,61.14030838012695,3611500,0.0,0.0
2017-07-11,78.77999877929688,79.1500015258789,78.27999877929688,79.04000091552734,61.34210205078125,2729200,0.0,0.0
2017-07-12,79.45999908447266,80.54000091552734,79.45999908447266,80.5199966430664,62.490684509277344,3891700,0.0,0.0
2017-07-13,80.41000366210938,80.9800033569336,80.2699966430664,80.54000091552734,62.506221771240234,3372800,0.0,0.0
2017-07-14,80.94999694824219,82.11000061035156,80.8499984741211,82.0,63.639312744140625,3654700,0.0,0.0
2017-07-17,81.81999969482422,82.0,81.4800033569336,81.66000366210938,63.375457763671875,2972700,0.0,0.0
2017-07-18,81.5,82.20999908447266,81.1500015258789,82.16000366210938,63.76350402832031,2773500,0.0,0.0
2017-07-19,82.48999786376953,82.69999694824219,81.86000061035156,82.16000366210938,63.76350402832031,3133500,0.0,0.0
2017-07-20,82.19999694824219,82.80999755859375,81.86000061035156,82.69000244140625,64.1748275756836,3766700,0.0,0.0
2017-07-21,81.45999908447266,82.0,81.0,81.69999694824219,63.4064826965332,4597600,0.0,0.0
2017-07-24,81.86000061035156,81.87000274658203,80.5999984741211,80.91999816894531,62.801143646240234,4350900,0.0,0.0
2017-07-25,81.05000305175781,81.93000030517578,80.58000183105469,81.38999938964844,63.16590118408203,6439700,0.0,0.0
2017-07-26,83.0,84.23999786376953,81.95999908447266,82.52999877929688,64.0506362915039,6983000,0.0,0.0
2017-07-27,82.12999725341797,82.52999877929688,80.08999633789062,80.97000122070312,63.222984313964844,7152200,0.5,0.0
2017-07-28,80.41999816894531,81.04000091552734,80.05000305175781,80.70999908447266,63.01997756958008,5228000,0.0,0.0
2017-07-31,80.83000183105469,81.66000366210938,80.77999877929688,81.37999725341797,63.54311752319336,5954600,0.0,0.0
2017-08-01,81.5999984741211,81.83999633789062,81.0199966430664,81.70999908447266,63.800804138183594,3366100,0.0,0.0
2017-08-02,82.01000213623047,82.01000213623047,80.63999938964844,81.30999755859375,63.48845291137695,3179800,0.0,0.0
2017-08-03,81.30000305175781,81.7300033569336,80.97000122070312,81.36000061035156,63.527503967285156,2748500,0.0,0.0
2017-08-04,81.62999725341797,81.95999908447266,81.25,81.43000030517578,63.582149505615234,2325200,0.0,0.0
2017-08-07,81.44000244140625,82.19999694824219,81.44000244140625,82.16999816894531,64.15995788574219,2827700,0.0,0.0
2017-08-08,81.98999786376953,83.69000244140625,81.88999938964844,82.44999694824219,64.37858581542969,7184600,0.0,0.0
2017-08-09,81.97000122070312,82.30999755859375,81.37999725341797,82.27999877929688,64.24586486816406,4274000,0.0,0.0
2017-08-10,81.80000305175781,82.0,80.27999877929688,80.36000061035156,62.74667739868164,4469200,0.0,0.0
2017-08-11,80.58000183105469,81.33999633789062,80.43000030517578,80.88999938964844,63.16051483154297,3426100,0.0,0.0
2017-08-14,81.4800033569336,82.20999908447266,81.19999694824219,82.05000305175781,64.06627655029297,3788600,0.0,0.0
2017-08-15,82.06999969482422,82.30999755859375,81.69000244140625,81.94999694824219,63.98818588256836,3750300,0.0,0.0
2017-08-16,82.41999816894531,82.66000366210938,81.94999694824219,82.45999908447266,64.38639068603516,3291900,0.0,0.0
2017-08-17,81.94999694824219,82.16000366210938,80.08999633789062,80.1500015258789,62.582706451416016,4151500,0.0,0.0
2017-08-18,80.08999633789062,80.69000244140625,79.94000244140625,79.97000122070312,62.44215774536133,3626000,0.0,0.0
2017-08-21,80.13999938964844,80.23999786376953,79.5999984741211,79.88999938964844,62.37968063354492,3347300,0.0,0.0
2017-08-22,80.33999633789062,81.12999725341797,80.05999755859375,80.75,63.05120849609375,4359200,0.0,0.0
2017-08-23,80.23999786376953,81.12000274658203,80.06999969482422,80.88999938964844,63.16051483154297,4109300,0.0,0.0
2017-08-24,81.16000366210938,81.5,80.81999969482422,81.25,63.44160079956055,3511100,0.0,0.0
2017-08-25,81.58000183105469,81.9000015258789,80.94000244140625,80.9800033569336,63.23078536987305,2627700,0.0,0.0
2017-08-28,81.44000244140625,81.66000366210938,80.58000183105469,80.76000213623047,63.05900192260742,3088500,0.0,0.0
2017-08-29,80.08000183105469,81.25,80.02999877929688,81.02999877929688,63.26982116699219,3729600,0.0,0.0
2017-08-30,81.20999908447266,82.41000366210938,81.0999984741211,82.30999755859375,64.2692642211914,4522200,0.0,0.0
2017-08-31,82.44000244140625,82.94999694824219,82.12999725341797,82.81999969482422,64.66748046875,4411300,0.0,0.0
2017-09-01,82.73999786376953,83.11000061035156,82.37999725341797,82.54000091552734,64.44886779785156,2665200,0.0,0.0
2017-09-05,82.31999969482422,82.48999786376953,81.2699966430664,81.8499984741211,63.91009521484375,3691900,0.0,0.0
2017-09-06,82.23999786376953,82.37000274658203,81.58999633789062,82.06999969482422,64.08187866210938,3682700,0.0,0.0
2017-09-07,82.44999694824219,83.98999786376953,81.79000091552734,82.0,64.0272216796875,3599900,0.0,0.0
2017-09-08,81.9800033569336,82.04000091552734,81.25,81.37999725341797,63.54311752319336,2505600,0.0,0.0
2017-09-11,81.9000015258789,82.7300033569336,81.80999755859375,82.22000122070312,64.19898986816406,3916800,0.0,0.0
2017-09-12,82.33999633789062,82.94999694824219,82.16000366210938,82.88999938964844,64.72212982177734,4596300,0.0,0.0
2017-09-13,82.83999633789062,82.94000244140625,82.27999877929688,82.69999694824219,64.57379913330078,2626800,0.0,0.0
2017-09-14,82.4000015258789,83.66999816894531,82.4000015258789,83.29000091552734,65.03446960449219,3503300,0.0,0.0
2017-09-15,83.13999938964844,85.02999877929688,82.87000274658203,84.83999633789062,66.24474334716797,10333200,0.0,0.0
2017-09-18,85.0,86.47000122070312,84.88999938964844,86.13999938964844,67.25981140136719,5593600,0.0,0.0
2017-09-19,86.37000274658203,87.23999786376953,85.63999938964844,86.80999755859375,67.78296661376953,4036800,0.0,0.0
2017-09-20,87.0,87.0,84.4800033569336,85.83000183105469,67.01776123046875,4922800,0.0,0.0
2017-09-21,86.0199966430664,86.58999633789062,85.66999816894531,86.05000305175781,67.1895523071289,4863900,0.0,0.0
2017-09-22,86.58999633789062,88.44999694824219,86.5,88.2699966430664,68.9229736328125,6440900,0.0,0.0
2017-09-25,87.6500015258789,88.08000183105469,86.91999816894531,87.5,68.32172393798828,5625600,0.0,0.0
2017-09-26,87.98999786376953,88.29000091552734,87.44999694824219,87.69999694824219,68.47789764404297,3121200,0.0,0.0
2017-09-27,88.4800033569336,89.1500015258789,87.8499984741211,88.80999755859375,69.34461975097656,3806900,0.0,0.0
2017-09-28,88.44000244140625,89.66000366210938,88.3499984741211,89.6500015258789,70.00048828125,5332700,0.0,0.0
2017-09-29,89.7699966430664,89.88999938964844,89.08999633789062,89.63999938964844,69.99270629882812,3283500,0.0,0.0
2017-10-02,89.87999725341797,90.23999786376953,89.30999755859375,89.6500015258789,70.00048828125,3280600,0.0,0.0
2017-10-03,89.6500015258789,90.23999786376953,89.5,89.94000244140625,70.22693634033203,2374800,0.0,0.0
2017-10-04,89.9000015258789,90.55999755859375,89.58000183105469,90.48999786376953,70.6563720703125,3933300,0.0,0.0
2017-10-05,90.55000305175781,91.30000305175781,90.11000061035156,91.13999938964844,71.16392517089844,3241800,0.0,0.0
2017-10-06,90.73999786376953,91.54000091552734,90.73999786376953,91.3499984741211,71.32786560058594,2335000,0.0,0.0
2017-10-09,91.61000061035156,91.86000061035156,91.30999755859375,91.58000183105469,71.50747680664062,1749800,0.0,0.0
2017-10-10,91.97000122070312,92.41000366210938,91.47000122070312,92.37999725341797,72.13212585449219,2810500,0.0,0.0
2017-10-11,91.98999786376953,92.91999816894531,91.72000122070312,92.87000274658203,72.51473999023438,3161900,0.0,0.0
2017-10-12,92.87999725341797,93.30999755859375,92.58999633789062,92.62000274658203,72.31954193115234,3537900,0.0,0.0
2017-10-13,93.08999633789062,93.7300033569336,92.80000305175781,93.58999633789062,73.07691192626953,2674800,0.0,0.0
2017-10-16,94.20999908447266,94.41000366210938,93.66999816894531,94.2300033569336,73.57666015625,3111900,0.0,0.0
2017-10-17,94.16999816894531,94.30999755859375,93.54000091552734,94.2699966430664,73.60787963867188,3248500,0.0,0.0
2017-10-18,94.26000213623047,94.29000091552734,93.19999694824219,93.43000030517578,72.9520034790039,3532400,0.0,0.0
2017-10-19,92.97000122070312,93.63999938964844,92.56999969482422,93.44999694824219,72.96760559082031,4164600,0.0,0.0
2017-10-20,94.05000305175781,95.4000015258789,94.0,95.18000030517578,74.31844329833984,5272400,0.0,0.0
2017-10-23,96.0,96.73999786376953,95.44000244140625,96.20999908447266,75.12266540527344,7292200,0.0,0.0
2017-10-24,96.30000305175781,96.62000274658203,95.45999908447266,96.44000244140625,75.30225372314453,8061100,0.0,0.0
2017-10-25,95.0,96.69999694824219,94.16000366210938,95.81999969482422,74.81815338134766,6967100,0.0,0.0
2017-10-26,96.44000244140625,96.94000244140625,95.83999633789062,96.1500015258789,75.07581329345703,5556900,0.0,0.0
2017-10-27,95.94000244140625,97.55999755859375,95.70999908447266,97.5,76.12994384765625,5725300,0.0,0.0
2017-10-30,96.68000030517578,97.12999725341797,95.91999816894531,96.05999755859375,75.48553466796875,4922400,0.62,0.0
2017-10-31,96.27999877929688,97.04000091552734,96.18000030517578,96.69000244140625,75.9806137084961,3770600,0.0,0.0
2017-11-01,96.97000122070312,97.25,95.7699966430664,96.3499984741211,75.71346282958984,3873800,0.0,0.0
2017-11-02,96.25,96.87999725341797,95.5999984741211,96.79000091552734,76.05921173095703,3292200,0.0,0.0
2017-11-03,97.0,98.0,96.33999633789062,97.9800033569336,76.99432373046875,3346700,0.0,0.0
2017-11-06,97.81999969482422,98.66999816894531,97.66999816894531,98.54000091552734,77.43439483642578,4391700,0.0,0.0
2017-11-07,98.55000305175781,99.05000305175781,98.27999877929688,98.4000015258789,77.32435607910156,4314600,0.0,0.0
2017-11-08,98.30999755859375,98.76000213623047,97.88999938964844,98.44000244140625,77.35579681396484,3265600,0.0,0.0
2017-11-09,97.5999984741211,98.02999877929688,95.62999725341797,97.05000305175781,76.26351165771484,4239800,0.0,0.0
2017-11-10,96.66999816894531,97.05000305175781,96.4000015258789,96.94000244140625,76.17709350585938,3416700,0.0,0.0
2017-11-13,96.4000015258789,97.29000091552734,96.3499984741211,97.02999877929688,76.24778747558594,2284000,0.0,0.0
2017-11-14,96.69999694824219,97.2300033569336,96.3499984741211,96.95999908447266,76.19281005859375,3252600,0.0,0.0
2017-11-15,96.62000274658203,98.02999877929688,96.27999877929688,96.7699966430664,76.04351043701172,3355600,0.0,0.0
2017-11-16,97.06999969482422,98.62999725341797,97.05000305175781,98.31999969482422,77.26150512695312,3564400,0.0,0.0
2017-11-17,98.55999755859375,98.55999755859375,97.61000061035156,97.73999786376953,76.80572509765625,3788200,0.0,0.0
2017-11-20,97.80999755859375,98.91999816894531,97.80000305175781,98.27999877929688,77.23004913330078,2953700,0.0,0.0
2017-11-21,98.75,99.6500015258789,98.6500015258789,99.19000244140625,77.94515228271484,3998500,0.0,0.0
2017-11-22,99.1500015258789,99.3499984741211,98.06999969482422,98.08000183105469,77.07290649414062,2142000,0.0,0.0
2017-11-24,98.19999694824219,99.33000183105469,98.19000244140625,99.30000305175781,78.0315933227539,1288300,0.0,0.0
2017-11-27,98.94999694824219,99.25,98.61000061035156,98.62999725341797,77.5051040649414,3166300,0.0,0.0
2017-11-28,99.08999633789062,99.7300033569336,98.62000274658203,99.4800033569336,78.17304992675781,3037400,0.0,0.0
2017-11-29,99.7300033569336,99.79000091552734,96.44999694824219,96.87999725341797,76.12994384765625,5562200,0.0,0.0
2017-11-30,97.37999725341797,98.47000122070312,96.69999694824219,97.29000091552734,76.45210266113281,7591200,0.0,0.0
2017-12-01,96.54000091552734,97.41000366210938,94.72000122070312,97.18000030517578,76.36566925048828,5020500,0.0,0.0
2017-12-04,97.54000091552734,97.87999725341797,95.2699966430664,95.97000122070312,75.41483306884766,5183800,0.0,0.0
2017-12-05,95.9800033569336,98.72000122070312,95.36000061035156,96.9000015258789,76.14564514160156,4898100,0.0,0.0
2017-12-06,96.25,97.44999694824219,95.87000274658203,97.0199966430664,76.23993682861328,4675500,0.0,0.0
2017-12-07,97.31999969482422,98.13999938964844,96.94000244140625,97.77999877929688,76.83714294433594,4848200,0.0,0.0
2017-12-08,98.91999816894531,99.30999755859375,97.77999877929688,98.0199966430664,77.02577209472656,5591400,0.0,0.0
2017-12-11,98.06999969482422,98.87999725341797,97.7699966430664,98.83000183105469,77.66227722167969,5579200,0.0,0.0
2017-12-12,98.69999694824219,99.19000244140625,98.2300033569336,98.43000030517578,77.34795379638672,6083100,0.0,0.0
2017-12-13,98.97000122070312,99.18000030517578,98.20999908447266,98.86000061035156,77.68584442138672,5282100,0.0,0.0
2017-12-14,98.95999908447266,100.54000091552734,98.77999877929688,100.25,78.77812957763672,7106700,0.0,0.0
2017-12-15,101.27999877929688,101.5999984741211,100.06999969482422,101.22000122070312,79.5403823852539,9114800,0.0,0.0
2017-12-18,102.0999984741211,103.37000274658203,101.6500015258789,103.2699966430664,81.1512680053711,5927700,0.0,0.0
2017-12-19,103.19000244140625,104.30000305175781,103.08000183105469,104.0999984741211,81.80352783203125,5235700,0.0,0.0
2017-12-20,104.9000015258789,105.1500015258789,103.4800033569336,104.80000305175781,82.35358428955078,5529800,0.0,0.0
2017-12-21,105.16000366210938,105.33000183105469,104.01000213623047,104.06999969482422,81.7799301147461,4709100,0.0,0.0
2017-12-22,104.0,104.33999633789062,103.63999938964844,104.12999725341797,81.8271255493164,3041300,0.0,0.0
2017-12-26,103.58000183105469,104.19000244140625,103.05999755859375,104.1500015258789,81.84283447265625,1473800,0.0,0.0
2017-12-27,104.41999816894531,104.9000015258789,103.9800033569336,104.52999877929688,82.14141845703125,1775600,0.0,0.0
2017-12-28,104.91999816894531,104.91999816894531,104.22000122070312,104.81999969482422,82.36931610107422,1910700,0.0,0.0
2017-12-29,104.58000183105469,105.08000183105469,104.41999816894531,104.44000244140625,82.07069396972656,2813300,0.0,0.0
2018-01-02,105.11000061035156,105.62000274658203,104.5,105.56999969482422,82.95868682861328,4236200,0.0,0.0
2018-01-03,105.87999725341797,108.51000213623047,105.5999984741211,108.43000030517578,85.20608520507812,6918900,0.0,0.0
2018-01-04,108.4800033569336,109.20999908447266,108.05000305175781,108.29000091552734,85.09607696533203,5460400,0.0,0.0
2018-01-05,108.69999694824219,109.2300033569336,108.29000091552734,109.12000274658203,85.74833679199219,5254900,0.0,0.0
2018-01-08,108.55000305175781,110.37000274658203,108.41000366210938,109.63999938964844,86.1569595336914,4549400,0.0,0.0
2018-01-09,109.62000274658203,110.9800033569336,109.08000183105469,110.38999938964844,86.74629974365234,4747800,0.0,0.0
2018-01-10,109.8499984741211,109.98999786376953,108.20999908447266,109.69999694824219,86.20411682128906,5737400,0.0,0.0
2018-01-11,110.05000305175781,110.76000213623047,109.43000030517578,110.66999816894531,86.96634674072266,3903700,0.0,0.0
2018-01-12,110.73999786376953,113.0,110.58000183105469,112.72000122070312,88.57728576660156,4577800,0.0,0.0
2018-01-16,113.55000305175781,113.91000366210938,111.94000244140625,112.91999816894531,88.73443603515625,9251500,0.0,0.0
2018-01-17,113.94999694824219,119.43000030517578,113.51000213623047,119.16000366210938,93.6379165649414,6916700,0.0,0.0
2018-01-18,119.0,119.9800033569336,116.0,116.41000366210938,91.4769287109375,7970300,0.0,0.0
2018-01-19,117.01000213623047,117.55999755859375,115.70999908447266,116.83000183105469,91.80696105957031,6367300,0.0,0.0
2018-01-22,117.91999816894531,119.4800033569336,117.45999908447266,119.44000244140625,93.85795593261719,7217400,0.0,0.0
2018-01-23,120.0199966430664,120.75,118.9000015258789,119.88999938964844,94.21156311035156,8087100,0.0,0.0
2018-01-24,111.13999938964844,114.0,108.68000030517578,109.69999694824219,86.20411682128906,19223900,0.0,0.0
2018-01-25,110.86000061035156,111.70999908447266,109.08000183105469,110.1500015258789,86.55772399902344,8564800,0.0,0.0
2018-01-26,110.93000030517578,114.0,109.54000091552734,113.69000244140625,89.33951568603516,7801600,0.0,0.0
2018-01-29,112.47000122070312,113.4000015258789,111.25,112.6500015258789,88.52227020263672,6389300,0.0,0.0
2018-01-30,111.19999694824219,111.47000122070312,109.30000305175781,109.88999938964844,86.831298828125,6492900,0.62,0.0
2018-01-31,110.9800033569336,110.98999786376953,108.30000305175781,109.66999816894531,86.657470703125,7362500,0.0,0.0
2018-02-01,108.75,110.75,108.56999969482422,110.08000183105469,86.98143005371094,5828200,0.0,0.0
2018-02-02,109.0199966430664,110.2300033569336,107.5199966430664,107.66000366210938,85.0692367553711,7474400,0.0,0.0
2018-02-05,107.0199966430664,109.12000274658203,103.37999725341797,104.20999908447266,82.34315490722656,8460400,0.0,0.0
2018-02-06,102.62000274658203,106.66000366210938,102.25,105.87000274658203,83.65483093261719,9266900,0.0,0.0
2018-02-07,104.5999984741211,105.68000030517578,101.91000366210938,101.9800033569336,80.58110809326172,10009100,0.0,0.0
2018-02-08,102.02999877929688,102.61000061035156,97.5999984741211,97.66000366210938,77.16757202148438,11506600,0.0,0.0
2018-02-09,99.5199966430664,101.30000305175781,96.98999786376953,100.48999786376953,79.40372467041016,11599300,0.0,0.0
2018-02-12,101.55000305175781,102.55000305175781,100.43000030517578,101.94000244140625,80.54948425292969,6673700,0.0,0.0
2018-02-13,101.11000061035156,101.7300033569336,100.12000274658203,100.9800033569336,79.79090118408203,5061400,0.0,0.0
2018-02-14,99.8499984741211,102.95999908447266,99.8499984741211,102.68000030517578,81.13420867919922,7413500,0.0,0.0
2018-02-15,103.81999969482422,104.58000183105469,101.54000091552734,104.56999969482422,82.62763214111328,5264800,0.0,0.0
2018-02-16,104.27999877929688,105.54000091552734,103.87999725341797,104.47000122070312,82.5486068725586,4910400,0.0,0.0
2018-02-20,103.98999786376953,106.86000061035156,103.91000366210938,105.29000091552734,83.19654083251953,4970500,0.0,0.0
2018-02-21,105.7699966430664,106.18000030517578,103.58999633789062,103.66000366210938,81.90855407714844,6536500,0.0,0.0
2018-02-22,104.0,105.08000183105469,103.41000366210938,103.93000030517578,82.12191772460938,4036500,0.0,0.0
2018-02-23,105.01000213623047,107.05999755859375,104.73999786376953,107.04000091552734,84.57933044433594,4936900,0.0,0.0
2018-02-26,107.27999877929688,109.73999786376953,107.27999877929688,109.62999725341797,86.6258544921875,5496100,0.0,0.0
2018-02-27,109.37999725341797,110.29000091552734,108.33999633789062,108.33999633789062,85.60655975341797,5311900,0.0,0.0
2018-02-28,109.04000091552734,110.22000122070312,108.31999969482422,108.3499984741211,85.61446380615234,7333000,0.0,0.0
2018-03-01,108.93000030517578,108.93000030517578,105.72000122070312,106.52999877929688,84.17634582519531,8626600,0.0,0.0
2018-03-02,104.79000091552734,108.4800033569336,104.66000366210938,108.22000122070312,85.5117416381836,6476300,0.0,0.0
2018-03-05,107.4800033569336,109.33000183105469,106.5199966430664,109.01000213623047,86.13599395751953,4417200,0.0,0.0
2018-03-06,109.97000122070312,110.18000030517578,108.94000244140625,109.69000244140625,86.67327880859375,4109600,0.0,0.0
2018-03-07,108.04000091552734,109.45999908447266,107.12999725341797,108.55999755859375,85.78038024902344,4637600,0.0,0.0
2018-03-08,109.18000030517578,109.48999786376953,108.2699966430664,109.48999786376953,86.5152359008789,3573500,0.0,0.0
2018-03-09,110.0,111.61000061035156,109.33000183105469,111.52999877929688,88.12716674804688,5535900,0.0,0.0
2018-03-12,112.04000091552734,113.0,111.45999908447266,111.62999725341797,88.2061767578125,4270800,0.0,0.0
2018-03-13,112.04000091552734,113.0,110.08999633789062,110.58999633789062,87.38442993164062,5845500,0.0,0.0
2018-03-14,111.20999908447266,111.69999694824219,109.16999816894531,109.97000122070312,86.89452362060547,3240600,0.0,0.0
2018-03-15,109.94000244140625,110.91000366210938,109.2699966430664,109.70999908447266,86.68907928466797,3983300,0.0,0.0
2018-03-16,110.12000274658203,110.73999786376953,109.51000213623047,109.97000122070312,86.89452362060547,8049700,0.0,0.0
2018-03-19,109.37000274658203,109.37999725341797,105.94999694824219,107.86000061035156,85.22728729248047,6715200,0.0,0.0
2018-03-20,108.2699966430664,110.0,108.2699966430664,109.45999908447266,86.49152374267578,3781900,0.0,0.0
2018-03-21,109.12999725341797,110.29000091552734,108.05999755859375,108.63999938964844,85.84358978271484,3703800,0.0,0.0
2018-03-22,106.51000213623047,107.76000213623047,103.80000305175781,103.9000015258789,82.09820556640625,7208400,0.0,0.0
2018-03-23,104.02999877929688,104.94000244140625,101.33999633789062,101.36000061035156,80.09120178222656,6748900,0.0,0.0
2018-03-26,104.11000061035156,106.72000122070312,103.02999877929688,106.5999984741211,84.23163604736328,6760400,0.0,0.0
2018-03-27,108.0,108.0999984741211,101.81999969482422,102.55999755859375,81.03939056396484,5308400,0.0,0.0
2018-03-28,102.2699966430664,103.76000213623047,101.41000366210938,101.91000366210938,80.52578735351562,5352200,0.0,0.0
2018-03-29,102.81999969482422,105.04000091552734,102.23999786376953,103.88999938964844,82.09031677246094,4311100,0.0,0.0
2018-04-02,102.86000061035156,103.5199966430664,99.7300033569336,100.6500015258789,79.5301742553711,5865400,0.0,0.0
2018-04-03,101.91999816894531,102.73999786376953,100.58999633789062,102.18000030517578,80.73912048339844,6898700,0.0,0.0
2018-04-04,99.9800033569336,104.56999969482422,99.80999755859375,104.20999908447266,82.34315490722656,4515000,0.0,0.0
2018-04-05,103.83000183105469,104.01000213623047,100.87000274658203,102.23999786376953,80.7865219116211,5477400,0.0,0.0
2018-04-06,100.97000122070312,102.33999633789062,99.0199966430664,99.45999908447266,78.58989715576172,5095700,0.0,0.0
2018-04-09,100.04000091552734,102.88999938964844,99.5999984741211,99.80999755859375,78.86640930175781,5840900,0.0,0.0
2018-04-10,101.66999816894531,103.06999969482422,100.62999725341797,102.36000061035156,80.8813705444336,6011500,0.0,0.0
2018-04-11,101.41000366210938,103.08999633789062,101.02999877929688,102.33999633789062,80.86555480957031,3830000,0.0,0.0
2018-04-12,103.05000305175781,104.5,102.93000030517578,104.23999786376953,82.36685943603516,4578300,0.0,0.0
2018-04-13,104.94999694824219,105.0,101.9000015258789,102.16000366210938,80.72333526611328,3518900,0.0,0.0
2018-04-16,103.06999969482422,104.19000244140625,102.62000274658203,103.5,81.78215026855469,2831500,0.0,0.0
2018-04-17,104.08999633789062,105.69999694824219,103.69000244140625,105.38999938964844,83.27556610107422,4001100,0.0,0.0
2018-04-18,105.06999969482422,105.9000015258789,104.08000183105469,105.3499984741211,83.24393463134766,3554700,0.0,0.0
2018-04-19,103.73999786376953,103.83999633789062,99.91000366210938,101.29000091552734,80.03588104248047,8624900,0.0,0.0
2018-04-20,100.95999908447266,101.62999725341797,98.87000274658203,99.95999908447266,78.98497009277344,7858000,0.0,0.0
2018-04-23,100.58999633789062,100.58999633789062,98.0199966430664,98.08999633789062,77.50733947753906,5934200,0.0,0.0
2018-04-24,99.76000213623047,101.22000122070312,97.38999938964844,98.41999816894531,77.7680892944336,8420300,0.0,0.0
2018-04-25,101.45999908447266,104.25,99.76000213623047,103.0,81.3870620727539,12696000,0.0,0.0
2018-04-26,104.0199966430664,104.31999969482422,102.19999694824219,102.72000122070312,81.16580200195312,6672900,0.0,0.0
2018-04-27,103.16999816894531,103.38999938964844,100.87000274658203,102.51000213623047,80.9998779296875,5114700,0.0,0.0
2018-04-30,102.93000030517578,104.2300033569336,101.33000183105469,101.43000030517578,80.14649963378906,5592700,0.0,0.0
2018-05-01,101.0999984741211,103.47000122070312,100.69999694824219,103.4000015258789,81.70310974121094,4234700,0.0,0.0
2018-05-02,103.27999877929688,104.22000122070312,101.87000274658203,102.95999908447266,81.35546112060547,5345000,0.0,0.0
2018-05-03,101.69999694824219,104.30000305175781,100.3499984741211,103.5999984741211,81.86116027832031,4788900,0.0,0.0
2018-05-04,102.5,104.75,101.86000061035156,104.69000244140625,83.22048950195312,6168000,0.62,0.0
2018-05-07,104.98999786376953,105.16999816894531,103.97000122070312,104.51000213623047,83.07738494873047,4113800,0.0,0.0
2018-05-08,104.55000305175781,108.0,104.05999755859375,105.45999908447266,83.83255004882812,5496500,0.0,0.0
2018-05-09,106.0,107.66999816894531,105.70999908447266,107.54000091552734,85.48600769042969,5131600,0.0,0.0
2018-05-10,108.1500015258789,110.04000091552734,107.80999755859375,109.97000122070312,87.41767120361328,4376500,0.0,0.0
2018-05-11,109.62000274658203,110.73999786376953,109.0,109.25,86.8453369140625,3583500,0.0,0.0
2018-05-14,109.7300033569336,111.0,109.69999694824219,110.63999938964844,87.95027923583984,4120400,0.0,0.0
2018-05-15,109.98999786376953,110.86000061035156,108.3499984741211,109.20999908447266,86.81351470947266,4336700,0.0,0.0
2018-05-16,109.75,111.56999969482422,109.04000091552734,111.4000015258789,88.55441284179688,3898200,0.0,0.0
2018-05-17,110.70999908447266,111.66000366210938,110.02999877929688,110.33000183105469,87.703857421875,3792800,0.0,0.0
2018-05-18,109.91999816894531,111.06999969482422,109.27999877929688,110.54000091552734,87.87077331542969,4239600,0.0,0.0
2018-05-21,111.70999908447266,112.27999877929688,109.87999725341797,110.41000366210938,87.76744842529297,5199500,0.0,0.0
2018-05-22,111.05000305175781,111.83000183105469,110.69000244140625,110.86000061035156,88.12515258789062,2999600,0.0,0.0
2018-05-23,109.48999786376953,111.08000183105469,108.9000015258789,111.06999969482422,88.2920913696289,3123500,0.0,0.0
2018-05-24,110.98999786376953,111.19999694824219,109.58000183105469,110.75,88.03771209716797,2855500,0.0,0.0
2018-05-25,110.63999938964844,111.76000213623047,110.55000305175781,111.55999755859375,88.68158721923828,4100200,0.0,0.0
2018-05-29,110.63999938964844,111.76000213623047,110.01000213623047,110.94000244140625,88.1887435913086,3492800,0.0,0.0
2018-05-30,111.33999633789062,112.36000061035156,111.04000091552734,111.8499984741211,88.91213989257812,3621800,0.0,0.0
2018-05-31,112.0,112.87999725341797,111.5,111.91000366210938,88.95985412597656,6582100,0.0,0.0
2018-06-01,112.55000305175781,114.80000305175781,112.31999969482422,114.80000305175781,91.25716400146484,4728400,0.0,0.0
2018-06-04,114.73999786376953,116.37999725341797,114.30999755859375,115.73999786376953,92.00436401367188,3905700,0.0,0.0
2018-06-05,116.69000244140625,117.93000030517578,115.83000183105469,117.66000366210938,93.5306167602539,5366600,0.0,0.0
2018-06-06,117.56999969482422,118.12000274658203,116.91000366210938,118.11000061035156,93.88835144042969,4015400,0.0,0.0
2018-06-07,118.3499984741211,118.4800033569336,116.13999938964844,117.23999786376953,93.19677734375,6985100,0.0,0.0
2018-06-08,116.29000091552734,116.66999816894531,115.3499984741211,115.73999786376953,92.00436401367188,4948600,0.0,0.0
2018-06-11,115.0,115.83000183105469,114.4800033569336,115.27999877929688,91.63870239257812,3741300,0.0,0.0
2018-06-12,115.48999786376953,115.7699966430664,114.58000183105469,115.41000366210938,91.7420654296875,3269100,0.0,0.0
2018-06-13,115.5,115.61000061035156,113.79000091552734,114.0,90.62120819091797,4948600,0.0,0.0
2018-06-14,114.86000061035156,115.54000091552734,113.97000122070312,114.72000122070312,91.19355010986328,2941200,0.0,0.0
2018-06-15,114.87000274658203,116.0199966430664,113.87000274658203,115.88999938964844,92.1236343383789,7027600,0.0,0.0
2018-06-18,114.5999984741211,114.93000030517578,113.02999877929688,114.38999938964844,90.93120574951172,3170600,0.0,0.0
2018-06-19,112.75,113.91000366210938,112.19999694824219,113.66000366210938,90.35093688964844,3486500,0.0,0.0
2018-06-20,114.41000366210938,115.11000061035156,113.56999969482422,114.23999786376953,90.81198120117188,3454800,0.0,0.0
2018-06-21,114.37999725341797,114.5,111.61000061035156,112.11000061035156,89.11881256103516,3480100,0.0,0.0
2018-06-22,112.75,113.22000122070312,111.41000366210938,112.37999725341797,89.33341979980469,3822600,0.0,0.0
2018-06-25,110.95999908447266,111.0,108.61000061035156,110.19000244140625,87.59256744384766,5331200,0.0,0.0
2018-06-26,110.62999725341797,112.01000213623047,110.12999725341797,111.51000213623047,88.64186096191406,4001900,0.0,0.0
2018-06-27,112.18000030517578,112.5,108.7699966430664,108.77999877929688,86.47171783447266,4364600,0.0,0.0
2018-06-28,108.2300033569336,109.5999984741211,107.44999694824219,109.0999984741211,86.7260971069336,4198800,0.0,0.0
2018-06-29,109.79000091552734,111.55000305175781,109.62000274658203,110.25,87.6402587890625,5343300,0.0,0.0
2018-07-02,108.94000244140625,110.33000183105469,108.37999725341797,110.23999786376953,87.63231658935547,3392500,0.0,0.0
2018-07-03,110.61000061035156,111.29000091552734,108.73999786376953,108.91000366210938,86.57506561279297,2201500,0.0,0.0
2018-07-05,109.83999633789062,111.6500015258789,109.41000366210938,111.51000213623047,88.64186096191406,4097700,0.0,0.0
2018-07-06,111.55999755859375,112.93000030517578,110.83000183105469,112.70999908447266,89.59576416015625,3419700,0.0,0.0
2018-07-09,113.4000015258789,113.5,110.83999633789062,112.08999633789062,89.1029052734375,3658000,0.0,0.0
2018-07-10,112.62999725341797,114.05000305175781,112.37999725341797,113.7300033569336,90.40657043457031,4512800,0.0,0.0
2018-07-11,113.29000091552734,113.79000091552734,111.5199966430664,111.76000213623047,88.84059143066406,5000200,0.0,0.0
2018-07-12,113.23999786376953,116.69000244140625,113.05999755859375,115.83999633789062,92.0838623046875,5818700,0.0,0.0
2018-07-13,115.52999877929688,115.9800033569336,114.83000183105469,115.13999938964844,91.52740478515625,2715800,0.0,0.0
2018-07-16,114.91000366210938,115.48999786376953,114.41999816894531,114.55999755859375,91.06636810302734,3013700,0.0,0.0
2018-07-17,113.66999816894531,115.86000061035156,113.19999694824219,115.80000305175781,92.05207824707031,3915100,0.0,0.0
2018-07-18,115.5,116.94999694824219,114.13999938964844,115.68000030517578,91.95667266845703,5491900,0.0,0.0
2018-07-19,115.52999877929688,115.66000366210938,114.2300033569336,114.58999633789062,91.09021759033203,5013900,0.0,0.0
2018-07-20,114.97000122070312,115.7300033569336,114.23999786376953,115.0,91.41613006591797,4358000,0.0,0.0
2018-07-23,114.3499984741211,114.83000183105469,113.04000091552734,114.66999816894531,91.15382385253906,3052800,0.0,0.0
2018-07-24,115.05999755859375,116.45999908447266,113.3499984741211,113.80000305175781,90.46221160888672,4286700,0.0,0.0
2018-07-25,113.4000015258789,114.38999938964844,110.02999877929688,113.22000122070312,90.00118255615234,8218400,0.0,0.0
2018-07-26,113.94999694824219,114.45999908447266,112.94000244140625,113.30000305175781,90.06475830078125,5520400,0.0,0.0
2018-07-27,113.30000305175781,114.29000091552734,112.0199966430664,112.5999984741211,89.5083236694336,4343900,0.0,0.0
2018-07-30,111.98999786376953,112.37000274658203,110.69999694824219,110.91000366210938,88.65303039550781,4422500,0.62,0.0
2018-07-31,111.98999786376953,112.58999633789062,110.91999816894531,111.31999969482422,88.98074340820312,5206300,0.0,0.0
2018-08-01,111.16000366210938,111.9800033569336,110.33000183105469,111.0,88.72496795654297,5303000,0.0,0.0
2018-08-02,110.1500015258789,113.0,110.0,112.20999908447266,89.69219207763672,4516700,0.0,0.0
2018-08-03,112.33000183105469,112.9800033569336,111.93000030517578,112.83999633789062,90.19573211669922,3337900,0.0,0.0
2018-08-06,112.27999877929688,113.5199966430664,112.12000274658203,113.11000061035156,90.41156005859375,2970800,0.0,0.0
2018-08-07,113.7699966430664,115.80999755859375,113.33999633789062,115.76000213623047,92.5297622680664,5234500,0.0,0.0
2018-08-08,115.66000366210938,116.61000061035156,115.16000366210938,116.16000366210938,92.84947967529297,2890800,0.0,0.0
2018-08-09,116.0,116.08999633789062,114.02999877929688,114.33999633789062,91.39472198486328,3505200,0.0,0.0
2018-08-10,111.73999786376953,112.31999969482422,109.3499984741211,110.08999633789062,87.99758911132812,7652600,0.0,0.0
2018-08-13,110.55999755859375,111.44000244140625,109.83999633789062,109.94000244140625,87.87770080566406,3989800,0.0,0.0
2018-08-14,110.66999816894531,110.98999786376953,109.87000274658203,110.33999633789062,88.19741821289062,3109600,0.0,0.0
2018-08-15,109.23999786376953,110.08000183105469,108.3499984741211,109.5999984741211,87.60591888427734,3532600,0.0,0.0
2018-08-16,110.12000274658203,110.54000091552734,109.08000183105469,109.4000015258789,87.44605255126953,2916300,0.0,0.0
2018-08-17,108.87000274658203,109.9800033569336,107.01000213623047,109.63999938964844,87.63788604736328,3744800,0.0,0.0
2018-08-20,109.75,109.80000305175781,108.54000091552734,109.02999877929688,87.15032196044922,3238200,0.0,0.0
2018-08-21,109.5,111.75,109.33999633789062,111.51000213623047,89.13264465332031,4714300,0.0,0.0
2018-08-22,110.63999938964844,112.69000244140625,109.2699966430664,112.19000244140625,89.67618560791016,3999200,0.0,0.0
2018-08-23,112.18000030517578,113.66000366210938,112.16000366210938,112.4000015258789,89.84403228759766,3038700,0.0,0.0
2018-08-24,112.95999908447266,113.79000091552734,112.33999633789062,113.63999938964844,90.83519744873047,3191900,0.0,0.0
2018-08-27,114.6500015258789,115.66000366210938,114.1500015258789,115.25,92.12211608886719,3686200,0.0,0.0
2018-08-28,115.73999786376953,116.06999969482422,114.66000366210938,115.0199966430664,91.9382553100586,3214400,0.0,0.0
2018-08-29,115.41000366210938,115.77999877929688,114.86000061035156,115.47000122070312,92.29795837402344,5113900,0.0,0.0
2018-08-30,114.91999816894531,115.36000061035156,112.48999786376953,112.58000183105469,89.98793029785156,5688600,0.0,0.0
2018-08-31,112.62999725341797,113.43000030517578,111.86000061035156,112.4000015258789,89.84403228759766,6550300,0.0,0.0
2018-09-04,111.0199966430664,112.66000366210938,110.6500015258789,112.54000091552734,89.9559326171875,6160300,0.0,0.0
2018-09-05,112.37999725341797,112.94999694824219,110.8499984741211,111.12999725341797,88.82889556884766,5369300,0.0,0.0
2018-09-06,110.98999786376953,111.73999786376953,110.33999633789062,110.88999938964844,88.63703918457031,4813100,0.0,0.0
2018-09-07,110.44999694824219,111.0,108.25,108.45999908447266,86.69471740722656,5349300,0.0,0.0
2018-09-10,109.16999816894531,109.4800033569336,107.48999786376953,108.31999969482422,86.58277130126953,5138900,0.0,0.0
2018-09-11,108.05999755859375,108.1500015258789,105.91000366210938,106.05000305175781,84.76835632324219,8165600,0.0,0.0
2018-09-12,105.0,105.0,102.25,104.54000091552734,83.56134796142578,10182300,0.0,0.0
2018-09-13,105.1500015258789,106.91999816894531,104.5999984741211,105.72000122070312,84.5045394897461,6311100,0.0,0.0
2018-09-14,105.95999908447266,107.16000366210938,105.12999725341797,105.36000061035156,84.21681213378906,6485000,0.0,0.0
2018-09-17,105.29000091552734,105.66999816894531,103.3499984741211,103.69999694824219,82.8899154663086,5598300,0.0,0.0
2018-09-18,104.02999877929688,105.88999938964844,103.95999908447266,104.91000366210938,83.85710906982422,5654900,0.0,0.0
2018-09-19,105.12000274658203,107.51000213623047,105.0999984741211,107.37000274658203,85.82344055175781,6588900,0.0,0.0
2018-09-20,107.87999725341797,108.9800033569336,107.80000305175781,108.48999786376953,86.71868133544922,5562500,0.0,0.0
2018-09-21,110.5,110.9000015258789,109.54000091552734,110.05000305175781,87.96563720703125,10923900,0.0,0.0
2018-09-24,109.01000213623047,110.31999969482422,108.36000061035156,109.80000305175781,87.76580810546875,3531200,0.0,0.0
2018-09-25,109.25,109.55999755859375,106.80999755859375,107.55000305175781,85.96733093261719,6523800,0.0,0.0
2018-09-26,107.4800033569336,108.22000122070312,105.9800033569336,106.22000122070312,84.90422821044922,6478600,0.0,0.0
2018-09-27,106.44000244140625,107.68000030517578,106.12000274658203,107.29000091552734,85.75949096679688,4704200,0.0,0.0
2018-09-28,107.22000122070312,107.45999908447266,106.05999755859375,107.29000091552734,85.75949096679688,4556400,0.0,0.0
2018-10-01,107.66999816894531,108.62000274658203,107.43000030517578,107.73999786376953,86.11917114257812,3661800,0.0,0.0
2018-10-02,107.25,109.8499984741211,107.25,108.45999908447266,86.69471740722656,4718400,0.0,0.0
2018-10-03,109.02999877929688,109.19999694824219,107.41000366210938,108.18000030517578,86.47087860107422,5353400,0.0,0.0
2018-10-04,107.31999969482422,107.52999877929688,104.86000061035156,105.87000274658203,84.62445068359375,5846500,0.0,0.0
2018-10-05,105.55000305175781,105.93000030517578,101.76000213623047,103.27999877929688,82.55419158935547,8778800,0.0,0.0
2018-10-08,102.22000122070312,103.11000061035156,101.16999816894531,101.93000030517578,81.47511291503906,7458500,0.0,0.0
2018-10-09,101.93000030517578,103.1500015258789,101.55000305175781,102.87000274658203,82.22647857666016,6041500,0.0,0.0
2018-10-10,100.55999755859375,101.63999938964844,98.80999755859375,99.23999786376953,79.32492065429688,11243700,0.0,0.0
2018-10-11,100.5,102.01000213623047,99.01000213623047,99.52999877929688,79.55674743652344,10100300,0.0,0.0
2018-10-12,102.44999694824219,102.44999694824219,99.62999725341797,101.08999633789062,80.8036880493164,6889100,0.0,0.0
2018-10-15,99.69999694824219,100.48999786376953,98.62999725341797,99.43000030517578,79.476806640625,6637400,0.0,0.0
2018-10-16,100.31999969482422,102.36000061035156,99.69000244140625,102.1500015258789,81.6509780883789,5894100,0.0,0.0
2018-10-17,102.9000015258789,103.16999816894531,100.9800033569336,101.54000091552734,81.16338348388672,5061400,0.0,0.0
2018-10-18,101.5,101.5,98.75,99.54000091552734,79.56472778320312,9668300,0.0,0.0
2018-10-19,99.1500015258789,100.41999816894531,97.30000305175781,98.26000213623047,78.54161834716797,10492500,0.0,0.0
2018-10-22,98.6500015258789,100.47000122070312,98.41000366210938,99.72000122070312,79.7085952758789,6881500,0.0,0.0
2018-10-23,97.18000030517578,100.47000122070312,95.20999908447266,100.25,80.13226318359375,13925900,0.0,0.0
2018-10-24,93.25,96.9800033569336,91.5,92.01000213623047,73.54580688476562,25121700,0.0,0.0
2018-10-25,92.26000213623047,93.4800033569336,90.80000305175781,91.7699966430664,73.35397338867188,21038900,0.0,0.0
2018-10-26,89.69000244140625,92.06999969482422,87.9000015258789,90.55999755859375,72.38680267333984,15855200,0.0,0.0
2018-10-29,93.08000183105469,93.51000213623047,88.5199966430664,90.18000030517578,72.08305358886719,9869400,0.0,0.0
2018-10-30,90.08999633789062,93.13999938964844,89.72000122070312,92.98999786376953,74.96929931640625,8734300,0.77,0.0
2018-10-31,94.0,94.43000030517578,92.76000213623047,92.83000183105469,74.84029388427734,10301100,0.0,0.0
2018-11-01,93.37999725341797,97.98999786376953,93.0,97.5999984741211,78.68590545654297,10972500,0.0,0.0
2018-11-02,97.76000213623047,97.9000015258789,93.8499984741211,95.05999755859375,76.63813018798828,10088000,0.0,0.0
2018-11-05,94.91000366210938,96.0199966430664,94.25,95.66000366210938,77.12186431884766,6189400,0.0,0.0
2018-11-06,95.47000122070312,97.23999786376953,95.0,97.13999938964844,78.31505584716797,5413100,0.0,0.0
2018-11-07,97.80000305175781,97.97000122070312,96.3499984741211,97.19999694824219,78.36338806152344,5525700,0.0,0.0
2018-11-08,96.26000213623047,98.79000091552734,96.23999786376953,98.4800033569336,79.39537048339844,5948300,0.0,0.0
2018-11-09,98.11000061035156,98.12999725341797,95.83999633789062,96.0999984741211,77.47659301757812,6256400,0.0,0.0
2018-11-12,95.04000091552734,95.13999938964844,93.06999969482422,93.47000122070312,75.35627746582031,8688700,0.0,0.0
2018-11-13,94.11000061035156,96.16999816894531,93.9000015258789,94.4800033569336,76.1705322265625,5930800,0.0,0.0
2018-11-14,95.81999969482422,96.2699966430664,94.04000091552734,94.69999694824219,76.34789276123047,4975200,0.0,0.0
2018-11-15,94.51000213623047,98.43000030517578,94.16999816894531,97.95999908447266,78.97612762451172,7689000,0.0,0.0
2018-11-16,96.62999725341797,98.11000061035156,96.1500015258789,97.8499984741211,78.88744354248047,6767000,0.0,0.0
2018-11-19,97.5,97.72000122070312,94.55000305175781,94.62000274658203,76.28338623046875,8265300,0.0,0.0
2018-11-20,92.91000366210938,97.9000015258789,92.91000366210938,96.83999633789062,78.07316589355469,8230200,0.0,0.0
2018-11-21,97.75,98.06999969482422,95.8499984741211,96.12999725341797,77.50077819824219,6437700,0.0,0.0
2018-11-23,95.37000274658203,96.0,95.08000183105469,95.0999984741211,76.6703872680664,2066200,0.0,0.0
2018-11-26,96.41000366210938,96.66999816894531,95.31999969482422,96.37999725341797,77.70231628417969,4687400,0.0,0.0
2018-11-27,95.48999786376953,96.98999786376953,95.38999938964844,96.27999877929688,77.6217041015625,5044700,0.0,0.0
2018-11-28,96.69999694824219,98.29000091552734,95.18000030517578,98.26000213623047,79.21800231933594,5659300,0.0,0.0
2018-11-29,97.98999786376953,98.4800033569336,97.33000183105469,97.43000030517578,78.54883575439453,5938000,0.0,0.0
2018-11-30,97.77999877929688,99.88999938964844,96.91999816894531,99.8499984741211,80.49986267089844,8685900,0.0,0.0
2018-12-03,102.5,102.58000183105469,100.44999694824219,101.16999816894531,81.56405639648438,7828500,0.0,0.0
2018-12-04,100.76000213623047,101.08000183105469,95.95999908447266,96.11000061035156,77.48464965820312,7487100,0.0,0.0
2018-12-06,94.11000061035156,97.37000274658203,93.68000030517578,97.31999969482422,78.46015167236328,7329300,0.0,0.0
2018-12-07,96.66999816894531,97.02999877929688,92.23999786376953,92.37999725341797,74.47750854492188,8837800,0.0,0.0
2018-12-10,92.44000244140625,94.3499984741211,91.97000122070312,93.80000305175781,75.62229919433594,7549500,0.0,0.0
2018-12-11,95.76000213623047,96.5999984741211,94.5,94.54000091552734,76.21891021728516,9942500,0.0,0.0
2018-12-12,96.79000091552734,97.37000274658203,95.5999984741211,95.80999755859375,77.24279022216797,4945000,0.0,0.0
2018-12-13,96.23999786376953,96.61000061035156,95.0999984741211,95.83999633789062,77.26698303222656,3647500,0.0,0.0
2018-12-14,94.66000366210938,95.98999786376953,94.2300033569336,94.26000213623047,75.99317169189453,6318300,0.0,0.0
2018-12-17,94.27999877929688,94.7300033569336,91.4800033569336,91.91999816894531,74.10662078857422,8260200,0.0,0.0
2018-12-18,92.8499984741211,95.9800033569336,92.72000122070312,94.54000091552734,76.21891021728516,7675500,0.0,0.0
2018-12-19,94.33999633789062,94.91000366210938,89.54000091552734,90.52999877929688,72.98600769042969,9854500,0.0,0.0
2018-12-20,90.7699966430664,91.37999725341797,89.19999694824219,90.08999633789062,72.63127136230469,9235000,0.0,0.0
2018-12-21,90.44999694824219,93.31999969482422,89.87000274658203,90.41000366210938,72.88925170898438,14349200,0.0,0.0
2018-12-24,90.0,90.55000305175781,87.76000213623047,87.80000305175781,70.78504943847656,5621600,0.0,0.0
2018-12-26,88.80000305175781,93.02999877929688,87.69999694824219,92.9800033569336,74.96122741699219,8075200,0.0,0.0
2018-12-27,91.36000061035156,93.87999725341797,90.55000305175781,93.80999755859375,75.6303482055664,5882300,0.0,0.0
2018-12-28,94.05999755859375,95.75,93.08000183105469,93.80999755859375,75.6303482055664,5022200,0.0,0.0
2018-12-31,94.51000213623047,95.18000030517578,93.72000122070312,94.5,76.1866455078125,4113200,0.0,0.0
2019-01-02,92.76000213623047,95.25,92.45999908447266,94.44999694824219,76.14634704589844,6478800,0.0,0.0
2019-01-03,91.83000183105469,92.79000091552734,88.68000030517578,88.87999725341797,71.65576934814453,11667500,0.0,0.0
2019-01-04,89.93000030517578,93.37999725341797,89.47000122070312,92.9000015258789,74.89671325683594,7707600,0.0,0.0
2019-01-07,92.80000305175781,95.22000122070312,92.36000061035156,94.5,76.1866455078125,5023900,0.0,0.0
2019-01-08,95.26000213623047,95.63999938964844,93.02999877929688,94.37999725341797,76.08993530273438,5863500,0.0,0.0
2019-01-09,95.05000305175781,96.48999786376953,94.72000122070312,96.23999786376953,77.5894546508789,6909400,0.0,0.0
2019-01-10,95.76000213623047,97.94000244140625,95.47000122070312,97.72000122070312,78.78263854980469,6748500,0.0,0.0
2019-01-11,97.02999877929688,99.06999969482422,96.80999755859375,98.58999633789062,79.4840316772461,4738800,0.0,0.0
2019-01-14,97.30999755859375,97.81999969482422,95.98999786376953,96.33000183105469,77.66200256347656,5060100,0.0,0.0
2019-01-15,96.98999786376953,98.04000091552734,96.63999938964844,97.62999725341797,78.71007537841797,4690800,0.0,0.0
2019-01-16,97.68000030517578,98.11000061035156,97.02999877929688,97.16999816894531,78.3392333984375,4559500,0.0,0.0
2019-01-17,96.12000274658203,98.44000244140625,95.8499984741211,97.54000091552734,78.63750457763672,6872300,0.0,0.0
2019-01-18,98.44000244140625,99.9800033569336,97.94000244140625,99.41999816894531,80.15319061279297,6677500,0.0,0.0
2019-01-22,98.43000030517578,98.43000030517578,95.81999969482422,96.62000274658203,77.89581298828125,11068600,0.0,0.0
2019-01-23,96.87000274658203,97.37000274658203,94.80999755859375,95.48999786376953,76.98478698730469,10298700,0.0,0.0
2019-01-24,97.95999908447266,102.51000213623047,97.80000305175781,102.08999633789062,82.3057632446289,14260300,0.0,0.0
2019-01-25,102.81999969482422,104.87000274658203,102.72000122070312,104.41000366210938,84.17617797851562,11041700,0.0,0.0
2019-01-28,101.87999725341797,104.12999725341797,101.76000213623047,102.68000030517578,82.78142547607422,7292700,0.0,0.0
2019-01-29,102.86000061035156,103.47000122070312,101.30999755859375,101.3499984741211,81.70917510986328,6153100,0.0,0.0
2019-01-30,101.68000030517578,102.62999725341797,100.18000030517578,102.13999938964844,82.97647857666016,6430200,0.77,0.0
2019-01-31,101.0199966430664,101.79000091552734,100.16999816894531,100.68000030517578,81.79042053222656,8272300,0.0,0.0
2019-02-01,100.55000305175781,102.05999755859375,100.26000213623047,101.98999786376953,82.85462188720703,5615000,0.0,0.0
2019-02-04,101.9800033569336,102.33999633789062,101.06999969482422,101.80000305175781,82.70027160644531,5761200,0.0,0.0
2019-02-05,102.20999908447266,102.4000015258789,100.9800033569336,102.31999969482422,83.12273406982422,6372200,0.0,0.0
2019-02-06,104.26000213623047,106.88999938964844,104.05000305175781,106.4800033569336,86.50220489501953,9907800,0.0,0.0
2019-02-07,105.0999984741211,105.58000183105469,103.13999938964844,103.86000061035156,84.373779296875,7045700,0.0,0.0
2019-02-08,102.44999694824219,104.80999755859375,102.13999938964844,104.55000305175781,84.93433380126953,5392400,0.0,0.0
2019-02-11,104.70999908447266,105.44999694824219,104.25,104.76000213623047,85.10493469238281,4553000,0.0,0.0
2019-02-12,105.93000030517578,106.58000183105469,105.75,106.44000244140625,86.4697494506836,5316800,0.0,0.0
2019-02-13,106.79000091552734,108.12000274658203,106.66000366210938,107.1500015258789,87.0465316772461,5965200,0.0,0.0
2019-02-14,106.77999877929688,108.38999938964844,106.43000030517578,106.97000122070312,86.9002914428711,3438800,0.0,0.0
2019-02-15,107.83000183105469,107.87000274658203,106.69000244140625,107.56999969482422,87.38771057128906,3604300,0.0,0.0
2019-02-19,107.11000061035156,107.88999938964844,106.61000061035156,107.27999877929688,87.15213775634766,3188000,0.0,0.0
2019-02-20,107.72000122070312,108.45999908447266,107.23999786376953,107.94000244140625,87.68830871582031,3692800,0.0,0.0
2019-02-21,106.97000122070312,107.75,106.19999694824219,106.63999938964844,86.6322021484375,3933500,0.0,0.0
2019-02-22,107.9000015258789,108.37999725341797,106.6500015258789,107.30999755859375,87.1764907836914,4392900,0.0,0.0
2019-02-25,109.0,109.48999786376953,107.83000183105469,108.19000244140625,87.89138793945312,5750200,0.0,0.0
2019-02-26,108.1500015258789,108.16999816894531,106.83000183105469,107.2699966430664,87.14399719238281,3740100,0.0,0.0
2019-02-27,106.41999816894531,106.41999816894531,104.70999908447266,105.70999908447266,85.8766860961914,4395800,0.0,0.0
2019-02-28,105.18000030517578,105.83999633789062,104.80999755859375,105.77999877929688,85.93355560302734,5465800,0.0,0.0
2019-03-01,106.86000061035156,107.08999633789062,105.77999877929688,106.76000213623047,86.72968292236328,4164200,0.0,0.0
2019-03-04,107.45999908447266,108.12999725341797,106.0,107.4000015258789,87.2496109008789,3278500,0.0,0.0
2019-03-05,107.66999816894531,107.79000091552734,106.5199966430664,106.56999969482422,86.57532501220703,4008600,0.0,0.0
2019-03-06,106.5999984741211,106.75,105.26000213623047,105.41999816894531,85.64110565185547,3568000,0.0,0.0
2019-03-07,104.8499984741211,105.72000122070312,103.68000030517578,104.94999694824219,85.25926208496094,5431000,0.0,0.0
2019-03-08,103.69000244140625,105.11000061035156,103.3499984741211,104.86000061035156,85.18616485595703,5180800,0.0,0.0
2019-03-11,105.16000366210938,106.9000015258789,105.0,106.44999694824219,86.47785186767578,3319800,0.0,0.0
2019-03-12,106.8499984741211,107.05000305175781,105.76000213623047,106.5199966430664,86.53472900390625,3047200,0.0,0.0
2019-03-13,107.16000366210938,108.29000091552734,106.66000366210938,107.58000183105469,87.39584350585938,3911100,0.0,0.0
2019-03-14,107.26000213623047,107.68000030517578,105.97000122070312,107.0999984741211,87.00588989257812,5393700,0.0,0.0
2019-03-15,108.0,110.80000305175781,107.98999786376953,110.73999786376953,89.96297454833984,13932300,0.0,0.0
2019-03-18,110.05000305175781,111.13999938964844,108.91999816894531,109.80999755859375,89.20742797851562,4408900,0.0,0.0
2019-03-19,110.58000183105469,110.80000305175781,109.55000305175781,110.0199966430664,89.37804412841797,3592100,0.0,0.0
2019-03-20,110.13999938964844,110.9000015258789,109.02999877929688,109.62999725341797,89.06121063232422,3829400,0.0,0.0
2019-03-21,110.01000213623047,112.9800033569336,109.94999694824219,112.22000122070312,91.165283203125,5772700,0.0,0.0
2019-03-22,111.72000122070312,112.41000366210938,109.52999877929688,109.68000030517578,89.10185241699219,3773500,0.0,0.0
2019-03-25,108.12999725341797,109.22000122070312,106.26000213623047,107.11000061035156,87.0140380859375,5479100,0.0,0.0
2019-03-26,108.27999877929688,108.75,107.38999938964844,108.33000183105469,88.00513458251953,3085500,0.0,0.0
2019-03-27,108.38999938964844,108.83000183105469,105.44999694824219,105.97000122070312,86.08790588378906,4797200,0.0,0.0
2019-03-28,105.98999786376953,106.4000015258789,103.62999725341797,104.91000366210938,85.22679138183594,5386400,0.0,0.0
2019-03-29,106.05000305175781,106.62999725341797,105.36000061035156,106.06999969482422,86.16915130615234,4327700,0.0,0.0
2019-04-01,107.98999786376953,108.95999908447266,106.93000030517578,108.63999938964844,88.2569580078125,5349800,0.0,0.0
2019-04-02,108.97000122070312,110.43000030517578,108.18000030517578,110.27999877929688,89.58924865722656,7005500,0.0,0.0
2019-04-03,111.87999725341797,114.1500015258789,111.4000015258789,112.75,91.5958480834961,7036700,0.0,0.0
2019-04-04,112.37999725341797,114.2699966430664,112.36000061035156,113.23999786376953,91.99391174316406,5035600,0.0,0.0
2019-04-05,113.80999755859375,114.12000274658203,113.30999755859375,113.62999725341797,92.31073760986328,3318300,0.0,0.0
2019-04-08,113.80000305175781,115.41999816894531,113.31999969482422,115.22000122070312,93.60243225097656,4580800,0.0,0.0
2019-04-09,114.55000305175781,114.66999816894531,113.25,113.94000244140625,92.56256866455078,4648200,0.0,0.0
2019-04-10,113.87999725341797,115.19000244140625,113.54000091552734,114.91999816894531,93.35871124267578,3013300,0.0,0.0
2019-04-11,115.05999755859375,115.43000030517578,114.12999725341797,114.87999725341797,93.3261947631836,2799300,0.0,0.0
2019-04-12,115.77999877929688,117.02999877929688,115.77999877929688,116.76000213623047,94.85348510742188,4881100,0.0,0.0
2019-04-15,116.61000061035156,117.37000274658203,114.0199966430664,115.08999633789062,93.49681091308594,4265100,0.0,0.0
2019-04-16,115.83999633789062,116.8499984741211,115.62999725341797,116.37000274658203,94.53668212890625,4133700,0.0,0.0
2019-04-17,116.97000122070312,117.8499984741211,114.91000366210938,115.5999984741211,93.9111099243164,6227500,0.0,0.0
2019-04-18,116.18000030517578,116.18000030517578,115.12999725341797,115.51000213623047,93.83802032470703,4195800,0.0,0.0
2019-04-22,114.52999877929688,115.1500015258789,113.6500015258789,114.94999694824219,93.3830795288086,3691200,0.0,0.0
2019-04-23,115.4000015258789,116.52999877929688,114.5199966430664,116.37999725341797,94.54479217529297,7547400,0.0,0.0
2019-04-24,115.0,119.31999969482422,114.8499984741211,118.43000030517578,96.21017456054688,14483900,0.0,0.0
2019-04-25,117.83999633789062,118.41999816894531,115.6500015258789,117.16999816894531,95.18655395507812,5315400,0.0,0.0
2019-04-26,116.0,117.25,115.30999755859375,117.20999908447266,95.21907806396484,3582600,0.0,0.0
2019-04-29,116.7300033569336,117.33999633789062,116.0,116.69999694824219,94.80475616455078,3407600,0.0,0.0
2019-04-30,116.87999725341797,118.37000274658203,116.66000366210938,117.83000183105469,95.72274017333984,4533200,0.0,0.0
2019-05-01,118.05999755859375,118.91999816894531,116.19999694824219,116.29000091552734,94.47166442871094,3335800,0.0,0.0
2019-05-02,116.4000015258789,118.56999969482422,116.27999877929688,117.45999908447266,95.4221420288086,4532200,0.0,0.0
2019-05-03,117.45999908447266,117.97000122070312,116.11000061035156,117.47000122070312,96.05999755859375,3689000,0.77,0.0
2019-05-06,114.12000274658203,116.0,113.5,115.86000061035156,94.7434310913086,3974300,0.0,0.0
2019-05-07,114.0,114.43000030517578,112.25,113.93000030517578,93.1651840209961,5928100,0.0,0.0
2019-05-08,112.81999969482422,114.75,112.4800033569336,112.55999755859375,92.04487609863281,4819300,0.0,0.0
2019-05-09,110.87999725341797,112.83999633789062,110.19999694824219,112.1500015258789,91.7096176147461,4817500,0.0,0.0
2019-05-10,111.86000061035156,113.12999725341797,109.36000061035156,112.5999984741211,92.07760620117188,4189900,0.0,0.0
2019-05-13,109.16999816894531,110.3499984741211,106.7300033569336,107.11000061035156,87.58821105957031,7867600,0.0,0.0
2019-05-14,108.20999908447266,109.8499984741211,107.87999725341797,109.04000091552734,89.16644287109375,4068200,0.0,0.0
2019-05-15,108.0,110.87000274658203,107.70999908447266,110.29000091552734,90.1886215209961,4803600,0.0,0.0
2019-05-16,108.93000030517578,110.62999725341797,108.0999984741211,109.20999908447266,89.3054428100586,4690600,0.0,0.0
2019-05-17,108.18000030517578,109.4800033569336,106.11000061035156,106.79000091552734,87.3265151977539,6944000,0.0,0.0
2019-05-20,103.08999633789062,105.88999938964844,103.08999633789062,104.7300033569336,85.64196014404297,7519900,0.0,0.0
2019-05-21,106.9000015258789,108.0,106.2699966430664,107.0,87.49823760986328,4977200,0.0,0.0
2019-05-22,106.58999633789062,107.88999938964844,106.4000015258789,106.77999877929688,87.3183364868164,3297000,0.0,0.0
2019-05-23,105.77999877929688,105.98999786376953,104.3499984741211,105.83000183105469,86.54148864746094,4828000,0.0,0.0
2019-05-24,106.52999877929688,107.48999786376953,104.91999816894531,105.05999755859375,85.91183471679688,2786400,0.0,0.0
2019-05-28,105.88999938964844,105.94999694824219,103.1500015258789,103.20999908447266,84.39900970458984,5707100,0.0,0.0
2019-05-29,102.66000366210938,104.9000015258789,101.56999969482422,104.1500015258789,85.1677017211914,4923400,0.0,0.0
2019-05-30,104.4800033569336,106.0999984741211,104.12999725341797,105.44000244140625,86.22254943847656,3365700,0.0,0.0
2019-05-31,104.31999969482422,106.12000274658203,104.0,104.30999755859375,85.29850769042969,4463100,0.0,0.0
2019-06-03,105.04000091552734,106.9800033569336,104.58999633789062,105.16999816894531,86.00179290771484,4504500,0.0,0.0
2019-06-04,107.16000366210938,109.25,106.3499984741211,109.12000274658203,89.23185729980469,4924700,0.0,0.0
2019-06-05,110.0,110.29000091552734,107.77999877929688,109.4800033569336,89.52626037597656,3977400,0.0,0.0
2019-06-06,109.51000213623047,110.66999816894531,108.79000091552734,110.19000244140625,90.10684967041016,4734100,0.0,0.0
2019-06-07,111.13999938964844,111.83000183105469,110.58999633789062,111.16999816894531,90.90821838378906,5408600,0.0,0.0
2019-06-10,111.76000213623047,113.51000213623047,111.0,112.62999725341797,92.10212707519531,4656800,0.0,0.0
2019-06-11,114.30999755859375,114.33999633789062,111.97000122070312,112.93000030517578,92.34745788574219,4775700,0.0,0.0
2019-06-12,112.4800033569336,112.79000091552734,109.9800033569336,110.33999633789062,90.22950744628906,4105400,0.0,0.0
2019-06-13,110.76000213623047,111.36000061035156,110.31999969482422,111.18000030517578,90.91641235351562,3392000,0.0,0.0
2019-06-14,106.83999633789062,109.05000305175781,106.80000305175781,107.30999755859375,87.75175476074219,7137800,0.0,0.0
2019-06-17,107.30000305175781,108.0,106.55000305175781,106.72000122070312,87.269287109375,3655300,0.0,0.0
2019-06-18,108.30000305175781,111.56999969482422,107.58000183105469,111.04000091552734,90.80192565917969,5207900,0.0,0.0
2019-06-19,111.80000305175781,112.30000305175781,110.69000244140625,111.30000305175781,91.0145263671875,2745900,0.0,0.0
2019-06-20,113.87000274658203,114.3499984741211,111.70999908447266,112.70999908447266,92.16754913330078,2789900,0.0,0.0
2019-06-21,111.87000274658203,113.37000274658203,111.66000366210938,112.31999969482422,91.84861755371094,5124900,0.0,0.0
2019-06-24,112.16999816894531,113.08999633789062,111.81999969482422,112.7300033569336,92.18389129638672,3356200,0.0,0.0
2019-06-25,112.91000366210938,113.23999786376953,111.33999633789062,111.4800033569336,91.16171264648438,3426200,0.0,0.0
2019-06-26,113.41000366210938,115.0199966430664,112.7699966430664,114.43000030517578,93.57408142089844,5308200,0.0,0.0
2019-06-27,115.22000122070312,116.66000366210938,115.0199966430664,115.86000061035156,94.7434310913086,4163800,0.0,0.0
2019-06-28,116.41999816894531,116.83000183105469,114.5,114.76000213623047,93.84391784667969,6129800,0.0,0.0
2019-07-01,117.5999984741211,118.9800033569336,116.23999786376953,117.19000244140625,95.83099365234375,6123700,0.0,0.0
2019-07-02,116.98999786376953,117.0,115.11000061035156,116.05999755859375,94.90697479248047,3818600,0.0,0.0
2019-07-03,116.19000244140625,116.4000015258789,114.91999816894531,115.94000244140625,94.80885314941406,2321700,0.0,0.0
2019-07-05,114.81999969482422,116.06999969482422,114.37000274658203,115.75,94.65349578857422,2915400,0.0,0.0
2019-07-08,115.19000244140625,115.81999969482422,114.68000030517578,114.93000030517578,93.98292541503906,2974500,0.0,0.0
2019-07-09,114.5999984741211,115.91999816894531,114.38999938964844,115.77999877929688,94.6780014038086,2754000,0.0,0.0
2019-07-10,116.62000274658203,118.44999694824219,116.19000244140625,116.63999938964844,95.38126373291016,3531800,0.0,0.0
2019-07-11,116.5999984741211,116.9800033569336,115.88999938964844,116.72000122070312,95.44669342041016,3044700,0.0,0.0
2019-07-12,117.6500015258789,118.4000015258789,116.66000366210938,118.31999969482422,96.75508880615234,2292500,0.0,0.0
2019-07-15,118.5,120.0,118.48999786376953,119.83999633789062,97.99803161621094,4020600,0.0,0.0
2019-07-16,118.5,119.05000305175781,117.54000091552734,118.68000030517578,97.04944610595703,4588800,0.0,0.0
2019-07-17,118.44000244140625,118.48999786376953,116.76000213623047,117.18000030517578,95.82283782958984,4027700,0.0,0.0
2019-07-18,117.48999786376953,118.72000122070312,117.01000213623047,118.56999969482422,96.95951080322266,2913000,0.0,0.0
2019-07-19,118.75,119.0,117.04000091552734,117.26000213623047,95.88826751708984,5596300,0.0,0.0
2019-07-22,117.9800033569336,118.48999786376953,117.56999969482422,118.18000030517578,96.64057922363281,3862700,0.0,0.0
2019-07-23,119.19999694824219,120.3499984741211,118.55000305175781,120.06999969482422,98.18611907958984,7146900,0.0,0.0
2019-07-24,126.5,129.8000030517578,125.95999908447266,129.0,105.48853302001953,16553300,0.0,0.0
2019-07-25,128.58999633789062,128.8000030517578,126.56999969482422,127.3499984741211,104.13924407958984,8504500,0.0,0.0
2019-07-26,127.81999969482422,128.92999267578125,127.30999755859375,128.16000366210938,104.80164337158203,5282300,0.0,0.0
2019-07-29,128.1999969482422,130.3699951171875,127.93000030517578,129.97000122070312,106.28174591064453,6070100,0.0,0.0
2019-07-30,128.19000244140625,128.97000122070312,127.48999786376953,128.5399932861328,105.73881530761719,3487300,0.77,0.0
2019-07-31,127.81999969482422,128.57000732421875,123.04000091552734,125.01000213623047,102.83501434326172,6601600,0.0,0.0
2019-08-01,125.5999984741211,128.72999572753906,123.2300033569336,123.44999694824219,101.55171966552734,7979300,0.0,0.0
2019-08-02,123.19000244140625,124.3499984741211,121.06999969482422,121.81999969482422,100.21086883544922,7368400,0.0,0.0
2019-08-05,119.22000122070312,119.29000091552734,116.22000122070312,116.93000030517578,96.1882553100586,8689800,0.0,0.0
2019-08-06,118.36000061035156,119.3499984741211,117.02999877929688,119.0,97.8910903930664,4783900,0.0,0.0
2019-08-07,117.29000091552734,120.98999786376953,117.05000305175781,120.72000122070312,99.3060073852539,7726600,0.0,0.0
2019-08-08,121.9800033569336,124.58000183105469,121.37999725341797,124.30999755859375,102.25914764404297,6226400,0.0,0.0
2019-08-09,123.97000122070312,124.31999969482422,120.5999984741211,120.61000061035156,99.21549224853516,5777500,0.0,0.0
2019-08-12,119.61000061035156,121.06999969482422,119.47000122070312,120.08000183105469,98.77950286865234,3728400,0.0,0.0
2019-08-13,120.36000061035156,124.44999694824219,119.27999877929688,123.33999633789062,101.46121215820312,6285300,0.0,0.0
2019-08-14,120.69999694824219,122.20999908447266,120.16000366210938,120.5999984741211,99.20726776123047,4531700,0.0,0.0
2019-08-15,121.2699966430664,121.61000061035156,118.7300033569336,119.8499984741211,98.59029388427734,3352600,0.0,0.0
2019-08-16,121.27999877929688,123.20999908447266,119.8499984741211,122.81999969482422,101.03347778320312,3675100,0.0,0.0
2019-08-19,125.55000305175781,126.36000061035156,124.01000213623047,124.5999984741211,102.49771881103516,3244500,0.0,0.0
2019-08-20,124.2300033569336,125.22000122070312,123.41000366210938,124.30999755859375,102.25914764404297,2706400,0.0,0.0
2019-08-21,125.5,126.08000183105469,124.69999694824219,126.04000091552734,103.68228912353516,3866100,0.0,0.0
2019-08-22,126.11000061035156,126.5999984741211,124.19000244140625,125.20999908447266,102.9994888305664,2997800,0.0,0.0
2019-08-23,124.12000274658203,125.08999633789062,119.83999633789062,120.29000091552734,98.95225524902344,6515900,0.0,0.0
2019-08-26,122.45999908447266,122.47000122070312,120.51000213623047,121.66999816894531,100.08744812011719,3294000,0.0,0.0
2019-08-27,122.93000030517578,123.58000183105469,121.52999877929688,122.18000030517578,100.50700378417969,3679700,0.0,0.0
2019-08-28,121.37000274658203,122.9800033569336,120.52999877929688,122.73999786376953,100.9676742553711,2470800,0.0,0.0
2019-08-29,124.18000030517578,125.30999755859375,123.38999938964844,123.56999969482422,101.6504135131836,3454600,0.0,0.0
2019-08-30,124.83000183105469,125.23999786376953,123.44000244140625,123.75,101.79850006103516,2747100,0.0,0.0
2019-09-03,123.05000305175781,123.4800033569336,120.66999816894531,121.73999786376953,100.14505767822266,3913200,0.0,0.0
2019-09-04,123.94999694824219,124.94000244140625,123.8499984741211,124.58999633789062,102.489501953125,3858200,0.0,0.0
2019-09-05,126.75,129.00999450683594,126.1500015258789,126.80999755859375,104.31568908691406,5330400,0.0,0.0
2019-09-06,127.0999984741211,127.91000366210938,126.58999633789062,127.08999633789062,104.54603576660156,2457500,0.0,0.0
2019-09-09,127.94000244140625,127.94000244140625,125.68000030517578,127.0999984741211,104.55426788330078,3813700,0.0,0.0
2019-09-10,126.01000213623047,127.05999755859375,124.9000015258789,127.04000091552734,104.50491333007812,4725600,0.0,0.0
2019-09-11,127.0,128.64999389648438,126.4000015258789,128.5800018310547,105.77174377441406,4286100,0.0,0.0
2019-09-12,129.1999969482422,130.9199981689453,128.3699951171875,130.22000122070312,107.12083435058594,4472900,0.0,0.0
2019-09-13,130.47000122070312,130.88999938964844,129.55999755859375,129.61000061035156,106.61902618408203,3110800,0.0,0.0
2019-09-16,128.75999450683594,129.47999572753906,128.08999633789062,128.36000061035156,105.59073638916016,3065800,0.0,0.0
2019-09-17,128.3000030517578,129.6999969482422,127.62000274658203,129.55999755859375,106.57788848876953,2673600,0.0,0.0
2019-09-18,129.55999755859375,129.55999755859375,127.19999694824219,129.30999755859375,106.37225341796875,2328000,0.0,0.0
2019-09-19,129.5,130.25999450683594,128.5,128.8300018310547,105.97740173339844,2608100,0.0,0.0
2019-09-20,128.3000030517578,128.75,126.22000122070312,126.66999816894531,104.20052337646484,7471500,0.0,0.0
2019-09-23,126.66999816894531,128.35000610351562,126.30999755859375,127.7699966430664,105.10540771484375,3946200,0.0,0.0
2019-09-24,128.77000427246094,128.80999755859375,124.9000015258789,125.80999755859375,103.49310302734375,4694600,0.0,0.0
2019-09-25,125.30000305175781,128.3300018310547,124.52999877929688,127.73999786376953,105.08074951171875,3293400,0.0,0.0
2019-09-26,128.27999877929688,128.6699981689453,126.63999938964844,128.11000061035156,105.3851089477539,3297700,0.0,0.0
2019-09-27,129.52000427246094,129.63999938964844,125.86000061035156,127.13999938964844,104.58717346191406,5263500,0.0,0.0
2019-09-30,127.69000244140625,129.39999389648438,127.56999969482422,129.24000549316406,106.31466674804688,4233400,0.0,0.0
2019-10-01,130.0,131.8000030517578,127.58999633789062,128.58999633789062,105.77995300292969,5093900,0.0,0.0
2019-10-02,127.26000213623047,127.77999877929688,126.22000122070312,126.83999633789062,104.34037780761719,5334600,0.0,0.0
2019-10-03,127.2699966430664,129.25,125.86000061035156,128.6999969482422,105.87044525146484,5199700,0.0,0.0
2019-10-04,129.30999755859375,130.30999755859375,128.99000549316406,130.13999938964844,107.05500793457031,3893000,0.0,0.0
2019-10-07,130.0399932861328,130.49000549316406,128.74000549316406,128.85000610351562,105.99383544921875,2426200,0.0,0.0
2019-10-08,127.41999816894531,127.87000274658203,123.62999725341797,124.9800033569336,102.81031799316406,4769100,0.0,0.0
2019-10-09,126.75,128.17999267578125,126.31999969482422,127.44000244140625,104.83397674560547,2884800,0.0,0.0
2019-10-10,127.86000061035156,129.3699951171875,127.0999984741211,127.7300033569336,105.07252502441406,2679300,0.0,0.0
2019-10-11,130.10000610351562,131.75999450683594,129.55999755859375,130.08999633789062,107.01387023925781,4717200,0.0,0.0
2019-10-14,129.5800018310547,129.94000244140625,129.07000732421875,129.75,106.73419189453125,2292900,0.0,0.0
2019-10-15,130.27999877929688,132.1999969482422,129.7899932861328,131.69000244140625,108.33007049560547,2955400,0.0,0.0
2019-10-16,130.8300018310547,131.4499969482422,129.19000244140625,129.5,106.52852630615234,4537600,0.0,0.0
2019-10-17,130.89999389648438,131.38999938964844,128.80999755859375,130.1300048828125,107.04678344726562,3003500,0.0,0.0
2019-10-18,129.7899932861328,130.4199981689453,128.5500030517578,129.4600067138672,106.4956283569336,4126000,0.0,0.0
2019-10-21,130.74000549316406,131.02000427246094,129.64999389648438,130.92999267578125,107.70486450195312,3355100,0.0,0.0
2019-10-22,130.27000427246094,131.10000610351562,128.22999572753906,128.57000732421875,105.7635269165039,5518900,0.0,0.0
2019-10-23,116.80000305175781,121.62000274658203,115.87000274658203,118.94999694824219,97.84993743896484,18450000,0.0,0.0
2019-10-24,118.80999755859375,120.29000091552734,117.31999969482422,118.41000366210938,97.40573120117188,6205400,0.0,0.0
2019-10-25,118.51000213623047,120.69000244140625,118.51000213623047,120.51000213623047,99.13320922851562,4788200,0.0,0.0
2019-10-28,121.05999755859375,122.0999984741211,119.23999786376953,120.0,98.71369934082031,6492900,0.0,0.0
2019-10-29,120.5199966430664,120.91999816894531,119.5199966430664,120.29000091552734,98.95225524902344,4622200,0.0,0.0
2019-10-30,119.7300033569336,120.06999969482422,117.58000183105469,117.79000091552734,97.62617492675781,5276200,0.9,0.0
2019-10-31,117.6500015258789,118.30999755859375,116.48999786376953,117.98999786376953,97.79192352294922,4778400,0.0,0.0
2019-11-01,119.19000244140625,119.58999633789062,117.87000274658203,118.04000091552734,97.8333740234375,4430100,0.0,0.0
2019-11-04,119.91999816894531,121.41000366210938,119.4800033569336,120.97000122070312,100.26180267333984,5175400,0.0,0.0
2019-11-05,121.0999984741211,121.7300033569336,119.66000366210938,119.86000061035156,99.34180450439453,3994500,0.0,0.0
2019-11-06,119.66999816894531,120.55000305175781,118.86000061035156,120.36000061035156,99.75621032714844,3904700,0.0,0.0
2019-11-07,120.94000244140625,121.86000061035156,119.08000183105469,119.91999816894531,99.39154052734375,4271200,0.0,0.0
2019-11-08,119.69999694824219,120.13999938964844,118.81999969482422,120.11000061035156,99.54900360107422,3804900,0.0,0.0
2019-11-11,119.06999969482422,119.69999694824219,117.97000122070312,118.08000183105469,97.86650848388672,5165300,0.0,0.0
2019-11-12,118.18000030517578,119.91000366210938,118.18000030517578,119.0199966430664,98.64558410644531,4761100,0.0,0.0
2019-11-13,118.05999755859375,118.95999908447266,117.61000061035156,118.41999816894531,98.1483154296875,4928800,0.0,0.0
2019-11-14,118.19000244140625,118.36000061035156,116.77999877929688,117.56999969482422,97.44381713867188,4568500,0.0,0.0
2019-11-15,118.56999969482422,118.76000213623047,117.55999755859375,118.0,97.80020904541016,4496800,0.0,0.0
2019-11-18,117.91999816894531,118.29000091552734,117.16999816894531,117.88999938964844,97.70904541015625,5337700,0.0,0.0
2019-11-19,118.4800033569336,118.4800033569336,116.9800033569336,117.83999633789062,97.66761016845703,3860600,0.0,0.0
2019-11-20,117.25,117.69999694824219,115.48999786376953,116.2300033569336,96.33320617675781,4368600,0.0,0.0
2019-11-21,116.19999694824219,116.3499984741211,114.58999633789062,116.0999984741211,96.2254638671875,5447700,0.0,0.0
2019-11-22,116.7300033569336,117.52999877929688,116.55000305175781,117.01000213623047,96.97966766357422,3008900,0.0,0.0
2019-11-25,117.79000091552734,119.47000122070312,117.70999908447266,119.01000213623047,98.6373291015625,3726400,0.0,0.0
2019-11-26,119.04000091552734,119.5,117.88999938964844,119.12999725341797,98.73676300048828,7099700,0.0,0.0
2019-11-27,119.91000366210938,121.80999755859375,119.5,121.7300033569336,100.89168548583984,4876200,0.0,0.0
2019-11-29,121.1500015258789,121.63999938964844,119.98999786376953,120.20999908447266,99.63190460205078,3498900,0.0,0.0
2019-12-02,120.12000274658203,120.19000244140625,117.91000366210938,118.79000091552734,98.45496368408203,4733500,0.0,0.0
2019-12-03,117.1500015258789,117.97000122070312,116.05999755859375,117.75,97.59300231933594,5307100,0.0,0.0
2019-12-04,119.9800033569336,121.47000122070312,119.41000366210938,120.27999877929688,99.68991088867188,4537600,0.0,0.0
2019-12-05,120.56999969482422,120.80999755859375,119.7699966430664,120.73999786376953,100.07117462158203,3260400,0.0,0.0
2019-12-06,121.94999694824219,122.69999694824219,121.87999725341797,122.37000274658203,101.422119140625,3815900,0.0,0.0
2019-12-09,122.26000213623047,122.48999786376953,121.87000274658203,122.0,101.11546325683594,2801300,0.0,0.0
2019-12-10,122.19000244140625,122.98999786376953,121.16999816894531,121.37000274658203,100.59330749511719,4043400,0.0,0.0
2019-12-11,121.27999877929688,123.83999633789062,121.19999694824219,123.72000122070312,102.5410385131836,2959800,0.0,0.0
2019-12-12,123.80000305175781,126.9800033569336,123.02999877929688,126.06999969482422,104.48875427246094,5412700,0.0,0.0
2019-12-13,125.95999908447266,127.47000122070312,125.38999938964844,126.63999938964844,104.96116638183594,3451500,0.0,0.0
2019-12-16,127.58000183105469,128.6699981689453,127.06999969482422,127.06999969482422,105.31755828857422,4973100,0.0,0.0
2019-12-17,127.83999633789062,128.0,125.97000122070312,127.08999633789062,105.3341293334961,4354200,0.0,0.0
2019-12-18,127.38999938964844,127.38999938964844,126.0,126.3499984741211,104.7208251953125,5776200,0.0,0.0
2019-12-19,126.33999633789062,126.4800033569336,125.0,126.4000015258789,104.76226806640625,3961500,0.0,0.0
2019-12-20,127.25,129.0399932861328,125.8499984741211,128.9499969482422,106.875732421875,9321400,0.0,0.0
2019-12-23,129.0,129.1699981689453,128.16000366210938,128.5500030517578,106.54421997070312,3095000,0.0,0.0
2019-12-24,128.72999572753906,128.85000610351562,127.88999938964844,128.52999877929688,106.52763366699219,1403400,0.0,0.0
2019-12-26,128.7100067138672,128.75,128.0500030517578,128.47999572753906,106.4861831665039,2339900,0.0,0.0
2019-12-27,128.86000061035156,128.9199981689453,128.08999633789062,128.57000732421875,106.56079864501953,1800600,0.0,0.0
2019-12-30,128.1999969482422,128.47000122070312,127.04000091552734,127.66000366210938,105.80655670166016,2283700,0.0,0.0
2019-12-31,127.25,128.38999938964844,127.05999755859375,128.2899932861328,106.32870483398438,2813300,0.0,0.0
2020-01-02,129.1300048828125,129.61000061035156,127.7699966430664,129.57000732421875,107.38960266113281,4614000,0.0,0.0
2020-01-03,127.45999908447266,129.25,127.2300033569336,127.8499984741211,105.96404266357422,4057200,0.0,0.0
2020-01-06,127.05999755859375,127.33000183105469,125.9000015258789,126.95999908447266,105.22638702392578,4345400,0.0,0.0
2020-01-07,129.14999389648438,130.89999389648438,128.4199981689453,129.41000366210938,107.2569808959961,7184100,0.0,0.0
2020-01-08,129.33999633789062,130.57000732421875,129.05999755859375,129.75999450683594,107.54705810546875,3546900,0.0,0.0
2020-01-09,130.6999969482422,131.74000549316406,130.24000549316406,131.3300018310547,108.84832763671875,3526600,0.0,0.0
2020-01-10,131.80999755859375,131.80999755859375,129.82000732421875,130.0,107.74597930908203,3234000,0.0,0.0
2020-01-13,130.57000732421875,130.74000549316406,129.77000427246094,129.9499969482422,107.70455169677734,4313200,0.0,0.0
2020-01-14,129.9499969482422,131.86000061035156,129.8300018310547,130.6699981689453,108.3012924194336,4626200,0.0,0.0
2020-01-15,130.42999267578125,130.42999267578125,128.86000061035156,129.1699981689453,107.05806732177734,3392300,0.0,0.0
2020-01-16,130.0,130.22999572753906,129.35000610351562,130.16000366210938,107.87860107421875,5475900,0.0,0.0
2020-01-17,130.75999450683594,132.0399932861328,130.44000244140625,131.6999969482422,109.15496063232422,5487100,0.0,0.0
2020-01-21,131.08999633789062,132.19000244140625,130.5800018310547,130.86000061035156,108.45877075195312,8631500,0.0,0.0
2020-01-22,132.02000427246094,135.6999969482422,131.82000732421875,133.33999633789062,110.51422882080078,8899700,0.0,0.0
2020-01-23,131.4199981689453,134.41000366210938,129.64999389648438,134.25,111.26846313476562,8598700,0.0,0.0
2020-01-24,134.8000030517578,135.44000244140625,129.75,130.52000427246094,108.1769790649414,5606800,0.0,0.0
2020-01-27,128.64999389648438,129.25,126.23999786376953,126.30999755859375,104.68765258789062,5890900,0.0,0.0
2020-01-28,127.1500015258789,128.30999755859375,126.76000213623047,128.0399932861328,106.1214828491211,4397500,0.0,0.0
2020-01-29,127.55000305175781,128.50999450683594,125.44000244140625,125.48999786376953,104.00804138183594,4535000,0.0,0.0
2020-01-30,123.22000122070312,124.66999816894531,122.22000122070312,124.41999816894531,103.86611938476562,5521300,0.9,0.0
2020-01-31,123.36000061035156,123.63999938964844,119.95999908447266,120.6500015258789,100.71892547607422,5782500,0.0,0.0
2020-02-03,121.05999755859375,123.68000030517578,121.05999755859375,123.4000015258789,103.0146255493164,5396400,0.0,0.0
2020-02-04,126.0,127.31999969482422,125.36000061035156,126.47000122070312,105.57746887207031,4434700,0.0,0.0
2020-02-05,128.66000366210938,132.91000366210938,128.66000366210938,132.44000244140625,110.56124114990234,7281800,0.0,0.0
2020-02-06,133.0,133.0,131.47999572753906,132.52000427246094,110.62802124023438,3686600,0.0,0.0
2020-02-07,131.25,131.25,128.50999450683594,128.6999969482422,107.43907928466797,4331700,0.0,0.0
2020-02-10,127.55000305175781,129.6999969482422,127.30000305175781,129.64999389648438,108.23211669921875,2882500,0.0,0.0
2020-02-11,130.47000122070312,131.97999572753906,130.1300048828125,130.6999969482422,109.10867309570312,2986800,0.0,0.0
2020-02-12,131.64999389648438,132.94000244140625,131.63999938964844,132.4199981689453,110.54452514648438,2839100,0.0,0.0
2020-02-13,131.8800048828125,133.38999938964844,131.16000366210938,132.80999755859375,110.8700942993164,4268700,0.0,0.0
2020-02-14,133.47999572753906,133.6199951171875,131.27000427246094,132.2100067138672,110.3692398071289,2605200,0.0,0.0
2020-02-18,131.10000610351562,131.77999877929688,130.58999633789062,131.24000549316406,109.55947875976562,3094400,0.0,0.0
2020-02-19,132.89999389648438,134.3000030517578,132.2100067138672,133.1300048828125,111.13721466064453,3931600,0.0,0.0
2020-02-20,132.61000061035156,133.25999450683594,130.33999633789062,131.47000122070312,109.75146484375,2487800,0.0,0.0
2020-02-21,130.75999450683594,130.8300018310547,127.95999908447266,128.52000427246094,107.28881072998047,4121000,0.0,0.0
2020-02-24,124.01000213623047,125.26000213623047,121.25,121.44000244140625,101.37841033935547,7483800,0.0,0.0
2020-02-25,122.9000015258789,123.02999877929688,118.0199966430664,118.37999725341797,98.82389068603516,6347200,0.0,0.0
2020-02-26,119.29000091552734,120.63999938964844,117.62999725341797,118.79000091552734,99.16618347167969,5778000,0.0,0.0
2020-02-27,116.3499984741211,118.48999786376953,113.06999969482422,113.12999725341797,94.44119262695312,8687300,0.0,0.0
2020-02-28,109.44999694824219,116.12000274658203,108.61000061035156,114.13999938964844,95.28436279296875,11431100,0.0,0.0
2020-03-02,115.16000366210938,119.06999969482422,113.31999969482422,118.97000122070312,99.31643676757812,7207500,0.0,0.0
2020-03-03,118.37999725341797,120.12000274658203,112.20999908447266,113.80999755859375,95.00885772705078,9217300,0.0,0.0
2020-03-04,115.7699966430664,119.08999633789062,114.33999633789062,119.05000305175781,99.38322448730469,5556500,0.0,0.0
2020-03-05,115.16999816894531,117.20999908447266,113.70999908447266,114.72000122070312,95.7685317993164,6162300,0.0,0.0
2020-03-06,111.08999633789062,113.87000274658203,110.13999938964844,113.16000366210938,94.46624755859375,6386200,0.0,0.0
2020-03-09,105.11000061035156,110.08000183105469,104.41999816894531,105.04000091552734,87.68765258789062,8454600,0.0,0.0
2020-03-10,108.83000183105469,112.13999938964844,104.75,112.12000274658203,93.59805297851562,9206200,0.0,0.0
2020-03-11,109.54000091552734,111.44000244140625,105.79000091552734,106.5,88.90647888183594,9636500,0.0,0.0
2020-03-12,99.41999816894531,104.7300033569336,96.55000305175781,97.52999877929688,81.41826629638672,15158500,0.0,0.0
2020-03-13,103.30999755859375,107.47000122070312,98.45999908447266,106.04000091552734,88.5224609375,16040100,0.0,0.0
2020-03-16,95.87999725341797,104.5,93.08999633789062,93.5,78.05400848388672,12389200,0.0,0.0
2020-03-17,96.02999877929688,107.63999938964844,95.11000061035156,106.1500015258789,88.61429595947266,16243500,0.0,0.0
2020-03-18,100.05000305175781,105.81999969482422,94.1500015258789,100.0,83.48023986816406,16413900,0.0,0.0
2020-03-19,99.38999938964844,105.0,97.12000274658203,101.56999969482422,84.79086303710938,9298500,0.0,0.0
2020-03-20,104.5,105.5,97.0999984741211,97.5999984741211,81.47671508789062,10253200,0.0,0.0
2020-03-23,97.3499984741211,101.95999908447266,94.91999816894531,98.44000244140625,82.17794036865234,9680700,0.0,0.0
2020-03-24,102.1500015258789,105.68000030517578,99.45999908447266,105.36000061035156,87.95477294921875,9385700,0.0,0.0
2020-03-25,104.33000183105469,105.83000183105469,98.51000213623047,99.16000366210938,82.77899932861328,11862100,0.0,0.0
2020-03-26,99.4000015258789,108.83999633789062,99.01000213623047,107.76000213623047,89.95830535888672,10441400,0.0,0.0
2020-03-27,104.0,105.0,100.06999969482422,100.5,83.89763641357422,7579200,0.0,0.0
2020-03-30,100.4000015258789,103.44000244140625,100.30000305175781,102.0199966430664,85.16653442382812,6950800,0.0,0.0
2020-03-31,102.0199966430664,103.19000244140625,99.4800033569336,99.93000030517578,83.42180633544922,8968000,0.0,0.0
2020-04-01,96.0999984741211,100.37000274658203,96.06999969482422,96.88999938964844,80.88399505615234,8229700,0.0,0.0
2020-04-02,96.26000213623047,102.22000122070312,96.0999984741211,102.0199966430664,85.16653442382812,8353400,0.0,0.0
2020-04-03,102.44000244140625,103.63999938964844,98.8499984741211,99.9800033569336,83.46353912353516,6587300,0.0,0.0
2020-04-06,104.58000183105469,109.55999755859375,103.51000213623047,108.95999908447266,90.96005249023438,7189500,0.0,0.0
2020-04-07,111.69000244140625,112.93000030517578,105.83000183105469,106.26000213623047,88.70610809326172,7762200,0.0,0.0
2020-04-08,108.19000244140625,110.66999816894531,106.22000122070312,110.16999816894531,91.97017669677734,5426500,0.0,0.0
2020-04-09,111.0,112.20999908447266,107.08000183105469,107.69000244140625,89.89987182617188,5902300,0.0,0.0
2020-04-13,105.5,108.44999694824219,105.30000305175781,107.66999816894531,89.88317108154297,5209400,0.0,0.0
2020-04-14,109.5199966430664,111.43000030517578,108.97000122070312,110.94999694824219,92.62132263183594,8142400,0.0,0.0
2020-04-15,109.08000183105469,109.13999938964844,106.76000213623047,107.9800033569336,90.14198303222656,5381300,0.0,0.0
2020-04-16,109.41999816894531,111.91000366210938,107.80999755859375,111.38999938964844,92.98863983154297,5777700,0.0,0.0
2020-04-17,111.61000061035156,114.05999755859375,110.7300033569336,113.55000305175781,94.79183197021484,6100000,0.0,0.0
2020-04-20,111.5199966430664,115.12000274658203,111.30000305175781,111.52999877929688,93.10550689697266,7957200,0.0,0.0
2020-04-21,110.19999694824219,110.75,106.5,106.83999633789062,89.19029998779297,8799800,0.0,0.0
2020-04-22,109.68000030517578,112.45999908447266,108.61000061035156,111.9800033569336,93.48118591308594,10961000,0.0,0.0
2020-04-23,111.73999786376953,113.9000015258789,110.18000030517578,110.45999908447266,92.21229553222656,5374000,0.0,0.0
2020-04-24,111.3499984741211,114.0,111.04000091552734,113.93000030517578,95.10901641845703,5570200,0.0,0.0
2020-04-27,114.0,116.23999786376953,113.0199966430664,115.77999877929688,96.6534194946289,4728000,0.0,0.0
2020-04-28,118.12000274658203,119.80999755859375,114.06999969482422,114.23999786376953,95.3677978515625,5762300,0.0,0.0
2020-04-29,115.93000030517578,119.68000030517578,115.87000274658203,119.4000015258789,99.6754150390625,4936900,0.0,0.0
2020-04-30,117.54000091552734,117.98999786376953,115.19000244140625,116.06999969482422,96.89551544189453,5781000,0.0,0.0
2020-05-01,112.37999725341797,113.25,109.44999694824219,109.70999908447266,92.30187225341797,5839800,0.9,0.0
2020-05-04,108.91999816894531,110.66000366210938,107.83999633789062,110.5,92.96650695800781,4987000,0.0,0.0
2020-05-05,111.5,113.19000244140625,110.80000305175781,111.54000091552734,93.84149932861328,5242400,0.0,0.0
2020-05-06,112.4000015258789,113.8499984741211,111.9800033569336,112.41999816894531,94.58187866210938,3701300,0.0,0.0
2020-05-07,113.88999938964844,114.93000030517578,112.62000274658203,113.6500015258789,95.61671447753906,3601300,0.0,0.0
2020-05-08,113.95999908447266,115.54000091552734,112.75,115.0,96.75251007080078,4331200,0.0,0.0
2020-05-11,113.41000366210938,115.7699966430664,113.41000366210938,114.87999725341797,96.6515121459961,2723600,0.0,0.0
2020-05-12,115.13999938964844,115.87000274658203,111.33999633789062,111.69000244140625,93.96771240234375,3547100,0.0,0.0
2020-05-13,112.91999816894531,112.91999816894531,107.37999725341797,109.06999969482422,91.763427734375,4653000,0.0,0.0
2020-05-14,109.0,110.44000244140625,106.41999816894531,110.3499984741211,92.84032440185547,4396100,0.0,0.0
2020-05-15,106.54000091552734,108.37000274658203,105.44999694824219,108.23999786376953,91.06512451171875,7237700,0.0,0.0
2020-05-18,111.18000030517578,115.1500015258789,110.26000213623047,114.41999816894531,96.2645034790039,6527200,0.0,0.0
2020-05-19,114.0199966430664,115.33999633789062,112.52999877929688,112.68000030517578,94.80061340332031,4594800,0.0,0.0
2020-05-20,115.13999938964844,118.83000183105469,114.63999938964844,117.4800033569336,98.83898162841797,4961600,0.0,0.0
2020-05-21,116.44000244140625,117.33000183105469,113.37999725341797,113.45999908447266,95.45685577392578,4381700,0.0,0.0
2020-05-22,113.52999877929688,113.87000274658203,112.31999969482422,113.43000030517578,95.43160247802734,3061600,0.0,0.0
2020-05-26,115.80999755859375,117.61000061035156,115.51000213623047,115.7300033569336,97.36665344238281,4822000,0.0,0.0
2020-05-27,116.43000030517578,117.97000122070312,115.54000091552734,117.81999969482422,99.12503051757812,4079400,0.0,0.0
2020-05-28,117.76000213623047,118.69000244140625,115.51000213623047,115.87000274658203,97.48441314697266,3798200,0.0,0.0
2020-05-29,116.80999755859375,119.26000213623047,115.66000366210938,118.73999786376953,99.89905548095703,5953600,0.0,0.0
2020-06-01,117.7699966430664,118.4000015258789,116.83000183105469,117.86000061035156,99.15869140625,2842500,0.0,0.0
2020-06-02,118.5999984741211,122.93000030517578,117.83999633789062,122.66999816894531,103.20545196533203,7277700,0.0,0.0
2020-06-03,126.66999816894531,128.47000122070312,125.63999938964844,127.20999908447266,107.02507781982422,7650600,0.0,0.0
2020-06-04,126.37999725341797,129.0,126.29000091552734,128.5800018310547,108.17770385742188,5052500,0.0,0.0
2020-06-05,130.9600067138672,135.67999267578125,130.5500030517578,131.44000244140625,110.58389282226562,7788500,0.0,0.0
2020-06-08,130.66000366210938,133.2899932861328,129.6300048828125,132.86000061035156,111.778564453125,5602500,0.0,0.0
2020-06-09,131.35000610351562,132.91000366210938,130.14999389648438,132.1199951171875,111.1559829711914,4450000,0.0,0.0
2020-06-10,132.4499969482422,132.7899932861328,130.99000549316406,131.39999389648438,110.55021667480469,4005700,0.0,0.0
2020-06-11,129.0500030517578,129.22000122070312,124.33000183105469,124.61000061035156,104.83765411376953,6013700,0.0,0.0
2020-06-12,127.2699966430664,127.73999786376953,122.4000015258789,123.97000122070312,104.29920196533203,5950800,0.0,0.0
2020-06-15,121.56999969482422,124.52999877929688,120.80000305175781,124.2300033569336,104.5179443359375,5152800,0.0,0.0
2020-06-16,128.27000427246094,129.1300048828125,124.4800033569336,126.11000061035156,106.09962463378906,3529000,0.0,0.0
2020-06-17,127.05999755859375,127.87000274658203,125.79000091552734,126.22000122070312,106.19216918945312,2934000,0.0,0.0
2020-06-18,125.7300033569336,126.62999725341797,125.08999633789062,125.9800033569336,105.99024200439453,3062500,0.0,0.0
2020-06-19,128.05999755859375,128.24000549316406,123.97000122070312,124.88999938964844,105.07320404052734,10377200,0.0,0.0
2020-06-22,124.7699966430664,125.45999908447266,123.11000061035156,125.2300033569336,105.35926055908203,3677600,0.0,0.0
2020-06-23,126.62999725341797,128.10000610351562,126.0,126.62000274658203,106.5287094116211,4679000,0.0,0.0
2020-06-24,125.29000091552734,126.80000305175781,123.12999725341797,123.98999786376953,104.31602478027344,4747100,0.0,0.0
2020-06-25,124.0,125.33999633789062,122.3499984741211,125.05999755859375,105.21623229980469,2617200,0.0,0.0
2020-06-26,124.62999725341797,124.88999938964844,122.4000015258789,123.37000274658203,103.79438018798828,9870700,0.0,0.0
2020-06-29,123.8499984741211,124.94999694824219,122.41999816894531,124.7699966430664,104.97224426269531,3540100,0.0,0.0
2020-06-30,124.4000015258789,127.69999694824219,124.3499984741211,126.97000122070312,106.82317352294922,5572400,0.0,0.0
2020-07-01,126.5999984741211,126.86000061035156,124.66999816894531,124.80000305175781,104.99749755859375,4022000,0.0,0.0
2020-07-02,126.38999938964844,127.16999816894531,125.0199966430664,125.80999755859375,105.84722137451172,4799000,0.0,0.0
2020-07-06,127.51000213623047,130.52999877929688,126.19999694824219,129.52999877929688,108.97695922851562,4957000,0.0,0.0
2020-07-07,128.72999572753906,129.47000122070312,128.25,128.60000610351562,108.19450378417969,3778200,0.0,0.0
2020-07-08,129.6699981689453,129.74000549316406,127.69000244140625,129.25999450683594,108.74978637695312,3584300,0.0,0.0
2020-07-09,128.7899932861328,131.99000549316406,126.9000015258789,130.42999267578125,109.734130859375,4977300,0.0,0.0
2020-07-10,130.22000122070312,131.24000549316406,128.9600067138672,130.52999877929688,109.81825256347656,2659200,0.0,0.0
2020-07-13,132.0,133.58999633789062,128.49000549316406,128.82000732421875,108.37960815429688,4861600,0.0,0.0
2020-07-14,127.79000091552734,132.22999572753906,126.70999908447266,131.88999938964844,110.96249389648438,4247500,0.0,0.0
2020-07-15,131.42999267578125,132.4499969482422,130.08999633789062,132.14999389648438,111.18123626708984,3625100,0.0,0.0
2020-07-16,130.85000610351562,132.69000244140625,130.50999450683594,132.17999267578125,111.20647430419922,3337600,0.0,0.0
2020-07-17,133.50999450683594,135.0,132.25,133.88999938964844,112.6451416015625,4666100,0.0,0.0
2020-07-20,134.1999969482422,137.0,133.19000244140625,136.5800018310547,114.9083251953125,4623100,0.0,0.0
2020-07-21,137.08999633789062,137.64999389648438,135.25999450683594,135.47999572753906,113.98286437988281,7715800,0.0,0.0
2020-07-22,134.60000610351562,135.17999267578125,130.49000549316406,132.52999877929688,111.50094604492188,10911900,0.0,0.0
2020-07-23,133.0,133.14999389648438,128.32000732421875,129.0399932861328,108.5647201538086,7793500,0.0,0.0
2020-07-24,129.75,131.97000122070312,128.11000061035156,129.6300048828125,109.06109619140625,5077100,0.0,0.0
2020-07-27,130.35000610351562,132.3300018310547,130.0399932861328,132.1199951171875,111.1559829711914,3874500,0.0,0.0
2020-07-28,130.89999389648438,131.80999755859375,129.72000122070312,130.1300048828125,109.48175811767578,3545300,0.0,0.0
2020-07-29,130.92999267578125,132.3000030517578,130.58999633789062,131.63999938964844,110.75215148925781,2818300,0.0,0.0
2020-07-30,128.4499969482422,129.8699951171875,127.73999786376953,128.88999938964844,109.18498992919922,4146900,0.9,0.0
2020-07-31,128.35000610351562,128.60000610351562,125.43000030517578,127.55000305175781,108.04985809326172,8044000,0.0,0.0
2020-08-03,128.14999389648438,129.5,127.68000030517578,129.32000732421875,109.54924011230469,4311800,0.0,0.0
2020-08-04,129.0399932861328,132.3300018310547,128.7100067138672,132.22999572753906,112.01434326171875,5361500,0.0,0.0
2020-08-05,130.5,132.7899932861328,130.47999572753906,132.6999969482422,112.41249084472656,4370200,0.0,0.0
2020-08-06,132.58999633789062,133.82000732421875,132.02999877929688,133.74000549316406,113.29351043701172,2961800,0.0,0.0
2020-08-07,133.74000549316406,134.11000061035156,132.47000122070312,133.55999755859375,113.14102172851562,2856700,0.0,0.0
2020-08-10,133.22000122070312,135.80999755859375,132.47000122070312,135.41000366210938,114.70819854736328,5526400,0.0,0.0
2020-08-11,136.80999755859375,138.8300018310547,135.64999389648438,136.0399932861328,115.24185943603516,5383800,0.0,0.0
2020-08-12,137.47000122070312,139.13999938964844,136.64999389648438,138.63999938964844,117.44441223144531,3073700,0.0,0.0
2020-08-13,138.11000061035156,138.60000610351562,136.9499969482422,137.14999389648438,116.18216705322266,2945100,0.0,0.0
2020-08-14,137.72999572753906,138.30999755859375,137.0,137.35000610351562,116.35161590576172,2062900,0.0,0.0
2020-08-17,137.86000061035156,139.24000549316406,137.6300048828125,138.27999877929688,117.1394271850586,2380400,0.0,0.0
2020-08-18,138.9600067138672,139.4600067138672,138.1999969482422,139.30999755859375,118.0119857788086,2760400,0.0,0.0
2020-08-19,139.6699981689453,140.8800048828125,138.02999877929688,138.47999572753906,117.30884552001953,3803200,0.0,0.0
2020-08-20,137.30999755859375,139.1300048828125,136.6199951171875,138.57000732421875,117.38507843017578,2761200,0.0,0.0
2020-08-21,138.1199951171875,140.49000549316406,137.19000244140625,140.3300018310547,118.87600708007812,4382500,0.0,0.0
2020-08-24,140.86000061035156,141.80999755859375,139.9199981689453,141.02000427246094,119.46051788330078,2841300,0.0,0.0
2020-08-25,141.5800018310547,142.22000122070312,140.97999572753906,141.66000366210938,120.002685546875,2840700,0.0,0.0
2020-08-26,141.32000732421875,142.69000244140625,141.1199951171875,142.4499969482422,120.67190551757812,2974100,0.0,0.0
2020-08-27,143.05999755859375,143.22999572753906,140.52000427246094,141.49000549316406,119.8586654663086,2801000,0.0,0.0
2020-08-28,141.50999450683594,143.58999633789062,141.10000610351562,143.49000549316406,121.55292510986328,2884700,0.0,0.0
2020-08-31,142.64999389648438,143.27000427246094,141.82000732421875,142.14999389648438,120.41775512695312,4344600,0.0,0.0
2020-09-01,143.0,145.05999755859375,142.0399932861328,144.9600067138672,122.79818725585938,3563400,0.0,0.0
2020-09-02,146.4499969482422,148.3699951171875,145.49000549316406,147.63999938964844,125.06842803955078,4579200,0.0,0.0
2020-09-03,147.0,147.44000244140625,140.55999755859375,141.6699981689453,120.0111312866211,5866400,0.0,0.0
2020-09-04,140.85000610351562,142.52000427246094,137.7100067138672,140.47000122070312,118.99464416503906,5251600,0.0,0.0
2020-09-08,136.1999969482422,138.7100067138672,135.75,136.0399932861328,115.24185943603516,5893700,0.0,0.0
2020-09-09,138.2100067138672,140.85000610351562,137.19000244140625,139.67999267578125,118.32538604736328,5418500,0.0,0.0
2020-09-10,139.4199981689453,141.25,136.22000122070312,137.19000244140625,116.21603393554688,3985800,0.0,0.0
2020-09-11,138.22000122070312,139.0,135.25,136.3699951171875,115.52142333984375,3524400,0.0,0.0
2020-09-14,138.32000732421875,139.11000061035156,137.6300048828125,138.52999877929688,117.3511962890625,3120400,0.0,0.0
2020-09-15,139.7899932861328,141.82000732421875,139.36000061035156,140.63999938964844,119.13863372802734,2718700,0.0,0.0
2020-09-16,142.08999633789062,142.1300048828125,139.61000061035156,139.67999267578125,118.32538604736328,3591700,0.0,0.0
2020-09-17,136.4199981689453,140.52999877929688,135.9199981689453,140.39999389648438,118.93528747558594,5646100,0.0,0.0
2020-09-18,141.13999938964844,141.8000030517578,137.0,138.66000366210938,117.46131896972656,7025900,0.0,0.0
2020-09-21,135.8699951171875,137.1199951171875,134.32000732421875,136.97999572753906,116.0381851196289,6036000,0.0,0.0
2020-09-22,137.77999877929688,138.82000732421875,135.6300048828125,138.64999389648438,117.45285034179688,3213200,0.0,0.0
2020-09-23,139.08999633789062,139.08999633789062,134.72000122070312,135.16000366210938,114.49641418457031,5766400,0.0,0.0
2020-09-24,134.1199951171875,138.32000732421875,134.1199951171875,136.69000244140625,115.79249572753906,2911000,0.0,0.0
2020-09-25,135.9499969482422,139.10000610351562,134.75,138.32000732421875,117.17333221435547,3036000,0.0,0.0
2020-09-28,140.22000122070312,142.0,139.72000122070312,141.94000244140625,120.2398681640625,3454100,0.0,0.0
2020-09-29,142.2899932861328,143.0500030517578,141.1999969482422,141.5,119.86715698242188,2722900,0.0,0.0
2020-09-30,141.16000366210938,144.25,140.50999450683594,142.7899932861328,120.95992279052734,5599600,0.0,0.0
2020-10-01,145.44000244140625,147.22000122070312,143.99000549316406,144.91000366210938,122.75580596923828,4431200,0.0,0.0
2020-10-02,142.0800018310547,143.92999267578125,140.83999633789062,141.08999633789062,119.51981353759766,3928600,0.0,0.0
2020-10-05,142.2899932861328,144.22999572753906,141.57000732421875,144.0800018310547,122.05270385742188,3052800,0.0,0.0
2020-10-06,143.85000610351562,147.13999938964844,142.97000122070312,143.85000610351562,121.85787963867188,3418700,0.0,0.0
2020-10-07,145.33999633789062,147.2899932861328,144.80999755859375,146.75,124.31449890136719,2845500,0.0,0.0
2020-10-08,146.8300018310547,148.30999755859375,146.55999755859375,148.05999755859375,125.42424011230469,2323700,0.0,0.0
2020-10-09,150.0800018310547,151.52000427246094,148.85000610351562,150.91000366210938,127.83853149414062,4209800,0.0,0.0
2020-10-12,152.5800018310547,155.75999450683594,151.8300018310547,154.89999389648438,131.21849060058594,5147800,0.0,0.0
2020-10-13,155.11000061035156,155.8800048828125,153.67999267578125,154.49000549316406,130.8711700439453,3524000,0.0,0.0
2020-10-14,154.5,154.72999572753906,152.17999267578125,152.77000427246094,129.41415405273438,3267400,0.0,0.0
2020-10-15,151.82000732421875,153.0500030517578,150.86000061035156,152.5500030517578,129.22775268554688,2936000,0.0,0.0
2020-10-16,153.97000122070312,154.9199981689453,152.72999572753906,153.1199951171875,129.71063232421875,4599700,0.0,0.0
2020-10-19,153.27999877929688,154.9199981689453,150.25999450683594,150.75999450683594,127.71147918701172,4225400,0.0,0.0
2020-10-20,151.7899932861328,152.24000549316406,149.69000244140625,150.8300018310547,127.770751953125,3916100,0.0,0.0
2020-10-21,149.10000610351562,149.4600067138672,144.66000366210938,146.1300048828125,123.78929901123047,6700600,0.0,0.0
2020-10-22,146.82000732421875,148.8800048828125,145.8300018310547,148.22000122070312,125.55977630615234,3167200,0.0,0.0
2020-10-23,148.4199981689453,150.0,148.32000732421875,149.9600067138672,127.03375244140625,3509100,0.0,0.0
2020-10-26,148.1999969482422,148.5,144.22000122070312,145.9499969482422,123.63680267333984,4290700,0.0,0.0
2020-10-27,147.6300048828125,148.3300018310547,146.5500030517578,147.1199951171875,124.62796020507812,4102400,0.0,0.0
2020-10-28,144.6999969482422,145.86000061035156,141.75999450683594,143.0,121.1377944946289,7413600,0.0,0.0
2020-10-29,141.69000244140625,147.30999755859375,141.3300018310547,146.19000244140625,124.72982788085938,5600400,1.02,0.0
2020-10-30,145.0,145.9499969482422,142.52999877929688,144.58999633789062,123.36470794677734,5427000,0.0,0.0
2020-11-02,146.4600067138672,146.89999389648438,144.22000122070312,145.60000610351562,124.22640228271484,3756600,0.0,0.0
2020-11-03,146.86000061035156,148.58999633789062,146.66000366210938,147.3000030517578,125.67684173583984,3588600,0.0,0.0
2020-11-04,150.8000030517578,153.5,148.44000244140625,152.02999877929688,129.71253967285156,5015300,0.0,0.0
2020-11-05,154.83999633789062,156.3000030517578,154.14999389648438,155.55999755859375,132.72434997558594,4638100,0.0,0.0
2020-11-06,156.0500030517578,158.2100067138672,154.94000244140625,157.74000549316406,134.5842742919922,4217700,0.0,0.0
2020-11-09,162.0,164.6300048828125,156.05999755859375,156.22000122070312,133.28744506835938,5308600,0.0,0.0
2020-11-10,155.3800048828125,156.35000610351562,151.02000427246094,151.49000549316406,129.25177001953125,5697900,0.0,0.0
2020-11-11,154.94000244140625,155.94000244140625,153.63999938964844,155.6999969482422,132.84376525878906,3497200,0.0,0.0
2020-11-12,156.02000427246094,156.92999267578125,153.66000366210938,154.5,131.81993103027344,2607100,0.0,0.0
2020-11-13,156.63999938964844,157.97999572753906,155.16000366210938,156.64999389648438,133.654296875,2439800,0.0,0.0
2020-11-16,157.27000427246094,159.38999938964844,156.6199951171875,158.30999755859375,135.0706329345703,3456500,0.0,0.0
2020-11-17,157.38999938964844,158.30999755859375,155.17999267578125,155.5,132.6731414794922,3526700,0.0,0.0
2020-11-18,155.74000549316406,156.33999633789062,153.41000366210938,153.5500030517578,131.00936889648438,2998400,0.0,0.0
2020-11-19,153.1199951171875,157.42999267578125,152.7100067138672,157.27000427246094,134.18331909179688,2465300,0.0,0.0
2020-11-20,157.32000732421875,158.75,156.5500030517578,156.82000732421875,133.79933166503906,3013000,0.0,0.0
2020-11-23,156.89999389648438,158.7100067138672,155.13999938964844,157.4199981689453,134.31130981445312,2803000,0.0,0.0
2020-11-24,158.6199951171875,159.4600067138672,156.69000244140625,159.35000610351562,135.9579620361328,4962800,0.0,0.0
2020-11-25,159.5500030517578,160.02000427246094,157.25999450683594,157.60000610351562,134.46484375,3543700,0.0,0.0
2020-11-27,159.3800048828125,160.2899932861328,158.77999877929688,158.99000549316406,135.6508026123047,3084400,0.0,0.0
2020-11-30,159.22999572753906,161.50999450683594,157.72000122070312,161.25,137.57907104492188,4845200,0.0,0.0
2020-12-01,162.6300048828125,164.3300018310547,161.6300048828125,163.49000549316406,139.4901885986328,4894400,0.0,0.0
2020-12-02,162.7899932861328,163.57000732421875,161.82000732421875,162.72000122070312,138.83326721191406,4212300,0.0,0.0
2020-12-03,163.16000366210938,164.55999755859375,161.60000610351562,161.97999572753906,138.20188903808594,4778600,0.0,0.0
2020-12-04,163.00999450683594,166.60000610351562,162.52000427246094,166.52000427246094,142.075439453125,3741600,0.0,0.0
2020-12-07,166.3699951171875,166.4499969482422,165.24000549316406,166.2899932861328,141.87918090820312,4645300,0.0,0.0
2020-12-08,166.3000030517578,167.24000549316406,165.0,166.67999267578125,142.21192932128906,3259900,0.0,0.0
2020-12-09,164.8000030517578,166.47000122070312,161.9600067138672,162.75999450683594,138.86741638183594,5593900,0.0,0.0
2020-12-10,162.16000366210938,162.8699951171875,160.77999877929688,162.0,138.2189483642578,5597300,0.0,0.0
2020-12-11,160.61000061035156,161.9499969482422,159.6300048828125,160.61000061035156,137.03302001953125,4145800,0.0,0.0
2020-12-14,161.4499969482422,162.75,159.99000549316406,160.1199951171875,136.61495971679688,5994200,0.0,0.0
2020-12-15,162.02000427246094,162.72999572753906,161.2100067138672,162.3800048828125,138.5431365966797,5732100,0.0,0.0
2020-12-16,162.94000244140625,163.36000061035156,160.9199981689453,162.1199951171875,138.32131958007812,3147900,0.0,0.0
2020-12-17,162.91000366210938,163.00999450683594,161.41000366210938,162.69000244140625,138.80764770507812,5253400,0.0,0.0
2020-12-18,163.3699951171875,164.61000061035156,162.10000610351562,164.07000732421875,139.9850616455078,7072600,0.0,0.0
2020-12-21,161.5500030517578,162.8000030517578,159.55999755859375,162.42999267578125,138.58587646484375,3077300,0.0,0.0
2020-12-22,162.19000244140625,163.4600067138672,162.05999755859375,162.52000427246094,138.66261291503906,2640900,0.0,0.0
2020-12-23,162.1999969482422,163.22999572753906,160.80999755859375,160.97999572753906,137.34869384765625,2012400,0.0,0.0
2020-12-24,160.72000122070312,161.85000610351562,160.47999572753906,161.63999938964844,137.9117889404297,1044400,0.0,0.0
2020-12-28,163.75999450683594,163.75999450683594,161.0,161.47000122070312,137.76675415039062,2139300,0.0,0.0
2020-12-29,161.9600067138672,162.67999267578125,160.57000732421875,161.17999267578125,137.5193328857422,2433700,0.0,0.0
2020-12-30,161.88999938964844,163.1300048828125,161.75999450683594,162.6999969482422,138.816162109375,2213800,0.0,0.0
2020-12-31,162.8699951171875,164.38999938964844,161.88999938964844,164.1300048828125,140.03623962402344,2906200,0.0,0.0
2021-01-04,164.60000610351562,167.83999633789062,160.75999450683594,162.22000122070312,138.40664672851562,4659900,0.0,0.0
2021-01-05,161.6999969482422,163.52999877929688,161.27999877929688,163.41000366210938,139.42198181152344,4734100,0.0,0.0
2021-01-06,162.3000030517578,167.4499969482422,162.07000732421875,164.22000122070312,140.1130828857422,5254400,0.0,0.0
2021-01-07,165.3300018310547,168.6999969482422,164.82000732421875,167.94000244140625,143.28695678710938,5673600,0.0,0.0
2021-01-08,171.1199951171875,172.75,168.86000061035156,171.16000366210938,146.0343017578125,4556500,0.0,0.0
2021-01-11,170.24000549316406,172.0399932861328,169.13999938964844,171.30999755859375,146.16224670410156,4553100,0.0,0.0
2021-01-12,171.2899932861328,173.66000366210938,170.97000122070312,172.3000030517578,147.00694274902344,3406600,0.0,0.0
2021-01-13,172.2899932861328,172.85000610351562,170.8699951171875,171.41000366210938,146.2476043701172,2953900,0.0,0.0
2021-01-14,171.10000610351562,172.5399932861328,170.35000610351562,171.7100067138672,146.50357055664062,3416300,0.0,0.0
2021-01-15,170.97999572753906,171.08999633789062,167.57000732421875,169.19000244140625,144.3534698486328,3734600,0.0,0.0
2021-01-19,171.19000244140625,174.6999969482422,171.19000244140625,174.19000244140625,148.61949157714844,6277800,0.0,0.0
2021-01-20,174.83999633789062,175.17999267578125,172.7899932861328,173.3300018310547,147.8857421875,4329500,0.0,0.0
2021-01-21,174.4199981689453,175.47000122070312,172.11000061035156,175.10000610351562,149.3959503173828,3583900,0.0,0.0
2021-01-22,174.49000549316406,175.4499969482422,172.75,172.80999755859375,147.4420623779297,3736800,0.0,0.0
2021-01-25,173.3699951171875,174.57000732421875,170.67999267578125,172.9199981689453,147.53594970703125,5401900,0.0,0.0
2021-01-26,172.07000732421875,174.27999877929688,171.3000030517578,171.47000122070312,146.2987823486328,5341900,0.0,0.0
2021-01-27,166.4499969482422,167.6199951171875,162.0399932861328,162.92999267578125,139.012451171875,10011200,0.0,0.0
2021-01-28,167.8800048828125,171.10000610351562,165.13999938964844,169.22999572753906,144.3875732421875,6796600,0.0,0.0
2021-01-29,166.64999389648438,168.0,164.02000427246094,165.69000244140625,142.22450256347656,5969800,1.02,0.0
2021-02-01,167.36000061035156,173.0,167.02000427246094,172.4600067138672,148.03570556640625,5715600,0.0,0.0
2021-02-02,173.0500030517578,175.6999969482422,172.00999450683594,174.75,150.00137329101562,4861200,0.0,0.0
2021-02-03,174.77999877929688,175.25999450683594,168.5,168.5800018310547,144.7052001953125,5019200,0.0,0.0
2021-02-04,169.9600067138672,172.1199951171875,168.05999755859375,172.0,147.64088439941406,3519800,0.0,0.0
2021-02-05,172.8000030517578,173.17999267578125,168.05999755859375,169.92999267578125,145.864013671875,4045000,0.0,0.0
2021-02-08,171.33999633789062,175.38999938964844,170.83999633789062,175.1199951171875,150.31898498535156,4597600,0.0,0.0
2021-02-09,174.5,175.22000122070312,173.3300018310547,173.69000244140625,149.09149169921875,2777700,0.0,0.0
2021-02-10,175.1999969482422,176.13999938964844,172.6199951171875,174.36000061035156,149.6666259765625,3414600,0.0,0.0
2021-02-11,176.0,179.64999389648438,175.44000244140625,179.22000122070312,153.8383026123047,4776000,0.0,0.0
2021-02-12,178.0,179.89999389648438,177.3300018310547,179.63999938964844,154.19883728027344,2532500,0.0,0.0
2021-02-16,180.0,181.8000030517578,178.83999633789062,180.75999450683594,155.1602325439453,3887600,0.0,0.0
2021-02-17,178.32000732421875,180.2100067138672,176.36000061035156,178.52999877929688,153.24607849121094,4315100,0.0,0.0
2021-02-18,177.42999267578125,177.52000427246094,174.1999969482422,176.50999450683594,151.5121307373047,4195100,0.0,0.0
2021-02-19,177.86000061035156,179.57000732421875,176.63999938964844,178.35000610351562,153.09158325195312,4248500,0.0,0.0
2021-02-22,176.0,176.9199981689453,172.67999267578125,173.08999633789062,148.57650756835938,4386900,0.0,0.0
2021-02-23,174.1699981689453,174.44000244140625,168.50999450683594,172.85000610351562,148.37045288085938,6514400,0.0,0.0
2021-02-24,171.6300048828125,179.77000427246094,170.57000732421875,179.38999938964844,153.9842529296875,5100500,0.0,0.0
2021-02-25,178.5,178.5,170.05999755859375,170.52999877929688,146.37905883789062,6099600,0.0,0.0
2021-02-26,173.27999877929688,173.85000610351562,169.1300048828125,172.27000427246094,147.87265014648438,6060600,0.0,0.0
2021-03-01,174.5,177.86000061035156,173.08999633789062,177.6699981689453,152.5078887939453,4771500,0.0,0.0
2021-03-02,177.57000732421875,177.66000366210938,174.14999389648438,174.88999938964844,150.12156677246094,5401500,0.0,0.0
2021-03-03,174.08999633789062,175.6199951171875,170.36000061035156,170.58999633789062,146.4305419921875,4715900,0.0,0.0
2021-03-04,170.5,170.85000610351562,161.6699981689453,163.25,140.13003540039062,8318900,0.0,0.0
2021-03-05,167.5399932861328,168.8300018310547,162.02999877929688,167.94000244140625,144.1558380126953,5681200,0.0,0.0
2021-03-08,166.38999938964844,168.27000427246094,161.77000427246094,162.11000061035156,139.15151977539062,6065400,0.0,0.0
2021-03-09,167.1699981689453,171.85000610351562,166.2899932861328,170.36000061035156,146.23313903808594,7610300,0.0,0.0
2021-03-10,171.64999389648438,173.0,169.30999755859375,169.4199981689453,145.42620849609375,4270500,0.0,0.0
2021-03-11,172.50999450683594,175.60000610351562,172.47000122070312,174.9499969482422,150.17308044433594,5002700,0.0,0.0
2021-03-12,173.02000427246094,174.10000610351562,170.75,173.57000732421875,148.98849487304688,3514600,0.0,0.0
2021-03-15,173.47000122070312,175.08999633789062,171.75999450683594,174.91000366210938,150.1387481689453,3876500,0.0,0.0
2021-03-16,176.25,178.80999755859375,175.8300018310547,177.13999938964844,152.05291748046875,4132600,0.0,0.0
2021-03-17,175.44000244140625,180.17999267578125,174.4199981689453,179.35000610351562,153.949951171875,4004800,0.0,0.0
2021-03-18,176.16000366210938,179.77000427246094,174.24000549316406,174.36000061035156,149.6666259765625,4214400,0.0,0.0
2021-03-19,175.69000244140625,178.0500030517578,172.4499969482422,175.97999572753906,151.0571746826172,8447300,0.0,0.0
2021-03-22,178.2899932861328,181.69000244140625,177.75,180.10000610351562,154.59371948242188,4476100,0.0,0.0
2021-03-23,181.91000366210938,182.57000732421875,177.7100067138672,178.77999877929688,153.46067810058594,4688500,0.0,0.0
2021-03-24,179.99000549316406,182.69000244140625,178.77999877929688,178.89999389648438,153.56365966796875,5056100,0.0,0.0
2021-03-25,177.52999877929688,179.4499969482422,173.75,178.49000549316406,153.2117462158203,4878500,0.0,0.0
2021-03-26,177.75999450683594,188.8699951171875,177.00999450683594,188.1999969482422,161.5465850830078,6363500,0.0,0.0
2021-03-29,184.85000610351562,187.6999969482422,183.74000549316406,186.17999267578125,159.81263732910156,4983600,0.0,0.0
2021-03-30,188.50999450683594,188.50999450683594,184.6199951171875,185.94000244140625,159.60662841796875,4458700,0.0,0.0
2021-03-31,187.60000610351562,190.4499969482422,186.52999877929688,188.99000549316406,162.22467041015625,5427500,0.0,0.0
2021-04-01,191.11000061035156,192.5399932861328,190.02000427246094,192.05999755859375,164.85984802246094,4581300,0.0,0.0
2021-04-05,194.0,197.5800018310547,193.6300048828125,196.92999267578125,169.04019165039062,4323900,0.0,0.0
2021-04-06,194.22000122070312,196.83999633789062,193.0399932861328,194.58999633789062,167.03160095214844,3506900,0.0,0.0
2021-04-07,194.4600067138672,194.49000549316406,191.50999450683594,193.08999633789062,165.74403381347656,3678900,0.0,0.0
2021-04-08,196.08999633789062,196.08999633789062,193.35000610351562,195.1999969482422,167.5552215576172,3157200,0.0,0.0
2021-04-09,193.30999755859375,195.55999755859375,192.74000549316406,195.42999267578125,167.7526397705078,3127300,0.0,0.0
2021-04-12,192.63999938964844,194.72000122070312,191.33999633789062,192.42999267578125,165.17750549316406,4504800,0.0,0.0
2021-04-13,192.13999938964844,193.0,189.75999450683594,191.24000549316406,164.15603637695312,4009300,0.0,0.0
2021-04-14,190.4600067138672,191.5,189.00999450683594,190.3300018310547,163.3749237060547,3555000,0.0,0.0
2021-04-15,191.92999267578125,193.52999877929688,190.82000732421875,193.1699981689453,165.8126983642578,4471900,0.0,0.0
2021-04-16,193.66000366210938,194.77999877929688,191.63999938964844,191.92999267578125,164.7483367919922,5792900,0.0,0.0
2021-04-19,190.35000610351562,191.10000610351562,186.72000122070312,187.05999755859375,160.5679931640625,5334900,0.0,0.0
2021-04-20,186.97999572753906,186.97999572753906,184.27999877929688,185.27000427246094,159.03155517578125,4258900,0.0,0.0
2021-04-21,187.89999389648438,189.13999938964844,184.9600067138672,188.89999389648438,162.1474151611328,4796500,0.0,0.0
2021-04-22,186.66000366210938,188.7899932861328,184.77000427246094,185.8000030517578,159.4864959716797,3853100,0.0,0.0
2021-04-23,187.02000427246094,190.00999450683594,186.50999450683594,188.82000732421875,162.07876586914062,3512400,0.0,0.0
2021-04-26,188.86000061035156,192.17999267578125,187.88999938964844,191.36000061035156,164.259033203125,3842300,0.0,0.0
2021-04-27,191.05999755859375,192.50999450683594,189.77999877929688,190.2100067138672,163.2719268798828,3864100,0.0,0.0
2021-04-28,181.63999938964844,184.0,180.0,181.82000732421875,156.07009887695312,9434200,0.0,0.0
2021-04-29,183.6300048828125,186.0500030517578,182.64999389648438,185.82000732421875,159.50363159179688,4547300,0.0,0.0
2021-04-30,182.17999267578125,182.89999389648438,179.1300048828125,180.50999450683594,155.80088806152344,6193600,1.02,0.0
2021-05-03,181.49000549316406,181.8000030517578,177.55999755859375,178.8000030517578,154.3249053955078,5136100,0.0,0.0
2021-05-04,178.25999450683594,179.25,175.52999877929688,179.02999877929688,154.52346801757812,5222300,0.0,0.0
2021-05-05,181.00999450683594,183.17999267578125,179.47999572753906,181.64999389648438,156.78482055664062,5257100,0.0,0.0
2021-05-06,181.92999267578125,184.83999633789062,179.9499969482422,184.27000427246094,159.0461883544922,4525800,0.0,0.0
2021-05-07,186.6999969482422,188.10000610351562,185.4199981689453,187.75999450683594,162.05844116210938,4591400,0.0,0.0
2021-05-10,187.2899932861328,187.2899932861328,181.82000732421875,182.0500030517578,157.13009643554688,4580400,0.0,0.0
2021-05-11,178.41000366210938,183.52999877929688,177.41000366210938,183.1999969482422,158.12265014648438,4641300,0.0,0.0
2021-05-12,179.69000244140625,180.10000610351562,176.27000427246094,176.60000610351562,152.4261016845703,5297900,0.0,0.0
2021-05-13,179.99000549316406,180.6300048828125,177.25,178.99000549316406,154.48892211914062,4361000,0.0,0.0
2021-05-14,180.6999969482422,184.9199981689453,179.5,183.27000427246094,158.18307495117188,4433500,0.0,0.0
2021-05-17,182.25,182.3800048828125,178.85000610351562,180.8300018310547,156.07705688476562,4162300,0.0,0.0
2021-05-18,181.11000061035156,181.86000061035156,178.58999633789062,178.8699951171875,154.38536071777344,3454100,0.0,0.0
2021-05-19,175.24000549316406,181.92999267578125,175.0,181.72000122070312,156.84524536132812,4780000,0.0,0.0
2021-05-20,182.27999877929688,186.5399932861328,182.27999877929688,185.3000030517578,159.9351806640625,5387000,0.0,0.0
2021-05-21,186.69000244140625,186.69000244140625,184.13999938964844,185.00999450683594,159.68487548828125,3682300,0.0,0.0
2021-05-24,186.4499969482422,189.35000610351562,186.4499969482422,188.69000244140625,162.8611602783203,4175900,0.0,0.0
2021-05-25,189.47000122070312,189.67999267578125,187.8800048828125,188.6999969482422,162.8697509765625,4270100,0.0,0.0
2021-05-26,188.05999755859375,189.77999877929688,186.92999267578125,188.36000061035156,162.5763397216797,4221600,0.0,0.0
2021-05-27,188.74000549316406,190.0500030517578,187.8800048828125,189.1300048828125,163.24093627929688,10107700,0.0,0.0
2021-05-28,190.0500030517578,191.02999877929688,189.27000427246094,189.82000732421875,163.83648681640625,3306500,0.0,0.0
2021-06-01,191.3800048828125,192.02999877929688,188.0399932861328,189.0,163.12872314453125,4817300,0.0,0.0
2021-06-02,189.5,190.86000061035156,188.33999633789062,190.75,164.63919067382812,3137900,0.0,0.0
2021-06-03,187.69000244140625,187.86000061035156,184.89999389648438,186.0,160.53933715820312,4205300,0.0,0.0
2021-06-04,187.77999877929688,190.3800048828125,187.47999572753906,190.07000732421875,164.05224609375,3462900,0.0,0.0
2021-06-07,189.1999969482422,189.8000030517578,187.66000366210938,188.5500030517578,162.74029541015625,2726100,0.0,0.0
2021-06-08,189.97000122070312,189.97000122070312,186.11000061035156,186.92999267578125,161.34207153320312,3063600,0.0,0.0
2021-06-09,188.08999633789062,188.1300048828125,186.1699981689453,186.4499969482422,160.92776489257812,2866900,0.0,0.0
2021-06-10,186.33999633789062,188.89999389648438,185.89999389648438,188.0,162.26556396484375,3188700,0.0,0.0
2021-06-11,188.0800018310547,188.74000549316406,186.94000244140625,188.6699981689453,162.8438720703125,2309400,0.0,0.0
2021-06-14,188.25999450683594,190.35000610351562,187.07000732421875,190.25999450683594,164.2162628173828,3360300,0.0,0.0
2021-06-15,190.4600067138672,190.72999572753906,188.1199951171875,188.61000061035156,162.79208374023438,2600100,0.0,0.0
2021-06-16,189.91000366210938,190.49000549316406,186.3000030517578,187.72999572753906,162.0325469970703,3357900,0.0,0.0
2021-06-17,187.24000549316406,189.52999877929688,186.1999969482422,187.64999389648438,161.96348571777344,3222300,0.0,0.0
2021-06-18,186.00999450683594,186.30999755859375,182.5,183.07000732421875,158.0104522705078,7535200,0.0,0.0
2021-06-21,184.25,186.63999938964844,183.36000061035156,186.11000061035156,160.63433837890625,3771200,0.0,0.0
2021-06-22,185.49000549316406,187.27999877929688,184.33999633789062,187.0399932861328,161.43701171875,3299700,0.0,0.0
2021-06-23,186.47999572753906,187.47999572753906,185.99000549316406,186.10000610351562,160.62570190429688,2473300,0.0,0.0
2021-06-24,188.0500030517578,188.6999969482422,187.4499969482422,188.61000061035156,162.79208374023438,2876700,0.0,0.0
2021-06-25,188.0500030517578,190.25,187.35000610351562,188.1699981689453,162.41232299804688,4639100,0.0,0.0
2021-06-28,188.97000122070312,192.3800048828125,188.97000122070312,191.52999877929688,165.31239318847656,3228700,0.0,0.0
2021-06-29,191.52000427246094,193.00999450683594,190.92999267578125,192.8800048828125,166.47760009765625,2108700,0.0,0.0
2021-06-30,192.83999633789062,193.0,191.49000549316406,192.3000030517578,165.97703552246094,2687600,0.0,0.0
2021-07-01,192.02000427246094,192.47999572753906,190.05999755859375,190.83999633789062,164.71685791015625,3455900,0.0,0.0
2021-07-02,192.6300048828125,192.8000030517578,190.91000366210938,192.2100067138672,165.89932250976562,2389900,0.0,0.0
2021-07-06,192.5800018310547,192.77000427246094,189.5500030517578,191.1999969482422,165.027587890625,2619600,0.0,0.0
2021-07-07,192.77000427246094,192.99000549316406,188.97999572753906,189.77999877929688,163.80197143554688,2749500,0.0,0.0
2021-07-08,187.55999755859375,189.3000030517578,185.3699951171875,188.24000549316406,162.4727325439453,3146900,0.0,0.0
2021-07-09,188.1699981689453,190.8699951171875,187.0,190.27000427246094,164.224853515625,3109200,0.0,0.0
2021-07-12,190.5500030517578,192.02000427246094,190.08999633789062,191.9199981689453,165.64898681640625,4069500,0.0,0.0
2021-07-13,191.22999572753906,192.4600067138672,190.72000122070312,191.1999969482422,165.027587890625,2695100,0.0,0.0
2021-07-14,193.0,194.08999633789062,190.72999572753906,191.27999877929688,165.0966033935547,3590200,0.0,0.0
2021-07-15,190.47000122070312,191.27999877929688,187.39999389648438,188.25999450683594,162.489990234375,4259900,0.0,0.0
2021-07-16,189.27000427246094,190.24000549316406,185.72999572753906,186.1199951171875,160.64295959472656,4337500,0.0,0.0
2021-07-19,184.27999877929688,186.3300018310547,183.3699951171875,186.24000549316406,160.74647521972656,4181300,0.0,0.0
2021-07-20,187.05999755859375,189.17999267578125,185.75999450683594,187.77000427246094,162.0670928955078,4287300,0.0,0.0
2021-07-21,188.4499969482422,194.25,188.4499969482422,194.24000549316406,167.6514434814453,6352800,0.0,0.0
2021-07-22,185.74000549316406,187.66000366210938,183.52999877929688,183.91000366210938,158.7354736328125,12673900,0.0,0.0
2021-07-23,184.19000244140625,186.92999267578125,182.16000366210938,186.85000610351562,162.17245483398438,5983000,1.02,0.0
2021-07-26,185.36000061035156,188.99000549316406,185.30999755859375,188.25999450683594,163.396240234375,4516600,0.0,0.0
2021-07-27,187.52000427246094,187.83999633789062,182.22999572753906,185.1300048828125,160.67962646484375,4649900,0.0,0.0
2021-07-28,186.32000732421875,187.5,185.02000427246094,186.85000610351562,162.17245483398438,2956700,0.0,0.0
2021-07-29,187.83999633789062,190.4600067138672,187.4600067138672,189.8300018310547,164.75888061523438,3081800,0.0,0.0
2021-07-30,188.5,190.9499969482422,188.3699951171875,190.6199951171875,165.444580078125,2521600,0.0,0.0
2021-08-02,192.39999389648438,193.60000610351562,190.41000366210938,190.72000122070312,165.5313720703125,2922600,0.0,0.0
2021-08-03,190.92999267578125,191.4499969482422,187.44000244140625,189.33999633789062,164.33360290527344,3703400,0.0,0.0
2021-08-04,189.88999938964844,193.3699951171875,189.25,192.3800048828125,166.97210693359375,3793600,0.0,0.0
2021-08-05,193.8000030517578,193.89999389648438,191.58999633789062,193.16000366210938,167.6490936279297,2769500,0.0,0.0
2021-08-06,192.3699951171875,193.6300048828125,192.19000244140625,192.9600067138672,167.47549438476562,2414300,0.0,0.0
2021-08-09,193.27999877929688,193.52999877929688,190.3300018310547,190.4499969482422,165.2970428466797,2395900,0.0,0.0
2021-08-10,190.5399932861328,190.5399932861328,186.82000732421875,189.64999389648438,164.60264587402344,3497100,0.0,0.0
2021-08-11,191.1699981689453,191.1699981689453,188.0,189.5,164.47244262695312,2339300,0.0,0.0
2021-08-12,188.85000610351562,189.05999755859375,186.16000366210938,187.8699951171875,163.05775451660156,3949600,0.0,0.0
2021-08-13,187.5399932861328,188.77999877929688,187.0,188.6999969482422,163.77810668945312,1923700,0.0,0.0
2021-08-16,188.49000549316406,189.9600067138672,188.10000610351562,189.85000610351562,164.77626037597656,2506100,0.0,0.0
2021-08-17,188.5500030517578,188.74000549316406,185.10000610351562,186.32000732421875,161.71243286132812,3411800,0.0,0.0
2021-08-18,185.7100067138672,186.55999755859375,183.55999755859375,183.8000030517578,159.52528381347656,2862500,0.0,0.0
2021-08-19,182.75,185.97000122070312,181.9600067138672,185.0399932861328,160.60150146484375,3871700,0.0,0.0
2021-08-20,185.25999450683594,186.16000366210938,183.32000732421875,184.97000122070312,160.540771484375,3855300,0.0,0.0
2021-08-23,185.8000030517578,188.63999938964844,185.57000732421875,187.85000610351562,163.04037475585938,3529000,0.0,0.0
2021-08-24,187.9199981689453,189.52999877929688,187.52999877929688,187.82000732421875,163.0143585205078,3268200,0.0,0.0
2021-08-25,188.3699951171875,189.1199951171875,187.3300018310547,188.08999633789062,163.2486572265625,3163600,0.0,0.0
2021-08-26,187.66000366210938,188.58999633789062,186.57000732421875,187.97000122070312,163.14453125,3643700,0.0,0.0
2021-08-27,188.39999389648438,190.8000030517578,188.05999755859375,190.52000427246094,165.35775756835938,2859800,0.0,0.0
2021-08-30,191.38999938964844,192.2899932861328,190.7100067138672,191.42999267578125,166.14761352539062,2356500,0.0,0.0
2021-08-31,192.10000610351562,192.6999969482422,189.11000061035156,190.91000366210938,165.6962127685547,4227500,0.0,0.0
2021-09-01,191.77999877929688,191.77999877929688,188.1699981689453,188.35000610351562,163.47434997558594,4536600,0.0,0.0
2021-09-02,189.2100067138672,189.4199981689453,188.0399932861328,189.41000366210938,164.39437866210938,2061400,0.0,0.0
2021-09-03,188.6699981689453,190.8300018310547,188.1999969482422,189.8800048828125,164.80230712890625,2103400,0.0,0.0
2021-09-07,189.3300018310547,190.10000610351562,188.47999572753906,189.4600067138672,164.43772888183594,2295900,0.0,0.0
2021-09-08,188.5,189.0399932861328,187.1199951171875,188.8000030517578,163.8649139404297,2021600,0.0,0.0
2021-09-09,189.66000366210938,190.6300048828125,188.25999450683594,188.47000122070312,163.57855224609375,1827900,0.0,0.0
2021-09-10,189.33999633789062,193.4499969482422,189.33999633789062,190.64999389648438,165.47059631347656,3331700,0.0,0.0
2021-09-13,192.9600067138672,194.1300048828125,191.24000549316406,193.97999572753906,168.36077880859375,3687200,0.0,0.0
2021-09-14,195.0,196.33999633789062,193.8000030517578,195.11000061035156,169.34156799316406,3239600,0.0,0.0
2021-09-15,196.1300048828125,197.58999633789062,194.8300018310547,197.5,171.41590881347656,3995900,0.0,0.0
2021-09-16,196.58999633789062,197.33999633789062,194.85000610351562,196.82000732421875,170.82571411132812,2661500,0.0,0.0
2021-09-17,197.30999755859375,197.30999755859375,194.61000061035156,196.25,170.33099365234375,5819300,0.0,0.0
2021-09-20,192.8800048828125,193.74000549316406,189.75999450683594,192.58999633789062,167.1543426513672,4614300,0.0,0.0
2021-09-21,193.9600067138672,194.49000549316406,190.83999633789062,192.9600067138672,167.47549438476562,3093400,0.0,0.0
2021-09-22,194.75,196.6999969482422,193.74000549316406,195.9199981689453,170.04457092285156,3526100,0.0,0.0
2021-09-23,196.3000030517578,199.10000610351562,195.7899932861328,198.6699981689453,172.43136596679688,2756900,0.0,0.0
2021-09-24,197.3699951171875,200.9199981689453,197.1199951171875,200.64999389648438,174.14990234375,3191500,0.0,0.0
2021-09-27,198.22999572753906,200.4499969482422,197.6699981689453,200.3300018310547,173.8721466064453,3022300,0.0,0.0
2021-09-28,197.49000549316406,199.11000061035156,194.5500030517578,194.88999938964844,169.1505889892578,4274600,0.0,0.0
2021-09-29,194.52999877929688,195.82000732421875,192.11000061035156,193.07000732421875,167.57098388671875,3436800,0.0,0.0
2021-09-30,194.47999572753906,194.99000549316406,192.10000610351562,192.2100067138672,166.82455444335938,3270800,0.0,0.0
2021-10-01,193.42999267578125,194.3300018310547,190.17999267578125,193.7899932861328,168.19589233398438,2986100,0.0,0.0
2021-10-04,193.0399932861328,194.3800048828125,189.02999877929688,190.39999389648438,165.2536163330078,3934100,0.0,0.0
2021-10-05,192.22999572753906,195.22000122070312,190.67999267578125,193.8800048828125,168.27401733398438,3860200,0.0,0.0
2021-10-06,192.0500030517578,194.66000366210938,191.60000610351562,194.38999938964844,168.71664428710938,3103400,0.0,0.0
2021-10-07,195.80999755859375,197.75,195.02999877929688,195.30999755859375,169.51516723632812,2873200,0.0,0.0
2021-10-08,196.17999267578125,196.3699951171875,193.99000549316406,195.24000549316406,169.4543914794922,2574100,0.0,0.0
2021-10-11,194.88999938964844,196.22999572753906,193.30999755859375,193.3699951171875,167.8313446044922,2280200,0.0,0.0
2021-10-12,193.9199981689453,194.22999572753906,187.33999633789062,188.47999572753906,163.58717346191406,6225100,0.0,0.0
2021-10-13,189.16000366210938,189.3800048828125,186.52000427246094,187.10000610351562,162.38943481445312,3796500,0.0,0.0
2021-10-14,189.3699951171875,192.5800018310547,188.92999267578125,192.49000549316406,167.06759643554688,3412800,0.0,0.0
2021-10-15,192.86000061035156,194.8000030517578,192.63999938964844,194.4499969482422,168.76870727539062,2648900,0.0,0.0
2021-10-18,193.1699981689453,196.05999755859375,191.6199951171875,194.91000366210938,169.16796875,2804600,0.0,0.0
2021-10-19,194.61000061035156,198.5399932861328,193.83999633789062,198.22999572753906,172.0494842529297,2666100,0.0,0.0
2021-10-20,198.10000610351562,200.02000427246094,197.0500030517578,199.3800048828125,173.04762268066406,3043300,0.0,0.0
2021-10-21,199.64999389648438,201.5800018310547,199.0,201.2899932861328,174.7053680419922,3276300,0.0,0.0
2021-10-22,201.5500030517578,202.22000122070312,198.13999938964844,199.07000732421875,172.778564453125,3649200,0.0,0.0
2021-10-25,200.0,202.25999450683594,199.05999755859375,200.1999969482422,173.75930786132812,4254900,0.0,0.0
2021-10-26,200.0800018310547,200.39999389648438,196.49000549316406,196.97999572753906,170.9645538330078,5837500,0.0,0.0
2021-10-27,185.63999938964844,188.52000427246094,183.5500030517578,187.10000610351562,162.38943481445312,10365500,0.0,0.0
2021-10-28,187.77000427246094,189.60000610351562,186.22999572753906,187.8699951171875,163.05775451660156,5123000,0.0,0.0
2021-10-29,186.38999938964844,188.36000061035156,186.22999572753906,187.47999572753906,163.72142028808594,4552200,1.15,0.0
2021-11-01,186.72999572753906,188.57000732421875,186.0800018310547,187.47000122070312,163.71270751953125,4203900,0.0,0.0
2021-11-02,186.14999389648438,189.3699951171875,186.11000061035156,189.33999633789062,165.34571838378906,4009600,0.0,0.0
2021-11-03,188.67999267578125,190.11000061035156,186.6699981689453,189.19000244140625,165.21475219726562,3666900,0.0,0.0
2021-11-04,189.5,191.22000122070312,188.4199981689453,191.11000061035156,166.89141845703125,4828000,0.0,0.0
2021-11-05,193.64999389648438,195.42999267578125,191.82000732421875,193.39999389648438,168.89122009277344,4510500,0.0,0.0
2021-11-08,194.0399932861328,195.3800048828125,191.72000122070312,192.36000061035156,167.98304748535156,5213900,0.0,0.0
2021-11-09,192.6300048828125,193.9499969482422,190.38999938964844,190.7899932861328,166.6119842529297,4314700,0.0,0.0
2021-11-10,189.63999938964844,190.97000122070312,186.47999572753906,187.02000427246094,163.31973266601562,4304600,0.0,0.0
2021-11-11,188.63999938964844,188.82000732421875,187.24000549316406,188.60000610351562,164.69952392578125,2554800,0.0,0.0
2021-11-12,188.91000366210938,191.83999633789062,187.30999755859375,190.0800018310547,165.99195861816406,3121700,0.0,0.0
2021-11-15,191.22000122070312,191.91000366210938,188.5,189.22999572753906,165.24969482421875,2985200,0.0,0.0
2021-11-16,189.10000610351562,190.25,188.16000366210938,188.52000427246094,164.629638671875,3312000,0.0,0.0
2021-11-17,188.41000366210938,190.24000549316406,187.25,189.57000732421875,165.54656982421875,4167800,0.0,0.0
2021-11-18,190.57000732421875,194.16000366210938,190.13999938964844,193.47000122070312,168.9523468017578,4677300,0.0,0.0
2021-11-19,193.88999938964844,195.25,192.6199951171875,195.16000366210938,170.42819213867188,5129100,0.0,0.0
2021-11-22,195.6999969482422,196.91000366210938,192.22000122070312,192.5,168.10528564453125,4712300,0.0,0.0
2021-11-23,193.61000061035156,193.64999389648438,190.47000122070312,192.63999938964844,168.22756958007812,4881400,0.0,0.0
2021-11-24,192.86000061035156,193.6699981689453,190.10000610351562,193.60000610351562,169.06588745117188,6494000,0.0,0.0
2021-11-26,189.86000061035156,192.52000427246094,187.3699951171875,188.25999450683594,164.40257263183594,3324900,0.0,0.0
2021-11-29,191.07000732421875,194.72999572753906,189.80999755859375,194.3800048828125,169.74703979492188,4576200,0.0,0.0
2021-11-30,193.30999755859375,194.6999969482422,191.0,192.3699951171875,167.99172973632812,8775600,0.0,0.0
2021-12-01,195.72999572753906,199.89999389648438,191.6300048828125,191.75999450683594,167.4590301513672,7279100,0.0,0.0
2021-12-02,190.4600067138672,194.91000366210938,190.0,193.5800018310547,169.04843139648438,4236700,0.0,0.0
2021-12-03,194.6300048828125,196.02999877929688,191.67999267578125,193.3800048828125,168.87374877929688,4901000,0.0,0.0
2021-12-06,195.1699981689453,195.25,189.75999450683594,194.61000061035156,169.9478759765625,4084600,0.0,0.0
2021-12-07,196.39999389648438,199.86000061035156,195.92999267578125,199.02999877929688,173.80776977539062,5815600,0.0,0.0
2021-12-08,198.5,198.5,193.8699951171875,196.38999938964844,171.50234985351562,4255900,0.0,0.0
2021-12-09,195.57000732421875,196.89999389648438,193.25,193.39999389648438,168.89122009277344,3626700,0.0,0.0
2021-12-10,196.02000427246094,196.36000061035156,192.80999755859375,196.0,171.16172790527344,3264200,0.0,0.0
2021-12-13,196.10000610351562,196.74000549316406,192.91000366210938,193.24000549316406,168.7515106201172,6178300,0.0,0.0
2021-12-14,190.97000122070312,191.67999267578125,188.16000366210938,190.27000427246094,166.1578826904297,6130400,0.0,0.0
2021-12-15,192.0,193.7100067138672,187.8699951171875,193.44000244140625,168.92616271972656,6342000,0.0,0.0
2021-12-16,194.0,194.22999572753906,187.72000122070312,188.24000549316406,164.3851318359375,5452300,0.0,0.0
2021-12-17,187.3800048828125,189.3800048828125,185.6300048828125,186.3000030517578,162.69097900390625,8427700,0.0,0.0
2021-12-20,183.64999389648438,185.05999755859375,182.77000427246094,184.24000549316406,160.8920135498047,4474300,0.0,0.0
2021-12-21,187.42999267578125,187.49000549316406,184.24000549316406,186.3699951171875,162.75209045410156,6089400,0.0,0.0
2021-12-22,185.99000549316406,187.00999450683594,184.16000366210938,186.92999267578125,163.24114990234375,3375500,0.0,0.0
2021-12-23,187.24000549316406,188.94000244140625,187.0,187.39999389648438,163.6515655517578,3266500,0.0,0.0
2021-12-27,188.0800018310547,191.9499969482422,188.07000732421875,191.83999633789062,167.52891540527344,3405600,0.0,0.0
2021-12-28,192.8000030517578,192.86000061035156,190.3800048828125,191.10000610351562,166.88267517089844,2806900,0.0,0.0
2021-12-29,191.38999938964844,193.27999877929688,190.75999450683594,190.80999755859375,166.62945556640625,2754900,0.0,0.0
2021-12-30,190.8699951171875,191.8699951171875,189.00999450683594,189.41000366210938,165.40689086914062,2109200,0.0,0.0
2021-12-31,189.41000366210938,190.0,188.27000427246094,188.47000122070312,164.5859832763672,2813900,0.0,0.0
2022-01-03,188.82000732421875,190.6199951171875,187.4600067138672,190.60000610351562,166.446044921875,3781500,0.0,0.0
2022-01-04,191.0,192.10000610351562,188.1999969482422,190.8000030517578,166.6207275390625,4137500,0.0,0.0
2022-01-05,190.41000366210938,191.61000061035156,186.64999389648438,186.82000732421875,163.14511108398438,5047400,0.0,0.0
2022-01-06,186.6699981689453,188.52000427246094,185.7899932861328,186.75999450683594,163.09266662597656,4502600,0.0,0.0
2022-01-07,181.97000122070312,184.05999755859375,178.89999389648438,179.44000244140625,156.70028686523438,7414200,0.0,0.0
2022-01-10,177.89999389648438,183.22999572753906,176.8800048828125,182.9600067138672,159.77423095703125,7195800,0.0,0.0
2022-01-11,182.5,186.0800018310547,181.2100067138672,184.63999938964844,161.24131774902344,5239300,0.0,0.0
2022-01-12,186.0,187.33999633789062,184.39999389648438,186.02999877929688,162.45516967773438,4240100,0.0,0.0
2022-01-13,188.97000122070312,189.6300048828125,183.61000061035156,184.14999389648438,160.81341552734375,5361100,0.0,0.0
2022-01-14,183.25999450683594,187.1999969482422,183.0,187.00999450683594,163.31100463867188,4731400,0.0,0.0
2022-01-18,183.61000061035156,184.36000061035156,181.25999450683594,182.27999877929688,159.180419921875,7382800,0.0,0.0
2022-01-19,183.44000244140625,183.5800018310547,178.19000244140625,178.3000030517578,155.7047576904297,5207300,0.0,0.0
2022-01-20,178.77999877929688,180.55999755859375,173.3800048828125,173.4499969482422,151.46939086914062,6057800,0.0,0.0
2022-01-21,174.05999755859375,179.5500030517578,173.3300018310547,175.63999938964844,153.38185119628906,11527900,0.0,0.0
2022-01-24,175.77999877929688,178.6199951171875,171.1199951171875,178.33999633789062,155.73973083496094,11717600,0.0,0.0
2022-01-25,174.91000366210938,178.00999450683594,173.0399932861328,173.9600067138672,151.91477966308594,8157600,0.0,0.0
2022-01-26,182.27000427246094,183.25,176.17999267578125,178.3300018310547,155.73097229003906,12852700,0.0,0.0
2022-01-27,180.89999389648438,181.02000427246094,173.10000610351562,174.80999755859375,152.6570587158203,6752900,0.0,0.0
2022-01-28,173.80999755859375,177.47000122070312,169.38999938964844,177.2899932861328,155.84800720214844,7322100,1.15,0.0
2022-01-31,177.67999267578125,179.63999938964844,175.83999633789062,179.49000549316406,157.78199768066406,6980800,0.0,0.0
2022-02-01,179.58999633789062,181.6699981689453,176.6300048828125,181.2899932861328,159.3642578125,6233700,0.0,0.0
2022-02-02,181.5500030517578,188.25,181.49000549316406,187.83999633789062,165.12208557128906,8993800,0.0,0.0
2022-02-03,185.24000549316406,186.5500030517578,174.8800048828125,175.58999633789062,154.3536376953125,11691400,0.0,0.0
2022-02-04,172.47999572753906,172.77000427246094,167.50999450683594,171.4199981689453,150.68798828125,11408600,0.0,0.0
2022-02-07,172.47999572753906,172.5,168.91000366210938,169.9499969482422,149.39573669433594,6418900,0.0,0.0
2022-02-08,170.02999877929688,173.19000244140625,168.5,172.6300048828125,151.75161743164062,4622000,0.0,0.0
2022-02-09,174.27000427246094,177.1999969482422,173.05999755859375,176.7100067138672,155.33816528320312,7140600,0.0,0.0
2022-02-10,172.16000366210938,176.8300018310547,169.74000549316406,170.66000366210938,150.0198974609375,7583400,0.0,0.0
2022-02-11,169.92999267578125,171.36000061035156,163.64999389648438,164.39999389648438,144.51698303222656,7564200,0.0,0.0
2022-02-14,163.94000244140625,165.64999389648438,161.0399932861328,162.47000122070312,142.82041931152344,7468000,0.0,0.0
2022-02-15,164.80999755859375,166.77000427246094,164.0800018310547,166.1699981689453,146.07293701171875,6969700,0.0,0.0
2022-02-16,164.7899932861328,168.9600067138672,164.22999572753906,168.24000549316406,147.892578125,4594300,0.0,0.0
2022-02-17,166.07000732421875,167.38999938964844,164.1999969482422,164.64999389648438,144.73678588867188,6807700,0.0,0.0
2022-02-18,165.25,168.11000061035156,164.0399932861328,166.74000549316406,146.57398986816406,6359100,0.0,0.0
2022-02-22,166.05999755859375,171.13999938964844,165.00999450683594,166.69000244140625,146.530029296875,7293800,0.0,0.0
2022-02-23,168.02000427246094,169.9600067138672,165.3699951171875,165.63999938964844,145.60699462890625,5893900,0.0,0.0
2022-02-24,163.77999877929688,169.92999267578125,161.19000244140625,169.58999633789062,149.0792999267578,7754800,0.0,0.0
2022-02-25,169.72999572753906,170.97000122070312,167.13999938964844,170.82000732421875,150.16055297851562,4830100,0.0,0.0
2022-02-28,168.6300048828125,170.5399932861328,166.99000549316406,169.99000549316406,149.43092346191406,5656600,0.0,0.0
2022-03-01,169.36000061035156,170.00999450683594,164.3699951171875,167.2899932861328,147.0574493408203,6049600,0.0,0.0
2022-03-02,168.49000549316406,171.50999450683594,167.83999633789062,170.10000610351562,149.5276336669922,5304100,0.0,0.0
2022-03-03,171.72000122070312,172.75,169.30999755859375,171.0,150.3187713623047,5154200,0.0,0.0
2022-03-04,169.47999572753906,171.75999450683594,168.13999938964844,169.97999572753906,149.42213439941406,6804700,0.0,0.0
2022-03-07,170.86000061035156,170.97000122070312,164.75999450683594,164.88999938964844,144.94772338867188,7064800,0.0,0.0
2022-03-08,164.8300018310547,172.6999969482422,162.38999938964844,167.33999633789062,147.10140991210938,7486500,0.0,0.0
2022-03-09,172.60000610351562,173.99000549316406,169.44000244140625,172.4600067138672,151.60218811035156,6047300,0.0,0.0
2022-03-10,169.47999572753906,173.4199981689453,168.58999633789062,172.75,151.8571319580078,6079100,0.0,0.0
2022-03-11,173.89999389648438,175.42999267578125,169.94000244140625,170.36000061035156,149.7561798095703,4869700,0.0,0.0
2022-03-14,169.9600067138672,171.64999389648438,166.08999633789062,166.72000122070312,146.556396484375,4863200,0.0,0.0
2022-03-15,168.5800018310547,172.63999938964844,167.88999938964844,172.32000732421875,151.47909545898438,5138600,0.0,0.0
2022-03-16,173.75999450683594,176.47000122070312,171.42999267578125,176.3300018310547,155.00413513183594,5660400,0.0,0.0
2022-03-17,175.83999633789062,178.47999572753906,175.24000549316406,178.47000122070312,156.8853302001953,4930700,0.0,0.0
2022-03-18,178.1999969482422,180.35000610351562,175.74000549316406,180.10000610351562,158.31817626953125,9031500,0.0,0.0
2022-03-21,179.2899932861328,181.2100067138672,177.72999572753906,180.4600067138672,158.63462829589844,5030600,0.0,0.0
2022-03-22,180.8800048828125,182.74000549316406,180.0,182.35000610351562,160.2960662841797,3802900,0.0,0.0
2022-03-23,182.0,183.0,179.02999877929688,179.0800018310547,157.42153930664062,4821100,0.0,0.0
2022-03-24,180.33999633789062,184.3300018310547,179.6300048828125,184.2100067138672,161.93112182617188,4169400,0.0,0.0
2022-03-25,184.6699981689453,186.1999969482422,183.1999969482422,184.89999389648438,162.5376434326172,3738800,0.0,0.0
2022-03-28,183.16000366210938,185.7899932861328,182.00999450683594,185.67999267578125,163.2233123779297,3117000,0.0,0.0
2022-03-29,187.97000122070312,191.33999633789062,187.2899932861328,191.00999450683594,167.90870666503906,5835700,0.0,0.0
2022-03-30,190.0,190.89999389648438,186.7100067138672,187.4499969482422,164.77926635742188,3865700,0.0,0.0
2022-03-31,188.1300048828125,188.6199951171875,183.17999267578125,183.47999572753906,161.2893829345703,7170700,0.0,0.0
2022-04-01,184.42999267578125,184.8800048828125,179.75,182.0800018310547,160.05874633789062,4631700,0.0,0.0
2022-04-04,181.5500030517578,183.35000610351562,180.57000732421875,182.7100067138672,160.61253356933594,4644800,0.0,0.0
2022-04-05,181.6300048828125,181.85000610351562,176.3699951171875,177.17999267578125,155.75132751464844,6956500,0.0,0.0
2022-04-06,175.0,179.61000061035156,174.82000732421875,177.25,155.81288146972656,6932900,0.0,0.0
2022-04-07,176.25,178.92999267578125,175.3000030517578,177.60000610351562,156.12054443359375,4178500,0.0,0.0
2022-04-08,177.19000244140625,177.3000030517578,173.8300018310547,174.11000061035156,153.05262756347656,4504500,0.0,0.0
2022-04-11,172.77000427246094,174.44000244140625,171.77999877929688,171.94000244140625,151.1450958251953,4347800,0.0,0.0
2022-04-12,175.4199981689453,176.3699951171875,172.38999938964844,173.0,152.07687377929688,4550800,0.0,0.0
2022-04-13,173.30999755859375,175.49000549316406,172.41000366210938,175.11000061035156,153.9317169189453,5229100,0.0,0.0
2022-04-14,174.91000366210938,176.11000061035156,173.52999877929688,173.66000366210938,152.6570587158203,4578500,0.0,0.0
2022-04-18,173.0,177.5800018310547,173.0,176.55999755859375,155.20632934570312,3564000,0.0,0.0
2022-04-19,175.41000366210938,179.33999633789062,175.22999572753906,179.05999755859375,157.40394592285156,4671900,0.0,0.0
2022-04-20,181.60000610351562,183.66000366210938,179.0800018310547,179.4199981689453,157.7204132080078,4553700,0.0,0.0
2022-04-21,181.36000061035156,183.24000549316406,176.77000427246094,177.22999572753906,155.79531860351562,4735000,0.0,0.0
2022-04-22,177.30999755859375,177.6300048828125,172.92999267578125,173.30999755859375,152.34938049316406,6355900,0.0,0.0
2022-04-25,173.05999755859375,175.1699981689453,171.6699981689453,173.91000366210938,152.87681579589844,8737600,0.0,0.0
2022-04-26,171.42999267578125,172.49000549316406,168.3699951171875,168.44000244140625,148.06837463378906,9591700,0.0,0.0
2022-04-27,160.5500030517578,171.9199981689453,160.5,169.38999938964844,148.9034881591797,12570400,0.0,0.0
2022-04-28,170.05999755859375,176.8800048828125,169.99000549316406,175.85000610351562,154.58218383789062,8233600,0.0,0.0
2022-04-29,174.0399932861328,176.02999877929688,169.92999267578125,170.25,149.6594696044922,6698600,0.0,0.0
2022-05-02,170.5500030517578,174.1199951171875,168.0800018310547,174.0,152.95594787597656,5851500,0.0,0.0
2022-05-03,173.8800048828125,174.7899932861328,172.0,172.5399932861328,151.67250061035156,5438600,0.0,0.0
2022-05-04,173.17999267578125,176.8699951171875,167.3300018310547,176.22999572753906,154.91624450683594,10311500,0.0,0.0
2022-05-05,174.39999389648438,174.97999572753906,168.64999389648438,170.27999877929688,149.68585205078125,7740400,0.0,0.0
2022-05-06,167.83999633789062,170.0800018310547,165.74000549316406,167.4499969482422,148.198974609375,5724800,1.15,0.0
2022-05-09,166.11000061035156,168.4600067138672,164.10000610351562,164.94000244140625,145.97755432128906,7929700,0.0,0.0
2022-05-10,168.3800048828125,170.83999633789062,166.3000030517578,168.24000549316406,148.89817810058594,7033300,0.0,0.0
2022-05-11,166.72999572753906,170.33999633789062,164.24000549316406,164.69000244140625,145.7563018798828,5892800,0.0,0.0
2022-05-12,163.88999938964844,166.4499969482422,162.6699981689453,165.89999389648438,146.82717895507812,5936100,0.0,0.0
2022-05-13,168.41000366210938,170.67999267578125,167.5800018310547,169.74000549316406,150.22567749023438,5329900,0.0,0.0
2022-05-16,168.07000732421875,170.13999938964844,166.8300018310547,168.5,149.1282501220703,3648900,0.0,0.0
2022-05-17,172.10000610351562,175.11000061035156,171.32000732421875,174.97999572753906,154.86326599121094,5851300,0.0,0.0
2022-05-18,173.39999389648438,174.91000366210938,169.67999267578125,170.3000030517578,150.7213134765625,5747200,0.0,0.0
2022-05-19,169.86000061035156,170.74000549316406,167.16000366210938,167.6199951171875,148.34939575195312,5399600,0.0,0.0
2022-05-20,168.60000610351562,170.3000030517578,164.2100067138672,169.80999755859375,150.2876739501953,6278300,0.0,0.0
2022-05-23,170.27000427246094,170.88999938964844,168.22999572753906,169.92999267578125,150.39385986328125,5384100,0.0,0.0
2022-05-24,168.2899932861328,169.47999572753906,166.3699951171875,167.86000061035156,148.5618438720703,5121700,0.0,0.0
2022-05-25,168.08999633789062,170.97999572753906,167.00999450683594,170.00999450683594,150.46466064453125,4712100,0.0,0.0
2022-05-26,170.32000732421875,174.8300018310547,169.2899932861328,174.1300048828125,154.11102294921875,4536600,0.0,0.0
2022-05-27,175.52000427246094,178.35000610351562,175.52000427246094,177.97000122070312,157.50955200195312,5857900,0.0,0.0
2022-05-31,176.74000549316406,178.2899932861328,173.80999755859375,176.75999450683594,156.43865966796875,9408000,0.0,0.0
2022-06-01,177.50999450683594,177.58999633789062,172.6999969482422,174.4199981689453,154.36767578125,4681600,0.0,0.0
2022-06-02,174.0,176.8000030517578,172.38999938964844,176.72000122070312,156.4032440185547,6521600,0.0,0.0
2022-06-03,174.8699951171875,175.5,171.99000549316406,172.3300018310547,152.5179443359375,4485500,0.0,0.0
2022-06-06,173.64999389648438,174.25999450683594,167.3800048828125,167.75999450683594,148.47332763671875,5603800,0.0,0.0
2022-06-07,166.1199951171875,170.0800018310547,165.24000549316406,169.85000610351562,150.32305908203125,4416100,0.0,0.0
2022-06-08,169.75,169.75,164.77000427246094,165.3699951171875,146.3581085205078,5112600,0.0,0.0
2022-06-09,165.00999450683594,166.72999572753906,161.4600067138672,161.5800018310547,143.00384521484375,5353200,0.0,0.0
2022-06-10,159.16000366210938,160.42999267578125,157.67999267578125,157.77999877929688,139.6407012939453,6511000,0.0,0.0
2022-06-13,154.89999389648438,156.92999267578125,153.13999938964844,153.52999877929688,135.87933349609375,7765000,0.0,0.0
2022-06-14,155.14999389648438,155.94000244140625,153.0399932861328,154.0800018310547,136.3660888671875,4772600,0.0,0.0
2022-06-15,155.72000122070312,157.91000366210938,153.32000732421875,155.9199981689453,137.99456787109375,5442100,0.0,0.0
2022-06-16,151.52000427246094,152.55999755859375,150.1999969482422,151.3699951171875,133.9676055908203,6843700,0.0,0.0
2022-06-17,151.83999633789062,153.2100067138672,149.10000610351562,150.1999969482422,132.93214416503906,11262500,0.0,0.0
2022-06-21,151.82000732421875,154.5800018310547,151.72999572753906,153.4600067138672,135.8173828125,6283100,0.0,0.0
2022-06-22,151.9600067138672,153.94000244140625,151.16000366210938,152.60000610351562,135.05621337890625,4242900,0.0,0.0
2022-06-23,152.8300018310547,153.2100067138672,149.25,151.13999938964844,133.76406860351562,4318200,0.0,0.0
2022-06-24,153.00999450683594,156.1300048828125,152.49000549316406,155.9499969482422,138.02108764648438,6425900,0.0,0.0
2022-06-27,156.99000549316406,157.6199951171875,155.1300048828125,155.6199951171875,137.72900390625,5762300,0.0,0.0
2022-06-28,156.74000549316406,158.99000549316406,154.0800018310547,154.16000366210938,136.4368896484375,4687500,0.0,0.0
2022-06-29,152.44000244140625,153.2899932861328,150.94000244140625,152.77999877929688,135.21554565429688,4348300,0.0,0.0
2022-06-30,152.49000549316406,155.07000732421875,150.88999938964844,153.64999389648438,135.9855194091797,6807900,0.0,0.0
2022-07-01,150.35000610351562,152.27999877929688,147.02000427246094,148.5399932861328,131.46298217773438,8740200,0.0,0.0
2022-07-05,145.72999572753906,149.69000244140625,144.4600067138672,149.10000610351562,131.95860290527344,8486400,0.0,0.0
2022-07-06,150.0,152.0399932861328,148.3699951171875,150.80999755859375,133.47203063964844,5238200,0.0,0.0
2022-07-07,153.16000366210938,155.39999389648438,153.16000366210938,154.69000244140625,136.90597534179688,5169400,0.0,0.0
2022-07-08,152.74000549316406,155.85000610351562,152.14999389648438,155.52999877929688,137.64938354492188,3467500,0.0,0.0
2022-07-11,154.1199951171875,155.02000427246094,152.6199951171875,153.55999755859375,135.9058074951172,4051100,0.0,0.0
2022-07-12,155.97000122070312,156.4600067138672,153.6999969482422,154.4600067138672,136.70240783691406,4085100,0.0,0.0
2022-07-13,151.9600067138672,155.2100067138672,151.6699981689453,154.2899932861328,136.55194091796875,3755400,0.0,0.0
2022-07-14,154.1300048828125,158.33999633789062,152.9600067138672,157.85000610351562,139.70260620117188,4758800,0.0,0.0
2022-07-15,159.1999969482422,160.7100067138672,157.63999938964844,160.5399932861328,142.0834197998047,7466100,0.0,0.0
2022-07-18,161.72000122070312,162.64999389648438,159.02000427246094,159.6699981689453,141.3134002685547,4088700,0.0,0.0
2022-07-19,161.36000061035156,165.67999267578125,160.64999389648438,164.63999938964844,145.7120361328125,5390800,0.0,0.0
2022-07-20,163.88999938964844,167.1199951171875,162.5399932861328,165.3300018310547,146.32272338867188,5889100,0.0,0.0
2022-07-21,165.97999572753906,166.82000732421875,163.67999267578125,166.5399932861328,147.39358520507812,5466700,0.0,0.0
2022-07-22,167.7100067138672,167.7100067138672,162.8699951171875,163.89999389648438,145.05711364746094,5269700,0.0,0.0
2022-07-25,163.8000030517578,163.86000061035156,161.27000427246094,163.1999969482422,144.43759155273438,4201400,0.0,0.0
2022-07-26,164.17999267578125,164.17999267578125,160.60000610351562,160.83999633789062,142.34890747070312,6080600,0.0,0.0
2022-07-27,166.77999877929688,171.99000549316406,165.57000732421875,171.5399932861328,151.81878662109375,11623100,0.0,0.0
2022-07-28,171.9199981689453,175.8300018310547,169.58999633789062,175.75,155.54476928710938,6468800,0.0,0.0
2022-07-29,174.42999267578125,179.27000427246094,174.05999755859375,178.88999938964844,159.3665771484375,6624000,1.15,0.0
2022-08-01,177.94000244140625,179.11000061035156,176.75,178.8000030517578,159.28640747070312,4865700,0.0,0.0
2022-08-02,177.5,179.92999267578125,176.4499969482422,177.22000122070312,157.87881469726562,4442500,0.0,0.0
2022-08-03,178.00999450683594,184.1300048828125,177.86000061035156,183.47000122070312,163.44674682617188,6201100,0.0,0.0
2022-08-04,183.77000427246094,185.99000549316406,183.22000122070312,184.91000366210938,164.72958374023438,4533900,0.0,0.0
2022-08-05,182.02999877929688,184.6699981689453,181.5800018310547,184.3000030517578,164.18617248535156,3690100,0.0,0.0
2022-08-08,182.5,184.4600067138672,181.1300048828125,182.8000030517578,162.84982299804688,3547300,0.0,0.0
2022-08-09,179.94000244140625,180.1999969482422,176.10000610351562,177.7100067138672,158.3153839111328,5306400,0.0,0.0
2022-08-10,181.4499969482422,183.4499969482422,179.38999938964844,183.1199951171875,163.13491821289062,4276500,0.0,0.0
2022-08-11,183.42999267578125,185.6699981689453,181.66000366210938,182.05999755859375,162.19058227539062,3858300,0.0,0.0
2022-08-12,183.17999267578125,185.97999572753906,183.0399932861328,185.3800048828125,165.1482696533203,4160900,0.0,0.0
2022-08-15,184.8800048828125,185.64999389648438,182.9600067138672,185.39999389648438,165.1660919189453,2863400,0.0,0.0
2022-08-16,184.8000030517578,185.0,182.39999389648438,183.36000061035156,163.34872436523438,4541600,0.0,0.0
2022-08-17,180.61000061035156,180.9499969482422,174.8800048828125,176.7100067138672,157.42446899414062,6869000,0.0,0.0
2022-08-18,176.80999755859375,180.3300018310547,175.8000030517578,178.4600067138672,158.9835205078125,4390400,0.0,0.0
2022-08-19,176.9600067138672,177.47999572753906,175.1199951171875,176.4499969482422,157.19284057617188,4569500,0.0,0.0
2022-08-22,175.47000122070312,175.47000122070312,171.11000061035156,171.44000244140625,152.72962951660156,4919000,0.0,0.0
2022-08-23,170.33999633789062,173.88999938964844,170.27999877929688,172.52000427246094,153.69178771972656,3663900,0.0,0.0
2022-08-24,171.41000366210938,172.58999633789062,170.75,172.19000244140625,153.3977813720703,3037800,0.0,0.0
2022-08-25,173.64999389648438,177.50999450683594,173.25,177.30999755859375,157.958984375,4350000,0.0,0.0
2022-08-26,177.5,177.92999267578125,169.42999267578125,169.49000549316406,150.99249267578125,6583500,0.0,0.0
2022-08-29,169.94000244140625,170.50999450683594,167.75999450683594,167.94000244140625,149.61163330078125,4625800,0.0,0.0
2022-08-30,168.22000122070312,168.85000610351562,164.75999450683594,166.74000549316406,148.54258728027344,5343300,0.0,0.0
2022-08-31,166.8699951171875,167.58999633789062,164.02000427246094,165.2100067138672,147.17958068847656,6489900,0.0,0.0
2022-09-01,163.35000610351562,166.47000122070312,162.19000244140625,166.16000366210938,148.02589416503906,5593800,0.0,0.0
2022-09-02,168.0,168.77999877929688,162.3800048828125,163.0,145.2107391357422,4466200,0.0,0.0
2022-09-06,163.11000061035156,165.7899932861328,161.83999633789062,163.10000610351562,145.29983520507812,5057000,0.0,0.0
2022-09-07,163.6699981689453,167.4499969482422,163.47999572753906,165.82000732421875,147.72300720214844,5332400,0.0,0.0
2022-09-08,165.24000549316406,168.5399932861328,163.8699951171875,168.41000366210938,150.0303497314453,5473200,0.0,0.0
2022-09-09,169.42999267578125,171.9199981689453,169.36000061035156,170.74000549316406,152.10606384277344,5196200,0.0,0.0
2022-09-12,171.25,171.52000427246094,169.2100067138672,170.5800018310547,151.96348571777344,5216800,0.0,0.0
2022-09-13,166.0800018310547,167.33999633789062,162.0,162.64999389648438,144.89894104003906,7928700,0.0,0.0
2022-09-14,164.22999572753906,166.3300018310547,163.05999755859375,165.25999450683594,147.2240753173828,4792600,0.0,0.0
2022-09-15,164.22000122070312,165.67999267578125,161.72000122070312,162.6699981689453,144.916748046875,6105400,0.0,0.0
2022-09-16,162.99000549316406,165.92999267578125,161.55999755859375,165.25999450683594,147.2240753173828,13417800,0.0,0.0
2022-09-19,163.5800018310547,166.6300048828125,163.52000427246094,166.25,148.1060333251953,4929500,0.0,0.0
2022-09-20,165.41000366210938,166.89999389648438,164.89999389648438,166.05999755859375,147.93679809570312,5220200,0.0,0.0
2022-09-21,166.52999877929688,170.25,163.19000244140625,163.3000030517578,145.47801208496094,6639800,0.0,0.0
2022-09-22,162.58999633789062,164.55999755859375,161.22000122070312,162.6199951171875,144.8722381591797,5696200,0.0,0.0
2022-09-23,161.22000122070312,161.85000610351562,158.3000030517578,161.2899932861328,143.68736267089844,6936100,0.0,0.0
2022-09-26,161.64999389648438,163.1999969482422,160.0,160.4600067138672,142.94796752929688,4605800,0.0,0.0
2022-09-27,162.22999572753906,163.42999267578125,159.3000030517578,160.7100067138672,143.170654296875,4261500,0.0,0.0
2022-09-28,161.52000427246094,163.63999938964844,159.4199981689453,162.8000030517578,145.03257751464844,4881500,0.0,0.0
2022-09-29,160.82000732421875,161.39999389648438,156.1300048828125,158.4499969482422,141.15731811523438,6699000,0.0,0.0
2022-09-30,157.22000122070312,158.8000030517578,154.67999267578125,154.77999877929688,137.88787841796875,6074700,0.0,0.0
2022-10-03,157.41000366210938,160.63999938964844,156.0800018310547,159.83999633789062,142.3956298828125,6668500,0.0,0.0
2022-10-04,163.0500030517578,165.74000549316406,162.58999633789062,165.14999389648438,147.12612915039062,7233100,0.0,0.0
2022-10-05,164.32000732421875,169.22999572753906,163.47000122070312,167.8000030517578,149.48690795898438,5262600,0.0,0.0
2022-10-06,167.77999877929688,169.14999389648438,165.77000427246094,166.5399932861328,148.36439514160156,4171000,0.0,0.0
2022-10-07,164.02000427246094,165.05999755859375,158.61000061035156,159.27999877929688,141.89674377441406,8306400,0.0,0.0
2022-10-10,159.5500030517578,159.61000061035156,154.14999389648438,156.7899932861328,139.67852783203125,6573600,0.0,0.0
2022-10-11,154.61000061035156,155.33999633789062,151.39999389648438,153.4499969482422,136.70298767089844,9526900,0.0,0.0
2022-10-12,153.36000061035156,153.8000030517578,151.47000122070312,151.5500030517578,135.01036071777344,4526100,0.0,0.0
2022-10-13,147.61000061035156,156.7899932861328,145.97000122070312,154.33999633789062,137.49586486816406,7913800,0.0,0.0
2022-10-14,155.89999389648438,156.08999633789062,148.08999633789062,148.33999633789062,132.1506805419922,7470600,0.0,0.0
2022-10-17,152.0,152.5,149.52999877929688,150.99000549316406,134.51148986816406,5936100,0.0,0.0
2022-10-18,155.08999633789062,155.97999572753906,149.5399932861328,151.50999450683594,134.9747314453125,4866600,0.0,0.0
2022-10-19,150.6300048828125,153.02000427246094,149.86000061035156,152.64999389648438,135.99029541015625,5060100,0.0,0.0
2022-10-20,153.88999938964844,156.77999877929688,152.41000366210938,153.72000122070312,136.9435577392578,6506200,0.0,0.0
2022-10-21,155.41000366210938,160.02999877929688,153.94000244140625,159.72000122070312,142.2886962890625,7706200,0.0,0.0
2022-10-24,160.2100067138672,161.99000549316406,158.69000244140625,161.64999389648438,144.0081024169922,5467600,0.0,0.0
2022-10-25,161.61000061035156,164.86000061035156,161.19000244140625,162.16000366210938,144.4624786376953,8611200,0.0,0.0
2022-10-26,152.57000732421875,161.16000366210938,151.3300018310547,157.8699951171875,140.64060974121094,12964700,0.0,0.0
2022-10-27,159.8000030517578,159.94000244140625,155.42999267578125,156.75999450683594,139.65174865722656,7050500,0.0,0.0
2022-10-28,155.8800048828125,161.69000244140625,155.49000549316406,161.36000061035156,144.89588928222656,6776100,1.24,0.0
2022-10-31,160.39999389648438,161.5500030517578,159.25999450683594,160.6300048828125,144.24038696289062,6298800,0.0,0.0
2022-11-01,162.24000549316406,163.42999267578125,160.55999755859375,162.89999389648438,146.27874755859375,4972300,0.0,0.0
2022-11-02,163.25999450683594,166.3699951171875,158.27999877929688,158.49000549316406,142.31874084472656,6923900,0.0,0.0
2022-11-03,156.3800048828125,158.61000061035156,155.3300018310547,156.52000427246094,140.5497283935547,4555400,0.0,0.0
2022-11-04,161.61000061035156,162.6999969482422,158.4199981689453,162.64999389648438,146.05426025390625,6689900,0.0,0.0
2022-11-07,163.80999755859375,166.3000030517578,161.5500030517578,165.69000244140625,148.7841033935547,4928300,0.0,0.0
2022-11-08,167.44000244140625,169.83999633789062,165.75999450683594,168.11000061035156,150.95716857910156,5112300,0.0,0.0
2022-11-09,166.38999938964844,167.72999572753906,164.89999389648438,164.99000549316406,148.15553283691406,4800400,0.0,0.0
2022-11-10,172.10000610351562,175.19000244140625,168.8800048828125,174.69000244140625,156.86578369140625,9898200,0.0,0.0
2022-11-11,175.0500030517578,180.7899932861328,173.39999389648438,179.49000549316406,161.17604064941406,6911900,0.0,0.0
2022-11-14,179.0,181.1199951171875,177.25,177.44000244140625,159.33522033691406,5447300,0.0,0.0
2022-11-15,182.0500030517578,182.6199951171875,176.80999755859375,177.57000732421875,159.4519500732422,6601000,0.0,0.0
2022-11-16,176.4199981689453,176.4199981689453,173.0500030517578,173.4600067138672,155.76129150390625,7664800,0.0,0.0
2022-11-17,170.67999267578125,175.42999267578125,170.6300048828125,175.36000061035156,157.4674072265625,5339800,0.0,0.0
2022-11-18,176.41000366210938,176.8000030517578,174.0399932861328,175.17999267578125,157.3057861328125,5474800,0.0,0.0
2022-11-21,174.4199981689453,174.6699981689453,172.27000427246094,172.39999389648438,154.80946350097656,4702700,0.0,0.0
2022-11-22,174.83999633789062,177.30999755859375,172.35000610351562,177.22000122070312,159.1376495361328,4673500,0.0,0.0
2022-11-23,177.0,179.77999877929688,176.5,178.97999572753906,160.7180633544922,3939100,0.0,0.0
2022-11-25,179.25,179.2899932861328,177.02999877929688,177.07000732421875,159.0029296875,1586400,0.0,0.0
2022-11-28,175.7100067138672,176.02999877929688,172.3800048828125,173.0,155.34820556640625,5358800,0.0,0.0
2022-11-29,173.63999938964844,174.36000061035156,171.30999755859375,172.97999572753906,155.3302459716797,3134000,0.0,0.0
2022-11-30,173.3699951171875,180.50999450683594,170.97000122070312,180.4600067138672,162.04702758789062,9780300,0.0,0.0
2022-12-01,180.0399932861328,180.52000427246094,176.2100067138672,177.5,159.38909912109375,5479900,0.0,0.0
2022-12-02,175.13999938964844,177.99000549316406,173.47999572753906,177.66000366210938,159.5327606201172,3822900,0.0,0.0
2022-12-05,176.74000549316406,178.63999938964844,175.33999633789062,177.38999938964844,159.290283203125,4875300,0.0,0.0
2022-12-06,178.13999938964844,178.16000366210938,173.17999267578125,174.33999633789062,156.5514678955078,4417900,0.0,0.0
2022-12-07,172.52999877929688,175.02999877929688,172.25,173.75,156.02169799804688,3242800,0.0,0.0
2022-12-08,173.75999450683594,176.52000427246094,172.85000610351562,176.36000061035156,158.36541748046875,3902700,0.0,0.0
2022-12-09,175.9600067138672,176.5800018310547,174.1199951171875,174.25999450683594,156.47967529296875,3966700,0.0,0.0
2022-12-12,174.11000061035156,177.57000732421875,172.91000366210938,177.47999572753906,159.37109375,5347000,0.0,0.0
2022-12-13,182.1300048828125,183.08999633789062,175.8699951171875,177.5,159.38909912109375,6951000,0.0,0.0
2022-12-14,176.75999450683594,179.80999755859375,174.13999938964844,175.82000732421875,157.8804931640625,5114600,0.0,0.0
2022-12-15,173.52999877929688,174.52000427246094,169.08999633789062,170.00999450683594,152.66329956054688,6007300,0.0,0.0
2022-12-16,169.0,170.0500030517578,167.47999572753906,169.5500030517578,152.25021362304688,10423600,0.0,0.0
2022-12-19,169.6300048828125,169.8699951171875,166.0500030517578,167.61000061035156,150.5081787109375,4507000,0.0,0.0
2022-12-20,166.66000366210938,167.77999877929688,165.72000122070312,166.08999633789062,149.1432647705078,3777600,0.0,0.0
2022-12-21,167.0,168.91000366210938,166.5,168.72999572753906,151.51390075683594,3632100,0.0,0.0
2022-12-22,166.07000732421875,166.52000427246094,161.49000549316406,164.6999969482422,147.89511108398438,7188700,0.0,0.0
2022-12-23,163.02999877929688,164.8000030517578,162.27999877929688,164.3800048828125,147.60775756835938,2597000,0.0,0.0
2022-12-27,163.66000366210938,164.58999633789062,161.97000122070312,163.77999877929688,147.06898498535156,3535600,0.0,0.0
2022-12-28,163.61000061035156,165.16000366210938,160.8300018310547,161.19000244140625,144.7432403564453,2998600,0.0,0.0
2022-12-29,163.25999450683594,166.0399932861328,162.82000732421875,165.02000427246094,148.18246459960938,4081600,0.0,0.0
2022-12-30,163.69000244140625,165.38999938964844,162.2100067138672,165.22000122070312,148.36204528808594,3249000,0.0,0.0
2023-01-03,167.22000122070312,167.64999389648438,162.58999633789062,163.2100067138672,146.55712890625,4294100,0.0,0.0
2023-01-04,165.3000030517578,169.69000244140625,165.3000030517578,169.1699981689453,151.9090118408203,6285300,0.0,0.0
2023-01-05,167.7899932861328,170.0399932861328,165.83999633789062,166.92999267578125,149.89756774902344,6876800,0.0,0.0
2023-01-06,169.6199951171875,176.16000366210938,167.4199981689453,175.16000366210938,157.287841796875,6725900,0.0,0.0
2023-01-09,177.14999389648438,180.3800048828125,176.32000732421875,176.67999267578125,158.6527099609375,5733900,0.0,0.0
2023-01-10,176.6300048828125,179.6199951171875,175.8300018310547,178.39999389648438,160.19720458984375,4267700,0.0,0.0
2023-01-11,178.22000122070312,179.0500030517578,176.92999267578125,178.8699951171875,160.61927795410156,5013900,0.0,0.0
2023-01-12,179.72000122070312,181.1699981689453,176.99000549316406,178.1300048828125,159.95480346679688,4324900,0.0,0.0
2023-01-13,177.07000732421875,179.11000061035156,176.22000122070312,179.00999450683594,160.74501037597656,3736700,0.0,0.0
2023-01-17,178.8000030517578,179.82000732421875,175.3000030517578,175.39999389648438,157.50332641601562,5659400,0.0,0.0
2023-01-18,176.3699951171875,177.32000732421875,173.58999633789062,173.75999450683594,156.0306396484375,5874300,0.0,0.0
2023-01-19,173.3800048828125,173.72999572753906,169.6199951171875,170.92999267578125,153.4893798828125,5995700,0.0,0.0
2023-01-20,172.44000244140625,173.58999633789062,169.75,173.0,155.34820556640625,7569900,0.0,0.0
2023-01-23,173.64999389648438,179.02000427246094,172.55999755859375,178.1699981689453,159.99073791503906,7847600,0.0,0.0
2023-01-24,176.75,178.52000427246094,175.33999633789062,177.0399932861328,158.97596740722656,5351600,0.0,0.0
2023-01-25,176.6300048828125,178.2100067138672,171.5,175.0399932861328,157.18008422851562,6720700,0.0,0.0
2023-01-26,175.27000427246094,175.27000427246094,171.7899932861328,174.10000610351562,156.33599853515625,6287900,0.0,0.0
2023-01-27,172.52999877929688,177.30999755859375,171.8699951171875,175.24000549316406,157.35964965820312,6074900,0.0,0.0
2023-01-30,172.33999633789062,175.17999267578125,172.2100067138672,173.1300048828125,156.57290649414062,5048900,1.24,0.0
2023-01-31,173.1699981689453,177.3000030517578,172.97999572753906,177.2100067138672,160.26271057128906,5852400,0.0,0.0
2023-02-01,177.0,183.69000244140625,176.75999450683594,182.10000610351562,164.68502807617188,7835800,0.0,0.0
2023-02-02,183.8699951171875,185.4499969482422,175.75,184.72000122070312,167.0544891357422,11667100,0.0,0.0
2023-02-03,181.69000244140625,185.24000549316406,181.58999633789062,182.2899932861328,164.8568572998047,5732200,0.0,0.0
2023-02-06,180.50999450683594,182.5800018310547,179.44000244140625,181.0,163.69024658203125,4385700,0.0,0.0
2023-02-07,181.07000732421875,184.27000427246094,179.3699951171875,183.49000549316406,165.94212341308594,4799900,0.0,0.0
2023-02-08,181.7899932861328,182.58999633789062,176.47000122070312,176.5,159.62060546875,5657600,0.0,0.0
2023-02-09,179.22000122070312,180.5,174.57000732421875,174.99000549316406,158.25498962402344,5572000,0.0,0.0
2023-02-10,173.86000061035156,176.13999938964844,173.11000061035156,175.7899932861328,158.9784698486328,5466400,0.0,0.0
2023-02-13,176.52000427246094,177.8000030517578,175.69000244140625,176.7100067138672,159.81048583984375,3443200,0.0,0.0
2023-02-14,175.16000366210938,177.64999389648438,173.3699951171875,176.33999633789062,159.4758758544922,4179200,0.0,0.0
2023-02-15,174.8300018310547,178.7100067138672,174.77000427246094,178.5,161.42930603027344,3879700,0.0,0.0
2023-02-16,176.91000366210938,178.32000732421875,175.4199981689453,176.0800018310547,159.24075317382812,4212400,0.0,0.0
2023-02-17,175.17999267578125,177.08999633789062,174.47999572753906,175.32000732421875,158.55345153808594,4060800,0.0,0.0
2023-02-21,173.5500030517578,174.91000366210938,170.58999633789062,170.75999450683594,154.4295196533203,7030300,0.0,0.0
2023-02-22,171.02000427246094,171.94000244140625,168.75999450683594,169.8000030517578,153.5613250732422,4577400,0.0,0.0
2023-02-23,172.75,173.02000427246094,168.49000549316406,171.82000732421875,155.3881378173828,4856600,0.0,0.0
2023-02-24,169.35000610351562,170.1300048828125,167.8000030517578,169.13999938964844,152.96444702148438,4118300,0.0,0.0
2023-02-27,171.38999938964844,172.02000427246094,170.3800048828125,170.74000549316406,154.4114532470703,3310100,0.0,0.0
2023-02-28,169.9499969482422,172.57000732421875,169.36000061035156,171.4499969482422,155.05352783203125,3674500,0.0,0.0
2023-03-01,171.0399932861328,172.42999267578125,169.80999755859375,172.1699981689453,155.70465087890625,4649800,0.0,0.0
2023-03-02,171.1300048828125,174.9199981689453,170.11000061035156,174.0800018310547,157.43199157714844,4551100,0.0,0.0
2023-03-03,175.0,175.9499969482422,172.5,175.67999267578125,158.8789825439453,4379200,0.0,0.0
2023-03-06,175.2899932861328,176.5,172.8000030517578,173.0500030517578,156.50054931640625,4090100,0.0,0.0
2023-03-07,172.77000427246094,174.0,171.14999389648438,172.05999755859375,155.60519409179688,3844100,0.0,0.0
2023-03-08,173.61000061035156,176.36000061035156,173.0500030517578,176.22000122070312,159.36737060546875,3805400,0.0,0.0
2023-03-09,176.36000061035156,177.91000366210938,172.97999572753906,173.44000244140625,156.8532257080078,4651200,0.0,0.0
2023-03-10,175.0,175.27000427246094,170.97999572753906,171.63999938964844,155.22537231445312,5929700,0.0,0.0
2023-03-13,170.17999267578125,175.8300018310547,169.91000366210938,173.88999938964844,157.26019287109375,5453400,0.0,0.0
2023-03-14,175.9499969482422,176.1999969482422,172.8300018310547,175.72999572753906,158.92420959472656,5034600,0.0,0.0
2023-03-15,174.22999572753906,175.1300048828125,171.8800048828125,174.38999938964844,157.7123565673828,4918300,0.0,0.0
2023-03-16,173.4600067138672,177.67999267578125,172.8000030517578,177.1300048828125,160.19033813476562,5028500,0.0,0.0
2023-03-17,177.8800048828125,179.08999633789062,174.61000061035156,175.7100067138672,158.90614318847656,12963300,0.0,0.0
2023-03-20,175.8800048828125,179.8699951171875,175.52000427246094,179.16000366210938,162.02618408203125,4964600,0.0,0.0
2023-03-21,179.17999267578125,180.66000366210938,176.25,178.41000366210938,161.34791564941406,4217500,0.0,0.0
2023-03-22,177.3699951171875,181.47999572753906,176.25999450683594,176.32000732421875,159.45779418945312,4738000,0.0,0.0
2023-03-23,178.13999938964844,181.88999938964844,177.35000610351562,180.27999877929688,163.03904724121094,5083300,0.0,0.0
2023-03-24,179.8300018310547,180.49000549316406,177.66000366210938,179.50999450683594,162.34271240234375,5345400,0.0,0.0
2023-03-27,179.6300048828125,179.80999755859375,176.41000366210938,177.0500030517578,160.1179656982422,4453200,0.0,0.0
2023-03-28,176.3699951171875,177.58999633789062,174.25,177.49000549316406,160.51589965820312,4061500,0.0,0.0
2023-03-29,179.42999267578125,181.8699951171875,178.9600067138672,181.0399932861328,163.7263946533203,5227100,0.0,0.0
2023-03-30,182.0,184.49000549316406,181.86000061035156,184.24000549316406,166.62037658691406,5535800,0.0,0.0
2023-03-31,184.02000427246094,186.3000030517578,183.1199951171875,186.00999450683594,168.22109985351562,4793100,0.0,0.0
2023-04-03,185.3300018310547,186.17999267578125,182.72000122070312,184.16000366210938,166.5480499267578,4143000,0.0,0.0
2023-04-04,184.25999450683594,184.6699981689453,179.7899932861328,180.39999389648438,163.14761352539062,4724800,0.0,0.0
2023-04-05,179.49000549316406,179.72999572753906,175.1199951171875,177.1999969482422,160.25363159179688,5904900,0.0,0.0
2023-04-06,175.97000122070312,179.22999572753906,174.57000732421875,178.1199951171875,161.0856475830078,3743000,0.0,0.0
2023-04-10,176.9499969482422,179.72999572753906,176.2100067138672,179.4199981689453,162.26132202148438,3488500,0.0,0.0
2023-04-11,180.74000549316406,181.3800048828125,179.5,179.8699951171875,162.6682891845703,3296900,0.0,0.0
2023-04-12,181.1999969482422,181.1999969482422,177.22000122070312,177.5500030517578,160.5701446533203,3559400,0.0,0.0
2023-04-13,176.61000061035156,179.8800048828125,175.4499969482422,179.11000061035156,161.98097229003906,3264200,0.0,0.0
2023-04-14,178.91000366210938,180.5399932861328,177.25,178.97999572753906,161.8634033203125,2741900,0.0,0.0
2023-04-17,178.27999877929688,180.5500030517578,177.77999877929688,180.0500030517578,162.83106994628906,2845800,0.0,0.0
2023-04-18,181.00999450683594,181.72999572753906,179.1999969482422,180.32000732421875,163.07525634765625,2774700,0.0,0.0
2023-04-19,179.1300048828125,179.4600067138672,176.9600067138672,177.0800018310547,160.14512634277344,3093900,0.0,0.0
2023-04-20,174.4199981689453,178.30999755859375,173.52999877929688,176.6199951171875,159.72909545898438,4710800,0.0,0.0
2023-04-21,175.60000610351562,177.55999755859375,174.86000061035156,177.02000427246094,160.09085083007812,6792000,0.0,0.0
2023-04-24,177.13999938964844,177.42999267578125,175.33999633789062,175.89999389648438,159.07797241210938,3360100,0.0,0.0
2023-04-25,175.58999633789062,176.0399932861328,169.33999633789062,169.38999938964844,153.1905517578125,7136000,0.0,0.0
2023-04-26,170.97000122070312,170.97000122070312,163.66000366210938,164.4600067138672,148.73202514648438,8647500,0.0,0.0
2023-04-27,162.72999572753906,165.61000061035156,161.10000610351562,165.27000427246094,149.4645538330078,6697900,0.0,0.0
2023-04-28,164.85000610351562,167.52000427246094,164.85000610351562,167.1999969482422,151.20999145507812,6575400,0.0,0.0
2023-05-01,168.2100067138672,168.3000030517578,166.1199951171875,166.67999267578125,150.73971557617188,4831200,0.0,0.0
2023-05-02,166.33999633789062,167.49000549316406,162.7899932861328,163.94000244140625,148.26173400878906,7312400,0.0,0.0
2023-05-03,164.9199981689453,165.99000549316406,163.27000427246094,163.35000610351562,147.72813415527344,4398800,0.0,0.0
2023-05-04,163.38999938964844,163.8699951171875,161.36000061035156,162.3000030517578,146.77859497070312,4309000,0.0,0.0
2023-05-05,161.4600067138672,166.00999450683594,161.2100067138672,165.82000732421875,151.11654663085938,5494700,1.24,0.0
2023-05-08,165.82000732421875,166.60000610351562,163.38999938964844,164.22000122070312,149.6583709716797,3831300,0.0,0.0
2023-05-09,162.22999572753906,163.49000549316406,162.00999450683594,163.0,148.5465850830078,5736800,0.0,0.0
2023-05-10,164.80999755859375,165.0,161.0399932861328,163.0500030517578,148.59213256835938,4428800,0.0,0.0
2023-05-11,162.27000427246094,162.4199981689453,159.94000244140625,161.1699981689453,146.87887573242188,3320400,0.0,0.0
2023-05-12,162.11000061035156,162.9600067138672,160.3699951171875,161.8800048828125,147.52590942382812,2400800,0.0,0.0
2023-05-15,161.38999938964844,165.47999572753906,160.6300048828125,165.25999450683594,150.6061553955078,3789100,0.0,0.0
2023-05-16,165.0,166.0500030517578,162.86000061035156,163.3800048828125,148.8928680419922,4272900,0.0,0.0
2023-05-17,164.5,165.6699981689453,163.07000732421875,165.33999633789062,150.6790771484375,4910300,0.0,0.0
2023-05-18,166.32000732421875,170.1699981689453,166.0800018310547,169.80999755859375,154.75271606445312,4916300,0.0,0.0
2023-05-19,170.58999633789062,170.99000549316406,168.94000244140625,170.11000061035156,155.026123046875,4790500,0.0,0.0
2023-05-22,169.77000427246094,171.11000061035156,169.0500030517578,170.86000061035156,155.7095947265625,3334000,0.0,0.0
2023-05-23,169.7899932861328,170.74000549316406,169.22000122070312,169.74000549316406,154.68893432617188,5601200,0.0,0.0
2023-05-24,166.94000244140625,168.50999450683594,166.19000244140625,167.07000732421875,152.2556610107422,7502500,0.0,0.0
2023-05-25,165.0,170.50999450683594,163.60000610351562,169.6199951171875,154.57955932617188,7747200,0.0,0.0
2023-05-26,171.32000732421875,177.0500030517578,170.6699981689453,176.2899932861328,160.65811157226562,8323200,0.0,0.0
2023-05-30,177.8300018310547,178.19000244140625,175.02999877929688,176.5500030517578,160.8950653076172,5677200,0.0,0.0
2023-05-31,174.77999877929688,175.8000030517578,173.16000366210938,173.8800048828125,158.46182250976562,8534000,0.0,0.0
2023-06-01,175.8699951171875,176.4499969482422,172.89999389648438,175.80999755859375,160.22067260742188,3955400,0.0,0.0
2023-06-02,176.5,176.6300048828125,174.10000610351562,175.22999572753906,159.692138671875,4788000,0.0,0.0
2023-06-05,175.19000244140625,175.19000244140625,169.77000427246094,170.25999450683594,155.16278076171875,5520400,0.0,0.0
2023-06-06,169.39999389648438,171.5399932861328,168.89999389648438,170.36000061035156,155.2539520263672,4032400,0.0,0.0
2023-06-07,171.1699981689453,173.7899932861328,170.4499969482422,172.0,156.74853515625,4422700,0.0,0.0
2023-06-08,173.07000732421875,173.83999633789062,171.4199981689453,172.22999572753906,156.95814514160156,3343700,0.0,0.0
2023-06-09,173.42999267578125,173.82000732421875,169.47999572753906,170.58999633789062,155.4635467529297,4179000,0.0,0.0
2023-06-12,171.52999877929688,174.27999877929688,171.3800048828125,174.0399932861328,158.60763549804688,4709300,0.0,0.0
2023-06-13,176.55999755859375,178.30999755859375,174.32000732421875,177.41000366210938,161.67881774902344,5408100,0.0,0.0
2023-06-14,175.82000732421875,178.27000427246094,174.7899932861328,177.1199951171875,161.41452026367188,4748400,0.0,0.0
2023-06-15,176.24000549316406,179.39999389648438,175.88999938964844,178.08999633789062,162.2985076904297,4224100,0.0,0.0
2023-06-16,179.4499969482422,179.8300018310547,176.25999450683594,176.75999450683594,161.08645629882812,10374500,0.0,0.0
2023-06-20,174.94000244140625,177.02999877929688,173.42999267578125,174.36000061035156,158.89923095703125,3516000,0.0,0.0
2023-06-21,172.5,173.60000610351562,170.3800048828125,170.47999572753906,155.36329650878906,4034300,0.0,0.0
2023-06-22,170.0,172.66000366210938,169.80999755859375,172.6300048828125,157.3226776123047,3607800,0.0,0.0
2023-06-23,169.91000366210938,170.27999877929688,167.1999969482422,167.67999267578125,152.8115692138672,8541600,0.0,0.0
2023-06-26,168.49000549316406,170.97999572753906,168.02000427246094,168.75,153.7866973876953,4899600,0.0,0.0
2023-06-27,169.8300018310547,176.57000732421875,169.49000549316406,176.30999755859375,160.6763153076172,6257800,0.0,0.0
2023-06-28,174.64999389648438,176.3800048828125,174.27999877929688,174.9600067138672,159.44606018066406,3425300,0.0,0.0
2023-06-29,175.92999267578125,177.0399932861328,174.41000366210938,176.7899932861328,161.11376953125,3704700,0.0,0.0
2023-06-30,178.8800048828125,180.5399932861328,178.3300018310547,180.02000427246094,164.057373046875,6004400,0.0,0.0
2023-07-03,180.1699981689453,181.1999969482422,177.6199951171875,179.75999450683594,163.82041931152344,2007600,0.0,0.0
2023-07-05,178.8000030517578,178.86000061035156,176.4499969482422,176.52999877929688,160.8768310546875,3729100,0.0,0.0
2023-07-06,173.6999969482422,175.47999572753906,173.0800018310547,174.82000732421875,159.3184814453125,4555100,0.0,0.0
2023-07-07,174.11000061035156,177.07000732421875,173.5800018310547,173.6999969482422,158.29779052734375,4585400,0.0,0.0
2023-07-10,174.5800018310547,179.72999572753906,174.55999755859375,179.44000244140625,163.52880859375,5563200,0.0,0.0
2023-07-11,179.8300018310547,179.97000122070312,176.85000610351562,178.82000732421875,162.9637908935547,2755800,0.0,0.0
2023-07-12,181.00999450683594,182.89999389648438,180.00999450683594,182.3699951171875,166.19900512695312,5708600,0.0,0.0
2023-07-13,183.5,184.00999450683594,181.75,183.1199951171875,166.8824920654297,4441200,0.0,0.0
2023-07-14,181.61000061035156,183.02999877929688,180.3300018310547,180.85000610351562,164.8137969970703,3701300,0.0,0.0
2023-07-17,179.2899932861328,184.25999450683594,178.72000122070312,183.39999389648438,167.13766479492188,3918500,0.0,0.0
2023-07-18,182.44000244140625,184.1999969482422,181.0,183.67999267578125,167.39283752441406,3040500,0.0,0.0
2023-07-19,183.58999633789062,184.67999267578125,183.02999877929688,183.6699981689453,167.3837127685547,3686000,0.0,0.0
2023-07-20,180.64999389648438,182.1699981689453,179.27999877929688,179.9199981689453,163.96624755859375,7154600,0.0,0.0
2023-07-21,182.0,185.57000732421875,181.36000061035156,184.32000732421875,167.97610473632812,17251600,0.0,0.0
2023-07-24,184.5800018310547,185.75,183.3000030517578,183.88999938964844,167.58421325683594,4318500,0.0,0.0
2023-07-25,185.0,188.1199951171875,184.8000030517578,186.0800018310547,169.58001708984375,6267800,0.0,0.0
2023-07-26,176.88999938964844,177.6999969482422,174.2100067138672,176.0,160.3938751220703,11905100,0.0,0.0
2023-07-27,178.30999755859375,181.13999938964844,176.24000549316406,177.72000122070312,161.96133422851562,8300400,0.0,0.0
2023-07-28,178.5,179.52999877929688,176.92999267578125,178.3699951171875,163.69583129882812,7540400,1.24,0.0
2023-07-31,178.50999450683594,180.39999389648438,178.3300018310547,180.0,165.19174194335938,4065200,0.0,0.0
2023-08-01,179.0,179.47000122070312,177.69000244140625,178.3699951171875,163.69583129882812,4028700,0.0,0.0
2023-08-02,176.25,176.67999267578125,171.7100067138672,172.44000244140625,158.25367736816406,6914500,0.0,0.0
2023-08-03,170.4499969482422,172.25999450683594,169.63999938964844,171.8000030517578,157.6663360595703,4515200,0.0,0.0
2023-08-04,169.60000610351562,170.8800048828125,167.11000061035156,168.44000244140625,154.582763671875,6052800,0.0,0.0
2023-08-07,169.3699951171875,169.82000732421875,166.94000244140625,168.9600067138672,155.05996704101562,4315700,0.0,0.0
2023-08-08,167.3000030517578,167.4199981689453,164.42999267578125,166.72999572753906,153.01341247558594,4628000,0.0,0.0
2023-08-09,166.72000122070312,168.97999572753906,166.3699951171875,167.27000427246094,153.509033203125,4701400,0.0,0.0
2023-08-10,168.64999389648438,170.5399932861328,166.92999267578125,167.55999755859375,153.77513122558594,4975300,0.0,0.0
2023-08-11,165.7899932861328,166.3699951171875,164.63999938964844,166.1999969482422,152.5270233154297,5454800,0.0,0.0
2023-08-14,166.1999969482422,170.61000061035156,165.6999969482422,170.47999572753906,156.45492553710938,5933600,0.0,0.0
2023-08-15,169.77000427246094,170.16000366210938,167.6199951171875,168.16000366210938,154.32577514648438,3920900,0.0,0.0
2023-08-16,167.58999633789062,168.57000732421875,165.3000030517578,165.72000122070312,152.08651733398438,4558400,0.0,0.0
2023-08-17,165.72000122070312,167.16000366210938,165.22000122070312,165.75999450683594,152.1232147216797,3987800,0.0,0.0
2023-08-18,164.57000732421875,166.83999633789062,164.1699981689453,166.49000549316406,152.79318237304688,4456000,0.0,0.0
2023-08-21,166.72999572753906,168.5800018310547,166.08999633789062,167.9499969482422,154.133056640625,3941800,0.0,0.0
2023-08-22,169.6300048828125,169.6300048828125,166.14999389648438,167.11000061035156,153.36216735839844,3035600,0.0,0.0
2023-08-23,163.92999267578125,170.5,163.92999267578125,169.8300018310547,155.85842895507812,4152900,0.0,0.0
2023-08-24,171.47999572753906,171.47999572753906,165.39999389648438,165.58999633789062,151.96725463867188,6003200,0.0,0.0
2023-08-25,166.49000549316406,168.4600067138672,164.6999969482422,167.80999755859375,154.0045928955078,3947500,0.0,0.0
2023-08-28,169.22000122070312,169.9199981689453,167.5800018310547,168.6999969482422,154.8213653564453,3995100,0.0,0.0
2023-08-29,168.0800018310547,171.25999450683594,167.74000549316406,170.69000244140625,156.64767456054688,3981700,0.0,0.0
2023-08-30,166.52000427246094,170.27000427246094,165.32000732421875,169.22999572753906,155.30776977539062,5120400,0.0,0.0
2023-08-31,168.82000732421875,170.3000030517578,168.0,168.05999755859375,154.23399353027344,6026500,0.0,0.0
2023-09-01,169.97999572753906,170.02000427246094,168.52999877929688,169.8300018310547,155.85842895507812,2611200,0.0,0.0
2023-09-05,169.0800018310547,170.89999389648438,168.22000122070312,169.74000549316406,155.77581787109375,2882200,0.0,0.0
2023-09-06,169.6999969482422,170.02999877929688,166.89999389648438,168.0500030517578,154.22486877441406,4244000,0.0,0.0
2023-09-07,165.77000427246094,166.3800048828125,163.97000122070312,164.7100067138672,151.15960693359375,6272100,0.0,0.0
2023-09-08,165.11000061035156,165.41000366210938,163.82000732421875,164.66000366210938,151.11375427246094,3301100,0.0,0.0
2023-09-11,166.52000427246094,166.69000244140625,164.10000610351562,165.83999633789062,152.19662475585938,3191900,0.0,0.0
2023-09-12,164.6699981689453,166.08999633789062,163.42999267578125,163.49000549316406,150.03997802734375,3739900,0.0,0.0
2023-09-13,163.91000366210938,165.5399932861328,163.52999877929688,164.36000061035156,150.83840942382812,3331900,0.0,0.0
2023-09-14,166.4199981689453,166.63999938964844,163.63999938964844,166.0500030517578,152.38937377929688,4071600,0.0,0.0
2023-09-15,166.2100067138672,166.5,162.42999267578125,162.6199951171875,149.24156188964844,9427900,0.0,0.0
2023-09-18,162.0,163.58999633789062,161.75999450683594,162.8300018310547,149.43426513671875,3180100,0.0,0.0
2023-09-19,162.4600067138672,163.50999450683594,161.41000366210938,163.13999938964844,149.71878051757812,3244400,0.0,0.0
2023-09-20,163.97999572753906,164.5800018310547,161.0,162.10000610351562,148.76434326171875,5035700,0.0,0.0
2023-09-21,160.38999938964844,162.89999389648438,160.35000610351562,160.39999389648438,147.2041778564453,4492700,0.0,0.0
2023-09-22,161.82000732421875,162.0500030517578,160.2100067138672,160.30999755859375,147.12159729003906,3715300,0.0,0.0
2023-09-25,159.9499969482422,160.9199981689453,159.22999572753906,160.89999389648438,147.6630401611328,3107600,0.0,0.0
2023-09-26,159.61000061035156,159.72000122070312,157.3699951171875,157.9600067138672,144.9649200439453,4164000,0.0,0.0
2023-09-27,159.25,159.50999450683594,155.88999938964844,158.13999938964844,145.130126953125,4232000,0.0,0.0
2023-09-28,158.13999938964844,161.3800048828125,158.07000732421875,159.08999633789062,146.00196838378906,4271400,0.0,0.0
2023-09-29,160.83999633789062,161.16000366210938,158.30999755859375,159.00999450683594,145.9285125732422,3664600,0.0,0.0
2023-10-02,159.50999450683594,160.63999938964844,157.8300018310547,159.9499969482422,146.79119873046875,2922300,0.0,0.0
2023-10-03,158.11000061035156,160.39999389648438,156.33999633789062,157.25,144.31332397460938,3510700,0.0,0.0
2023-10-04,157.66000366210938,158.47999572753906,156.49000549316406,157.97000122070312,144.97410583496094,4129900,0.0,0.0
2023-10-05,158.4600067138672,159.16000366210938,154.77999877929688,155.11000061035156,142.34939575195312,4389200,0.0,0.0
2023-10-06,154.27000427246094,158.10000610351562,153.55999755859375,157.0,144.0839080810547,5016200,0.0,0.0
2023-10-09,155.8300018310547,156.83999633789062,154.6999969482422,156.72000122070312,143.82696533203125,2747000,0.0,0.0
2023-10-10,156.72000122070312,159.22000122070312,156.27999877929688,157.66000366210938,144.68959045410156,3657400,0.0,0.0
2023-10-11,156.32000732421875,158.27000427246094,155.74000549316406,157.3300018310547,144.3867645263672,4452400,0.0,0.0
2023-10-12,158.0399932861328,158.27000427246094,154.22999572753906,155.0,142.24844360351562,5643300,0.0,0.0
2023-10-13,155.32000732421875,155.47999572753906,152.1999969482422,152.75,140.18350219726562,4319100,0.0,0.0
2023-10-16,153.36000061035156,154.72999572753906,153.08999633789062,154.3000030517578,141.60601806640625,4872200,0.0,0.0
2023-10-17,152.82000732421875,154.91000366210938,151.88999938964844,154.25999450683594,141.56932067871094,5098900,0.0,0.0
2023-10-18,152.9199981689453,154.02999877929688,151.4499969482422,151.82000732421875,139.33006286621094,4837500,0.0,0.0
2023-10-19,152.83999633789062,153.4600067138672,150.47000122070312,150.94000244140625,138.5224609375,6041100,0.0,0.0
2023-10-20,151.4199981689453,151.80999755859375,147.61000061035156,147.80999755859375,135.6499481201172,5391500,0.0,0.0
2023-10-23,147.27999877929688,148.67999267578125,146.00999450683594,146.32000732421875,134.2825164794922,5398200,0.0,0.0
2023-10-24,146.83999633789062,147.61000061035156,145.9499969482422,146.9199981689453,134.83316040039062,7024400,0.0,0.0
2023-10-25,141.4199981689453,144.58999633789062,140.1300048828125,141.7899932861328,130.1251983642578,12349200,0.0,0.0
2023-10-26,142.1699981689453,146.6300048828125,142.00999450683594,144.00999450683594,132.1625518798828,7888800,0.0,0.0
2023-10-27,144.8800048828125,145.08999633789062,142.35000610351562,143.1199951171875,131.34576416015625,5327500,0.0,0.0
2023-10-30,140.8699951171875,141.41000366210938,139.47999572753906,140.5,130.12327575683594,6640800,1.3,0.0
2023-10-31,140.8000030517578,143.0399932861328,140.02999877929688,142.00999450683594,131.52175903320312,6570300,0.0,0.0
2023-11-01,142.63999938964844,143.30999755859375,140.82000732421875,143.1699981689453,132.59608459472656,7503200,0.0,0.0
2023-11-02,144.94000244140625,147.80999755859375,144.5,147.30999755859375,136.4303436279297,6297900,0.0,0.0
2023-11-03,149.3000030517578,151.58999633789062,149.0800018310547,150.22999572753906,139.13465881347656,5818700,0.0,0.0
2023-11-06,149.5800018310547,150.1999969482422,146.61000061035156,147.5,136.6062774658203,6601400,0.0,0.0
2023-11-07,146.8000030517578,147.24000549316406,145.50999450683594,146.58999633789062,135.7634735107422,5193000,0.0,0.0
2023-11-08,146.44000244140625,146.8300018310547,144.47000122070312,145.22000122070312,134.4946746826172,6901400,0.0,0.0
2023-11-09,145.92999267578125,146.5,143.1699981689453,143.27000427246094,132.688720703125,7061200,0.0,0.0
2023-11-10,144.99000549316406,147.5800018310547,143.0800018310547,147.19000244140625,136.31918334960938,7214700,0.0,0.0
2023-11-13,146.22999572753906,146.41000366210938,145.19000244140625,145.8699951171875,135.09664916992188,4345400,0.0,0.0
2023-11-14,150.22000122070312,151.10000610351562,148.91000366210938,149.92999267578125,138.8568115234375,7051600,0.0,0.0
2023-11-15,151.00999450683594,153.63999938964844,150.14999389648438,151.8699951171875,140.65354919433594,5957000,0.0,0.0
2023-11-16,151.9600067138672,152.99000549316406,150.80999755859375,151.88999938964844,140.67205810546875,5599400,0.0,0.0
2023-11-17,152.3000030517578,155.5,151.89999389648438,154.6199951171875,143.200439453125,7524200,0.0,0.0
2023-11-20,154.02000427246094,156.27999877929688,153.9499969482422,155.5399932861328,144.052490234375,5836900,0.0,0.0
2023-11-21,154.66000366210938,154.66000366210938,152.47000122070312,153.42999267578125,142.09832763671875,3877600,0.0,0.0
2023-11-22,154.5,156.16000366210938,153.27999877929688,153.92999267578125,142.56138610839844,3159800,0.0,0.0
2023-11-24,154.32000732421875,154.42999267578125,153.16000366210938,153.58999633789062,142.24649047851562,1604800,0.0,0.0
2023-11-27,152.57000732421875,153.35000610351562,151.39999389648438,152.60000610351562,141.32962036132812,4130700,0.0,0.0
2023-11-28,152.11000061035156,153.02999877929688,151.4199981689453,152.89999389648438,141.60745239257812,3883800,0.0,0.0
2023-11-29,154.8000030517578,155.85000610351562,152.9499969482422,153.1999969482422,141.88531494140625,3647100,0.0,0.0
2023-11-30,154.67999267578125,154.7100067138672,151.27000427246094,152.7100067138672,141.43148803710938,6641400,0.0,0.0
2023-12-01,153.11000061035156,155.30999755859375,151.91000366210938,155.2100067138672,143.74684143066406,4095500,0.0,0.0
2023-12-04,154.5800018310547,157.5399932861328,154.02000427246094,157.4199981689453,145.7936553955078,6572000,0.0,0.0
2023-12-05,156.4600067138672,157.74000549316406,154.83999633789062,157.25,145.63621520996094,4935600,0.0,0.0
2023-12-06,159.1300048828125,159.61000061035156,155.9499969482422,156.0500030517578,144.52481079101562,4952200,0.0,0.0
2023-12-07,156.83999633789062,158.69000244140625,154.67999267578125,157.67999267578125,146.034423828125,6495400,0.0,0.0
2023-12-08,157.2899932861328,158.32000732421875,156.2899932861328,157.02999877929688,145.43246459960938,4732100,0.0,0.0
2023-12-11,158.57000732421875,161.22999572753906,157.99000549316406,159.97000122070312,148.15528869628906,7585500,0.0,0.0
2023-12-12,159.89999389648438,159.89999389648438,157.44000244140625,157.9199981689453,146.25669860839844,4714400,0.0,0.0
2023-12-13,158.02000427246094,162.27999877929688,157.9600067138672,161.80999755859375,149.8594207763672,5940900,0.0,0.0
2023-12-14,163.6699981689453,169.22000122070312,163.16000366210938,168.77999877929688,156.31463623046875,11428500,0.0,0.0
2023-12-15,170.2100067138672,171.08999633789062,167.74000549316406,168.63999938964844,156.18495178222656,16337400,0.0,0.0
2023-12-18,168.4499969482422,168.97000122070312,165.86000061035156,167.4199981689453,155.05506896972656,5015200,0.0,0.0
2023-12-19,168.25999450683594,168.89999389648438,167.0800018310547,168.5,156.05531311035156,4379400,0.0,0.0
2023-12-20,168.0500030517578,168.58999633789062,165.07000732421875,165.17999267578125,152.98049926757812,5098700,0.0,0.0
2023-12-21,166.77999877929688,167.57000732421875,165.6699981689453,166.80999755859375,154.49012756347656,4040100,0.0,0.0
2023-12-22,167.25999450683594,168.9199981689453,166.82000732421875,168.24000549316406,155.8145294189453,3492400,0.0,0.0
2023-12-26,168.94000244140625,171.52999877929688,168.4499969482422,170.80999755859375,158.19468688964844,3202200,0.0,0.0
2023-12-27,171.22000122070312,171.6199951171875,170.3300018310547,171.22999572753906,158.58367919921875,3264900,0.0,0.0
2023-12-28,172.0,172.30999755859375,170.7100067138672,171.72000122070312,159.03750610351562,3023000,0.0,0.0
2023-12-29,171.5399932861328,171.6999969482422,169.9199981689453,170.4600067138672,157.87057495117188,2920600,0.0,0.0
2024-01-02,168.85000610351562,169.92999267578125,167.41000366210938,169.25999450683594,156.75917053222656,5652500,0.0,0.0
2024-01-03,167.99000549316406,168.5,166.2100067138672,166.74000549316406,154.42530822753906,5874900,0.0,0.0
2024-01-04,162.5,165.7100067138672,162.39999389648438,164.47000122070312,152.3229522705078,6445700,0.0,0.0
2024-01-05,164.89999389648438,166.22999572753906,164.14999389648438,165.10000610351562,152.90643310546875,3087200,0.0,0.0
2024-01-08,165.2100067138672,168.6699981689453,164.60000610351562,168.5399932861328,156.0923614501953,5717500,0.0,0.0
2024-01-09,166.0,170.52000427246094,166.0,168.6300048828125,156.1757049560547,5018500,0.0,0.0
2024-01-10,168.5,168.52000427246094,165.11000061035156,167.25,154.89764404296875,4045200,0.0,0.0
2024-01-11,167.16000366210938,167.8800048828125,165.02999877929688,165.60000610351562,153.36947631835938,5635600,0.0,0.0
2024-01-12,166.66000366210938,167.2100067138672,163.88999938964844,164.8699951171875,152.69338989257812,4205000,0.0,0.0
2024-01-16,164.39999389648438,165.47999572753906,162.60000610351562,163.8800048828125,151.77651977539062,6682800,0.0,0.0
2024-01-17,162.55999755859375,162.9199981689453,160.2899932861328,162.4199981689453,150.4243621826172,4079000,0.0,0.0
2024-01-18,164.6699981689453,167.3800048828125,163.17999267578125,166.91000366210938,154.58274841308594,6583700,0.0,0.0
2024-01-19,170.89999389648438,175.16000366210938,170.24000549316406,173.64999389648438,160.824951171875,13345800,0.0,0.0
2024-01-22,174.0,176.64999389648438,173.6199951171875,174.8300018310547,161.91778564453125,6850700,0.0,0.0
2024-01-23,174.83999633789062,176.57000732421875,174.25999450683594,174.33999633789062,161.4639892578125,9459400,0.0,0.0
2024-01-24,171.2899932861328,172.89999389648438,168.5399932861328,170.07000732421875,157.50936889648438,15100400,0.0,0.0
2024-01-25,171.05999755859375,171.52999877929688,166.8300018310547,167.4199981689453,155.05506896972656,7088200,0.0,0.0
2024-01-26,166.1999969482422,166.1999969482422,163.27999877929688,164.08999633789062,151.97100830078125,8800900,0.0,0.0
2024-01-29,164.0800018310547,166.32000732421875,163.42999267578125,166.0399932861328,153.77700805664062,6076600,0.0,0.0
2024-01-30,162.89999389648438,163.77999877929688,161.5399932861328,162.0500030517578,151.26600646972656,4897600,1.3,0.0
2024-01-31,160.41000366210938,163.1699981689453,159.32000732421875,160.1199951171875,149.46444702148438,8665200,0.0,0.0
2024-02-01,159.22000122070312,159.8699951171875,156.66000366210938,159.69000244140625,149.0630645751953,6542100,0.0,0.0
2024-02-02,158.3800048828125,159.8000030517578,157.77000427246094,159.1999969482422,148.6056671142578,4922400,0.0,0.0
2024-02-05,159.99000549316406,159.99000549316406,157.58999633789062,158.89999389648438,148.32562255859375,4190100,0.0,0.0
2024-02-06,159.1699981689453,159.6999969482422,157.3300018310547,158.3699951171875,147.83090209960938,4139800,0.0,0.0
2024-02-07,159.92999267578125,160.2899932861328,158.22999572753906,158.77000427246094,148.2042694091797,4627900,0.0,0.0
2024-02-08,159.30999755859375,161.05999755859375,158.77999877929688,160.2100067138672,149.54843139648438,3487700,0.0,0.0
2024-02-09,161.27999877929688,162.47999572753906,160.6300048828125,162.39999389648438,151.59271240234375,3919500,0.0,0.0
2024-02-12,162.39999389648438,162.83999633789062,161.0500030517578,161.0800018310547,150.3605499267578,3853000,0.0,0.0
2024-02-13,158.25999450683594,159.4199981689453,155.4600067138672,156.85000610351562,146.41204833984375,5357900,0.0,0.0
2024-02-14,157.85000610351562,159.0399932861328,156.57000732421875,157.8699951171875,147.3641815185547,4528000,0.0,0.0
2024-02-15,158.89999389648438,161.27000427246094,158.89999389648438,160.7100067138672,150.0152130126953,3725300,0.0,0.0
2024-02-16,160.35000610351562,162.14999389648438,159.42999267578125,160.3800048828125,149.7071533203125,3167600,0.0,0.0
2024-02-20,159.3699951171875,162.91000366210938,159.25999450683594,162.74000549316406,151.9100799560547,5406200,0.0,0.0
2024-02-21,162.52000427246094,164.1199951171875,161.5,164.0800018310547,153.16090393066406,4530000,0.0,0.0
2024-02-22,164.89999389648438,166.1199951171875,163.49000549316406,165.42999267578125,154.42108154296875,5041200,0.0,0.0
2024-02-23,165.8300018310547,166.0,163.6300048828125,163.69000244140625,152.79685974121094,3479100,0.0,0.0
2024-02-26,164.6199951171875,165.50999450683594,163.77999877929688,164.3000030517578,153.3662872314453,5251300,0.0,0.0
2024-02-27,164.5800018310547,165.66000366210938,164.25,164.94000244140625,153.9636993408203,2886600,0.0,0.0
2024-02-28,163.5,163.8800048828125,162.3800048828125,163.0399932861328,152.1901397705078,2933000,0.0,0.0
2024-02-29,164.89999389648438,167.91000366210938,164.27999877929688,167.3300018310547,156.1946563720703,7267200,0.0,0.0
2024-03-01,167.5500030517578,172.08999633789062,167.32000732421875,171.0500030517578,159.66709899902344,5233700,0.0,0.0
2024-03-04,172.5,173.0500030517578,170.86000061035156,172.44000244140625,160.96456909179688,4401600,0.0,0.0
2024-03-05,171.36000061035156,172.72000122070312,169.27999877929688,170.63999938964844,159.2843780517578,6215600,0.0,0.0
2024-03-06,173.11000061035156,175.7899932861328,170.67999267578125,171.8699951171875,160.43251037597656,6312700,0.0,0.0
2024-03-07,172.27999877929688,177.75,172.27999877929688,175.27000427246094,163.60626220703125,5980400,0.0,0.0
2024-03-08,175.4600067138672,175.5800018310547,172.27000427246094,172.3000030517578,160.83392333984375,5632600,0.0,0.0
2024-03-11,172.27999877929688,174.27999877929688,171.52999877929688,174.19000244140625,162.59811401367188,4207300,0.0,0.0
2024-03-12,175.99000549316406,176.35000610351562,173.22999572753906,174.8000030517578,163.16754150390625,5802600,0.0,0.0
2024-03-13,173.88999938964844,174.2899932861328,171.2100067138672,172.67999267578125,161.18858337402344,5199500,0.0,0.0
2024-03-14,173.30999755859375,173.6300048828125,169.8000030517578,171.13999938964844,159.75111389160156,5028200,0.0,0.0
2024-03-15,169.60000610351562,173.02999877929688,168.69000244140625,172.52000427246094,161.03929138183594,19078800,0.0,0.0
2024-03-18,174.5399932861328,174.7899932861328,169.05999755859375,169.2100067138672,157.94952392578125,5213800,0.0,0.0
2024-03-19,167.67999267578125,168.30999755859375,165.97999572753906,166.75999450683594,155.66258239746094,5640000,0.0,0.0
2024-03-20,167.0800018310547,170.13999938964844,166.27000427246094,169.97999572753906,158.66827392578125,4404600,0.0,0.0
2024-03-21,172.8300018310547,174.7899932861328,171.72000122070312,172.58999633789062,161.10458374023438,4371600,0.0,0.0
2024-03-22,171.72999572753906,173.72999572753906,171.25999450683594,172.47999572753906,161.0019073486328,4177200,0.0,0.0
2024-03-25,170.8300018310547,172.3300018310547,170.61000061035156,170.85000610351562,159.48037719726562,3298600,0.0,0.0
2024-03-26,171.44000244140625,171.86000061035156,167.50999450683594,167.91000366210938,156.7360382080078,5898300,0.0,0.0
2024-03-27,169.0,172.9199981689453,168.8300018310547,172.8699951171875,161.36595153808594,4272300,0.0,0.0
2024-03-28,173.47999572753906,175.85000610351562,173.3300018310547,174.2100067138672,162.61680603027344,4417800,0.0,0.0
2024-04-01,174.1199951171875,175.91000366210938,172.86000061035156,173.1699981689453,161.64598083496094,2303200,0.0,0.0
2024-04-02,172.35000610351562,172.35000610351562,169.60000610351562,170.36000061035156,159.0229949951172,3304500,0.0,0.0
2024-04-03,169.5800018310547,170.88999938964844,167.88999938964844,170.33999633789062,159.00433349609375,3295800,0.0,0.0
2024-04-04,171.77000427246094,173.0,168.10000610351562,168.52999877929688,157.31478881835938,7491300,0.0,0.0
2024-04-05,168.57000732421875,169.25,167.13999938964844,167.5,156.3533172607422,5012300,0.0,0.0
2024-04-08,167.61000061035156,170.2899932861328,167.25999450683594,169.4600067138672,158.18287658691406,3154000,0.0,0.0
2024-04-09,171.0,173.52000427246094,170.1300048828125,173.4600067138672,161.91671752929688,4830700,0.0,0.0
2024-04-10,169.8699951171875,170.41000366210938,167.89999389648438,168.9199981689453,157.67884826660156,5662800,0.0,0.0
2024-04-11,169.89999389648438,171.85000610351562,168.1300048828125,171.1999969482422,159.80712890625,4352100,0.0,0.0
2024-04-12,168.4199981689453,169.42999267578125,165.77000427246094,166.3300018310547,155.2611846923828,5473600,0.0,0.0
2024-04-15,168.2899932861328,169.33999633789062,165.32000732421875,166.35000610351562,155.2798614501953,4739500,0.0,0.0
2024-04-16,167.47999572753906,168.52000427246094,166.82000732421875,167.58999633789062,156.43734741210938,3389000,0.0,0.0
2024-04-17,168.3800048828125,168.97999572753906,165.5,165.6999969482422,154.67311096191406,4564900,0.0,0.0
2024-04-18,163.67999267578125,164.67999267578125,161.5500030517578,163.6699981689453,152.77821350097656,5605500,0.0,0.0
2024-04-19,163.0800018310547,164.4199981689453,159.11000061035156,159.67999267578125,149.05374145507812,10497600,0.0,0.0
2024-04-22,160.25999450683594,164.13999938964844,160.0500030517578,163.42999267578125,152.5541534423828,5942400,0.0,0.0
2024-04-23,163.0399932861328,166.89999389648438,162.4600067138672,165.47000122070312,154.45843505859375,6833600,0.0,0.0
2024-04-24,178.22999572753906,179.49000549316406,173.61000061035156,174.80999755859375,163.17684936523438,13965900,0.0,0.0
2024-04-25,176.07000732421875,177.0500030517578,172.25999450683594,175.25,163.58758544921875,9130800,0.0,0.0
2024-04-26,175.25,178.3000030517578,175.0,177.47999572753906,165.669189453125,5401900,0.0,0.0
2024-04-29,177.47999572753906,179.7899932861328,177.30999755859375,179.2899932861328,167.35873413085938,4191500,0.0,0.0
2024-04-30,178.4199981689453,179.24000549316406,176.30999755859375,176.4199981689453,164.67971801757812,6444300,0.0,0.0
2024-05-01,175.83999633789062,178.7100067138672,174.39999389648438,175.1999969482422,163.54090881347656,7167700,0.0,0.0
2024-05-02,179.80999755859375,179.80999755859375,173.64999389648438,175.8000030517578,164.1009979248047,4838300,0.0,0.0
2024-05-03,177.49000549316406,179.67999267578125,177.42999267578125,178.91000366210938,167.0040283203125,4545100,0.0,0.0
2024-05-06,179.89999389648438,181.88999938964844,179.27000427246094,181.6699981689453,169.58033752441406,4127400,0.0,0.0
2024-05-07,181.8699951171875,183.58999633789062,181.6699981689453,182.6699981689453,171.74278259277344,5152700,1.3,0.0
2024-05-08,181.75999450683594,184.07000732421875,181.49000549316406,183.9499969482422,172.94618225097656,4220900,0.0,0.0
2024-05-09,184.0,185.75,183.66000366210938,185.32000732421875,174.23423767089844,5843300,0.0,0.0
2024-05-10,185.8800048828125,187.35000610351562,185.72999572753906,187.0500030517578,175.8607635498047,5606800,0.0,0.0
2024-05-13,187.0,188.3800048828125,186.6699981689453,187.82000732421875,176.58468627929688,3686300,0.0,0.0
2024-05-14,187.44000244140625,191.4600067138672,187.10000610351562,191.1300048828125,179.6967010498047,4917500,0.0,0.0
2024-05-15,192.5800018310547,195.61000061035156,191.88999938964844,195.52999877929688,183.83346557617188,5936800,0.0,0.0
2024-05-16,192.60000610351562,195.8699951171875,192.58999633789062,194.97000122070312,183.30699157714844,5371800,0.0,0.0
2024-05-17,195.0,196.5500030517578,193.8300018310547,195.02000427246094,183.35398864746094,4534200,0.0,0.0
2024-05-20,195.02000427246094,199.27000427246094,194.5,199.1999969482422,187.283935546875,5282800,0.0,0.0
2024-05-21,197.1699981689453,199.3000030517578,196.83999633789062,199.00999450683594,187.1053009033203,5489100,0.0,0.0
2024-05-22,199.97000122070312,203.6199951171875,199.64999389648438,202.5399932861328,190.4241485595703,9119000,0.0,0.0
2024-05-23,202.60000610351562,202.9499969482422,196.83999633789062,197.2899932861328,185.48818969726562,7125400,0.0,0.0
2024-05-24,198.8300018310547,199.77000427246094,197.75,199.17999267578125,187.26512145996094,4354100,0.0,0.0
2024-05-28,206.0,206.0,197.91000366210938,199.60000610351562,187.6600341796875,8661000,0.0,0.0
2024-05-29,196.66000366210938,197.66000366210938,194.75999450683594,194.91000366210938,183.25059509277344,5607800,0.0,0.0
2024-05-30,195.4499969482422,195.92999267578125,193.75,195.67999267578125,183.97451782226562,5213500,0.0,0.0
2024-05-31,195.3699951171875,196.69000244140625,190.25999450683594,195.00999450683594,183.3446044921875,9137300,0.0,0.0
2024-06-03,196.3699951171875,196.6300048828125,191.6999969482422,193.72000122070312,182.13177490234375,4153500,0.0,0.0
2024-06-04,193.30999755859375,194.42999267578125,192.05999755859375,193.3000030517578,181.7368927001953,7221600,0.0,0.0
2024-06-05,194.77999877929688,196.22000122070312,193.5399932861328,196.0800018310547,184.35060119628906,5988600,0.0,0.0
2024-06-06,195.97999572753906,196.63999938964844,194.52000427246094,196.24000549316406,184.50100708007812,3905500,0.0,0.0
2024-06-07,195.9499969482422,197.38999938964844,194.77999877929688,195.61000061035156,183.90872192382812,3308400,0.0,0.0
2024-06-10,194.17999267578125,197.8000030517578,194.0,197.6199951171875,185.7984619140625,4202400,0.0,0.0
2024-06-11,197.14999389648438,197.83999633789062,194.47999572753906,197.44000244140625,185.6292266845703,4193200,0.0,0.0
2024-06-12,199.47000122070312,201.2899932861328,197.3699951171875,198.97999572753906,187.07711791992188,4655700,0.0,0.0
2024-06-13,195.0,197.44000244140625,194.86000061035156,196.27999877929688,184.53860473632812,3409900,0.0,0.0
2024-06-14,193.83999633789062,195.6300048828125,193.07000732421875,193.89999389648438,182.30099487304688,3479100,0.0,0.0
2024-06-17,193.1699981689453,195.19000244140625,192.1699981689453,194.89999389648438,183.2411651611328,3804900,0.0,0.0
2024-06-18,195.24000549316406,196.7899932861328,194.22999572753906,196.25,184.5104217529297,3036900,0.0,0.0
2024-06-20,194.5,194.5,192.17999267578125,192.75999450683594,181.22918701171875,5464900,0.0,0.0
2024-06-21,194.99000549316406,197.47999572753906,193.72000122070312,195.52999877929688,183.83346557617188,12516800,0.0,0.0
2024-06-24,195.5800018310547,196.55999755859375,193.35000610351562,193.91000366210938,182.31039428710938,3655700,0.0,0.0
2024-06-25,194.94000244140625,194.94000244140625,192.82000732421875,194.47000122070312,182.83689880371094,3456400,0.0,0.0
2024-06-26,193.80999755859375,194.99000549316406,192.17999267578125,193.10000610351562,181.54884338378906,3301000,0.0,0.0
2024-06-27,192.6699981689453,193.89999389648438,191.8000030517578,193.42999267578125,181.85910034179688,3874500,0.0,0.0
2024-06-28,194.14999389648438,197.88999938964844,193.5,194.52999877929688,182.89329528808594,8861000,0.0,0.0
2024-07-01,193.6300048828125,194.97999572753906,192.74000549316406,194.60000610351562,182.95913696289062,2873600,0.0,0.0
2024-07-02,194.99000549316406,199.0500030517578,194.4499969482422,198.4199981689453,186.5506134033203,4168700,0.0,0.0
2024-07-03,198.1300048828125,199.57000732421875,196.10000610351562,198.94000244140625,187.03952026367188,2454800,0.0,0.0
2024-07-05,200.0,200.14999389648438,197.24000549316406,198.7899932861328,186.89846801757812,2887900,0.0,0.0
2024-07-08,200.00999450683594,201.7100067138672,199.39999389648438,201.47000122070312,189.41815185546875,3927100,0.0,0.0
2024-07-09,202.39999389648438,202.39999389648438,199.0800018310547,200.16000366210938,188.1865234375,3742300,0.0,0.0
2024-07-10,201.30999755859375,203.77999877929688,201.0,203.6199951171875,191.43955993652344,4559500,0.0,0.0
2024-07-11,203.80999755859375,204.0,199.8800048828125,199.99000549316406,188.02670288085938,5585400,0.0,0.0
2024-07-12,202.1199951171875,205.2899932861328,201.30999755859375,201.8699951171875,189.7942352294922,3683800,0.0,0.0
2024-07-15,201.86000061035156,203.0800018310547,200.8300018310547,201.75999450683594,189.69082641601562,3089500,0.0,0.0
2024-07-16,203.47999572753906,206.77000427246094,202.58999633789062,206.6199951171875,194.2600860595703,3134400,0.0,0.0
2024-07-17,205.13999938964844,210.83999633789062,204.02999877929688,204.25999450683594,192.04124450683594,7792500,0.0,0.0
2024-07-18,204.8300018310547,207.0,203.27999877929688,205.8699951171875,193.55496215820312,5497200,0.0,0.0
2024-07-19,205.36000061035156,206.14999389648438,198.74000549316406,199.10000610351562,187.18992614746094,4868000,0.0,0.0
2024-07-22,203.10000610351562,206.0,201.00999450683594,205.8800048828125,193.56434631347656,6063800,0.0,0.0
2024-07-23,200.58999633789062,202.97999572753906,197.44000244140625,198.2899932861328,186.42837524414062,6083300,0.0,0.0
2024-07-24,206.36000061035156,206.5500030517578,196.91000366210938,198.27999877929688,186.41896057128906,11049100,0.0,0.0
2024-07-25,198.27999877929688,201.72999572753906,194.1199951171875,197.14999389648438,185.35658264160156,9555400,0.0,0.0
2024-07-26,200.47000122070312,204.3800048828125,199.0800018310547,201.99000549316406,189.9070587158203,5384800,0.0,0.0
2024-07-29,203.27000427246094,204.1300048828125,200.75999450683594,201.8800048828125,189.80364990234375,3392000,0.0,0.0
2024-07-30,203.61000061035156,204.49000549316406,199.7100067138672,200.99000549316406,188.96688842773438,6062600,0.0,0.0
2024-07-31,204.4600067138672,204.4600067138672,199.49000549316406,203.80999755859375,192.86561584472656,7462400,1.3,0.0
2024-08-01,201.75,204.1199951171875,190.9600067138672,193.3300018310547,182.94839477539062,7958500,0.0,0.0
2024-08-02,187.50999450683594,189.6199951171875,186.07000732421875,187.4600067138672,177.39364624023438,8050200,0.0,0.0
2024-08-05,184.61000061035156,188.74000549316406,180.07000732421875,181.19000244140625,171.4603271484375,8659900,0.0,0.0
2024-08-06,183.52000427246094,190.32000732421875,182.60000610351562,186.9499969482422,176.91098022460938,6210900,0.0,0.0
2024-08-07,190.24000549316406,191.52000427246094,183.72000122070312,184.07000732421875,174.18565368652344,5013000,0.0,0.0
2024-08-08,187.22999572753906,194.00999450683594,185.5500030517578,193.3000030517578,182.92001342773438,6180400,0.0,0.0
2024-08-09,191.02000427246094,193.4499969482422,189.97000122070312,192.2100067138672,181.8885498046875,3066500,0.0,0.0
2024-08-12,192.4499969482422,193.6300048828125,190.77999877929688,192.05999755859375,181.74659729003906,5235900,0.0,0.0
2024-08-13,193.8000030517578,197.7100067138672,193.39999389648438,197.25,186.65789794921875,4969000,0.0,0.0
2024-08-14,197.00999450683594,197.3800048828125,193.4499969482422,195.61000061035156,185.10598754882812,3072000,0.0,0.0
2024-08-15,200.5,203.16000366210938,198.5,201.92999267578125,191.0865936279297,5081900,0.0,0.0
2024-08-16,201.92999267578125,202.4499969482422,198.17999267578125,200.52999877929688,189.7617645263672,4236400,0.0,0.0
2024-08-19,200.5399932861328,201.0500030517578,198.0,200.66000366210938,189.88479614257812,3788900,0.0,0.0
2024-08-20,200.44000244140625,204.4499969482422,198.08999633789062,202.5399932861328,191.66383361816406,7111400,0.0,0.0
2024-08-21,206.35000610351562,210.8800048828125,204.89999389648438,208.3699951171875,197.18077087402344,8119300,0.0,0.0
2024-08-22,208.4600067138672,209.63999938964844,202.8000030517578,203.77000427246094,192.8278045654297,6879900,0.0,0.0
2024-08-23,206.82000732421875,210.50999450683594,206.30999755859375,209.8800048828125,198.60971069335938,6112000,0.0,0.0
2024-08-26,209.0,210.00999450683594,207.5500030517578,208.25,197.06719970703125,5806000,0.0,0.0
2024-08-27,207.9199981689453,211.11000061035156,207.55999755859375,210.69000244140625,199.37619018554688,4373400,0.0,0.0
2024-08-28,210.6300048828125,211.27000427246094,205.97000122070312,207.74000549316406,196.5845947265625,3998100,0.0,0.0
2024-08-29,210.63999938964844,214.41000366210938,209.64999389648438,211.08999633789062,199.7547149658203,5622800,0.0,0.0
2024-08-30,212.5800018310547,214.66000366210938,211.39999389648438,214.33999633789062,202.83018493652344,5860900,0.0,0.0
2024-09-03,211.9499969482422,211.9499969482422,201.19000244140625,201.8300018310547,190.99197387695312,9284000,0.0,0.0
2024-09-04,201.6199951171875,205.74000549316406,200.2899932861328,204.0,193.04544067382812,4650400,0.0,0.0
2024-09-05,202.3000030517578,204.27000427246094,199.67999267578125,201.5500030517578,190.7270050048828,4107400,0.0,0.0
2024-09-06,201.5,201.8699951171875,196.72999572753906,197.4499969482422,186.84716796875,6314400,0.0,0.0
2024-09-09,202.08999633789062,202.2899932861328,198.99000549316406,201.1699981689453,190.36740112304688,4864100,0.0,0.0
2024-09-10,201.1699981689453,201.27999877929688,197.02999877929688,199.8000030517578,189.0709686279297,4859400,0.0,0.0
2024-09-11,199.6999969482422,202.82000732421875,195.0399932861328,202.41000366210938,191.54083251953125,5900500,0.0,0.0
2024-09-12,201.60000610351562,202.0,194.6699981689453,195.97999572753906,185.4561004638672,7201000,0.0,0.0
2024-09-13,197.11000061035156,200.8800048828125,196.8300018310547,199.92999267578125,189.1939697265625,4617000,0.0,0.0
2024-09-16,198.72000122070312,199.5,195.99000549316406,198.47000122070312,187.81239318847656,3717800,0.0,0.0
2024-09-17,199.44000244140625,202.25,198.92999267578125,201.38999938964844,190.5756072998047,3478500,0.0,0.0
2024-09-18,202.67999267578125,204.97000122070312,199.9600067138672,200.7100067138672,189.93209838867188,4262100,0.0,0.0
2024-09-19,207.61000061035156,210.55999755859375,205.69000244140625,207.60000610351562,196.45213317871094,5155600,0.0,0.0
2024-09-20,204.3800048828125,205.25999450683594,201.0800018310547,203.3000030517578,192.3830108642578,14502900,0.0,0.0
2024-09-23,203.88999938964844,204.82000732421875,202.83999633789062,203.85000610351562,192.9034881591797,2757400,0.0,0.0
2024-09-24,206.05999755859375,208.4199981689453,204.61000061035156,204.94000244140625,193.93496704101562,5573200,0.0,0.0
2024-09-25,203.13999938964844,205.3699951171875,203.1199951171875,205.05999755859375,194.04852294921875,4124600,0.0,0.0
2024-09-26,210.32000732421875,210.57000732421875,205.05999755859375,209.25999450683594,198.02296447753906,4521300,0.0,0.0
2024-09-27,210.8300018310547,211.72000122070312,208.80999755859375,209.13999938964844,197.90945434570312,3074400,0.0,0.0
2024-09-30,206.10000610351562,208.6999969482422,204.10000610351562,206.57000732421875,195.47743225097656,5459100,0.0,0.0
2024-10-01,206.05999755859375,207.02000427246094,199.6999969482422,201.60000610351562,190.77432250976562,9039900,0.0,0.0
2024-10-02,202.91000366210938,205.75,201.7100067138672,203.42999267578125,192.50601196289062,4389400,0.0,0.0
2024-10-03,201.0800018310547,203.44000244140625,200.27000427246094,201.6699981689453,190.84056091308594,3167000,0.0,0.0
2024-10-04,206.10000610351562,206.36000061035156,201.33999633789062,202.7100067138672,191.82470703125,4092900,0.0,0.0
2024-10-07,200.58999633789062,202.77999877929688,199.6699981689453,201.27000427246094,190.4620361328125,2772400,0.0,0.0
2024-10-08,200.97999572753906,203.25,199.24000549316406,202.2100067138672,191.35154724121094,6283700,0.0,0.0
2024-10-09,201.5500030517578,205.5,201.3800048828125,204.97000122070312,193.96334838867188,3214900,0.0,0.0
2024-10-10,201.9600067138672,203.36000061035156,200.8800048828125,202.47000122070312,191.5976104736328,3649400,0.0,0.0
2024-10-11,201.3699951171875,205.7899932861328,201.3699951171875,205.11000061035156,194.09580993652344,2815800,0.0,0.0
2024-10-14,206.13999938964844,208.9600067138672,205.63999938964844,208.66000366210938,197.45518493652344,3291600,0.0,0.0
2024-10-15,208.02000427246094,208.64999389648438,198.89999389648438,199.83999633789062,189.10882568359375,6818800,0.0,0.0
2024-10-16,201.97999572753906,202.10000610351562,199.27999877929688,200.69000244140625,189.91319274902344,3311300,0.0,0.0
2024-10-17,204.89999389648438,204.89999389648438,198.11000061035156,198.3000030517578,187.65151977539062,4686900,0.0,0.0
2024-10-18,199.47999572753906,199.9600067138672,196.74000549316406,198.47000122070312,187.81239318847656,4029500,0.0,0.0
2024-10-21,196.74000549316406,197.92999267578125,194.1199951171875,195.77000427246094,185.2574005126953,4948100,0.0,0.0
2024-10-22,193.61000061035156,195.3000030517578,192.85000610351562,193.97000122070312,183.55404663085938,7910800,0.0,0.0
2024-10-23,201.0399932861328,203.0,198.0,201.74000549316406,190.9068145751953,10548500,0.0,0.0
2024-10-24,202.82000732421875,206.91000366210938,201.2100067138672,206.61000061035156,195.51528930664062,9309300,0.0,0.0
2024-10-25,207.61000061035156,211.38999938964844,206.75,206.92999267578125,195.81808471679688,5103100,0.0,0.0
2024-10-28,206.3699951171875,207.30999755859375,205.0,205.8300018310547,194.77716064453125,4409000,0.0,0.0
2024-10-29,206.13999938964844,211.58999633789062,205.30999755859375,211.35000610351562,200.00076293945312,5522800,0.0,0.0
2024-10-30,208.0,210.80999755859375,207.75,207.92999267578125,196.76438903808594,4914000,0.0,0.0
2024-10-31,207.9600067138672,207.9600067138672,201.39999389648438,203.16000366210938,193.51626586914062,6543000,1.36,0.0
2024-11-01,203.0800018310547,206.72000122070312,203.0800018310547,204.9199981689453,195.1927032470703,4208800,0.0,0.0
2024-11-04,203.49000549316406,205.60000610351562,202.5500030517578,203.66000366210938,193.99253845214844,3693800,0.0,0.0
2024-11-05,202.07000732421875,205.52000427246094,199.72000122070312,202.4600067138672,192.84950256347656,5253200,0.0,0.0
2024-11-06,208.92999267578125,215.67999267578125,208.3699951171875,214.97000122070312,204.7656707763672,8527500,0.0,0.0
2024-11-07,215.8000030517578,218.25,215.57000732421875,217.5399932861328,207.21363830566406,6020800,0.0,0.0
2024-11-08,217.0500030517578,220.38999938964844,216.2100067138672,220.2899932861328,209.8331298828125,5020700,0.0,0.0
2024-11-11,218.00999450683594,219.72999572753906,214.3300018310547,215.8699951171875,205.62294006347656,6154700,0.0,0.0
2024-11-12,215.38999938964844,215.41000366210938,209.0,212.77999877929688,202.6796417236328,4990800,0.0,0.0
2024-11-13,211.00999450683594,211.85000610351562,205.33999633789062,205.72000122070312,195.95474243164062,7921800,0.0,0.0
2024-11-14,205.27000427246094,207.07000732421875,204.3800048828125,206.0,196.22146606445312,4783800,0.0,0.0
2024-11-15,203.85000610351562,204.77000427246094,200.27999877929688,201.1199951171875,191.57308959960938,5970400,0.0,0.0
2024-11-18,202.1999969482422,207.6699981689453,201.52999877929688,207.17999267578125,197.34542846679688,7912100,0.0,0.0
2024-11-19,205.88999938964844,206.3300018310547,200.99000549316406,201.07000732421875,191.5255126953125,6716000,0.0,0.0
2024-11-20,198.0800018310547,199.60000610351562,196.47000122070312,198.19000244140625,188.78216552734375,7344400,0.0,0.0
2024-11-21,198.25,200.42999267578125,195.89999389648438,198.1999969482422,188.7917022705078,8080300,0.0,0.0
2024-11-22,197.77000427246094,198.91000366210938,196.5,198.0,188.60121154785156,7861300,0.0,0.0
2024-11-25,201.42999267578125,204.13999938964844,199.9600067138672,202.92999267578125,193.29718017578125,9274400,0.0,0.0
2024-11-26,206.0,206.91000366210938,199.14999389648438,200.9499969482422,191.41116333007812,5260500,0.0,0.0
2024-11-27,200.63999938964844,201.4199981689453,197.64999389648438,199.19000244140625,189.73471069335938,4732200,0.0,0.0
2024-11-29,200.0800018310547,202.50999450683594,199.6999969482422,201.02999877929688,191.48739624023438,3167400,0.0,0.0
2024-12-02,199.77999877929688,202.41000366210938,198.47999572753906,201.77999877929688,192.20176696777344,6373900,0.0,0.0
2024-12-03,198.66000366210938,199.97000122070312,197.0,197.22999572753906,187.8677520751953,4743400,0.0,0.0
2024-12-04,197.6999969482422,198.47000122070312,195.61000061035156,196.64999389648438,187.3153076171875,7172600,0.0,0.0
2024-12-05,195.75,197.14999389648438,192.2100067138672,192.99000549316406,183.8290252685547,6049100,0.0,0.0
2024-12-06,193.66000366210938,195.13999938964844,192.60000610351562,193.10000610351562,183.9337921142578,5140700,0.0,0.0
2024-12-09,192.02999877929688,197.80999755859375,191.60000610351562,193.4499969482422,184.26718139648438,3880300,0.0,0.0
2024-12-10,193.3300018310547,193.69000244140625,189.44000244140625,190.17999267578125,181.1523895263672,6064200,0.0,0.0
2024-12-11,192.13999938964844,192.97000122070312,190.2100067138672,191.6999969482422,182.60025024414062,6057800,0.0,0.0
2024-12-12,190.5,192.25999450683594,189.60000610351562,191.7100067138672,182.6097869873047,4025600,0.0,0.0
2024-12-13,188.80999755859375,192.22999572753906,188.3000030517578,191.58999633789062,182.49545288085938,4772800,0.0,0.0
2024-12-16,191.86000061035156,191.97999572753906,189.17999267578125,189.4600067138672,180.4665985107422,5829700,0.0,0.0
2024-12-17,189.1199951171875,191.5,187.50999450683594,188.1199951171875,179.190185546875,5046100,0.0,0.0
2024-12-18,188.4499969482422,192.36000061035156,184.80999755859375,185.0,176.21829223632812,8281900,0.0,0.0
2024-12-19,186.88999938964844,187.36000061035156,183.8800048828125,184.47000122070312,175.7134552001953,6290000,0.0,0.0
2024-12-20,184.47000122070312,188.47000122070312,183.35000610351562,186.8699951171875,177.99951171875,11462100,0.0,0.0
2024-12-23,186.02999877929688,190.4199981689453,186.02999877929688,190.13999938964844,181.1143035888672,4297600,0.0,0.0
2024-12-24,190.49000549316406,192.47000122070312,190.47000122070312,192.44000244140625,183.3051300048828,1950900,0.0,0.0
2024-12-26,190.61000061035156,192.72000122070312,190.52000427246094,191.72999572753906,182.62884521484375,2019000,0.0,0.0
2024-12-27,190.44000244140625,191.77999877929688,189.69000244140625,191.17999267578125,182.1049346923828,3253500,0.0,0.0
2024-12-30,189.69000244140625,189.69000244140625,187.2100067138672,187.9600067138672,179.0377960205078,4065200,0.0,0.0
2024-12-31,188.66000366210938,189.10000610351562,186.05999755859375,187.50999450683594,178.60914611816406,3050500,0.0,0.0
2025-01-02,189.32000732421875,190.1300048828125,184.97000122070312,186.9499969482422,178.07571411132812,4500500,0.0,0.0
2025-01-03,188.92999267578125,191.13999938964844,187.1999969482422,190.50999450683594,181.4667205810547,4574100,0.0,0.0
2025-01-06,190.25,193.77000427246094,189.24000549316406,192.17999267578125,183.05747985839844,4682000,0.0,0.0
2025-01-07,193.82000732421875,195.00999450683594,191.08999633789062,192.2100067138672,183.0860595703125,5035200,0.0,0.0
2025-01-08,191.8000030517578,192.69000244140625,188.07000732421875,191.66000366210938,182.56214904785156,4230400,0.0,0.0
2025-01-10,192.91000366210938,192.91000366210938,188.4199981689453,190.14999389648438,181.1238250732422,7223500,0.0,0.0
2025-01-13,189.8300018310547,191.75999450683594,187.64999389648438,191.08999633789062,182.0192108154297,4799600,0.0,0.0
2025-01-14,191.5399932861328,193.61000061035156,190.17999267578125,193.5,184.3148193359375,4254200,0.0,0.0
2025-01-15,195.6699981689453,198.9499969482422,195.6699981689453,197.50999450683594,188.13446044921875,6288600,0.0,0.0
2025-01-16,195.1699981689453,195.47999572753906,187.13999938964844,187.3699951171875,178.4757843017578,7463300,0.0,0.0
2025-01-17,192.5399932861328,192.92999267578125,190.02000427246094,192.4199981689453,183.2860870361328,5407500,0.0,0.0
2025-01-21,191.6699981689453,196.5,191.60000610351562,195.22999572753906,185.96267700195312,9621700,0.0,0.0
2025-01-22,195.77000427246094,198.67999267578125,195.3000030517578,197.0500030517578,187.69631958007812,8222000,0.0,0.0
2025-01-23,194.82000732421875,200.63999938964844,193.80999755859375,200.61000061035156,191.08731079101562,12694700,0.0,0.0
2025-01-24,190.0,191.5,185.02999877929688,185.52000427246094,176.713623046875,15856600,0.0,0.0
2025-01-27,185.75,190.08999633789062,183.6999969482422,187.02999877929688,178.1519317626953,11771300,0.0,0.0
2025-01-28,185.52999877929688,185.64999389648438,180.35000610351562,180.57000732421875,171.9985809326172,8720300,0.0,0.0
2025-01-29,181.02000427246094,181.6699981689453,179.61000061035156,180.27000427246094,171.71282958984375,4183800,0.0,0.0
2025-01-30,180.5,185.8699951171875,180.27000427246094,185.27000427246094,176.47549438476562,5807100,0.0,0.0
2025-01-31,183.77999877929688,189.02999877929688,183.0800018310547,184.61000061035156,177.14718627929688,6333700,1.36,0.0
2025-02-03,183.02999877929688,183.30999755859375,178.39999389648438,180.94000244140625,173.62554931640625,6311500,0.0,0.0
2025-02-04,180.02000427246094,183.0500030517578,179.5500030517578,180.55999755859375,173.26089477539062,5785700,0.0,0.0
2025-02-05,179.50999450683594,181.8000030517578,177.69000244140625,181.58999633789062,174.249267578125,5939800,0.0,0.0
2025-02-06,181.27999877929688,183.63999938964844,180.33999633789062,183.27999877929688,175.8709259033203,5089800,0.0,0.0
2025-02-07,183.27999877929688,183.4199981689453,179.27999877929688,180.0,172.72352600097656,5380500,0.0,0.0
2025-02-10,181.35000610351562,181.57000732421875,179.10000610351562,180.30999755859375,173.02099609375,3827100,0.0,0.0
2025-02-11,179.35000610351562,181.92999267578125,179.0,179.25,172.00384521484375,3795300,0.0,0.0
2025-02-12,177.47999572753906,180.44000244140625,176.75999450683594,179.99000549316406,172.71395874023438,5364200,0.0,0.0
2025-02-13,179.14999389648438,182.3000030517578,178.61000061035156,180.8000030517578,173.49119567871094,3737300,0.0,0.0
2025-02-14,181.50999450683594,184.72000122070312,181.05999755859375,183.02999877929688,175.6310577392578,4137900,0.0,0.0
2025-02-18,182.66000366210938,187.16000366210938,182.66000366210938,186.4600067138672,178.92239379882812,4578700,0.0,0.0
2025-02-19,189.74000549316406,197.9600067138672,188.72999572753906,196.32000732421875,188.38381958007812,8438300,0.0,0.0
2025-02-20,199.32000732421875,204.25999450683594,197.91000366210938,203.9600067138672,195.7149658203125,9190100,0.0,0.0
2025-02-21,204.66000366210938,205.75,201.30999755859375,202.0,193.8341827392578,7349900,0.0,0.0
2025-02-24,202.13999938964844,205.41000366210938,200.35000610351562,200.74000549316406,192.62513732910156,7675900,0.0,0.0
2025-02-25,201.47000122070312,202.58999633789062,198.44000244140625,199.97999572753906,191.89584350585938,7441700,0.0,0.0
2025-02-26,199.97999572753906,200.02999877929688,195.77999877929688,198.24000549316406,190.22618103027344,5611600,0.0,0.0
2025-02-27,197.5,198.1300048828125,191.14999389648438,191.3000030517578,183.56674194335938,7761700,0.0,0.0
2025-02-28,193.2899932861328,196.25,191.49000549316406,195.99000549316406,188.067138671875,9024500,0.0,0.0
2025-03-03,199.00999450683594,200.25,193.58999633789062,194.38999938964844,186.53182983398438,6141300,0.0,0.0
2025-03-04,196.3699951171875,198.92999267578125,193.02000427246094,194.83999633789062,186.963623046875,7159200,0.0,0.0
2025-03-05,195.22000122070312,197.0,190.75999450683594,195.57000732421875,187.6641387939453,5484400,0.0,0.0
2025-03-06,191.75999450683594,193.9199981689453,188.5,189.33999633789062,181.6859588623047,7120200,0.0,0.0
2025-03-07,189.25999450683594,191.27000427246094,185.72000122070312,190.52000427246094,182.81825256347656,7706800,0.0,0.0
2025-03-10,187.6199951171875,189.47000122070312,183.41000366210938,186.49000549316406,178.95118713378906,9161400,0.0,0.0
2025-03-11,188.11000061035156,188.3300018310547,176.91000366210938,177.33999633789062,170.1710662841797,7981400,0.0,0.0
2025-03-12,178.25,179.6199951171875,174.75,175.6999969482422,168.59735107421875,5436100,0.0,0.0
2025-03-13,175.0800018310547,176.97000122070312,172.08999633789062,173.60000610351562,166.58226013183594,5277200,0.0,0.0
2025-03-14,175.60000610351562,176.86000061035156,175.07000732421875,176.4199981689453,169.2882537841797,4927900,0.0,0.0
2025-03-17,176.10000610351562,181.2899932861328,175.97000122070312,179.99000549316406,172.71395874023438,4940400,0.0,0.0
2025-03-18,179.6999969482422,179.77000427246094,177.61000061035156,179.4499969482422,172.19578552246094,4077700,0.0,0.0
2025-03-19,179.6699981689453,183.66000366210938,178.7100067138672,181.74000549316406,174.39321899414062,5675000,0.0,0.0
2025-03-20,179.41000366210938,181.80999755859375,178.5,180.67999267578125,173.3760223388672,4980000,0.0,0.0
2025-03-21,178.52999877929688,179.83999633789062,177.0399932861328,179.0,171.76394653320312,11822900,0.0,0.0
2025-03-24,182.9499969482422,187.47999572753906,182.52999877929688,185.50999450683594,178.0107879638672,5694900,0.0,0.0
2025-03-25,184.49000549316406,186.83999633789062,183.5500030517578,183.97000122070312,176.5330352783203,4357200,0.0,0.0
2025-03-26,184.25999450683594,186.00999450683594,183.27999877929688,184.49000549316406,177.0320281982422,5814200,0.0,0.0
2025-03-27,183.02000427246094,183.02000427246094,177.52000427246094,180.75999450683594,173.4528045654297,5035900,0.0,0.0
2025-03-28,179.66000366210938,180.72999572753906,175.5800018310547,176.3300018310547,169.20188903808594,5490600,0.0,0.0
2025-03-31,175.4199981689453,180.1999969482422,173.9600067138672,179.6999969482422,172.43565368652344,9222700,0.0,0.0
2025-04-01,179.27999877929688,179.55999755859375,174.27000427246094,177.99000549316406,170.7947998046875,5965400,0.0,0.0
2025-04-02,175.82000732421875,179.92999267578125,175.19000244140625,178.19000244140625,170.98670959472656,4368900,0.0,0.0
2025-04-03,171.83999633789062,174.19000244140625,164.0,164.1999969482422,157.56224060058594,11895300,0.0,0.0
2025-04-04,159.6699981689453,161.07000732421875,150.9600067138672,151.38999938964844,145.2700958251953,14976900,0.0,0.0
2025-04-07,150.91000366210938,162.89999389648438,145.1999969482422,154.0,147.77456665039062,18337200,0.0,0.0
2025-04-08,156.75,159.02999877929688,143.30999755859375,146.00999450683594,140.10755920410156,13902800,0.0,0.0
2025-04-09,145.1699981689453,172.82000732421875,144.25,169.5,162.64801025390625,21578500,0.0,0.0
2025-04-10,160.7899932861328,162.92999267578125,150.02000427246094,156.60000610351562,150.2694854736328,16019500,0.0,0.0
2025-04-11,144.0,149.8800048828125,139.9499969482422,147.60000610351562,141.63328552246094,21113300,0.0,0.0
2025-04-14,151.0399932861328,153.58999633789062,149.13999938964844,150.97999572753906,144.8766632080078,10356600,0.0,0.0
2025-04-15,151.4199981689453,152.6999969482422,149.85000610351562,151.17999267578125,145.0685577392578,6958900,0.0,0.0
2025-04-16,147.22999572753906,149.72999572753906,142.55999755859375,146.5500030517578,140.62574768066406,10862500,0.0,0.0
2025-04-17,147.32000732421875,150.19000244140625,145.9199981689453,148.44000244140625,142.43934631347656,5739200,0.0,0.0
2025-04-21,145.4600067138672,146.74000549316406,142.63999938964844,145.61000061035156,139.72373962402344,8275000,0.0,0.0
2025-04-22,145.8699951171875,148.24000549316406,145.0800018310547,146.75999450683594,140.82723999023438,9139900,0.0,0.0
2025-04-23,153.1699981689453,155.33999633789062,151.27999877929688,152.14999389648438,145.99935913085938,14125000,0.0,0.0
2025-04-24,164.6300048828125,165.0,158.4199981689453,162.1300048828125,155.57594299316406,18950400,0.0,0.0
2025-04-25,161.83999633789062,163.6999969482422,160.52000427246094,162.86000061035156,156.2764129638672,8383300,0.0,0.0
2025-04-28,163.35000610351562,163.5399932861328,159.72000122070312,162.44000244140625,155.87339782714844,5170500,0.0,0.0
2025-04-29,159.49000549316406,162.35000610351562,158.75,160.77000427246094,154.27093505859375,6566500,0.0,0.0
2025-04-30,156.3699951171875,160.6300048828125,154.89999389648438,160.0500030517578,154.89027404785156,6158600,1.36,0.0
2025-05-01,160.83999633789062,162.07000732421875,158.05999755859375,158.25999450683594,153.157958984375,6124900,0.0,0.0
2025-05-02,161.74000549316406,166.35000610351562,161.0800018310547,164.50999450683594,159.2064971923828,7642400,0.0,0.0
2025-05-05,162.42999267578125,164.10000610351562,161.11000061035156,162.4199981689453,157.18386840820312,4803600,0.0,0.0
2025-05-06,160.30999755859375,162.00999450683594,159.11000061035156,161.08999633789062,155.896728515625,4531400,0.0,0.0
2025-05-07,162.3300018310547,165.52000427246094,161.89999389648438,164.7899932861328,159.47743225097656,5669700,0.0,0.0
2025-05-08,166.9199981689453,168.42999267578125,164.63999938964844,165.63999938964844,160.300048828125,5171200,0.0,0.0
2025-05-09,170.07000732421875,172.60000610351562,169.61000061035156,172.27000427246094,166.71630859375,8655100,0.0,0.0
2025-05-12,185.64999389648438,189.36000061035156,185.11000061035156,187.27999877929688,181.24241638183594,16210400,0.0,0.0
2025-05-13,186.33999633789062,189.50999450683594,186.33999633789062,188.1999969482422,182.1327667236328,9837500,0.0,0.0
2025-05-14,187.47000122070312,187.72999572753906,185.0500030517578,187.33999633789062,181.3004913330078,6552300,0.0,0.0
2025-05-15,186.1699981689453,189.75999450683594,185.50999450683594,187.8300018310547,181.7747039794922,5534000,0.0,0.0
2025-05-16,189.30999755859375,189.30999755859375,186.80999755859375,188.5,182.42308044433594,4518700,0.0,0.0
2025-05-19,185.0,188.47999572753906,184.25,188.33999633789062,182.26824951171875,6460900,0.0,0.0
2025-05-20,188.33999633789062,189.0,186.9199981689453,188.7100067138672,182.62632751464844,5289200,0.0,0.0
2025-05-21,186.5,189.89999389648438,184.72999572753906,185.4199981689453,179.4423828125,8977400,0.0,0.0
2025-05-22,185.94000244140625,186.91000366210938,179.97999572753906,180.2100067138672,174.4003448486328,7500800,0.0,0.0
2025-05-23,177.00999450683594,177.2899932861328,173.75,176.3000030517578,170.61639404296875,7416700,0.0,0.0
2025-05-27,179.10000610351562,183.3300018310547,177.83999633789062,183.24000549316406,177.33267211914062,7939400,0.0,0.0
2025-05-28,183.35000610351562,185.9199981689453,183.08999633789062,184.14999389648438,178.21331787109375,5752800,0.0,0.0
2025-05-29,186.24000549316406,186.47999572753906,182.92999267578125,184.99000549316406,179.02626037597656,4533800,0.0,0.0
2025-05-30,184.97999572753906,185.13999938964844,179.75999450683594,182.85000610351562,176.9552459716797,15101100,0.0,0.0
2025-06-02,181.85000610351562,184.7100067138672,181.61000061035156,184.2100067138672,178.27139282226562,5648300,0.0,0.0
2025-06-03,183.24000549316406,188.5,182.6199951171875,188.0800018310547,182.01663208007812,5612600,0.0,0.0
2025-06-04,188.91000366210938,192.10000610351562,188.47999572753906,190.72000122070312,184.57151794433594,5780600,0.0,0.0
2025-06-05,192.91000366210938,194.2899932861328,189.32000732421875,190.49000549316406,184.3489532470703,6017700,0.0,0.0
2025-06-06,193.69000244140625,194.83999633789062,192.25999450683594,192.4199981689453,186.21670532226562,5338800,0.0,0.0
2025-06-09,193.74000549316406,200.42999267578125,193.47000122070312,199.2100067138672,192.787841796875,6869700,0.0,0.0
2025-06-10,199.97999572753906,203.1699981689453,199.47999572753906,202.2899932861328,195.76852416992188,6247700,0.0,0.0
2025-06-11,203.30999755859375,203.35000610351562,198.14999389648438,199.69000244140625,193.25234985351562,5062100,0.0,0.0
2025-06-12,198.25,200.32000732421875,198.11000061035156,199.66000366210938,193.22332763671875,3257600,0.0,0.0
2025-06-13,196.08999633789062,199.0399932861328,194.47000122070312,195.0,188.7135467529297,5138200,0.0,0.0
2025-06-16,197.27999877929688,199.86000061035156,196.60000610351562,199.22000122070312,192.79750061035156,5864500,0.0,0.0
2025-06-17,198.0,200.6199951171875,196.8800048828125,197.69000244140625,191.31683349609375,4656300,0.0,0.0
2025-06-18,198.60000610351562,200.57000732421875,197.2899932861328,198.35000610351562,191.95555114746094,3742000,0.0,0.0
2025-06-20,200.41000366210938,200.92999267578125,196.5800018310547,198.1999969482422,191.8103790283203,12910000,0.0,0.0
2025-06-23,199.0,201.8300018310547,198.36000061035156,201.38999938964844,194.8975372314453,4565400,0.0,0.0
2025-06-24,203.22999572753906,206.1999969482422,203.0,205.80999755859375,199.17506408691406,7597800,0.0,0.0
2025-06-25,206.02999877929688,206.4199981689453,203.30999755859375,205.3800048828125,198.75892639160156,4748300,0.0,0.0
2025-06-26,206.30999755859375,207.32000732421875,205.77000427246094,206.30999755859375,199.658935546875,4579200,0.0,0.0
2025-06-27,205.5,207.69000244140625,205.2899932861328,207.0800018310547,200.40411376953125,8585100,0.0,0.0
2025-06-30,207.08999633789062,208.3800048828125,206.44000244140625,207.6199951171875,200.9266815185547,5319900,0.0,0.0
2025-07-01,207.0,211.67999267578125,206.49000549316406,210.4499969482422,203.6654510498047,5856200,0.0,0.0
2025-07-02,210.44000244140625,216.17999267578125,209.47999572753906,215.58999633789062,208.63973999023438,5533400,0.0,0.0
2025-07-03,215.25,216.94000244140625,214.72000122070312,216.02000427246094,209.05587768554688,2561100,0.0,0.0
2025-07-07,215.02000427246094,215.6300048828125,212.1999969482422,213.41000366210938,206.53004455566406,5221400,0.0,0.0
2025-07-08,215.0,219.3699951171875,214.02000427246094,216.6300048828125,209.64622497558594,6844600,0.0,0.0
2025-07-09,216.94000244140625,218.89999389648438,215.1999969482422,216.38999938964844,209.41395568847656,5231400,0.0,0.0
2025-07-10,219.27999877929688,220.77999877929688,217.55999755859375,219.66000366210938,212.57855224609375,3971400,0.0,0.0
2025-07-11,219.75,221.69000244140625,218.22000122070312,221.25,214.11729431152344,5396300,0.0,0.0
2025-07-14,219.41000366210938,220.25999450683594,217.3000030517578,220.0500030517578,212.9559783935547,4723600,0.0,0.0
2025-07-15,220.77000427246094,221.39999389648438,217.97000122070312,218.36000061035156,211.3204803466797,4419700,0.0,0.0
2025-07-16,218.39999389648438,218.61000061035156,211.7100067138672,216.63999938964844,209.65589904785156,6420900,0.0,0.0
2025-07-17,216.13999938964844,217.0,215.49000549316406,216.58999633789062,209.60751342773438,4920100,0.0,0.0
2025-07-18,218.49000549316406,218.64999389648438,215.91000366210938,216.6199951171875,209.63656616210938,4550100,0.0,0.0
2025-07-21,217.44000244140625,219.0,214.2100067138672,214.57000732421875,207.65264892578125,8269800,0.0,0.0
2025-07-22,214.0399932861328,216.0,212.16000366210938,214.9199981689453,207.99134826660156,11730800,0.0,0.0
2025-07-23,194.89999389648438,195.0,185.2899932861328,186.25,180.2456512451172,30755700,0.0,0.0
2025-07-24,186.4199981689453,187.88999938964844,185.02999877929688,185.69000244140625,179.70370483398438,9049500,0.0,0.0
2025-07-25,185.6999969482422,185.8800048828125,183.1999969482422,184.99000549316406,179.02626037597656,7031800,0.0,0.0
2025-07-28,187.8800048828125,190.5399932861328,187.75,189.25,183.14892578125,8586800,0.0,0.0
2025-07-29,189.7100067138672,192.88999938964844,188.89999389648438,191.3800048828125,185.2102508544922,7144700,0.0,0.0
2025-07-30,192.14999389648438,192.5800018310547,188.3000030517578,189.52000427246094,183.41021728515625,6985100,0.0,0.0
2025-07-31,186.13999938964844,186.91000366210938,179.80999755859375,181.05999755859375,176.48944091796875,10144000,1.36,0.0
2025-08-01,179.6300048828125,181.58999633789062,177.9199981689453,180.86000061035156,176.29449462890625,6625100,0.0,0.0
2025-08-04,181.72000122070312,183.4499969482422,180.6300048828125,182.72999572753906,178.11727905273438,4682700,0.0,0.0
2025-08-05,184.9499969482422,186.49000549316406,183.58999633789062,185.39999389648438,180.71987915039062,5761900,0.0,0.0
2025-08-06,184.69000244140625,186.89999389648438,184.0,185.91000366210938,181.21701049804688,7089000,0.0,0.0
2025-08-07,190.75999450683594,191.49000549316406,184.72999572753906,185.91000366210938,181.21701049804688,6563900,0.0,0.0
2025-08-08,185.69000244140625,187.63999938964844,184.66000366210938,187.22000122070312,182.49392700195312,5946200,0.0,0.0
2025-08-11,187.44000244140625,188.8699951171875,183.39999389648438,183.7100067138672,179.07254028320312,6457800,0.0,0.0
2025-08-12,185.27999877929688,193.83999633789062,185.22000122070312,192.97000122070312,188.09878540039062,9961500,0.0,0.0
2025-08-13,193.5800018310547,194.1199951171875,190.9600067138672,193.2899932861328,188.41070556640625,4966300,0.0,0.0
2025-08-14,191.17999267578125,194.24000549316406,190.02999877929688,193.7100067138672,188.82012939453125,3917300,0.0,0.0
2025-08-15,193.60000610351562,195.3699951171875,192.49000549316406,194.57000732421875,189.65838623046875,5872900,0.0,0.0
2025-08-18,194.57000732421875,195.52000427246094,193.5,194.3300018310547,189.42446899414062,2763600,0.0,0.0
2025-08-19,194.6699981689453,197.64999389648438,193.7899932861328,195.94000244140625,190.99380493164062,5491100,0.0,0.0
2025-08-20,197.5,201.22999572753906,193.4499969482422,200.77000427246094,195.70188903808594,8107300,0.0,0.0
2025-08-21,199.5800018310547,202.17999267578125,199.4499969482422,200.7100067138672,195.64341735839844,5291100,0.0,0.0
2025-08-22,202.0800018310547,209.08999633789062,201.88999938964844,206.05999755859375,200.8583526611328,6177700,0.0,0.0
2025-08-25,206.0,207.0,204.5399932861328,205.97000122070312,200.7706298828125,3442600,0.0,0.0
2025-08-26,205.77999877929688,207.41000366210938,205.24000549316406,205.97999572753906,200.78036499023438,4549700,0.0,0.0
2025-08-27,204.9600067138672,205.6999969482422,203.25,205.47000122070312,200.2832489013672,4189700,0.0,0.0
2025-08-28,205.8300018310547,207.1300048828125,203.61000061035156,204.08999633789062,198.93807983398438,6166400,0.0,0.0
2025-08-29,203.50999450683594,204.0500030517578,201.55999755859375,202.47999572753906,197.3687286376953,5372700,0.0,0.0
2025-09-02,199.3800048828125,200.1699981689453,196.75999450683594,199.80999755859375,194.76611328125,6238400,0.0,0.0
2025-09-03,199.22000122070312,200.0800018310547,191.3800048828125,195.74000549316406,190.79888916015625,7039600,0.0,0.0
2025-09-04,183.75999450683594,188.67999267578125,181.69000244140625,187.2899932861328,182.56216430664062,11335900,0.0,0.0
2025-09-05,187.0800018310547,189.27999877929688,185.2899932861328,187.92999267578125,183.18600463867188,9491200,0.0,0.0
2025-09-08,188.14999389648438,188.3699951171875,183.07000732421875,185.82000732421875,181.12928771972656,9701200,0.0,0.0
2025-09-09,184.39999389648438,185.66000366210938,183.66000366210938,185.02999877929688,180.35923767089844,6135000,0.0,0.0
2025-09-10,185.0399932861328,185.49000549316406,182.94000244140625,184.00999450683594,179.36495971679688,5957500,0.0,0.0
2025-09-11,184.50999450683594,184.80999755859375,182.25999450683594,184.35000610351562,179.69639587402344,6596000,0.0,0.0
2025-09-12,184.11000061035156,184.33999633789062,182.33999633789062,182.60000610351562,177.9905548095703,6284200,0.0,0.0
2025-09-15,175.8800048828125,179.22000122070312,174.00999450683594,178.1999969482422,173.70164489746094,11658400,0.0,0.0
2025-09-16,178.74000549316406,181.13999938964844,177.27999877929688,177.6300048828125,173.14602661132812,7920300,0.0,0.0
2025-09-17,177.83999633789062,182.57000732421875,177.61000061035156,180.3000030517578,175.74862670898438,7209700,0.0,0.0
2025-09-18,183.24000549316406,183.72000122070312,180.30999755859375,181.6199951171875,177.03530883789062,7937100,0.0,0.0
2025-09-19,182.58999633789062,183.25,178.1699981689453,179.3699951171875,174.84210205078125,16206700,0.0,0.0
2025-09-22,179.39999389648438,181.41000366210938,179.30999755859375,179.6199951171875,175.0857696533203,7030300,0.0,0.0
2025-09-23,179.8699951171875,182.6699981689453,179.67999267578125,182.0399932861328,177.4447021484375,5900800,0.0,0.0
2025-09-24,181.72000122070312,185.16000366210938,181.10000610351562,184.44000244140625,179.78411865234375,5905100,0.0,0.0
2025-09-25,183.64999389648438,183.66000366210938,180.11000061035156,182.0399932861328,177.4447021484375,4042300,0.0,0.0
2025-09-26,185.9600067138672,187.2899932861328,183.07000732421875,184.5500030517578,179.891357421875,6206300,0.0,0.0
2025-09-29,185.47000122070312,186.10000610351562,183.0,183.22999572753906,178.60464477539062,5090700,0.0,0.0
2025-09-30,182.75,183.97000122070312,181.30999755859375,183.72999572753906,179.09205627441406,3873100,0.0,0.0
2025-10-01,181.97000122070312,184.50999450683594,178.3300018310547,180.38999938964844,175.83633422851562,7705000,0.0,0.0
2025-10-02,180.77000427246094,184.6199951171875,179.83999633789062,182.32000732421875,177.71763610839844,6798000,0.0,0.0
2025-10-03,182.77999877929688,185.4600067138672,180.16000366210938,180.32000732421875,175.76812744140625,5167600,0.0,0.0
2025-10-06,181.0,183.22999572753906,179.3000030517578,181.80999755859375,177.2205047607422,6019800,0.0,0.0
2025-10-07,181.75999450683594,182.02000427246094,176.9600067138672,177.0500030517578,172.58067321777344,5396100,0.0,0.0
2025-10-08,176.8300018310547,181.92999267578125,176.8300018310547,181.60000610351562,177.01580810546875,6377700,0.0,0.0
2025-10-09,180.49000549316406,180.6999969482422,177.6199951171875,178.9600067138672,174.4424591064453,5006100,0.0,0.0
2025-10-10,179.6199951171875,181.57000732421875,171.5,171.6999969482422,167.36570739746094,9630200,0.0,0.0
2025-10-13,172.8300018310547,176.10000610351562,172.39999389648438,175.11000061035156,170.68963623046875,8610300,0.0,0.0
2025-10-14,171.97000122070312,176.27000427246094,171.4499969482422,173.94000244140625,169.54917907714844,9919400,0.0,0.0
2025-10-15,174.02000427246094,176.16000366210938,171.1300048828125,175.27000427246094,170.84561157226562,9416800,0.0,0.0
2025-10-16,175.38999938964844,177.5,174.05999755859375,175.47999572753906,171.05029296875,7188200,0.0,0.0
2025-10-17,175.0500030517578,177.6300048828125,174.57000732421875,176.5800018310547,172.12252807617188,5082600,0.0,0.0
2025-10-20,172.50999450683594,181.11000061035156,172.50999450683594,179.58999633789062,175.05654907226562,6620200,0.0,0.0
2025-10-21,179.47000122070312,181.83999633789062,178.83999633789062,180.83999633789062,176.27499389648438,10301500,0.0,0.0
2025-10-22,163.9600067138672,173.0800018310547,163.0399932861328,170.7100067138672,166.40069580078125,25834500,0.0,0.0
2025-10-23,170.0,173.75999450683594,169.75,172.19000244140625,167.8433380126953,8412500,0.0,0.0
2025-10-24,174.00999450683594,174.14999389648438,168.7899932861328,169.1300048828125,164.860595703125,7691800,0.0,0.0
2025-10-27,169.82000732421875,170.3699951171875,168.67999267578125,169.41000366210938,165.13352966308594,8606300,0.0,0.0
2025-10-28,169.13999938964844,169.50999450683594,166.49000549316406,166.91000366210938,162.69662475585938,9646600,0.0,0.0
2025-10-29,166.72000122070312,166.72000122070312,159.8300018310547,160.25999450683594,156.2144775390625,11961900,0.0,0.0
2025-10-30,160.14999389648438,162.63999938964844,159.97000122070312,160.50999450683594,156.45819091796875,9477600,0.0,0.0
2025-10-31,158.36000061035156,162.0,157.8000030517578,161.4600067138672,158.7889862060547,8707900,1.42,0.0
2025-11-03,162.33999633789062,163.4499969482422,160.07000732421875,161.4600067138672,158.7889862060547,5208300,0.0,0.0
2025-11-04,161.17999267578125,162.30999755859375,158.1300048828125,159.36000061035156,156.72372436523438,11462300,0.0,0.0
2025-11-05,159.38999938964844,165.6199951171875,159.38999938964844,163.57000732421875,160.8640899658203,9770200,0.0,0.0
2025-11-06,162.75,163.80999755859375,161.08999633789062,161.3800048828125,158.71031188964844,5859500,0.0,0.0
2025-11-07,160.3800048828125,160.60000610351562,156.88999938964844,160.5500030517578,157.89404296875,8837700,0.0,0.0
2025-11-10,162.0,163.3699951171875,158.49000549316406,160.5800018310547,157.9235382080078,7677900,0.0,0.0
2025-11-11,160.4199981689453,162.1699981689453,159.24000549316406,159.72999572753906,157.0876007080078,7274200,0.0,0.0
2025-11-12,160.85000610351562,164.52999877929688,160.39999389648438,163.08999633789062,160.39202880859375,6241200,0.0,0.0
2025-11-13,162.52999877929688,165.44000244140625,161.47999572753906,162.22999572753906,159.54623413085938,7719600,0.0,0.0
2025-11-14,160.5,160.8800048828125,158.3000030517578,159.3300018310547,156.69422912597656,6041500,0.0,0.0
2025-11-17,158.6300048828125,159.75,153.5399932861328,154.99000549316406,152.426025390625,7343400,0.0,0.0
2025-11-18,154.5500030517578,158.08999633789062,153.5399932861328,157.32000732421875,154.71749877929688,8164700,0.0,0.0
2025-11-19,156.57000732421875,159.1699981689453,155.1300048828125,157.08999633789062,154.4912872314453,5568500,0.0,0.0
2025-11-20,158.16000366210938,159.25,152.72999572753906,153.3300018310547,150.79347229003906,7890900,0.0,0.0
2025-11-21,153.4199981689453,161.16000366210938,153.41000366210938,159.39999389648438,156.76304626464844,11711300,0.0,0.0
2025-11-24,159.72000122070312,162.6999969482422,158.97000122070312,161.25999450683594,158.59228515625,9466500,0.0,0.0
2025-11-25,159.72000122070312,161.9499969482422,158.69000244140625,161.77000427246094,159.09385681152344,7406700,0.0,0.0
2025-11-26,162.32000732421875,167.0399932861328,162.0500030517578,165.35000610351562,162.61463928222656,7346300,0.0,0.0
2025-11-28,166.0399932861328,169.25,165.4199981689453,168.27000427246094,165.486328125,4018100,0.0,0.0
2025-12-01,166.83999633789062,169.6699981689453,166.52999877929688,168.16000366210938,165.37815856933594,6170800,0.0,0.0
2025-12-02,168.7100067138672,177.8800048828125,168.00999450683594,175.25999450683594,172.36070251464844,9438900,0.0,0.0
2025-12-03,176.82000732421875,183.0,175.5800018310547,182.60000610351562,179.5792694091797,9259300,0.0,0.0
2025-12-04,183.24000549316406,183.91000366210938,178.94000244140625,180.1199951171875,177.1403045654297,6724100,0.0,0.0
2025-12-05,180.8699951171875,184.75999450683594,180.6300048828125,182.5399932861328,179.52024841308594,6584600,0.0,0.0
2025-12-08,183.50999450683594,183.6999969482422,179.52999877929688,180.94000244140625,177.9467315673828,6427600,0.0,0.0
2025-12-09,179.91000366210938,181.8800048828125,179.39999389648438,179.52000427246094,176.5502166748047,3760400,0.0,0.0
2025-12-10,177.8300018310547,182.72000122070312,177.5,181.6699981689453,178.66464233398438,5268900,0.0,0.0
2025-12-11,180.27999877929688,182.02000427246094,179.17999267578125,181.6699981689453,178.66464233398438,4838000,0.0,0.0
2025-12-12,181.7899932861328,183.22999572753906,178.64999389648438,179.4199981689453,176.45188903808594,5980500,0.0,0.0
2025-12-15,175.35000610351562,179.36000061035156,174.0,177.97000122070312,175.02586364746094,9037500,0.0,0.0
2025-12-16,178.33999633789062,179.02999877929688,176.0,177.55999755859375,174.62265014648438,5746900,0.0,0.0
2025-12-17,177.8699951171875,179.63999938964844,173.69000244140625,174.49000549316406,171.6034393310547,8865600,0.0,0.0
2025-12-18,176.8000030517578,178.89999389648438,175.89999389648438,176.19000244140625,173.2753143310547,8546200,0.0,0.0
2025-12-19,175.72000122070312,178.24000549316406,175.58999633789062,176.2899932861328,173.3736572265625,19091700,0.0,0.0
2025-12-22,179.49000549316406,179.89999389648438,177.97000122070312,178.82000732421875,175.86180114746094,5373100,0.0,0.0
2025-12-23,178.27000427246094,178.61000061035156,176.67999267578125,177.0800018310547,174.1505889892578,3500300,0.0,0.0
2025-12-24,177.33999633789062,178.02000427246094,176.8000030517578,177.1300048828125,174.1997528076172,1266500,0.0,0.0
2025-12-26,177.72000122070312,178.52000427246094,176.42999267578125,176.8800048828125,173.9539031982422,3191100,0.0,0.0
2025-12-29,176.50999450683594,177.64999389648438,175.10000610351562,175.69000244140625,172.78358459472656,4163200,0.0,0.0
2025-12-30,175.9499969482422,176.47000122070312,175.25,175.4199981689453,172.51805114746094,3904600,0.0,0.0
2025-12-31,175.8000030517578,176.17999267578125,173.44000244140625,173.49000549316406,170.61997985839844,3426900,0.0,0.0
2026-01-02,174.97000122070312,178.88999938964844,174.91000366210938,177.52000427246094,174.58331298828125,6133600,0.0,0.0
2026-01-05,178.02000427246094,182.88999938964844,176.88999938964844,177.1699981689453,174.2390899658203,6755000,0.0,0.0
2026-01-06,180.08999633789062,192.9199981689453,180.08999633789062,192.10000610351562,188.922119140625,13219400,0.0,0.0
2026-01-07,188.47000122070312,190.72000122070312,184.49000549316406,185.7100067138672,182.63783264160156,8341300,0.0,0.0
2026-01-08,182.8300018310547,189.0800018310547,182.5500030517578,188.4499969482422,185.33248901367188,6857300,0.0,0.0
2026-01-09,188.8000030517578,191.39999389648438,187.50999450683594,190.30999755859375,187.16172790527344,6018300,0.0,0.0
2026-01-12,188.85000610351562,190.82000732421875,188.0,189.07000732421875,185.94223022460938,6502600,0.0,0.0
2026-01-13,189.27999877929688,189.75,187.64999389648438,188.52999877929688,185.41116333007812,4135000,0.0,0.0
2026-01-14,187.5,193.61000061035156,187.44000244140625,193.4499969482422,190.24977111816406,7988800,0.0,0.0
2026-01-15,194.92999267578125,196.63999938964844,188.77000427246094,189.1199951171875,185.9914093017578,6942600,0.0,0.0
2026-01-16,190.22999572753906,192.47000122070312,190.07000732421875,191.5800018310547,188.4107208251953,6944800,0.0,0.0
2026-01-20,190.24000549316406,192.42999267578125,187.9499969482422,189.58999633789062,186.45362854003906,9516600,0.0,0.0
2026-01-21,191.4499969482422,196.1300048828125,191.25999450683594,194.41000366210938,191.1938934326172,7272000,0.0,0.0
2026-01-22,197.3000030517578,199.42999267578125,193.67999267578125,194.99000549316406,191.76431274414062,7264000,0.0,0.0
2026-01-23,195.75999450683594,196.41000366210938,191.1300048828125,193.30999755859375,190.11209106445312,6691300,0.0,0.0
2026-01-26,193.30999755859375,196.83999633789062,192.44000244140625,196.58999633789062,193.33782958984375,9169300,0.0,0.0
2026-01-27,194.69000244140625,198.41000366210938,194.33999633789062,196.6300048828125,193.37716674804688,10748800,0.0,0.0
2026-01-28,203.86000061035156,216.58999633789062,203.72000122070312,216.1699981689453,212.5939178466797,19603400,0.0,0.0
2026-01-29,216.39999389648438,222.0,214.82000732421875,218.97000122070312,215.34759521484375,14120000,0.0,0.0
2026-01-30,216.05999755859375,216.4600067138672,213.05999755859375,215.5500030517578,213.36785888671875,9086800,1.42,0.0
2026-02-02,215.44000244140625,225.25999450683594,214.83999633789062,225.00999450683594,222.73207092285156,11194900,0.0,0.0
2026-02-03,224.24000549316406,228.8300018310547,222.6999969482422,225.2100067138672,222.93006896972656,15207600,0.0,0.0
2026-02-04,222.1300048828125,228.2899932861328,218.66000366210938,222.9199981689453,220.6632537841797,14542500,0.0,0.0
2026-02-05,221.64999389648438,225.82000732421875,218.89999389648438,223.97999572753906,221.7125244140625,11044200,0.0,0.0
2026-02-06,225.6300048828125,226.75999450683594,218.58999633789062,221.44000244140625,219.19822692871094,9397500,0.0,0.0
2026-02-09,221.25999450683594,222.16000366210938,218.24000549316406,218.77000427246094,216.55526733398438,9246700,0.0,0.0
2026-02-10,216.8300018310547,222.0800018310547,216.1300048828125,220.9199981689453,218.68348693847656,5101000,0.0,0.0
2026-02-11,223.1300048828125,231.32000732421875,223.1300048828125,226.55999755859375,224.2664031982422,9132600,0.0,0.0
2026-02-12,226.67999267578125,229.5,221.8699951171875,223.0,220.742431640625,8474700,0.0,0.0
2026-02-13,221.6699981689453,226.88999938964844,221.5399932861328,226.16000366210938,223.8704376220703,5011900,0.0,0.0
2026-02-17,226.52999877929688,228.4499969482422,222.80999755859375,225.69000244140625,223.40521240234375,5454800,0.0,0.0
2026-02-18,229.8800048828125,230.0,221.36000061035156,223.32000732421875,221.0592041015625,6667800,0.0,0.0
2026-02-19,221.14999389648438,222.0399932861328,217.4199981689453,218.0500030517578,215.84254455566406,5002200,0.0,0.0
2026-02-20,216.74000549316406,220.1999969482422,216.52999877929688,219.72999572753906,217.5055389404297,5457500,0.0,0.0
2026-02-23,218.89999389648438,222.7899932861328,218.89999389648438,219.86000061035156,217.63421630859375,7877400,0.0,0.0
2026-02-24,220.72000122070312,224.1699981689453,209.58999633789062,213.35000610351562,211.19012451171875,9494300,0.0,0.0
2026-02-25,214.39999389648438,215.89999389648438,210.22999572753906,213.89999389648438,211.73455810546875,6997300,0.0,0.0
2026-02-26,214.4499969482422,216.08999633789062,210.14999389648438,212.6300048828125,210.4774169921875,6041500,0.0,0.0
2026-02-27,211.22999572753906,212.6300048828125,208.25,212.11000061035156,209.96267700195312,8275100,0.0,0.0
2026-03-02,211.0399932861328,211.47000122070312,207.30999755859375,209.82000732421875,207.6958770751953,6811300,0.0,0.0
2026-03-03,205.88999938964844,206.57000732421875,201.75999450683594,202.6699981689453,200.61825561523438,7496500,0.0,0.0
2026-03-04,204.36000061035156,205.30999755859375,201.5,202.38999938964844,200.34107971191406,5451500,0.0,0.0
2026-03-05,200.91000366210938,201.94000244140625,194.77000427246094,197.97999572753906,195.97573852539062,8051800,0.0,0.0
2026-03-06,192.5,195.0500030517578,191.14999389648438,193.22999572753906,191.2738037109375,7220500,0.0,0.0
2026-03-09,192.75,197.16000366210938,189.67999267578125,196.1999969482422,194.2137451171875,7597500,0.0,0.0
2026-03-10,195.63999938964844,200.17999267578125,195.4499969482422,197.4600067138672,195.46099853515625,5929200,0.0,0.0
2026-03-11,198.5800018310547,201.42999267578125,197.49000549316406,198.6699981689453,196.6587371826172,4995200,0.0,0.0
2026-03-12,193.64999389648438,194.75999450683594,189.75,190.0500030517578,188.12600708007812,8156800,0.0,0.0
2026-03-13,191.47000122070312,193.75,190.13999938964844,190.77999877929688,188.84861755371094,3688400,0.0,0.0
2026-03-16,194.32000732421875,196.25999450683594,192.42999267578125,194.1300048828125,192.16470336914062,4754900,0.0,0.0
2026-03-17,195.8699951171875,196.42999267578125,193.77000427246094,194.4499969482422,192.48146057128906,3385200,0.0,0.0
2026-03-18,194.44000244140625,195.5399932861328,189.99000549316406,190.77999877929688,188.84861755371094,5069200,0.0,0.0
2026-03-19,187.77000427246094,190.0,184.89999389648438,188.2899932861328,186.38381958007812,5868100,0.0,0.0
2026-03-20,188.52000427246094,190.3300018310547,185.83999633789062,187.19000244140625,185.29495239257812,15025200,0.0,0.0
2026-03-23,194.60000610351562,194.97000122070312,188.42999267578125,188.6300048828125,186.7203826904297,7452800,0.0,0.0
2026-03-24,186.9499969482422,196.39999389648438,186.9499969482422,194.6300048828125,192.65963745117188,7015200,0.0,0.0
2026-03-25,197.52000427246094,198.97000122070312,195.52000427246094,196.77000427246094,194.77796936035156,4505800,0.0,0.0
2026-03-26,196.10000610351562,197.07000732421875,192.8800048828125,193.41000366210938,191.45199584960938,6314400,0.0,0.0
2026-03-27,191.7100067138672,192.97000122070312,189.3300018310547,190.3300018310547,188.40316772460938,5792700,0.0,0.0
2026-03-30,191.61000061035156,192.7100067138672,184.9499969482422,186.4199981689453,184.53274536132812,6024700,0.0,0.0
2026-03-31,190.27999877929688,194.55999755859375,188.47000122070312,194.13999938964844,192.1746063232422,7277900,0.0,0.0
2026-04-01,194.27999877929688,197.25999450683594,194.27999877929688,196.3000030517578,194.312744140625,5432000,0.0,0.0
2026-04-02,192.3800048828125,196.07000732421875,191.0,194.8699951171875,192.897216796875,3408100,0.0,0.0
2026-04-06,196.99000549316406,199.55999755859375,195.89999389648438,199.4199981689453,197.40113830566406,4235600,0.0,0.0
2026-04-07,198.50999450683594,200.3800048828125,195.4600067138672,199.74000549316406,197.71791076660156,4659000,0.0,0.0
2026-04-08,206.64999389648438,209.86000061035156,206.16000366210938,208.89999389648438,206.78517150878906,7454600,0.0,0.0
2026-04-09,212.57000732421875,215.92999267578125,210.8800048828125,214.97999572753906,212.80361938476562,5499100,0.0,0.0
2026-04-10,216.3800048828125,217.32000732421875,213.9199981689453,214.72999572753906,212.55615234375,4268000,0.0,0.0
2026-04-13,213.9499969482422,217.1999969482422,212.11000061035156,216.7100067138672,214.51611328125,4630500,0.0,0.0
2026-04-14,217.19000244140625,219.49000549316406,214.35000610351562,218.8699951171875,216.65423583984375,5495200,0.0,0.0
2026-04-15,217.55999755859375,218.30999755859375,211.6999969482422,216.2899932861328,214.10035705566406,4459600,0.0,0.0
2026-04-16,216.72000122070312,224.02000427246094,216.72000122070312,223.10000610351562,220.8414306640625,6709000,0.0,0.0
2026-04-17,228.25999450683594,230.52999877929688,224.6699981689453,229.82000732421875,227.493408203125,7091700,0.0,0.0
2026-04-20,232.57000732421875,233.97000122070312,230.02000427246094,233.6999969482422,231.3341064453125,6123300,0.0,0.0
2026-04-21,234.5,236.0,230.63999938964844,233.14999389648438,230.7896728515625,6833300,0.0,0.0
2026-04-22,236.41000366210938,238.8000030517578,234.49000549316406,236.30999755859375,233.9176788330078,11463100,0.0,0.0
2026-04-23,260.30999755859375,284.1199951171875,259.30999755859375,282.2300109863281,279.372802734375,25659100,0.0,0.0
2026-04-24,287.8299865722656,287.8299865722656,272.010009765625,277.1400146484375,274.3343811035156,13943600,0.0,0.0
2026-04-27,276.1700134277344,277.0199890136719,267.6300048828125,269.5,266.77166748046875,9962700,0.0,0.0
2026-04-28,267.489990234375,270.69000244140625,264.239990234375,265.0,262.3172607421875,8369400,0.0,0.0
2026-04-29,269.6300048828125,272.44000244140625,267.55999755859375,269.2200012207031,266.4945373535156,7821400,0.0,0.0
2026-04-30,270.2300109863281,281.9200134277344,266.3399963378906,281.0799865722656,278.23443603515625,11066700,0.0,0.0
2026-05-01,280.1000061035156,281.8699951171875,276.5400085449219,281.0199890136719,278.175048828125,4494300,0.0,0.0
2026-05-04,283.69000244140625,283.7900085449219,276.6400146484375,280.8900146484375,278.04638671875,5525700,0.0,0.0
2026-05-05,280.5,282.5,275.5799865722656,281.0,279.568603515625,7295200,1.42,0.0
2026-05-06,279.04998779296875,292.6400146484375,279.04998779296875,289.44000244140625,287.9656066894531,10183200,0.0,0.0
2026-05-07,286.2900085449219,287.6600036621094,281.0,285.239990234375,283.7869873046875,7017900,0.0,0.0
2026-05-08,292.489990234375,292.5,286.3800048828125,287.79998779296875,286.33392333984375,8881500,0.0,0.0
2026-05-11,291.2900085449219,298.17999267578125,289.0,297.760009765625,296.24322509765625,9347300,0.0,0.0
2026-05-12,296.239990234375,296.29998779296875,287.6300048828125,295.1700134277344,293.6664123535156,6431000,0.0,0.0
2026-05-13,302.739990234375,309.32000732421875,301.9200134277344,306.3399963378906,304.7795104980469,7546500,0.0,0.0
2026-05-14,306.6700134277344,310.2900085449219,303.5,308.1700134277344,306.6001892089844,5767800,0.0,0.0
2026-05-15,302.69000244140625,307.55999755859375,297.79998779296875,302.7300109863281,301.1878967285156,6661600,0.0,0.0
2026-05-18,308.54998779296875,309.19000244140625,295.4599914550781,300.6000061035156,299.0687561035156,6513100,0.0,0.0
2026-05-19,292.6099853515625,305.5,291.95001220703125,302.30999755859375,300.77001953125,7296900,0.0,0.0
2026-05-20,305.2200012207031,305.739990234375,298.95001220703125,304.8800048828125,303.3269348144531,7660700,0.0,0.0
2026-05-21,300.8900146484375,303.07000732421875,294.7799987792969,298.3900146484375,296.8700256347656,5663700,0.0,0.0
2026-05-22,305.3999938964844,315.57000732421875,303.0,309.2099914550781,307.6348876953125,7129100,0.0,0.0
2026-05-26,318.42999267578125,326.4200134277344,315.3500061035156,324.8900146484375,323.2350158691406,8480000,0.0,0.0
2026-05-27,331.45001220703125,331.510009765625,313.17999267578125,317.45001220703125,315.8329162597656,6740600,0.0,0.0
2026-05-28,320.1600036621094,321.2900085449219,313.1099853515625,315.95001220703125,314.340576171875,5884400,0.0,0.0
2026-05-29,316.4800109863281,319.0,303.7699890136719,305.67999267578125,304.12286376953125,16785100,0.0,0.0
2026-06-01,297.3800048828125,302.0,289.92999267578125,293.20001220703125,291.7064514160156,9623100,0.0,0.0
2026-06-02,301.260009765625,308.3999938964844,298.9800109863281,308.1199951171875,306.5504455566406,11136800,0.0,0.0
2026-06-03,308.6400146484375,312.760009765625,301.6400146484375,308.5899963378906,307.0180358886719,6730100,0.0,0.0
2026-06-04,305.5299987792969,310.7200012207031,303.29998779296875,305.3699951171875,303.814453125,7924400,0.0,0.0
2026-06-05,298.7200012207031,298.80999755859375,284.17999267578125,285.05999755859375,283.60791015625,11937400,0.0,0.0
2026-06-08,293.7300109863281,295.5799865722656,287.5299987792969,290.8999938964844,289.41815185546875,7791100,0.0,0.0
2026-06-09,297.8399963378906,298.0299987792969,273.8800048828125,288.6300048828125,287.15972900390625,8920600,0.0,0.0
2026-06-10,285.82000732421875,292.5799865722656,281.8399963378906,282.010009765625,280.5734558105469,7325400,0.0,0.0
2026-06-11,289.8900146484375,298.67999267578125,285.7900085449219,297.1000061035156,295.5865783691406,9862700,0.0,0.0
2026-06-12,298.989990234375,303.0299987792969,295.8500061035156,301.1199951171875,299.5860900878906,5368300,0.0,0.0
2026-06-15,310.1099853515625,315.8599853515625,307.8699951171875,313.3399963378906,311.74383544921875,7459200,0.0,0.0
2026-06-16,311.55999755859375,319.2200012207031,305.489990234375,305.7099914550781,304.1527099609375,7706700,0.0,0.0
2026-06-17,307.1199951171875,311.7300109863281,299.239990234375,301.8800048828125,300.34222412109375,7098300,0.0,0.0
2026-06-18,313.1099853515625,323.6000061035156,311.55999755859375,322.8599853515625,321.21533203125,21929600,0.0,0.0
2026-06-22,328.0,334.0299987792969,326.0400085449219,332.2799987792969,330.5873718261719,8954600,0.0,0.0
2026-06-23,313.9100036621094,316.260009765625,301.0799865722656,304.3599853515625,302.8095703125,10814300,0.0,0.0
2026-06-24,303.1300048828125,307.82000732421875,300.07000732421875,303.1099853515625,301.5659484863281,8761600,0.0,0.0
2026-06-25,315.70001220703125,316.5899963378906,305.0,311.80999755859375,310.2216491699219,8782800,0.0,0.0
2026-06-26,302.4599914550781,305.0,279.54998779296875,285.42999267578125,283.97601318359375,29822600,0.0,0.0
2026-06-29,280.3299865722656,290.2699890136719,275.7799987792969,285.4800109863281,284.0257873535156,12982600,0.0,0.0
2026-06-30,286.2300109863281,300.2300109863281,286.2300109863281,298.07000732421875,296.5516357421875,10944300,0.0,0.0
2026-07-01,294.1000061035156,303.29998779296875,293.07000732421875,298.4100036621094,296.889892578125,8737100,0.0,0.0
2026-07-02,299.9800109863281,305.2699890136719,288.6199951171875,293.0799865722656,291.5870361328125,9766000,0.0,0.0
2026-07-06,299.6600036621094,306.0199890136719,299.239990234375,303.5,301.9539794921875,6726400,0.0,0.0
2026-07-07,292.67999267578125,296.3800048828125,285.3900146484375,293.29998779296875,291.805908203125,8287400,0.0,0.0
2026-07-08,288.0,307.42999267578125,288.0,301.32000732421875,299.78509521484375,6535400,0.0,0.0
2026-07-09,309.8500061035156,315.3399963378906,305.4100036621094,308.5299987792969,306.9583435058594,6228700,0.0,0.0
2026-07-10,304.20001220703125,312.92999267578125,303.3999938964844,311.4599914550781,309.8734130859375,4141500,0.0,0.0
2026-07-13,308.5199890136719,308.5199890136719,296.80999755859375,298.57000732421875,297.0491027832031,7559500,0.0,0.0
2026-07-14,309.0199890136719,310.57000732421875,301.8900146484375,305.54998779296875,303.9935302734375,5836800,0.0,0.0
2026-07-15,312.010009765625,312.010009765625,295.510009765625,301.19000244140625,299.6557312011719,6393100,0.0,0.0
2026-07-16,293.510009765625,294.760009765625,288.5,291.2200012207031,289.7365417480469,7151300,0.0,0.0
2026-07-17,282.8900146484375,289.25,279.2300109863281,284.0199890136719,282.57318115234375,7655000,0.0,0.0
2026-07-20,288.30999755859375,292.69000244140625,283.489990234375,284.07000732421875,282.6229553222656,5206900,0.0,0.0
2026-07-21,296.1099853515625,297.5899963378906,290.07000732421875,291.29998779296875,289.81610107421875,10204200,0.0,0.0
2026-07-22,285.2099914550781,296.25,285.2099914550781,294.19000244140625,292.69140625,10747300,0.0,0.0
2026-07-23,277.29998779296875,288.3299865722656,274.1000061035156,284.989990234375,283.5382385253906,11742800,0.0,0.0
2026-07-24,281.1099853515625,283.8900146484375,276.29998779296875,279.5799865722656,278.15582275390625,8270000,0.0,0.0
2026-07-27,281.7900085449219,284.3299865722656,273.6700134277344,279.4100036621094,277.9866943359375,9072800,0.0,0.0
2026-07-28,275.4599914550781,282.80999755859375,273.45001220703125,277.07000732421875,275.6585998535156,11160400,0.0,0.0
2026-07-29,278.5799865722656,281.6199951171875,268.760009765625,271.29998779296875,269.9179992675781,10212400,0.0,0.0
2026-07-30,276.82000732421875,283.5799865722656,274.3500061035156,278.760009765625,277.3399963378906,9238400,0.0,0.0
2026-07-31,284.05999755859375,285.1099853515625,273.5899963378906,275.739990234375,275.739990234375,8835500,1.42,0.0
2026-08-03,272.8299865722656,273.3399963378906,264.739990234375,269.0400085449219,269.0400085449219,8017300,0.0,0.0
2026-08-04,277.489990234375,285.5799865722656,275.1199951171875,283.6300048828125,283.6300048828125,8978800,0.0,0.0
2026-08-05,280.8999938964844,284.1300048828125,276.5,277.7200012207031,277.7200012207031,5414400,0.0,0.0
2026-08-06,274.6199951171875,283.29998779296875,272.6499938964844,278.3999938964844,278.3999938964844,4795100,0.0,0.0
2026-08-07,283.739990234375,286.1700134277344,280.9700012207031,286.0799865722656,286.0799865722656,7713700,0.0,0.0
2026-08-10,288.07000732421875,288.760009765625,280.1600036621094,280.44000244140625,280.44000244140625,4210800,0.0,0.0
2026-08-11,284.82000732421875,285.8900146484375,278.6199951171875,281.239990234375,281.239990234375,4470100,0.0,0.0
2026-08-12,289.5899963378906,289.6199951171875,276.3599853515625,276.5899963378906,276.5899963378906,5904600,0.0,0.0
2026-08-13,277.1600036621094,279.9700012207031,272.7799987792969,273.42999267578125,273.42999267578125,5327700,0.0,0.0
2026-08-14,273.6199951171875,280.2799987792969,272.510009765625,279.5799865722656,279.5799865722656,4762600,0.0,0.0
2026-08-17,280.0,286.2099914550781,279.0,282.9100036621094,282.9100036621094,5993600,0.0,0.0
2026-08-18,276.0799865722656,278.989990234375,268.6700134277344,272.239990234375,272.239990234375,7931700,0.0,0.0
2026-08-19,274.1000061035156,277.3699951171875,266.3900146484375,267.45001220703125,267.45001220703125,6742800,0.0,0.0
2026-08-20,267.5299987792969,270.5,264.760009765625,265.6000061035156,265.6000061035156,5277600,0.0,0.0
2026-08-21,269.7900085449219,269.7900085449219,261.6300048828125,264.3599853515625,264.3599853515625,5514300,0.0,0.0
2026-08-24,262.5199890136719,263.3299865722656,255.17999267578125,258.94000244140625,258.94000244140625,6610300,0.0,0.0
2026-08-25,262.7799987792969,262.7799987792969,256.9700012207031,260.04998779296875,260.04998779296875,4259100,0.0,0.0
2026-08-26,260.5,263.20001220703125,259.489990234375,261.7699890136719,261.7699890136719,3793600,0.0,0.0
2026-08-27,262.6000061035156,267.4800109863281,261.1000061035156,266.5400085449219,266.5400085449219,5602900,0.0,0.0
2026-08-28,265.239990234375,267.42999267578125,255.97000122070312,258.6400146484375,258.6400146484375,5861100,0.0,0.0
2026-08-31,261.25,262.3800048828125,259.9599914550781,260.9100036621094,260.9100036621094,5759500,0.0,0.0
2026-09-01,256.19000244140625,257.6199951171875,250.42999267578125,253.33999633789062,253.33999633789062,7214600,0.0,0.0
2026-09-02,253.33999633789062,258.0400085449219,251.0500030517578,254.8000030517578,254.8000030517578,3879400,0.0,0.0
2026-09-03,252.0800018310547,254.57000732421875,248.1300048828125,253.8300018310547,253.8300018310547,4300000,0.0,0.0
2026-09-04,256.55999755859375,261.0199890136719,255.5,258.44000244140625,258.44000244140625,4242600,0.0,0.0
2026-09-08,260.92999267578125,261.8999938964844,256.4599914550781,258.9200134277344,258.9200134277344,5437000,0.0,0.0
2026-09-09,256.3500061035156,262.739990234375,256.3500061035156,261.5899963378906,261.5899963378906,4253000,0.0,0.0
2026-09-10,256.760009765625,261.7200012207031,255.82000732421875,258.82000732421875,258.82000732421875,5840200,0.0,0.0
2026-09-11,263.2300109863281,273.3299865722656,261.44000244140625,268.70001220703125,268.70001220703125,5255900,0.0,0.0
2026-09-14,256.7799987792969,266.1000061035156,256.7799987792969,263.4200134277344,263.4200134277344,6860400,0.0,0.0
2026-09-15,265.1099853515625,267.70001220703125,262.260009765625,263.42999267578125,263.42999267578125,4411600,0.0,0.0
2026-09-16,267.25,267.9700012207031,258.1400146484375,260.6700134277344,260.6700134277344,3646200,0.0,0.0
2026-09-17,265.0400085449219,266.82000732421875,257.1000061035156,258.1400146484375,258.1400146484375,6517200,0.0,0.0
2026-09-18,260.82000732421875,268.2799987792969,259.8299865722656,266.6400146484375,266.6400146484375,19052200,0.0,0.0
2026-09-21,267.6700134277344,271.7799987792969,262.2200012207031,270.8699951171875,270.8699951171875,7901400,0.0,0.0
2026-09-22,268.8399963378906,271.6400146484375,267.42999267578125,271.4100036621094,271.4100036621094,8298300,0.0,0.0
2026-09-23,271.489990234375,272.8999938964844,266.5899963378906,272.6199951171875,272.6199951171875,5555000,0.0,0.0
2026-09-24,270.0,272.2099914550781,266.7900085449219,270.6499938964844,270.6499938964844,3340900,0.0,0.0
2026-09-25,270.6099853515625,278.69000244140625,269.5299987792969,278.07000732421875,278.07000732421875,3960200,0.0,0.0
2026-09-28,277.6000061035156,279.3299865722656,273.8999938964844,278.30999755859375,278.30999755859375,4933200,0.0,0.0
2026-09-29,283.07000732421875,284.3900146484375,280.2300109863281,281.69000244140625,281.69000244140625,5033300,0.0,0.0
2026-09-30,281.1700134277344,283.5,279.2200012207031,280.0899963378906,280.0899963378906,3959000,0.0,0.0
2026-10-01,281.5400085449219,283.6700134277344,278.0899963378906,281.30999755859375,281.30999755859375,3696200,0.0,0.0
2026-10-02,290.0,297.05999755859375,288.20001220703125,293.79998779296875,293.79998779296875,5050700,0.0,0.0
