Date,Open,High,Low,Close,Adj Close,Volume,Dividends,Stock Splits
2015-01-02,101.5,102.62000274658203,100.01000213623047,100.77999877929688,82.84262084960938,3060900,0.0,0.0
2015-01-05,100.30000305175781,100.44999694824219,98.75,99.12000274658203,81.4780502319336,4679000,0.0,0.0
2015-01-06,99.83000183105469,100.13999938964844,98.45999908447266,98.91999816894531,81.31362915039062,3468300,0.0,0.0
2015-01-07,98.95999908447266,100.30000305175781,98.91999816894531,99.93000030517578,82.14386749267578,3225800,0.0,0.0
2015-01-08,101.56999969482422,104.9800033569336,100.72000122070312,104.69999694824219,86.06489562988281,5346100,0.0,0.0
2015-01-09,104.41999816894531,104.62999725341797,102.9000015258789,103.72000122070312,85.2593002319336,3397600,0.0,0.0
2015-01-12,103.83000183105469,104.0,101.91000366210938,102.55000305175781,84.2975845336914,3051500,0.0,0.0
2015-01-13,103.94000244140625,105.5999984741211,101.83999633789062,103.06999969482422,84.72499084472656,3856500,0.0,0.0
2015-01-14,101.61000061035156,103.4800033569336,101.18000030517578,103.33000183105469,84.938720703125,4725600,0.0,0.0
2015-01-15,103.55999755859375,104.58999633789062,103.12999725341797,104.45999908447266,85.86759948730469,5888900,0.0,0.0
2015-01-16,104.5,106.0,103.6500015258789,105.7699966430664,86.94441223144531,6045500,0.0,0.0
2015-01-20,106.19999694824219,106.37999725341797,104.5,105.62000274658203,86.8211441040039,6526800,0.0,0.0
2015-01-21,106.5199966430664,109.44999694824219,105.62000274658203,109.31999969482422,89.8625717163086,8293700,0.0,0.0
2015-01-22,109.75,114.12000274658203,109.33000183105469,113.8499984741211,93.58631896972656,8055200,0.0,0.0
2015-01-23,113.63999938964844,114.31999969482422,112.0,112.0,92.06558990478516,5256000,0.0,0.0
2015-01-26,112.0,112.0,110.76000213623047,111.61000061035156,91.74500274658203,4203400,0.0,0.0
2015-01-27,110.94999694824219,111.25,109.91999816894531,110.01000213623047,90.42977905273438,4718300,0.0,0.0
2015-01-28,110.56999969482422,110.87999725341797,108.44999694824219,108.45999908447266,89.15564727783203,6633500,0.0,0.0
2015-01-29,108.1500015258789,109.58000183105469,106.73999786376953,109.38999938964844,89.92012023925781,4912300,0.0,0.0
2015-01-30,108.62000274658203,109.38999938964844,106.13999938964844,106.25,87.33902740478516,5397500,0.0,0.0
2015-02-02,106.7300033569336,107.33999633789062,105.06999969482422,107.29000091552734,88.19392395019531,4657100,0.0,0.0
2015-02-03,107.3499984741211,108.0,106.5199966430664,107.80999755859375,88.62135314941406,4192600,0.0,0.0
2015-02-04,106.83000183105469,108.73999786376953,106.75,107.91999816894531,88.71179962158203,4768900,0.0,0.0
2015-02-05,108.31999969482422,109.80999755859375,108.31999969482422,108.81999969482422,89.45159912109375,3297700,0.0,0.0
2015-02-06,108.58999633789062,109.4000015258789,107.19000244140625,107.5999984741211,88.44873809814453,3661400,0.0,0.0
2015-02-09,106.93000030517578,107.23999786376953,106.27999877929688,106.48999786376953,87.5362777709961,3909700,0.0,0.0
2015-02-10,107.26000213623047,109.45999908447266,107.12999725341797,108.97000122070312,89.57489013671875,5437400,0.0,0.0
2015-02-11,108.7300033569336,110.05999755859375,108.37999725341797,109.8499984741211,90.29825592041016,3798500,0.0,0.0
2015-02-12,110.69999694824219,110.77999877929688,108.83000183105469,109.83999633789062,90.29003143310547,3378000,0.0,0.0
2015-02-13,109.69000244140625,109.83999633789062,108.68000030517578,109.44000244140625,89.96126556396484,3727600,0.0,0.0
2015-02-17,109.33999633789062,109.76000213623047,108.5199966430664,109.76000213623047,90.2242660522461,3430600,0.0,0.0
2015-02-18,109.76000213623047,110.22000122070312,108.94999694824219,109.7699966430664,90.23250579833984,2958700,0.0,0.0
2015-02-19,109.54000091552734,110.36000061035156,109.44000244140625,110.02999877929688,90.44623565673828,2674800,0.0,0.0
2015-02-20,109.95999908447266,112.81999969482422,109.44000244140625,112.62000274658203,92.57524871826172,4647100,0.0,0.0
2015-02-23,112.98999786376953,116.48999786376953,112.8499984741211,116.4000015258789,95.68244934082031,7060000,0.0,0.0
2015-02-24,116.26000213623047,116.58000183105469,115.31999969482422,115.43000030517578,94.88508605957031,3582800,0.0,0.0
2015-02-25,115.81999969482422,115.81999969482422,113.72000122070312,114.05000305175781,93.75071716308594,3845900,0.0,0.0
2015-02-26,114.41000366210938,114.62000274658203,113.37000274658203,113.66000366210938,93.43013000488281,3126800,0.0,0.0
2015-02-27,113.7699966430664,114.25,113.41000366210938,113.62999725341797,93.40547943115234,4016400,0.0,0.0
2015-03-02,113.62999725341797,114.8499984741211,113.62999725341797,114.4000015258789,94.03840637207031,2952200,0.0,0.0
2015-03-03,113.94999694824219,114.48999786376953,112.36000061035156,112.86000061035156,92.77252197265625,3163700,0.0,0.0
2015-03-04,112.25,113.97000122070312,111.6500015258789,113.81999969482422,93.56165313720703,3180900,0.0,0.0
2015-03-05,114.06999969482422,115.72000122070312,114.06999969482422,114.79000091552734,94.35902404785156,2941400,0.0,0.0
2015-03-06,115.16000366210938,115.16000366210938,112.61000061035156,112.87999725341797,92.78898620605469,3196900,0.0,0.0
2015-03-09,112.97000122070312,114.95999908447266,112.87000274658203,114.9000015258789,94.44941711425781,3942000,0.0,0.0
2015-03-10,114.26000213623047,114.41000366210938,112.45999908447266,112.45999908447266,92.44374084472656,3957900,0.0,0.0
2015-03-11,112.9000015258789,113.58999633789062,112.63999938964844,112.72000122070312,92.9674301147461,2593700,0.375,0.0
2015-03-12,113.31999969482422,115.05000305175781,113.1500015258789,114.87999725341797,94.74896240234375,3258600,0.0,0.0
2015-03-13,114.44000244140625,115.38999938964844,113.52999877929688,115.25,95.0541000366211,3066800,0.0,0.0
2015-03-16,116.0,118.69000244140625,115.81999969482422,118.5199966430664,97.75111389160156,4692200,0.0,0.0
2015-03-17,118.08000183105469,118.12999725341797,116.91999816894531,117.5999984741211,96.9923095703125,3303500,0.0,0.0
2015-03-18,117.43000030517578,120.5199966430664,116.7300033569336,119.95999908447266,98.93875122070312,5533500,0.0,0.0
2015-03-19,120.0,121.0999984741211,119.81999969482422,120.76000213623047,99.59856414794922,4032500,0.0,0.0
2015-03-20,121.3499984741211,121.52999877929688,119.0,119.13999938964844,98.26244354248047,7195700,0.0,0.0
2015-03-23,119.4800033569336,120.4800033569336,118.58999633789062,119.04000091552734,98.17996215820312,4576500,0.0,0.0
2015-03-24,118.9000015258789,119.63999938964844,118.08000183105469,118.12000274658203,97.42118835449219,3054700,0.0,0.0
2015-03-25,118.8499984741211,119.75,116.51000213623047,116.54000091552734,96.1180419921875,3385500,0.0,0.0
2015-03-26,116.06999969482422,117.20999908447266,114.5999984741211,116.25,95.87887573242188,2856400,0.0,0.0
2015-03-27,116.05999755859375,118.22000122070312,116.0199966430664,118.01000213623047,97.33045196533203,2608500,0.0,0.0
2015-03-30,122.31999969482422,123.76000213623047,120.52999877929688,121.0,99.79649353027344,5178500,0.0,0.0
2015-03-31,120.80000305175781,120.93000030517578,118.22000122070312,118.29000091552734,97.56139373779297,4573100,0.0,0.0
2015-04-01,119.5199966430664,119.5199966430664,116.54000091552734,117.44999694824219,96.86859130859375,4826200,0.0,0.0
2015-04-02,117.5999984741211,118.37999725341797,116.87000274658203,117.36000061035156,96.79437255859375,2497100,0.0,0.0
2015-04-06,116.0199966430664,118.5199966430664,115.94999694824219,117.69999694824219,97.07477569580078,2544700,0.0,0.0
2015-04-07,119.44999694824219,119.83000183105469,117.2699966430664,117.3499984741211,96.78607940673828,2528500,0.0,0.0
2015-04-08,117.77999877929688,118.83000183105469,117.47000122070312,118.19000244140625,97.4788818359375,2627000,0.0,0.0
2015-04-09,117.83000183105469,118.76000213623047,117.5999984741211,118.55000305175781,97.77580261230469,2247200,0.0,0.0
2015-04-10,118.55000305175781,119.0999984741211,117.97000122070312,119.0,98.14696502685547,2232600,0.0,0.0
2015-04-13,121.0,121.30999755859375,119.12999725341797,119.37000274658203,98.45214080810547,3961000,0.0,0.0
2015-04-14,119.33999633789062,120.18000030517578,118.5199966430664,119.91999816894531,98.90574645996094,3208800,0.0,0.0
2015-04-15,120.37999725341797,120.73999786376953,116.55000305175781,117.31999969482422,96.76136779785156,7344000,0.0,0.0
2015-04-16,121.93000030517578,122.31999969482422,120.5199966430664,121.5999984741211,100.29136657714844,7068000,0.0,0.0
2015-04-17,121.0,121.05000305175781,117.73999786376953,118.70999908447266,97.90778350830078,4390000,0.0,0.0
2015-04-20,119.8499984741211,120.33000183105469,118.06999969482422,118.58000183105469,97.80056762695312,4650700,0.0,0.0
2015-04-21,119.0,119.62999725341797,118.76000213623047,119.27999877929688,98.37791442871094,3379800,0.0,0.0
2015-04-22,119.54000091552734,119.94000244140625,117.16999816894531,117.80999755859375,97.16551208496094,3846700,0.0,0.0
2015-04-23,117.4800033569336,118.58000183105469,116.95999908447266,118.26000213623047,97.5366439819336,3244300,0.0,0.0
2015-04-24,118.27999877929688,119.08999633789062,118.0199966430664,118.69000244140625,97.89130401611328,3139200,0.0,0.0
2015-04-27,119.18000030517578,119.41000366210938,116.06999969482422,116.23999786376953,95.87061309814453,5174300,0.0,0.0
2015-04-28,116.88999938964844,117.73999786376953,114.27999877929688,117.58999633789062,96.98403930664062,4144800,0.0,0.0
2015-04-29,116.22000122070312,117.31999969482422,112.04000091552734,113.61000061035156,93.70149993896484,7122600,0.0,0.0
2015-04-30,113.52999877929688,114.33000183105469,111.12000274658203,111.4000015258789,91.8787612915039,6705600,0.0,0.0
2015-05-01,112.29000091552734,113.66000366210938,111.73999786376953,113.19999694824219,93.36334228515625,5805100,0.0,0.0
2015-05-04,113.69999694824219,114.93000030517578,113.44999694824219,114.55999755859375,94.4850082397461,3531500,0.0,0.0
2015-05-05,113.94000244140625,114.27999877929688,113.01000213623047,113.37000274658203,93.50354766845703,3960400,0.0,0.0
2015-05-06,114.0,114.48999786376953,112.66000366210938,113.48999786376953,93.60250091552734,3369800,0.0,0.0
2015-05-07,113.1500015258789,115.13999938964844,113.11000061035156,114.76000213623047,94.64997863769531,3300200,0.0,0.0
2015-05-08,115.93000030517578,116.58999633789062,115.05000305175781,115.68000030517578,95.40876770019531,3066000,0.0,0.0
2015-05-11,115.61000061035156,115.79000091552734,114.72000122070312,114.7699966430664,94.65821075439453,3376400,0.0,0.0
2015-05-12,114.2300033569336,115.08000183105469,113.83000183105469,114.63999938964844,94.55099487304688,3844600,0.0,0.0
2015-05-13,114.62000274658203,116.30000305175781,114.62000274658203,115.86000061035156,95.55721282958984,3667700,0.0,0.0
2015-05-14,117.18000030517578,118.62000274658203,116.20999908447266,118.52999877929688,97.75932312011719,4771400,0.0,0.0
2015-05-15,118.77999877929688,119.3499984741211,118.30999755859375,119.33000183105469,98.41915130615234,3083800,0.0,0.0
2015-05-18,119.22000122070312,119.9800033569336,118.83999633789062,119.80000305175781,98.80679321289062,2824700,0.0,0.0
2015-05-19,119.81999969482422,121.12999725341797,119.69000244140625,120.55000305175781,99.42536163330078,3554900,0.0,0.0
2015-05-20,120.7300033569336,121.8499984741211,120.02999877929688,121.23999786376953,99.9944076538086,3379200,0.0,0.0
2015-05-21,120.76000213623047,120.83999633789062,120.05000305175781,120.45999908447266,99.35113525390625,2983500,0.0,0.0
2015-05-22,120.30000305175781,120.77999877929688,119.13999938964844,119.58999633789062,98.6335678100586,2945900,0.0,0.0
2015-05-26,119.22000122070312,119.58999633789062,117.69999694824219,118.23999786376953,97.52013397216797,3014500,0.0,0.0
2015-05-27,118.87999725341797,119.8499984741211,118.2699966430664,119.44999694824219,98.51811218261719,2887700,0.0,0.0
2015-05-28,119.30999755859375,119.81999969482422,118.29000091552734,119.62000274658203,98.65835571289062,2873600,0.0,0.0
2015-05-29,120.05999755859375,121.62000274658203,117.73999786376953,120.20999908447266,99.14494323730469,6019900,0.0,0.0
2015-06-01,120.54000091552734,120.55999755859375,118.75,119.86000061035156,98.85627746582031,3876400,0.0,0.0
2015-06-02,119.48999786376953,119.68000030517578,117.41000366210938,117.75,97.11602783203125,4219500,0.0,0.0
2015-06-03,118.0,118.98999786376953,117.44999694824219,118.3499984741211,97.6108627319336,3438100,0.0,0.0
2015-06-04,117.91999816894531,117.97000122070312,116.02999877929688,116.6500015258789,96.2087631225586,3300300,0.0,0.0
2015-06-05,116.33000183105469,116.75,115.36000061035156,116.52999877929688,96.10980224609375,2724500,0.0,0.0
2015-06-08,116.37999725341797,117.66999816894531,116.31999969482422,116.91000366210938,96.42320251464844,3271300,0.0,0.0
2015-06-09,116.93000030517578,117.37999725341797,115.79000091552734,116.98999786376953,96.48920440673828,3047300,0.0,0.0
2015-06-10,117.02999877929688,118.87999725341797,116.7300033569336,118.55000305175781,97.77580261230469,4006400,0.0,0.0
2015-06-11,118.41000366210938,119.94000244140625,118.22000122070312,119.31999969482422,98.82772064208984,3815600,0.5,0.0
2015-06-12,118.83999633789062,119.0,117.5,117.6500015258789,97.44451141357422,3076600,0.0,0.0
2015-06-15,116.83000183105469,120.87999725341797,116.0,118.9800033569336,98.54609680175781,6809500,0.0,0.0
2015-06-16,119.13999938964844,122.18000030517578,119.0,121.55000305175781,100.67472076416016,7229400,0.0,0.0
2015-06-17,121.9000015258789,122.19999694824219,119.16999816894531,119.73999786376953,99.17556762695312,4805900,0.0,0.0
2015-06-18,120.38999938964844,121.37999725341797,119.91999816894531,120.88999938964844,100.12805938720703,3478300,0.0,0.0
2015-06-19,120.6500015258789,120.87999725341797,119.9000015258789,120.33000183105469,99.66427612304688,4178700,0.0,0.0
2015-06-22,121.62999725341797,122.2300033569336,119.94000244140625,120.25,99.59799194335938,4435600,0.0,0.0
2015-06-23,121.37000274658203,122.7699966430664,121.01000213623047,122.73999786376953,101.66033172607422,4991000,0.0,0.0
2015-06-24,122.80000305175781,123.0,119.0999984741211,119.16999816894531,98.70345306396484,4650500,0.0,0.0
2015-06-25,119.56999969482422,123.41000366210938,119.5,122.33000183105469,101.32076263427734,6149500,0.0,0.0
2015-06-26,123.79000091552734,124.11000061035156,122.7300033569336,123.25,102.08277893066406,16358200,0.0,0.0
2015-06-29,122.04000091552734,123.02999877929688,121.11000061035156,121.19000244140625,100.37657165527344,3604000,0.0,0.0
2015-06-30,122.41999816894531,122.94000244140625,121.0,122.0,101.04743957519531,4982600,0.0,0.0
2015-07-01,122.94999694824219,123.6500015258789,122.22000122070312,123.37999725341797,102.19043731689453,3269300,0.0,0.0
2015-07-02,123.81999969482422,123.87999725341797,121.0199966430664,121.80999755859375,100.89007568359375,3682300,0.0,0.0
2015-07-06,119.5999984741211,123.0999984741211,119.26000213623047,122.16000366210938,101.17997741699219,6522800,0.0,0.0
2015-07-07,122.36000061035156,122.80000305175781,117.80999755859375,120.69999694824219,99.970703125,6476200,0.0,0.0
2015-07-08,119.05000305175781,119.98999786376953,118.4000015258789,118.77999877929688,98.38043975830078,4009800,0.0,0.0
2015-07-09,120.04000091552734,120.55999755859375,119.30999755859375,119.33999633789062,98.84429168701172,3315600,0.0,0.0
2015-07-10,120.98999786376953,122.75,120.69999694824219,122.1500015258789,101.17168426513672,4033500,0.0,0.0
2015-07-13,123.0999984741211,123.75,121.80999755859375,122.44999694824219,101.420166015625,3766900,0.0,0.0
2015-07-14,122.18000030517578,125.19999694824219,122.0,125.0,103.5322265625,4192400,0.0,0.0
2015-07-15,124.94999694824219,126.05000305175781,123.80999755859375,125.86000061035156,104.24451446533203,5067300,0.0,0.0
2015-07-16,125.41999816894531,125.5,122.0999984741211,124.93000030517578,103.47425079345703,7216600,0.0,0.0
2015-07-17,124.69999694824219,124.9800033569336,123.69999694824219,123.8499984741211,102.57971954345703,3702700,0.0,0.0
2015-07-20,124.05000305175781,124.2300033569336,122.33000183105469,122.6500015258789,101.5858154296875,3199700,0.0,0.0
2015-07-21,122.56999969482422,122.72000122070312,120.33999633789062,120.86000061035156,100.10321807861328,4239100,0.0,0.0
2015-07-22,120.97000122070312,121.23999786376953,120.08000183105469,120.61000061035156,99.89613342285156,3384700,0.0,0.0
2015-07-23,121.62999725341797,121.68000030517578,118.76000213623047,119.33000183105469,98.83602142333984,4896100,0.0,0.0
2015-07-24,119.12000274658203,119.72000122070312,117.58000183105469,117.94000244140625,97.68473815917969,3840600,0.0,0.0
2015-07-27,117.87999725341797,118.08999633789062,116.66000366210938,117.87999725341797,97.63502502441406,3752300,0.0,0.0
2015-07-28,118.73999786376953,121.56999969482422,118.5,121.5199966430664,100.64986419677734,5216900,0.0,0.0
2015-07-29,121.81999969482422,122.11000061035156,120.62000274658203,121.5199966430664,100.64986419677734,3924400,0.0,0.0
2015-07-30,121.13999938964844,121.91999816894531,119.55000305175781,120.55999755859375,99.85475158691406,3732400,0.0,0.0
2015-07-31,120.47000122070312,122.72000122070312,120.47000122070312,121.4000015258789,100.55046081542969,3593000,0.0,0.0
2015-08-03,121.61000061035156,122.16999816894531,120.13999938964844,120.88999938964844,100.12805938720703,2541300,0.0,0.0
2015-08-04,121.58000183105469,121.62999725341797,120.2300033569336,120.83999633789062,100.086669921875,2058200,0.0,0.0
2015-08-05,121.76000213623047,124.23999786376953,121.76000213623047,123.91999816894531,102.6376953125,3831900,0.0,0.0
2015-08-06,124.37000274658203,124.63999938964844,121.80000305175781,122.04000091552734,101.08057403564453,3014900,0.0,0.0
2015-08-07,121.70999908447266,121.86000061035156,120.26000213623047,121.81999969482422,100.8983383178711,2276300,0.0,0.0
2015-08-10,122.5,123.33999633789062,121.94000244140625,122.4800033569336,101.44499206542969,2480000,0.0,0.0
2015-08-11,121.2699966430664,123.0199966430664,121.2699966430664,122.26000213623047,101.2627944946289,2756000,0.0,0.0
2015-08-12,121.26000213623047,121.77999877929688,119.05000305175781,121.19999694824219,100.38484191894531,3005300,0.0,0.0
2015-08-13,121.33000183105469,121.98999786376953,120.29000091552734,120.5199966430664,99.82160186767578,3253400,0.0,0.0
2015-08-14,120.56999969482422,121.18000030517578,120.26000213623047,121.0199966430664,100.23572540283203,2040500,0.0,0.0
2015-08-17,120.4000015258789,123.94999694824219,120.30000305175781,123.81999969482422,102.55487060546875,2951800,0.0,0.0
2015-08-18,123.87999725341797,126.20999908447266,123.81999969482422,125.5,103.94635009765625,4140200,0.0,0.0
2015-08-19,124.70999908447266,124.98999786376953,122.8499984741211,123.22000122070312,102.05792999267578,3411500,0.0,0.0
2015-08-20,122.23999786376953,122.41999816894531,119.79000091552734,119.79000091552734,99.21699523925781,3201600,0.0,0.0
2015-08-21,118.25,118.80000305175781,116.01000213623047,116.27999877929688,96.30982971191406,5627800,0.0,0.0
2015-08-24,110.86000061035156,112.43000030517578,95.0,110.43000030517578,91.46451568603516,8824900,0.0,0.0
2015-08-25,113.0,114.58999633789062,109.80000305175781,109.9800033569336,91.091796875,8109900,0.0,0.0
2015-08-26,112.55999755859375,113.83000183105469,110.27999877929688,113.45999908447266,93.97411346435547,7503200,0.0,0.0
2015-08-27,115.25,117.83000183105469,114.95999908447266,117.7699966430664,97.54389953613281,5783700,0.0,0.0
2015-08-28,117.38999938964844,117.83999633789062,116.0,117.27999877929688,97.13807678222656,3333100,0.0,0.0
2015-08-31,117.20999908447266,118.77999877929688,115.16000366210938,115.69999694824219,95.82941436767578,4087000,0.0,0.0
2015-09-01,113.36000061035156,114.22000122070312,112.06999969482422,112.62999725341797,93.28665161132812,4658100,0.0,0.0
2015-09-02,113.83000183105469,114.5999984741211,112.52999877929688,114.2300033569336,94.61186218261719,4522100,0.0,0.0
2015-09-03,114.73999786376953,115.91999816894531,113.45999908447266,113.98999786376953,94.41309356689453,3137100,0.0,0.0
2015-09-04,112.5,113.06999969482422,111.26000213623047,112.36000061035156,93.06301879882812,3394900,0.0,0.0
2015-09-08,114.12999725341797,116.20999908447266,113.66999816894531,116.08999633789062,96.1524429321289,3990600,0.0,0.0
2015-09-09,117.29000091552734,117.72000122070312,114.83000183105469,115.08000183105469,95.72820281982422,3753500,0.5,0.0
2015-09-10,114.8499984741211,117.94000244140625,114.7300033569336,116.7699966430664,97.13401794433594,5525700,0.0,0.0
2015-09-11,116.16999816894531,118.87000274658203,115.86000061035156,118.69999694824219,98.73944854736328,3752500,0.0,0.0
2015-09-14,119.02999877929688,119.5,117.1500015258789,117.80000305175781,97.99079895019531,2686500,0.0,0.0
2015-09-15,118.61000061035156,120.61000061035156,117.43000030517578,120.02999877929688,99.84581756591797,3072100,0.0,0.0
2015-09-16,120.2699966430664,121.36000061035156,119.55000305175781,121.1500015258789,100.77747344970703,3475700,0.0,0.0
2015-09-17,121.5,125.12000274658203,120.9000015258789,123.26000213623047,102.53267669677734,5466500,0.0,0.0
2015-09-18,122.20999908447266,123.7699966430664,121.81999969482422,122.47000122070312,101.87549591064453,7458400,0.0,0.0
2015-09-21,123.48999786376953,124.2699966430664,121.38999938964844,123.94000244140625,103.09832763671875,3476700,0.0,0.0
2015-09-22,121.44000244140625,123.79000091552734,121.44000244140625,122.93000030517578,102.25814819335938,4566800,0.0,0.0
2015-09-23,123.0,124.20999908447266,122.04000091552734,123.27999877929688,102.5492935180664,3131300,0.0,0.0
2015-09-24,122.3499984741211,122.62999725341797,119.2699966430664,121.08999633789062,100.72755432128906,4735800,0.0,0.0
2015-09-25,122.18000030517578,122.41000366210938,115.2300033569336,116.37000274658203,96.80126190185547,8060200,0.0,0.0
2015-09-28,115.55000305175781,115.81999969482422,111.01000213623047,112.69999694824219,93.74840545654297,5727000,0.0,0.0
2015-09-29,112.88999938964844,114.86000061035156,111.61000061035156,114.22000122070312,95.01278686523438,5142700,0.0,0.0
2015-09-30,115.38999938964844,116.91999816894531,114.87999725341797,116.01000213623047,96.50182342529297,4638600,0.0,0.0
2015-10-01,115.94000244140625,116.70999908447266,114.91000366210938,116.61000061035156,97.00091552734375,3768300,0.0,0.0
2015-10-02,115.13999938964844,118.8499984741211,114.81999969482422,118.83000183105469,98.84761047363281,3521600,0.0,0.0
2015-10-05,119.66999816894531,120.33999633789062,118.12999725341797,119.6500015258789,99.52971649169922,3491200,0.0,0.0
2015-10-06,119.45999908447266,119.5999984741211,114.66999816894531,116.05000305175781,96.53508758544922,4652000,0.0,0.0
2015-10-07,116.45999908447266,116.80999755859375,114.5999984741211,116.43000030517578,96.8511962890625,4282000,0.0,0.0
2015-10-08,116.43000030517578,116.94000244140625,114.9000015258789,116.08000183105469,96.56004333496094,3646500,0.0,0.0
2015-10-09,115.98999786376953,119.47000122070312,115.95999908447266,119.2699966430664,99.21360778808594,4485100,0.0,0.0
2015-10-12,119.01000213623047,123.06999969482422,118.55999755859375,122.51000213623047,101.90876007080078,5840000,0.0,0.0
2015-10-13,123.16000366210938,125.98999786376953,121.58999633789062,123.98999786376953,103.139892578125,6655700,0.0,0.0
2015-10-14,123.8499984741211,125.0,120.83999633789062,122.06999969482422,101.54277038574219,5592200,0.0,0.0
2015-10-15,119.0,120.5,115.95999908447266,120.16999816894531,99.9622573852539,8012400,0.0,0.0
2015-10-16,120.8499984741211,120.8499984741211,118.58000183105469,119.9800033569336,99.80421447753906,4416500,0.0,0.0
2015-10-19,119.77999877929688,120.91000366210938,119.19999694824219,120.7300033569336,100.4281234741211,3707500,0.0,0.0
2015-10-20,120.63999938964844,121.56999969482422,119.69000244140625,120.41999816894531,100.17021942138672,3278400,0.0,0.0
2015-10-21,120.69000244140625,120.80000305175781,115.2699966430664,118.11000061035156,98.24867248535156,5305600,0.0,0.0
2015-10-22,118.20999908447266,119.02999877929688,110.06999969482422,113.80999755859375,94.67176055908203,10475000,0.0,0.0
2015-10-23,114.44999694824219,116.62000274658203,114.04000091552734,115.91999816894531,96.42694854736328,5497500,0.0,0.0
2015-10-26,115.91999816894531,117.0,115.0,116.52999877929688,96.93436431884766,3377100,0.0,0.0
2015-10-27,116.38999938964844,119.5199966430664,115.9000015258789,119.37000274658203,99.29680633544922,4008400,0.0,0.0
2015-10-28,119.76000213623047,120.13999938964844,115.91000366210938,119.77999877929688,99.6378402709961,4405500,0.0,0.0
2015-10-29,119.79000091552734,121.66999816894531,119.5,119.70999908447266,99.57962036132812,3257500,0.0,0.0
2015-10-30,119.93000030517578,120.37000274658203,117.77999877929688,117.77999877929688,97.97415924072266,4237800,0.0,0.0
2015-11-02,118.63999938964844,119.94999694824219,117.83999633789062,118.69000244140625,98.73115539550781,3874200,0.0,0.0
2015-11-03,118.16999816894531,118.45999908447266,116.25,117.66000366210938,97.8743667602539,2758200,0.0,0.0
2015-11-04,117.5999984741211,117.75,114.05999755859375,114.63999938964844,95.36219787597656,5396100,0.0,0.0
2015-11-05,114.9800033569336,116.7699966430664,113.62999725341797,116.2300033569336,96.68480682373047,4009100,0.0,0.0
2015-11-06,115.2300033569336,115.80000305175781,114.01000213623047,114.80999755859375,95.50362396240234,4106900,0.0,0.0
2015-11-09,114.12999725341797,114.63999938964844,113.01000213623047,114.26000213623047,95.04609680175781,2755100,0.0,0.0
2015-11-10,114.2699966430664,116.19999694824219,114.02999877929688,115.88999938964844,96.4020004272461,2842600,0.0,0.0
2015-11-11,116.3499984741211,116.86000061035156,114.3499984741211,114.54000091552734,95.27899932861328,2374200,0.0,0.0
2015-11-12,113.76000213623047,114.73999786376953,112.52999877929688,112.81999969482422,93.8482437133789,3341300,0.0,0.0
2015-11-13,112.48999786376953,113.0199966430664,111.18000030517578,111.41000366210938,92.67534637451172,3767300,0.0,0.0
2015-11-16,110.9000015258789,114.13999938964844,110.79000091552734,113.81999969482422,94.68006134033203,2450000,0.0,0.0
2015-11-17,113.7300033569336,115.44000244140625,113.16999816894531,114.38999938964844,95.15425109863281,1981400,0.0,0.0
2015-11-18,114.25,117.52999877929688,113.75,117.25,97.53328704833984,3319900,0.0,0.0
2015-11-19,109.79000091552734,113.70999908447266,109.61000061035156,110.62999725341797,92.02649688720703,15731900,0.0,0.0
2015-11-20,110.88999938964844,114.44000244140625,110.5999984741211,112.97000122070312,93.9730224609375,7059400,0.0,0.0
2015-11-23,112.97000122070312,114.48999786376953,112.0999984741211,112.16000366210938,93.29922485351562,3780400,0.0,0.0
2015-11-24,111.37999725341797,113.44999694824219,111.05999755859375,113.19000244140625,94.15603637695312,3244800,0.0,0.0
2015-11-25,113.47000122070312,115.05000305175781,113.0,114.41000366210938,95.17086791992188,2959200,0.0,0.0
2015-11-27,114.48999786376953,115.9000015258789,114.08000183105469,114.33999633789062,95.11261749267578,1740400,0.0,0.0
2015-11-30,114.55999755859375,114.81999969482422,112.62000274658203,112.70999908447266,93.75672912597656,4605200,0.0,0.0
2015-12-01,113.52999877929688,116.37000274658203,113.05000305175781,116.26000213623047,96.70977020263672,5467000,0.0,0.0
2015-12-02,116.23999786376953,119.37999725341797,116.11000061035156,117.63999938964844,98.28038024902344,6071100,0.5,0.0
2015-12-03,117.80000305175781,118.27999877929688,114.43000030517578,115.0,96.0748519897461,4286600,0.0,0.0
2015-12-04,115.58999633789062,118.25,115.23999786376953,117.73999786376953,98.36393737792969,3588200,0.0,0.0
2015-12-07,117.88999938964844,117.88999938964844,115.19999694824219,115.91000366210938,96.8351058959961,3164300,0.0,0.0
2015-12-08,114.94999694824219,116.3499984741211,113.94999694824219,115.87999725341797,96.81002807617188,3551900,0.0,0.0
2015-12-09,115.4000015258789,116.81999969482422,114.66000366210938,115.05000305175781,96.11662292480469,3839100,0.0,0.0
2015-12-10,115.05000305175781,117.05000305175781,114.33999633789062,116.20999908447266,97.08573150634766,3202600,0.0,0.0
2015-12-11,116.20999908447266,117.33999633789062,114.62000274658203,115.9800033569336,96.8935775756836,3830800,0.0,0.0
2015-12-14,115.87999725341797,116.73999786376953,114.43000030517578,115.8499984741211,96.78495025634766,3867200,0.0,0.0
2015-12-15,116.87000274658203,118.5,116.66000366210938,117.61000061035156,98.25536346435547,3124100,0.0,0.0
2015-12-16,118.30000305175781,119.76000213623047,116.9000015258789,118.83000183105469,99.27455139160156,3516900,0.0,0.0
2015-12-17,118.83000183105469,121.08999633789062,118.63999938964844,119.22000122070312,99.60037994384766,3945800,0.0,0.0
2015-12-18,118.61000061035156,118.86000061035156,115.81999969482422,115.81999969482422,96.7598876953125,7574800,0.0,0.0
2015-12-21,116.56999969482422,117.7699966430664,116.0,117.41000366210938,98.0882568359375,3185200,0.0,0.0
2015-12-22,118.19000244140625,118.33999633789062,116.20999908447266,117.44000244140625,98.11328887939453,2821600,0.0,0.0
2015-12-23,117.9000015258789,118.83000183105469,117.55000305175781,118.69000244140625,99.15760040283203,2479600,0.0,0.0
2015-12-24,118.52999877929688,119.18000030517578,118.29000091552734,118.33999633789062,98.86519622802734,900100,0.0,0.0
2015-12-28,118.26000213623047,118.61000061035156,117.37999725341797,118.33000183105469,98.8568344116211,1582600,0.0,0.0
2015-12-29,118.87000274658203,120.41000366210938,118.69999694824219,119.81999969482422,100.1016616821289,2027600,0.0,0.0
2015-12-30,120.02999877929688,120.11000061035156,118.66000366210938,118.91999816894531,99.34972381591797,1747700,0.0,0.0
2015-12-31,118.63999938964844,119.37000274658203,117.36000061035156,117.63999938964844,98.28038024902344,2372500,0.0,0.0
2016-01-04,116.91000366210938,116.91000366210938,114.52999877929688,116.45999908447266,97.29458618164062,4991000,0.0,0.0
2016-01-05,116.72000122070312,117.88999938964844,116.20999908447266,116.68000030517578,97.47840118408203,2816800,0.0,0.0
2016-01-06,115.77999877929688,116.6500015258789,114.5,115.48999786376953,96.48420715332031,2677300,0.0,0.0
2016-01-07,113.62999725341797,114.08999633789062,111.41999816894531,112.08999633789062,93.64373016357422,5277200,0.0,0.0
2016-01-08,112.3499984741211,113.0,109.76000213623047,110.16000366210938,92.0313491821289,4422400,0.0,0.0
2016-01-11,110.51000213623047,110.62000274658203,108.19000244140625,109.58000183105469,91.54680633544922,4525800,0.0,0.0
2016-01-12,110.36000061035156,113.12999725341797,110.05000305175781,112.26000213623047,93.78575897216797,4037800,0.0,0.0
2016-01-13,112.41000366210938,113.04000091552734,108.93000030517578,109.2300033569336,91.25440979003906,3434300,0.0,0.0
2016-01-14,108.73999786376953,111.80000305175781,107.51000213623047,110.76000213623047,92.5325927734375,4238200,0.0,0.0
2016-01-15,109.08000183105469,110.6500015258789,107.79000091552734,109.2699966430664,91.28782653808594,6357000,0.0,0.0
2016-01-19,111.48999786376953,114.16000366210938,109.5999984741211,112.58000183105469,94.05310821533203,7122800,0.0,0.0
2016-01-20,112.08999633789062,115.73999786376953,110.1500015258789,114.79000091552734,95.8993911743164,8380700,0.0,0.0
2016-01-21,114.66999816894531,115.4800033569336,112.26000213623047,113.5,94.82169342041016,5413900,0.0,0.0
2016-01-22,114.66999816894531,115.1500015258789,113.88999938964844,114.33000183105469,95.51509857177734,3622200,0.0,0.0
2016-01-25,114.5199966430664,115.30999755859375,112.8499984741211,113.37999725341797,94.7214584350586,2908500,0.0,0.0
2016-01-26,112.91000366210938,114.18000030517578,111.76000213623047,113.95999908447266,95.20600128173828,4592500,0.0,0.0
2016-01-27,114.43000030517578,114.80999755859375,111.83999633789062,112.33000183105469,93.84425354003906,4720300,0.0,0.0
2016-01-28,112.29000091552734,113.25,110.61000061035156,111.37999725341797,93.0505599975586,3525600,0.0,0.0
2016-01-29,111.93000030517578,115.16000366210938,110.62000274658203,115.16000366210938,96.2085189819336,5280800,0.0,0.0
2016-02-01,114.83000183105469,116.1500015258789,114.11000061035156,115.88999938964844,96.8183822631836,4333500,0.0,0.0
2016-02-02,114.94999694824219,115.38999938964844,113.2699966430664,113.87999725341797,95.13914489746094,2997700,0.0,0.0
2016-02-03,114.37000274658203,114.37000274658203,110.30000305175781,112.75,94.19510650634766,3462300,0.0,0.0
2016-02-04,112.66999816894531,114.55000305175781,112.04000091552734,114.19999694824219,95.40650177001953,3608300,0.0,0.0
2016-02-05,114.06999969482422,114.20999908447266,110.9000015258789,111.72000122070312,93.33462524414062,3330800,0.0,0.0
2016-02-08,110.5,111.12000274658203,108.83000183105469,110.0199966430664,91.91439056396484,5050200,0.0,0.0
2016-02-09,109.37000274658203,112.27999877929688,109.13999938964844,111.16000366210938,92.86679077148438,3680200,0.0,0.0
2016-02-10,111.33000183105469,114.4800033569336,111.33000183105469,112.73999786376953,94.18675994873047,3023200,0.0,0.0
2016-02-11,111.31999969482422,111.69000244140625,110.08999633789062,110.62000274658203,92.41566467285156,3955000,0.0,0.0
2016-02-12,111.19999694824219,111.91000366210938,110.20999908447266,111.81999969482422,93.41817474365234,2552100,0.0,0.0
2016-02-16,112.62999725341797,115.2699966430664,112.52999877929688,115.1500015258789,96.20014953613281,3445700,0.0,0.0
2016-02-17,115.5,118.38999938964844,115.19999694824219,118.30000305175781,98.83175659179688,4466000,0.0,0.0
2016-02-18,118.5,120.0,117.05999755859375,117.44999694824219,98.12164306640625,3847100,0.0,0.0
2016-02-19,117.5,118.55000305175781,116.0199966430664,117.68000030517578,98.31381225585938,4481400,0.0,0.0
2016-02-22,119.0999984741211,122.13999938964844,118.95999908447266,121.2699966430664,101.31298828125,5054800,0.0,0.0
2016-02-23,120.63999938964844,121.80000305175781,120.2699966430664,121.1500015258789,101.21276092529297,2804400,0.0,0.0
2016-02-24,119.93000030517578,120.31999969482422,117.83000183105469,120.19999694824219,100.41912078857422,2559700,0.0,0.0
2016-02-25,120.19999694824219,121.2300033569336,119.81999969482422,121.19999694824219,101.25455474853516,2281700,0.0,0.0
2016-02-26,121.4800033569336,122.26000213623047,120.88999938964844,121.33000183105469,101.36314392089844,2877500,0.0,0.0
2016-02-29,121.0999984741211,121.81999969482422,118.97000122070312,119.0999984741211,99.5001220703125,4526300,0.0,0.0
2016-03-01,119.48999786376953,122.22000122070312,119.37000274658203,121.66999816894531,101.6471939086914,3295600,0.0,0.0
2016-03-02,121.2300033569336,121.83999633789062,120.37000274658203,121.2699966430664,101.31298828125,2670900,0.0,0.0
2016-03-03,120.86000061035156,121.86000061035156,120.08999633789062,121.81999969482422,101.77249145507812,3064100,0.0,0.0
2016-03-04,121.31999969482422,122.19000244140625,120.73999786376953,121.80000305175781,101.75578308105469,2873900,0.0,0.0
2016-03-07,121.08000183105469,122.73999786376953,120.9000015258789,121.76000213623047,101.7223892211914,2315400,0.0,0.0
2016-03-08,121.27999877929688,122.31999969482422,120.7300033569336,121.66000366210938,101.6388168334961,2522000,0.0,0.0
2016-03-09,121.87999725341797,122.12000274658203,120.44999694824219,121.0999984741211,101.58849334716797,2094000,0.5,0.0
2016-03-10,121.19999694824219,122.76000213623047,120.41000366210938,122.08999633789062,102.41899871826172,2638200,0.0,0.0
2016-03-11,122.47000122070312,125.31999969482422,122.25,125.0999984741211,104.94403839111328,3766200,0.0,0.0
2016-03-14,124.80000305175781,126.0199966430664,124.36000061035156,125.22000122070312,105.044677734375,2856400,0.0,0.0
2016-03-15,124.54000091552734,125.47000122070312,124.08000183105469,124.8499984741211,104.73428344726562,2610300,0.0,0.0
2016-03-16,124.38999938964844,125.55000305175781,124.0999984741211,124.9000015258789,104.7762222290039,2140900,0.0,0.0
2016-03-17,124.61000061035156,124.95999908447266,122.22000122070312,124.52999877929688,104.46585845947266,3911400,0.0,0.0
2016-03-18,124.86000061035156,127.08000183105469,124.52999877929688,126.72000122070312,106.30301666259766,6948400,0.0,0.0
2016-03-21,126.23999786376953,127.0,125.68000030517578,126.73999786376953,106.31978607177734,2667000,0.0,0.0
2016-03-22,126.6500015258789,128.82000732421875,126.0199966430664,128.02000427246094,107.3935546875,3984000,0.0,0.0
2016-03-23,128.14999389648438,130.35000610351562,128.02000427246094,129.7899932861328,108.87837219238281,6166400,0.0,0.0
2016-03-24,128.97000122070312,130.32000732421875,127.16999816894531,128.58999633789062,107.87171173095703,4153900,0.0,0.0
2016-03-28,128.82000732421875,129.5,128.00999450683594,128.9199981689453,108.14854431152344,1955100,0.0,0.0
2016-03-29,129.27000427246094,130.08999633789062,128.5399932861328,129.8300018310547,108.91194915771484,2463100,0.0,0.0
2016-03-30,130.08999633789062,131.10000610351562,129.38999938964844,129.67999267578125,108.78609466552734,2578500,0.0,0.0
2016-03-31,129.63999938964844,129.97000122070312,128.2899932861328,128.89999389648438,108.13178253173828,3181800,0.0,0.0
2016-04-01,128.69000244140625,130.44000244140625,128.36000061035156,129.9199981689453,108.98743438720703,3901700,0.0,0.0
2016-04-04,130.5,130.6999969482422,128.8800048828125,129.49000549316406,108.62673950195312,2812400,0.0,0.0
2016-04-05,128.9499969482422,129.4600067138672,126.9000015258789,127.04000091552734,106.57147979736328,4440000,0.0,0.0
2016-04-06,127.2300033569336,128.4199981689453,126.87999725341797,128.02999877929688,107.40194702148438,3021400,0.0,0.0
2016-04-07,127.51000213623047,128.44000244140625,126.2300033569336,126.87000274658203,106.42884826660156,3186600,0.0,0.0
2016-04-08,127.19000244140625,128.14999389648438,125.26000213623047,125.68000030517578,105.43058013916016,3642300,0.0,0.0
2016-04-11,125.83000183105469,126.94000244140625,125.83000183105469,126.33000183105469,105.97584533691406,3119200,0.0,0.0
2016-04-12,126.30000305175781,127.36000061035156,125.4000015258789,126.80000305175781,106.3701171875,2887200,0.0,0.0
2016-04-13,127.6500015258789,128.66000366210938,127.2699966430664,127.76000213623047,107.17546844482422,2592400,0.0,0.0
2016-04-14,127.72000122070312,128.57000732421875,127.55999755859375,127.9800033569336,107.36000061035156,1674600,0.0,0.0
2016-04-15,127.88999938964844,128.05999755859375,126.22000122070312,127.33000183105469,106.81472778320312,2835200,0.0,0.0
2016-04-18,126.87999725341797,128.02999877929688,126.5999984741211,127.80999755859375,107.21737670898438,2717400,0.0,0.0
2016-04-19,130.08999633789062,131.3000030517578,129.1199951171875,130.5,109.47396850585938,4340100,0.0,0.0
2016-04-20,131.2899932861328,135.11000061035156,130.89999389648438,133.92999267578125,112.351318359375,7321000,0.0,0.0
2016-04-21,133.55999755859375,134.0,132.42999267578125,132.9600067138672,111.53763580322266,3786000,0.0,0.0
2016-04-22,133.72000122070312,134.3300018310547,133.0500030517578,134.1300048828125,112.51912689208984,2782800,0.0,0.0
2016-04-25,133.7100067138672,134.07000732421875,132.58999633789062,133.77999877929688,112.22549438476562,2702100,0.0,0.0
2016-04-26,133.97000122070312,134.61000061035156,133.0,134.24000549316406,112.61139678955078,2638000,0.0,0.0
2016-04-27,134.33999633789062,134.5800018310547,131.89999389648438,132.8000030517578,111.40343475341797,3358800,0.0,0.0
2016-04-28,132.7899932861328,134.38999938964844,131.69000244140625,132.07000732421875,110.79103088378906,3332800,0.0,0.0
2016-04-29,131.05999755859375,131.8800048828125,128.92999267578125,131.67999267578125,110.46385192871094,4161100,0.0,0.0
2016-05-02,132.61000061035156,132.92999267578125,130.9199981689453,132.10000610351562,110.81620025634766,2887700,0.0,0.0
2016-05-03,131.3699951171875,133.22999572753906,131.1300048828125,132.4600067138672,111.11817169189453,3632300,0.0,0.0
2016-05-04,131.02000427246094,132.41000366210938,130.58999633789062,132.02999877929688,110.75746154785156,2909300,0.0,0.0
2016-05-05,132.0500030517578,133.27999877929688,131.85000610351562,132.30999755859375,110.99234008789062,2054700,0.0,0.0
2016-05-06,132.08999633789062,132.27999877929688,130.60000610351562,132.0399932861328,110.7658462524414,2618600,0.0,0.0
2016-05-09,131.75,133.58999633789062,131.57000732421875,132.6699981689453,111.29435729980469,2191800,0.0,0.0
2016-05-10,132.9199981689453,133.60000610351562,132.5800018310547,133.57000732421875,112.04936218261719,2223500,0.0,0.0
2016-05-11,133.74000549316406,134.0,130.5800018310547,130.69000244140625,109.63336181640625,3450800,0.0,0.0
2016-05-12,131.0,131.2899932861328,128.75,129.74000549316406,108.83644104003906,3210400,0.0,0.0
2016-05-13,129.10000610351562,130.02999877929688,128.5500030517578,129.0,108.21566772460938,3137300,0.0,0.0
2016-05-16,128.75,130.86000061035156,128.52999877929688,130.63999938964844,109.59142303466797,2466000,0.0,0.0
2016-05-17,130.57000732421875,131.22000122070312,128.99000549316406,129.55999755859375,108.6854248046875,2294500,0.0,0.0
2016-05-18,129.11000061035156,131.27000427246094,128.92999267578125,130.50999450683594,109.48234558105469,2246400,0.0,0.0
2016-05-19,129.69000244140625,131.1199951171875,128.75999450683594,130.0,109.05451965332031,2756000,0.0,0.0
2016-05-20,130.6300048828125,131.7899932861328,130.1999969482422,130.94000244140625,109.84308624267578,2538100,0.0,0.0
2016-05-23,130.1300048828125,131.1999969482422,130.00999450683594,130.4199981689453,109.4068832397461,3036500,0.0,0.0
2016-05-24,130.75999450683594,132.99000549316406,130.30999755859375,132.58999633789062,111.22725677490234,2702400,0.0,0.0
2016-05-25,133.2100067138672,134.3000030517578,132.77999877929688,133.4199981689453,111.92347717285156,2211300,0.0,0.0
2016-05-26,133.5,133.9600067138672,132.66000366210938,132.97999572753906,111.55440521240234,1499300,0.0,0.0
2016-05-27,132.97999572753906,134.52999877929688,132.9600067138672,134.0,112.4100570678711,1833400,0.0,0.0
2016-05-31,134.60000610351562,134.75,133.47999572753906,133.6699981689453,112.13325500488281,3634100,0.0,0.0
2016-06-01,133.5800018310547,134.85000610351562,133.02000427246094,134.52999877929688,112.85466766357422,2618000,0.0,0.0
2016-06-02,134.25999450683594,136.14999389648438,134.00999450683594,136.0399932861328,114.1213607788086,4015000,0.0,0.0
2016-06-03,135.61000061035156,137.1199951171875,135.14999389648438,136.83999633789062,114.7924575805664,3625600,0.0,0.0
2016-06-06,136.9199981689453,138.38999938964844,136.50999450683594,138.14999389648438,115.89139556884766,2959900,0.0,0.0
2016-06-07,138.16000366210938,138.5,136.8800048828125,136.94000244140625,114.87635803222656,2943200,0.0,0.0
2016-06-08,137.27000427246094,140.88999938964844,137.0,140.39999389648438,117.7789077758789,6180800,0.0,0.0
2016-06-09,140.49000549316406,140.8699951171875,139.5399932861328,140.67999267578125,118.0137710571289,3682400,0.0,0.0
2016-06-10,140.25,140.38999938964844,138.63999938964844,139.24000549316406,116.80582427978516,2805800,0.0,0.0
2016-06-13,139.0,140.1300048828125,138.0800018310547,138.08999633789062,115.8410873413086,2804300,0.0,0.0
2016-06-14,137.8800048828125,138.25999450683594,137.33999633789062,137.8699951171875,115.65653991699219,2970700,0.0,0.0
2016-06-15,137.74000549316406,138.1699981689453,137.0500030517578,137.25999450683594,115.6691665649414,2369400,0.625,0.0
2016-06-16,137.2100067138672,138.88999938964844,136.3800048828125,138.66000366210938,116.84898376464844,3176100,0.0,0.0
2016-06-17,138.75999450683594,138.85000610351562,136.5500030517578,137.69000244140625,116.03153991699219,4430900,0.0,0.0
2016-06-20,139.22000122070312,139.83999633789062,138.13999938964844,138.52000427246094,116.73095703125,3731700,0.0,0.0
2016-06-21,139.1999969482422,139.22999572753906,138.07000732421875,138.19000244140625,116.45287322998047,2021400,0.0,0.0
2016-06-22,138.4499969482422,139.5399932861328,137.6300048828125,137.89999389648438,116.20851135253906,2375200,0.0,0.0
2016-06-23,139.35000610351562,139.97999572753906,138.00999450683594,139.19000244140625,117.29557800292969,2646800,0.0,0.0
2016-06-24,135.66000366210938,138.6199951171875,135.14999389648438,137.2899932861328,115.69442749023438,4475100,0.0,0.0
2016-06-27,136.14999389648438,137.38999938964844,135.47999572753906,137.11000061035156,115.54277038574219,3996200,0.0,0.0
2016-06-28,138.2100067138672,139.08999633789062,137.64999389648438,138.7100067138672,116.89109802246094,4160200,0.0,0.0
2016-06-29,139.8000030517578,140.67999267578125,139.60000610351562,140.52000427246094,118.41636657714844,3704500,0.0,0.0
2016-06-30,140.67999267578125,141.30999755859375,140.24000549316406,141.1999969482422,118.9894027709961,4730800,0.0,0.0
2016-07-01,141.16000366210938,141.7899932861328,140.6199951171875,140.86000061035156,118.702880859375,2882500,0.0,0.0
2016-07-05,140.14999389648438,141.91000366210938,140.02999877929688,141.55999755859375,119.29275512695312,3749300,0.0,0.0
2016-07-06,140.97999572753906,142.9600067138672,140.97000122070312,142.3800048828125,119.98381805419922,4083300,0.0,0.0
2016-07-07,142.3699951171875,142.66000366210938,139.9499969482422,140.8000030517578,118.65233612060547,3515500,0.0,0.0
2016-07-08,141.6999969482422,141.77999877929688,139.5500030517578,141.27000427246094,119.04840850830078,3605500,0.0,0.0
2016-07-11,141.27000427246094,141.60000610351562,140.00999450683594,140.32000732421875,118.24788665771484,4084000,0.0,0.0
2016-07-12,140.88999938964844,140.9499969482422,139.3699951171875,139.86000061035156,117.86019897460938,4310100,0.0,0.0
2016-07-13,140.9600067138672,141.58999633789062,139.9199981689453,141.47999572753906,119.22535705566406,3164700,0.0,0.0
2016-07-14,142.38999938964844,142.85000610351562,140.47000122070312,140.83999633789062,118.68604278564453,3000700,0.0,0.0
2016-07-15,141.64999389648438,142.77999877929688,141.05999755859375,141.3300018310547,119.0989761352539,3748700,0.0,0.0
2016-07-18,141.75999450683594,141.89999389648438,139.6199951171875,140.75,118.6102066040039,4166300,0.0,0.0
2016-07-19,140.75,142.6300048828125,139.32000732421875,142.58999633789062,120.1607666015625,5326200,0.0,0.0
2016-07-20,143.47000122070312,144.47999572753906,142.80999755859375,143.02000427246094,120.52308654785156,5489800,0.0,0.0
2016-07-21,142.7100067138672,143.72999572753906,142.1300048828125,142.8699951171875,120.39668273925781,3475100,0.0,0.0
2016-07-22,143.69000244140625,144.0500030517578,142.9199981689453,143.69000244140625,121.08770751953125,2697500,0.0,0.0
2016-07-25,143.5500030517578,143.88999938964844,141.41000366210938,141.72999572753906,119.43600463867188,2725600,0.0,0.0
2016-07-26,141.94000244140625,142.19000244140625,141.02000427246094,141.6999969482422,119.41080474853516,2668100,0.0,0.0
2016-07-27,141.1699981689453,142.33999633789062,139.91000366210938,141.67999267578125,119.3938980102539,2684100,0.0,0.0
2016-07-28,141.36000061035156,143.02999877929688,141.19000244140625,142.75999450683594,120.30401611328125,2517000,0.0,0.0
2016-07-29,141.85000610351562,143.89999389648438,141.60000610351562,143.1999969482422,120.67481994628906,3269700,0.0,0.0
2016-08-01,143.4199981689453,144.16000366210938,143.0399932861328,143.50999450683594,120.93602752685547,2494900,0.0,0.0
2016-08-02,143.80999755859375,143.97000122070312,142.33999633789062,143.1699981689453,120.64955139160156,2679100,0.0,0.0
2016-08-03,143.3300018310547,143.6199951171875,142.42999267578125,142.8800048828125,120.4051284790039,1963600,0.0,0.0
2016-08-04,143.10000610351562,143.47999572753906,142.25999450683594,142.7100067138672,120.26185607910156,1890900,0.0,0.0
2016-08-05,143.3300018310547,143.5399932861328,142.39999389648438,142.99000549316406,120.4979019165039,2000100,0.0,0.0
2016-08-08,142.61000061035156,143.07000732421875,141.86000061035156,142.1300048828125,119.77312469482422,1846400,0.0,0.0
2016-08-09,142.5500030517578,143.1300048828125,141.67999267578125,141.82000732421875,119.51189422607422,2140700,0.0,0.0
2016-08-10,141.8699951171875,142.33999633789062,140.92999267578125,142.19000244140625,119.82369232177734,1866300,0.0,0.0
2016-08-11,142.24000549316406,143.05999755859375,141.44000244140625,142.6300048828125,120.1944351196289,1857500,0.0,0.0
2016-08-12,142.16000366210938,143.13999938964844,141.5,142.8800048828125,120.4051284790039,1787900,0.0,0.0
2016-08-15,142.9600067138672,143.11000061035156,141.49000549316406,141.6199951171875,119.34335327148438,2369600,0.0,0.0
2016-08-16,141.14999389648438,141.6199951171875,140.3300018310547,141.0800018310547,118.88829803466797,1688500,0.0,0.0
2016-08-17,141.2899932861328,141.91000366210938,140.66000366210938,141.7100067138672,119.41915893554688,1849100,0.0,0.0
2016-08-18,141.6699981689453,142.83999633789062,141.27000427246094,142.1699981689453,119.80683135986328,1572700,0.0,0.0
2016-08-19,141.64999389648438,142.25,141.22000122070312,142.0399932861328,119.69722747802734,1950200,0.0,0.0
2016-08-22,142.11000061035156,143.0,141.7100067138672,142.08999633789062,119.73942565917969,1587900,0.0,0.0
2016-08-23,142.72999572753906,142.8699951171875,141.75,142.00999450683594,119.67198944091797,2295500,0.0,0.0
2016-08-24,142.0,142.0800018310547,139.50999450683594,139.8699951171875,117.86859130859375,2529800,0.0,0.0
2016-08-25,139.75,139.75,137.02999877929688,137.3000030517578,115.702880859375,3891000,0.0,0.0
2016-08-26,137.6699981689453,138.3000030517578,135.99000549316406,136.6199951171875,115.12982177734375,3082400,0.0,0.0
2016-08-29,137.1999969482422,138.0399932861328,136.47999572753906,137.27000427246094,115.67760467529297,2315900,0.0,0.0
2016-08-30,137.27000427246094,137.69000244140625,136.24000549316406,136.8699951171875,115.34051513671875,2026600,0.0,0.0
2016-08-31,136.5500030517578,136.82000732421875,135.5500030517578,136.0500030517578,114.64950561523438,2837300,0.0,0.0
2016-09-01,136.82000732421875,136.97999572753906,135.35000610351562,135.74000549316406,114.38829803466797,2765400,0.0,0.0
2016-09-02,136.5,136.77999877929688,135.75999450683594,136.61000061035156,115.12141418457031,2390500,0.0,0.0
2016-09-06,136.6199951171875,136.85000610351562,135.6300048828125,135.97000122070312,114.58208465576172,2242400,0.0,0.0
2016-09-07,135.0,135.9600067138672,134.1999969482422,134.99000549316406,114.28155517578125,2816300,0.625,0.0
2016-09-08,134.47000122070312,135.6199951171875,134.41000366210938,135.44000244140625,114.66252899169922,2826700,0.0,0.0
2016-09-09,134.7100067138672,135.14999389648438,133.6199951171875,133.6199951171875,113.12169647216797,3322300,0.0,0.0
2016-09-12,132.7100067138672,135.72000122070312,132.38999938964844,135.52999877929688,114.73870849609375,3457400,0.0,0.0
2016-09-13,134.24000549316406,135.14999389648438,133.3699951171875,133.9499969482422,113.4011001586914,3331500,0.0,0.0
2016-09-14,133.8699951171875,134.69000244140625,132.97999572753906,133.69000244140625,113.18095397949219,4592400,0.0,0.0
2016-09-15,133.02999877929688,136.08999633789062,132.8800048828125,135.61000061035156,114.8064193725586,3302900,0.0,0.0
2016-09-16,135.61000061035156,138.5500030517578,135.52999877929688,138.47000122070312,117.22769165039062,7421900,0.0,0.0
2016-09-19,138.67999267578125,139.38999938964844,137.52000427246094,137.67999267578125,116.55886840820312,3239500,0.0,0.0
2016-09-20,138.1300048828125,138.52999877929688,137.05999755859375,137.47000122070312,116.38108825683594,2425700,0.0,0.0
2016-09-21,138.1999969482422,139.9600067138672,137.99000549316406,139.91000366210938,118.44674682617188,3506600,0.0,0.0
2016-09-22,140.49000549316406,141.41000366210938,140.3300018310547,141.0399932861328,119.4034423828125,3018300,0.0,0.0
2016-09-23,141.02000427246094,141.77999877929688,140.36000061035156,140.50999450683594,118.95472717285156,2802000,0.0,0.0
2016-09-26,139.9499969482422,140.1699981689453,138.89999389648438,139.72000122070312,118.28597259521484,2636500,0.0,0.0
2016-09-27,139.99000549316406,140.83999633789062,138.69000244140625,140.7899932861328,119.19181060791016,3048600,0.0,0.0
2016-09-28,141.1300048828125,141.7100067138672,139.66000366210938,140.41000366210938,118.8701400756836,1990400,0.0,0.0
2016-09-29,140.17999267578125,140.27999877929688,137.83999633789062,138.32000732421875,117.1006851196289,2201000,0.0,0.0
2016-09-30,139.17999267578125,140.47999572753906,138.4199981689453,140.0,118.52297973632812,4164100,0.0,0.0
2016-10-03,139.35000610351562,139.72000122070312,138.02999877929688,138.49000549316406,117.2446060180664,2724400,0.0,0.0
2016-10-04,138.69000244140625,139.36000061035156,137.16000366210938,138.16000366210938,116.96522521972656,2452600,0.0,0.0
2016-10-05,138.2100067138672,138.92999267578125,136.60000610351562,137.60000610351562,116.49115753173828,4625600,0.0,0.0
2016-10-06,137.30999755859375,137.49000549316406,135.66000366210938,136.47000122070312,115.53449249267578,4025300,0.0,0.0
2016-10-07,137.2100067138672,137.5500030517578,135.97999572753906,136.66000366210938,115.69535827636719,2568700,0.0,0.0
2016-10-10,136.97000122070312,138.35000610351562,136.97000122070312,138.0800018310547,116.89752197265625,2586000,0.0,0.0
2016-10-11,137.32000732421875,137.69000244140625,134.3699951171875,134.75,114.078369140625,3353600,0.0,0.0
2016-10-12,134.97999572753906,135.72000122070312,133.63999938964844,135.10000610351562,114.37468719482422,4287900,0.0,0.0
2016-10-13,134.64999389648438,134.64999389648438,133.61000061035156,134.19000244140625,113.60426330566406,3425700,0.0,0.0
2016-10-14,134.77999877929688,135.50999450683594,133.88999938964844,133.9199981689453,113.37571716308594,3452900,0.0,0.0
2016-10-17,134.05999755859375,134.42999267578125,133.02999877929688,134.1300048828125,113.55347442626953,3602500,0.0,0.0
2016-10-18,139.1999969482422,143.9499969482422,137.8699951171875,143.38999938964844,121.39291381835938,10141900,0.0,0.0
2016-10-19,143.82000732421875,146.36000061035156,142.82000732421875,144.3699951171875,122.22258758544922,5796000,0.0,0.0
2016-10-20,144.49000549316406,145.8800048828125,143.97999572753906,145.07000732421875,122.81523895263672,5203700,0.0,0.0
2016-10-21,144.25999450683594,145.44000244140625,143.75999450683594,145.3699951171875,123.0692138671875,3331800,0.0,0.0
2016-10-24,146.0,146.22000122070312,144.02000427246094,144.69000244140625,122.49351501464844,2930200,0.0,0.0
2016-10-25,144.8800048828125,145.3800048828125,143.60000610351562,143.77999877929688,121.72309875488281,3095400,0.0,0.0
2016-10-26,143.75,143.77999877929688,141.88999938964844,142.22999572753906,120.410888671875,3267600,0.0,0.0
2016-10-27,142.72000122070312,143.25,141.5800018310547,141.94000244140625,120.16533660888672,3358000,0.0,0.0
2016-10-28,141.66000366210938,142.35000610351562,139.44000244140625,140.35000610351562,118.81930541992188,4033600,0.0,0.0
2016-10-31,140.8000030517578,141.5399932861328,139.97000122070312,141.3300018310547,119.64894104003906,3761100,0.0,0.0
2016-11-01,141.50999450683594,141.50999450683594,138.82000732421875,139.42999267578125,118.04039764404297,3391400,0.0,0.0
2016-11-02,139.02000427246094,141.22999572753906,138.92999267578125,138.97999572753906,117.65943145751953,3149700,0.0,0.0
2016-11-03,139.17999267578125,140.33999633789062,137.64999389648438,137.8300018310547,116.68586730957031,2989700,0.0,0.0
2016-11-04,138.4499969482422,138.88999938964844,137.69000244140625,137.7100067138672,116.58428955078125,3520700,0.0,0.0
2016-11-07,139.60000610351562,142.44000244140625,139.5500030517578,141.92999267578125,120.15690612792969,3896600,0.0,0.0
2016-11-08,141.35000610351562,143.61000061035156,141.0,142.89999389648438,120.9781265258789,4389300,0.0,0.0
2016-11-09,139.5399932861328,144.19000244140625,136.22000122070312,141.89999389648438,120.13153839111328,8042400,0.0,0.0
2016-11-10,142.33999633789062,146.57000732421875,142.0,146.1300048828125,123.7126235961914,6075500,0.0,0.0
2016-11-11,146.7100067138672,147.5,146.00999450683594,146.4199981689453,123.95806884765625,4475400,0.0,0.0
2016-11-14,147.32000732421875,152.9199981689453,147.0399932861328,152.27999877929688,128.9191131591797,5740400,0.0,0.0
2016-11-15,153.50999450683594,153.9600067138672,151.50999450683594,152.22999572753906,128.8767852783203,4910700,0.0,0.0
2016-11-16,151.99000549316406,153.0,151.22999572753906,151.5,128.25881958007812,3899000,0.0,0.0
2016-11-17,151.82000732421875,151.9199981689453,150.19000244140625,150.77000427246094,127.64077758789062,4683000,0.0,0.0
2016-11-18,151.0500030517578,151.66000366210938,149.39999389648438,149.4499969482422,126.52327728271484,5664800,0.0,0.0
2016-11-21,149.72000122070312,150.66000366210938,148.55999755859375,150.41000366210938,127.33600616455078,3867800,0.0,0.0
2016-11-22,151.0800018310547,152.92999267578125,150.55999755859375,152.25999450683594,128.90216064453125,4992100,0.0,0.0
2016-11-23,152.00999450683594,153.74000549316406,150.9600067138672,153.5399932861328,129.98583984375,2697200,0.0,0.0
2016-11-25,153.92999267578125,154.5,152.61000061035156,152.80999755859375,129.36781311035156,1664500,0.0,0.0
2016-11-28,152.74000549316406,152.85000610351562,150.0,152.11000061035156,128.7752227783203,5029600,0.0,0.0
2016-11-29,156.94000244140625,158.1199951171875,155.17999267578125,157.58999633789062,133.41453552246094,5827400,0.0,0.0
2016-11-30,157.47000122070312,159.75999450683594,157.07000732421875,158.32000732421875,134.56626892089844,7142400,0.625,0.0
2016-12-01,159.1199951171875,161.72000122070312,159.1199951171875,160.94000244140625,136.79312133789062,5250200,0.0,0.0
2016-12-02,161.0,162.52000427246094,160.55999755859375,160.72999572753906,136.6146697998047,3480000,0.0,0.0
2016-12-05,160.19000244140625,160.6699981689453,156.22999572753906,157.6300048828125,133.9798126220703,5854200,0.0,0.0
2016-12-06,158.1699981689453,158.22999572753906,156.25999450683594,157.32000732421875,133.71627807617188,3216700,0.0,0.0
2016-12-07,157.88999938964844,159.97999572753906,156.35000610351562,159.39999389648438,135.48414611816406,4552300,0.0,0.0
2016-12-08,159.41000366210938,160.24000549316406,158.0,159.32000732421875,135.41624450683594,3407500,0.0,0.0
2016-12-09,159.52000427246094,160.16000366210938,157.7100067138672,160.1199951171875,136.09619140625,4007200,0.0,0.0
2016-12-12,158.8300018310547,159.66000366210938,157.75,159.49000549316406,135.5607147216797,3471200,0.0,0.0
2016-12-13,160.39999389648438,161.7100067138672,160.07000732421875,160.5399932861328,136.45310974121094,3868900,0.0,0.0
2016-12-14,161.13999938964844,161.8000030517578,158.72000122070312,159.86000061035156,135.8751983642578,3885700,0.0,0.0
2016-12-15,159.8699951171875,161.2899932861328,159.42999267578125,160.6199951171875,136.5211639404297,4422700,0.0,0.0
2016-12-16,161.3800048828125,164.0,161.19000244140625,163.94000244140625,139.34298706054688,7605300,0.0,0.0
2016-12-19,163.08999633789062,163.94000244140625,161.22000122070312,161.5399932861328,137.30308532714844,4732600,0.0,0.0
2016-12-20,161.7100067138672,163.11000061035156,161.41000366210938,161.58999633789062,137.34559631347656,3131200,0.0,0.0
2016-12-21,161.4199981689453,162.2899932861328,159.6199951171875,161.3300018310547,137.1246795654297,2767700,0.0,0.0
2016-12-22,161.38999938964844,161.8800048828125,160.27000427246094,161.5800018310547,137.33712768554688,2741700,0.0,0.0
2016-12-23,161.55999755859375,163.0399932861328,160.5500030517578,163.02999877929688,138.56954956054688,2044400,0.0,0.0
2016-12-27,163.25999450683594,163.9600067138672,162.4499969482422,162.63999938964844,138.238037109375,1344000,0.0,0.0
2016-12-28,162.16000366210938,163.25,161.32000732421875,161.44000244140625,137.21812438964844,1669100,0.0,0.0
2016-12-29,161.9199981689453,162.36000061035156,160.38999938964844,161.0399932861328,136.87811279296875,2476300,0.0,0.0
2016-12-30,161.3699951171875,161.47999572753906,159.85000610351562,160.0399932861328,136.02818298339844,2855600,0.0,0.0
2017-01-03,161.1300048828125,162.27000427246094,159.14999389648438,161.4499969482422,137.2266082763672,3539700,0.0,0.0
2017-01-04,162.35000610351562,162.5800018310547,159.74000549316406,161.91000366210938,137.6175994873047,2695200,0.0,0.0
2017-01-05,161.75,162.6300048828125,161.50999450683594,162.17999267578125,137.84710693359375,2961100,0.0,0.0
2017-01-06,161.75,162.94000244140625,161.11000061035156,162.41000366210938,138.04258728027344,3081300,0.0,0.0
2017-01-09,162.0,162.42999267578125,160.77999877929688,161.9499969482422,137.651611328125,3040800,0.0,0.0
2017-01-10,161.27000427246094,162.97999572753906,160.5,161.5800018310547,137.33712768554688,3500700,0.0,0.0
2017-01-11,161.3000030517578,162.94000244140625,160.61000061035156,161.88999938964844,137.6006317138672,3330600,0.0,0.0
2017-01-12,161.69000244140625,162.94000244140625,160.88999938964844,162.36000061035156,138.00006103515625,2555900,0.0,0.0
2017-01-13,162.16000366210938,162.74000549316406,161.41000366210938,161.8000030517578,137.52415466308594,3183300,0.0,0.0
2017-01-17,162.61000061035156,162.97000122070312,157.50999450683594,160.66000366210938,136.55517578125,5475800,0.0,0.0
2017-01-18,161.05999755859375,161.1999969482422,156.08999633789062,157.74000549316406,134.07327270507812,6591600,0.0,0.0
2017-01-19,157.74000549316406,160.5500030517578,157.24000549316406,158.6999969482422,134.88922119140625,4976900,0.0,0.0
2017-01-20,159.02000427246094,159.8000030517578,157.80999755859375,158.66000366210938,134.85523986816406,3579100,0.0,0.0
2017-01-23,158.6199951171875,159.52000427246094,156.55999755859375,159.07000732421875,135.2036590576172,4062600,0.0,0.0
2017-01-24,159.36000061035156,161.30999755859375,159.10000610351562,160.42999267578125,136.35968017578125,3514100,0.0,0.0
2017-01-25,160.82000732421875,161.97999572753906,160.35000610351562,161.24000549316406,137.048095703125,3605800,0.0,0.0
2017-01-26,161.86000061035156,163.5800018310547,161.25,162.75,138.33157348632812,4202400,0.0,0.0
2017-01-27,163.5,163.8000030517578,162.6199951171875,162.99000549316406,138.53561401367188,3110400,0.0,0.0
2017-01-30,162.94000244140625,163.4600067138672,161.30999755859375,162.08999633789062,137.77064514160156,2784600,0.0,0.0
2017-01-31,161.6199951171875,162.19000244140625,160.00999450683594,162.10000610351562,137.77911376953125,3037000,0.0,0.0
2017-02-01,162.75,163.89999389648438,162.02999877929688,162.7100067138672,138.2975616455078,3718500,0.0,0.0
2017-02-02,162.52000427246094,163.25,160.25999450683594,160.75999450683594,136.64010620117188,4714000,0.0,0.0
2017-02-03,161.1300048828125,162.0,160.2100067138672,161.8699951171875,137.5836181640625,2762300,0.0,0.0
2017-02-06,161.50999450683594,162.52999877929688,160.22000122070312,160.50999450683594,136.42770385742188,3479400,0.0,0.0
2017-02-07,161.0500030517578,161.67999267578125,159.5399932861328,160.52999877929688,136.44467163085938,2942700,0.0,0.0
2017-02-08,160.0,160.6300048828125,159.41000366210938,160.30999755859375,136.25767517089844,2339700,0.0,0.0
2017-02-09,160.30999755859375,161.3000030517578,159.55999755859375,160.44000244140625,136.3681640625,3056800,0.0,0.0
2017-02-10,160.1199951171875,161.58999633789062,160.10000610351562,160.75,136.631591796875,1905900,0.0,0.0
2017-02-13,160.69000244140625,162.02000427246094,160.69000244140625,161.99000549316406,137.68563842773438,3275800,0.0,0.0
2017-02-14,161.4499969482422,163.5,161.25,163.1300048828125,138.6545867919922,2969400,0.0,0.0
2017-02-15,162.5800018310547,164.88999938964844,162.5800018310547,164.2899932861328,139.64053344726562,4537900,0.0,0.0
2017-02-16,164.77999877929688,164.97000122070312,162.3300018310547,163.64999389648438,139.0965118408203,3191600,0.0,0.0
2017-02-17,159.0,160.16000366210938,156.49000549316406,157.6199951171875,133.97129821777344,12033600,0.0,0.0
2017-02-21,157.6199951171875,160.82000732421875,157.52000427246094,160.57000732421875,136.4786834716797,5419000,0.0,0.0
2017-02-22,160.91000366210938,161.77999877929688,159.63999938964844,160.57000732421875,136.4786834716797,2725300,0.0,0.0
2017-02-23,161.3300018310547,162.60000610351562,160.69000244140625,162.60000610351562,138.2041015625,2459600,0.0,0.0
2017-02-24,162.6699981689453,163.08999633789062,161.74000549316406,163.05999755859375,138.5950469970703,2715700,0.0,0.0
2017-02-27,163.16000366210938,165.4600067138672,162.80999755859375,165.3800048828125,140.5670166015625,4071800,0.0,0.0
2017-02-28,165.47000122070312,166.75999450683594,164.89999389648438,165.3800048828125,140.5670166015625,4382100,0.0,0.0
2017-03-01,166.72000122070312,168.60000610351562,166.35000610351562,167.94000244140625,142.74288940429688,3514200,0.0,0.0
2017-03-02,168.32000732421875,168.42999267578125,166.9600067138672,167.30999755859375,142.20741271972656,1889800,0.0,0.0
2017-03-03,167.30999755859375,168.4499969482422,166.6199951171875,168.1999969482422,142.96389770507812,2254400,0.0,0.0
2017-03-06,167.42999267578125,169.35000610351562,167.1300048828125,168.6999969482422,143.3888397216797,2576500,0.0,0.0
2017-03-07,168.4499969482422,169.36000061035156,167.92999267578125,168.3000030517578,143.0488739013672,2702300,0.0,0.0
2017-03-08,167.50999450683594,168.4600067138672,166.8000030517578,167.91000366210938,143.24940490722656,2048200,0.625,0.0
2017-03-09,168.14999389648438,169.07000732421875,167.74000549316406,168.00999450683594,143.33465576171875,3631400,0.0,0.0
2017-03-10,168.4199981689453,170.0,168.05999755859375,169.97999572753906,145.01535034179688,3716600,0.0,0.0
2017-03-13,169.99000549316406,170.92999267578125,169.5500030517578,170.2100067138672,145.2115936279297,3130200,0.0,0.0
2017-03-14,169.66000366210938,170.17999267578125,168.5,169.05999755859375,144.23048400878906,2522600,0.0,0.0
2017-03-15,169.36000061035156,171.97000122070312,169.2899932861328,171.77999877929688,146.55096435546875,2807600,0.0,0.0
2017-03-16,172.07000732421875,172.13999938964844,170.22000122070312,171.3000030517578,146.1414794921875,3138600,0.0,0.0
2017-03-17,171.08999633789062,171.5399932861328,169.58999633789062,169.6999969482422,144.7764434814453,5622900,0.0,0.0
2017-03-20,169.92999267578125,170.24000549316406,167.9199981689453,168.0,143.32614135742188,3928600,0.0,0.0
2017-03-21,168.6699981689453,168.82000732421875,167.05999755859375,167.6999969482422,143.0701904296875,4953100,0.0,0.0
2017-03-22,168.1300048828125,168.3800048828125,165.6300048828125,167.02999877929688,142.4986114501953,2999800,0.0,0.0
2017-03-23,166.22999572753906,166.92999267578125,164.77000427246094,165.2899932861328,141.01414489746094,3947400,0.0,0.0
2017-03-24,166.1300048828125,167.39999389648438,164.35000610351562,165.0,140.7667999267578,5243900,0.0,0.0
2017-03-27,163.99000549316406,165.11000061035156,163.30999755859375,164.60000610351562,140.42547607421875,4383000,0.0,0.0
2017-03-28,164.5800018310547,166.07000732421875,163.83999633789062,165.35000610351562,141.06532287597656,7327100,0.0,0.0
2017-03-29,164.66000366210938,164.97000122070312,162.74000549316406,163.44000244140625,139.4358367919922,5900400,0.0,0.0
2017-03-30,163.64999389648438,165.92999267578125,163.4600067138672,164.99000549316406,140.7582244873047,2993800,0.0,0.0
2017-03-31,164.63999938964844,165.10000610351562,163.75,164.00999450683594,139.922119140625,3496100,0.0,0.0
2017-04-03,164.6199951171875,166.13999938964844,164.25,165.58999633789062,141.27011108398438,3473700,0.0,0.0
2017-04-04,165.8699951171875,166.4499969482422,164.7899932861328,164.97000122070312,140.74110412597656,2886000,0.0,0.0
2017-04-05,165.75999450683594,167.25999450683594,165.22000122070312,165.3699951171875,141.08242797851562,3541600,0.0,0.0
2017-04-06,165.4499969482422,166.02000427246094,164.83999633789062,165.33999633789062,141.0568084716797,2923600,0.0,0.0
2017-04-07,164.9600067138672,166.5,164.6199951171875,166.02000427246094,141.636962890625,2927800,0.0,0.0
2017-04-10,166.19000244140625,167.0,165.27999877929688,165.47999572753906,141.1762237548828,3234900,0.0,0.0
2017-04-11,164.88999938964844,165.83999633789062,164.60000610351562,165.8300018310547,141.474853515625,3172900,0.0,0.0
2017-04-12,166.32000732421875,166.4199981689453,164.60000610351562,165.55999755859375,141.2445068359375,2978700,0.0,0.0
2017-04-13,164.9499969482422,165.64999389648438,164.6699981689453,164.9600067138672,140.73263549804688,1979800,0.0,0.0
2017-04-17,164.99000549316406,167.4199981689453,164.9600067138672,167.17999267578125,142.6265411376953,4396700,0.0,0.0
2017-04-18,170.05999755859375,170.22999572753906,167.6999969482422,168.58999633789062,143.82948303222656,5526200,0.0,0.0
2017-04-19,169.58999633789062,171.19000244140625,168.69000244140625,169.25,144.39256286621094,4703400,0.0,0.0
2017-04-20,169.52000427246094,172.19000244140625,168.3699951171875,171.5399932861328,146.34622192382812,3652100,0.0,0.0
2017-04-21,172.1300048828125,172.6199951171875,170.47000122070312,171.16000366210938,146.02203369140625,2982300,0.0,0.0
2017-04-24,172.66000366210938,173.16000366210938,171.6999969482422,172.3300018310547,147.02017211914062,2830300,0.0,0.0
2017-04-25,173.5,174.74000549316406,173.19000244140625,174.0399932861328,148.47909545898438,3394700,0.0,0.0
2017-04-26,174.08999633789062,175.64999389648438,173.97999572753906,174.3800048828125,148.7691650390625,2817500,0.0,0.0
2017-04-27,174.07000732421875,176.07000732421875,174.02000427246094,174.6300048828125,148.982421875,2438600,0.0,0.0
2017-04-28,174.61000061035156,175.0,173.91000366210938,174.8800048828125,149.19570922851562,2010800,0.0,0.0
2017-05-01,175.0,176.13999938964844,174.08999633789062,174.58999633789062,148.94827270507812,2709700,0.0,0.0
2017-05-02,174.91000366210938,175.3699951171875,170.27000427246094,174.13999938964844,148.56434631347656,4951000,0.0,0.0
2017-05-03,173.75,174.3000030517578,171.86000061035156,172.5399932861328,147.19935607910156,3622200,0.0,0.0
2017-05-04,173.0500030517578,174.2100067138672,172.3800048828125,174.02000427246094,148.4619903564453,2585200,0.0,0.0
2017-05-05,174.5399932861328,174.8800048828125,173.30999755859375,174.1199951171875,148.5473175048828,2189000,0.0,0.0
2017-05-08,173.92999267578125,174.55999755859375,173.57000732421875,174.44000244140625,148.82034301757812,2505900,0.0,0.0
2017-05-09,174.10000610351562,174.77000427246094,172.72999572753906,173.24000549316406,147.7965545654297,1653700,0.0,0.0
2017-05-10,173.0399932861328,173.63999938964844,172.4600067138672,173.38999938964844,147.92453002929688,1568700,0.0,0.0
2017-05-11,172.75999450683594,173.86000061035156,171.6699981689453,173.32000732421875,147.8647918701172,1901300,0.0,0.0
2017-05-12,172.63999938964844,173.38999938964844,171.52000427246094,171.80999755859375,146.57656860351562,2335400,0.0,0.0
2017-05-15,171.7899932861328,172.0,170.22999572753906,171.52999877929688,146.33766174316406,2831400,0.0,0.0
2017-05-16,170.6699981689453,171.0,167.25,168.1199951171875,143.42855834960938,4343700,0.0,0.0
2017-05-17,168.1199951171875,170.38999938964844,166.64999389648438,168.86000061035156,144.05979919433594,4442300,0.0,0.0
2017-05-18,168.25,173.97999572753906,167.8699951171875,171.4499969482422,146.26947021484375,3908000,0.0,0.0
2017-05-19,172.3000030517578,172.9499969482422,170.25,172.58999633789062,147.2419891357422,3877300,0.0,0.0
2017-05-22,172.72999572753906,174.89999389648438,172.60000610351562,174.6999969482422,149.04212951660156,3480300,0.0,0.0
2017-05-23,174.44000244140625,175.52000427246094,173.7100067138672,175.22000122070312,149.48574829101562,2471500,0.0,0.0
2017-05-24,175.4499969482422,176.10000610351562,174.52000427246094,175.58999633789062,149.80140686035156,1612300,0.0,0.0
2017-05-25,176.32000732421875,178.72999572753906,175.94000244140625,178.0500030517578,151.90013122558594,3212200,0.0,0.0
2017-05-26,177.67999267578125,178.88999938964844,177.0,177.5,151.430908203125,1583600,0.0,0.0
2017-05-30,177.5399932861328,178.0800018310547,176.24000549316406,176.58999633789062,150.65455627441406,2285700,0.0,0.0
2017-05-31,176.88999938964844,176.89999389648438,174.9199981689453,175.17999267578125,149.45166015625,3320400,0.0,0.0
2017-06-01,175.77999877929688,179.5800018310547,175.19000244140625,179.5800018310547,153.2053985595703,2890600,0.0,0.0
2017-06-02,179.9199981689453,179.9199981689453,178.33999633789062,179.38999938964844,153.04327392578125,2610100,0.0,0.0
2017-06-05,179.52999877929688,180.32000732421875,179.16000366210938,179.3699951171875,153.02626037597656,2640600,0.0,0.0
2017-06-06,179.19000244140625,181.05999755859375,178.47999572753906,180.82000732421875,154.26327514648438,3443900,0.0,0.0
2017-06-07,182.0,183.47000122070312,179.64999389648438,183.2100067138672,156.30227661132812,3783600,0.0,0.0
2017-06-08,183.2100067138672,183.75999450683594,180.97999572753906,181.69000244140625,155.0055389404297,3079900,0.0,0.0
2017-06-09,181.83999633789062,182.39999389648438,180.86000061035156,181.4600067138672,154.80931091308594,2392200,0.0,0.0
2017-06-12,181.4600067138672,181.82000732421875,176.4199981689453,179.25,152.92393493652344,3705600,0.0,0.0
2017-06-13,179.2100067138672,181.38999938964844,179.14999389648438,181.0500030517578,154.4595489501953,2458500,0.0,0.0
2017-06-14,180.94000244140625,182.83999633789062,180.94000244140625,182.36000061035156,155.57713317871094,2039300,0.0,0.0
2017-06-15,181.75,183.5,180.08999633789062,180.3800048828125,154.52345275878906,3078700,0.75,0.0
2017-06-16,180.8300018310547,182.4600067138672,180.3800048828125,181.6300048828125,155.5942840576172,4473300,0.0,0.0
2017-06-19,182.3000030517578,183.02000427246094,180.75999450683594,183.02000427246094,156.7849884033203,3887100,0.0,0.0
2017-06-20,182.75,183.4199981689453,182.22000122070312,183.27000427246094,156.9991455078125,2742600,0.0,0.0
2017-06-21,183.49000549316406,185.11000061035156,182.7100067138672,184.9199981689453,158.4126739501953,2866300,0.0,0.0
2017-06-22,184.89999389648438,188.66000366210938,184.77999877929688,186.5,159.76614379882812,3841300,0.0,0.0
2017-06-23,186.27000427246094,186.27000427246094,184.13999938964844,185.25,158.69540405273438,3438500,0.0,0.0
2017-06-26,185.1300048828125,185.88999938964844,183.38999938964844,185.1199951171875,158.583984375,2327400,0.0,0.0
2017-06-27,185.72000122070312,186.8000030517578,184.22000122070312,184.60000610351562,158.13856506347656,2682800,0.0,0.0
2017-06-28,185.67999267578125,186.30999755859375,185.08999633789062,185.6999969482422,159.08084106445312,2451200,0.0,0.0
2017-06-29,185.82000732421875,186.08999633789062,184.3300018310547,185.27000427246094,158.71246337890625,2193600,0.0,0.0
2017-06-30,185.14999389648438,186.19000244140625,184.92999267578125,185.4199981689453,158.8409881591797,2392000,0.0,0.0
2017-07-03,186.2899932861328,187.52999877929688,185.74000549316406,186.64999389648438,159.89462280273438,2087000,0.0,0.0
2017-07-05,186.13999938964844,188.36000061035156,185.72000122070312,188.25,161.26535034179688,2587400,0.0,0.0
2017-07-06,188.1199951171875,188.19000244140625,186.14999389648438,186.94000244140625,160.14308166503906,1844700,0.0,0.0
2017-07-07,187.35000610351562,188.42999267578125,187.00999450683594,187.9600067138672,161.0168914794922,2252500,0.0,0.0
2017-07-10,187.3300018310547,188.0,186.14999389648438,186.9499969482422,160.15167236328125,2612000,0.0,0.0
2017-07-11,187.0,187.66000366210938,185.08999633789062,185.9499969482422,159.2949981689453,2664500,0.0,0.0
2017-07-12,186.7899932861328,187.3000030517578,186.41000366210938,186.69000244140625,159.92893981933594,3342800,0.0,0.0
2017-07-13,187.0,187.27999877929688,185.32000732421875,185.47999572753906,158.89234924316406,2379300,0.0,0.0
2017-07-14,185.80999755859375,187.1300048828125,184.77000427246094,186.89999389648438,160.1088104248047,2716700,0.0,0.0
2017-07-17,187.07000732421875,187.25,185.75999450683594,186.35000610351562,159.63763427734375,2444600,0.0,0.0
2017-07-18,186.9499969482422,187.1999969482422,183.86000061035156,186.85000610351562,160.06600952148438,4235800,0.0,0.0
2017-07-19,187.50999450683594,189.41000366210938,187.50999450683594,189.19000244140625,162.07049560546875,3401600,0.0,0.0
2017-07-20,189.41000366210938,191.9199981689453,188.9199981689453,191.5,164.04945373535156,3099600,0.0,0.0
2017-07-21,191.3800048828125,193.0,190.60000610351562,191.77999877929688,164.28924560546875,4911500,0.0,0.0
2017-07-24,191.7899932861328,192.1699981689453,190.63999938964844,190.88999938964844,163.52685546875,2356500,0.0,0.0
2017-07-25,192.1300048828125,192.47999572753906,190.3000030517578,190.39999389648438,163.10711669921875,1960100,0.0,0.0
2017-07-26,190.02000427246094,191.52999877929688,189.3800048828125,190.75,163.4069366455078,2683500,0.0,0.0
2017-07-27,190.24000549316406,190.49000549316406,188.4600067138672,188.92999267578125,161.84780883789062,2631400,0.0,0.0
2017-07-28,189.11000061035156,191.24000549316406,187.60000610351562,191.14999389648438,163.74964904785156,1925000,0.0,0.0
2017-07-31,191.58999633789062,192.61000061035156,191.13999938964844,191.80999755859375,164.31495666503906,3767100,0.0,0.0
2017-08-01,193.39999389648438,193.39999389648438,191.6199951171875,192.22999572753906,164.67483520507812,3336800,0.0,0.0
2017-08-02,192.13999938964844,193.4499969482422,192.13999938964844,193.0,165.3344268798828,2463800,0.0,0.0
2017-08-03,193.25999450683594,194.9600067138672,193.00999450683594,194.77000427246094,166.8507080078125,2886100,0.0,0.0
2017-08-04,194.9499969482422,196.0399932861328,194.60000610351562,194.8800048828125,166.94497680664062,2892300,0.0,0.0
2017-08-07,194.80999755859375,195.41000366210938,193.89999389648438,194.77999877929688,166.85923767089844,2074800,0.0,0.0
2017-08-08,194.67999267578125,194.99000549316406,194.0800018310547,194.89999389648438,166.9620361328125,1741000,0.0,0.0
2017-08-09,194.89999389648438,195.36000061035156,194.1699981689453,194.8300018310547,166.90211486816406,2125900,0.0,0.0
2017-08-10,194.25999450683594,194.38999938964844,192.39999389648438,192.57000732421875,164.96604919433594,2698600,0.0,0.0
2017-08-11,193.91000366210938,194.5399932861328,192.66000366210938,193.02000427246094,165.35154724121094,2210700,0.0,0.0
2017-08-14,194.60000610351562,194.75,192.89999389648438,193.7100067138672,165.9426727294922,2322000,0.0,0.0
2017-08-15,194.47000122070312,195.00999450683594,193.80999755859375,194.5,166.619384765625,1595200,0.0,0.0
2017-08-16,194.80999755859375,195.27000427246094,192.8300018310547,193.77000427246094,165.99403381347656,1881600,0.0,0.0
2017-08-17,193.75,194.24000549316406,192.66000366210938,192.6999969482422,165.07740783691406,2440900,0.0,0.0
2017-08-18,192.83999633789062,193.1999969482422,190.6300048828125,190.82000732421875,163.46693420410156,2858500,0.0,0.0
2017-08-21,190.8800048828125,192.30999755859375,190.8800048828125,192.02999877929688,164.50341796875,1930500,0.0,0.0
2017-08-22,192.14999389648438,194.9600067138672,191.55999755859375,194.7899932861328,166.86781311035156,2021900,0.0,0.0
2017-08-23,194.5,194.58999633789062,193.72000122070312,194.24000549316406,166.39666748046875,1547000,0.0,0.0
2017-08-24,194.5500030517578,195.07000732421875,194.2100067138672,194.75,166.8335723876953,1923700,0.0,0.0
2017-08-25,195.3300018310547,195.5399932861328,194.13999938964844,194.36000061035156,166.4994659423828,1375000,0.0,0.0
2017-08-28,194.58999633789062,195.80999755859375,194.36000061035156,195.08999633789062,167.1248016357422,2009900,0.0,0.0
2017-08-29,194.8300018310547,197.0399932861328,194.3300018310547,196.72999572753906,168.52975463867188,2072200,0.0,0.0
2017-08-30,196.3800048828125,196.8800048828125,195.1999969482422,195.8800048828125,167.80154418945312,1506700,0.0,0.0
2017-08-31,196.92999267578125,199.49000549316406,196.38999938964844,198.89999389648438,170.388671875,2990200,0.0,0.0
2017-09-01,199.7899932861328,199.99000549316406,198.36000061035156,199.75,171.11680603027344,2241800,0.0,0.0
2017-09-05,199.1999969482422,200.44000244140625,198.7100067138672,199.30999755859375,170.73988342285156,2700800,0.0,0.0
2017-09-06,199.5399932861328,199.99000549316406,197.6300048828125,198.3800048828125,169.94320678710938,3040200,0.0,0.0
2017-09-07,197.77000427246094,199.47999572753906,197.07000732421875,198.1699981689453,170.4075164794922,2684600,0.75,0.0
2017-09-08,198.42999267578125,198.86000061035156,197.0,197.75,170.04637145996094,2206000,0.0,0.0
2017-09-11,199.25,200.4199981689453,198.77999877929688,199.5800018310547,171.6199951171875,3307900,0.0,0.0
2017-09-12,199.44000244140625,199.47000122070312,196.91000366210938,197.47000122070312,169.80567932128906,2554700,0.0,0.0
2017-09-13,197.8000030517578,200.75999450683594,197.77999877929688,198.3300018310547,170.5451202392578,2394400,0.0,0.0
2017-09-14,197.9499969482422,198.3800048828125,197.08999633789062,197.72999572753906,170.02915954589844,2378600,0.0,0.0
2017-09-15,198.52000427246094,199.7100067138672,197.1999969482422,198.17999267578125,170.4161376953125,4198700,0.0,0.0
2017-09-18,198.1699981689453,198.82000732421875,197.50999450683594,198.19000244140625,170.4247589111328,1915200,0.0,0.0
2017-09-19,198.44000244140625,198.60000610351562,192.38999938964844,194.64999389648438,167.3806610107422,3819000,0.0,0.0
2017-09-20,195.02000427246094,195.83999633789062,194.05999755859375,195.75,168.32656860351562,2788500,0.0,0.0
2017-09-21,195.6300048828125,196.1300048828125,194.89999389648438,195.2100067138672,167.8622283935547,1895000,0.0,0.0
2017-09-22,195.11000061035156,195.8699951171875,188.25,193.02999877929688,165.98760986328125,5660200,0.0,0.0
2017-09-25,193.27000427246094,196.30999755859375,190.9199981689453,191.75,164.886962890625,3105900,0.0,0.0
2017-09-26,192.30999755859375,194.36000061035156,192.0399932861328,192.6999969482422,165.70387268066406,2775400,0.0,0.0
2017-09-27,193.1999969482422,195.6199951171875,191.74000549316406,194.49000549316406,167.2431182861328,3267200,0.0,0.0
2017-09-28,194.25,196.5500030517578,193.50999450683594,196.10000610351562,168.62753295898438,2088400,0.0,0.0
2017-09-29,195.82000732421875,196.08999633789062,194.47999572753906,195.85000610351562,168.4125518798828,2646300,0.0,0.0
2017-10-02,196.58999633789062,197.91000366210938,196.3300018310547,197.44000244140625,169.7798309326172,2893600,0.0,0.0
2017-10-03,197.5,199.44000244140625,197.25999450683594,198.6300048828125,170.8031463623047,2533800,0.0,0.0
2017-10-04,199.02999877929688,200.72999572753906,198.42999267578125,200.47999572753906,172.39390563964844,2286400,0.0,0.0
2017-10-05,199.92999267578125,199.92999267578125,196.55999755859375,197.89999389648438,170.17535400390625,4069000,0.0,0.0
2017-10-06,197.89999389648438,199.99000549316406,197.50999450683594,198.05999755859375,170.31295776367188,3361900,0.0,0.0
2017-10-09,198.00999450683594,198.32000732421875,195.77999877929688,196.3000030517578,168.79959106445312,3365400,0.0,0.0
2017-10-10,196.25999450683594,196.42999267578125,193.6699981689453,194.67999267578125,167.40646362304688,2499100,0.0,0.0
2017-10-11,194.6300048828125,196.07000732421875,193.58999633789062,195.25999450683594,167.90524291992188,2935600,0.0,0.0
2017-10-12,195.00999450683594,195.36000061035156,192.72999572753906,192.9199981689453,165.89305114746094,2954700,0.0,0.0
2017-10-13,189.58999633789062,192.7100067138672,186.0,192.52000427246094,165.549072265625,5435000,0.0,0.0
2017-10-16,192.47999572753906,193.32000732421875,191.36000061035156,193.1999969482422,166.13381958007812,2927400,0.0,0.0
2017-10-17,196.8000030517578,206.6199951171875,196.3699951171875,203.88999938964844,175.3262176513672,8949700,0.0,0.0
2017-10-18,203.8000030517578,207.8000030517578,203.67999267578125,205.22999572753906,176.4784698486328,4796300,0.0,0.0
2017-10-19,205.47000122070312,205.75,202.6999969482422,203.25,174.77586364746094,3471800,0.0,0.0
2017-10-20,204.25999450683594,208.2100067138672,203.69000244140625,207.49000549316406,178.4219207763672,5138800,0.0,0.0
2017-10-23,207.5800018310547,208.4499969482422,205.8000030517578,207.00999450683594,178.00912475585938,2261400,0.0,0.0
2017-10-24,206.3800048828125,208.22999572753906,205.8800048828125,208.14999389648438,178.98941040039062,3459900,0.0,0.0
2017-10-25,208.32000732421875,209.13999938964844,207.07000732421875,207.55999755859375,178.48208618164062,2908300,0.0,0.0
2017-10-26,207.9199981689453,211.6999969482422,207.5800018310547,209.14999389648438,179.84934997558594,4346000,0.0,0.0
2017-10-27,209.14999389648438,212.77000427246094,208.5500030517578,212.60000610351562,182.8160400390625,4385300,0.0,0.0
2017-10-30,212.2100067138672,212.77000427246094,209.3800048828125,209.38999938964844,180.05569458007812,2477400,0.0,0.0
2017-10-31,209.38999938964844,210.52000427246094,207.8000030517578,210.22000122070312,180.76943969726562,3749600,0.0,0.0
2017-11-01,211.6199951171875,212.6300048828125,208.9199981689453,209.52999877929688,180.1761016845703,1902900,0.0,0.0
2017-11-02,210.11000061035156,211.49000549316406,209.00999450683594,211.10000610351562,181.52615356445312,2825900,0.0,0.0
2017-11-03,210.72000122070312,213.8300018310547,210.10000610351562,212.8699951171875,183.0481719970703,2196900,0.0,0.0
2017-11-06,211.91000366210938,213.92999267578125,211.8000030517578,212.1199951171875,182.40321350097656,2293700,0.0,0.0
2017-11-07,212.74000549316406,213.5399932861328,210.88999938964844,212.6999969482422,182.9019775390625,1845800,0.0,0.0
2017-11-08,212.0800018310547,212.92999267578125,210.6999969482422,210.77000427246094,181.24237060546875,2261100,0.0,0.0
2017-11-09,210.58999633789062,211.75999450683594,209.1300048828125,211.55999755859375,181.92169189453125,1839700,0.0,0.0
2017-11-10,211.4600067138672,211.80999755859375,210.1999969482422,211.07000732421875,181.50035095214844,1384700,0.0,0.0
2017-11-13,210.30999755859375,213.5399932861328,209.94000244140625,212.66000366210938,182.86761474609375,2662200,0.0,0.0
2017-11-14,212.2100067138672,212.6999969482422,210.9199981689453,211.7100067138672,182.05068969726562,1993900,0.0,0.0
2017-11-15,210.8800048828125,211.97999572753906,209.6199951171875,209.86000061035156,180.45982360839844,1816300,0.0,0.0
2017-11-16,210.3800048828125,212.00999450683594,209.89999389648438,211.1300048828125,181.55194091796875,1919600,0.0,0.0
2017-11-17,210.4600067138672,211.4600067138672,209.14999389648438,209.89999389648438,180.49424743652344,1887500,0.0,0.0
2017-11-20,210.0,210.67999267578125,209.5800018310547,210.25,180.79525756835938,2040400,0.0,0.0
2017-11-21,211.1300048828125,212.85000610351562,210.75,212.60000610351562,182.8160400390625,2327200,0.0,0.0
2017-11-22,212.25999450683594,212.80999755859375,210.75999450683594,211.22000122070312,181.62930297851562,2257800,0.0,0.0
2017-11-24,212.0,212.92999267578125,211.0,212.50999450683594,182.73858642578125,744000,0.0,0.0
2017-11-27,212.25,214.25,211.80999755859375,212.39999389648438,182.64402770996094,2856300,0.0,0.0
2017-11-28,213.8800048828125,216.30999755859375,212.50999450683594,216.13999938964844,185.86009216308594,2905700,0.0,0.0
2017-11-29,217.6999969482422,224.27000427246094,217.36000061035156,222.8800048828125,191.6558380126953,4247200,0.0,0.0
2017-11-30,223.8300018310547,228.75,222.2899932861328,228.1699981689453,196.8672332763672,6846400,0.75,0.0
2017-12-01,228.88999938964844,229.22000122070312,221.0800018310547,226.77999877929688,195.6678924560547,3325800,0.0,0.0
2017-12-04,229.25999450683594,231.77000427246094,221.39999389648438,221.4199981689453,191.04322814941406,5591500,0.0,0.0
2017-12-05,221.0,223.72000122070312,219.16000366210938,220.08999633789062,189.89569091796875,3246300,0.0,0.0
2017-12-06,221.02000427246094,221.9600067138672,219.02999877929688,219.94000244140625,189.76629638671875,2397500,0.0,0.0
2017-12-07,220.58999633789062,220.61000061035156,218.19000244140625,220.14999389648438,189.9474639892578,2661600,0.0,0.0
2017-12-08,220.5500030517578,224.3300018310547,220.22000122070312,223.91000366210938,193.19163513183594,2233300,0.0,0.0
2017-12-11,222.50999450683594,224.82000732421875,222.0399932861328,222.77000427246094,192.2080535888672,1599500,0.0,0.0
2017-12-12,221.39999389648438,223.4199981689453,221.25999450683594,222.49000549316406,191.9664306640625,2294100,0.0,0.0
2017-12-13,221.74000549316406,224.9499969482422,221.22999572753906,224.35000610351562,193.5712890625,3059400,0.0,0.0
2017-12-14,225.0,226.97000122070312,221.00999450683594,221.25,190.89657592773438,2811700,0.0,0.0
2017-12-15,223.75,223.75,220.6300048828125,221.82000732421875,191.38836669921875,6293400,0.0,0.0
2017-12-18,222.60000610351562,224.80999755859375,222.19000244140625,222.6699981689453,192.12171936035156,3194100,0.0,0.0
2017-12-19,222.99000549316406,223.7899932861328,220.85000610351562,222.0399932861328,191.57818603515625,2340200,0.0,0.0
2017-12-20,223.11000061035156,224.88999938964844,221.72999572753906,222.3800048828125,191.87155151367188,2633200,0.0,0.0
2017-12-21,223.1199951171875,223.94000244140625,221.3699951171875,221.69000244140625,191.2762451171875,2955300,0.0,0.0
2017-12-22,222.0,222.35000610351562,218.4499969482422,220.0,189.8180694580078,1959700,0.0,0.0
2017-12-26,219.08999633789062,220.4199981689453,219.08999633789062,219.60000610351562,189.47293090820312,1482400,0.0,0.0
2017-12-27,219.97999572753906,221.44000244140625,219.25,220.4199981689453,190.18043518066406,1861900,0.0,0.0
2017-12-28,221.4600067138672,222.7899932861328,220.14999389648438,222.77000427246094,192.2080535888672,1452600,0.0,0.0
2017-12-29,223.9499969482422,223.9499969482422,220.4600067138672,220.4600067138672,190.21495056152344,2350200,0.0,0.0
2018-01-02,221.02000427246094,222.4499969482422,220.0,221.16000366210938,190.81887817382812,3485000,0.0,0.0
2018-01-03,221.6199951171875,223.80999755859375,220.52000427246094,223.47999572753906,192.82061767578125,2417600,0.0,0.0
2018-01-04,224.33999633789062,226.10000610351562,224.1699981689453,224.4499969482422,193.6575164794922,2749100,0.0,0.0
2018-01-05,225.19000244140625,229.0500030517578,224.72000122070312,228.72999572753906,197.35035705566406,2432800,0.0,0.0
2018-01-08,228.1300048828125,228.7100067138672,224.61000061035156,224.75999450683594,193.92503356933594,2850800,0.0,0.0
2018-01-09,224.75999450683594,226.6300048828125,223.3000030517578,225.8800048828125,194.89141845703125,2672200,0.0,0.0
2018-01-10,224.8300018310547,225.00999450683594,223.02999877929688,224.1999969482422,193.4418487548828,2311600,0.0,0.0
2018-01-11,224.17999267578125,225.9199981689453,223.6999969482422,225.38999938964844,194.4685516357422,2543600,0.0,0.0
2018-01-12,227.4499969482422,229.89999389648438,226.52000427246094,228.63999938964844,197.272705078125,3943800,0.0,0.0
2018-01-16,233.3699951171875,235.0,231.25,232.89999389648438,200.9482879638672,6852600,0.0,0.0
2018-01-17,234.6699981689453,238.9600067138672,233.85000610351562,238.42999267578125,205.71963500976562,5124800,0.0,0.0
2018-01-18,239.25999450683594,243.89999389648438,238.5500030517578,243.16000366210938,209.80072021484375,6234200,0.0,0.0
2018-01-19,244.17999267578125,244.35000610351562,241.07000732421875,243.35000610351562,209.9646759033203,4293600,0.0,0.0
2018-01-22,243.58999633789062,243.8000030517578,241.36000061035156,243.55999755859375,210.14584350585938,4012200,0.0,0.0
2018-01-23,242.99000549316406,246.97999572753906,242.41000366210938,245.2100067138672,211.56942749023438,3300000,0.0,0.0
2018-01-24,246.00999450683594,247.30999755859375,243.7100067138672,244.85000610351562,211.25889587402344,2733300,0.0,0.0
2018-01-25,244.75,246.19000244140625,243.89999389648438,245.17999267578125,211.54360961914062,2420500,0.0,0.0
2018-01-26,245.0,248.74000549316406,244.4600067138672,248.47000122070312,214.38226318359375,2615300,0.0,0.0
2018-01-29,249.27999877929688,250.7899932861328,247.39999389648438,247.41000366210938,213.46768188476562,2564700,0.0,0.0
2018-01-30,232.8800048828125,242.74000549316406,232.10000610351562,236.64999389648438,204.1838836669922,11565500,0.0,0.0
2018-01-31,242.83999633789062,247.0,235.75999450683594,236.77999877929688,204.29595947265625,5187400,0.0,0.0
2018-02-01,235.25999450683594,237.82000732421875,233.8300018310547,235.22000122070312,202.9499969482422,4268300,0.0,0.0
2018-02-02,233.0,236.3000030517578,231.19000244140625,231.8800048828125,200.06822204589844,3959900,0.0,0.0
2018-02-05,230.7899932861328,233.11000061035156,208.47999572753906,220.02000427246094,189.83529663085938,6290000,0.0,0.0
2018-02-06,212.1999969482422,226.50999450683594,210.2100067138672,225.17999267578125,194.28738403320312,7064800,0.0,0.0
2018-02-07,222.3300018310547,229.2899932861328,221.50999450683594,225.82000732421875,194.83963012695312,5589200,0.0,0.0
2018-02-08,225.3300018310547,226.6300048828125,216.25999450683594,216.4600067138672,186.76370239257812,4902400,0.0,0.0
2018-02-09,218.0,223.27999877929688,212.00999450683594,220.9600067138672,190.64633178710938,6225300,0.0,0.0
2018-02-12,222.44000244140625,228.0,222.14999389648438,225.69000244140625,194.72744750976562,4912000,0.0,0.0
2018-02-13,223.14999389648438,227.1199951171875,222.38999938964844,226.63999938964844,195.54710388183594,3536800,0.0,0.0
2018-02-14,224.9499969482422,229.33999633789062,223.9199981689453,228.77999877929688,197.39353942871094,2878400,0.0,0.0
2018-02-15,229.27000427246094,230.0,221.74000549316406,226.02000427246094,195.01220703125,4662700,0.0,0.0
2018-02-16,225.99000549316406,230.5500030517578,225.6999969482422,229.3699951171875,197.9025421142578,3621700,0.0,0.0
2018-02-20,227.91000366210938,228.75,225.61000061035156,226.66000366210938,195.5643768310547,3172300,0.0,0.0
2018-02-21,226.14999389648438,229.35000610351562,225.11000061035156,225.1300048828125,194.2442626953125,3371900,0.0,0.0
2018-02-22,226.3000030517578,229.83999633789062,225.0800018310547,227.08999633789062,195.9353485107422,2767900,0.0,0.0
2018-02-23,227.89999389648438,230.32000732421875,225.91000366210938,230.16000366210938,198.5841827392578,2393900,0.0,0.0
2018-02-26,231.63999938964844,234.50999450683594,229.6999969482422,234.05999755859375,201.94915771484375,3307000,0.0,0.0
2018-02-27,234.39999389648438,235.88999938964844,232.44000244140625,232.52000427246094,200.62042236328125,2899500,0.0,0.0
2018-02-28,234.4199981689453,234.75,226.08999633789062,226.16000366210938,195.13296508789062,4368600,0.0,0.0
2018-03-01,225.6999969482422,229.2899932861328,222.74000549316406,224.4499969482422,193.6575164794922,3514600,0.0,0.0
2018-03-02,223.2100067138672,225.82000732421875,222.58999633789062,225.19000244140625,194.29603576660156,2613600,0.0,0.0
2018-03-05,223.3699951171875,229.42999267578125,222.7899932861328,228.3800048828125,197.0483856201172,2627300,0.0,0.0
2018-03-06,228.9199981689453,229.14999389648438,223.88999938964844,226.17999267578125,195.1502685546875,2652800,0.0,0.0
2018-03-07,224.35000610351562,227.82000732421875,223.75,227.27000427246094,196.0906524658203,3242200,0.0,0.0
2018-03-08,227.92999267578125,227.99000549316406,223.9199981689453,224.72999572753906,194.54110717773438,3500900,0.75,0.0
2018-03-09,226.11000061035156,226.52000427246094,222.5,225.42999267578125,195.14707946777344,4834600,0.0,0.0
2018-03-12,226.2100067138672,227.0,222.77000427246094,222.77000427246094,192.84446716308594,3117300,0.0,0.0
2018-03-13,223.52999877929688,228.05999755859375,223.16000366210938,226.94000244140625,196.45428466796875,3343800,0.0,0.0
2018-03-14,227.1300048828125,229.38999938964844,225.02000427246094,225.3800048828125,195.10385131835938,3048200,0.0,0.0
2018-03-15,225.8300018310547,230.75999450683594,225.66000366210938,229.47999572753906,198.65301513671875,3330200,0.0,0.0
2018-03-16,229.66000366210938,231.27000427246094,227.75,227.86000061035156,197.2506103515625,5690300,0.0,0.0
2018-03-19,227.30999755859375,227.97000122070312,223.67999267578125,225.0500030517578,194.8181915283203,3407300,0.0,0.0
2018-03-20,225.16000366210938,227.60000610351562,223.8800048828125,226.77999877929688,196.3157501220703,3429100,0.0,0.0
2018-03-21,226.4499969482422,227.44000244140625,222.82000732421875,222.82000732421875,192.88772583007812,3419800,0.0,0.0
2018-03-22,221.64999389648438,221.66000366210938,215.10000610351562,215.2100067138672,186.3000030517578,5894800,0.0,0.0
2018-03-23,215.75,217.72999572753906,212.5,212.5500030517578,183.99732971191406,5741200,0.0,0.0
2018-03-26,215.19000244140625,219.41000366210938,214.6999969482422,219.07000732421875,189.64146423339844,3561300,0.0,0.0
2018-03-27,220.32000732421875,221.9499969482422,216.41000366210938,217.9600067138672,188.68057250976562,3722100,0.0,0.0
2018-03-28,218.88999938964844,219.91000366210938,217.0399932861328,218.5,189.14804077148438,3179500,0.0,0.0
2018-03-29,219.3800048828125,223.35000610351562,214.0,214.0,185.25253295898438,5529400,0.0,0.0
2018-04-02,218.4600067138672,222.99000549316406,214.6300048828125,217.1999969482422,188.02267456054688,6220700,0.0,0.0
2018-04-03,220.33999633789062,225.10000610351562,219.69000244140625,224.5800018310547,194.41127014160156,4652000,0.0,0.0
2018-04-04,220.69000244140625,229.47999572753906,220.4199981689453,228.7899932861328,198.05572509765625,4674000,0.0,0.0
2018-04-05,229.4600067138672,231.5800018310547,226.8000030517578,229.07000732421875,198.29818725585938,3348100,0.0,0.0
2018-04-06,226.64999389648438,228.19000244140625,221.82000732421875,223.9600067138672,193.87454223632812,3231700,0.0,0.0
2018-04-09,225.5800018310547,226.1300048828125,222.36000061035156,222.72999572753906,192.80978393554688,3031500,0.0,0.0
2018-04-10,225.39999389648438,228.16000366210938,223.49000549316406,226.7899932861328,196.32440185546875,2737500,0.0,0.0
2018-04-11,224.27000427246094,225.38999938964844,221.69000244140625,221.89999389648438,192.09132385253906,3482100,0.0,0.0
2018-04-12,224.0399932861328,225.75,223.41000366210938,224.24000549316406,194.11692810058594,2664500,0.0,0.0
2018-04-13,225.10000610351562,226.1300048828125,223.0800018310547,224.27999877929688,194.151611328125,2496600,0.0,0.0
2018-04-16,227.11000061035156,231.85000610351562,226.35000610351562,230.32000732421875,199.3802490234375,4510600,0.0,0.0
2018-04-17,239.30999755859375,241.6699981689453,236.0800018310547,238.5500030517578,206.50457763671875,6180300,0.0,0.0
2018-04-18,239.0,239.74000549316406,236.3000030517578,236.39999389648438,204.64344787597656,2940100,0.0,0.0
2018-04-19,236.1999969482422,238.27000427246094,234.8000030517578,235.75999450683594,204.08938598632812,2734900,0.0,0.0
2018-04-20,236.0500030517578,237.10000610351562,233.5,235.05999755859375,203.4834442138672,2842000,0.0,0.0
2018-04-23,235.2899932861328,236.2100067138672,233.0800018310547,234.33999633789062,202.8601837158203,3051700,0.0,0.0
2018-04-24,235.9499969482422,237.32000732421875,232.55999755859375,234.22000122070312,202.75631713867188,2771200,0.0,0.0
2018-04-25,233.4499969482422,235.10000610351562,230.44000244140625,234.89999389648438,203.34494018554688,3118800,0.0,0.0
2018-04-26,235.72999572753906,237.83999633789062,234.3300018310547,237.02999877929688,205.18878173828125,2252800,0.0,0.0
2018-04-27,237.6300048828125,240.5399932861328,237.14999389648438,240.17999267578125,207.91567993164062,2301800,0.0,0.0
2018-04-30,241.0,241.0,236.39999389648438,236.39999389648438,204.64344787597656,3446900,0.0,0.0
2018-05-01,237.0,237.49000549316406,234.36000061035156,236.85000610351562,205.0330047607422,2633500,0.0,0.0
2018-05-02,235.3800048828125,236.2100067138672,232.86000061035156,233.4600067138672,202.09841918945312,3542700,0.0,0.0
2018-05-03,231.97000122070312,234.8000030517578,229.30999755859375,234.14999389648438,202.6957244873047,2731600,0.0,0.0
2018-05-04,233.10000610351562,236.64999389648438,232.16000366210938,235.89999389648438,204.21063232421875,1999900,0.0,0.0
2018-05-07,235.8800048828125,236.99000549316406,232.6300048828125,233.77999877929688,202.37538146972656,3237800,0.0,0.0
2018-05-08,233.72000122070312,233.72000122070312,230.64999389648438,232.02999877929688,200.8604736328125,2698300,0.0,0.0
2018-05-09,233.0500030517578,233.4199981689453,228.22999572753906,229.2100067138672,198.41932678222656,3504200,0.0,0.0
2018-05-10,230.14999389648438,234.2899932861328,229.36000061035156,233.7100067138672,202.31478881835938,2169000,0.0,0.0
2018-05-11,233.5800018310547,238.8000030517578,232.9499969482422,238.27999877929688,206.27093505859375,3044900,0.0,0.0
2018-05-14,238.89999389648438,243.6699981689453,238.82000732421875,242.89999389648438,210.27027893066406,3893600,0.0,0.0
2018-05-15,241.86000061035156,242.22000122070312,238.6699981689453,239.5,207.3270263671875,2396600,0.0,0.0
2018-05-16,239.64999389648438,241.80999755859375,238.57000732421875,241.72000122070312,209.24880981445312,1906100,0.0,0.0
2018-05-17,241.49000549316406,243.55999755859375,240.5399932861328,242.9600067138672,210.322265625,2418700,0.0,0.0
2018-05-18,243.3699951171875,244.75999450683594,242.38999938964844,244.63999938964844,211.77658081054688,2283600,0.0,0.0
2018-05-21,245.0,249.1699981689453,244.83999633789062,247.89999389648438,214.59860229492188,3040700,0.0,0.0
2018-05-22,248.0,248.0500030517578,243.83999633789062,245.17999267578125,212.24400329589844,2644100,0.0,0.0
2018-05-23,244.02999877929688,245.5,241.63999938964844,244.25999450683594,211.44754028320312,3047800,0.0,0.0
2018-05-24,244.57000732421875,245.44000244140625,242.1999969482422,242.72999572753906,210.1230926513672,2610400,0.0,0.0
2018-05-25,242.9499969482422,245.5800018310547,242.44000244140625,244.9499969482422,212.044921875,1554900,0.0,0.0
2018-05-29,243.86000061035156,243.86000061035156,240.24000549316406,242.1699981689453,209.63833618164062,2837800,0.0,0.0
2018-05-30,243.74000549316406,245.75,242.6300048828125,244.94000244140625,212.03622436523438,2071900,0.0,0.0
2018-05-31,244.2100067138672,244.75,240.67999267578125,241.50999450683594,209.0670166015625,2966100,0.0,0.0
2018-06-01,243.74000549316406,243.74000549316406,241.2899932861328,243.35000610351562,210.65985107421875,2371400,0.0,0.0
2018-06-04,244.0,245.24000549316406,242.74000549316406,244.6300048828125,211.76791381835938,2188900,0.0,0.0
2018-06-05,245.08999633789062,245.11000061035156,241.91000366210938,244.42999267578125,211.59474182128906,1531900,0.0,0.0
2018-06-06,246.32000732421875,248.72000122070312,245.1300048828125,248.64999389648438,215.24786376953125,2650300,0.0,0.0
2018-06-07,249.75999450683594,250.0,248.25,248.97999572753906,215.5335693359375,2117200,0.0,0.0
2018-06-08,249.4600067138672,251.5,248.07000732421875,250.67999267578125,217.00515747070312,3034600,0.0,0.0
2018-06-11,250.83999633789062,254.99000549316406,250.39999389648438,253.77999877929688,219.6887664794922,2775200,0.0,0.0
2018-06-12,253.1999969482422,253.94000244140625,250.1699981689453,253.5800018310547,219.51560974121094,2567200,0.0,0.0
2018-06-13,254.13999938964844,256.7300109863281,252.47999572753906,252.8699951171875,218.90090942382812,3138300,0.0,0.0
2018-06-14,254.47000122070312,255.99000549316406,253.66000366210938,255.3300018310547,221.03050231933594,2456600,0.0,0.0
2018-06-15,254.27000427246094,255.97999572753906,252.55999755859375,255.97999572753906,222.3770294189453,4772200,0.9,0.0
2018-06-18,254.0,255.00999450683594,252.13999938964844,254.8699951171875,221.4127197265625,1961900,0.0,0.0
2018-06-19,252.97000122070312,253.3000030517578,251.16000366210938,253.02000427246094,219.8055877685547,2370200,0.0,0.0
2018-06-20,253.32000732421875,253.72999572753906,251.8800048828125,252.80999755859375,219.62319946289062,2580400,0.0,0.0
2018-06-21,252.9499969482422,253.64999389648438,250.9199981689453,251.88999938964844,218.82394409179688,2150300,0.0,0.0
2018-06-22,252.24000549316406,255.11000061035156,251.19000244140625,254.3699951171875,220.97836303710938,2604000,0.0,0.0
2018-06-25,254.36000061035156,255.1300048828125,248.61000061035156,250.7100067138672,217.79884338378906,3060800,0.0,0.0
2018-06-26,250.55999755859375,252.47000122070312,249.5399932861328,249.77000427246094,216.982177734375,2158000,0.0,0.0
2018-06-27,250.2899932861328,251.75999450683594,248.1300048828125,248.1699981689453,215.59228515625,2481000,0.0,0.0
2018-06-28,247.1300048828125,248.0,242.22999572753906,244.89999389648438,212.75148010253906,3556900,0.0,0.0
2018-06-29,244.89999389648438,247.5,244.60000610351562,245.33999633789062,213.13375854492188,2772600,0.0,0.0
2018-07-02,245.0,247.72999572753906,244.1199951171875,247.47999572753906,214.99282836914062,1793300,0.0,0.0
2018-07-03,248.3000030517578,248.75,246.74000549316406,246.97999572753906,214.55848693847656,1248000,0.0,0.0
2018-07-05,249.11000061035156,250.92999267578125,247.5800018310547,250.5,217.61642456054688,2182900,0.0,0.0
2018-07-06,251.00999450683594,251.72999572753906,249.4199981689453,250.75999450683594,217.84228515625,1572300,0.0,0.0
2018-07-09,252.1300048828125,254.00999450683594,251.0500030517578,253.6699981689453,220.3702850341797,2039600,0.0,0.0
2018-07-10,254.17999267578125,256.8999938964844,253.75,255.5399932861328,221.99478149414062,2012200,0.0,0.0
2018-07-11,255.13999938964844,256.0,253.74000549316406,254.58999633789062,221.16954040527344,1486000,0.0,0.0
2018-07-12,256.17999267578125,256.82000732421875,254.9199981689453,256.04998779296875,222.43785095214844,1592700,0.0,0.0
2018-07-13,256.3900146484375,259.010009765625,256.0199890136719,258.70001220703125,224.739990234375,2356200,0.0,0.0
2018-07-16,258.2900085449219,258.45001220703125,256.44000244140625,256.9800109863281,223.2457733154297,3625400,0.0,0.0
2018-07-17,251.5500030517578,252.52000427246094,246.27000427246094,250.2899932861328,217.43397521972656,6932300,0.0,0.0
2018-07-18,251.11000061035156,256.6099853515625,250.44000244140625,255.4199981689453,221.8905029296875,3359800,0.0,0.0
2018-07-19,255.32000732421875,256.5,251.85000610351562,252.92999267578125,219.7273712158203,2307600,0.0,0.0
2018-07-20,251.1699981689453,253.5500030517578,251.1699981689453,252.6999969482422,219.52760314941406,1959600,0.0,0.0
2018-07-23,252.91000366210938,255.22999572753906,252.42999267578125,252.74000549316406,219.56234741210938,1479600,0.0,0.0
2018-07-24,254.86000061035156,254.9600067138672,252.00999450683594,253.75999450683594,220.4484405517578,2476500,0.0,0.0
2018-07-25,254.80999755859375,255.27000427246094,252.77000427246094,254.86000061035156,221.40403747558594,3016900,0.0,0.0
2018-07-26,256.25,257.8699951171875,255.8000030517578,257.0,223.2631378173828,2021300,0.0,0.0
2018-07-27,257.7900085449219,257.7900085449219,255.38999938964844,255.9499969482422,222.35098266601562,1656800,0.0,0.0
2018-07-30,255.91000366210938,256.8900146484375,253.11000061035156,253.83999633789062,220.5179443359375,1681500,0.0,0.0
2018-07-31,254.13999938964844,255.1999969482422,252.85000610351562,253.22000122070312,219.9793243408203,2355900,0.0,0.0
2018-08-01,256.1000061035156,256.1000061035156,252.80999755859375,253.3699951171875,220.10964965820312,3006700,0.0,0.0
2018-08-02,253.5,256.29998779296875,252.22999572753906,256.0799865722656,222.46383666992188,1854400,0.0,0.0
2018-08-03,256.45001220703125,257.55999755859375,254.3000030517578,257.2200012207031,223.4542694091797,1422300,0.0,0.0
2018-08-06,256.5,257.5400085449219,255.47000122070312,256.760009765625,223.0546417236328,1398100,0.0,0.0
2018-08-07,257.6400146484375,258.8399963378906,257.1300048828125,257.6499938964844,223.82778930664062,1462800,0.0,0.0
2018-08-08,258.1099853515625,259.5,257.9200134277344,258.80999755859375,224.8355712890625,1494300,0.0,0.0
2018-08-09,259.9100036621094,263.0199890136719,259.30999755859375,261.5899963378906,227.25057983398438,2315000,0.0,0.0
2018-08-10,260.489990234375,261.5,259.1099853515625,260.3599853515625,226.18206787109375,1625000,0.0,0.0
2018-08-13,261.0,262.54998779296875,260.29998779296875,260.9100036621094,226.65992736816406,1635100,0.0,0.0
2018-08-14,260.8900146484375,264.29998779296875,260.8500061035156,263.4800109863281,228.89254760742188,1941600,0.0,0.0
2018-08-15,261.9800109863281,262.69000244140625,259.19000244140625,260.6099853515625,226.39926147460938,2017700,0.0,0.0
2018-08-16,261.57000732421875,263.75,261.45001220703125,263.1000061035156,228.56239318847656,2115900,0.0,0.0
2018-08-17,263.54998779296875,264.1300048828125,261.7200012207031,262.3299865722656,227.8934326171875,1969700,0.0,0.0
2018-08-20,263.0,263.489990234375,261.57000732421875,262.3999938964844,227.95428466796875,1786200,0.0,0.0
2018-08-21,261.8500061035156,262.5199890136719,260.7300109863281,261.69000244140625,227.3374481201172,1559300,0.0,0.0
2018-08-22,261.95001220703125,261.95001220703125,260.25,260.739990234375,226.51219177246094,2148500,0.0,0.0
2018-08-23,261.0199890136719,262.55999755859375,259.55999755859375,261.4200134277344,227.1029052734375,1603500,0.0,0.0
2018-08-24,261.75,264.7799987792969,261.75,264.2799987792969,229.58746337890625,2238600,0.0,0.0
2018-08-27,265.0,267.45001220703125,264.4200134277344,267.0799865722656,232.0199432373047,2614000,0.0,0.0
2018-08-28,268.5400085449219,269.1400146484375,267.3299865722656,268.510009765625,233.26219177246094,2603900,0.0,0.0
2018-08-29,268.3900146484375,269.32000732421875,267.25,269.0,233.68783569335938,2880600,0.0,0.0
2018-08-30,269.4599914550781,270.1700134277344,268.1099853515625,268.3900146484375,233.15797424316406,2976300,0.0,0.0
2018-08-31,268.2799987792969,269.2099914550781,267.20001220703125,268.4599914550781,233.2187957763672,2961500,0.0,0.0
2018-09-04,268.0,269.4100036621094,266.57000732421875,268.510009765625,233.26219177246094,2097300,0.0,0.0
2018-09-05,268.55999755859375,268.79998779296875,266.92999267578125,267.6400146484375,232.5064239501953,2230600,0.0,0.0
2018-09-06,267.6000061035156,270.0199890136719,266.94000244140625,269.6499938964844,235.04290771484375,2556100,0.9,0.0
2018-09-07,269.6400146484375,271.1600036621094,267.510009765625,268.2799987792969,233.8488311767578,2958000,0.0,0.0
2018-09-10,266.7799987792969,266.79998779296875,258.75,259.7300109863281,226.39610290527344,4146200,0.0,0.0
2018-09-11,257.9200134277344,261.4200134277344,257.4800109863281,261.0400085449219,227.5379638671875,2283300,0.0,0.0
2018-09-12,261.1199951171875,264.489990234375,260.8500061035156,262.6700134277344,228.95877075195312,2236300,0.0,0.0
2018-09-13,264.1600036621094,265.69000244140625,263.4200134277344,265.489990234375,231.41676330566406,2734500,0.0,0.0
2018-09-14,265.3999938964844,266.6499938964844,263.2799987792969,265.30999755859375,231.2598876953125,2084600,0.0,0.0
2018-09-17,266.5,266.6600036621094,263.4100036621094,263.8699951171875,230.00474548339844,1940400,0.0,0.0
2018-09-18,262.92999267578125,264.0899963378906,262.0,263.2900085449219,229.49920654296875,3557000,0.0,0.0
2018-09-19,264.4700012207031,265.6099853515625,263.1600036621094,265.3299865722656,231.27735900878906,2274300,0.0,0.0
2018-09-20,266.0799865722656,267.94000244140625,266.05999755859375,266.3900146484375,232.20135498046875,2095000,0.0,0.0
2018-09-21,266.1000061035156,267.8399963378906,265.8500061035156,266.6700134277344,232.44540405273438,5671600,0.0,0.0
2018-09-24,267.010009765625,269.5299987792969,266.6700134277344,267.3599853515625,233.04684448242188,2699800,0.0,0.0
2018-09-25,267.29998779296875,267.3299865722656,263.0299987792969,263.510009765625,229.6909637451172,3789700,0.0,0.0
2018-09-26,264.5,265.489990234375,262.45001220703125,262.9100036621094,229.16795349121094,2238000,0.0,0.0
2018-09-27,263.0,265.4100036621094,262.92999267578125,264.6499938964844,230.68460083007812,2761400,0.0,0.0
2018-09-28,264.3800048828125,266.19000244140625,263.8500061035156,266.0400085449219,231.896240234375,2875100,0.0,0.0
2018-10-01,267.25,270.0199890136719,267.0199890136719,269.1000061035156,234.56349182128906,3314500,0.0,0.0
2018-10-02,269.0,271.44000244140625,267.5,270.6300048828125,235.8971405029297,2777300,0.0,0.0
2018-10-03,272.0,272.07000732421875,269.7699890136719,270.8999938964844,236.1324920654297,3002200,0.0,0.0
2018-10-04,271.0,271.6199951171875,267.30999755859375,268.32000732421875,233.88360595703125,2186600,0.0,0.0
2018-10-05,268.6499938964844,271.0,267.95001220703125,269.20001220703125,234.6507110595703,2045700,0.0,0.0
2018-10-08,268.8399963378906,269.6499938964844,265.6499938964844,269.010009765625,234.4850616455078,1865000,0.0,0.0
2018-10-09,269.19000244140625,271.9599914550781,268.4700012207031,270.1099853515625,235.44384765625,2510100,0.0,0.0
2018-10-10,270.6000061035156,271.4200134277344,262.5199890136719,263.0799865722656,229.316162109375,4267300,0.0,0.0
2018-10-11,262.0,264.3999938964844,255.77999877929688,257.1199951171875,224.12103271484375,4558500,0.0,0.0
2018-10-12,259.70001220703125,261.3900146484375,256.8599853515625,259.6099853515625,226.2914276123047,4006300,0.0,0.0
2018-10-15,260.1300048828125,262.44000244140625,259.30999755859375,260.25,226.8493194580078,3583400,0.0,0.0
2018-10-16,269.69000244140625,272.80999755859375,265.0,272.57000732421875,237.58815002441406,6453600,0.0,0.0
2018-10-17,270.19000244140625,271.0,265.6300048828125,267.29998779296875,232.99449157714844,3985100,0.0,0.0
2018-10-18,267.3500061035156,267.8800048828125,263.7099914550781,266.80999755859375,232.56739807128906,3132100,0.0,0.0
2018-10-19,266.6199951171875,267.9800109863281,263.8900146484375,265.29998779296875,231.251220703125,3336600,0.0,0.0
2018-10-22,266.75,266.8299865722656,260.05999755859375,262.19000244140625,228.54031372070312,2618100,0.0,0.0
2018-10-23,259.7200012207031,265.5199890136719,259.20001220703125,264.8599853515625,230.86764526367188,4081800,0.0,0.0
2018-10-24,264.010009765625,265.3299865722656,255.92999267578125,256.32000732421875,223.42373657226562,5265600,0.0,0.0
2018-10-25,258.1600036621094,265.17999267578125,253.3699951171875,264.239990234375,230.32723999023438,4675600,0.0,0.0
2018-10-26,261.5,262.3999938964844,257.0199890136719,258.17999267578125,225.0450439453125,4830600,0.0,0.0
2018-10-29,259.7200012207031,262.0400085449219,253.32000732421875,256.5199890136719,223.5980224609375,3697700,0.0,0.0
2018-10-30,256.69000244140625,259.69000244140625,253.97999572753906,258.2799987792969,225.13218688964844,4169200,0.0,0.0
2018-10-31,260.8699951171875,264.07000732421875,260.2200012207031,261.3500061035156,227.80816650390625,4230200,0.0,0.0
2018-11-01,262.9200134277344,264.67999267578125,259.760009765625,260.92999267578125,227.44203186035156,2771300,0.0,0.0
2018-11-02,264.6099853515625,266.3800048828125,259.55999755859375,261.010009765625,227.5117645263672,2593600,0.0,0.0
2018-11-05,262.1499938964844,263.0,260.07000732421875,261.010009765625,227.5117645263672,3287000,0.0,0.0
2018-11-06,260.70001220703125,264.010009765625,260.70001220703125,263.5400085449219,229.7171173095703,2582400,0.0,0.0
2018-11-07,266.8999938964844,276.75,266.8999938964844,274.6300048828125,239.38380432128906,5796800,0.0,0.0
2018-11-08,276.0,278.0,274.70001220703125,276.6499938964844,241.1444854736328,3809100,0.0,0.0
2018-11-09,276.8599853515625,278.0,274.19000244140625,276.54998779296875,241.057373046875,2904300,0.0,0.0
2018-11-12,276.0,277.7900085449219,272.0,272.3800048828125,237.4225311279297,3140600,0.0,0.0
2018-11-13,272.5799865722656,273.6000061035156,268.1400146484375,269.2200012207031,234.6681671142578,2516900,0.0,0.0
2018-11-14,269.2900085449219,270.5199890136719,263.3500061035156,264.9599914550781,230.95484924316406,3511900,0.0,0.0
2018-11-15,264.0,265.9200134277344,260.8500061035156,264.94000244140625,230.93740844726562,3657600,0.0,0.0
2018-11-16,264.989990234375,271.79998779296875,264.9200134277344,271.1099853515625,236.31556701660156,3857800,0.0,0.0
2018-11-19,271.4800109863281,272.2699890136719,264.17999267578125,266.04998779296875,231.9049072265625,3670800,0.0,0.0
2018-11-20,265.6199951171875,266.7799987792969,260.3999938964844,261.5,227.9388885498047,3617700,0.0,0.0
2018-11-21,262.5899963378906,264.6300048828125,260.45001220703125,260.54998779296875,227.1107940673828,3234300,0.0,0.0
2018-11-23,260.0,262.94000244140625,258.2799987792969,261.6199951171875,228.0435028076172,1159300,0.0,0.0
2018-11-26,264.6199951171875,268.29998779296875,263.5,266.1600036621094,232.0008087158203,3879800,0.0,0.0
2018-11-27,265.57000732421875,271.29998779296875,265.0299987792969,271.1499938964844,236.35040283203125,3497300,0.0,0.0
2018-11-28,272.82000732421875,282.3999938964844,272.82000732421875,280.95001220703125,244.8926544189453,5044300,0.0,0.0
2018-11-29,280.42999267578125,285.45001220703125,280.30999755859375,282.54998779296875,246.28741455078125,4177800,0.0,0.0
2018-11-30,282.989990234375,283.6400146484375,279.07000732421875,281.3599853515625,246.03382873535156,6143200,0.9,0.0
2018-12-03,283.0,286.5299987792969,282.7099914550781,286.3299865722656,250.3797149658203,4178800,0.0,0.0
2018-12-04,286.1499938964844,287.94000244140625,276.9100036621094,278.54998779296875,243.57655334472656,4635500,0.0,0.0
2018-12-06,273.0199890136719,276.94000244140625,265.25,276.8500061035156,242.08999633789062,6694600,0.0,0.0
2018-12-07,273.760009765625,276.4200134277344,267.2799987792969,269.17999267578125,235.3830108642578,3506900,0.0,0.0
2018-12-10,268.5899963378906,269.0,260.2300109863281,266.5299987792969,233.06568908691406,4061300,0.0,0.0
2018-12-11,269.5799865722656,271.5299987792969,265.6700134277344,267.2200012207031,233.66905212402344,3102800,0.0,0.0
2018-12-12,271.95001220703125,274.55999755859375,270.489990234375,270.6400146484375,236.65969848632812,3167900,0.0,0.0
2018-12-13,270.8599853515625,273.32000732421875,269.6199951171875,272.1499938964844,237.98011779785156,2350400,0.0,0.0
2018-12-14,270.3599853515625,270.57000732421875,263.7099914550781,265.0199890136719,231.7453155517578,3360500,0.0,0.0
2018-12-17,261.0400085449219,262.75,256.7300109863281,258.07000732421875,225.66793823242188,5806800,0.0,0.0
2018-12-18,259.70001220703125,259.989990234375,248.1999969482422,252.97000122070312,221.20826721191406,5065500,0.0,0.0
2018-12-19,252.3699951171875,256.55999755859375,247.58999633789062,250.30999755859375,218.88223266601562,5468500,0.0,0.0
2018-12-20,248.5,249.00999450683594,240.0500030517578,242.44000244140625,212.0003662109375,7311700,0.0,0.0
2018-12-21,240.72999572753906,247.5,237.4499969482422,238.33999633789062,208.41514587402344,12209700,0.0,0.0
2018-12-24,236.24000549316406,237.89999389648438,232.55999755859375,232.94000244140625,203.69309997558594,3091000,0.0,0.0
2018-12-26,232.6999969482422,243.3699951171875,231.80999755859375,243.35000610351562,212.79612731933594,4159300,0.0,0.0
2018-12-27,239.10000610351562,245.97000122070312,235.24000549316406,245.97000122070312,215.08717346191406,4295800,0.0,0.0
2018-12-28,246.7100067138672,249.7899932861328,244.80999755859375,246.24000549316406,215.32327270507812,3312700,0.0,0.0
2018-12-31,248.05999755859375,250.27999877929688,246.94000244140625,249.1199951171875,217.84161376953125,3123200,0.0,0.0
2019-01-02,245.0,246.35000610351562,241.47000122070312,243.49000549316406,212.91854858398438,4063600,0.0,0.0
2019-01-03,243.47999572753906,243.47999572753906,236.1300048828125,236.85000610351562,207.1122283935547,4623200,0.0,0.0
2019-01-04,239.8000030517578,243.4600067138672,238.8000030517578,239.6199951171875,209.53443908691406,5367600,0.0,0.0
2019-01-07,240.39999389648438,241.97999572753906,238.22999572753906,240.0800018310547,209.93667602539062,4133000,0.0,0.0
2019-01-08,242.3300018310547,244.7899932861328,239.7100067138672,243.2899932861328,212.74362182617188,3618600,0.0,0.0
2019-01-09,244.75999450683594,246.6300048828125,242.05999755859375,243.63999938964844,213.04971313476562,3425400,0.0,0.0
2019-01-10,242.0800018310547,245.13999938964844,241.41000366210938,244.8699951171875,214.125244140625,3374100,0.0,0.0
2019-01-11,243.4499969482422,247.75999450683594,243.27000427246094,247.6699981689453,216.5736846923828,3967100,0.0,0.0
2019-01-14,246.58999633789062,249.9199981689453,246.11000061035156,248.05999755859375,216.9147186279297,4955500,0.0,0.0
2019-01-15,250.0,256.9200134277344,247.0,256.8699951171875,224.61859130859375,5325600,0.0,0.0
2019-01-16,258.7300109863281,262.19000244140625,258.1700134277344,261.4599914550781,228.63226318359375,6069400,0.0,0.0
2019-01-17,260.989990234375,261.739990234375,257.8900146484375,259.7699890136719,227.15444946289062,3583600,0.0,0.0
2019-01-18,262.6000061035156,266.260009765625,260.4200134277344,265.5,232.1650848388672,4844800,0.0,0.0
2019-01-22,264.05999755859375,267.5,263.739990234375,265.69000244140625,232.3312225341797,4052700,0.0,0.0
2019-01-23,267.75,269.4700012207031,263.6700134277344,267.0199890136719,233.49423217773438,2971100,0.0,0.0
2019-01-24,266.79998779296875,268.1600036621094,264.260009765625,266.1300048828125,232.71595764160156,2927300,0.0,0.0
2019-01-25,268.79998779296875,270.4100036621094,265.70001220703125,268.04998779296875,234.39486694335938,2809100,0.0,0.0
2019-01-28,266.8999938964844,266.92999267578125,264.6099853515625,266.7699890136719,233.2755889892578,2837300,0.0,0.0
2019-01-29,266.0,268.45001220703125,265.44000244140625,267.3399963378906,233.7740478515625,2173000,0.0,0.0
2019-01-30,269.69000244140625,272.44000244140625,267.19000244140625,270.3699951171875,236.42356872558594,3659000,0.0,0.0
2019-01-31,270.4800109863281,271.739990234375,268.989990234375,270.20001220703125,236.27496337890625,4055100,0.0,0.0
2019-02-01,268.4700012207031,269.3900146484375,266.0299987792969,268.7200012207031,234.98080444335938,3946800,0.0,0.0
2019-02-04,268.30999755859375,268.69000244140625,264.2699890136719,268.2099914550781,234.53482055664062,3398900,0.0,0.0
2019-02-05,270.1199951171875,272.0899963378906,265.8399963378906,266.30999755859375,232.87332153320312,3597000,0.0,0.0
2019-02-06,265.1400146484375,269.92999267578125,264.9800109863281,269.5,235.662841796875,2570000,0.0,0.0
2019-02-07,268.6400146484375,270.5799865722656,267.260009765625,269.0,235.22560119628906,2458200,0.0,0.0
2019-02-08,267.5,268.70001220703125,260.32000732421875,261.8999938964844,229.01705932617188,4547000,0.0,0.0
2019-02-11,261.1700134277344,261.17999267578125,256.3399963378906,257.1400146484375,224.8546905517578,4856200,0.0,0.0
2019-02-12,259.2200012207031,264.0,256.9200134277344,263.5,230.41616821289062,4327900,0.0,0.0
2019-02-13,263.5199890136719,266.2900085449219,263.1499938964844,263.79998779296875,230.67848205566406,3066400,0.0,0.0
2019-02-14,263.239990234375,267.07000732421875,262.7099914550781,265.3299865722656,232.01638793945312,3015300,0.0,0.0
2019-02-15,267.7900085449219,271.1300048828125,266.6199951171875,271.1300048828125,237.0881805419922,3673700,0.0,0.0
2019-02-19,271.1700134277344,272.489990234375,269.2799987792969,270.4100036621094,236.45860290527344,2486700,0.0,0.0
2019-02-20,269.2099914550781,270.5899963378906,268.17999267578125,269.510009765625,235.67156982421875,2802800,0.0,0.0
2019-02-21,269.4700012207031,269.94000244140625,265.1000061035156,266.3999938964844,232.95205688476562,2554300,0.0,0.0
2019-02-22,266.5,268.3900146484375,265.95001220703125,267.1099853515625,233.57289123535156,3191100,0.0,0.0
2019-02-25,267.5799865722656,268.1700134277344,264.3800048828125,264.6000061035156,231.37803649902344,3679100,0.0,0.0
2019-02-26,264.6600036621094,265.42999267578125,262.79998779296875,262.9800109863281,229.9615020751953,3212900,0.0,0.0
2019-02-27,261.6099853515625,261.6099853515625,248.94000244140625,250.0800018310547,218.6810760498047,8952900,0.0,0.0
2019-02-28,249.6999969482422,251.9499969482422,239.14999389648438,242.22000122070312,211.80795288085938,11034300,0.0,0.0
2019-03-01,243.55999755859375,248.0,243.55999755859375,246.14999389648438,215.2445526123047,6921300,0.0,0.0
2019-03-04,248.1199951171875,248.4499969482422,234.50999450683594,236.02000427246094,206.38644409179688,8646300,0.0,0.0
2019-03-05,236.52999877929688,243.1999969482422,234.94000244140625,241.42999267578125,211.1171875,6924500,0.0,0.0
2019-03-06,241.74000549316406,241.74000549316406,237.02999877929688,239.07000732421875,209.05355834960938,4878700,0.0,0.0
2019-03-07,240.3000030517578,241.17999267578125,235.5500030517578,236.6999969482422,206.9810791015625,5033500,0.0,0.0
2019-03-08,235.14999389648438,239.41000366210938,234.63999938964844,237.2899932861328,208.28892517089844,4921700,0.9,0.0
2019-03-11,239.2100067138672,244.02000427246094,236.4199981689453,243.14999389648438,213.43275451660156,4539600,0.0,0.0
2019-03-12,244.9499969482422,247.47999572753906,243.74000549316406,245.8800048828125,215.82911682128906,4235800,0.0,0.0
2019-03-13,247.9600067138672,252.75999450683594,247.0800018310547,252.25,221.42056274414062,4881600,0.0,0.0
2019-03-14,253.0,255.05999755859375,252.33999633789062,253.27000427246094,222.31590270996094,3865200,0.0,0.0
2019-03-15,254.33999633789062,254.74000549316406,249.94000244140625,251.39999389648438,220.67440795898438,6466200,0.0,0.0
2019-03-18,252.66000366210938,255.30999755859375,250.4199981689453,255.0,223.83444213867188,3927400,0.0,0.0
2019-03-19,255.9499969482422,259.25,255.13999938964844,257.1300048828125,225.7041778564453,4164800,0.0,0.0
2019-03-20,257.42999267578125,257.69000244140625,249.97000122070312,250.5,219.88446044921875,4193500,0.0,0.0
2019-03-21,249.19000244140625,252.9600067138672,248.66000366210938,252.02000427246094,221.2187042236328,2699700,0.0,0.0
2019-03-22,250.57000732421875,251.1999969482422,246.99000549316406,247.08999633789062,216.89120483398438,3777900,0.0,0.0
2019-03-25,247.4199981689453,247.4199981689453,240.77999877929688,246.86000061035156,216.6893310546875,4110900,0.0,0.0
2019-03-26,247.25999450683594,247.88999938964844,241.72000122070312,243.38999938964844,213.6433868408203,4416200,0.0,0.0
2019-03-27,242.94000244140625,245.67999267578125,238.16000366210938,241.7100067138672,212.16873168945312,4819200,0.0,0.0
2019-03-28,242.58999633789062,242.85000610351562,238.88999938964844,242.22999572753906,212.62518310546875,3601500,0.0,0.0
2019-03-29,244.2899932861328,247.75999450683594,241.8699951171875,247.25999450683594,217.0404815673828,4294200,0.0,0.0
2019-04-01,249.7100067138672,250.1999969482422,243.05999755859375,245.5399932861328,215.5306396484375,4809500,0.0,0.0
2019-04-02,245.50999450683594,246.39999389648438,242.8000030517578,244.41000366210938,214.53875732421875,4057100,0.0,0.0
2019-04-03,246.30999755859375,247.5399932861328,244.58999633789062,245.83999633789062,215.7939453125,2851400,0.0,0.0
2019-04-04,245.47999572753906,249.11000061035156,244.63999938964844,247.38999938964844,217.15455627441406,2255500,0.0,0.0
2019-04-05,248.9499969482422,249.30999755859375,245.1699981689453,248.77999877929688,218.3746795654297,3343000,0.0,0.0
2019-04-08,249.67999267578125,249.67999267578125,246.30999755859375,248.75,218.34829711914062,2195400,0.0,0.0
2019-04-09,247.57000732421875,249.94000244140625,245.9499969482422,248.7899932861328,218.38345336914062,2903800,0.0,0.0
2019-04-10,248.77999877929688,249.8699951171875,245.52000427246094,246.02999877929688,215.9607391357422,2753700,0.0,0.0
2019-04-11,246.0500030517578,246.9199981689453,232.67999267578125,235.4199981689453,206.6475067138672,8223400,0.0,0.0
2019-04-12,236.5,236.77999877929688,220.77000427246094,223.22000122070312,195.9385223388672,13979400,0.0,0.0
2019-04-15,225.77000427246094,230.97000122070312,224.41000366210938,230.1999969482422,202.06552124023438,10021800,0.0,0.0
2019-04-16,238.00999450683594,238.00999450683594,215.82000732421875,220.9600067138672,193.9547576904297,27361400,0.0,0.0
2019-04-17,223.7899932861328,224.24000549316406,208.07000732421875,216.83999633789062,190.33828735351562,22101400,0.0,0.0
2019-04-18,217.13999938964844,223.0,214.2100067138672,221.75,194.64822387695312,13927200,0.0,0.0
2019-04-22,224.0,227.55999755859375,221.5,227.11000061035156,199.3531036376953,11191800,0.0,0.0
2019-04-23,228.25,231.94000244140625,226.10000610351562,230.5800018310547,202.39903259277344,10261400,0.0,0.0
2019-04-24,230.08999633789062,231.6300048828125,227.75,230.35000610351562,202.19715881347656,6104100,0.0,0.0
2019-04-25,228.52999877929688,232.1199951171875,228.1300048828125,230.7899932861328,202.58335876464844,5954500,0.0,0.0
2019-04-26,232.13999938964844,237.11000061035156,231.19000244140625,237.0,208.0343780517578,6186200,0.0,0.0
2019-04-29,237.39999389648438,238.05999755859375,234.16000366210938,237.4499969482422,208.42941284179688,5345300,0.0,0.0
2019-04-30,238.0800018310547,238.0800018310547,230.19000244140625,233.07000732421875,204.58468627929688,7632300,0.0,0.0
2019-05-01,233.07000732421875,234.6199951171875,230.35000610351562,231.9499969482422,203.60154724121094,4823200,0.0,0.0
2019-05-02,230.89999389648438,233.33999633789062,228.0800018310547,232.4499969482422,204.04046630859375,5499200,0.0,0.0
2019-05-03,232.83999633789062,233.89999389648438,227.17999267578125,231.9499969482422,203.60154724121094,4323100,0.0,0.0
2019-05-06,228.1699981689453,240.57000732421875,227.5,240.5,211.10665893554688,7180200,0.0,0.0
2019-05-07,239.19000244140625,243.14999389648438,236.39999389648438,238.0500030517578,208.95606994628906,5104700,0.0,0.0
2019-05-08,238.0,240.80999755859375,235.52999877929688,239.14999389648438,209.92161560058594,3768400,0.0,0.0
2019-05-09,236.60000610351562,240.5399932861328,235.6699981689453,237.97000122070312,208.88584899902344,4299500,0.0,0.0
2019-05-10,239.97000122070312,242.6199951171875,236.3699951171875,240.58999633789062,211.18560791015625,4374400,0.0,0.0
2019-05-13,236.4499969482422,240.10000610351562,236.1999969482422,239.5500030517578,210.27276611328125,4684400,0.0,0.0
2019-05-14,240.63999938964844,240.99000549316406,236.27999877929688,236.42999267578125,207.5340576171875,5329700,0.0,0.0
2019-05-15,235.0,237.52999877929688,232.6199951171875,236.0800018310547,207.226806640625,5099700,0.0,0.0
2019-05-16,235.88999938964844,240.4499969482422,235.72000122070312,236.7899932861328,207.85006713867188,4456400,0.0,0.0
2019-05-17,236.1699981689453,242.44000244140625,235.64999389648438,241.3800048828125,211.87908935546875,4486400,0.0,0.0
2019-05-20,240.0,246.74000549316406,239.77000427246094,245.99000549316406,215.92568969726562,5390800,0.0,0.0
2019-05-21,247.00999450683594,251.17999267578125,246.8000030517578,249.94000244140625,219.3928985595703,5345300,0.0,0.0
2019-05-22,249.10000610351562,251.02999877929688,248.7100067138672,249.33999633789062,218.86622619628906,4038000,0.0,0.0
2019-05-23,247.97999572753906,248.14999389648438,244.38999938964844,246.5,216.37332153320312,3934600,0.0,0.0
2019-05-24,247.25,249.36000061035156,245.50999450683594,247.6300048828125,217.36520385742188,2973900,0.0,0.0
2019-05-28,248.5,249.3000030517578,241.97999572753906,242.05999755859375,212.47598266601562,6172700,0.0,0.0
2019-05-29,239.85000610351562,243.02999877929688,237.89999389648438,242.39999389648438,212.77438354492188,3958400,0.0,0.0
2019-05-30,241.9199981689453,245.35000610351562,241.33999633789062,243.5,213.739990234375,2646600,0.0,0.0
2019-05-31,241.9499969482422,243.6199951171875,239.47999572753906,241.8000030517578,212.2477569580078,3285700,0.0,0.0
2019-06-03,241.49000549316406,243.8000030517578,236.02000427246094,236.55999755859375,207.64817810058594,4999400,0.0,0.0
2019-06-04,238.1300048828125,241.0500030517578,234.8300018310547,240.75999450683594,211.33486938476562,4992000,0.0,0.0
2019-06-05,243.1699981689453,245.7899932861328,241.22999572753906,242.77000427246094,213.0991973876953,3194400,0.0,0.0
2019-06-06,243.1300048828125,243.94000244140625,241.72999572753906,241.82000732421875,212.2653045654297,2630100,0.0,0.0
2019-06-07,242.89999389648438,247.07000732421875,242.19000244140625,246.77000427246094,216.6103057861328,2837400,0.0,0.0
2019-06-10,247.0800018310547,249.6699981689453,245.99000549316406,248.13999938964844,217.81288146972656,2331000,0.0,0.0
2019-06-11,248.52000427246094,250.69000244140625,245.72999572753906,245.8699951171875,215.8203125,3043000,0.0,0.0
2019-06-12,246.1999969482422,246.5,242.3000030517578,244.5,214.6177520751953,3251800,0.0,0.0
2019-06-13,244.82000732421875,245.33999633789062,243.1199951171875,244.9600067138672,215.02157592773438,3107800,0.0,0.0
2019-06-14,244.72000122070312,246.10000610351562,242.7899932861328,245.3699951171875,216.33522033691406,2165500,1.08,0.0
2019-06-17,246.0,247.10000610351562,245.22000122070312,245.97000122070312,216.8642120361328,2270300,0.0,0.0
2019-06-18,247.5,249.33999633789062,245.14999389648438,245.6999969482422,216.62615966796875,3482500,0.0,0.0
2019-06-19,246.0,251.3699951171875,245.50999450683594,250.19000244140625,220.5848846435547,4204600,0.0,0.0
2019-06-20,251.60000610351562,252.82000732421875,247.39999389648438,247.75999450683594,218.44241333007812,3800800,0.0,0.0
2019-06-21,248.77999877929688,253.49000549316406,246.89999389648438,252.27999877929688,222.4275360107422,6323500,0.0,0.0
2019-06-24,251.3300018310547,252.6300048828125,247.86000061035156,249.63999938964844,220.09996032714844,3163800,0.0,0.0
2019-06-25,249.3000030517578,251.0399932861328,247.4199981689453,247.66000366210938,218.35423278808594,3182700,0.0,0.0
2019-06-26,248.0,248.0800018310547,243.1300048828125,243.47000122070312,214.66004943847656,3852900,0.0,0.0
2019-06-27,244.25999450683594,248.14999389648438,243.16000366210938,246.33999633789062,217.19046020507812,3366200,0.0,0.0
2019-06-28,246.5,246.75,238.64999389648438,244.00999450683594,215.1361541748047,6727600,0.0,0.0
2019-07-01,245.9499969482422,246.1699981689453,240.72000122070312,242.63999938964844,213.92828369140625,4102700,0.0,0.0
2019-07-02,242.58999633789062,243.99000549316406,239.5399932861328,243.97000122070312,215.10086059570312,3863500,0.0,0.0
2019-07-03,244.32000732421875,247.52000427246094,244.0399932861328,245.2100067138672,216.1942138671875,2559400,0.0,0.0
2019-07-05,244.38999938964844,248.75999450683594,244.05999755859375,246.99000549316406,217.76351928710938,2965000,0.0,0.0
2019-07-08,246.41000366210938,247.97999572753906,244.8800048828125,247.83999633789062,218.512939453125,1902500,0.0,0.0
2019-07-09,244.6300048828125,246.0800018310547,243.69000244140625,246.0,216.8906707763672,2774800,0.0,0.0
2019-07-10,246.82000732421875,249.11000061035156,245.47999572753906,247.47999572753906,218.19557189941406,2753000,0.0,0.0
2019-07-11,255.8000030517578,261.69000244140625,249.0500030517578,261.1600036621094,230.2567901611328,10268800,0.0,0.0
2019-07-12,261.6300048828125,266.5199890136719,261.6300048828125,265.8999938964844,234.43594360351562,5336100,0.0,0.0
2019-07-15,265.05999755859375,267.6499938964844,264.25,265.9599914550781,234.4888153076172,2611400,0.0,0.0
2019-07-16,265.3299865722656,267.1400146484375,263.19000244140625,264.6600036621094,233.34266662597656,3121600,0.0,0.0
2019-07-17,264.0,268.69000244140625,263.5,266.6499938964844,235.09718322753906,3995200,0.0,0.0
2019-07-18,265.6400146484375,266.510009765625,257.260009765625,260.6000061035156,229.7630615234375,5825800,0.0,0.0
2019-07-19,261.1000061035156,262.7200012207031,256.3999938964844,256.6499938964844,226.28042602539062,4413200,0.0,0.0
2019-07-22,258.1400146484375,258.95001220703125,254.52999877929688,255.32000732421875,225.10781860351562,4104300,0.0,0.0
2019-07-23,254.47000122070312,256.1000061035156,252.02000427246094,255.00999450683594,224.83453369140625,2889300,0.0,0.0
2019-07-24,252.7899932861328,252.8300018310547,245.1300048828125,251.1300048828125,221.4136962890625,4864000,0.0,0.0
2019-07-25,251.1300048828125,252.75,248.2899932861328,248.6999969482422,219.27117919921875,3362800,0.0,0.0
2019-07-26,249.02000427246094,253.8800048828125,246.50999450683594,252.94000244140625,223.0094757080078,3362600,0.0,0.0
2019-07-29,252.83999633789062,255.3000030517578,252.33999633789062,253.82000732421875,223.7853546142578,2005500,0.0,0.0
2019-07-30,252.66000366210938,255.05999755859375,250.47000122070312,254.92999267578125,224.76393127441406,1908800,0.0,0.0
2019-07-31,256.32000732421875,257.1600036621094,248.47999572753906,249.00999450683594,219.54449462890625,3532400,0.0,0.0
2019-08-01,249.19000244140625,251.5800018310547,247.27999877929688,249.25,219.75613403320312,3613600,0.0,0.0
2019-08-02,249.69000244140625,251.57000732421875,246.10000610351562,250.0500030517578,220.46142578125,2677600,0.0,0.0
2019-08-05,248.1300048828125,249.94000244140625,242.58999633789062,245.05999755859375,216.06190490722656,5812400,0.0,0.0
2019-08-06,245.92999267578125,248.27999877929688,243.57000732421875,248.27999877929688,218.90086364746094,3533000,0.0,0.0
2019-08-07,246.27000427246094,247.0399932861328,241.25999450683594,246.4499969482422,217.28746032714844,3205800,0.0,0.0
2019-08-08,246.19000244140625,247.6699981689453,243.3699951171875,247.6199951171875,218.31900024414062,2830700,0.0,0.0
2019-08-09,247.72000122070312,250.4199981689453,246.13999938964844,248.6300048828125,219.20948791503906,2535000,0.0,0.0
2019-08-12,246.7899932861328,247.9600067138672,243.02999877929688,243.1999969482422,214.42196655273438,2667400,0.0,0.0
2019-08-13,241.67999267578125,250.4600067138672,241.50999450683594,249.22000122070312,219.7296600341797,2763400,0.0,0.0
2019-08-14,246.72999572753906,248.41000366210938,243.00999450683594,243.1999969482422,214.42196655273438,3464300,0.0,0.0
2019-08-15,244.35000610351562,245.25999450683594,241.4499969482422,244.25,215.34779357910156,2513500,0.0,0.0
2019-08-16,245.3800048828125,247.11000061035156,244.17999267578125,245.69000244140625,216.6173858642578,2810000,0.0,0.0
2019-08-19,247.49000549316406,248.49000549316406,244.08999633789062,244.7100067138672,215.75332641601562,2672300,0.0,0.0
2019-08-20,244.2100067138672,244.60000610351562,239.9199981689453,240.16000366210938,211.74171447753906,3201300,0.0,0.0
2019-08-21,240.19000244140625,241.88999938964844,239.3000030517578,240.35000610351562,211.9092559814453,2761900,0.0,0.0
2019-08-22,240.35000610351562,240.35000610351562,232.6699981689453,232.94000244140625,205.3760986328125,4498200,0.0,0.0
2019-08-23,232.89999389648438,235.10000610351562,229.3800048828125,230.66000366210938,203.36587524414062,4826600,0.0,0.0
2019-08-26,232.52000427246094,234.55999755859375,230.4600067138672,231.0800018310547,203.7361602783203,2918300,0.0,0.0
2019-08-27,231.72000122070312,232.39999389648438,222.60000610351562,222.92999267578125,196.5505828857422,4988100,0.0,0.0
2019-08-28,222.4199981689453,229.77000427246094,220.77999877929688,227.35000610351562,200.44754028320312,4847600,0.0,0.0
2019-08-29,228.4199981689453,232.3000030517578,228.00999450683594,230.6199951171875,203.33058166503906,4052500,0.0,0.0
2019-08-30,233.6699981689453,235.0500030517578,232.2899932861328,234.0,206.31065368652344,3384100,0.0,0.0
2019-09-03,231.74000549316406,232.1699981689453,228.47000122070312,230.6199951171875,203.33058166503906,3382300,0.0,0.0
2019-09-04,231.9499969482422,232.9499969482422,226.5,226.72999572753906,199.90089416503906,4526100,0.0,0.0
2019-09-05,230.0,231.50999450683594,227.5800018310547,229.58999633789062,202.42247009277344,4256900,0.0,0.0
2019-09-06,230.1699981689453,231.9600067138672,228.58999633789062,229.0,201.9022674560547,4183200,0.0,0.0
2019-09-09,229.0,232.0,228.55999755859375,230.67999267578125,203.38348388671875,3895600,0.0,0.0
2019-09-10,231.4499969482422,234.2899932861328,230.8300018310547,232.4600067138672,204.95286560058594,4257600,0.0,0.0
2019-09-11,232.49000549316406,234.25,228.5800018310547,234.2100067138672,206.49578857421875,3168100,0.0,0.0
2019-09-12,235.0,236.39999389648438,229.6999969482422,230.10000610351562,202.8721466064453,4713700,0.0,0.0
2019-09-13,232.99000549316406,236.55999755859375,231.5399932861328,233.61000061035156,206.93809509277344,4523200,1.08,0.0
2019-09-16,232.82000732421875,236.0500030517578,232.14999389648438,234.42999267578125,207.66448974609375,2973600,0.0,0.0
2019-09-17,233.07000732421875,233.99000549316406,231.1699981689453,232.52000427246094,205.9725341796875,2392900,0.0,0.0
2019-09-18,230.8000030517578,233.1300048828125,229.22999572753906,230.61000061035156,204.28057861328125,2960500,0.0,0.0
2019-09-19,232.0,233.9499969482422,231.22999572753906,232.85000610351562,206.26486206054688,2666700,0.0,0.0
2019-09-20,234.77000427246094,235.0,231.9199981689453,232.88999938964844,206.30030822753906,6220100,0.0,0.0
2019-09-23,229.77000427246094,230.77999877929688,228.32000732421875,228.77000427246094,202.65069580078125,3281200,0.0,0.0
2019-09-24,229.3800048828125,229.83999633789062,222.9199981689453,225.0,199.31109619140625,5006800,0.0,0.0
2019-09-25,224.27999877929688,226.5,222.1300048828125,222.1699981689453,196.8042449951172,4658000,0.0,0.0
2019-09-26,223.0399932861328,223.6300048828125,213.42999267578125,215.47999572753906,190.87806701660156,10444400,0.0,0.0
2019-09-27,218.17999267578125,218.8800048828125,215.02000427246094,215.25999450683594,190.68316650390625,4834900,0.0,0.0
2019-09-30,213.63999938964844,218.52999877929688,213.1199951171875,217.32000732421875,192.50796508789062,5286300,0.0,0.0
2019-10-01,219.19000244140625,219.19000244140625,212.0800018310547,217.2100067138672,192.41053771972656,5523600,0.0,0.0
2019-10-02,216.14999389648438,219.36000061035156,215.27999877929688,216.75,192.0030059814453,4921200,0.0,0.0
2019-10-03,215.6300048828125,216.36000061035156,213.0500030517578,215.36000061035156,190.77175903320312,3375800,0.0,0.0
2019-10-04,216.83999633789062,219.86000061035156,215.13999938964844,219.8000030517578,194.70481872558594,3700500,0.0,0.0
2019-10-07,219.0500030517578,222.52999877929688,218.99000549316406,221.24000549316406,195.98036193847656,3843200,0.0,0.0
2019-10-08,219.49000549316406,221.97999572753906,218.39999389648438,220.11000061035156,194.9794464111328,4817000,0.0,0.0
2019-10-09,221.7100067138672,223.47000122070312,220.1699981689453,222.0800018310547,196.72454833984375,4483100,0.0,0.0
2019-10-10,218.19000244140625,224.1300048828125,217.52000427246094,223.72999572753906,198.18612670898438,5252200,0.0,0.0
2019-10-11,225.5399932861328,228.85000610351562,221.58999633789062,222.07000732421875,196.7156524658203,5891600,0.0,0.0
2019-10-14,221.6300048828125,223.33999633789062,219.89999389648438,220.58999633789062,195.40460205078125,4075300,0.0,0.0
2019-10-15,232.69000244140625,239.83999633789062,231.08999633789062,238.58999633789062,211.34947204589844,13397700,0.0,0.0
2019-10-16,236.2899932861328,237.47999572753906,234.0800018310547,236.99000549316406,209.9322052001953,5368600,0.0,0.0
2019-10-17,238.69000244140625,244.61000061035156,237.27000427246094,243.6699981689453,215.84951782226562,6301200,0.0,0.0
2019-10-18,244.4499969482422,246.41000366210938,241.75999450683594,245.33999633789062,217.3288116455078,4922100,0.0,0.0
2019-10-21,245.02000427246094,245.60000610351562,242.14999389648438,243.9199981689453,216.07093811035156,3029200,0.0,0.0
2019-10-22,243.63999938964844,251.5,243.14999389648438,249.47999572753906,220.99618530273438,5660800,0.0,0.0
2019-10-23,248.38999938964844,251.75,246.72999572753906,247.8000030517578,219.50799560546875,3706600,0.0,0.0
2019-10-24,248.02999877929688,248.49000549316406,243.91000366210938,244.50999450683594,216.59359741210938,2546900,0.0,0.0
2019-10-25,243.91000366210938,246.0800018310547,242.14999389648438,244.91000366210938,216.9479217529297,2815100,0.0,0.0
2019-10-28,245.25999450683594,248.38999938964844,244.9199981689453,247.0500030517578,218.84356689453125,2957100,0.0,0.0
2019-10-29,247.0399932861328,253.1999969482422,246.30999755859375,252.2899932861328,223.48536682128906,3528900,0.0,0.0
2019-10-30,252.1699981689453,255.27999877929688,251.97999572753906,254.8000030517578,225.70880126953125,3299600,0.0,0.0
2019-10-31,254.3800048828125,255.72000122070312,249.91000366210938,252.6999969482422,223.84852600097656,3960400,0.0,0.0
2019-11-01,253.99000549316406,256.3299865722656,252.16000366210938,252.2100067138672,223.41448974609375,2919600,0.0,0.0
2019-11-04,253.6300048828125,253.8300018310547,249.91000366210938,251.25,222.56407165527344,3186400,0.0,0.0
2019-11-05,253.74000549316406,254.27000427246094,250.08999633789062,250.3000030517578,221.72254943847656,5393400,0.0,0.0
2019-11-06,249.7100067138672,251.99000549316406,249.08999633789062,250.52000427246094,221.91741943359375,3668600,0.0,0.0
2019-11-07,251.9499969482422,256.75,251.25999450683594,256.4599914550781,227.1792755126953,3646300,0.0,0.0
2019-11-08,256.7699890136719,258.3399963378906,255.0,256.9700012207031,227.6309814453125,2200300,0.0,0.0
2019-11-11,255.0500030517578,256.4599914550781,253.3300018310547,254.08999633789062,225.079833984375,1765600,0.0,0.0
2019-11-12,253.58999633789062,255.75999450683594,253.41000366210938,255.25,226.10739135742188,1892500,0.0,0.0
2019-11-13,254.8699951171875,256.8800048828125,253.19000244140625,253.57000732421875,224.61920166015625,3289800,0.0,0.0
2019-11-14,253.8000030517578,256.0799865722656,253.47000122070312,255.8300018310547,226.62118530273438,2101900,0.0,0.0
2019-11-15,256.1099853515625,275.57000732421875,255.36000061035156,269.3999938964844,238.64178466796875,10136000,0.0,0.0
2019-11-18,269.0,278.45001220703125,269.0,272.92999267578125,241.76876831054688,6985200,0.0,0.0
2019-11-19,275.239990234375,275.3599853515625,271.54998779296875,274.2300109863281,242.92037963867188,4002000,0.0,0.0
2019-11-20,272.25,276.0299987792969,271.239990234375,275.55999755859375,244.0985565185547,4141600,0.0,0.0
2019-11-21,275.2200012207031,277.67999267578125,273.9100036621094,276.54998779296875,244.9755401611328,3309900,0.0,0.0
2019-11-22,276.5299987792969,277.7699890136719,275.0,276.8399963378906,245.23233032226562,2802700,0.0,0.0
2019-11-25,277.7799987792969,283.0,277.010009765625,282.6700134277344,250.39678955078125,4082900,0.0,0.0
2019-11-26,280.7099914550781,282.25,280.1600036621094,281.3999938964844,249.27174377441406,2998600,0.0,0.0
2019-11-27,281.010009765625,281.92999267578125,278.69000244140625,280.6700134277344,248.6251220703125,2323900,0.0,0.0
2019-11-29,278.1000061035156,280.9200134277344,277.3299865722656,279.8699951171875,247.91644287109375,1520900,0.0,0.0
2019-12-02,281.7799987792969,282.0,278.57000732421875,279.6600036621094,247.73043823242188,2517100,0.0,0.0
2019-12-03,276.9700012207031,278.4200134277344,273.8500061035156,276.8999938964844,245.2855682373047,3239200,0.0,0.0
2019-12-04,281.6199951171875,281.8399963378906,278.6400146484375,279.32000732421875,247.42922973632812,2694200,0.0,0.0
2019-12-05,279.239990234375,282.82000732421875,277.4800109863281,282.0,249.8032989501953,3357300,0.0,0.0
2019-12-06,282.8399963378906,283.0400085449219,279.1099853515625,280.19000244140625,249.15414428710938,2828900,1.08,0.0
2019-12-09,280.7699890136719,280.8699951171875,277.4200134277344,277.5400085449219,246.7976837158203,2697100,0.0,0.0
2019-12-10,277.6000061035156,279.6000061035156,274.010009765625,279.5199890136719,248.5584259033203,2515300,0.0,0.0
2019-12-11,278.29998779296875,280.6600036621094,278.0299987792969,280.5,249.4297637939453,2751300,0.0,0.0
2019-12-12,281.0299987792969,283.989990234375,280.0400085449219,283.6099853515625,252.1953125,2996200,0.0,0.0
2019-12-13,284.9700012207031,287.80999755859375,284.1199951171875,285.4800109863281,253.8582305908203,3599300,0.0,0.0
2019-12-16,287.9700012207031,295.44000244140625,287.05999755859375,292.0299987792969,259.6826477050781,4663600,0.0,0.0
2019-12-17,291.239990234375,292.7799987792969,289.1700134277344,290.4700012207031,258.2954406738281,4409100,0.0,0.0
2019-12-18,291.0,294.8599853515625,290.989990234375,292.8999938964844,260.4562072753906,3621600,0.0,0.0
2019-12-19,295.0,297.20001220703125,293.6199951171875,294.6199951171875,261.9857177734375,2905900,0.0,0.0
2019-12-20,298.8999938964844,300.0,292.510009765625,292.5899963378906,260.1806335449219,6608300,0.0,0.0
2019-12-23,293.42999267578125,295.8500061035156,292.80999755859375,295.0899963378906,262.4036865234375,2098900,0.0,0.0
2019-12-24,295.260009765625,295.8299865722656,293.55999755859375,294.5400085449219,261.91461181640625,714000,0.0,0.0
2019-12-26,295.29998779296875,296.260009765625,294.5400085449219,295.6499938964844,262.9017028808594,1050600,0.0,0.0
2019-12-27,296.010009765625,296.5400085449219,295.010009765625,295.9700012207031,263.1862487792969,1547100,0.0,0.0
2019-12-30,296.04998779296875,296.5400085449219,293.45001220703125,293.8500061035156,261.30108642578125,1511700,0.0,0.0
2019-12-31,293.6600036621094,294.0899963378906,291.1499938964844,293.9800109863281,261.4166259765625,2224200,0.0,0.0
2020-01-02,293.9800109863281,295.70001220703125,289.7900085449219,292.5,260.10064697265625,2543400,0.0,0.0
2020-01-03,287.2699890136719,291.8800048828125,284.3599853515625,289.5400085449219,257.468505859375,2711400,0.0,0.0
2020-01-06,288.0,291.6600036621094,287.2200012207031,291.54998779296875,259.2557678222656,3079100,0.0,0.0
2020-01-07,290.70001220703125,291.489990234375,287.5799865722656,289.7900085449219,257.6907958984375,2492900,0.0,0.0
2020-01-08,291.5,297.3800048828125,290.0400085449219,295.8999938964844,263.1240234375,3379200,0.0,0.0
2020-01-09,294.2900085449219,297.20001220703125,293.7200012207031,294.2200012207031,261.6300354003906,2838200,0.0,0.0
2020-01-10,296.07000732421875,296.07000732421875,292.2099914550781,295.1300048828125,262.4393005371094,2477900,0.0,0.0
2020-01-13,294.3699951171875,294.45001220703125,285.0199890136719,285.8500061035156,254.18728637695312,6994900,0.0,0.0
2020-01-14,285.6000061035156,288.239990234375,284.25,288.239990234375,256.3124694824219,6056300,0.0,0.0
2020-01-15,289.0199890136719,299.6400146484375,289.0,296.4100036621094,263.57745361328125,6081300,0.0,0.0
2020-01-16,298.0,300.989990234375,295.92999267578125,300.739990234375,267.4278869628906,3710300,0.0,0.0
2020-01-17,300.010009765625,300.70001220703125,295.8800048828125,298.4700012207031,265.40924072265625,4632200,0.0,0.0
2020-01-21,296.8900146484375,302.5400085449219,296.010009765625,300.5299987792969,267.24114990234375,4962800,0.0,0.0
2020-01-22,301.989990234375,302.1300048828125,297.3500061035156,300.5899963378906,267.29449462890625,3117600,0.0,0.0
2020-01-23,300.010009765625,300.5799865722656,296.6499938964844,299.4599914550781,266.2896423339844,3169600,0.0,0.0
2020-01-24,298.3399963378906,299.92999267578125,291.55999755859375,292.80999755859375,260.376220703125,3678500,0.0,0.0
2020-01-27,288.0,288.0799865722656,280.07000732421875,284.0899963378906,252.62217712402344,4399400,0.0,0.0
2020-01-28,283.9100036621094,288.3699951171875,283.29998779296875,285.8699951171875,254.2050323486328,4341000,0.0,0.0
2020-01-29,284.0,286.19000244140625,280.8900146484375,282.8999938964844,251.56398010253906,3963800,0.0,0.0
2020-01-30,281.8399963378906,281.8399963378906,275.9200134277344,280.9800109863281,249.8566436767578,4211800,0.0,0.0
2020-01-31,278.1700134277344,278.7799987792969,271.17999267578125,272.45001220703125,242.271484375,5532600,0.0,0.0
2020-02-03,275.1300048828125,276.8500061035156,270.82000732421875,274.0199890136719,243.66754150390625,5646800,0.0,0.0
2020-02-04,277.2799987792969,283.5,276.8800048828125,280.8399963378906,249.73214721679688,4290200,0.0,0.0
2020-02-05,285.6000061035156,297.0,285.44000244140625,295.7300109863281,262.9727783203125,5761000,0.0,0.0
2020-02-06,297.0,297.2699890136719,290.0,292.4599914550781,260.0650329589844,3044000,0.0,0.0
2020-02-07,292.8699951171875,293.3900146484375,288.9100036621094,289.2200012207031,257.1838684082031,3425900,0.0,0.0
2020-02-10,286.2300109863281,289.2900085449219,285.45001220703125,287.0299987792969,255.23643493652344,3147400,0.0,0.0
2020-02-11,286.8500061035156,291.57000732421875,285.8999938964844,290.7900085449219,258.5800476074219,2992200,0.0,0.0
2020-02-12,295.0,305.0,294.010009765625,303.4800109863281,269.8643493652344,6701900,0.0,0.0
2020-02-13,300.1400146484375,305.8999938964844,300.1400146484375,302.20001220703125,268.7261657714844,3565500,0.0,0.0
2020-02-14,302.2099914550781,303.9700012207031,297.30999755859375,298.7799987792969,265.6849365234375,2485600,0.0,0.0
2020-02-18,299.6700134277344,303.3500061035156,299.0,302.1400146484375,268.67279052734375,3241700,0.0,0.0
2020-02-19,303.3699951171875,306.7099914550781,302.7300109863281,305.30999755859375,271.49163818359375,3021100,0.0,0.0
2020-02-20,303.20001220703125,304.1600036621094,297.8900146484375,302.1300048828125,268.6638488769531,2885500,0.0,0.0
2020-02-21,300.4700012207031,302.510009765625,298.6099853515625,301.42999267578125,268.04144287109375,2987100,0.0,0.0
2020-02-24,286.8900146484375,288.989990234375,277.6400146484375,277.7900085449219,247.01998901367188,8790600,0.0,0.0
2020-02-25,280.1499938964844,281.9800109863281,262.010009765625,263.3900146484375,234.21502685546875,8171200,0.0,0.0
2020-02-26,264.7200012207031,269.8299865722656,258.7099914550781,263.0,233.86817932128906,6806600,0.0,0.0
2020-02-27,258.4200134277344,262.1499938964844,252.07000732421875,253.9199981689453,225.79393005371094,7604300,0.0,0.0
2020-02-28,246.1999969482422,257.1000061035156,245.3000030517578,254.9600067138672,226.71876525878906,9961000,0.0,0.0
2020-03-02,257.3399963378906,273.239990234375,250.32000732421875,273.1099853515625,242.85833740234375,8866300,0.0,0.0
2020-03-03,275.3500061035156,280.3500061035156,259.2300109863281,261.3999938964844,232.4454345703125,9188100,0.0,0.0
2020-03-04,290.0,295.8399963378906,282.2099914550781,289.4200134277344,257.3617858886719,14533000,0.0,0.0
2020-03-05,281.6000061035156,289.4200134277344,279.94000244140625,282.9599914550781,251.61727905273438,5908400,0.0,0.0
2020-03-06,275.4200134277344,284.9700012207031,271.8999938964844,283.8699951171875,252.42657470703125,5361900,0.0,0.0
2020-03-09,264.4599914550781,281.44000244140625,259.239990234375,273.44000244140625,243.15179443359375,8070700,0.0,0.0
2020-03-10,279.7200012207031,283.8999938964844,272.5,280.0,248.9852294921875,7366000,0.0,0.0
2020-03-11,274.760009765625,285.239990234375,273.260009765625,277.7799987792969,247.01109313964844,7744600,0.0,0.0
2020-03-12,260.0,272.2300109863281,250.0,250.41000366210938,222.67279052734375,10496600,0.0,0.0
2020-03-13,260.989990234375,273.2200012207031,242.27000427246094,272.0400085449219,242.95477294921875,9308400,1.08,0.0
2020-03-16,243.9199981689453,245.67999267578125,223.9499969482422,225.0399932861328,200.97975158691406,10303500,0.0,0.0
2020-03-17,230.82000732421875,248.75999450683594,228.2899932861328,244.22000122070312,218.10906982421875,9642200,0.0,0.0
2020-03-18,225.75,231.4499969482422,200.19000244140625,217.05999755859375,193.85293579101562,12917500,0.0,0.0
2020-03-19,216.97999572753906,226.1199951171875,208.94000244140625,219.8000030517578,196.2999725341797,8065200,0.0,0.0
2020-03-20,223.17999267578125,232.63999938964844,203.4600067138672,206.58999633789062,184.50233459472656,9364100,0.0,0.0
2020-03-23,202.0399932861328,205.75,187.72000122070312,194.86000061035156,174.02647399902344,10654500,0.0,0.0
2020-03-24,202.13999938964844,220.27000427246094,199.0,219.8000030517578,196.2999725341797,8894400,0.0,0.0
2020-03-25,219.08999633789062,247.50999450683594,216.0,234.49000549316406,209.41941833496094,10014000,0.0,0.0
2020-03-26,234.02999877929688,257.9599914550781,232.3000030517578,255.38999938964844,228.08486938476562,7517600,0.0,0.0
2020-03-27,242.94000244140625,251.60000610351562,238.24000549316406,242.4499969482422,216.5283660888672,4879500,0.0,0.0
2020-03-30,242.63999938964844,254.08999633789062,242.63999938964844,251.27999877929688,224.41429138183594,5329000,0.0,0.0
2020-03-31,243.47999572753906,254.52999877929688,243.0,249.3800048828125,222.71743774414062,5450000,0.0,0.0
2020-04-01,238.69000244140625,246.61000061035156,235.44000244140625,237.32000732421875,211.94680786132812,4548800,0.0,0.0
2020-04-02,235.3000030517578,242.0,226.02999877929688,240.44000244140625,214.73330688476562,4636800,0.0,0.0
2020-04-03,238.32000732421875,239.33999633789062,227.27000427246094,229.49000549316406,204.95396423339844,4650300,0.0,0.0
2020-04-06,240.0,249.2899932861328,235.1199951171875,248.33999633789062,221.78860473632812,6365900,0.0,0.0
2020-04-07,259.80999755859375,266.7099914550781,246.5399932861328,248.0399932861328,221.52064514160156,4984100,0.0,0.0
2020-04-08,247.69000244140625,269.1600036621094,246.25999450683594,267.8299865722656,239.19480895996094,6390200,0.0,0.0
2020-04-09,265.0,270.3999938964844,261.6000061035156,264.1300048828125,235.89044189453125,4923300,0.0,0.0
2020-04-13,262.05999755859375,264.9599914550781,258.17999267578125,263.510009765625,235.33676147460938,2964900,0.0,0.0
2020-04-14,269.0,273.07000732421875,267.0,270.5,241.5794219970703,4778900,0.0,0.0
2020-04-15,276.3299865722656,282.989990234375,270.67999267578125,281.67999267578125,251.56410217285156,7841800,0.0,0.0
2020-04-16,283.44000244140625,300.0,280.010009765625,298.42999267578125,266.5232238769531,7738900,0.0,0.0
2020-04-17,300.989990234375,304.0,287.1000061035156,290.55999755859375,259.4945983886719,5857500,0.0,0.0
2020-04-20,285.29998779296875,289.010009765625,281.2699890136719,282.1400146484375,251.97491455078125,4072600,0.0,0.0
2020-04-21,274.95001220703125,280.0,273.25,274.19000244140625,244.87489318847656,3977500,0.0,0.0
2020-04-22,279.5799865722656,283.82000732421875,276.7099914550781,277.0199890136719,247.40220642089844,3663300,0.0,0.0
2020-04-23,279.05999755859375,288.4599914550781,278.5400085449219,285.3299865722656,254.82382202148438,4420500,0.0,0.0
2020-04-24,287.2900085449219,291.8999938964844,284.0,291.2900085449219,260.14666748046875,3265000,0.0,0.0
2020-04-27,293.2099914550781,296.8599853515625,290.6300048828125,293.9800109863281,262.5491027832031,3706200,0.0,0.0
2020-04-28,298.0,298.25,285.6199951171875,288.3599853515625,257.52984619140625,3862900,0.0,0.0
2020-04-29,292.0,292.75,286.1000061035156,287.6499938964844,256.8957824707031,4258400,0.0,0.0
2020-04-30,286.6499938964844,295.0,285.5199890136719,292.4700012207031,261.20037841796875,7631700,0.0,0.0
2020-05-01,288.3900146484375,289.0,279.6000061035156,284.510009765625,254.0914764404297,3526100,0.0,0.0
2020-05-04,284.489990234375,287.94000244140625,282.1099853515625,287.5400085449219,256.7976379394531,2894200,0.0,0.0
2020-05-05,289.9599914550781,296.0,287.2900085449219,293.0400085449219,261.70947265625,2501300,0.0,0.0
2020-05-06,295.1000061035156,297.67999267578125,288.44000244140625,288.7699890136719,257.8960266113281,2579200,0.0,0.0
2020-05-07,291.05999755859375,292.2900085449219,284.5199890136719,285.0,254.52914428710938,3162300,0.0,0.0
2020-05-08,289.489990234375,290.0,285.6600036621094,287.0,256.3153076171875,3200000,0.0,0.0
2020-05-11,285.55999755859375,290.1000061035156,285.260009765625,288.69000244140625,257.82452392578125,3490700,0.0,0.0
2020-05-12,291.7699890136719,293.1499938964844,287.70001220703125,287.70001220703125,256.9404602050781,4214300,0.0,0.0
2020-05-13,284.489990234375,286.3999938964844,275.55999755859375,278.0,248.27749633789062,5474100,0.0,0.0
2020-05-14,275.92999267578125,292.45001220703125,275.6400146484375,290.6099853515625,259.5393371582031,5704600,0.0,0.0
2020-05-15,292.4100036621094,300.0,290.7200012207031,290.9599914550781,259.8518371582031,12182800,0.0,0.0
2020-05-18,298.4800109863281,299.7200012207031,292.0199890136719,293.3599853515625,261.9952087402344,4015100,0.0,0.0
2020-05-19,290.739990234375,294.6300048828125,288.8800048828125,289.04998779296875,258.1460876464844,3059400,0.0,0.0
2020-05-20,292.8999938964844,292.8999938964844,286.70001220703125,287.989990234375,257.1993408203125,3200600,0.0,0.0
2020-05-21,286.0400085449219,290.1300048828125,284.92999267578125,286.9100036621094,256.2348327636719,3604900,0.0,0.0
2020-05-22,287.29998779296875,290.239990234375,284.7900085449219,289.94000244140625,258.9409484863281,2922800,0.0,0.0
2020-05-26,296.5,297.0299987792969,292.5,294.8900146484375,263.3616943359375,4567800,0.0,0.0
2020-05-27,297.4200134277344,303.79998779296875,290.79998779296875,303.7699890136719,271.2923278808594,5618900,0.0,0.0
2020-05-28,305.95001220703125,309.6600036621094,303.2900085449219,303.9700012207031,271.4708557128906,4387700,0.0,0.0
2020-05-29,304.7200012207031,308.3699951171875,300.8500061035156,304.8500061035156,272.2568359375,6251500,0.0,0.0
2020-06-01,304.0199890136719,305.9800109863281,300.55999755859375,305.92999267578125,273.2214050292969,2894000,0.0,0.0
2020-06-02,305.5799865722656,308.1000061035156,301.7300109863281,306.30999755859375,273.5607604980469,2756800,0.0,0.0
2020-06-03,307.8500061035156,310.1199951171875,302.739990234375,305.3500061035156,272.7033386230469,4360000,0.0,0.0
2020-06-04,303.17999267578125,304.4700012207031,294.2900085449219,298.0799865722656,266.21063232421875,4374300,0.0,0.0
2020-06-05,304.0,314.2799987792969,300.5,311.8500061035156,278.5083923339844,5554300,0.0,0.0
2020-06-08,308.6400146484375,315.8399963378906,307.92999267578125,309.4800109863281,276.3918151855469,4635500,0.0,0.0
2020-06-09,309.8999938964844,312.6499938964844,307.3299865722656,309.2099914550781,276.1506042480469,3061500,0.0,0.0
2020-06-10,308.94000244140625,310.30999755859375,302.8599853515625,305.75,273.0606384277344,3296100,0.0,0.0
2020-06-11,303.3599853515625,303.3599853515625,280.79998779296875,283.7300109863281,253.39495849609375,6638900,0.0,0.0
2020-06-12,290.6499938964844,294.1000061035156,278.70001220703125,285.1499938964844,254.6630401611328,5416800,0.0,0.0
2020-06-15,278.0199890136719,287.0,273.7099914550781,286.2799987792969,255.67218017578125,4494600,0.0,0.0
2020-06-16,295.44000244140625,297.57000732421875,287.44000244140625,293.0,261.6737976074219,4245400,0.0,0.0
2020-06-17,295.1000061035156,295.1000061035156,291.2300109863281,292.6000061035156,261.3165588378906,2538000,0.0,0.0
2020-06-18,290.42999267578125,291.7799987792969,286.6000061035156,291.4800109863281,260.3162841796875,2926600,0.0,0.0
2020-06-19,294.42999267578125,296.5199890136719,290.9100036621094,291.239990234375,261.2221984863281,5172800,1.25,0.0
2020-06-22,289.7900085449219,293.0,286.260009765625,292.6700134277344,262.5048828125,2174100,0.0,0.0
2020-06-23,294.010009765625,299.2799987792969,291.07000732421875,297.6000061035156,266.9266357421875,4023400,0.0,0.0
2020-06-24,293.989990234375,297.1000061035156,285.57000732421875,289.17999267578125,259.3745422363281,3399900,0.0,0.0
2020-06-25,288.2799987792969,296.7799987792969,286.05999755859375,296.2200012207031,265.6889953613281,3112500,0.0,0.0
2020-06-26,295.1400146484375,296.5799865722656,285.82000732421875,286.8800048828125,257.31158447265625,5043200,0.0,0.0
2020-06-29,288.45001220703125,292.2799987792969,286.6199951171875,289.760009765625,259.89471435546875,2356700,0.0,0.0
2020-06-30,288.57000732421875,296.45001220703125,287.6600036621094,294.95001220703125,264.5497741699219,2932900,0.0,0.0
2020-07-01,295.8299865722656,300.3999938964844,295.239990234375,297.7300109863281,267.043212890625,2303800,0.0,0.0
2020-07-02,300.5,303.0799865722656,297.17999267578125,298.260009765625,267.51861572265625,1971700,0.0,0.0
2020-07-06,303.0,303.489990234375,299.3299865722656,302.80999755859375,271.59967041015625,2395000,0.0,0.0
2020-07-07,300.6600036621094,303.55999755859375,295.95001220703125,296.6499938964844,266.07452392578125,2075700,0.0,0.0
2020-07-08,297.3500061035156,300.8699951171875,295.67999267578125,298.3599853515625,267.6082458496094,1987400,0.0,0.0
2020-07-09,295.1000061035156,298.54998779296875,287.5,291.1600036621094,261.150390625,3061700,0.0,0.0
2020-07-10,294.239990234375,294.239990234375,287.1000061035156,291.2300109863281,261.2132263183594,2391600,0.0,0.0
2020-07-13,292.0899963378906,304.5199890136719,291.7699890136719,299.7099914550781,268.8191833496094,4263300,0.0,0.0
2020-07-14,297.80999755859375,309.739990234375,296.7099914550781,308.5199890136719,276.72100830078125,4234900,0.0,0.0
2020-07-15,301.1199951171875,310.69000244140625,298.6600036621094,304.07000732421875,272.7297668457031,5116900,0.0,0.0
2020-07-16,305.010009765625,310.8500061035156,303.1600036621094,307.1499938964844,275.4923400878906,3844500,0.0,0.0
2020-07-17,309.0899963378906,310.9700012207031,306.25,306.5299987792969,274.9362487792969,3016500,0.0,0.0
2020-07-20,306.7900085449219,308.6000061035156,302.3800048828125,303.4599914550781,272.1826477050781,2375500,0.0,0.0
2020-07-21,305.0299987792969,307.0,303.1099853515625,305.1099853515625,273.6625671386719,2340200,0.0,0.0
2020-07-22,304.8599853515625,306.9100036621094,301.80999755859375,306.7099914550781,275.0976867675781,1935800,0.0,0.0
2020-07-23,308.20001220703125,308.5,301.2699890136719,302.9700012207031,271.7431640625,2367700,0.0,0.0
2020-07-24,303.3299865722656,304.2799987792969,299.2300109863281,300.7900085449219,269.787841796875,2415700,0.0,0.0
2020-07-27,298.42999267578125,302.1300048828125,297.3699951171875,298.6000061035156,267.8236389160156,2060500,0.0,0.0
2020-07-28,297.8900146484375,301.3999938964844,297.2099914550781,299.92999267578125,269.0164794921875,2257400,0.0,0.0
2020-07-29,301.4599914550781,309.75,300.0,306.67999267578125,275.0708312988281,2672700,0.0,0.0
2020-07-30,301.67999267578125,306.4599914550781,298.8900146484375,305.2300109863281,273.770263671875,2205300,0.0,0.0
2020-07-31,303.44000244140625,303.739990234375,298.04998779296875,302.7799987792969,271.57281494140625,3913500,0.0,0.0
2020-08-03,303.5899963378906,304.9100036621094,299.20001220703125,303.6099853515625,272.31719970703125,2628500,0.0,0.0
2020-08-04,301.9100036621094,308.8599853515625,300.07000732421875,304.5,273.1154479980469,3594900,0.0,0.0
2020-08-05,306.8299865722656,312.9599914550781,305.0199890136719,312.4700012207031,280.2640075683594,2982200,0.0,0.0
2020-08-06,312.0,316.239990234375,310.3999938964844,314.05999755859375,281.69012451171875,3305300,0.0,0.0
2020-08-07,313.3399963378906,319.0,313.3399963378906,317.0299987792969,284.3540344238281,2600800,0.0,0.0
2020-08-10,317.0,320.4700012207031,315.5799865722656,319.1000061035156,286.21063232421875,2563600,0.0,0.0
2020-08-11,322.9200134277344,324.57000732421875,314.6600036621094,315.54998779296875,283.0265808105469,3018200,0.0,0.0
2020-08-12,318.0,323.2900085449219,317.6400146484375,322.2699890136719,289.05389404296875,2915800,0.0,0.0
2020-08-13,320.67999267578125,321.8699951171875,317.8399963378906,321.5199890136719,288.3812561035156,2159500,0.0,0.0
2020-08-14,320.5400085449219,323.92999267578125,318.7300109863281,323.70001220703125,290.3365783691406,1787200,0.0,0.0
2020-08-17,321.45001220703125,323.79998779296875,319.3500061035156,320.510009765625,287.47540283203125,2772500,0.0,0.0
2020-08-18,321.9800109863281,322.6700134277344,315.7099914550781,316.80999755859375,284.15667724609375,2520000,0.0,0.0
2020-08-19,316.7699890136719,319.489990234375,315.17999267578125,315.3999938964844,282.89208984375,2066700,0.0,0.0
2020-08-20,314.8299865722656,315.2799987792969,312.010009765625,313.3299865722656,281.03521728515625,2245600,0.0,0.0
2020-08-21,311.2799987792969,315.2799987792969,310.0899963378906,314.1400146484375,281.76190185546875,2488500,0.0,0.0
2020-08-24,316.80999755859375,316.8999938964844,306.489990234375,308.8399963378906,277.0081481933594,2922200,0.0,0.0
2020-08-25,312.20001220703125,312.3599853515625,307.79998779296875,312.2200012207031,280.0398254394531,1879300,0.0,0.0
2020-08-26,310.9800109863281,311.3599853515625,303.6099853515625,308.82000732421875,276.9902648925781,3178900,0.0,0.0
2020-08-27,310.4100036621094,314.7699890136719,305.489990234375,311.6700134277344,279.5465087890625,2321000,0.0,0.0
2020-08-28,312.3399963378906,315.82000732421875,308.9700012207031,314.3699951171875,281.9681396484375,2883500,0.0,0.0
2020-08-31,314.8900146484375,319.55999755859375,312.5400085449219,312.54998779296875,280.3357238769531,4341600,0.0,0.0
2020-09-01,310.1600036621094,314.7200012207031,310.0,312.8299865722656,280.5868835449219,2487100,0.0,0.0
2020-09-02,312.55999755859375,321.2799987792969,312.55999755859375,320.239990234375,287.2331848144531,2846500,0.0,0.0
2020-09-03,322.0,323.82000732421875,313.7300109863281,316.2300109863281,283.63653564453125,3872500,0.0,0.0
2020-09-04,316.4800109863281,317.8299865722656,306.6300048828125,312.0,279.842529296875,2901000,0.0,0.0
2020-09-08,311.0299987792969,311.4599914550781,303.8299865722656,307.25,275.5820617675781,2594500,0.0,0.0
2020-09-09,309.67999267578125,315.32000732421875,308.4200134277344,312.0199890136719,279.8603820800781,2195600,0.0,0.0
2020-09-10,312.7300109863281,314.44000244140625,303.7200012207031,304.6000061035156,273.2052001953125,2421200,0.0,0.0
2020-09-11,305.07000732421875,306.4599914550781,297.2900085449219,301.4800109863281,271.52093505859375,3085900,1.25,0.0
2020-09-14,303.010009765625,311.1199951171875,303.010009765625,308.57000732421875,277.906494140625,1795500,0.0,0.0
2020-09-15,310.04998779296875,311.4599914550781,306.04998779296875,307.2300109863281,276.6995849609375,1468300,0.0,0.0
2020-09-16,309.07000732421875,312.25,306.20001220703125,306.5199890136719,276.0601806640625,3438200,0.0,0.0
2020-09-17,304.5,307.3800048828125,302.1099853515625,304.9800109863281,274.6732177734375,2394100,0.0,0.0
2020-09-18,305.010009765625,310.3900146484375,303.7699890136719,308.0199890136719,277.4111022949219,3795400,0.0,0.0
2020-09-21,300.4700012207031,300.5299987792969,291.6600036621094,299.19000244140625,269.45849609375,4124700,0.0,0.0
2020-09-22,298.44000244140625,300.6199951171875,292.9200134277344,294.260009765625,265.0184326171875,3163600,0.0,0.0
2020-09-23,295.0,296.1000061035156,291.8299865722656,292.1400146484375,263.109130859375,3709900,0.0,0.0
2020-09-24,292.19000244140625,294.92999267578125,289.6400146484375,292.6600036621094,263.5774230957031,2869100,0.0,0.0
2020-09-25,291.25,303.2699890136719,291.2200012207031,302.5,272.4395446777344,2455800,0.0,0.0
2020-09-28,306.3900146484375,310.010009765625,302.8299865722656,303.2300109863281,273.09716796875,2575700,0.0,0.0
2020-09-29,303.6700134277344,305.5,300.67999267578125,304.1499938964844,273.9256591796875,1797800,0.0,0.0
2020-09-30,304.0199890136719,314.5199890136719,303.989990234375,311.7699890136719,280.78851318359375,3497300,0.0,0.0
2020-10-01,312.9100036621094,315.1700134277344,309.1499938964844,313.07000732421875,281.959228515625,2731200,0.0,0.0
2020-10-02,312.1000061035156,317.3900146484375,308.3599853515625,311.9800109863281,280.97760009765625,2338000,0.0,0.0
2020-10-05,315.07000732421875,318.4200134277344,313.1199951171875,318.1499938964844,286.53448486328125,1638600,0.0,0.0
2020-10-06,318.95001220703125,320.29998779296875,313.489990234375,314.45001220703125,283.2021484375,2434400,0.0,0.0
2020-10-07,315.82000732421875,324.739990234375,315.82000732421875,323.1700134277344,291.05560302734375,2596600,0.0,0.0
2020-10-08,323.42999267578125,325.3500061035156,320.989990234375,322.4100036621094,290.3711242675781,2056700,0.0,0.0
2020-10-09,324.6600036621094,328.1700134277344,323.9200134277344,327.8399963378906,295.2615661621094,2028900,0.0,0.0
2020-10-12,329.1199951171875,333.55999755859375,329.010009765625,329.9700012207031,297.1798400878906,2424200,0.0,0.0
2020-10-13,328.5,333.70001220703125,327.7099914550781,331.4200134277344,298.48577880859375,2713500,0.0,0.0
2020-10-14,322.07000732421875,330.57000732421875,320.20001220703125,321.8500061035156,289.8667907714844,4455400,0.0,0.0
2020-10-15,318.8500061035156,326.9700012207031,316.3299865722656,324.57000732421875,292.3165283203125,3172200,0.0,0.0
2020-10-16,325.4599914550781,332.3500061035156,324.7300109863281,329.8999938964844,297.1168518066406,3293300,0.0,0.0
2020-10-19,328.5400085449219,330.7799987792969,322.05999755859375,324.2200012207031,292.0013427734375,2482100,0.0,0.0
2020-10-20,326.6199951171875,328.6199951171875,323.2799987792969,323.4100036621094,291.271728515625,1988600,0.0,0.0
2020-10-21,323.4100036621094,326.489990234375,322.17999267578125,322.7900085449219,290.7132873535156,2139000,0.0,0.0
2020-10-22,322.32000732421875,328.05999755859375,322.25,325.7300109863281,293.3612060546875,2100600,0.0,0.0
2020-10-23,329.1600036621094,335.6499938964844,328.1300048828125,330.6000061035156,297.74725341796875,2349500,0.0,0.0
2020-10-26,326.32000732421875,327.75,318.5400085449219,323.05999755859375,290.95654296875,2408500,0.0,0.0
2020-10-27,323.05999755859375,323.5,319.42999267578125,320.510009765625,288.6599426269531,2427700,0.0,0.0
2020-10-28,313.3299865722656,317.80999755859375,307.44000244140625,308.0,277.3931579589844,3301400,0.0,0.0
2020-10-29,306.5899963378906,309.4800109863281,301.4599914550781,303.67999267578125,273.5023193359375,3279200,0.0,0.0
2020-10-30,303.2300109863281,307.1700134277344,299.6000061035156,305.1400146484375,274.8172607421875,3556800,0.0,0.0
2020-11-02,312.6400146484375,312.6400146484375,307.3599853515625,312.1000061035156,281.0856628417969,4519000,0.0,0.0
2020-11-03,317.4700012207031,326.44000244140625,315.0199890136719,321.3500061035156,289.4164733886719,4043900,0.0,0.0
2020-11-04,345.2300109863281,360.44000244140625,341.1400146484375,354.55999755859375,319.3262634277344,10344900,0.0,0.0
2020-11-05,358.07000732421875,360.9800109863281,349.67999267578125,354.3999938964844,319.18218994140625,4786500,0.0,0.0
2020-11-06,350.3599853515625,352.0,344.57000732421875,347.4599914550781,312.9318542480469,2994900,0.0,0.0
2020-11-09,366.30999755859375,367.95001220703125,348.9800109863281,350.0,315.2193298339844,4635300,0.0,0.0
2020-11-10,349.489990234375,355.8999938964844,348.1700134277344,353.69000244140625,318.5426940917969,3733200,0.0,0.0
2020-11-11,356.1600036621094,356.80999755859375,349.4100036621094,351.70001220703125,316.75048828125,2048200,0.0,0.0
2020-11-12,351.3999938964844,360.5199890136719,349.75,354.4100036621094,319.19122314453125,2907300,0.0,0.0
2020-11-13,356.8599853515625,357.94000244140625,352.7900085449219,355.6700134277344,320.32598876953125,2442100,0.0,0.0
2020-11-16,358.95001220703125,359.5799865722656,351.010009765625,356.82000732421875,321.3617248535156,2790100,0.0,0.0
2020-11-17,352.3900146484375,353.3599853515625,347.5,352.1000061035156,317.11077880859375,2557600,0.0,0.0
2020-11-18,353.42999267578125,354.04998779296875,343.0899963378906,344.510009765625,310.2749938964844,2722500,0.0,0.0
2020-11-19,342.2900085449219,343.07000732421875,334.3299865722656,337.0,303.51129150390625,3935600,0.0,0.0
2020-11-20,335.0,337.6600036621094,331.7099914550781,334.70001220703125,301.4398498535156,3702000,0.0,0.0
2020-11-23,335.54998779296875,336.260009765625,331.5899963378906,335.05999755859375,301.7640686035156,2535700,0.0,0.0
2020-11-24,336.17999267578125,340.0,334.42999267578125,336.010009765625,302.61962890625,3759700,0.0,0.0
2020-11-25,338.82000732421875,338.82000732421875,329.1400146484375,333.19000244140625,300.0798645019531,3145100,0.0,0.0
2020-11-27,333.5299987792969,338.8999938964844,331.8399963378906,337.94000244140625,304.35784912109375,1558600,0.0,0.0
2020-11-30,335.1099853515625,337.94000244140625,330.2900085449219,336.3399963378906,302.9169006347656,5265700,0.0,0.0
2020-12-01,344.7699890136719,354.1000061035156,339.92999267578125,341.19000244140625,307.284912109375,3817700,0.0,0.0
2020-12-02,341.7699890136719,351.8299865722656,341.5,347.55999755859375,313.0218505859375,2864300,0.0,0.0
2020-12-03,347.8999938964844,352.7699890136719,346.489990234375,348.67999267578125,314.03057861328125,4169200,0.0,0.0
2020-12-04,346.0,351.4700012207031,345.75,349.8900146484375,316.2540283203125,3255100,1.25,0.0
2020-12-07,348.7200012207031,349.8900146484375,345.2200012207031,347.8599853515625,314.4192810058594,2999400,0.0,0.0
2020-12-08,344.75,349.8999938964844,344.0799865722656,347.8599853515625,314.4192810058594,2471200,0.0,0.0
2020-12-09,348.8900146484375,349.4100036621094,341.6099853515625,344.4100036621094,311.3009033203125,2600400,0.0,0.0
2020-12-10,345.1600036621094,345.4599914550781,339.260009765625,339.6499938964844,306.9984436035156,2896900,0.0,0.0
2020-12-11,338.1300048828125,338.8800048828125,334.3299865722656,337.07000732421875,304.66656494140625,3071700,0.0,0.0
2020-12-14,340.0299987792969,343.2300109863281,335.8599853515625,336.1300048828125,303.8169250488281,2479000,0.0,0.0
2020-12-15,339.1400146484375,341.010009765625,337.0400085449219,339.6700134277344,307.0165100097656,2616500,0.0,0.0
2020-12-16,336.8299865722656,341.6600036621094,334.260009765625,339.3399963378906,306.71832275390625,2365600,0.0,0.0
2020-12-17,339.80999755859375,342.6000061035156,337.30999755859375,341.6700134277344,308.82427978515625,2525700,0.0,0.0
2020-12-18,342.5199890136719,342.6099853515625,334.0,338.3800048828125,305.85052490234375,8742700,0.0,0.0
2020-12-21,332.07000732421875,336.95001220703125,329.3999938964844,336.0799865722656,303.77166748046875,2892700,0.0,0.0
2020-12-22,335.1600036621094,336.9800109863281,333.4700012207031,335.010009765625,302.8045959472656,2069700,0.0,0.0
2020-12-23,336.489990234375,341.6499938964844,336.0299987792969,337.5899963378906,305.1365966796875,2348100,0.0,0.0
2020-12-24,336.44000244140625,341.4100036621094,336.44000244140625,340.7900085449219,308.02886962890625,1360600,0.0,0.0
2020-12-28,343.2099914550781,347.7900085449219,343.05999755859375,345.95001220703125,312.69281005859375,2308200,0.0,0.0
2020-12-29,347.989990234375,351.2900085449219,345.0,347.3500061035156,313.9582824707031,2275700,0.0,0.0
2020-12-30,347.0799865722656,349.010009765625,344.4700012207031,344.989990234375,311.8251037597656,1866000,0.0,0.0
2020-12-31,345.0400085449219,351.0899963378906,344.04998779296875,350.67999267578125,316.9681091308594,1969000,0.0,0.0
2021-01-04,351.45001220703125,352.0799865722656,340.3800048828125,349.5,315.9016418457031,4203800,0.0,0.0
2021-01-05,348.69000244140625,351.3599853515625,344.4800109863281,344.79998779296875,311.6534423828125,3160500,0.0,0.0
2021-01-06,337.1099853515625,359.489990234375,335.1099853515625,359.2699890136719,324.7322998046875,6561400,0.0,0.0
2021-01-07,358.5400085449219,366.45001220703125,357.9200134277344,365.0299987792969,329.9385986328125,3366700,0.0,0.0
2021-01-08,367.0,367.489990234375,358.760009765625,363.3900146484375,328.456298828125,2947800,0.0,0.0
2021-01-11,362.6199951171875,364.2900085449219,359.19000244140625,360.75,326.070068359375,2695100,0.0,0.0
2021-01-12,357.94000244140625,360.0799865722656,355.2300109863281,357.3699951171875,323.01507568359375,2372500,0.0,0.0
2021-01-13,356.0400085449219,356.80999755859375,351.2300109863281,355.0400085449219,320.9090270996094,1974500,0.0,0.0
2021-01-14,356.8500061035156,358.80999755859375,350.4200134277344,350.5299987792969,316.83251953125,2919900,0.0,0.0
2021-01-15,349.1199951171875,353.04998779296875,345.739990234375,351.29998779296875,317.5285339355469,3777000,0.0,0.0
2021-01-19,356.2099914550781,356.9599914550781,351.55999755859375,352.19000244140625,318.3329162597656,3361300,0.0,0.0
2021-01-20,351.8800048828125,352.0799865722656,345.8299865722656,350.8399963378906,317.1127624511719,3036800,0.0,0.0
2021-01-21,350.80999755859375,360.8900146484375,350.739990234375,355.0,320.87286376953125,3749800,0.0,0.0
2021-01-22,353.30999755859375,354.6199951171875,347.5400085449219,347.54998779296875,314.1390075683594,2585100,0.0,0.0
2021-01-25,347.1499938964844,350.3900146484375,344.6000061035156,347.80999755859375,314.3740539550781,2506300,0.0,0.0
2021-01-26,350.510009765625,351.510009765625,342.57000732421875,343.1099853515625,310.1258544921875,2467500,0.0,0.0
2021-01-27,337.0400085449219,338.0,329.010009765625,332.989990234375,300.97882080078125,4770900,0.0,0.0
2021-01-28,336.6400146484375,346.5799865722656,334.510009765625,338.1499938964844,305.6427001953125,2769900,0.0,0.0
2021-01-29,336.5299987792969,339.0199890136719,330.6300048828125,333.5799865722656,301.51202392578125,3899200,0.0,0.0
2021-02-01,335.0299987792969,338.1499938964844,332.739990234375,334.0,301.8916015625,3020200,0.0,0.0
2021-02-02,337.1000061035156,344.6400146484375,337.1000061035156,338.7200012207031,306.1578063964844,2663700,0.0,0.0
2021-02-03,338.0,340.1600036621094,334.6000061035156,337.8900146484375,305.4076843261719,2537100,0.0,0.0
2021-02-04,332.32000732421875,335.2900085449219,328.3900146484375,329.32000732421875,297.6615295410156,5962200,0.0,0.0
2021-02-05,332.1099853515625,333.4800109863281,323.4800109863281,324.510009765625,293.31390380859375,7227900,0.0,0.0
2021-02-08,327.010009765625,327.0199890136719,323.80999755859375,324.3399963378906,293.16033935546875,4758200,0.0,0.0
2021-02-09,323.8999938964844,331.0400085449219,321.7099914550781,329.6300048828125,297.94183349609375,4096900,0.0,0.0
2021-02-10,332.6600036621094,335.760009765625,329.7699890136719,333.3999938964844,301.3493957519531,4122700,0.0,0.0
2021-02-11,335.0,336.6499938964844,331.5,333.07000732421875,301.05108642578125,2776700,0.0,0.0
2021-02-12,331.67999267578125,332.3999938964844,327.8800048828125,328.239990234375,296.6853332519531,2760800,0.0,0.0
2021-02-16,327.3599853515625,329.8399963378906,322.4800109863281,324.6199951171875,293.41339111328125,4339000,0.0,0.0
2021-02-17,323.4599914550781,328.6000061035156,322.239990234375,326.8599853515625,295.4380187988281,2620000,0.0,0.0
2021-02-18,325.8999938964844,329.5799865722656,325.20001220703125,328.4100036621094,296.8389892578125,2383500,0.0,0.0
2021-02-19,328.75,328.8500061035156,324.1099853515625,324.5799865722656,293.377197265625,2313800,0.0,0.0
2021-02-22,321.5,329.04998779296875,320.3500061035156,327.6400146484375,296.1430358886719,2688300,0.0,0.0
2021-02-23,329.989990234375,333.94000244140625,326.6400146484375,329.510009765625,297.83331298828125,3225700,0.0,0.0
2021-02-24,328.489990234375,333.6000061035156,326.0400085449219,332.2099914550781,300.2737731933594,3360500,0.0,0.0
2021-02-25,331.0,333.6000061035156,327.3599853515625,328.8699951171875,297.2547607421875,2780100,0.0,0.0
2021-02-26,330.54998779296875,337.9100036621094,329.8500061035156,332.2200012207031,300.2828369140625,5430000,0.0,0.0
2021-03-01,334.3599853515625,338.9100036621094,333.67999267578125,334.6499938964844,302.4790954589844,4198900,0.0,0.0
2021-03-02,335.0,337.6700134277344,333.8900146484375,334.6400146484375,302.47015380859375,2568900,0.0,0.0
2021-03-03,333.32000732421875,338.1600036621094,332.7799987792969,332.8699951171875,300.8702087402344,3039700,0.0,0.0
2021-03-04,334.1700134277344,340.8399963378906,332.6700134277344,333.80999755859375,301.719970703125,4991600,0.0,0.0
2021-03-05,335.0299987792969,348.2900085449219,335.0199890136719,347.1000061035156,313.7322998046875,4563100,0.0,0.0
2021-03-08,347.010009765625,354.0,345.6000061035156,350.1700134277344,316.50714111328125,3419900,0.0,0.0
2021-03-09,352.9200134277344,361.25,351.3399963378906,351.9800109863281,318.1431884765625,4277600,0.0,0.0
2021-03-10,353.9100036621094,354.4800109863281,348.5,349.6000061035156,315.99200439453125,3012300,0.0,0.0
2021-03-11,350.760009765625,355.9700012207031,349.8699951171875,353.1000061035156,319.1555480957031,2520500,0.0,0.0
2021-03-12,353.1700134277344,356.82000732421875,351.989990234375,356.0199890136719,322.93798828125,2088700,1.25,0.0
2021-03-15,356.9200134277344,357.94000244140625,351.54998779296875,353.8800048828125,320.9969177246094,2343400,0.0,0.0
2021-03-16,353.5299987792969,355.3599853515625,351.9100036621094,354.6000061035156,321.64996337890625,2904200,0.0,0.0
2021-03-17,355.1700134277344,358.07000732421875,351.8299865722656,352.17999267578125,319.45489501953125,2633100,0.0,0.0
2021-03-18,352.8699951171875,364.32000732421875,352.3399963378906,362.04998779296875,328.4077453613281,3311600,0.0,0.0
2021-03-19,361.9200134277344,370.4599914550781,359.010009765625,365.5799865722656,331.6097106933594,8572900,0.0,0.0
2021-03-22,365.0,368.5799865722656,360.1099853515625,366.8599853515625,332.7707214355469,3505200,0.0,0.0
2021-03-23,368.8500061035156,371.5400085449219,367.2200012207031,368.5,334.2584228515625,3100100,0.0,0.0
2021-03-24,366.04998779296875,373.79998779296875,365.510009765625,370.6000061035156,336.16326904296875,3407800,0.0,0.0
2021-03-25,370.6000061035156,372.1099853515625,363.3900146484375,371.0899963378906,336.6076965332031,3021500,0.0,0.0
2021-03-26,371.67999267578125,377.05999755859375,370.2900085449219,376.4800109863281,341.49688720703125,2959800,0.0,0.0
2021-03-29,376.3599853515625,380.5,374.989990234375,379.05999755859375,343.83709716796875,2740400,0.0,0.0
2021-03-30,377.54998779296875,379.8800048828125,371.79998779296875,373.55999755859375,338.8482360839844,3066000,0.0,0.0
2021-03-31,372.79998779296875,377.0,371.79998779296875,372.07000732421875,337.4967041015625,3356500,0.0,0.0
2021-04-01,372.20001220703125,372.69000244140625,365.760009765625,367.07000732421875,332.9612121582031,2977700,0.0,0.0
2021-04-05,369.6199951171875,372.6300048828125,367.6400146484375,370.17999267578125,335.78228759765625,2709400,0.0,0.0
2021-04-06,368.7799987792969,369.7900085449219,362.7200012207031,364.3699951171875,330.51214599609375,2698600,0.0,0.0
2021-04-07,364.19000244140625,365.8800048828125,360.54998779296875,365.6400146484375,331.6641540527344,2158900,0.0,0.0
2021-04-08,363.1099853515625,366.9100036621094,363.1099853515625,364.8900146484375,330.9837646484375,2426700,0.0,0.0
2021-04-09,368.3500061035156,376.6099853515625,367.0,376.29998779296875,341.33355712890625,2483200,0.0,0.0
2021-04-12,374.4800109863281,379.8299865722656,374.0299987792969,376.2799987792969,341.3154602050781,3057300,0.0,0.0
2021-04-13,376.25,379.30999755859375,374.3299865722656,374.5,339.7008361816406,2652300,0.0,0.0
2021-04-14,375.3399963378906,378.010009765625,374.5799865722656,375.6300048828125,340.72589111328125,2805600,0.0,0.0
2021-04-15,380.0,392.3599853515625,380.0,390.010009765625,353.7696533203125,4488300,0.0,0.0
2021-04-16,393.9200134277344,393.9200134277344,385.4599914550781,391.010009765625,354.6767272949219,4532400,0.0,0.0
2021-04-19,390.0,393.3900146484375,388.4700012207031,389.8399963378906,353.6154479980469,2965400,0.0,0.0
2021-04-20,389.8599853515625,397.8800048828125,389.4200134277344,396.5299987792969,359.6836853027344,3348100,0.0,0.0
2021-04-21,398.8599853515625,401.4800109863281,395.44000244140625,398.80999755859375,361.7519226074219,2473300,0.0,0.0
2021-04-22,398.44000244140625,398.760009765625,393.19000244140625,396.5400085449219,359.6929016113281,2718600,0.0,0.0
2021-04-23,395.6199951171875,401.989990234375,394.5,400.30999755859375,363.11248779296875,2263200,0.0,0.0
2021-04-26,399.80999755859375,400.0,395.2099914550781,395.8599853515625,359.0760192871094,1642300,0.0,0.0
2021-04-27,394.6600036621094,396.3299865722656,392.29998779296875,394.5,357.8423767089844,1758500,0.0,0.0
2021-04-28,395.17999267578125,396.989990234375,393.29998779296875,394.5899963378906,357.9240417480469,1886500,0.0,0.0
2021-04-29,396.75,402.1600036621094,396.29998779296875,401.54998779296875,364.23724365234375,1996500,0.0,0.0
2021-04-30,401.0,401.8599853515625,398.3500061035156,398.79998779296875,361.7428894042969,2328100,0.0,0.0
2021-05-03,401.0,406.7699890136719,400.5299987792969,405.8999938964844,368.1830749511719,2568500,0.0,0.0
2021-05-04,405.4800109863281,412.4700012207031,403.5,411.3399963378906,373.1176452636719,3237200,0.0,0.0
2021-05-05,410.5,412.75,406.79998779296875,412.5,374.1697692871094,2767600,0.0,0.0
2021-05-06,413.0,416.8500061035156,412.55999755859375,414.9700012207031,376.41021728515625,3058700,0.0,0.0
2021-05-07,415.0,419.0199890136719,414.07000732421875,417.6499938964844,378.84124755859375,1851000,0.0,0.0
2021-05-10,419.2699890136719,425.9800109863281,418.2200012207031,420.8900146484375,381.7803039550781,2489300,0.0,0.0
2021-05-11,421.0,422.2900085449219,410.6099853515625,411.70001220703125,373.4441223144531,3024000,0.0,0.0
2021-05-12,409.2900085449219,410.8500061035156,404.67999267578125,405.3699951171875,367.7023620605469,2888100,0.0,0.0
2021-05-13,406.2799987792969,413.17999267578125,404.32000732421875,408.55999755859375,370.5958557128906,2637500,0.0,0.0
2021-05-14,410.989990234375,412.5899963378906,408.5,409.79998779296875,371.7206726074219,2072900,0.0,0.0
2021-05-17,409.30999755859375,412.510009765625,408.57000732421875,408.6300048828125,370.6594543457031,1583900,0.0,0.0
2021-05-18,409.69000244140625,412.9599914550781,406.2699890136719,410.3800048828125,372.246826171875,2694800,0.0,0.0
2021-05-19,409.489990234375,410.7200012207031,404.25,409.5,371.4486083984375,2783100,0.0,0.0
2021-05-20,409.5299987792969,413.8299865722656,408.32000732421875,408.6400146484375,370.6685791015625,2105800,0.0,0.0
2021-05-21,410.760009765625,418.6300048828125,409.4599914550781,411.6300048828125,373.38067626953125,4295400,0.0,0.0
2021-05-24,412.3699951171875,413.8999938964844,409.9200134277344,410.95001220703125,372.7637634277344,1883600,0.0,0.0
2021-05-25,411.8500061035156,413.8599853515625,408.8900146484375,413.04998779296875,374.668701171875,2285600,0.0,0.0
2021-05-26,412.1000061035156,415.29998779296875,411.010009765625,413.2099914550781,374.8138427734375,1903900,0.0,0.0
2021-05-27,414.9200134277344,415.1099853515625,410.3800048828125,412.70001220703125,374.3511962890625,2041800,0.0,0.0
2021-05-28,412.70001220703125,415.4700012207031,410.0199890136719,411.9200134277344,373.6437683105469,2367900,0.0,0.0
2021-06-01,413.7300109863281,413.7300109863281,406.1600036621094,406.7200012207031,368.92694091796875,2199600,0.0,0.0
2021-06-02,409.1400146484375,409.1400146484375,404.54998779296875,405.8500061035156,368.1377258300781,2232900,0.0,0.0
2021-06-03,403.5,409.760009765625,402.8399963378906,407.9599914550781,370.0517578125,2281200,0.0,0.0
2021-06-04,410.9599914550781,411.0,404.6499938964844,405.6400146484375,367.9472961425781,2990900,0.0,0.0
2021-06-07,406.9599914550781,407.2099914550781,398.69000244140625,400.25,363.05816650390625,3353800,0.0,0.0
2021-06-08,400.7200012207031,402.75,398.75,401.739990234375,364.4096374511719,3051300,0.0,0.0
2021-06-09,403.3299865722656,405.7799987792969,400.5299987792969,401.1000061035156,363.8291015625,1925700,0.0,0.0
2021-06-10,401.9100036621094,402.8500061035156,398.4700012207031,401.489990234375,364.182861328125,4033600,0.0,0.0
2021-06-11,403.3500061035156,403.3599853515625,394.7799987792969,397.8900146484375,360.9173583984375,3094300,0.0,0.0
2021-06-14,397.29998779296875,399.4700012207031,395.1300048828125,399.1600036621094,362.0693664550781,2674900,0.0,0.0
2021-06-15,399.9599914550781,401.5,396.4700012207031,400.2799987792969,363.08526611328125,2845800,0.0,0.0
2021-06-16,401.1000061035156,403.1499938964844,396.6700134277344,397.25,360.3369140625,3330800,0.0,0.0
2021-06-17,396.0,398.07000732421875,394.6099853515625,397.3500061035156,360.4275817871094,3532000,0.0,0.0
2021-06-18,387.2799987792969,392.6600036621094,387.25,389.3699951171875,354.48272705078125,5521400,1.45,0.0
2021-06-21,389.3699951171875,399.20001220703125,389.2200012207031,398.07000732421875,362.4031982421875,3839300,0.0,0.0
2021-06-22,400.6099853515625,400.6499938964844,397.82000732421875,398.69000244140625,362.96759033203125,3964600,0.0,0.0
2021-06-23,397.82000732421875,399.0,395.2699890136719,395.55999755859375,360.1180725097656,2942100,0.0,0.0
2021-06-24,398.32000732421875,402.1600036621094,396.8399963378906,398.8699951171875,363.1313781738281,3309100,0.0,0.0
2021-06-25,400.1000061035156,409.9800109863281,399.0199890136719,404.95001220703125,368.666748046875,16928900,0.0,0.0
2021-06-28,404.95001220703125,404.989990234375,397.92999267578125,401.4599914550781,365.48931884765625,3193300,0.0,0.0
2021-06-29,401.9700012207031,403.20001220703125,397.4800109863281,398.1000061035156,362.4304504394531,2458800,0.0,0.0
2021-06-30,397.5400085449219,401.3999938964844,396.79998779296875,400.44000244140625,364.5608215332031,2875600,0.0,0.0
2021-07-01,402.0299987792969,405.2099914550781,401.80999755859375,404.8900146484375,368.61212158203125,2678100,0.0,0.0
2021-07-02,405.0899963378906,409.8699951171875,403.8800048828125,409.3599853515625,372.68157958984375,1982400,0.0,0.0
2021-07-06,408.6700134277344,411.1600036621094,405.7099914550781,410.260009765625,373.5009765625,2615300,0.0,0.0
2021-07-07,410.3500061035156,412.17999267578125,407.20001220703125,411.6600036621094,374.7755126953125,2270400,0.0,0.0
2021-07-08,408.6099853515625,410.8299865722656,405.0799865722656,409.95001220703125,373.2187194824219,2032300,0.0,0.0
2021-07-09,412.5299987792969,413.25,410.6400146484375,412.1099853515625,375.1851501464844,2078900,0.0,0.0
2021-07-12,411.0199890136719,416.3999938964844,410.30999755859375,416.0400085449219,378.7631530761719,2802600,0.0,0.0
2021-07-13,416.3800048828125,419.69000244140625,415.7099914550781,418.5400085449219,381.0390930175781,2948900,0.0,0.0
2021-07-14,420.7699890136719,422.5299987792969,413.3500061035156,414.739990234375,377.5794982910156,3538700,0.0,0.0
2021-07-15,411.9100036621094,421.7300109863281,407.20001220703125,420.04998779296875,382.4137878417969,3546500,0.0,0.0
2021-07-16,421.3599853515625,422.2900085449219,417.6400146484375,419.70001220703125,382.0951232910156,2625400,0.0,0.0
2021-07-19,417.239990234375,419.5299987792969,406.80999755859375,409.05999755859375,372.408447265625,3611300,0.0,0.0
2021-07-20,411.0,417.7300109863281,410.6099853515625,412.9700012207031,375.9681091308594,3186700,0.0,0.0
2021-07-21,417.05999755859375,417.2300109863281,410.8299865722656,414.6400146484375,377.488525390625,1863700,0.0,0.0
2021-07-22,416.0199890136719,416.8299865722656,413.7300109863281,415.7699890136719,378.5172119140625,1421900,0.0,0.0
2021-07-23,417.8999938964844,419.3399963378906,415.989990234375,417.70001220703125,380.2742614746094,1611700,0.0,0.0
2021-07-26,416.8299865722656,417.6700134277344,410.8999938964844,413.5400085449219,376.4870300292969,2232600,0.0,0.0
2021-07-27,412.0,415.260009765625,409.4599914550781,415.1000061035156,377.9072570800781,2630600,0.0,0.0
2021-07-28,414.489990234375,414.489990234375,406.79998779296875,409.1700134277344,372.5085754394531,2446600,0.0,0.0
2021-07-29,411.2799987792969,412.5799865722656,408.4200134277344,412.0799865722656,375.1578674316406,1597300,0.0,0.0
2021-07-30,410.760009765625,413.7699890136719,410.25,412.2200012207031,375.2852478027344,1864200,0.0,0.0
2021-08-02,413.57000732421875,416.44000244140625,412.80999755859375,415.57000732421875,378.335205078125,1806500,0.0,0.0
2021-08-03,415.82000732421875,422.1400146484375,415.0799865722656,421.8999938964844,384.0979919433594,2496500,0.0,0.0
2021-08-04,422.04998779296875,423.6600036621094,419.7099914550781,421.5400085449219,383.77020263671875,1995400,0.0,0.0
2021-08-05,422.05999755859375,422.25,407.8900146484375,411.19000244140625,374.3476257324219,3598600,0.0,0.0
2021-08-06,412.010009765625,416.7699890136719,412.010009765625,415.1199951171875,377.9255065917969,1944000,0.0,0.0
2021-08-09,414.95001220703125,416.2300109863281,410.3500061035156,410.8699951171875,374.0562744140625,1509800,0.0,0.0
2021-08-10,410.510009765625,413.6499938964844,408.57000732421875,411.7799987792969,374.8846740722656,1441800,0.0,0.0
2021-08-11,413.0299987792969,413.92999267578125,407.510009765625,407.739990234375,371.2066955566406,1542600,0.0,0.0
2021-08-12,407.0,408.7300109863281,404.29998779296875,405.9599914550781,369.5862121582031,1939900,0.0,0.0
2021-08-13,407.0799865722656,410.04998779296875,405.9200134277344,409.6700134277344,372.9638366699219,1537800,0.0,0.0
2021-08-16,409.8399963378906,417.4200134277344,407.3299865722656,417.2099914550781,379.82818603515625,2377500,0.0,0.0
2021-08-17,417.1000061035156,422.5,416.6300048828125,421.7799987792969,383.98870849609375,2258000,0.0,0.0
2021-08-18,421.3500061035156,421.5899963378906,417.0899963378906,417.32000732421875,379.92840576171875,3037000,0.0,0.0
2021-08-19,415.3800048828125,428.3500061035156,412.3999938964844,427.8900146484375,389.55133056640625,3204500,0.0,0.0
2021-08-20,428.3500061035156,431.3599853515625,426.9100036621094,429.7099914550781,391.20831298828125,2401900,0.0,0.0
2021-08-23,430.55999755859375,430.55999755859375,424.8999938964844,425.3599853515625,387.2479248046875,2375900,0.0,0.0
2021-08-24,425.5199890136719,425.94000244140625,421.7200012207031,423.4100036621094,385.4726867675781,1619300,0.0,0.0
2021-08-25,421.8500061035156,423.6199951171875,419.45001220703125,419.739990234375,382.1315002441406,1939000,0.0,0.0
2021-08-26,419.7699890136719,421.3900146484375,416.6300048828125,416.8500061035156,379.5003967285156,1385400,0.0,0.0
2021-08-27,418.010009765625,420.3500061035156,416.1199951171875,418.760009765625,381.2393493652344,1621600,0.0,0.0
2021-08-30,418.760009765625,420.57000732421875,417.8900146484375,418.29998779296875,380.8205261230469,1284200,0.0,0.0
2021-08-31,417.0,420.739990234375,414.2200012207031,416.2699890136719,378.9724426269531,4249100,0.0,0.0
2021-09-01,416.5400085449219,419.8699951171875,411.239990234375,417.3500061035156,379.95562744140625,2034400,0.0,0.0
2021-09-02,419.1600036621094,424.3999938964844,418.239990234375,423.7099914550781,385.745849609375,3137400,0.0,0.0
2021-09-03,421.92999267578125,424.0,420.6099853515625,422.8599853515625,384.9720153808594,1604800,0.0,0.0
2021-09-07,420.29998779296875,422.260009765625,417.5799865722656,421.239990234375,383.49713134765625,1920300,0.0,0.0
2021-09-08,421.19000244140625,422.8699951171875,414.20001220703125,415.3900146484375,378.1712951660156,2262500,0.0,0.0
2021-09-09,415.3399963378906,420.2200012207031,413.92999267578125,414.54998779296875,377.40655517578125,3508500,0.0,0.0
2021-09-10,415.55999755859375,416.0,402.5899963378906,403.9100036621094,369.0105895996094,4215800,1.45,0.0
2021-09-13,407.9800109863281,416.80999755859375,406.45001220703125,414.5199890136719,378.7039489746094,3068200,0.0,0.0
2021-09-14,417.5899963378906,417.5899963378906,411.3699951171875,412.5400085449219,376.8948974609375,2879800,0.0,0.0
2021-09-15,412.5199890136719,421.4200134277344,409.5,417.5199890136719,381.444580078125,3180600,0.0,0.0
2021-09-16,419.6700134277344,423.3999938964844,414.9599914550781,416.8399963378906,380.8234558105469,2262700,0.0,0.0
2021-09-17,414.9700012207031,421.0899963378906,414.9700012207031,420.1600036621094,383.8565673828125,4534200,0.0,0.0
2021-09-20,416.9200134277344,419.29998779296875,408.7200012207031,412.70001220703125,377.0411376953125,2799800,0.0,0.0
2021-09-21,415.010009765625,418.7799987792969,412.2099914550781,412.3399963378906,376.7122802734375,2382200,0.0,0.0
2021-09-22,404.94000244140625,412.0,404.94000244140625,408.70001220703125,373.38671875,3629400,0.0,0.0
2021-09-23,409.79998779296875,414.8500061035156,407.510009765625,408.0299987792969,372.77471923828125,2681600,0.0,0.0
2021-09-24,406.94000244140625,407.8900146484375,405.2300109863281,407.0799865722656,371.90667724609375,1950400,0.0,0.0
2021-09-27,407.8299865722656,412.1499938964844,404.9599914550781,405.2699890136719,370.25311279296875,2608600,0.0,0.0
2021-09-28,402.6000061035156,404.0,397.0199890136719,398.6199951171875,364.1776123046875,3115400,0.0,0.0
2021-09-29,397.0,401.8500061035156,395.79998779296875,400.4100036621094,365.81304931640625,2056300,0.0,0.0
2021-09-30,401.489990234375,403.489990234375,390.4599914550781,390.739990234375,356.97857666015625,3779900,0.0,0.0
2021-10-01,391.6000061035156,393.69000244140625,383.1199951171875,392.42999267578125,358.5225830078125,3146600,0.0,0.0
2021-10-04,391.6199951171875,395.1499938964844,384.760009765625,387.010009765625,353.5708312988281,3074800,0.0,0.0
2021-10-05,389.3399963378906,396.010009765625,389.239990234375,393.42999267578125,359.43609619140625,3269400,0.0,0.0
2021-10-06,390.75,394.7799987792969,385.8399963378906,394.25,360.1853332519531,2809200,0.0,0.0
2021-10-07,396.760009765625,408.1700134277344,396.7099914550781,404.70001220703125,369.73236083984375,2813700,0.0,0.0
2021-10-08,406.4100036621094,409.1199951171875,402.6400146484375,408.4599914550781,373.1675109863281,2012200,0.0,0.0
2021-10-11,408.0,411.2200012207031,404.2099914550781,404.989990234375,369.9972839355469,2164200,0.0,0.0
2021-10-12,405.1099853515625,408.3800048828125,402.30999755859375,403.239990234375,368.3984375,2415700,0.0,0.0
2021-10-13,403.3399963378906,405.30999755859375,398.1099853515625,403.54998779296875,368.68170166015625,3021800,0.0,0.0
2021-10-14,425.6600036621094,433.5,417.79998779296875,420.3599853515625,384.03924560546875,6038800,0.0,0.0
2021-10-15,422.04998779296875,430.489990234375,421.5,428.07000732421875,391.0830993652344,3312000,0.0,0.0
2021-10-18,428.0,428.0,423.8399963378906,424.6199951171875,387.9311828613281,2232800,0.0,0.0
2021-10-19,426.8299865722656,427.82000732421875,423.3999938964844,424.3800048828125,387.7118835449219,1616800,0.0,0.0
2021-10-20,427.0,435.5299987792969,426.8399963378906,435.0899963378906,397.4965515136719,2764000,0.0,0.0
2021-10-21,435.5,442.5,435.0799865722656,442.2799987792969,404.0652770996094,2465100,0.0,0.0
2021-10-22,440.8399963378906,449.2900085449219,440.4599914550781,449.1600036621094,410.3508605957031,2736200,0.0,0.0
2021-10-25,450.0,452.6400146484375,446.44000244140625,449.489990234375,410.6522521972656,3553500,0.0,0.0
2021-10-26,450.489990234375,457.7099914550781,447.5899963378906,454.6400146484375,415.3572998046875,3103900,0.0,0.0
2021-10-27,454.6400146484375,460.44000244140625,453.4800109863281,453.4800109863281,414.297607421875,3520400,0.0,0.0
2021-10-28,453.0,457.8999938964844,452.5199890136719,455.44000244140625,416.08819580078125,1672600,0.0,0.0
2021-10-29,454.4100036621094,461.3900146484375,453.05999755859375,460.4700012207031,420.68365478515625,2497800,0.0,0.0
2021-11-01,461.82000732421875,465.760009765625,451.17999267578125,454.1099853515625,414.8731689453125,2203100,0.0,0.0
2021-11-02,456.260009765625,456.44000244140625,450.3800048828125,452.0400085449219,412.9820251464844,2600000,0.0,0.0
2021-11-03,450.4200134277344,457.5199890136719,447.0400085449219,457.3299865722656,417.8149108886719,2438200,0.0,0.0
2021-11-04,457.6000061035156,458.510009765625,452.1600036621094,456.760009765625,417.2942199707031,2517300,0.0,0.0
2021-11-05,457.8299865722656,461.5199890136719,454.5799865722656,455.80999755859375,416.42626953125,2905000,0.0,0.0
2021-11-08,456.8500061035156,464.19000244140625,454.30999755859375,462.6199951171875,422.6477966308594,2279900,0.0,0.0
2021-11-09,462.6199951171875,464.4700012207031,460.2900085449219,464.3500061035156,424.22833251953125,2657800,0.0,0.0
2021-11-10,465.3900146484375,466.0,456.6300048828125,459.8999938964844,420.1629333496094,2818200,0.0,0.0
2021-11-11,460.0,460.8500061035156,455.44000244140625,457.3900146484375,417.86981201171875,2246800,0.0,0.0
2021-11-12,460.6700134277344,461.0,457.0799865722656,458.989990234375,419.3315124511719,2609500,0.0,0.0
2021-11-15,458.0,458.2099914550781,450.5,450.79998779296875,411.8490905761719,2849600,0.0,0.0
2021-11-16,452.989990234375,458.3500061035156,449.3699951171875,449.6199951171875,410.77105712890625,3383800,0.0,0.0
2021-11-17,450.3900146484375,453.9599914550781,448.7300109863281,448.95001220703125,410.158935546875,2281500,0.0,0.0
2021-11-18,448.7300109863281,452.80999755859375,447.1099853515625,449.4700012207031,410.6341247558594,2073800,0.0,0.0
2021-11-19,448.1300048828125,449.45001220703125,439.5,440.0,401.9822998046875,3536100,0.0,0.0
2021-11-22,442.82000732421875,443.75,437.3900146484375,437.5400085449219,399.73486328125,2598700,0.0,0.0
2021-11-23,436.010009765625,447.5199890136719,436.0,447.1300048828125,408.4962463378906,2857000,0.0,0.0
2021-11-24,446.6400146484375,450.9800109863281,445.6400146484375,450.1600036621094,411.26446533203125,2248800,0.0,0.0
2021-11-26,444.9200134277344,448.17999267578125,438.2099914550781,439.9100036621094,401.90008544921875,2480600,0.0,0.0
2021-11-29,443.55999755859375,453.0799865722656,440.54998779296875,452.0,412.9454345703125,4079700,0.0,0.0
2021-11-30,447.05999755859375,451.3500061035156,441.25,444.2200012207031,405.8376159667969,7435400,0.0,0.0
2021-12-01,452.8900146484375,455.9200134277344,444.1400146484375,444.3399963378906,405.9473571777344,4325500,0.0,0.0
2021-12-02,443.1499938964844,447.8900146484375,439.2200012207031,446.0199890136719,407.4821472167969,4738700,0.0,0.0
2021-12-03,447.7699890136719,454.44000244140625,445.1700134277344,449.32000732421875,411.8358459472656,3038300,1.45,0.0
2021-12-06,452.1499938964844,461.7799987792969,451.5199890136719,460.1099853515625,421.7256774902344,4721500,0.0,0.0
2021-12-07,462.75,465.75,460.2300109863281,464.7300109863281,425.9603271484375,3105200,0.0,0.0
2021-12-08,466.0899963378906,470.1700134277344,462.489990234375,468.8599853515625,429.7458190917969,3228300,0.0,0.0
2021-12-09,468.5299987792969,474.4800109863281,467.3599853515625,473.32000732421875,433.8337097167969,2977400,0.0,0.0
2021-12-10,472.0,478.4800109863281,471.010009765625,478.2300109863281,438.333984375,2572300,0.0,0.0
2021-12-13,477.0199890136719,480.260009765625,474.010009765625,478.1400146484375,438.2515563964844,2724800,0.0,0.0
2021-12-14,479.75,483.0400085449219,477.17999267578125,479.4599914550781,439.4614562988281,3018000,0.0,0.0
2021-12-15,480.6000061035156,495.3999938964844,480.1400146484375,494.3800048828125,453.13671875,4188600,0.0,0.0
2021-12-16,494.010009765625,496.9599914550781,490.1099853515625,492.8599853515625,451.7436218261719,4080800,0.0,0.0
2021-12-17,491.4200134277344,493.1300048828125,486.3800048828125,487.1199951171875,446.4824523925781,5707200,0.0,0.0
2021-12-20,482.0,485.010009765625,475.260009765625,483.7300109863281,443.3752136230469,3145600,0.0,0.0
2021-12-21,487.0199890136719,489.0,482.20001220703125,487.2099914550781,446.5649108886719,2536000,0.0,0.0
2021-12-22,487.1499938964844,495.45001220703125,485.8999938964844,494.1300048828125,452.9075927734375,1687500,0.0,0.0
2021-12-23,495.0,498.1499938964844,492.80999755859375,495.3800048828125,454.0533447265625,1706500,0.0,0.0
2021-12-27,498.67999267578125,500.29998779296875,496.6400146484375,499.5,457.8297119140625,1349400,0.0,0.0
2021-12-28,502.0,505.32000732421875,500.3999938964844,502.94000244140625,460.9826965332031,1495500,0.0,0.0
2021-12-29,504.7799987792969,507.2200012207031,502.0,505.5799865722656,463.40234375,1573900,0.0,0.0
2021-12-30,507.92999267578125,509.2300109863281,503.6499938964844,504.42999267578125,462.3483581542969,1309800,0.0,0.0
2021-12-31,504.1400146484375,506.8699951171875,502.0400085449219,502.1400146484375,460.2493896484375,1695400,0.0,0.0
2022-01-03,500.0,502.8999938964844,493.04998779296875,502.2799987792969,460.37774658203125,3033600,0.0,0.0
2022-01-04,503.20001220703125,503.75,490.8800048828125,490.8999938964844,449.9471130371094,3908100,0.0,0.0
2022-01-05,494.7699890136719,497.0,489.69000244140625,489.69000244140625,448.8380432128906,3921100,0.0,0.0
2022-01-06,480.0,484.1400146484375,463.1199951171875,469.6499938964844,430.4698791503906,6555200,0.0,0.0
2022-01-07,467.69000244140625,467.9700012207031,455.54998779296875,458.6000061035156,420.3416748046875,5494200,0.0,0.0
2022-01-10,456.0,465.8599853515625,454.44000244140625,465.0,426.2077331542969,5831800,0.0,0.0
2022-01-11,467.20001220703125,470.45001220703125,460.6700134277344,469.0,429.8740539550781,3332800,0.0,0.0
2022-01-12,468.9700012207031,475.32000732421875,466.3399963378906,473.7200012207031,434.20025634765625,3502300,0.0,0.0
2022-01-13,475.8900146484375,476.54998779296875,465.9800109863281,467.42999267578125,428.43505859375,3005300,0.0,0.0
2022-01-14,469.8900146484375,473.1700134277344,465.0799865722656,468.69000244140625,429.5899658203125,3665400,0.0,0.0
2022-01-18,465.1700134277344,465.7099914550781,458.3500061035156,460.989990234375,422.5323181152344,3938800,0.0,0.0
2022-01-19,468.0,475.489990234375,461.510009765625,462.5199890136719,423.9346618652344,4030900,0.0,0.0
2022-01-20,464.3800048828125,471.6300048828125,462.0,463.0,424.37469482421875,3228600,0.0,0.0
2022-01-21,463.5,470.7900085449219,461.07000732421875,461.1700134277344,422.697265625,4273200,0.0,0.0
2022-01-24,458.07000732421875,464.1400146484375,448.1300048828125,462.2699890136719,423.70550537109375,4780700,0.0,0.0
2022-01-25,454.07000732421875,459.489990234375,447.2699890136719,456.8399963378906,418.728515625,3428900,0.0,0.0
2022-01-26,458.45001220703125,463.8800048828125,453.45001220703125,458.42999267578125,420.18585205078125,4435900,0.0,0.0
2022-01-27,458.0799865722656,468.67999267578125,457.010009765625,461.6000061035156,423.0914306640625,3508100,0.0,0.0
2022-01-28,461.3999938964844,466.2799987792969,455.0799865722656,466.05999755859375,427.1793212890625,3364400,0.0,0.0
2022-01-31,465.0,473.17999267578125,464.3999938964844,472.57000732421875,433.1462707519531,3500500,0.0,0.0
2022-02-01,475.0,475.0,462.75,468.4100036621094,429.3333435058594,3148600,0.0,0.0
2022-02-02,469.05999755859375,481.9800109863281,469.05999755859375,479.7799987792969,439.7547912597656,3026800,0.0,0.0
2022-02-03,498.6499938964844,500.17999267578125,483.57000732421875,488.7699890136719,447.9947814941406,4370900,0.0,0.0
2022-02-04,481.75,489.6300048828125,480.19000244140625,483.1700134277344,442.86187744140625,3066400,0.0,0.0
2022-02-07,484.9100036621094,487.260009765625,481.29998779296875,483.70001220703125,443.3476867675781,2937200,0.0,0.0
2022-02-08,481.3500061035156,495.6700134277344,481.3500061035156,493.4100036621094,452.24774169921875,3534700,0.0,0.0
2022-02-09,497.0,500.92999267578125,496.2900085449219,498.1000061035156,456.5465087890625,2818100,0.0,0.0
2022-02-10,492.239990234375,494.2200012207031,485.07000732421875,486.7200012207031,446.1158447265625,2626100,0.0,0.0
2022-02-11,484.67999267578125,490.42999267578125,476.44000244140625,478.1300048828125,438.2424011230469,2493800,0.0,0.0
2022-02-14,475.1099853515625,477.739990234375,469.3299865722656,474.3999938964844,434.8235778808594,2549500,0.0,0.0
2022-02-15,475.94000244140625,481.1700134277344,475.20001220703125,478.2300109863281,438.333984375,3001000,0.0,0.0
2022-02-16,475.5,481.7300109863281,471.3999938964844,480.04998779296875,440.00225830078125,2651800,0.0,0.0
2022-02-17,478.1700134277344,479.2900085449219,468.8900146484375,470.3399963378906,431.1022644042969,2403100,0.0,0.0
2022-02-18,470.25,474.9200134277344,466.8299865722656,467.80999755859375,428.7834167480469,2992300,0.0,0.0
2022-02-22,463.8299865722656,467.19000244140625,457.82000732421875,462.510009765625,423.9254455566406,3029800,0.0,0.0
2022-02-23,467.19000244140625,467.7200012207031,458.8399963378906,459.6199951171875,421.27655029296875,2840300,0.0,0.0
2022-02-24,449.5199890136719,456.5899963378906,445.739990234375,455.8900146484375,417.8578186035156,3933000,0.0,0.0
2022-02-25,456.6499938964844,475.7799987792969,456.2300109863281,475.75,436.06097412109375,3314400,0.0,0.0
2022-02-28,465.8500061035156,477.30999755859375,465.6099853515625,475.8699951171875,436.1710205078125,3918300,0.0,0.0
2022-03-01,470.8900146484375,476.9599914550781,467.7300109863281,476.25,436.5193176269531,2917600,0.0,0.0
2022-03-02,478.19000244140625,487.1700134277344,477.8900146484375,485.3800048828125,444.8876037597656,3675900,0.0,0.0
2022-03-03,486.0,491.3800048828125,482.2200012207031,486.5899963378906,445.9966125488281,3139400,0.0,0.0
2022-03-04,480.69000244140625,499.6600036621094,477.489990234375,498.6499938964844,457.050537109375,4170100,0.0,0.0
2022-03-07,500.0,500.0,483.0199890136719,486.8699951171875,446.25323486328125,4123300,0.0,0.0
2022-03-08,478.79998779296875,484.489990234375,471.5199890136719,473.4599914550781,433.96197509765625,3849500,0.0,0.0
2022-03-09,482.5799865722656,487.7200012207031,473.5899963378906,485.57000732421875,445.0617370605469,3115500,0.0,0.0
2022-03-10,479.3299865722656,493.7099914550781,477.8299865722656,491.44000244140625,450.4420166015625,2834800,0.0,0.0
2022-03-11,487.8299865722656,493.79998779296875,482.510009765625,482.8699951171875,443.896728515625,2615000,1.45,0.0
2022-03-14,490.3999938964844,495.5899963378906,485.2799987792969,487.9200134277344,448.5390930175781,2704100,0.0,0.0
2022-03-15,490.0,499.94000244140625,487.30999755859375,497.9100036621094,457.7228088378906,3043000,0.0,0.0
2022-03-16,499.8299865722656,505.5,490.010009765625,498.260009765625,458.0445556640625,3497100,0.0,0.0
2022-03-17,496.0,507.1199951171875,495.17999267578125,507.0199890136719,466.0975341796875,2357200,0.0,0.0
2022-03-18,508.739990234375,510.67999267578125,501.55999755859375,506.1199951171875,465.2701721191406,5065600,0.0,0.0
2022-03-21,505.010009765625,513.0,504.3599853515625,507.6600036621094,466.6858825683594,2617700,0.0,0.0
2022-03-22,509.2699890136719,511.8500061035156,504.8399963378906,505.32000732421875,464.5347900390625,2752500,0.0,0.0
2022-03-23,502.2699890136719,507.05999755859375,501.3299865722656,503.2300109863281,462.6133728027344,2753200,0.0,0.0
2022-03-24,505.0,515.780029296875,503.8599853515625,513.4600219726562,472.01776123046875,2789200,0.0,0.0
2022-03-25,514.1900024414062,516.530029296875,509.239990234375,513.030029296875,471.6224060058594,2551100,0.0,0.0
2022-03-28,514.3200073242188,517.1400146484375,508.80999755859375,513.2000122070312,471.7787780761719,2643000,0.0,0.0
2022-03-29,517.0999755859375,519.5900268554688,507.29998779296875,510.7300109863281,469.50811767578125,3478400,0.0,0.0
2022-03-30,515.1099853515625,521.2000122070312,512.47998046875,520.8200073242188,478.7837219238281,3041200,0.0,0.0
2022-03-31,517.0999755859375,521.8900146484375,509.6700134277344,509.9700012207031,468.80938720703125,3979700,0.0,0.0
2022-04-01,510.67999267578125,514.780029296875,506.6000061035156,512.5900268554688,471.2179870605469,2344100,0.0,0.0
2022-04-04,512.2100219726562,512.47998046875,504.5299987792969,510.0199890136719,468.8553771972656,2657500,0.0,0.0
2022-04-05,510.0,524.72998046875,508.0,517.760009765625,475.97064208984375,3268600,0.0,0.0
2022-04-06,518.219970703125,533.52001953125,518.0,531.75,488.8314514160156,3955600,0.0,0.0
2022-04-07,530.0,538.280029296875,528.3900146484375,536.9500122070312,493.61187744140625,2867000,0.0,0.0
2022-04-08,539.0,548.969970703125,538.0999755859375,545.9600219726562,501.8945617675781,3986700,0.0,0.0
2022-04-11,543.5999755859375,547.6099853515625,536.6400146484375,537.4400024414062,494.0622863769531,3574000,0.0,0.0
2022-04-12,535.4099731445312,540.72998046875,530.780029296875,533.7100219726562,490.6332702636719,3575700,0.0,0.0
2022-04-13,533.3200073242188,538.280029296875,528.6199951171875,537.0,493.6578369140625,3012000,0.0,0.0
2022-04-14,538.5,553.2899780273438,534.0700073242188,534.8200073242188,491.6536865234375,4211300,0.0,0.0
2022-04-18,537.9000244140625,541.0,530.3800048828125,534.0800170898438,490.97344970703125,2087100,0.0,0.0
2022-04-19,535.8900146484375,542.47998046875,535.239990234375,537.7000122070312,494.3013610839844,2207600,0.0,0.0
2022-04-20,542.1400146484375,548.3599853515625,539.0,546.010009765625,501.9405212402344,2986300,0.0,0.0
2022-04-21,545.5,548.0,536.030029296875,537.4400024414062,494.0622863769531,2539900,0.0,0.0
2022-04-22,532.0599975585938,533.3499755859375,520.1799926757812,520.9400024414062,478.89404296875,3453300,0.0,0.0
2022-04-25,520.4000244140625,526.260009765625,511.7300109863281,524.27001953125,481.9552917480469,3030400,0.0,0.0
2022-04-26,524.239990234375,526.260009765625,513.510009765625,513.780029296875,472.3119812011719,2895300,0.0,0.0
2022-04-27,514.9099731445312,520.9000244140625,509.82000732421875,513.8099975585938,472.3394470214844,3353700,0.0,0.0
2022-04-28,516.760009765625,526.280029296875,513.1699829101562,524.4199829101562,482.0931091308594,2582700,0.0,0.0
2022-04-29,518.8499755859375,519.9000244140625,506.9599914550781,508.54998779296875,467.5039978027344,2873200,0.0,0.0
2022-05-02,510.80999755859375,513.510009765625,493.3399963378906,501.1499938964844,460.7012634277344,3184300,0.0,0.0
2022-05-03,501.1300048828125,505.5199890136719,497.4800109863281,499.6199951171875,459.2947692871094,2763400,0.0,0.0
2022-05-04,499.5,509.7699890136719,493.0899963378906,507.6199951171875,466.64910888671875,4002600,0.0,0.0
2022-05-05,507.2099914550781,510.6700134277344,489.2300109863281,494.7200012207031,454.790283203125,3359700,0.0,0.0
2022-05-06,485.010009765625,501.57000732421875,485.0,499.6199951171875,459.2947692871094,3260300,0.0,0.0
2022-05-09,490.3999938964844,494.6300048828125,484.42999267578125,486.4200134277344,447.1601867675781,3862700,0.0,0.0
2022-05-10,493.80999755859375,496.3500061035156,481.1199951171875,488.010009765625,448.6218566894531,4275500,0.0,0.0
2022-05-11,484.3900146484375,500.5199890136719,484.3900146484375,486.1499938964844,446.91192626953125,3936300,0.0,0.0
2022-05-12,486.1000061035156,486.8900146484375,471.4200134277344,478.79998779296875,440.1551513671875,3997600,0.0,0.0
2022-05-13,480.9800109863281,487.0,475.80999755859375,485.3999938964844,446.2225036621094,2453400,0.0,0.0
2022-05-16,485.4100036621094,495.55999755859375,484.1499938964844,489.2200012207031,449.7342529296875,2338800,0.0,0.0
2022-05-17,494.0,494.7200012207031,488.4599914550781,492.5299987792969,452.777099609375,2289000,0.0,0.0
2022-05-18,488.260009765625,489.2099914550781,468.3599853515625,471.3800048828125,433.3341064453125,3240500,0.0,0.0
2022-05-19,464.32000732421875,481.5799865722656,463.3299865722656,478.54998779296875,439.9253845214844,3813800,0.0,0.0
2022-05-20,481.3800048828125,487.4700012207031,472.30999755859375,485.7300109863281,446.52587890625,3068200,0.0,0.0
2022-05-23,486.2900085449219,495.739990234375,486.2900085449219,492.0799865722656,452.36328125,2279800,0.0,0.0
2022-05-24,490.7900085449219,498.0799865722656,488.6600036621094,497.55999755859375,457.4010009765625,2658100,0.0,0.0
2022-05-25,498.5199890136719,502.30999755859375,491.260009765625,498.0899963378906,457.8882751464844,3161600,0.0,0.0
2022-05-26,501.739990234375,507.260009765625,499.4100036621094,502.2300109863281,461.6941833496094,2705800,0.0,0.0
2022-05-27,491.0,507.1099853515625,489.3900146484375,507.1099853515625,466.1803283691406,3349100,0.0,0.0
2022-05-31,503.6199951171875,504.1099853515625,495.6600036621094,496.7799987792969,456.6839904785156,4003100,0.0,0.0
2022-06-01,498.32000732421875,501.3800048828125,487.7799987792969,492.54998779296875,452.7954406738281,1765900,0.0,0.0
2022-06-02,494.0,496.1499938964844,482.9700012207031,492.260009765625,452.52880859375,2093500,0.0,0.0
2022-06-03,488.3299865722656,491.6700134277344,484.8999938964844,485.6099853515625,446.41552734375,1756900,0.0,0.0
2022-06-06,489.42999267578125,493.6300048828125,486.2900085449219,490.17999267578125,450.6166687011719,1781500,0.0,0.0
2022-06-07,489.5,497.6099853515625,487.1199951171875,497.1000061035156,456.9781799316406,2341900,0.0,0.0
2022-06-08,494.0,497.8999938964844,488.54998779296875,493.5299987792969,453.6962585449219,3268100,0.0,0.0
2022-06-09,492.8800048828125,496.4599914550781,487.6099853515625,489.42999267578125,449.92724609375,3148800,0.0,0.0
2022-06-10,484.79998779296875,490.1600036621094,480.92999267578125,484.6300048828125,445.5146484375,2599900,0.0,0.0
2022-06-13,475.1300048828125,481.3399963378906,467.260009765625,469.70001220703125,431.7897033691406,3764600,0.0,0.0
2022-06-14,467.5,469.17999267578125,457.4200134277344,461.75,424.4813537597656,3814200,0.0,0.0
2022-06-15,464.20001220703125,469.0199890136719,456.5,464.3299865722656,426.8530578613281,2550700,0.0,0.0
2022-06-16,453.3999938964844,457.80999755859375,450.67999267578125,456.0899963378906,420.77337646484375,3135600,1.65,0.0
2022-06-17,450.75,461.4599914550781,449.70001220703125,452.05999755859375,417.0553894042969,5277400,0.0,0.0
2022-06-21,457.80999755859375,485.1199951171875,457.1000061035156,480.32000732421875,443.127197265625,5726800,0.0,0.0
2022-06-22,475.7200012207031,495.9200134277344,474.5400085449219,489.67999267578125,451.7624206542969,5061000,0.0,0.0
2022-06-23,494.95001220703125,503.5799865722656,491.9599914550781,499.80999755859375,461.1080017089844,4687700,0.0,0.0
2022-06-24,499.44000244140625,499.760009765625,486.55999755859375,495.6400146484375,457.2608947753906,15861100,0.0,0.0
2022-06-27,492.8299865722656,511.8900146484375,492.5799865722656,505.6600036621094,466.5050354003906,3907100,0.0,0.0
2022-06-28,512.0800170898438,518.6099853515625,505.0799865722656,508.44000244140625,469.0697326660156,4978200,0.0,0.0
2022-06-29,508.8500061035156,518.7000122070312,506.010009765625,515.7100219726562,475.7767639160156,3823400,0.0,0.0
2022-06-30,513.5499877929688,516.3200073242188,509.7200012207031,513.6300048828125,473.85791015625,3568900,0.0,0.0
2022-07-01,512.3200073242188,517.530029296875,502.30999755859375,517.4000244140625,477.33599853515625,2426600,0.0,0.0
2022-07-05,507.6400146484375,511.0,492.25,505.239990234375,466.1175537109375,3029600,0.0,0.0
2022-07-06,505.6400146484375,517.4099731445312,504.29998779296875,515.2899780273438,475.38934326171875,2506700,0.0,0.0
2022-07-07,515.25,517.2999877929688,512.22998046875,514.3800048828125,474.5498046875,2385400,0.0,0.0
2022-07-08,512.3099975585938,528.3699951171875,511.010009765625,518.6300048828125,478.4706115722656,3092100,0.0,0.0
2022-07-11,514.8599853515625,521.469970703125,511.80999755859375,516.9500122070312,476.92083740234375,1743600,0.0,0.0
2022-07-12,513.25,519.1400146484375,510.6199951171875,514.4199829101562,474.5866394042969,2706500,0.0,0.0
2022-07-13,508.07000732421875,511.8599853515625,501.19000244140625,501.239990234375,462.4272155761719,3467700,0.0,0.0
2022-07-14,495.0,505.8900146484375,492.2799987792969,502.42999267578125,463.5251159667969,3765500,0.0,0.0
2022-07-15,526.0599975585938,531.989990234375,515.4500122070312,529.75,488.7296142578125,5742500,0.0,0.0
2022-07-18,531.0,532.1599731445312,518.75,519.3699951171875,479.1534118652344,3212000,0.0,0.0
2022-07-19,521.0900268554688,533.8400268554688,520.5900268554688,533.4500122070312,492.1431884765625,2953500,0.0,0.0
2022-07-20,533.4500122070312,534.0499877929688,515.72998046875,519.469970703125,479.24560546875,4327500,0.0,0.0
2022-07-21,519.3900146484375,522.469970703125,511.1400146484375,522.4600219726562,482.0041809082031,2667600,0.0,0.0
2022-07-22,526.0,527.5999755859375,518.4000244140625,521.4099731445312,481.0354309082031,1850300,0.0,0.0
2022-07-25,526.0900268554688,532.8900146484375,524.219970703125,529.469970703125,488.4713134765625,2337200,0.0,0.0
2022-07-26,533.7999877929688,537.6400146484375,531.030029296875,531.5900268554688,490.4271545410156,2637800,0.0,0.0
2022-07-27,533.5399780273438,537.8599853515625,528.0399780273438,534.6099853515625,493.21331787109375,2268100,0.0,0.0
2022-07-28,537.489990234375,544.3400268554688,531.739990234375,541.489990234375,499.560546875,2344500,0.0,0.0
2022-07-29,540.010009765625,543.8499755859375,536.6900024414062,542.3400268554688,500.3447570800781,2945700,0.0,0.0
2022-08-01,542.27001953125,543.6500244140625,531.0,535.3800048828125,493.9237060546875,2335000,0.0,0.0
2022-08-02,537.5499877929688,540.530029296875,531.719970703125,535.4600219726562,493.99749755859375,2114200,0.0,0.0
2022-08-03,537.260009765625,543.6199951171875,535.6900024414062,540.6500244140625,498.78564453125,1802900,0.0,0.0
2022-08-04,539.2899780273438,540.4299926757812,532.760009765625,533.75,492.419921875,2368000,0.0,0.0
2022-08-05,530.0,535.5,527.5599975585938,535.0599975585938,493.6284484863281,2373400,0.0,0.0
2022-08-08,539.9099731445312,541.2999877929688,533.4199829101562,536.5999755859375,495.0491943359375,1656400,0.0,0.0
2022-08-09,540.0,545.739990234375,536.3800048828125,537.260009765625,495.65814208984375,2147200,0.0,0.0
2022-08-10,540.260009765625,541.97998046875,533.8099975585938,537.719970703125,496.0824890136719,2291400,0.0,0.0
2022-08-11,538.239990234375,538.6300048828125,529.6699829101562,532.8599853515625,491.5987548828125,3006200,0.0,0.0
2022-08-12,535.6099853515625,544.4000244140625,534.4500122070312,543.7000122070312,501.59942626953125,1981000,0.0,0.0
2022-08-15,541.6699829101562,547.2100219726562,538.5599975585938,544.6400146484375,502.4666748046875,1447300,0.0,0.0
2022-08-16,545.2100219726562,547.4400024414062,542.3900146484375,546.1199951171875,503.8320007324219,1773000,0.0,0.0
2022-08-17,545.239990234375,547.7899780273438,541.5700073242188,545.0,502.7987365722656,1471700,0.0,0.0
2022-08-18,545.010009765625,548.1300048828125,541.8200073242188,545.219970703125,503.001708984375,1486400,0.0,0.0
2022-08-19,545.5,553.1300048828125,544.8200073242188,548.3200073242188,505.86163330078125,2258000,0.0,0.0
2022-08-22,541.3900146484375,549.52001953125,541.3499755859375,544.5700073242188,502.4020080566406,1672900,0.0,0.0
2022-08-23,543.2899780273438,543.2899780273438,533.2100219726562,535.7999877929688,494.3111267089844,2039600,0.0,0.0
2022-08-24,536.6799926757812,539.8599853515625,535.02001953125,536.4600219726562,494.9201354980469,1761200,0.0,0.0
2022-08-25,535.010009765625,542.02001953125,531.25,541.5700073242188,499.63427734375,1965800,0.0,0.0
2022-08-26,542.260009765625,543.1900024414062,528.219970703125,529.25,488.2683410644531,1906700,0.0,0.0
2022-08-29,526.0,532.9000244140625,522.8699951171875,529.77001953125,488.7481384277344,1594000,0.0,0.0
2022-08-30,530.4099731445312,531.0900268554688,521.7899780273438,522.8400268554688,482.354736328125,2013400,0.0,0.0
2022-08-31,520.8200073242188,527.0999755859375,519.1599731445312,519.3300170898438,479.116455078125,2891300,0.0,0.0
2022-09-01,519.3300170898438,524.260009765625,515.0900268554688,524.0,483.4249267578125,2085300,0.0,0.0
2022-09-02,529.6199951171875,529.7899780273438,513.8099975585938,516.3499755859375,476.3671875,1944200,0.0,0.0
2022-09-06,519.9299926757812,527.4500122070312,516.9199829101562,517.6799926757812,477.5942687988281,2711900,0.0,0.0
2022-09-07,517.0,523.5,514.6799926757812,521.6799926757812,481.2845458984375,2504400,0.0,0.0
2022-09-08,520.9500122070312,528.489990234375,518.8099975585938,527.510009765625,486.6630859375,1557500,0.0,0.0
2022-09-09,527.8300170898438,527.8300170898438,522.5800170898438,524.3400268554688,485.2564697265625,2495500,1.65,0.0
2022-09-12,525.0,535.02001953125,522.5,531.25,491.6513671875,2792000,0.0,0.0
2022-09-13,524.0,525.260009765625,511.9700012207031,513.9600219726562,475.65008544921875,3172500,0.0,0.0
2022-09-14,514.0,515.3800048828125,506.1000061035156,509.7699890136719,471.7724304199219,2648100,0.0,0.0
2022-09-15,516.2999877929688,527.97998046875,514.1400146484375,522.9099731445312,483.93292236328125,3058100,0.0,0.0
2022-09-16,518.52001953125,522.8200073242188,517.0800170898438,521.02001953125,482.18389892578125,3981700,0.0,0.0
2022-09-19,518.5900268554688,524.0,512.969970703125,523.5499877929688,484.5252685546875,2130800,0.0,0.0
2022-09-20,524.239990234375,524.6699829101562,514.8099975585938,522.7999877929688,483.8312072753906,2421700,0.0,0.0
2022-09-21,525.030029296875,528.010009765625,512.02001953125,512.0800170898438,473.9102478027344,2427700,0.0,0.0
2022-09-22,511.0299987792969,520.969970703125,506.1099853515625,517.4600219726562,478.8892822265625,2285600,0.0,0.0
2022-09-23,513.5599975585938,514.6599731445312,506.3800048828125,513.6099853515625,475.3262634277344,2536900,0.0,0.0
2022-09-26,507.3900146484375,512.5700073242188,499.0,508.3599853515625,470.46746826171875,2867400,0.0,0.0
2022-09-27,510.3699951171875,516.7899780273438,503.5799865722656,508.3699951171875,470.4767761230469,2583400,0.0,0.0
2022-09-28,506.4800109863281,516.27001953125,500.79998779296875,513.9400024414062,475.6316223144531,3027300,0.0,0.0
2022-09-29,514.77001953125,514.77001953125,502.4700012207031,508.8299865722656,470.9024353027344,2392000,0.0,0.0
2022-09-30,511.1000061035156,516.5499877929688,504.8399963378906,505.0400085449219,467.39508056640625,3116000,0.0,0.0
2022-10-03,507.0799865722656,517.8099975585938,505.3999938964844,515.510009765625,477.0845642089844,2562400,0.0,0.0
2022-10-04,518.3499755859375,524.5900268554688,516.8300170898438,523.1699829101562,484.173583984375,3189800,0.0,0.0
2022-10-05,521.0,529.3499755859375,520.1300048828125,527.0700073242188,487.78289794921875,2281800,0.0,0.0
2022-10-06,528.3300170898438,528.5800170898438,516.739990234375,519.1300048828125,480.43475341796875,2187300,0.0,0.0
2022-10-07,514.1699829101562,514.1699829101562,501.05999755859375,504.8500061035156,467.2191467285156,3273700,0.0,0.0
2022-10-10,505.6000061035156,506.30999755859375,495.0199890136719,498.8599853515625,461.67572021484375,2459100,0.0,0.0
2022-10-11,496.9700012207031,506.8299865722656,495.17999267578125,499.80999755859375,462.5548095703125,2844500,0.0,0.0
2022-10-12,502.1300048828125,508.25,498.2099914550781,499.9599914550781,462.693603515625,2254300,0.0,0.0
2022-10-13,493.45001220703125,513.469970703125,487.739990234375,509.9100036621094,471.9019470214844,3999700,0.0,0.0
2022-10-14,520.0,529.9099731445312,511.92999267578125,513.1300048828125,474.882080078125,5628900,0.0,0.0
2022-10-17,517.739990234375,524.3099975585938,515.280029296875,521.8800048828125,482.9797668457031,3282300,0.0,0.0
2022-10-18,532.0,532.0,518.3300170898438,522.2100219726562,483.2851867675781,2345500,0.0,0.0
2022-10-19,521.739990234375,523.8200073242188,514.5999755859375,520.3200073242188,481.5360412597656,2500500,0.0,0.0
2022-10-20,523.0499877929688,529.4199829101562,519.780029296875,520.8800048828125,482.0543518066406,2390800,0.0,0.0
2022-10-21,518.0599975585938,536.530029296875,518.010009765625,533.72998046875,493.946533203125,2896000,0.0,0.0
2022-10-24,538.0700073242188,546.47998046875,537.7999877929688,541.5999755859375,501.2299499511719,2627100,0.0,0.0
2022-10-25,537.7899780273438,543.9199829101562,533.9000244140625,540.219970703125,499.95263671875,2411900,0.0,0.0
2022-10-26,541.3800048828125,547.6400146484375,540.2100219726562,543.1699829101562,502.6828308105469,2863500,0.0,0.0
2022-10-27,546.52001953125,546.52001953125,539.760009765625,541.7999877929688,501.41497802734375,2212100,0.0,0.0
2022-10-28,544.969970703125,553.0,543.6900024414062,551.239990234375,510.1512756347656,2761900,0.0,0.0
2022-10-31,555.0,558.0999755859375,550.1300048828125,555.1500244140625,513.769775390625,2770400,0.0,0.0
2022-11-01,555.0,555.6900024414062,544.219970703125,547.3099975585938,506.51422119140625,3338900,0.0,0.0
2022-11-02,544.4099731445312,554.5800170898438,543.0700073242188,543.4299926757812,502.9234313964844,2696200,0.0,0.0
2022-11-03,541.739990234375,547.8699951171875,538.1300048828125,543.6099853515625,503.08984375,2245300,0.0,0.0
2022-11-04,547.0499877929688,547.760009765625,527.1400146484375,538.1699829101562,498.0555114746094,3513100,0.0,0.0
2022-11-07,538.1699829101562,546.9500122070312,535.469970703125,545.02001953125,504.39501953125,2540300,0.0,0.0
2022-11-08,547.0499877929688,554.7999877929688,542.0,553.0499877929688,511.826416015625,2797000,0.0,0.0
2022-11-09,553.780029296875,554.6099853515625,539.4400024414062,540.6599731445312,500.35986328125,2672600,0.0,0.0
2022-11-10,548.9299926757812,551.7000122070312,533.9500122070312,544.1699829101562,503.6082458496094,3426400,0.0,0.0
2022-11-11,546.280029296875,546.280029296875,509.6499938964844,522.0800170898438,483.1649475097656,7034300,0.0,0.0
2022-11-14,522.0,528.97998046875,513.4099731445312,513.75,475.4557800292969,5238400,0.0,0.0
2022-11-15,512.8099975585938,516.6400146484375,500.7699890136719,503.010009765625,465.5163269042969,5103800,0.0,0.0
2022-11-16,505.8900146484375,514.1300048828125,505.4700012207031,511.5199890136719,473.3919677734375,3430800,0.0,0.0
2022-11-17,512.1599731445312,526.97998046875,512.1599731445312,515.3099975585938,476.89947509765625,4246300,0.0,0.0
2022-11-18,522.1199951171875,533.0,519.4600219726562,530.0,490.49456787109375,3566000,0.0,0.0
2022-11-21,529.010009765625,531.9500122070312,515.3800048828125,517.1900024414062,478.6393127441406,3349600,0.0,0.0
2022-11-22,519.9400024414062,524.6599731445312,519.9099731445312,523.0900268554688,484.0996398925781,2567400,0.0,0.0
2022-11-23,525.0,530.4400024414062,523.0,529.7100219726562,490.2261657714844,2238300,0.0,0.0
2022-11-25,534.0,540.8499755859375,532.52001953125,537.6199951171875,497.5465393066406,1419200,0.0,0.0
2022-11-28,535.8300170898438,539.5800170898438,531.6900024414062,532.27001953125,492.5953369140625,2699900,0.0,0.0
2022-11-29,531.6699829101562,532.969970703125,523.6500244140625,528.0,488.6435852050781,3751000,0.0,0.0
2022-11-30,529.719970703125,548.0800170898438,527.47998046875,547.760009765625,506.93060302734375,9688900,0.0,0.0
2022-12-01,552.3599853515625,553.0,535.7999877929688,536.9099731445312,496.8893737792969,2997800,0.0,0.0
2022-12-02,532.8300170898438,538.6099853515625,532.4400024414062,536.1599731445312,497.72491455078125,2346200,1.65,0.0
2022-12-05,531.489990234375,540.3800048828125,530.8800048828125,535.0399780273438,496.6851806640625,2424800,0.0,0.0
2022-12-06,534.4199829101562,540.5900268554688,534.239990234375,539.3200073242188,500.6583251953125,3097700,0.0,0.0
2022-12-07,540.8400268554688,545.9099731445312,539.6300048828125,542.9099731445312,503.9910583496094,2849100,0.0,0.0
2022-12-08,544.8599853515625,551.2899780273438,543.780029296875,547.9199829101562,508.6419982910156,2272300,0.0,0.0
2022-12-09,547.9299926757812,548.489990234375,538.8699951171875,539.2000122070312,500.5469970703125,2852400,0.0,0.0
2022-12-12,541.8499755859375,546.0800170898438,539.280029296875,545.8599853515625,506.7296142578125,2714100,0.0,0.0
2022-12-13,550.5599975585938,550.989990234375,535.0999755859375,538.219970703125,499.63726806640625,3369700,0.0,0.0
2022-12-14,541.9299926757812,543.47998046875,531.5700073242188,538.3599853515625,499.76727294921875,2654600,0.0,0.0
2022-12-15,533.989990234375,534.0700073242188,525.469970703125,527.6799926757812,489.8528747558594,2963800,0.0,0.0
2022-12-16,525.1500244140625,525.8099975585938,515.719970703125,523.7000122070312,486.15814208984375,7109100,0.0,0.0
2022-12-19,524.5999755859375,527.2100219726562,520.9299926757812,523.5999755859375,486.0653381347656,1808100,0.0,0.0
2022-12-20,526.989990234375,526.989990234375,519.7000122070312,520.2100219726562,482.9183654785156,2086100,0.0,0.0
2022-12-21,523.6300048828125,527.8800048828125,518.0999755859375,527.5399780273438,489.72283935546875,2182000,0.0,0.0
2022-12-22,526.47998046875,529.010009765625,521.6300048828125,527.0900268554688,489.30517578125,1851600,0.0,0.0
2022-12-23,524.0999755859375,531.3099975585938,522.9000244140625,531.3099975585938,493.2225036621094,1292300,0.0,0.0
2022-12-27,533.9299926757812,535.8400268554688,529.8499755859375,531.989990234375,493.8538818359375,1596700,0.0,0.0
2022-12-28,535.0700073242188,538.1500244140625,527.72998046875,528.4500122070312,490.567626953125,1694200,0.0,0.0
2022-12-29,532.5399780273438,533.6799926757812,528.8599853515625,529.8800048828125,491.8951416015625,1379700,0.0,0.0
2022-12-30,530.0,530.5,524.8400268554688,530.1799926757812,492.1736145019531,1849600,0.0,0.0
2023-01-03,525.1300048828125,525.6300048828125,512.1599731445312,518.6400146484375,481.4609375,3525600,0.0,0.0
2023-01-04,518.6400146484375,518.6400146484375,500.6000061035156,504.5,468.3345031738281,5070400,0.0,0.0
2023-01-05,501.010009765625,502.0899963378906,488.5,489.9599914550781,454.83685302734375,5497100,0.0,0.0
2023-01-06,491.5899963378906,492.8699951171875,487.5400085449219,490.0,454.87396240234375,4841300,0.0,0.0
2023-01-09,492.4100036621094,499.989990234375,488.5400085449219,490.05999755859375,454.9296569824219,3702800,0.0,0.0
2023-01-10,488.8500061035156,490.4700012207031,482.67999267578125,486.0,451.1606750488281,3164000,0.0,0.0
2023-01-11,485.2900085449219,495.6000061035156,485.0,493.3999938964844,458.0302429199219,4274200,0.0,0.0
2023-01-12,490.0,498.7300109863281,485.2200012207031,495.6700134277344,460.1375427246094,3726800,0.0,0.0
2023-01-13,486.1099853515625,509.5,486.0,489.57000732421875,454.47479248046875,5390100,0.0,0.0
2023-01-17,491.20001220703125,492.94000244140625,483.7799987792969,485.0799865722656,450.3065490722656,4495600,0.0,0.0
2023-01-18,488.04998779296875,489.5,474.75,476.239990234375,442.1003723144531,4398200,0.0,0.0
2023-01-19,477.8699951171875,486.3900146484375,477.3900146484375,484.3599853515625,449.6382141113281,4549600,0.0,0.0
2023-01-20,485.5299987792969,486.989990234375,479.0,486.7200012207031,451.8291015625,3525900,0.0,0.0
2023-01-23,486.67999267578125,490.1000061035156,481.3900146484375,485.80999755859375,450.98431396484375,3418700,0.0,0.0
2023-01-24,500.260009765625,500.260009765625,480.0,491.6000061035156,456.35931396484375,3036300,0.0,0.0
2023-01-25,489.2799987792969,495.3599853515625,485.7300109863281,492.5,457.1947326660156,3037300,0.0,0.0
2023-01-26,492.5,496.45001220703125,490.5799865722656,492.4800109863281,457.1761779785156,3005000,0.0,0.0
2023-01-27,493.3699951171875,493.3699951171875,484.4700012207031,486.04998779296875,451.2071228027344,3177100,0.0,0.0
2023-01-30,487.80999755859375,495.25,484.79998779296875,485.7900085449219,450.96575927734375,3606900,0.0,0.0
2023-01-31,498.0,505.5,493.1300048828125,499.19000244140625,463.4051818847656,5567000,0.0,0.0
2023-02-01,499.95001220703125,504.3800048828125,495.6700134277344,497.0,461.3721923828125,3451200,0.0,0.0
2023-02-02,494.260009765625,495.0,463.8900146484375,470.8299865722656,437.078125,11169900,0.0,0.0
2023-02-03,475.2300109863281,478.7799987792969,469.75,472.0199890136719,438.1828918457031,5440100,0.0,0.0
2023-02-06,472.0,478.9700012207031,471.010009765625,475.239990234375,441.1720275878906,4174200,0.0,0.0
2023-02-07,471.0400085449219,478.0799865722656,469.0299987792969,476.8800048828125,442.69451904296875,3394600,0.0,0.0
2023-02-08,475.4700012207031,485.0400085449219,475.1099853515625,483.2200012207031,448.5799865722656,3466400,0.0,0.0
2023-02-09,485.6300048828125,489.70001220703125,482.3999938964844,485.7300109863281,450.91009521484375,3664600,0.0,0.0
2023-02-10,489.1300048828125,495.6600036621094,488.75,494.25,458.8192443847656,3418100,0.0,0.0
2023-02-13,494.0,499.8699951171875,491.760009765625,495.3500061035156,459.8404541015625,2589000,0.0,0.0
2023-02-14,494.2900085449219,497.95001220703125,489.0899963378906,492.8299865722656,457.5010681152344,2072600,0.0,0.0
2023-02-15,489.6499938964844,491.8299865722656,488.3900146484375,491.25,456.03436279296875,2242500,0.0,0.0
2023-02-16,491.1499938964844,494.0,487.2699890136719,487.3500061035156,452.4139099121094,2611500,0.0,0.0
2023-02-17,487.3800048828125,499.4599914550781,487.3500061035156,499.0799865722656,463.30303955078125,3891500,0.0,0.0
2023-02-21,496.70001220703125,501.3999938964844,490.5,491.30999755859375,456.09002685546875,2877300,0.0,0.0
2023-02-22,492.80999755859375,493.8900146484375,488.6700134277344,488.8900146484375,453.84356689453125,2982800,0.0,0.0
2023-02-23,486.6600036621094,493.3299865722656,485.8699951171875,491.69000244140625,456.4427795410156,2511800,0.0,0.0
2023-02-24,489.5799865722656,492.510009765625,483.010009765625,484.3299865722656,449.6104431152344,2940400,0.0,0.0
2023-02-27,488.7699890136719,490.94000244140625,481.9599914550781,483.32000732421875,448.6728515625,3006200,0.0,0.0
2023-02-28,482.6700134277344,483.3599853515625,473.9200134277344,475.94000244140625,441.8218688964844,3902100,0.0,0.0
2023-03-01,473.6099853515625,478.4100036621094,472.0,475.2200012207031,441.1534423828125,2996900,0.0,0.0
2023-03-02,475.2099914550781,480.42999267578125,473.25,477.70001220703125,443.45574951171875,2188800,0.0,0.0
2023-03-03,477.94000244140625,479.1000061035156,474.2200012207031,478.55999755859375,444.25408935546875,2863300,0.0,0.0
2023-03-06,481.3699951171875,484.3500061035156,479.0,480.7799987792969,446.3149108886719,3812700,0.0,0.0
2023-03-07,482.9800109863281,483.82000732421875,472.55999755859375,473.8800048828125,439.9095458984375,2589200,0.0,0.0
2023-03-08,471.75,475.3900146484375,466.760009765625,470.6000061035156,436.8647155761719,3036600,0.0,0.0
2023-03-09,473.95001220703125,473.95001220703125,463.75,464.9100036621094,431.58258056640625,2780400,0.0,0.0
2023-03-10,462.7699890136719,468.8599853515625,457.5899963378906,460.3299865722656,428.8529052734375,3787500,1.65,0.0
2023-03-13,458.6499938964844,470.3699951171875,458.6499938964844,463.67999267578125,431.9738464355469,2971600,0.0,0.0
2023-03-14,464.6499938964844,469.8399963378906,459.04998779296875,464.5799865722656,432.81219482421875,3258200,0.0,0.0
2023-03-15,460.989990234375,468.8800048828125,459.239990234375,465.42999267578125,433.6041564941406,3770200,0.0,0.0
2023-03-16,464.7099914550781,473.3900146484375,463.1000061035156,472.0199890136719,439.74359130859375,2940500,0.0,0.0
2023-03-17,471.3900146484375,472.010009765625,466.29998779296875,469.5,437.3959045410156,5290000,0.0,0.0
2023-03-20,470.0,479.82000732421875,470.0,476.9599914550781,444.34576416015625,3119400,0.0,0.0
2023-03-21,478.3900146484375,481.45001220703125,475.7200012207031,480.1000061035156,447.27105712890625,3163300,0.0,0.0
2023-03-22,481.95001220703125,485.739990234375,474.82000732421875,475.5199890136719,443.0042724609375,2632200,0.0,0.0
2023-03-23,477.4100036621094,480.6700134277344,466.6700134277344,469.9100036621094,437.77783203125,3284900,0.0,0.0
2023-03-24,468.9800109863281,476.8800048828125,467.5899963378906,475.989990234375,443.442138671875,2533200,0.0,0.0
2023-03-27,485.54998779296875,486.2900085449219,478.5899963378906,481.8999938964844,448.94793701171875,2271800,0.0,0.0
2023-03-28,482.0,483.7900085449219,470.69000244140625,472.5799865722656,440.2652282714844,2369500,0.0,0.0
2023-03-29,475.1099853515625,475.8800048828125,464.95001220703125,466.5899963378906,434.68487548828125,3733200,0.0,0.0
2023-03-30,466.57000732421875,470.4100036621094,461.0799865722656,470.05999755859375,437.9176330566406,3324600,0.0,0.0
2023-03-31,471.5199890136719,476.0,470.1000061035156,472.5899963378906,440.2746276855469,3996700,0.0,0.0
2023-04-03,485.20001220703125,496.1300048828125,483.489990234375,494.19000244140625,460.3976745605469,4729100,0.0,0.0
2023-04-04,493.0299987792969,496.1000061035156,491.8399963378906,493.25,459.5218811035156,2624700,0.0,0.0
2023-04-05,497.3900146484375,511.739990234375,496.1000061035156,509.2300109863281,474.4091796875,4964800,0.0,0.0
2023-04-06,511.0,514.239990234375,507.1499938964844,512.8099975585938,477.7443542480469,3472600,0.0,0.0
2023-04-10,510.80999755859375,515.3900146484375,508.0899963378906,515.1799926757812,479.95233154296875,2714500,0.0,0.0
2023-04-11,516.1400146484375,522.219970703125,515.219970703125,520.969970703125,485.3463439941406,3065300,0.0,0.0
2023-04-12,524.97998046875,526.7000122070312,520.0399780273438,521.1900024414062,485.5513916015625,3422400,0.0,0.0
2023-04-13,523.9099731445312,530.4500122070312,520.5,526.22998046875,490.24676513671875,4224400,0.0,0.0
2023-04-14,522.0,527.239990234375,508.5,511.7900085449219,476.7940979003906,4872000,0.0,0.0
2023-04-17,508.7200012207031,509.5899963378906,502.75,505.3500061035156,470.7944641113281,3660900,0.0,0.0
2023-04-18,503.6700134277344,506.989990234375,498.1400146484375,504.4800109863281,469.9839782714844,3232000,0.0,0.0
2023-04-19,500.6499938964844,501.9700012207031,483.6300048828125,486.20001220703125,452.9539489746094,5809100,0.0,0.0
2023-04-20,485.4700012207031,489.6499938964844,483.260009765625,487.4599914550781,454.1277770996094,3283000,0.0,0.0
2023-04-21,490.0400085449219,490.7300109863281,482.1400146484375,483.82000732421875,450.7367248535156,3165300,0.0,0.0
2023-04-24,483.4100036621094,490.2200012207031,482.6499938964844,488.94000244140625,455.5066223144531,2322400,0.0,0.0
2023-04-25,492.67999267578125,498.5,490.5799865722656,491.9200134277344,458.2828369140625,2937300,0.0,0.0
2023-04-26,485.8699951171875,487.70001220703125,478.3599853515625,482.95001220703125,449.9261474609375,2930000,0.0,0.0
2023-04-27,482.20001220703125,490.9800109863281,482.20001220703125,490.4700012207031,456.9319763183594,2473200,0.0,0.0
2023-04-28,488.69000244140625,493.9599914550781,488.1199951171875,492.0899963378906,458.4411926269531,2398900,0.0,0.0
2023-05-01,494.5899963378906,499.3900146484375,491.80999755859375,495.70001220703125,461.8043212890625,2105600,0.0,0.0
2023-05-02,495.25,496.7099914550781,489.2699890136719,493.3900146484375,459.65234375,2152300,0.0,0.0
2023-05-03,494.3999938964844,495.45001220703125,488.0299987792969,489.44000244140625,455.97247314453125,1749700,0.0,0.0
2023-05-04,487.04998779296875,489.69000244140625,481.95001220703125,487.2799987792969,453.96014404296875,2555700,0.0,0.0
2023-05-05,494.05999755859375,500.8500061035156,492.0299987792969,494.2799987792969,460.4814453125,2329400,0.0,0.0
2023-05-08,492.0400085449219,494.3500061035156,488.32000732421875,492.6199951171875,458.93499755859375,1738500,0.0,0.0
2023-05-09,492.8399963378906,499.3999938964844,490.29998779296875,490.3800048828125,456.84814453125,2038600,0.0,0.0
2023-05-10,489.3999938964844,493.4700012207031,487.6400146484375,490.07000732421875,456.559326171875,2018700,0.0,0.0
2023-05-11,488.0,490.1199951171875,485.6600036621094,488.760009765625,455.33892822265625,2384200,0.0,0.0
2023-05-12,488.760009765625,492.8999938964844,487.75,491.2300109863281,457.6399841308594,1536500,0.0,0.0
2023-05-15,491.3999938964844,491.7900085449219,483.70001220703125,486.8599853515625,453.5688171386719,2169700,0.0,0.0
2023-05-16,487.6199951171875,489.2099914550781,479.010009765625,479.7200012207031,446.91705322265625,2178900,0.0,0.0
2023-05-17,480.0,485.3999938964844,477.5400085449219,484.80999755859375,451.6589660644531,2682000,0.0,0.0
2023-05-18,482.04998779296875,482.54998779296875,473.8900146484375,479.2300109863281,446.4605407714844,3040100,0.0,0.0
2023-05-19,479.5799865722656,484.79998779296875,477.80999755859375,478.82000732421875,446.07861328125,2317900,0.0,0.0
2023-05-22,480.44000244140625,482.20001220703125,477.9100036621094,480.6199951171875,447.7555236816406,2242800,0.0,0.0
2023-05-23,476.17999267578125,483.3900146484375,472.5400085449219,479.44000244140625,446.6562194824219,2874200,0.0,0.0
2023-05-24,480.6099853515625,483.2799987792969,478.8900146484375,480.8299865722656,447.951171875,1904700,0.0,0.0
2023-05-25,477.6300048828125,481.7699890136719,474.29998779296875,477.70001220703125,445.03521728515625,2684100,0.0,0.0
2023-05-26,478.05999755859375,488.3900146484375,478.0,481.5199890136719,448.5939636230469,3135200,0.0,0.0
2023-05-30,476.67999267578125,485.8699951171875,476.0299987792969,479.8500061035156,447.03814697265625,3180800,0.0,0.0
2023-05-31,478.1199951171875,487.3999938964844,477.1099853515625,487.239990234375,453.9228210449219,4944100,0.0,0.0
2023-06-01,487.7900085449219,498.7799987792969,486.1099853515625,493.6300048828125,459.8758850097656,3376600,0.0,0.0
2023-06-02,492.0,501.0199890136719,490.3599853515625,499.5799865722656,465.41900634765625,3064500,0.0,0.0
2023-06-05,500.70001220703125,502.8999938964844,497.4200134277344,498.19000244140625,464.1240234375,2688800,0.0,0.0
2023-06-06,499.8999938964844,499.8999938964844,483.6700134277344,487.57000732421875,454.2302551269531,3816600,0.0,0.0
2023-06-07,489.95001220703125,490.44000244140625,481.6000061035156,482.1300048828125,449.1622314453125,4381700,0.0,0.0
2023-06-08,484.3900146484375,491.82000732421875,482.42999267578125,490.2300109863281,456.7083435058594,2725900,0.0,0.0
2023-06-09,489.989990234375,498.2200012207031,487.2300109863281,493.6199951171875,459.8666076660156,3174100,0.0,0.0
2023-06-12,492.29998779296875,494.45001220703125,488.7200012207031,492.5899963378906,458.9069519042969,2207700,0.0,0.0
2023-06-13,490.8699951171875,494.6600036621094,488.6600036621094,491.30999755859375,457.71453857421875,3016600,0.0,0.0
2023-06-14,454.6400146484375,460.6300048828125,445.67999267578125,459.8599853515625,428.41510009765625,14672400,0.0,0.0
2023-06-15,461.989990234375,472.0,460.9100036621094,465.8900146484375,435.814453125,6798100,1.88,0.0
2023-06-16,466.1400146484375,468.5199890136719,457.92999267578125,458.489990234375,428.8921203613281,7699100,0.0,0.0
2023-06-20,456.75,470.489990234375,456.75,469.3900146484375,439.0885009765625,4597700,0.0,0.0
2023-06-21,468.95001220703125,479.3699951171875,467.19000244140625,476.75,445.9734191894531,4886500,0.0,0.0
2023-06-22,478.17999267578125,483.17999267578125,478.0,479.04998779296875,448.1248474121094,3179000,0.0,0.0
2023-06-23,478.3299865722656,482.2799987792969,476.54998779296875,477.0,446.20721435546875,4862600,0.0,0.0
2023-06-26,478.1400146484375,481.30999755859375,473.0,479.05999755859375,448.1341857910156,2968300,0.0,0.0
2023-06-27,478.1300048828125,483.17999267578125,477.7699890136719,482.55999755859375,451.40826416015625,3693200,0.0,0.0
2023-06-28,481.9599914550781,482.1199951171875,473.9800109863281,474.45001220703125,443.8218688964844,3670100,0.0,0.0
2023-06-29,475.0799865722656,479.7099914550781,473.0799865722656,476.44000244140625,445.683349609375,2979300,0.0,0.0
2023-06-30,478.0,482.1000061035156,475.1199951171875,480.6400146484375,449.6123046875,3970400,0.0,0.0
2023-07-03,478.1000061035156,480.2099914550781,476.29998779296875,477.8800048828125,447.0304260253906,1915700,0.0,0.0
2023-07-05,476.0299987792969,477.2900085449219,470.5899963378906,471.2200012207031,440.8003845214844,5053100,0.0,0.0
2023-07-06,469.3500061035156,472.3999938964844,466.6499938964844,469.3599853515625,439.0604248046875,3913600,0.0,0.0
2023-07-07,465.0,468.6099853515625,460.82000732421875,461.5799865722656,431.78265380859375,4131600,0.0,0.0
2023-07-10,460.0,463.1000061035156,459.1600036621094,463.04998779296875,433.15771484375,4339200,0.0,0.0
2023-07-11,462.3699951171875,466.489990234375,461.1400146484375,462.8900146484375,433.0080871582031,3086800,0.0,0.0
2023-07-12,463.0,464.82000732421875,451.25,451.70001220703125,422.5404968261719,7287600,0.0,0.0
2023-07-13,452.0,454.8999938964844,447.17999267578125,447.75,418.845458984375,7276800,0.0,0.0
2023-07-14,462.54998779296875,485.0,460.1099853515625,480.1700134277344,449.17254638671875,11379300,0.0,0.0
2023-07-17,481.1099853515625,484.6000061035156,478.29998779296875,484.0799865722656,452.8301696777344,4582000,0.0,0.0
2023-07-18,489.3299865722656,504.4200134277344,487.5,500.0,467.722412109375,8816400,0.0,0.0
2023-07-19,507.5400085449219,514.6599731445312,502.4800109863281,503.70001220703125,471.18365478515625,4956500,0.0,0.0
2023-07-20,506.6600036621094,508.67999267578125,500.5299987792969,504.239990234375,471.688720703125,2963100,0.0,0.0
2023-07-21,505.04998779296875,510.4100036621094,504.5199890136719,506.5299987792969,473.8309020996094,2887300,0.0,0.0
2023-07-24,505.3299865722656,509.7799987792969,504.57000732421875,508.67999267578125,475.8421325683594,2279000,0.0,0.0
2023-07-25,510.0,512.5,507.2799987792969,510.92999267578125,477.94683837890625,2730600,0.0,0.0
2023-07-26,511.5400085449219,515.8599853515625,506.6300048828125,508.0,475.2060546875,3697200,0.0,0.0
2023-07-27,508.57000732421875,510.5,503.1300048828125,505.2300109863281,472.61480712890625,3028300,0.0,0.0
2023-07-28,505.2099914550781,507.4800109863281,497.2799987792969,502.9100036621094,470.4446105957031,2930000,0.0,0.0
2023-07-31,503.0,507.8800048828125,499.05999755859375,506.3699951171875,473.68115234375,2441600,0.0,0.0
2023-08-01,507.5,510.0400085449219,502.489990234375,504.739990234375,472.1564636230469,2161200,0.0,0.0
2023-08-02,509.69000244140625,510.4700012207031,502.989990234375,504.79998779296875,472.2125549316406,3220500,0.0,0.0
2023-08-03,502.8900146484375,506.0,501.0400085449219,504.8599853515625,472.2687072753906,2442900,0.0,0.0
2023-08-04,510.0,510.8999938964844,501.75,502.7300109863281,470.2762756347656,2411200,0.0,0.0
2023-08-07,505.739990234375,513.5999755859375,504.6499938964844,510.739990234375,477.76910400390625,2430900,0.0,0.0
2023-08-08,503.0,508.1700134277344,500.0199890136719,505.8599853515625,473.2041320800781,2422600,0.0,0.0
2023-08-09,504.0,505.7300109863281,500.8800048828125,502.1099853515625,469.69622802734375,1916900,0.0,0.0
2023-08-10,504.4700012207031,512.0399780273438,502.7799987792969,503.4800109863281,470.977783203125,2179700,0.0,0.0
2023-08-11,505.6300048828125,510.6700134277344,504.25,508.010009765625,475.21539306640625,2029600,0.0,0.0
2023-08-14,509.1499938964844,513.5,508.25,510.92999267578125,477.94683837890625,2127200,0.0,0.0
2023-08-15,511.5799865722656,513.6500244140625,506.2699890136719,506.69000244140625,473.98052978515625,1817500,0.0,0.0
2023-08-16,508.0,510.5,502.8299865722656,503.55999755859375,471.0526428222656,1454100,0.0,0.0
2023-08-17,495.4800109863281,501.2300109863281,491.82000732421875,493.9599914550781,462.0723571777344,3009500,0.0,0.0
2023-08-18,494.7799987792969,500.94000244140625,493.5,498.44000244140625,466.2632141113281,2364400,0.0,0.0
2023-08-21,497.510009765625,500.25,496.2200012207031,497.67999267578125,465.55224609375,1533500,0.0,0.0
2023-08-22,495.4200134277344,496.7900085449219,491.3299865722656,492.3399963378906,460.55694580078125,2079400,0.0,0.0
2023-08-23,493.0,494.0,487.92999267578125,489.44000244140625,457.84423828125,2011400,0.0,0.0
2023-08-24,491.42999267578125,495.4200134277344,487.2099914550781,488.1000061035156,456.5906677246094,2311100,0.0,0.0
2023-08-25,489.9200134277344,491.1499938964844,484.6499938964844,489.1199951171875,457.5448303222656,1923500,0.0,0.0
2023-08-28,490.489990234375,493.05999755859375,489.1300048828125,491.2799987792969,459.56536865234375,1344500,0.0,0.0
2023-08-29,491.4700012207031,492.94000244140625,487.9700012207031,492.8299865722656,461.0153503417969,2113700,0.0,0.0
2023-08-30,493.989990234375,496.7099914550781,490.2900085449219,491.5299987792969,459.79925537109375,2283400,0.0,0.0
2023-08-31,492.3599853515625,493.82000732421875,476.2900085449219,476.5799865722656,445.8143005371094,4927700,0.0,0.0
2023-09-01,479.0,480.6499938964844,473.3599853515625,476.239990234375,445.4962463378906,3165900,0.0,0.0
2023-09-05,478.0,484.6000061035156,477.5400085449219,480.80999755859375,449.771240234375,3443300,0.0,0.0
2023-09-06,482.0899963378906,483.1600036621094,476.3800048828125,476.94000244140625,446.15106201171875,2596100,0.0,0.0
2023-09-07,479.8999938964844,487.1099853515625,478.6000061035156,484.80999755859375,453.5130615234375,2928000,0.0,0.0
2023-09-08,480.19000244140625,482.9700012207031,478.75,480.7699890136719,451.484619140625,1858400,1.88,0.0
2023-09-11,481.9800109863281,483.8399963378906,478.0,479.3800048828125,450.1792907714844,2059200,0.0,0.0
2023-09-12,477.3800048828125,483.6400146484375,472.1199951171875,479.8999938964844,450.6676025390625,2195200,0.0,0.0
2023-09-13,481.42999267578125,484.0400085449219,479.4599914550781,479.8399963378906,450.6112976074219,2197800,0.0,0.0
2023-09-14,482.6300048828125,485.2699890136719,478.7799987792969,483.6000061035156,454.1422119140625,2334300,0.0,0.0
2023-09-15,485.739990234375,489.82000732421875,484.1400146484375,486.70001220703125,457.05340576171875,5334300,0.0,0.0
2023-09-18,488.4100036621094,488.739990234375,483.6000061035156,486.05999755859375,456.4523620605469,1997500,0.0,0.0
2023-09-19,483.760009765625,485.7300109863281,476.5400085449219,480.6600036621094,451.3813171386719,3230700,0.0,0.0
2023-09-20,482.75,495.1099853515625,479.1400146484375,492.1300048828125,462.1526794433594,3724800,0.0,0.0
2023-09-21,494.19000244140625,505.1400146484375,493.0799865722656,501.1400146484375,470.61376953125,4703900,0.0,0.0
2023-09-22,499.0,509.42999267578125,498.0299987792969,506.1000061035156,475.271728515625,4558500,0.0,0.0
2023-09-25,508.260009765625,510.94000244140625,506.6300048828125,510.2799987792969,479.19708251953125,2758500,0.0,0.0
2023-09-26,508.94000244140625,509.4200134277344,504.3800048828125,505.45001220703125,474.6613464355469,2420200,0.0,0.0
2023-09-27,506.2300109863281,506.3599853515625,501.04998779296875,503.7300109863281,473.04608154296875,2593700,0.0,0.0
2023-09-28,505.9700012207031,514.1500244140625,505.010009765625,510.1000061035156,479.0279846191406,2922000,0.0,0.0
2023-09-29,509.8500061035156,509.8800048828125,503.79998779296875,504.19000244140625,473.47796630859375,3006200,0.0,0.0
2023-10-02,505.5299987792969,514.8400268554688,503.1400146484375,514.5700073242188,483.2257995605469,3550400,0.0,0.0
2023-10-03,513.2999877929688,513.97998046875,508.3599853515625,509.4700012207031,478.4363708496094,3143200,0.0,0.0
2023-10-04,509.489990234375,511.82000732421875,506.6099853515625,510.6199951171875,479.5163879394531,2801700,0.0,0.0
2023-10-05,511.6199951171875,518.2100219726562,511.2300109863281,516.22998046875,484.78460693359375,2790700,0.0,0.0
2023-10-06,516.4500122070312,525.9500122070312,515.97998046875,524.8099975585938,492.8420104980469,3647200,0.0,0.0
2023-10-09,521.1500244140625,526.8699951171875,520.25,526.510009765625,494.43853759765625,2341600,0.0,0.0
2023-10-10,526.5,528.1400146484375,523.0800170898438,524.239990234375,492.3067626953125,2455700,0.0,0.0
2023-10-11,520.9199829101562,525.5900268554688,520.22998046875,524.1300048828125,492.2034606933594,2819300,0.0,0.0
2023-10-12,524.469970703125,528.5800170898438,522.25,525.5399780273438,493.52752685546875,2377300,0.0,0.0
2023-10-13,533.25,544.4600219726562,532.0,539.4000244140625,506.54327392578125,5245400,0.0,0.0
2023-10-16,543.1799926757812,546.780029296875,536.1199951171875,538.030029296875,505.2567443847656,3827600,0.0,0.0
2023-10-17,539.9400024414062,542.4299926757812,534.5700073242188,536.6500244140625,503.96075439453125,2586000,0.0,0.0
2023-10-18,543.0399780273438,543.97998046875,535.4000244140625,536.0599975585938,503.40667724609375,2551400,0.0,0.0
2023-10-19,536.8200073242188,538.3400268554688,529.25,531.6300048828125,499.24652099609375,2351200,0.0,0.0
2023-10-20,531.0,534.4299926757812,526.77001953125,527.030029296875,494.9267883300781,2811100,0.0,0.0
2023-10-23,527.030029296875,527.780029296875,520.2899780273438,521.5700073242188,489.79931640625,2357700,0.0,0.0
2023-10-24,522.8599853515625,530.6699829101562,522.0700073242188,525.0,493.0204162597656,1978200,0.0,0.0
2023-10-25,527.27001953125,532.3599853515625,520.0800170898438,530.2100219726562,497.9130554199219,2380100,0.0,0.0
2023-10-26,525.7000122070312,530.469970703125,522.52001953125,528.3599853515625,496.17578125,2675800,0.0,0.0
2023-10-27,525.989990234375,527.739990234375,521.260009765625,524.6599731445312,492.7010803222656,2585600,0.0,0.0
2023-10-30,525.0,531.8200073242188,522.9400024414062,529.989990234375,497.70648193359375,2555400,0.0,0.0
2023-10-31,535.0,536.6799926757812,531.6199951171875,535.5599975585938,502.9371643066406,2464200,0.0,0.0
2023-11-01,529.97998046875,535.8300170898438,526.7999877929688,531.5999755859375,499.21844482421875,2747400,0.0,0.0
2023-11-02,532.0,536.8400268554688,526.9500122070312,536.1300048828125,503.47247314453125,2350900,0.0,0.0
2023-11-03,534.5700073242188,535.97998046875,528.7999877929688,530.9000244140625,498.5610656738281,2739500,0.0,0.0
2023-11-06,531.6300048828125,536.02001953125,530.0499877929688,533.4600219726562,500.9649963378906,2684900,0.0,0.0
2023-11-07,535.3599853515625,539.6500244140625,531.52001953125,537.8300170898438,505.06890869140625,2604800,0.0,0.0
2023-11-08,540.0,541.4000244140625,534.1400146484375,536.72998046875,504.03594970703125,1769200,0.0,0.0
2023-11-09,537.5999755859375,540.9099731445312,534.47998046875,539.0,506.167724609375,1819600,0.0,0.0
2023-11-10,542.6799926757812,542.6799926757812,536.02001953125,541.2100219726562,508.2430419921875,2480800,0.0,0.0
2023-11-13,541.1500244140625,544.1500244140625,537.9099731445312,542.5700073242188,509.52008056640625,1507900,0.0,0.0
2023-11-14,539.030029296875,542.6699829101562,536.510009765625,540.4600219726562,507.53875732421875,2454000,0.0,0.0
2023-11-15,540.0499877929688,540.4600219726562,531.7000122070312,538.4099731445312,505.6136169433594,2473700,0.0,0.0
2023-11-16,538.4099731445312,544.8599853515625,537.469970703125,539.8200073242188,506.9377136230469,2360300,0.0,0.0
2023-11-17,540.27001953125,540.52001953125,528.3400268554688,536.2899780273438,503.6227111816406,2676900,0.0,0.0
2023-11-20,533.6099853515625,536.3400268554688,531.7999877929688,535.0999755859375,502.505126953125,2518400,0.0,0.0
2023-11-21,537.77001953125,541.6699829101562,534.1900024414062,539.5900268554688,506.7217712402344,2115700,0.0,0.0
2023-11-22,542.969970703125,544.4000244140625,540.260009765625,543.760009765625,510.63763427734375,2234500,0.0,0.0
2023-11-24,544.9299926757812,547.5900268554688,542.8099975585938,547.0999755859375,513.7742919921875,1135000,0.0,0.0
2023-11-27,547.0999755859375,550.8900146484375,541.530029296875,543.5900268554688,510.4781494140625,2675800,0.0,0.0
2023-11-28,545.6300048828125,545.8200073242188,540.0700073242188,540.530029296875,507.60443115234375,2859300,0.0,0.0
2023-11-29,530.0,541.8599853515625,528.6500244140625,534.97998046875,502.3924255371094,4550000,0.0,0.0
2023-11-30,535.7899780273438,553.9400024414062,534.010009765625,552.969970703125,519.2867431640625,7121200,0.0,0.0
2023-12-01,550.4199829101562,554.7000122070312,545.1599731445312,547.1599731445312,515.58349609375,3462200,1.88,0.0
2023-12-04,548.260009765625,551.8699951171875,543.0399780273438,548.280029296875,516.6388549804688,2709200,0.0,0.0
2023-12-05,549.0999755859375,552.530029296875,545.3499755859375,550.260009765625,518.5045776367188,2645600,0.0,0.0
2023-12-06,547.5599975585938,551.8800048828125,547.0999755859375,549.530029296875,517.8168334960938,2239700,0.0,0.0
2023-12-07,551.3499755859375,551.510009765625,544.52001953125,548.27001953125,516.6294555664062,2511700,0.0,0.0
2023-12-08,550.219970703125,551.72998046875,544.5399780273438,549.77001953125,518.0429077148438,2039900,0.0,0.0
2023-12-11,549.760009765625,550.0,539.0599975585938,543.6799926757812,512.3042602539062,3655300,0.0,0.0
2023-12-12,545.7999877929688,547.489990234375,542.6500244140625,545.719970703125,514.2265625,2706100,0.0,0.0
2023-12-13,544.0,549.4199829101562,538.5900268554688,549.010009765625,517.3267822265625,2876600,0.0,0.0
2023-12-14,544.2999877929688,544.9199829101562,529.4000244140625,534.239990234375,503.4090881347656,5386800,0.0,0.0
2023-12-15,530.0,533.5,522.9600219726562,531.1199951171875,500.46917724609375,9030100,0.0,0.0
2023-12-18,529.1099853515625,531.469970703125,525.22998046875,526.5499877929688,496.16290283203125,3260300,0.0,0.0
2023-12-19,524.5900268554688,527.6199951171875,521.780029296875,524.0399780273438,493.79766845703125,3645600,0.0,0.0
2023-12-20,523.8499755859375,524.8300170898438,515.8699951171875,515.9299926757812,486.1557312011719,3847800,0.0,0.0
2023-12-21,518.8800048828125,520.8200073242188,516.5,519.8800048828125,489.8778381347656,2491600,0.0,0.0
2023-12-22,519.8800048828125,523.010009765625,518.02001953125,520.3099975585938,490.2829895019531,1759500,0.0,0.0
2023-12-26,519.8800048828125,521.47998046875,517.969970703125,520.030029296875,490.0191955566406,1390800,0.0,0.0
2023-12-27,519.75,523.1599731445312,519.3599853515625,522.7899780273438,492.619873046875,1851800,0.0,0.0
2023-12-28,523.469970703125,527.8699951171875,522.9400024414062,524.9000244140625,494.6081237792969,2001000,0.0,0.0
2023-12-29,525.97998046875,528.239990234375,523.9199829101562,526.469970703125,496.0875244140625,2080100,0.0,0.0
2024-01-02,526.8400268554688,539.6599731445312,526.6699829101562,539.3400268554688,508.21484375,3415700,0.0,0.0
2024-01-03,543.0399780273438,546.7899780273438,539.47998046875,542.030029296875,510.74951171875,2891400,0.0,0.0
2024-01-04,545.0,549.0,543.0,545.4199829101562,513.94384765625,2994400,0.0,0.0
2024-01-05,547.0,547.0,533.72998046875,537.3800048828125,506.3678894042969,2815400,0.0,0.0
2024-01-08,539.4000244140625,540.25,528.0,536.52001953125,505.5575866699219,2648900,0.0,0.0
2024-01-09,538.0,539.6099853515625,532.3300170898438,538.3699951171875,507.3008117675781,2677000,0.0,0.0
2024-01-10,538.0999755859375,541.2000122070312,536.1500244140625,537.6400146484375,506.6128234863281,2180000,0.0,0.0
2024-01-11,536.1300048828125,540.1599731445312,534.530029296875,539.6799926757812,508.5351867675781,2814100,0.0,0.0
2024-01-12,518.8599853515625,528.47998046875,513.1300048828125,521.510009765625,491.4136962890625,6327300,0.0,0.0
2024-01-16,523.7100219726562,524.5,516.5499877929688,519.1500244140625,489.1899719238281,3736700,0.0,0.0
2024-01-17,521.280029296875,530.6599731445312,520.0,524.9400024414062,494.6458740234375,3791300,0.0,0.0
2024-01-18,505.2300109863281,516.8400268554688,497.4599914550781,516.3400268554688,486.5421447753906,7367000,0.0,0.0
2024-01-19,515.0,517.5499877929688,501.82000732421875,503.55999755859375,474.4996337890625,6143400,0.0,0.0
2024-01-22,503.94000244140625,513.5700073242188,496.5,512.989990234375,483.38543701171875,5922900,0.0,0.0
2024-01-23,512.5,518.0800170898438,512.0800170898438,515.52001953125,485.7695007324219,2672900,0.0,0.0
2024-01-24,517.9000244140625,521.72998046875,512.9500122070312,513.22998046875,483.6116027832031,2918800,0.0,0.0
2024-01-25,487.5899963378906,495.510009765625,479.0,493.3999938964844,464.92596435546875,14671000,0.0,0.0
2024-01-26,493.2799987792969,503.69000244140625,489.8999938964844,503.20001220703125,474.1603698730469,6212200,0.0,0.0
2024-01-29,503.1099853515625,506.510009765625,501.1499938964844,504.5400085449219,475.4231262207031,4554100,0.0,0.0
2024-01-30,504.5400085449219,506.04998779296875,499.2200012207031,503.6099853515625,474.54681396484375,4931200,0.0,0.0
2024-01-31,504.510009765625,515.0,504.510009765625,511.739990234375,482.2075500488281,5358100,0.0,0.0
2024-02-01,508.8299865722656,510.2200012207031,503.0,507.1400146484375,477.8730163574219,4242600,0.0,0.0
2024-02-02,508.25,512.9099731445312,505.3900146484375,510.2300109863281,480.7847595214844,3804500,0.0,0.0
2024-02-05,509.9599914550781,514.2000122070312,500.04998779296875,502.9599914550781,473.9342956542969,3646300,0.0,0.0
2024-02-06,503.94000244140625,510.94000244140625,502.45001220703125,510.6700134277344,481.1993408203125,2745400,0.0,0.0
2024-02-07,514.010009765625,521.0,512.6900024414062,519.3900146484375,489.4161682128906,4109100,0.0,0.0
2024-02-08,520.6300048828125,522.1599731445312,517.280029296875,520.0900268554688,490.07574462890625,3343000,0.0,0.0
2024-02-09,518.989990234375,520.3900146484375,516.2899780273438,518.219970703125,488.3135986328125,2715400,0.0,0.0
2024-02-12,518.219970703125,518.989990234375,512.8099975585938,517.6400146484375,487.76708984375,3194000,0.0,0.0
2024-02-13,522.0,526.9299926757812,514.2100219726562,516.8499755859375,487.0226745605469,3436000,0.0,0.0
2024-02-14,515.260009765625,518.530029296875,514.2899780273438,516.9400024414062,487.1075134277344,1918500,0.0,0.0
2024-02-15,517.3400268554688,521.75,515.7999877929688,520.8800048828125,490.82012939453125,2292100,0.0,0.0
2024-02-16,522.2999877929688,523.7899780273438,518.8900146484375,521.5499877929688,491.45147705078125,2135500,0.0,0.0
2024-02-20,524.2100219726562,525.3699951171875,519.4099731445312,521.0599975585938,490.98974609375,2600200,0.0,0.0
2024-02-21,523.6699829101562,523.6900024414062,517.5399780273438,521.969970703125,491.8471984863281,2095900,0.0,0.0
2024-02-22,524.2000122070312,526.739990234375,518.5900268554688,526.5,496.1158142089844,3186800,0.0,0.0
2024-02-23,526.75,530.5,524.1599731445312,527.239990234375,496.8130798339844,2502000,0.0,0.0
2024-02-26,528.3200073242188,532.8099975585938,524.3099975585938,525.3200073242188,495.00390625,2308900,0.0,0.0
2024-02-27,524.760009765625,525.5900268554688,512.0499877929688,513.4199829101562,483.7906188964844,3780600,0.0,0.0
2024-02-28,495.44000244140625,498.54998779296875,484.3900146484375,498.2799987792969,469.52435302734375,9558600,0.0,0.0
2024-02-29,498.5,501.75,491.6000061035156,493.6000061035156,465.1143798828125,6833200,0.0,0.0
2024-03-01,489.4200134277344,490.0199890136719,477.25,489.5299987792969,461.2792663574219,7315000,0.0,0.0
2024-03-04,483.239990234375,487.0400085449219,480.1000061035156,481.8699951171875,454.0613708496094,5239800,0.0,0.0
2024-03-05,482.3900146484375,482.8999938964844,470.6199951171875,473.1499938964844,445.8446044921875,5296200,0.0,0.0
2024-03-06,474.44000244140625,479.79998779296875,468.19000244140625,472.6000061035156,445.32635498046875,5577500,0.0,0.0
2024-03-07,474.0,481.19000244140625,473.6000061035156,478.7799987792969,451.149658203125,5102000,0.0,0.0
2024-03-08,478.3299865722656,484.25,474.7699890136719,476.57000732421875,450.8375549316406,4673600,1.88,0.0
2024-03-11,477.0,490.30999755859375,476.0,489.1499938964844,462.7382507324219,4410100,0.0,0.0
2024-03-12,488.1300048828125,492.2799987792969,487.3500061035156,489.3500061035156,462.9273986816406,4153800,0.0,0.0
2024-03-13,493.5199890136719,496.0,485.3299865722656,488.0,461.65032958984375,3669000,0.0,0.0
2024-03-14,488.7200012207031,489.67999267578125,485.19000244140625,489.0,462.5964050292969,3378500,0.0,0.0
2024-03-15,487.45001220703125,491.2200012207031,487.45001220703125,490.82000732421875,464.318115234375,5713500,0.0,0.0
2024-03-18,492.1000061035156,492.1000061035156,486.3800048828125,487.04998779296875,460.7515869140625,2970500,0.0,0.0
2024-03-19,489.6700134277344,493.44000244140625,487.7900085449219,493.32000732421875,466.6831359863281,2511700,0.0,0.0
2024-03-20,492.4700012207031,494.6000061035156,489.44000244140625,494.2300109863281,467.5439453125,3548200,0.0,0.0
2024-03-21,492.2799987792969,496.20001220703125,491.2799987792969,491.69000244140625,465.1410827636719,3693400,0.0,0.0
2024-03-22,495.20001220703125,495.8299865722656,489.7699890136719,490.07000732421875,463.6085205078125,2847300,0.0,0.0
2024-03-25,490.6000061035156,491.4800109863281,484.07000732421875,485.8800048828125,459.644775390625,2786100,0.0,0.0
2024-03-26,488.1300048828125,493.3399963378906,485.2300109863281,492.30999755859375,465.7275695800781,3113300,0.0,0.0
2024-03-27,493.70001220703125,495.7300109863281,491.30999755859375,493.1000061035156,466.4750061035156,2653100,0.0,0.0
2024-03-28,495.0,495.8699951171875,489.29998779296875,494.70001220703125,467.9885559082031,3820000,0.0,0.0
2024-04-01,494.4700012207031,495.7799987792969,488.70001220703125,489.70001220703125,463.258544921875,2928700,0.0,0.0
2024-04-02,459.6000061035156,463.67999267578125,449.6000061035156,458.1400146484375,433.402587890625,11867000,0.0,0.0
2024-04-03,462.0,462.8500061035156,455.54998779296875,459.739990234375,434.916259765625,4460400,0.0,0.0
2024-04-04,460.82000732421875,461.7200012207031,451.9200134277344,455.3800048828125,430.79168701171875,5182000,0.0,0.0
2024-04-05,450.69000244140625,457.75,450.010009765625,455.739990234375,431.1322021484375,5747400,0.0,0.0
2024-04-08,455.9700012207031,457.20001220703125,453.5899963378906,456.0,431.37823486328125,4532300,0.0,0.0
2024-04-09,454.2799987792969,459.760009765625,452.4599914550781,459.7200012207031,434.8973083496094,3521200,0.0,0.0
2024-04-10,455.489990234375,458.739990234375,449.7799987792969,450.04998779296875,425.74945068359375,4493500,0.0,0.0
2024-04-11,450.3900146484375,450.7699890136719,441.4800109863281,441.7200012207031,417.8692321777344,5844100,0.0,0.0
2024-04-12,440.3399963378906,442.239990234375,436.3800048828125,439.20001220703125,415.48529052734375,6045700,0.0,0.0
2024-04-15,442.0,448.3500061035156,441.989990234375,445.6300048828125,421.56817626953125,5376800,0.0,0.0
2024-04-16,476.7699890136719,479.75,465.6000061035156,468.8900146484375,443.57220458984375,11816500,0.0,0.0
2024-04-17,478.6000061035156,488.0,474.5899963378906,478.989990234375,453.1268005371094,8759800,0.0,0.0
2024-04-18,486.1300048828125,502.0,485.9700012207031,493.17999267578125,466.5506591796875,8880400,0.0,0.0
2024-04-19,497.0,507.29998779296875,495.55999755859375,501.1300048828125,474.0713806152344,6618600,0.0,0.0
2024-04-22,497.7799987792969,499.4200134277344,490.6400146484375,491.2300109863281,464.7059326171875,4697700,0.0,0.0
2024-04-23,491.0,494.30999755859375,484.9700012207031,486.17999267578125,459.9286193847656,3646700,0.0,0.0
2024-04-24,483.7799987792969,488.8599853515625,480.7099914550781,487.29998779296875,460.98809814453125,3724400,0.0,0.0
2024-04-25,488.9599914550781,497.1300048828125,487.5299987792969,493.8599853515625,467.19390869140625,4329700,0.0,0.0
2024-04-26,492.0,497.2300109863281,491.3999938964844,495.3500061035156,468.6035461425781,2727000,0.0,0.0
2024-04-29,495.7099914550781,497.3500061035156,487.7699890136719,489.0299987792969,462.6247253417969,2192100,0.0,0.0
2024-04-30,488.9599914550781,489.7099914550781,482.5899963378906,483.70001220703125,457.58251953125,3367500,0.0,0.0
2024-05-01,479.260009765625,489.19000244140625,477.07000732421875,484.1099853515625,457.9703369140625,2729200,0.0,0.0
2024-05-02,484.2799987792969,493.69000244140625,483.94000244140625,492.9700012207031,466.35198974609375,3561400,0.0,0.0
2024-05-03,490.8599853515625,492.7900085449219,485.7799987792969,492.45001220703125,465.86004638671875,2487600,0.0,0.0
2024-05-06,492.4800109863281,494.8699951171875,492.0,494.3800048828125,467.6859130859375,2029500,0.0,0.0
2024-05-07,496.0,501.6499938964844,495.0400085449219,500.9599914550781,473.9104919433594,3752100,0.0,0.0
2024-05-08,504.1700134277344,507.0,500.0799865722656,503.2099914550781,476.0390319824219,3078900,0.0,0.0
2024-05-09,502.1400146484375,507.9700012207031,502.1400146484375,507.0299987792969,479.65283203125,2342900,0.0,0.0
2024-05-10,509.0,513.5800170898438,507.0,512.8099975585938,485.1206970214844,2784600,0.0,0.0
2024-05-13,512.0499877929688,514.6699829101562,507.30999755859375,511.739990234375,484.1085205078125,2454500,0.0,0.0
2024-05-14,514.5800170898438,516.1699829101562,507.29998779296875,513.8800048828125,486.1329040527344,2949700,0.0,0.0
2024-05-15,514.8300170898438,522.5900268554688,514.8300170898438,517.5499877929688,489.6047668457031,2981200,0.0,0.0
2024-05-16,520.0,528.1599731445312,519.510009765625,521.27001953125,493.12396240234375,3655800,0.0,0.0
2024-05-17,522.9400024414062,525.8499755859375,520.010009765625,524.6300048828125,496.3025207519531,2657200,0.0,0.0
2024-05-20,524.6300048828125,524.6300048828125,516.5399780273438,517.22998046875,489.30206298828125,2476200,0.0,0.0
2024-05-21,518.3200073242188,524.719970703125,515.9199829101562,523.5499877929688,495.2807922363281,2521900,0.0,0.0
2024-05-22,522.8200073242188,526.280029296875,520.6500244140625,521.3499755859375,493.1996154785156,2299100,0.0,0.0
2024-05-23,518.3200073242188,520.22998046875,515.22998046875,516.8300170898438,488.9236145019531,3055400,0.0,0.0
2024-05-24,516.1099853515625,517.1400146484375,507.5199890136719,508.1700134277344,480.7312316894531,2527800,0.0,0.0
2024-05-28,506.6499938964844,506.6499938964844,501.8999938964844,503.67999267578125,476.4836730957031,2912800,0.0,0.0
2024-05-29,492.3399963378906,493.8999938964844,473.2699890136719,484.7200012207031,458.5474548339844,7521600,0.0,0.0
2024-05-30,482.32000732421875,486.0299987792969,478.0,481.6499938964844,455.64324951171875,5169700,0.0,0.0
2024-05-31,482.4100036621094,498.4100036621094,482.4100036621094,495.3699951171875,468.62237548828125,6694800,0.0,0.0
2024-06-03,494.1300048828125,498.67999267578125,493.07000732421875,497.44000244140625,470.5805969238281,2795100,0.0,0.0
2024-06-04,498.55999755859375,508.2699890136719,494.5899963378906,505.489990234375,478.19598388671875,3178400,0.0,0.0
2024-06-05,508.70001220703125,509.1000061035156,498.79998779296875,503.1199951171875,475.9538879394531,2464400,0.0,0.0
2024-06-06,503.6499938964844,504.70001220703125,497.2799987792969,501.9200134277344,474.8186950683594,2419600,0.0,0.0
2024-06-07,502.0400085449219,502.8599853515625,490.4200134277344,490.69000244140625,464.19512939453125,3416300,0.0,0.0
2024-06-10,491.0,495.3900146484375,486.19000244140625,495.0,468.2723693847656,3332800,0.0,0.0
2024-06-11,490.8599853515625,497.7799987792969,490.2900085449219,496.2200012207031,469.4265441894531,4599700,0.0,0.0
2024-06-12,500.0,500.0,487.4200134277344,493.07000732421875,466.44659423828125,4048200,0.0,0.0
2024-06-13,490.2799987792969,502.0,484.3800048828125,497.29998779296875,470.44818115234375,4951700,0.0,0.0
2024-06-14,496.8299865722656,497.8500061035156,491.7300109863281,497.1199951171875,470.27789306640625,3188400,0.0,0.0
2024-06-17,491.3299865722656,493.1199951171875,488.70001220703125,489.2300109863281,464.7773132324219,2407200,2.1,0.0
2024-06-18,490.7099914550781,491.6600036621094,479.0400085449219,481.04998779296875,457.0061340332031,3692700,0.0,0.0
2024-06-20,480.0400085449219,485.9200134277344,478.1099853515625,484.5199890136719,460.3027038574219,5258100,0.0,0.0
2024-06-21,484.44000244140625,488.29998779296875,480.5899963378906,482.5899963378906,458.46917724609375,6368600,0.0,0.0
2024-06-24,488.8599853515625,490.8900146484375,484.5,489.9800109863281,465.48980712890625,5139800,0.0,0.0
2024-06-25,490.6400146484375,490.6400146484375,480.6000061035156,484.5,460.2837219238281,2916100,0.0,0.0
2024-06-26,484.5,487.44000244140625,481.4700012207031,484.0400085449219,459.84674072265625,3153100,0.0,0.0
2024-06-27,485.04998779296875,488.9800109863281,482.04998779296875,486.44000244140625,462.12677001953125,2991900,0.0,0.0
2024-06-28,496.3699951171875,509.3999938964844,489.4100036621094,509.260009765625,483.80615234375,22734200,0.0,0.0
2024-07-01,506.75,508.9100036621094,492.8900146484375,494.6499938964844,469.9263610839844,4523100,0.0,0.0
2024-07-02,494.260009765625,498.4700012207031,493.3900146484375,498.239990234375,473.3368835449219,3312000,0.0,0.0
2024-07-03,497.1199951171875,498.0799865722656,486.5199890136719,489.8900146484375,465.40435791015625,2239200,0.0,0.0
2024-07-05,489.0,489.6700134277344,484.5,488.010009765625,463.6183166503906,3499000,0.0,0.0
2024-07-08,489.19000244140625,493.8800048828125,486.1700134277344,489.3399963378906,464.8818054199219,3450600,0.0,0.0
2024-07-09,488.3299865722656,495.3999938964844,486.0899963378906,492.1099853515625,467.5133972167969,3056800,0.0,0.0
2024-07-10,490.94000244140625,501.5,490.1199951171875,500.92999267578125,475.89251708984375,3189800,0.0,0.0
2024-07-11,497.70001220703125,508.7300109863281,497.70001220703125,504.3599853515625,479.151123046875,3535100,0.0,0.0
2024-07-12,506.9200134277344,514.5700073242188,503.42999267578125,511.5299987792969,485.962646484375,3570600,0.0,0.0
2024-07-15,524.239990234375,530.8300170898438,513.7999877929688,515.3699951171875,489.6107482910156,5128000,0.0,0.0
2024-07-16,533.9000244140625,549.9199829101562,527.1300048828125,548.8699951171875,521.4364013671875,11062000,0.0,0.0
2024-07-17,554.0,573.6099853515625,551.2999877929688,573.280029296875,544.6264038085938,10330800,0.0,0.0
2024-07-18,564.5,581.5,561.4199829101562,564.3400268554688,536.13330078125,6834800,0.0,0.0
2024-07-19,567.1199951171875,569.9000244140625,561.5399780273438,565.3300170898438,537.0737915039062,4290400,0.0,0.0
2024-07-22,563.0499877929688,564.25,557.0800170898438,558.530029296875,530.6135864257812,3377300,0.0,0.0
2024-07-23,558.7899780273438,558.8400268554688,552.8099975585938,554.7000122070312,526.9750366210938,2785600,0.0,0.0
2024-07-24,560.0,561.1300048828125,553.02001953125,559.75,531.7725830078125,3156200,0.0,0.0
2024-07-25,562.0,569.8900146484375,558.5800170898438,559.6799926757812,531.7061157226562,3102900,0.0,0.0
2024-07-26,560.0,579.1300048828125,560.0,569.719970703125,541.2442016601562,3201900,0.0,0.0
2024-07-29,565.7100219726562,571.3499755859375,561.760009765625,566.75,538.422607421875,2965000,0.0,0.0
2024-07-30,566.9000244140625,579.4299926757812,565.989990234375,576.3300170898438,547.5238647460938,4139100,0.0,0.0
2024-07-31,565.4400024414062,580.9000244140625,562.3200073242188,576.1599731445312,547.3623046875,4713200,0.0,0.0
2024-08-01,577.2000122070312,587.5,567.0999755859375,572.77001953125,544.1417236328125,3680800,0.0,0.0
2024-08-02,582.3300170898438,591.5399780273438,575.25,589.8300170898438,560.3492431640625,5094000,0.0,0.0
2024-08-05,582.1199951171875,586.8200073242188,566.760009765625,569.9600219726562,541.4723510742188,4587400,0.0,0.0
2024-08-06,568.2100219726562,577.52001953125,562.530029296875,568.3499755859375,539.942626953125,3216500,0.0,0.0
2024-08-07,566.6099853515625,571.6500244140625,557.030029296875,566.0800170898438,537.7861938476562,4320700,0.0,0.0
2024-08-08,564.3699951171875,572.4500122070312,564.3699951171875,566.239990234375,537.938232421875,2860800,0.0,0.0
2024-08-09,564.5399780273438,565.9299926757812,557.6300048828125,558.760009765625,530.8320922851562,2976700,0.0,0.0
2024-08-12,562.3200073242188,569.0,561.0499877929688,565.2899780273438,537.0355834960938,2532400,0.0,0.0
2024-08-13,569.989990234375,575.72998046875,569.0,574.239990234375,545.5383911132812,2369400,0.0,0.0
2024-08-14,575.239990234375,581.1199951171875,573.27001953125,579.6699829101562,550.6969604492188,2344400,0.0,0.0
2024-08-15,579.6699829101562,583.3400268554688,573.510009765625,579.6099853515625,550.6398315429688,2751800,0.0,0.0
2024-08-16,580.9199829101562,581.6500244140625,574.0999755859375,577.6799926757812,548.806396484375,2728900,0.0,0.0
2024-08-19,578.0800170898438,583.2999877929688,577.0700073242188,578.780029296875,549.8515625,1847900,0.0,0.0
2024-08-20,579.8499755859375,583.8099975585938,575.5,580.6500244140625,551.6279296875,1677500,0.0,0.0
2024-08-21,581.510009765625,583.3900146484375,577.4299926757812,578.0700073242188,549.1768798828125,2844300,0.0,0.0
2024-08-22,579.25,582.9500122070312,570.6199951171875,578.719970703125,549.7943725585938,2282000,0.0,0.0
2024-08-23,581.0,585.2100219726562,578.4500122070312,584.510009765625,555.2950439453125,2376400,0.0,0.0
2024-08-26,588.0499877929688,592.0900268554688,585.739990234375,587.1300048828125,557.7840576171875,1800000,0.0,0.0
2024-08-27,589.469970703125,592.3400268554688,583.780029296875,587.3499755859375,557.9931640625,1581900,0.0,0.0
2024-08-28,589.010009765625,592.8400268554688,583.8699951171875,588.5399780273438,559.1235961914062,1657000,0.0,0.0
2024-08-29,590.6799926757812,592.6099853515625,584.3699951171875,591.5700073242188,562.0020751953125,1953200,0.0,0.0
2024-08-30,590.0,593.260009765625,586.5900268554688,590.2000122070312,560.7006225585938,2944700,0.0,0.0
2024-09-03,592.52001953125,600.6599731445312,591.8200073242188,598.6799926757812,568.7567749023438,3175500,0.0,0.0
2024-09-04,600.0,607.9400024414062,597.8800048828125,604.1799926757812,573.9818725585938,2935000,0.0,0.0
2024-09-05,604.1900024414062,606.0,589.6699829101562,595.489990234375,565.7262573242188,2144800,0.0,0.0
2024-09-06,595.8699951171875,600.6099853515625,592.260009765625,596.8800048828125,567.0467529296875,2926400,0.0,0.0
2024-09-09,598.3200073242188,599.47998046875,575.27001953125,594.0999755859375,564.4055786132812,3411400,0.0,0.0
2024-09-10,595.2100219726562,604.7999877929688,591.1500244140625,599.030029296875,569.08935546875,2863500,0.0,0.0
2024-09-11,589.1400146484375,591.4000244140625,578.969970703125,589.75,560.2731323242188,3563600,0.0,0.0
2024-09-12,588.530029296875,590.510009765625,583.2100219726562,588.4199829101562,559.0095825195312,3395800,0.0,0.0
2024-09-13,591.0800170898438,597.6799926757812,587.22998046875,594.3200073242188,564.61474609375,2241900,0.0,0.0
2024-09-16,595.0,598.7899780273438,587.760009765625,589.1400146484375,561.67822265625,2548600,2.1,0.0
2024-09-17,586.010009765625,586.719970703125,576.3900146484375,577.9600219726562,551.0194702148438,3416000,0.0,0.0
2024-09-18,576.8599853515625,584.52001953125,572.3099975585938,580.6500244140625,553.583984375,2988300,0.0,0.0
2024-09-19,583.719970703125,584.8300170898438,574.5800170898438,577.0700073242188,550.1708374023438,2945700,0.0,0.0
2024-09-20,571.7000122070312,578.8400268554688,569.6500244140625,575.0,548.1973876953125,5398700,0.0,0.0
2024-09-23,576.489990234375,579.4299926757812,572.0,573.4099731445312,546.6815185546875,2386100,0.0,0.0
2024-09-24,570.8200073242188,577.3099975585938,566.0,575.1900024414062,548.3784790039062,3188500,0.0,0.0
2024-09-25,577.8699951171875,581.1099853515625,573.0800170898438,576.3099975585938,549.4463500976562,2658800,0.0,0.0
2024-09-26,575.0,576.5999755859375,570.9099731445312,574.8099975585938,548.0162353515625,2751900,0.0,0.0
2024-09-27,577.6799926757812,586.7100219726562,576.5900268554688,581.8499755859375,554.72802734375,2986200,0.0,0.0
2024-09-30,583.5,586.4199829101562,578.739990234375,584.6799926757812,557.4261474609375,3009700,0.0,0.0
2024-10-01,585.0,588.7000122070312,580.77001953125,583.2999877929688,556.1104125976562,2648400,0.0,0.0
2024-10-02,604.260009765625,604.52001953125,584.25,592.3099975585938,564.7003784179688,3667000,0.0,0.0
2024-10-03,590.6099853515625,593.22998046875,584.3699951171875,592.75,565.1199951171875,2645800,0.0,0.0
2024-10-04,592.1300048828125,596.1300048828125,588.4400024414062,591.2000122070312,563.6422119140625,2462600,0.0,0.0
2024-10-07,588.7899780273438,592.4400024414062,583.3300170898438,583.5599975585938,556.3583984375,2591100,0.0,0.0
2024-10-08,588.0599975585938,589.2100219726562,579.5599975585938,581.5800170898438,554.4706420898438,2231400,0.0,0.0
2024-10-09,582.1599731445312,592.7999877929688,580.6099853515625,591.219970703125,563.6613159179688,2207700,0.0,0.0
2024-10-10,595.1799926757812,598.9500122070312,592.760009765625,597.7000122070312,569.8392944335938,2143200,0.0,0.0
2024-10-11,596.489990234375,601.52001953125,596.2000122070312,598.0499877929688,570.1729125976562,1909700,0.0,0.0
2024-10-14,599.1099853515625,608.6300048828125,597.3800048828125,605.4000244140625,577.180419921875,2447100,0.0,0.0
2024-10-15,552.02001953125,569.7000122070312,543.0,556.2899780273438,530.3594970703125,11939400,0.0,0.0
2024-10-16,557.010009765625,576.1799926757812,555.1199951171875,571.3400268554688,544.7080078125,5103900,0.0,0.0
2024-10-17,560.5800170898438,569.469970703125,558.719970703125,566.030029296875,539.6454467773438,5588700,0.0,0.0
2024-10-18,566.8499755859375,570.9500122070312,563.0399780273438,569.6099853515625,543.05859375,3687000,0.0,0.0
2024-10-21,569.6400146484375,579.280029296875,568.7000122070312,571.469970703125,544.8319091796875,3018000,0.0,0.0
2024-10-22,567.8499755859375,573.0399780273438,565.489990234375,569.8599853515625,543.2969360351562,2593800,0.0,0.0
2024-10-23,572.1300048828125,574.1400146484375,560.0,564.6400146484375,538.3203125,2911900,0.0,0.0
2024-10-24,564.989990234375,571.7000122070312,560.3099975585938,560.8099975585938,534.6687622070312,2590200,0.0,0.0
2024-10-25,566.1599731445312,571.5,563.6099853515625,564.5599975585938,538.2440185546875,2513700,0.0,0.0
2024-10-28,566.25,568.3300170898438,562.8099975585938,565.239990234375,538.892333984375,1826500,0.0,0.0
2024-10-29,562.8200073242188,567.6799926757812,560.6599731445312,562.1300048828125,535.9273071289062,2600300,0.0,0.0
2024-10-30,561.25,570.3099975585938,560.9500122070312,562.9600219726562,536.7186889648438,2323600,0.0,0.0
2024-10-31,560.8800048828125,568.4500122070312,560.8800048828125,564.5,538.1867065429688,2490000,0.0,0.0
2024-11-01,565.1199951171875,570.3300170898438,563.9000244140625,567.5599975585938,541.1041870117188,2548300,0.0,0.0
2024-11-04,566.739990234375,568.5900268554688,555.4199829101562,557.77001953125,531.7705078125,2656600,0.0,0.0
2024-11-05,558.280029296875,568.739990234375,554.4000244140625,567.030029296875,540.5989990234375,2608100,0.0,0.0
2024-11-06,603.9000244140625,605.5,590.8499755859375,596.6900024414062,568.8764038085938,6591300,0.0,0.0
2024-11-07,598.6900024414062,607.6400146484375,596.1500244140625,605.4500122070312,577.2279663085938,5254300,0.0,0.0
2024-11-08,609.0,619.7999877929688,605.2000122070312,615.8099975585938,587.1051025390625,3875800,0.0,0.0
2024-11-11,616.9000244140625,630.72998046875,613.9199829101562,625.25,596.10498046875,3003200,0.0,0.0
2024-11-12,619.5800170898438,624.47998046875,613.780029296875,614.6699829101562,586.0182495117188,2809400,0.0,0.0
2024-11-13,613.0,613.010009765625,603.0599975585938,605.8699951171875,577.6285400390625,3409400,0.0,0.0
2024-11-14,603.47998046875,606.0,588.989990234375,593.1500244140625,565.5013427734375,3079200,0.0,0.0
2024-11-15,591.9199829101562,598.9299926757812,589.9500122070312,592.22998046875,564.624267578125,3423900,0.0,0.0
2024-11-18,589.4400024414062,594.1400146484375,585.3200073242188,589.6500244140625,562.16455078125,2577100,0.0,0.0
2024-11-19,582.719970703125,586.8400268554688,576.77001953125,577.0,550.1041259765625,3198300,0.0,0.0
2024-11-20,582.7100219726562,602.6400146484375,581.5499877929688,600.5,572.5086669921875,3928600,0.0,0.0
2024-11-21,600.0,604.0,596.72998046875,597.489990234375,569.6390380859375,2722900,0.0,0.0
2024-11-22,598.5599975585938,601.260009765625,588.6699829101562,590.8699951171875,563.3276977539062,3197900,0.0,0.0
2024-11-25,597.5800170898438,609.8400268554688,595.010009765625,605.8300170898438,577.5902709960938,5146200,0.0,0.0
2024-11-26,608.239990234375,608.469970703125,598.8800048828125,606.7899780273438,578.5055541992188,2693600,0.0,0.0
2024-11-27,611.030029296875,617.4500122070312,606.7000122070312,608.3800048828125,580.0214233398438,2269800,0.0,0.0
2024-11-29,608.7999877929688,615.780029296875,606.6199951171875,610.2000122070312,581.756591796875,2010800,0.0,0.0
2024-12-02,614.0,614.0,600.77001953125,608.52001953125,580.1549682617188,3364900,0.0,0.0
2024-12-03,610.8499755859375,615.75,604.8200073242188,605.22998046875,577.0182495117188,2329900,0.0,0.0
2024-12-04,611.02001953125,622.8300170898438,606.969970703125,610.7899780273438,582.3191528320312,4147600,0.0,0.0
2024-12-05,605.6400146484375,608.989990234375,573.8900146484375,578.969970703125,551.9823608398438,5943700,0.0,0.0
2024-12-06,582.1099853515625,582.1099853515625,544.1400146484375,549.6199951171875,524.00048828125,13003600,0.0,0.0
2024-12-09,552.0,562.97998046875,544.6400146484375,560.6199951171875,536.5377807617188,7684700,2.1,0.0
2024-12-10,562.0,567.75,557.030029296875,565.1900024414062,540.911376953125,5360600,0.0,0.0
2024-12-11,555.6599731445312,558.0999755859375,532.6699829101562,533.530029296875,510.61138916015625,10363000,0.0,0.0
2024-12-12,531.530029296875,534.0,514.1900024414062,515.760009765625,493.60479736328125,9403800,0.0,0.0
2024-12-13,515.6400146484375,527.530029296875,510.7200012207031,520.47998046875,498.1219177246094,8202900,0.0,0.0
2024-12-16,518.0,521.7000122070312,496.0799865722656,498.5,477.0861511230469,8880000,0.0,0.0
2024-12-17,487.0,495.6000061035156,475.82000732421875,485.5199890136719,464.6636962890625,14132700,0.0,0.0
2024-12-18,488.42999267578125,506.5400085449219,486.0,499.7200012207031,478.2537536621094,10147600,0.0,0.0
2024-12-19,500.1400146484375,503.6499938964844,486.239990234375,489.25,468.2335205078125,7418100,0.0,0.0
2024-12-20,489.2900085449219,502.6400146484375,488.7300109863281,500.1300048828125,478.6461486816406,10956900,0.0,0.0
2024-12-23,500.760009765625,508.7799987792969,499.04998779296875,506.3399963378906,484.58941650390625,4286000,0.0,0.0
2024-12-24,504.3999938964844,506.1000061035156,500.5899963378906,506.1000061035156,484.3597106933594,1824400,0.0,0.0
2024-12-26,505.6499938964844,512.219970703125,504.7300109863281,511.1499938964844,489.1927490234375,3387000,0.0,0.0
2024-12-27,509.4200134277344,513.1799926757812,507.79998779296875,509.989990234375,488.0825500488281,3471800,0.0,0.0
2024-12-30,506.8599853515625,509.7300109863281,500.6600036621094,507.79998779296875,485.98663330078125,5408600,0.0,0.0
2024-12-31,509.3500061035156,511.0,503.3399963378906,505.8599853515625,484.1300048828125,4214000,0.0,0.0
2025-01-02,508.0,512.1099853515625,503.2900085449219,504.510009765625,482.8379821777344,4234900,0.0,0.0
2025-01-03,506.3500061035156,516.2899780273438,505.3800048828125,513.0,490.9632873535156,3019500,0.0,0.0
2025-01-06,513.0,520.2999877929688,509.82000732421875,513.6699829101562,491.6044616699219,4444800,0.0,0.0
2025-01-07,518.8499755859375,519.5,511.2200012207031,514.25,492.15960693359375,3914500,0.0,0.0
2025-01-08,514.5,524.6699829101562,509.510009765625,524.52001953125,501.98846435546875,4141700,0.0,0.0
2025-01-10,526.6400146484375,535.4500122070312,518.469970703125,520.6900024414062,498.3229675292969,5467500,0.0,0.0
2025-01-13,535.0399780273438,547.4000244140625,533.1400146484375,541.1400146484375,517.8944091796875,6472500,0.0,0.0
2025-01-14,539.6500244140625,544.5499877929688,536.5499877929688,543.739990234375,520.3827514648438,3978300,0.0,0.0
2025-01-15,537.0999755859375,546.2899780273438,534.3300170898438,543.4199829101562,520.0764770507812,4103900,0.0,0.0
2025-01-16,530.3499755859375,539.8400268554688,510.0,510.5899963378906,488.6568298339844,9059900,0.0,0.0
2025-01-17,505.6199951171875,521.8200073242188,502.79998779296875,509.760009765625,487.8624572753906,7495700,0.0,0.0
2025-01-21,514.0499877929688,525.0,512.8200073242188,524.989990234375,502.438232421875,5682100,0.0,0.0
2025-01-22,521.6599731445312,524.4400024414062,516.0,519.719970703125,497.3945617675781,3756100,0.0,0.0
2025-01-23,527.8699951171875,531.47998046875,519.3200073242188,529.77001953125,507.01300048828125,4580800,0.0,0.0
2025-01-24,528.1099853515625,534.6300048828125,524.510009765625,532.510009765625,509.63519287109375,3671200,0.0,0.0
2025-01-27,539.97998046875,551.9099731445312,539.97998046875,543.52001953125,520.1722412109375,4263000,0.0,0.0
2025-01-28,543.010009765625,546.5,537.8400268554688,542.47998046875,519.1768798828125,3162700,0.0,0.0
2025-01-29,541.72998046875,543.47998046875,534.010009765625,538.0999755859375,514.985107421875,2737600,0.0,0.0
2025-01-30,539.469970703125,547.1099853515625,535.0,545.5700073242188,522.1342163085938,2924700,0.0,0.0
2025-01-31,543.239990234375,549.1599731445312,541.4099731445312,542.489990234375,519.1864624023438,4120500,0.0,0.0
2025-02-03,542.0,553.9099731445312,541.0700073242188,548.1799926757812,524.6320190429688,4083600,0.0,0.0
2025-02-04,545.2000122070312,548.8099975585938,541.510009765625,545.4500122070312,522.0194091796875,2869900,0.0,0.0
2025-02-05,530.72998046875,540.7000122070312,521.9099731445312,539.8099975585938,516.62158203125,4621600,0.0,0.0
2025-02-06,537.8900146484375,539.0999755859375,525.27001953125,530.0399780273438,507.2712707519531,3926800,0.0,0.0
2025-02-07,529.2000122070312,532.3900146484375,525.3900146484375,527.030029296875,504.39068603515625,3349100,0.0,0.0
2025-02-10,527.6699829101562,534.1599731445312,523.3800048828125,533.3699951171875,510.45831298828125,3143100,0.0,0.0
2025-02-11,535.0,547.5399780273438,528.27001953125,533.9199829101562,510.98455810546875,2631900,0.0,0.0
2025-02-12,539.8499755859375,542.3499755859375,525.510009765625,527.4000244140625,504.7447204589844,3859200,0.0,0.0
2025-02-13,530.9000244140625,534.3300170898438,527.0999755859375,531.1799926757812,508.3623046875,2835100,0.0,0.0
2025-02-14,529.0,533.2000122070312,522.9099731445312,523.510009765625,501.0218505859375,3705300,0.0,0.0
2025-02-18,510.94000244140625,516.0,497.0,500.7300109863281,479.2203674316406,8759300,0.0,0.0
2025-02-19,501.3299865722656,511.8599853515625,498.1499938964844,511.0400085449219,489.08746337890625,4380300,0.0,0.0
2025-02-20,505.19000244140625,508.42999267578125,500.239990234375,502.4200134277344,480.8377990722656,4144300,0.0,0.0
2025-02-21,439.54998779296875,469.70001220703125,438.5,466.4200134277344,446.38421630859375,19864900,0.0,0.0
2025-02-24,466.67999267578125,468.0,457.0,461.5199890136719,441.6946716308594,6919300,0.0,0.0
2025-02-25,460.7699890136719,470.760009765625,450.07000732421875,470.3800048828125,450.17413330078125,9101000,0.0,0.0
2025-02-26,464.6499938964844,473.04998779296875,458.20001220703125,463.5899963378906,443.6757507324219,5108400,0.0,0.0
2025-02-27,466.1700134277344,475.3999938964844,465.0199890136719,468.55999755859375,448.43231201171875,4216800,0.0,0.0
2025-02-28,467.0,476.3599853515625,464.4800109863281,474.9599914550781,454.5573425292969,6146300,0.0,0.0
2025-03-03,474.3699951171875,477.2699890136719,465.2099914550781,467.04998779296875,446.9870910644531,5700200,0.0,0.0
2025-03-04,469.75,479.2099914550781,466.4599914550781,474.6099853515625,454.2223815917969,5864100,0.0,0.0
2025-03-05,471.07000732421875,479.0799865722656,471.010009765625,475.9800109863281,455.5335693359375,3637100,0.0,0.0
2025-03-06,476.0,488.1199951171875,472.0,487.7200012207031,466.76922607421875,4964000,0.0,0.0
2025-03-07,483.8299865722656,499.9200134277344,483.3699951171875,493.4800109863281,472.2818603515625,5434100,0.0,0.0
2025-03-10,492.2799987792969,497.8500061035156,477.7099914550781,480.2200012207031,461.5555725097656,5108900,2.1,0.0
2025-03-11,482.5,486.7699890136719,477.1400146484375,486.0400085449219,467.14935302734375,4101000,0.0,0.0
2025-03-12,483.1400146484375,487.6000061035156,478.82000732421875,481.1099853515625,462.41094970703125,3680800,0.0,0.0
2025-03-13,479.45001220703125,484.05999755859375,475.0,481.5199890136719,462.80499267578125,2876600,0.0,0.0
2025-03-14,481.0,489.45001220703125,478.239990234375,488.6499938964844,469.6578674316406,3915900,0.0,0.0
2025-03-17,487.510009765625,500.6099853515625,485.95001220703125,499.0199890136719,479.6248474121094,5152300,0.0,0.0
2025-03-18,502.239990234375,505.9700012207031,497.82000732421875,503.79998779296875,484.21905517578125,3617600,0.0,0.0
2025-03-19,505.0400085449219,506.3500061035156,500.05999755859375,503.20001220703125,483.64239501953125,3317600,0.0,0.0
2025-03-20,505.25,514.3900146484375,503.510009765625,511.29998779296875,491.4275207519531,4965400,0.0,0.0
2025-03-21,511.67999267578125,519.0,505.0899963378906,516.8499755859375,496.7618408203125,10244900,0.0,0.0
2025-03-24,515.0800170898438,518.25,511.1199951171875,516.5,496.42547607421875,3840900,0.0,0.0
2025-03-25,518.280029296875,519.0,511.5299987792969,513.4299926757812,493.4747619628906,3015100,0.0,0.0
2025-03-26,515.2000122070312,522.9500122070312,512.8499755859375,518.2000122070312,498.0594482421875,3253800,0.0,0.0
2025-03-27,516.2899780273438,521.0800170898438,512.9500122070312,515.719970703125,495.67572021484375,2822200,0.0,0.0
2025-03-28,516.8699951171875,520.97998046875,515.0499877929688,516.0399780273438,495.9833068847656,2379100,0.0,0.0
2025-03-31,519.1799926757812,528.1199951171875,518.5900268554688,523.75,503.39373779296875,5238700,0.0,0.0
2025-04-01,525.739990234375,528.1699829101562,520.9500122070312,523.1199951171875,502.78814697265625,2962500,0.0,0.0
2025-04-02,522.9500122070312,525.0,516.7999877929688,523.2000122070312,502.8650207519531,2378900,0.0,0.0
2025-04-03,529.989990234375,548.5,529.2899780273438,540.4400024414062,519.4349975585938,6457900,0.0,0.0
2025-04-04,540.6400146484375,551.739990234375,524.8400268554688,525.0499877929688,504.64312744140625,9919000,0.0,0.0
2025-04-07,513.4000244140625,529.2000122070312,503.5899963378906,524.7000122070312,504.3067321777344,7356700,0.0,0.0
2025-04-08,582.1699829101562,585.010009765625,547.4600219726562,553.0800170898438,531.5836791992188,11762300,0.0,0.0
2025-04-09,560.1400146484375,589.4000244140625,554.4600219726562,578.5,556.0157470703125,12691900,0.0,0.0
2025-04-10,580.239990234375,601.8800048828125,580.0,594.4000244140625,571.2978515625,8646000,0.0,0.0
2025-04-11,588.9199829101562,606.3599853515625,586.530029296875,599.469970703125,576.170654296875,6121500,0.0,0.0
2025-04-14,595.0,595.6300048828125,579.2899780273438,587.0599975585938,564.2430419921875,4839300,0.0,0.0
2025-04-15,592.239990234375,592.8599853515625,582.010009765625,583.5900268554688,560.9078979492188,3871300,0.0,0.0
2025-04-16,585.3200073242188,594.8099975585938,582.9600219726562,585.0399780273438,562.3015747070312,4192100,0.0,0.0
2025-04-17,481.95001220703125,489.7900085449219,447.1000061035156,454.1099853515625,436.4603271484375,29120200,0.0,0.0
2025-04-21,449.760009765625,453.5,424.80999755859375,425.3299865722656,408.7989196777344,13029900,0.0,0.0
2025-04-22,424.6400146484375,431.5,417.1199951171875,427.17999267578125,410.57696533203125,10156900,0.0,0.0
2025-04-23,427.07000732421875,438.8500061035156,423.75,427.9599914550781,411.3266906738281,8345700,0.0,0.0
2025-04-24,427.57000732421875,429.8999938964844,423.6499938964844,424.25,407.7608947753906,7629100,0.0,0.0
2025-04-25,423.55999755859375,423.55999755859375,412.0199890136719,418.6400146484375,402.3689880371094,9263800,0.0,0.0
2025-04-28,419.75,424.1199951171875,415.54998779296875,420.0,403.6760559082031,6614300,0.0,0.0
2025-04-29,421.19000244140625,421.75,409.1000061035156,409.2300109863281,393.3246765136719,9909100,0.0,0.0
2025-04-30,409.0299987792969,413.260009765625,401.0,411.44000244140625,395.44879150390625,9192800,0.0,0.0
2025-05-01,411.32000732421875,411.989990234375,399.8599853515625,400.67999267578125,385.10693359375,9316800,0.0,0.0
2025-05-02,399.9599914550781,402.0,393.1099853515625,399.9200134277344,384.37652587890625,11392900,0.0,0.0
2025-05-05,399.1199951171875,409.70001220703125,397.5899963378906,404.80999755859375,389.0764465332031,8157200,0.0,0.0
2025-05-06,402.79998779296875,404.7200012207031,393.4200134277344,394.510009765625,379.17681884765625,7858600,0.0,0.0
2025-05-07,395.3500061035156,395.5199890136719,385.70001220703125,391.05999755859375,375.86090087890625,8517200,0.0,0.0
2025-05-08,390.0,390.9200134277344,385.3699951171875,385.54998779296875,370.56500244140625,7218300,0.0,0.0
2025-05-09,385.6700134277344,386.54998779296875,378.5400085449219,380.6400146484375,365.8458557128906,8381100,0.0,0.0
2025-05-12,381.0,387.2099914550781,376.8399963378906,378.75,364.02935791015625,11004800,0.0,0.0
2025-05-13,335.739990234375,342.0,309.1000061035156,311.3800048828125,299.2777099609375,59478300,0.0,0.0
2025-05-14,321.45001220703125,322.94000244140625,307.1099853515625,308.010009765625,296.03875732421875,40029600,0.0,0.0
2025-05-15,274.8999938964844,276.6499938964844,248.8800048828125,274.3500061035156,263.68695068359375,121849200,0.0,0.0
2025-05-16,279.2900085449219,294.489990234375,269.1400146484375,291.9100036621094,280.56451416015625,71094300,0.0,0.0
2025-05-19,304.7699890136719,316.2900085449219,297.25,315.8900146484375,303.61248779296875,62524700,0.0,0.0
2025-05-20,320.9200134277344,324.6400146484375,312.5799865722656,321.5799865722656,309.081298828125,41487000,0.0,0.0
2025-05-21,301.0,309.9599914550781,300.07000732421875,302.9800109863281,291.2042236328125,45506900,0.0,0.0
2025-05-22,293.8900146484375,305.6700134277344,292.5,296.6700134277344,285.1394958496094,27159600,0.0,0.0
2025-05-23,296.1000061035156,299.70001220703125,291.6400146484375,295.57000732421875,284.0822448730469,16873600,0.0,0.0
2025-05-27,299.5,299.95001220703125,289.1300048828125,295.0,283.5343933105469,20144600,0.0,0.0
2025-05-28,294.0,303.7799987792969,293.2799987792969,298.1099853515625,286.5234375,16114200,0.0,0.0
2025-05-29,296.79998779296875,303.3800048828125,295.0,298.1700134277344,286.5812072753906,16221100,0.0,0.0
2025-05-30,297.9700012207031,305.6400146484375,295.8399963378906,301.9100036621094,290.1758117675781,16309300,0.0,0.0
2025-06-02,303.1199951171875,313.54998779296875,300.9700012207031,304.7200012207031,292.8765869140625,19074400,0.0,0.0
2025-06-03,303.1000061035156,305.7200012207031,300.010009765625,301.2200012207031,289.5126647949219,12805700,0.0,0.0
2025-06-04,303.5400085449219,307.6400146484375,300.20001220703125,300.3800048828125,288.705322265625,11255600,0.0,0.0
2025-06-05,300.3800048828125,302.4200134277344,294.1099853515625,295.8399963378906,284.34173583984375,13529000,0.0,0.0
2025-06-06,297.2300109863281,304.3900146484375,297.1499938964844,303.2200012207031,291.4349060058594,12589000,0.0,0.0
2025-06-09,305.0400085449219,307.3999938964844,301.1400146484375,303.19000244140625,291.4061279296875,12170300,0.0,0.0
2025-06-10,303.79998779296875,305.1199951171875,300.5899963378906,303.7900085449219,291.9827575683594,11384100,0.0,0.0
2025-06-11,302.67999267578125,311.5799865722656,302.2300109863281,310.55999755859375,298.4896545410156,14711400,0.0,0.0
2025-06-12,311.3999938964844,318.79998779296875,308.510009765625,318.5,306.12103271484375,15957200,0.0,0.0
2025-06-13,315.8999938964844,317.4200134277344,311.9100036621094,313.5299987792969,301.3442077636719,13762400,0.0,0.0
2025-06-16,313.0,313.2699890136719,304.7900085449219,307.6600036621094,297.801513671875,14240100,2.21,0.0
2025-06-17,307.45001220703125,309.95001220703125,305.5199890136719,308.8699951171875,298.9726867675781,11593900,0.0,0.0
2025-06-18,307.54998779296875,311.7900085449219,306.2300109863281,307.20001220703125,297.3562316894531,12205600,0.0,0.0
2025-06-20,309.5,309.5899963378906,301.5899963378906,302.010009765625,292.3325500488281,16177900,0.0,0.0
2025-06-23,301.8999938964844,302.4700012207031,295.5199890136719,300.67999267578125,291.0451354980469,12274700,0.0,0.0
2025-06-24,301.45001220703125,305.82000732421875,299.3299865722656,305.6199951171875,295.82684326171875,8781400,0.0,0.0
2025-06-25,304.3800048828125,304.3800048828125,299.79998779296875,302.0199890136719,292.3421936035156,8722100,0.0,0.0
2025-06-26,302.57000732421875,306.7099914550781,301.2900085449219,302.6199951171875,292.9230041503906,6532700,0.0,0.0
2025-06-27,302.95001220703125,310.45001220703125,302.20001220703125,309.1099853515625,299.2049865722656,15304400,0.0,0.0
2025-06-30,309.0,312.3800048828125,306.3399963378906,311.9700012207031,301.9733581542969,10074100,0.0,0.0
2025-07-01,311.9700012207031,326.54998779296875,311.0799865722656,326.1400146484375,315.6893310546875,17865500,0.0,0.0
2025-07-02,320.739990234375,322.4200134277344,306.42999267578125,307.55999755859375,297.70465087890625,18177200,0.0,0.0
2025-07-03,309.8399963378906,312.25,308.2300109863281,308.54998779296875,298.6629638671875,6161100,0.0,0.0
2025-07-07,308.0,308.6099853515625,301.20001220703125,303.7099914550781,293.9780578613281,9031200,0.0,0.0
2025-07-08,304.2300109863281,308.29998779296875,303.79998779296875,307.70001220703125,297.8402099609375,9613800,0.0,0.0
2025-07-09,303.19000244140625,303.6000061035156,298.75,302.9100036621094,293.2037048339844,12816700,0.0,0.0
2025-07-10,303.05999755859375,304.92999267578125,296.6000061035156,299.510009765625,289.91265869140625,11355600,0.0,0.0
2025-07-11,300.0199890136719,304.1199951171875,298.0,304.1000061035156,294.3555908203125,9808200,0.0,0.0
2025-07-14,301.6400146484375,304.0400085449219,299.0,300.5799865722656,290.9483337402344,10681400,0.0,0.0
2025-07-15,299.7099914550781,300.67999267578125,291.0299987792969,291.7099914550781,282.362548828125,16019000,0.0,0.0
2025-07-16,292.54998779296875,295.989990234375,290.75,292.489990234375,283.1175537109375,9714000,0.0,0.0
2025-07-17,292.3299865722656,293.0,283.8299865722656,288.07000732421875,278.8392028808594,14792700,0.0,0.0
2025-07-18,287.8900146484375,288.07000732421875,280.80999755859375,282.6499938964844,273.5928649902344,14979700,0.0,0.0
2025-07-21,284.6400146484375,286.5,281.20001220703125,282.1400146484375,273.0992431640625,10319200,0.0,0.0
2025-07-22,282.6300048828125,287.1099853515625,282.0,285.1300048828125,275.993408203125,14600300,0.0,0.0
2025-07-23,287.5,292.6400146484375,284.95001220703125,292.510009765625,283.1369323730469,13111100,0.0,0.0
2025-07-24,283.1000061035156,289.2099914550781,278.2200012207031,278.5799865722656,269.6533203125,22585200,0.0,0.0
2025-07-25,281.0,286.1400146484375,279.94000244140625,281.05999755859375,272.0538330078125,16486600,0.0,0.0
2025-07-28,283.5,285.0,279.69000244140625,282.1199951171875,273.079833984375,15779400,0.0,0.0
2025-07-29,265.70001220703125,272.9100036621094,260.54998779296875,261.07000732421875,252.70437622070312,41706000,0.0,0.0
2025-07-30,264.79998779296875,266.6300048828125,258.1199951171875,266.0400085449219,257.51513671875,22371800,0.0,0.0
2025-07-31,261.3999938964844,261.3999938964844,247.75,249.55999755859375,241.56320190429688,29606900,0.0,0.0
2025-08-01,250.61000061035156,251.49000549316406,234.60000610351562,237.77000427246094,230.1510009765625,39989200,0.0,0.0
2025-08-04,238.24000549316406,242.25,236.9499969482422,240.97999572753906,233.25811767578125,17427900,0.0,0.0
2025-08-05,241.16000366210938,252.07000732421875,240.0500030517578,251.0,242.95704650878906,23795900,0.0,0.0
2025-08-06,250.63999938964844,253.16000366210938,245.30999755859375,245.77999877929688,237.90432739257812,12946400,0.0,0.0
2025-08-07,246.4199981689453,248.75,239.5,244.6699981689453,236.82989501953125,11369900,0.0,0.0
2025-08-08,244.7899932861328,251.0800018310547,244.3699951171875,250.88999938964844,242.85060119628906,10185700,0.0,0.0
2025-08-11,253.8699951171875,258.3999938964844,252.13999938964844,252.3699951171875,244.2831573486328,11779500,0.0,0.0
2025-08-12,254.02000427246094,262.8800048828125,253.6699981689453,261.57000732421875,253.1883544921875,12171800,0.0,0.0
2025-08-13,264.3900146484375,272.19000244140625,262.8900146484375,271.80999755859375,263.1002502441406,19480300,0.0,0.0
2025-08-14,272.1000061035156,273.8500061035156,267.0,271.489990234375,262.79046630859375,25011100,0.0,0.0
2025-08-15,301.7099914550781,310.29998779296875,294.7099914550781,304.010009765625,294.2684631347656,68198500,0.0,0.0
2025-08-18,313.17999267578125,316.3999938964844,307.4200134277344,308.489990234375,298.6048889160156,39600500,0.0,0.0
2025-08-19,308.8999938964844,310.5,299.2099914550781,304.239990234375,294.4910583496094,22348600,0.0,0.0
2025-08-20,306.3999938964844,307.20001220703125,295.70001220703125,299.8399963378906,290.2320556640625,16679000,0.0,0.0
2025-08-21,302.2900085449219,306.57000732421875,297.79998779296875,303.3500061035156,293.6295471191406,13359000,0.0,0.0
2025-08-22,306.1000061035156,310.67999267578125,304.5799865722656,307.4200134277344,297.56915283203125,14930000,0.0,0.0
2025-08-25,308.489990234375,308.8699951171875,302.7300109863281,304.8599853515625,295.0911865234375,8917100,0.0,0.0
2025-08-26,304.30999755859375,308.9599914550781,294.20001220703125,300.42999267578125,290.80316162109375,16303200,0.0,0.0
2025-08-27,300.5400085449219,305.9700012207031,300.5,303.8800048828125,294.142578125,9982800,0.0,0.0
2025-08-28,304.25,304.4700012207031,299.3999938964844,302.2900085449219,292.6035461425781,11235000,0.0,0.0
2025-08-29,302.29998779296875,310.0,300.9100036621094,309.8699951171875,299.9406433105469,12065400,0.0,0.0
2025-09-02,308.30999755859375,312.8900146484375,307.29998779296875,308.79998779296875,298.9049377441406,10957100,0.0,0.0
2025-09-03,308.1099853515625,309.5899963378906,303.70001220703125,307.8800048828125,298.0144348144531,9654600,0.0,0.0
2025-09-04,306.1000061035156,311.9100036621094,304.1000061035156,310.3800048828125,300.434326171875,7725700,0.0,0.0
2025-09-05,310.44000244140625,317.94000244140625,308.20001220703125,315.3900146484375,305.28375244140625,14126700,0.0,0.0
2025-09-08,319.7099914550781,321.6499938964844,313.79998779296875,320.25,309.988037109375,18438600,0.0,0.0
2025-09-09,332.5,351.7099914550781,327.1600036621094,347.9200134277344,336.77142333984375,46408900,0.0,0.0
2025-09-10,345.55999755859375,348.57000732421875,341.3999938964844,346.7799987792969,335.66790771484375,17804300,0.0,0.0
2025-09-11,349.0,360.9800109863281,345.8399963378906,353.6099853515625,342.279052734375,18943500,0.0,0.0
2025-09-12,355.8999938964844,362.30999755859375,352.4599914550781,352.510009765625,341.2143249511719,14016200,0.0,0.0
2025-09-15,351.260009765625,351.7099914550781,342.5299987792969,347.8900146484375,338.8668518066406,11035900,2.21,0.0
2025-09-16,347.5,349.0400085449219,338.32000732421875,339.7799987792969,330.9671936035156,12695800,0.0,0.0
2025-09-17,337.69000244140625,343.0,337.69000244140625,341.6099853515625,332.74969482421875,8467700,0.0,0.0
2025-09-18,343.5299987792969,344.92999267578125,334.1199951171875,334.82000732421875,326.1358337402344,11255600,0.0,0.0
2025-09-19,336.5,340.9599914550781,333.8399963378906,336.69000244140625,327.9573059082031,13656800,0.0,0.0
2025-09-22,334.4599914550781,342.4800109863281,332.6000061035156,341.29998779296875,332.44775390625,8903700,0.0,0.0
2025-09-23,341.0,352.70001220703125,339.9599914550781,347.69000244140625,338.6720275878906,12504100,0.0,0.0
2025-09-24,350.20001220703125,354.5,347.8399963378906,351.80999755859375,342.6851806640625,9016300,0.0,0.0
2025-09-25,348.8999938964844,350.19000244140625,343.6000061035156,345.55999755859375,336.5972595214844,8104900,0.0,0.0
2025-09-26,347.92999267578125,349.9700012207031,341.29998779296875,344.0799865722656,335.1556396484375,6774700,0.0,0.0
2025-09-29,343.9800109863281,345.54998779296875,341.45001220703125,345.17999267578125,336.22711181640625,6878900,0.0,0.0
2025-09-30,343.75,349.32000732421875,342.3299865722656,345.29998779296875,336.343994140625,7429700,0.0,0.0
2025-10-01,343.8999938964844,348.70001220703125,341.6300048828125,348.29998779296875,339.2662048339844,8825500,0.0,0.0
2025-10-02,347.2900085449219,355.0799865722656,344.6499938964844,353.7200012207031,344.5456237792969,8564200,0.0,0.0
2025-10-03,357.25,368.0,356.6099853515625,360.20001220703125,350.8575439453125,13494800,0.0,0.0
2025-10-06,361.0299987792969,362.5199890136719,357.1099853515625,358.7699890136719,349.4646301269531,7181700,0.0,0.0
2025-10-07,359.4100036621094,364.7200012207031,358.05999755859375,363.6600036621094,354.2278137207031,7236200,0.0,0.0
2025-10-08,366.92999267578125,374.6300048828125,365.79998779296875,369.9200134277344,360.325439453125,9438300,0.0,0.0
2025-10-09,372.5199890136719,376.2200012207031,366.0799865722656,367.69000244140625,358.1532897949219,8759800,0.0,0.0
2025-10-10,369.3999938964844,369.3999938964844,352.510009765625,354.5,345.3053894042969,13141900,0.0,0.0
2025-10-13,354.739990234375,359.1600036621094,353.32000732421875,358.6600036621094,349.35748291015625,5659400,0.0,0.0
2025-10-14,354.95001220703125,362.3299865722656,353.3999938964844,359.92999267578125,350.59454345703125,5974800,0.0,0.0
2025-10-15,359.3900146484375,364.2200012207031,355.8500061035156,361.1499938964844,351.7829284667969,6579600,0.0,0.0
2025-10-16,361.8399963378906,362.0,354.3999938964844,356.6700134277344,347.41912841796875,5872100,0.0,0.0
2025-10-17,351.0,358.3900146484375,350.8299865722656,356.6000061035156,347.3509216308594,8608400,0.0,0.0
2025-10-20,358.5400085449219,365.57000732421875,357.510009765625,364.4800109863281,355.02655029296875,5996500,0.0,0.0
2025-10-21,365.1400146484375,371.04998779296875,361.5,365.3699951171875,355.8934631347656,6885300,0.0,0.0
2025-10-22,363.9599914550781,364.0,358.0,361.489990234375,352.11407470703125,7833000,0.0,0.0
2025-10-23,355.5799865722656,362.2799987792969,353.6400146484375,360.45001220703125,351.10107421875,5756700,0.0,0.0
2025-10-24,361.3699951171875,365.4200134277344,360.0299987792969,362.5,353.097900390625,5462100,0.0,0.0
2025-10-27,363.5,366.2200012207031,361.3999938964844,365.9800109863281,356.4876403808594,7766400,0.0,0.0
2025-10-28,380.67999267578125,381.0,358.6300048828125,367.8399963378906,358.29937744140625,18858700,0.0,0.0
2025-10-29,364.2799987792969,366.1499938964844,353.8800048828125,355.260009765625,346.04571533203125,11874900,0.0,0.0
2025-10-30,347.5199890136719,354.5400085449219,343.6000061035156,344.75,335.80828857421875,11441900,0.0,0.0
2025-10-31,344.3900146484375,346.2799987792969,337.1199951171875,341.55999755859375,332.7010192871094,8390800,0.0,0.0
2025-11-03,339.1300048828125,340.70001220703125,326.6000061035156,333.7900085449219,325.132568359375,11181400,0.0,0.0
2025-11-04,327.6300048828125,336.5,327.20001220703125,330.8299865722656,322.2492980957031,9646600,0.0,0.0
2025-11-05,326.29998779296875,330.2099914550781,324.2200012207031,327.739990234375,319.23944091796875,9697100,0.0,0.0
2025-11-06,328.9200134277344,332.3699951171875,321.45001220703125,321.55999755859375,313.2197570800781,7922100,0.0,0.0
2025-11-07,319.6600036621094,324.54998779296875,314.1600036621094,324.2099914550781,315.8009948730469,9402900,0.0,0.0
2025-11-10,319.989990234375,324.25,317.1700134277344,321.5799865722656,313.23919677734375,9283800,0.0,0.0
2025-11-11,323.29998779296875,327.8599853515625,319.8800048828125,327.45001220703125,318.9570007324219,7157800,0.0,0.0
2025-11-12,328.45001220703125,343.1700134277344,327.0799865722656,339.05999755859375,330.265869140625,10403300,0.0,0.0
2025-11-13,338.3500061035156,339.0299987792969,331.2900085449219,332.5199890136719,323.8954772949219,7788700,0.0,0.0
2025-11-14,326.95001220703125,328.2099914550781,320.489990234375,321.8599853515625,313.511962890625,8676500,0.0,0.0
2025-11-17,320.6000061035156,327.8800048828125,319.42999267578125,320.5199890136719,312.20672607421875,6485400,0.0,0.0
2025-11-18,317.010009765625,317.5,308.7699890136719,313.5799865722656,305.44671630859375,9182100,0.0,0.0
2025-11-19,313.92999267578125,315.0,304.5299987792969,309.0899963378906,301.07318115234375,8181100,0.0,0.0
2025-11-20,310.80999755859375,314.75,310.0,311.5400085449219,303.45965576171875,7337600,0.0,0.0
2025-11-21,311.9100036621094,323.8399963378906,311.44000244140625,319.9700012207031,311.6709899902344,8406300,0.0,0.0
2025-11-24,324.5299987792969,325.8500061035156,317.6199951171875,319.04998779296875,310.77484130859375,10773800,0.0,0.0
2025-11-25,321.1199951171875,328.0,320.8999938964844,326.2799987792969,317.8173522949219,6149100,0.0,0.0
2025-11-26,326.5899963378906,335.19000244140625,325.8900146484375,329.7099914550781,321.1583251953125,5504200,0.0,0.0
2025-11-28,331.6700134277344,332.05999755859375,328.8900146484375,329.7699890136719,321.2167663574219,2464500,0.0,0.0
2025-12-01,327.1600036621094,330.05999755859375,323.0299987792969,323.2099914550781,314.82696533203125,6154600,0.0,0.0
2025-12-02,323.3699951171875,328.70001220703125,322.79998779296875,324.5400085449219,316.1224670410156,7978100,0.0,0.0
2025-12-03,326.0,341.4100036621094,325.010009765625,339.7099914550781,330.8990173339844,9770000,0.0,0.0
2025-12-04,339.3999938964844,341.260009765625,328.7200012207031,333.489990234375,324.8403015136719,8061600,0.0,0.0
2025-12-05,335.0,335.7099914550781,328.510009765625,330.9100036621094,322.3272399902344,5906000,0.0,0.0
2025-12-08,328.70001220703125,329.1000061035156,322.8299865722656,323.6199951171875,317.3457336425781,4782800,2.21,0.0
2025-12-09,323.1600036621094,326.3599853515625,322.4800109863281,323.6000061035156,317.3261413574219,4628400,0.0,0.0
2025-12-10,322.75,328.7300109863281,319.6000061035156,328.3699951171875,322.003662109375,5910500,0.0,0.0
2025-12-11,330.3699951171875,339.25,328.760009765625,336.7300109863281,330.2015686035156,7513200,0.0,0.0
2025-12-12,337.5,344.9800109863281,337.3699951171875,341.8399963378906,335.2124938964844,7979000,0.0,0.0
2025-12-15,340.989990234375,344.9599914550781,337.0,341.1000061035156,334.4868469238281,6447200,0.0,0.0
2025-12-16,340.4200134277344,340.989990234375,331.0299987792969,334.20001220703125,327.72064208984375,6334000,0.0,0.0
2025-12-17,333.6099853515625,335.5199890136719,330.4800109863281,331.6300048828125,325.2004699707031,4685600,0.0,0.0
2025-12-18,328.92999267578125,330.17999267578125,324.57000732421875,328.1400146484375,321.7781066894531,6354900,0.0,0.0
2025-12-19,328.05999755859375,334.6000061035156,326.07000732421875,327.4200134277344,321.07208251953125,10553000,0.0,0.0
2025-12-22,322.8999938964844,329.79998779296875,321.6499938964844,325.1600036621094,318.8558654785156,7872400,0.0,0.0
2025-12-23,324.0,327.79998779296875,323.760009765625,324.79998779296875,318.5028381347656,4463300,0.0,0.0
2025-12-24,325.20001220703125,328.989990234375,324.1300048828125,327.5799865722656,321.22894287109375,2842700,0.0,0.0
2025-12-26,327.20001220703125,331.8900146484375,326.260009765625,331.8299865722656,325.39654541015625,4359300,0.0,0.0
2025-12-29,330.8900146484375,334.25,328.2799987792969,328.94000244140625,322.5625915527344,4346800,0.0,0.0
2025-12-30,329.7300109863281,336.1499938964844,329.510009765625,332.1600036621094,325.7201843261719,4432500,0.0,0.0
2025-12-31,332.32000732421875,333.3299865722656,329.8800048828125,330.1099853515625,323.70989990234375,4285200,0.0,0.0
2026-01-02,330.8999938964844,340.260009765625,327.5,336.3999938964844,329.8779602050781,6863600,0.0,0.0
2026-01-05,335.45001220703125,346.94000244140625,333.8500061035156,342.0199890136719,335.38897705078125,7956600,0.0,0.0
2026-01-06,348.3500061035156,352.6099853515625,345.1199951171875,348.9700012207031,342.2042541503906,9441900,0.0,0.0
2026-01-07,348.9800109863281,350.1099853515625,338.0400085449219,341.70001220703125,335.0752258300781,7461400,0.0,0.0
2026-01-08,341.010009765625,347.8999938964844,340.79998779296875,346.8500061035156,340.1253662109375,5059300,0.0,0.0
2026-01-09,347.25,349.05999755859375,342.4800109863281,343.9800109863281,337.3110046386719,4129100,0.0,0.0
2026-01-12,341.4200134277344,342.6499938964844,333.94000244140625,340.510009765625,333.9082946777344,7146400,0.0,0.0
2026-01-13,341.5,341.8399963378906,332.8500061035156,333.92999267578125,327.4558410644531,5605900,0.0,0.0
2026-01-14,335.3699951171875,340.1099853515625,334.1000061035156,334.9599914550781,328.46588134765625,5740900,0.0,0.0
2026-01-15,335.20001220703125,339.45001220703125,328.05999755859375,338.9599914550781,332.3883361816406,6943500,0.0,0.0
2026-01-16,334.8599853515625,336.20001220703125,330.42999267578125,331.0199890136719,324.6022644042969,8039100,0.0,0.0
2026-01-20,327.3999938964844,339.8900146484375,326.5,338.42999267578125,331.8686218261719,7596500,0.0,0.0
2026-01-21,339.42999267578125,348.0799865722656,338.69000244140625,347.75,341.0079040527344,8933300,0.0,0.0
2026-01-22,347.17999267578125,354.95001220703125,346.7699890136719,354.4700012207031,347.5976257324219,7491400,0.0,0.0
2026-01-23,354.2799987792969,357.8699951171875,352.989990234375,356.260009765625,349.3529357910156,9082200,0.0,0.0
2026-01-26,353.95001220703125,354.7900085449219,347.2699890136719,351.6400146484375,344.822509765625,10399500,0.0,0.0
2026-01-27,293.9700012207031,299.5,280.3999938964844,282.70001220703125,277.2190856933594,65836900,0.0,0.0
2026-01-28,283.7200012207031,294.94000244140625,283.7200012207031,294.0199890136719,288.3196105957031,23396900,0.0,0.0
2026-01-29,294.3299865722656,295.6000061035156,289.2200012207031,292.2900085449219,286.6231689453125,13456400,0.0,0.0
2026-01-30,292.1000061035156,292.95001220703125,284.70001220703125,286.92999267578125,281.3670654296875,12022200,0.0,0.0
2026-02-02,286.0199890136719,290.3999938964844,282.2799987792969,285.5899963378906,280.05303955078125,8664200,0.0,0.0
2026-02-03,284.70001220703125,288.0899963378906,278.6000061035156,284.17999267578125,278.6703796386719,10809100,0.0,0.0
2026-02-04,282.010009765625,284.5,274.04998779296875,275.9200134277344,270.570556640625,12944100,0.0,0.0
2026-02-05,274.2900085449219,276.8900146484375,266.2900085449219,268.54998779296875,263.3434143066406,13035300,0.0,0.0
2026-02-06,267.05999755859375,277.80999755859375,266.4100036621094,276.6499938964844,271.286376953125,9572800,0.0,0.0
2026-02-09,274.1499938964844,280.17999267578125,273.32000732421875,275.70001220703125,270.35479736328125,10371600,0.0,0.0
2026-02-10,277.5199890136719,279.489990234375,272.6499938964844,273.2200012207031,267.92291259765625,7284700,0.0,0.0
2026-02-11,272.44000244140625,279.69000244140625,269.79998779296875,278.9100036621094,273.5025634765625,6333100,0.0,0.0
2026-02-12,278.1600036621094,286.30999755859375,275.80999755859375,284.3699951171875,278.856689453125,12336900,0.0,0.0
2026-02-13,285.6300048828125,293.4599914550781,284.510009765625,293.19000244140625,287.5057067871094,10281900,0.0,0.0
2026-02-17,294.0,294.2300109863281,288.3399963378906,289.0899963378906,283.4851989746094,6091700,0.0,0.0
2026-02-18,290.0,290.1300048828125,286.2900085449219,288.20001220703125,282.6124572753906,6632000,0.0,0.0
2026-02-19,290.8900146484375,290.8900146484375,286.8900146484375,289.92999267578125,284.3089294433594,4931800,0.0,0.0
2026-02-20,288.8999938964844,290.79998779296875,285.54998779296875,290.0,284.3775634765625,6974100,0.0,0.0
2026-02-23,288.54998779296875,291.7699890136719,281.6700134277344,282.3399963378906,276.8660583496094,7247500,0.0,0.0
2026-02-24,282.20001220703125,282.3999938964844,271.79998779296875,273.95001220703125,268.6387634277344,9684500,0.0,0.0
2026-02-25,277.2900085449219,284.739990234375,276.8699951171875,284.20001220703125,278.69000244140625,11380600,0.0,0.0
2026-02-26,286.9800109863281,295.260009765625,285.2300109863281,286.6600036621094,281.102294921875,10210000,0.0,0.0
2026-02-27,284.70001220703125,294.1300048828125,283.8500061035156,293.2699890136719,287.5841369628906,9723300,0.0,0.0
2026-03-02,288.1600036621094,295.30999755859375,287.5,294.92999267578125,289.21197509765625,8141400,0.0,0.0
2026-03-03,288.989990234375,293.739990234375,284.3599853515625,289.2099914550781,283.6028747558594,7051100,0.0,0.0
2026-03-04,289.010009765625,294.3399963378906,287.67999267578125,291.9599914550781,286.2995300292969,7796000,0.0,0.0
2026-03-05,290.04998779296875,291.3900146484375,286.739990234375,288.7699890136719,283.1714172363281,5397900,0.0,0.0
2026-03-06,287.3399963378906,291.3299865722656,283.04998779296875,286.4800109863281,280.9258117675781,6816900,0.0,0.0
2026-03-09,282.0,285.20001220703125,278.6600036621094,285.1700134277344,281.81524658203125,10348800,2.21,0.0
2026-03-10,287.3800048828125,287.5799865722656,278.8999938964844,282.3399963378906,279.01849365234375,6075600,0.0,0.0
2026-03-11,282.3800048828125,286.2200012207031,280.6000061035156,285.25,281.894287109375,6878800,0.0,0.0
2026-03-12,284.7799987792969,287.55999755859375,276.2900085449219,277.04998779296875,273.79071044921875,10512300,0.0,0.0
2026-03-13,278.05999755859375,282.8800048828125,277.80999755859375,282.0899963378906,278.77142333984375,4737600,0.0,0.0
2026-03-16,283.9800109863281,287.3999938964844,281.0400085449219,285.489990234375,282.1314392089844,4854000,0.0,0.0
2026-03-17,287.79998779296875,288.989990234375,284.8399963378906,287.57000732421875,284.18701171875,5752000,0.0,0.0
2026-03-18,285.20001220703125,288.3999938964844,283.07000732421875,284.3299865722656,280.9850769042969,4544100,0.0,0.0
2026-03-19,284.0,287.54998779296875,280.07000732421875,280.44000244140625,277.1408386230469,5542100,0.0,0.0
2026-03-20,278.989990234375,283.1000061035156,275.0,275.5899963378906,272.347900390625,38893000,0.0,0.0
2026-03-23,279.1400146484375,280.75,269.0899963378906,269.5400085449219,266.36907958984375,10424200,0.0,0.0
2026-03-24,268.8699951171875,273.3800048828125,267.5899963378906,272.2799987792969,269.0768737792969,5911700,0.0,0.0
2026-03-25,275.0,276.0799865722656,267.1099853515625,270.54998779296875,267.3672180175781,8121200,0.0,0.0
2026-03-26,269.989990234375,274.6400146484375,267.17999267578125,268.04998779296875,264.8966064453125,6218800,0.0,0.0
2026-03-27,267.5,267.6700134277344,255.97000122070312,259.0199890136719,255.97283935546875,10735300,0.0,0.0
2026-03-30,260.17999267578125,262.3299865722656,256.6700134277344,261.7900085449219,258.71026611328125,7774700,0.0,0.0
2026-03-31,263.0,271.8800048828125,262.6099853515625,270.5899963378906,267.40673828125,9170800,0.0,0.0
2026-04-01,274.2099914550781,275.29998779296875,270.760009765625,273.9800109863281,270.7568664550781,5473400,0.0,0.0
2026-04-02,272.2900085449219,279.0400085449219,271.5299987792969,277.260009765625,273.9982604980469,6407000,0.0,0.0
2026-04-06,277.8800048828125,283.29998779296875,277.25,281.3599853515625,278.0500183105469,7097000,0.0,0.0
2026-04-07,308.8500061035156,312.42999267578125,300.75,307.7300109863281,304.1098327636719,22099800,0.0,0.0
2026-04-08,312.0,312.9700012207031,304.8299865722656,305.9800109863281,302.38043212890625,9645000,0.0,0.0
2026-04-09,305.82000732421875,307.8900146484375,304.1400146484375,306.9100036621094,303.2994689941406,5742000,0.0,0.0
2026-04-10,307.95001220703125,310.3699951171875,304.20001220703125,304.3299865722656,300.74981689453125,5212900,0.0,0.0
2026-04-13,303.25,313.32000732421875,302.9200134277344,313.0,309.31781005859375,7972200,0.0,0.0
2026-04-14,312.510009765625,319.6199951171875,312.510009765625,314.19000244140625,310.4938049316406,5864500,0.0,0.0
2026-04-15,316.0,317.760009765625,311.1499938964844,314.04998779296875,310.3554382324219,5041200,0.0,0.0
2026-04-16,315.0,318.6099853515625,313.1099853515625,316.3999938964844,312.6778259277344,5205600,0.0,0.0
2026-04-17,320.04998779296875,325.2699890136719,317.1400146484375,324.6300048828125,320.8110046386719,9414700,0.0,0.0
2026-04-20,324.19000244140625,325.3999938964844,320.1199951171875,323.4800109863281,319.6745300292969,9050600,0.0,0.0
2026-04-21,353.010009765625,357.67999267578125,345.2300109863281,346.010009765625,341.9394836425781,26097300,0.0,0.0
2026-04-22,350.8800048828125,358.55999755859375,349.1000061035156,353.5199890136719,349.3611145019531,11807300,0.0,0.0
2026-04-23,354.67999267578125,356.8500061035156,350.5,354.55999755859375,350.388916015625,7255800,0.0,0.0
2026-04-24,356.489990234375,358.2799987792969,351.3900146484375,354.9200134277344,350.7446594238281,8554600,0.0,0.0
2026-04-27,353.9100036621094,356.489990234375,348.95001220703125,354.69000244140625,350.5173645019531,7256100,0.0,0.0
2026-04-28,356.8399963378906,369.6300048828125,355.7200012207031,366.7699890136719,362.45526123046875,10604100,0.0,0.0
2026-04-29,366.0,370.8399963378906,365.010009765625,370.739990234375,366.3785400390625,9046600,0.0,0.0
2026-04-30,368.510009765625,371.989990234375,363.0,370.4800109863281,366.1216125488281,6879900,0.0,0.0
2026-05-01,371.9599914550781,372.8999938964844,367.0199890136719,368.7799987792969,364.4416198730469,4945400,0.0,0.0
2026-05-04,368.54998779296875,370.8299865722656,364.6499938964844,370.75,366.388427734375,4916900,0.0,0.0
2026-05-05,370.4800109863281,371.79998779296875,361.80999755859375,363.8699951171875,359.5893859863281,6489000,0.0,0.0
2026-05-06,363.1000061035156,368.54998779296875,358.25,367.2799987792969,362.9592590332031,6695500,0.0,0.0
2026-05-07,366.6400146484375,369.80999755859375,364.7200012207031,369.739990234375,365.3902893066406,5235400,0.0,0.0
2026-05-08,371.989990234375,379.9800109863281,371.989990234375,379.9800109863281,375.5098571777344,6455100,0.0,0.0
2026-05-11,380.45001220703125,384.80999755859375,376.07000732421875,384.44000244140625,379.9173889160156,6949600,0.0,0.0
2026-05-12,382.8500061035156,397.4200134277344,382.010009765625,396.3900146484375,391.726806640625,9236300,0.0,0.0
2026-05-13,396.5,404.1499938964844,393.0,401.1600036621094,396.4407043457031,8454100,0.0,0.0
2026-05-14,401.0,401.8999938964844,396.0,399.0899963378906,394.3950500488281,5342500,0.0,0.0
2026-05-15,394.29998779296875,397.6300048828125,390.25,393.8500061035156,389.2166748046875,9811200,0.0,0.0
2026-05-18,390.0,392.1400146484375,383.5,391.1300048828125,386.5286865234375,8400700,0.0,0.0
2026-05-19,390.0,394.989990234375,387.510009765625,389.239990234375,384.6609191894531,5016800,0.0,0.0
2026-05-20,389.54998779296875,393.3800048828125,380.70001220703125,383.29998779296875,378.790771484375,7783900,0.0,0.0
2026-05-21,381.1199951171875,386.1099853515625,380.5400085449219,382.4800109863281,377.98046875,4732500,0.0,0.0
2026-05-22,381.9200134277344,390.5400085449219,381.010009765625,388.4700012207031,383.89996337890625,5598600,0.0,0.0
2026-05-26,386.0,386.5199890136719,376.4100036621094,376.8599853515625,372.4265441894531,6498100,0.0,0.0
2026-05-27,378.42999267578125,384.5299987792969,377.0899963378906,384.010009765625,379.4924621582031,4544000,0.0,0.0
2026-05-28,384.9599914550781,389.260009765625,380.9599914550781,382.5299987792969,378.0298767089844,4330800,0.0,0.0
2026-05-29,383.7799987792969,385.1199951171875,375.45001220703125,380.30999755859375,375.8359680175781,10257900,0.0,0.0
2026-06-01,376.1099853515625,383.3500061035156,375.9200134277344,379.8599853515625,375.3912658691406,6623700,0.0,0.0
2026-06-02,377.9800109863281,380.0799865722656,374.7200012207031,377.9200134277344,373.4740905761719,3874400,0.0,0.0
2026-06-03,380.0,387.4599914550781,376.80999755859375,377.0,372.5649108886719,6808400,0.0,0.0
2026-06-04,390.0,401.3800048828125,389.82000732421875,396.4700012207031,391.80584716796875,12666100,0.0,0.0
2026-06-05,399.5400085449219,404.0400085449219,397.20001220703125,399.4700012207031,394.77056884765625,10897300,0.0,0.0
2026-06-08,397.1300048828125,408.7099914550781,394.989990234375,406.57000732421875,401.78704833984375,6963200,0.0,0.0
2026-06-09,409.989990234375,413.0,407.44000244140625,413.0,408.1413879394531,8590400,0.0,0.0
2026-06-10,413.5,415.9800109863281,404.54998779296875,407.4599914550781,402.66656494140625,6512900,0.0,0.0
2026-06-11,408.7099914550781,409.9800109863281,403.1099853515625,405.54998779296875,400.7790222167969,4938100,0.0,0.0
2026-06-12,409.010009765625,409.8900146484375,404.80999755859375,408.5199890136719,403.714111328125,7269600,0.0,0.0
2026-06-15,406.70001220703125,414.1600036621094,399.6499938964844,411.0400085449219,408.52447509765625,6777900,2.32,0.0
2026-06-16,410.67999267578125,411.75,406.5400085449219,407.6499938964844,405.15521240234375,4815100,0.0,0.0
2026-06-17,409.1199951171875,411.1600036621094,398.5899963378906,399.5299987792969,397.08489990234375,5838800,0.0,0.0
2026-06-18,402.7699890136719,406.20001220703125,399.1499938964844,400.9599914550781,398.50616455078125,11896900,0.0,0.0
2026-06-22,402.1400146484375,409.4599914550781,402.1400146484375,406.67999267578125,404.191162109375,5818600,0.0,0.0
2026-06-23,409.5199890136719,409.8999938964844,402.8399963378906,409.25,406.74542236328125,6675900,0.0,0.0
2026-06-24,410.5400085449219,413.42999267578125,400.0,405.79998779296875,403.3165283203125,6858800,0.0,0.0
2026-06-25,406.6499938964844,417.5799865722656,406.6499938964844,415.5299987792969,412.98699951171875,6014400,0.0,0.0
2026-06-26,416.1600036621094,427.92999267578125,416.1600036621094,427.8900146484375,425.2713623046875,10588200,0.0,0.0
2026-06-29,426.5299987792969,426.70001220703125,415.80999755859375,419.82000732421875,417.2507629394531,5167400,0.0,0.0
2026-06-30,422.7200012207031,422.739990234375,413.25,415.6300048828125,413.0863952636719,5779800,0.0,0.0
2026-07-01,417.1099853515625,428.0199890136719,413.7300109863281,426.5400085449219,423.92962646484375,4985900,0.0,0.0
2026-07-02,428.1300048828125,430.20001220703125,420.5400085449219,425.3599853515625,422.7568359375,3928800,0.0,0.0
2026-07-06,423.489990234375,424.44000244140625,415.04998779296875,417.989990234375,415.4319152832031,6379000,0.0,0.0
2026-07-07,423.95001220703125,428.6000061035156,422.1300048828125,428.19000244140625,425.56951904296875,5800500,0.0,0.0
2026-07-08,427.1499938964844,430.7699890136719,423.8299865722656,425.6000061035156,422.995361328125,3859200,0.0,0.0
2026-07-09,427.1099853515625,434.29998779296875,423.5199890136719,431.67999267578125,429.03814697265625,5566000,0.0,0.0
2026-07-10,431.6700134277344,432.8599853515625,423.6499938964844,424.6199951171875,422.0213623046875,3798600,0.0,0.0
2026-07-13,426.4700012207031,431.54998779296875,425.5299987792969,429.0899963378906,426.4640197753906,3863800,0.0,0.0
2026-07-14,431.0,432.1499938964844,421.7900085449219,425.19000244140625,422.587890625,5135900,0.0,0.0
2026-07-15,419.489990234375,424.1099853515625,414.3699951171875,418.5199890136719,415.95867919921875,6764800,0.0,0.0
2026-07-16,449.3900146484375,461.6199951171875,420.3699951171875,423.3800048828125,420.7889709472656,13281900,0.0,0.0
2026-07-17,426.7200012207031,437.4700012207031,425.1000061035156,426.0899963378906,423.48236083984375,10718100,0.0,0.0
2026-07-20,427.25,431.0199890136719,417.3800048828125,421.54998779296875,418.97015380859375,4818800,0.0,0.0
2026-07-21,422.4800109863281,437.0,420.5,436.3500061035156,433.6795959472656,6833600,0.0,0.0
2026-07-22,434.95001220703125,436.32000732421875,429.70001220703125,431.30999755859375,428.67041015625,4234100,0.0,0.0
2026-07-23,428.2699890136719,430.489990234375,420.3999938964844,423.55999755859375,420.9678649902344,4868700,0.0,0.0
2026-07-24,425.239990234375,429.0,418.9200134277344,420.739990234375,418.16510009765625,3752500,0.0,0.0
2026-07-27,422.510009765625,422.8800048828125,412.5400085449219,417.6400146484375,415.0841064453125,4615700,0.0,0.0
2026-07-28,419.92999267578125,430.4599914550781,415.1099853515625,428.7900085449219,426.1658630371094,5917300,0.0,0.0
2026-07-29,428.260009765625,431.67999267578125,420.3500061035156,420.57000732421875,417.99615478515625,5257900,0.0,0.0
2026-07-30,415.19000244140625,427.3399963378906,411.2900085449219,421.4700012207031,418.8906555175781,3647500,0.0,0.0
2026-07-31,422.0,422.80999755859375,414.05999755859375,414.3999938964844,411.8638916015625,3920900,0.0,0.0
2026-08-03,417.42999267578125,419.3399963378906,413.32000732421875,415.3599853515625,412.8180236816406,3209600,0.0,0.0
2026-08-04,415.55999755859375,416.0,406.6700134277344,407.54998779296875,405.0558166503906,5266300,0.0,0.0
2026-08-05,403.19000244140625,416.3599853515625,397.79998779296875,412.75,410.2239990234375,5399000,0.0,0.0
2026-08-06,415.2699890136719,416.9700012207031,402.3999938964844,403.9700012207031,401.49774169921875,4712400,0.0,0.0
2026-08-07,401.5899963378906,410.6400146484375,400.6600036621094,407.0799865722656,404.58868408203125,4095900,0.0,0.0
2026-08-10,408.6000061035156,413.07000732421875,407.989990234375,408.739990234375,406.238525390625,3182200,0.0,0.0
2026-08-11,409.0,410.8999938964844,401.32000732421875,402.19000244140625,399.7286376953125,3398900,0.0,0.0
2026-08-12,400.9800109863281,407.20001220703125,400.5,405.5899963378906,403.1078186035156,3317200,0.0,0.0
2026-08-13,405.5899963378906,407.32000732421875,398.5899963378906,399.05999755859375,396.6177978515625,4170200,0.0,0.0
2026-08-14,398.0,403.17999267578125,396.55999755859375,401.7300109863281,399.2714538574219,3476400,0.0,0.0
2026-08-17,398.57000732421875,398.8999938964844,391.42999267578125,395.6199951171875,393.1988525390625,5295100,0.0,0.0
2026-08-18,397.42999267578125,398.7900085449219,393.510009765625,393.92999267578125,391.5191650390625,3605100,0.0,0.0
2026-08-19,394.57000732421875,396.79998779296875,386.3299865722656,388.6099853515625,386.2317199707031,5268500,0.0,0.0
2026-08-20,388.25,392.7099914550781,383.8299865722656,384.8500061035156,382.4947509765625,4497200,0.0,0.0
2026-08-21,386.0,393.6600036621094,386.0,390.1099853515625,387.7225341796875,4879600,0.0,0.0
2026-08-24,391.0400085449219,399.5799865722656,390.8599853515625,398.760009765625,396.31964111328125,4683900,0.0,0.0
2026-08-25,397.79998779296875,399.0299987792969,395.6199951171875,396.5899963378906,394.16290283203125,2655000,0.0,0.0
2026-08-26,396.3299865722656,406.25,396.010009765625,401.010009765625,398.5558776855469,3557000,0.0,0.0
2026-08-27,396.8699951171875,399.8800048828125,393.7699890136719,395.04998779296875,392.63232421875,3668200,0.0,0.0
2026-08-28,396.4200134277344,396.739990234375,392.6600036621094,392.95001220703125,390.5451965332031,2455500,0.0,0.0
2026-08-31,393.5199890136719,394.489990234375,387.7099914550781,389.4100036621094,387.02685546875,5748000,0.0,0.0
2026-09-01,392.0799865722656,399.6000061035156,391.7799987792969,396.29998779296875,393.8746643066406,3716200,0.0,0.0
2026-09-02,399.2699890136719,401.1400146484375,396.510009765625,399.6600036621094,397.214111328125,3265300,0.0,0.0
2026-09-03,400.0199890136719,405.1600036621094,395.29998779296875,400.94000244140625,398.4862976074219,5488900,0.0,0.0
2026-09-04,397.04998779296875,402.2300109863281,395.20001220703125,397.1400146484375,394.7095642089844,5565400,0.0,0.0
2026-09-08,392.3999938964844,403.8900146484375,390.44000244140625,400.8399963378906,398.38690185546875,7049400,0.0,0.0
2026-09-09,405.1700134277344,406.5299987792969,378.0799865722656,393.05999755859375,390.6545104980469,7735200,0.0,0.0
2026-09-10,396.0,399.2699890136719,387.6000061035156,388.2799987792969,385.90374755859375,4339900,0.0,0.0
2026-09-11,390.4200134277344,391.7300109863281,375.8999938964844,379.0899963378906,376.7699890136719,7478400,0.0,0.0
2026-09-14,381.44000244140625,386.4599914550781,379.2799987792969,383.54998779296875,383.54998779296875,4474000,2.32,0.0
2026-09-15,383.54998779296875,383.79998779296875,375.5,375.92999267578125,375.92999267578125,4391400,0.0,0.0
2026-09-16,375.8999938964844,380.2200012207031,373.6300048828125,375.260009765625,375.260009765625,4414900,0.0,0.0
2026-09-17,376.45001220703125,380.5,374.20001220703125,375.2099914550781,375.2099914550781,4833700,0.0,0.0
2026-09-18,375.2900085449219,378.489990234375,372.4200134277344,376.8999938964844,376.8999938964844,8606300,0.0,0.0
2026-09-21,377.8699951171875,378.95001220703125,373.82000732421875,377.55999755859375,377.55999755859375,5712300,0.0,0.0
2026-09-22,381.3900146484375,381.3900146484375,372.4100036621094,372.95001220703125,372.95001220703125,4495000,0.0,0.0
2026-09-23,370.8900146484375,372.6099853515625,366.0,371.2900085449219,371.2900085449219,3859300,0.0,0.0
2026-09-24,371.9200134277344,375.2799987792969,368.5,375.010009765625,375.010009765625,4651000,0.0,0.0
2026-09-25,375.95001220703125,379.1700134277344,371.1700134277344,376.5899963378906,376.5899963378906,4077400,0.0,0.0
2026-09-28,376.3599853515625,380.9800109863281,374.55999755859375,377.8299865722656,377.8299865722656,4677100,0.0,0.0
2026-09-29,374.8800048828125,376.5899963378906,371.3299865722656,374.94000244140625,374.94000244140625,3284700,0.0,0.0
2026-09-30,374.92999267578125,374.92999267578125,365.7200012207031,367.0799865722656,367.0799865722656,4788300,0.0,0.0
2026-10-01,367.989990234375,371.8599853515625,362.6000061035156,365.20001220703125,365.20001220703125,3940700,0.0,0.0
2026-10-02,365.1400146484375,372.67999267578125,364.4700012207031,371.8999938964844,371.8999938964844,3306900,0.0,0.0
