Date,Open,High,Low,Close,Adj Close,Volume,Dividends,Stock Splits
2015-01-02,55.11000061035156,55.189998626708984,54.189998626708984,54.70000076293945,39.5092887878418,11700900,0.0,0.0
2015-01-05,54.13999938964844,54.36000061035156,53.099998474121094,53.20000076293945,38.42586135864258,15000500,0.0,0.0
2015-01-06,53.349998474121094,53.470001220703125,51.849998474121094,52.09000015258789,37.624114990234375,20211200,0.0,0.0
2015-01-07,52.630001068115234,52.63999938964844,52.11000061035156,52.400001525878906,37.8480224609375,15714700,0.0,0.0
2015-01-08,53.0,53.59000015258789,52.959999084472656,53.560001373291016,38.68588638305664,16721600,0.0,0.0
2015-01-09,53.540000915527344,53.59000015258789,52.66999816894531,52.68000030517578,38.05026626586914,14550800,0.0,0.0
2015-01-12,52.58000183105469,52.689998626708984,51.709999084472656,52.04999923706055,37.59523010253906,16967500,0.0,0.0
2015-01-13,52.29999923706055,52.529998779296875,51.25,51.849998474121094,37.45075988769531,25080900,0.0,0.0
2015-01-14,51.0,51.72999954223633,50.41999816894531,51.25,37.01739501953125,37590100,0.0,0.0
2015-01-15,51.209999084472656,51.540000915527344,50.459999084472656,50.720001220703125,36.63459014892578,32144700,0.0,0.0
2015-01-16,50.529998779296875,51.70000076293945,50.5099983215332,51.63999938964844,37.29908752441406,23174900,0.0,0.0
2015-01-20,51.97999954223633,52.29999923706055,51.70000076293945,52.0,37.55911636352539,17691000,0.0,0.0
2015-01-21,51.9900016784668,52.70000076293945,51.709999084472656,52.099998474121094,37.6313362121582,17928300,0.0,0.0
2015-01-22,52.4900016784668,53.81999969482422,52.47999954223633,53.77000045776367,38.83757781982422,21488700,0.0,0.0
2015-01-23,53.72999954223633,53.97999954223633,53.2400016784668,53.2599983215332,38.46918869018555,17779700,0.0,0.0
2015-01-26,52.90999984741211,53.599998474121094,52.88999938964844,53.58000183105469,38.7003288269043,13429400,0.0,0.0
2015-01-27,52.93000030517578,53.34000015258789,52.56999969482422,52.970001220703125,38.259735107421875,14351600,0.0,0.0
2015-01-28,53.310001373291016,53.36000061035156,52.150001525878906,52.15999984741211,37.674678802490234,18775100,0.0,0.0
2015-01-29,52.2400016784668,52.900001525878906,51.900001525878906,52.7599983215332,38.108055114746094,16700000,0.0,0.0
2015-01-30,52.20000076293945,52.77000045776367,51.900001525878906,51.91999816894531,37.50131607055664,21754800,0.0,0.0
2015-02-02,52.189998626708984,52.90999984741211,51.9900016784668,52.810001373291016,38.14415740966797,17714500,0.0,0.0
2015-02-03,53.0099983215332,53.529998779296875,52.970001220703125,53.45000076293945,38.60643768310547,20258900,0.0,0.0
2015-02-04,53.029998779296875,53.5,52.900001525878906,53.029998779296875,38.55553436279297,14435600,0.35,0.0
2015-02-05,53.2400016784668,53.84000015258789,53.220001220703125,53.66999816894531,39.02085876464844,13281900,0.0,0.0
2015-02-06,54.119998931884766,55.08000183105469,53.83000183105469,54.45000076293945,39.587947845458984,19317000,0.0,0.0
2015-02-09,54.27000045776367,54.45000076293945,54.08000183105469,54.209999084472656,39.41346740722656,9739200,0.0,0.0
2015-02-10,54.619998931884766,54.709999084472656,54.220001220703125,54.56999969482422,39.67519760131836,12342500,0.0,0.0
2015-02-11,54.060001373291016,54.2599983215332,53.65999984741211,53.900001525878906,39.188079833984375,18296800,0.0,0.0
2015-02-12,54.189998626708984,54.900001525878906,53.970001220703125,54.86000061035156,39.88603973388672,20159500,0.0,0.0
2015-02-13,54.97999954223633,55.560001373291016,54.810001373291016,55.33000183105469,40.22775650024414,18809000,0.0,0.0
2015-02-17,55.310001373291016,55.459999084472656,54.95000076293945,55.369998931884766,40.2568359375,11908600,0.0,0.0
2015-02-18,55.09000015258789,55.20000076293945,54.400001525878906,54.52000045776367,39.638851165771484,13231600,0.0,0.0
2015-02-19,54.40999984741211,54.81999969482422,54.130001068115234,54.560001373291016,39.66792678833008,10784600,0.0,0.0
2015-02-20,54.40999984741211,54.939998626708984,54.029998779296875,54.83000183105469,39.864227294921875,15049100,0.0,0.0
2015-02-23,54.68000030517578,55.11000061035156,54.27000045776367,55.099998474121094,40.0605354309082,13715000,0.0,0.0
2015-02-24,55.189998626708984,55.540000915527344,55.02000045776367,55.369998931884766,40.2568359375,11957800,0.0,0.0
2015-02-25,55.38999938964844,55.58000183105469,55.2400016784668,55.33000183105469,40.22775650024414,10516900,0.0,0.0
2015-02-26,55.220001220703125,55.349998474121094,54.959999084472656,55.150001525878906,40.09688949584961,13579100,0.0,0.0
2015-02-27,54.81999969482422,55.279998779296875,54.790000915527344,54.790000915527344,39.83514404296875,12937000,0.0,0.0
2015-03-02,54.790000915527344,55.560001373291016,54.720001220703125,55.54999923706055,40.3877067565918,12988500,0.0,0.0
2015-03-03,55.45000076293945,55.58000183105469,55.13999938964844,55.45000076293945,40.31500244140625,11759600,0.0,0.0
2015-03-04,55.16999816894531,55.20000076293945,54.66999816894531,54.81999969482422,39.856956481933594,16653300,0.0,0.0
2015-03-05,54.939998626708984,55.0099983215332,54.650001525878906,54.84000015258789,39.87150955200195,9576100,0.0,0.0
2015-03-06,54.97999954223633,55.4900016784668,54.5099983215332,54.59000015258789,39.68973922729492,17298400,0.0,0.0
2015-03-09,54.779998779296875,55.0099983215332,54.630001068115234,54.66999816894531,39.74789047241211,11937900,0.0,0.0
2015-03-10,54.15999984741211,54.16999816894531,53.290000915527344,53.290000915527344,38.74457550048828,18723200,0.0,0.0
2015-03-11,53.869998931884766,53.9900016784668,53.599998474121094,53.70000076293945,39.04266357421875,16612900,0.0,0.0
2015-03-12,54.52000045776367,55.63999938964844,54.20000076293945,55.59000015258789,40.41679000854492,26266900,0.0,0.0
2015-03-13,55.4900016784668,55.650001525878906,55.02000045776367,55.34000015258789,40.23501968383789,17591400,0.0,0.0
2015-03-16,55.5,55.81999969482422,55.33000183105469,55.72999954223633,40.518577575683594,15505200,0.0,0.0
2015-03-17,55.5,55.97999954223633,55.2599983215332,55.90999984741211,40.64944076538086,13107700,0.0,0.0
2015-03-18,55.68000030517578,56.279998779296875,55.4900016784668,56.16999816894531,40.838470458984375,20000500,0.0,0.0
2015-03-19,55.95000076293945,55.97999954223633,55.2400016784668,55.5099983215332,40.35862731933594,14841100,0.0,0.0
2015-03-20,55.529998779296875,56.209999084472656,55.52000045776367,56.0099983215332,40.7221565246582,26487200,0.0,0.0
2015-03-23,56.029998779296875,56.290000915527344,55.72999954223633,55.779998779296875,40.554931640625,16477400,0.0,0.0
2015-03-24,55.70000076293945,55.869998931884766,55.349998474121094,55.349998474121094,40.2422981262207,13927400,0.0,0.0
2015-03-25,55.2599983215332,55.36000061035156,54.540000915527344,54.540000915527344,39.653385162353516,15413700,0.0,0.0
2015-03-26,54.349998474121094,54.75,53.970001220703125,54.5,39.624305725097656,15038600,0.0,0.0
2015-03-27,54.540000915527344,54.599998474121094,53.959999084472656,54.119998931884766,39.348018646240234,13600300,0.0,0.0
2015-03-30,54.38999938964844,55.02000045776367,54.38999938964844,54.77000045776367,39.820594787597656,11706700,0.0,0.0
2015-03-31,54.470001220703125,54.689998626708984,54.189998626708984,54.400001525878906,39.551605224609375,13306200,0.0,0.0
2015-04-01,54.41999816894531,54.41999816894531,53.779998779296875,53.939998626708984,39.217159271240234,15436900,0.0,0.0
2015-04-02,53.95000076293945,54.47999954223633,53.81999969482422,54.369998931884766,39.5297966003418,13498900,0.0,0.0
2015-04-06,53.81999969482422,54.369998931884766,53.560001373291016,54.08000183105469,39.31894302368164,10786100,0.0,0.0
2015-04-07,54.279998779296875,54.38999938964844,53.97999954223633,54.02000045776367,39.27531814575195,10853700,0.0,0.0
2015-04-08,53.97999954223633,54.36000061035156,53.83000183105469,54.0,39.26076889038086,9828700,0.0,0.0
2015-04-09,54.060001373291016,54.290000915527344,53.72999954223633,54.189998626708984,39.3989143371582,10279400,0.0,0.0
2015-04-10,54.33000183105469,54.47999954223633,54.060001373291016,54.31999969482422,39.493438720703125,9531500,0.0,0.0
2015-04-13,54.33000183105469,54.72999954223633,54.279998779296875,54.59000015258789,39.68973922729492,14931600,0.0,0.0
2015-04-14,53.93000030517578,54.470001220703125,53.56999969482422,54.189998626708984,39.3989143371582,29289600,0.0,0.0
2015-04-15,54.369998931884766,54.90999984741211,54.189998626708984,54.810001373291016,39.84968948364258,16899900,0.0,0.0
2015-04-16,54.529998779296875,55.06999969482422,54.34000015258789,54.810001373291016,39.84968948364258,15643200,0.0,0.0
2015-04-17,54.40999984741211,54.560001373291016,53.97999954223633,54.04999923706055,39.297122955322266,17569700,0.0,0.0
2015-04-20,54.34000015258789,54.66999816894531,54.16999816894531,54.36000061035156,39.522525787353516,13327200,0.0,0.0
2015-04-21,54.54999923706055,54.849998474121094,54.189998626708984,54.279998779296875,39.46435546875,10954200,0.0,0.0
2015-04-22,54.310001373291016,54.90999984741211,54.15999984741211,54.66999816894531,39.74789047241211,13563800,0.0,0.0
2015-04-23,54.40999984741211,55.119998931884766,54.40999984741211,54.86000061035156,39.88603973388672,14657800,0.0,0.0
2015-04-24,54.7599983215332,54.91999816894531,54.61000061035156,54.70000076293945,39.769710540771484,15268100,0.0,0.0
2015-04-27,54.790000915527344,55.5,54.709999084472656,54.970001220703125,39.96602249145508,19852400,0.0,0.0
2015-04-28,54.90999984741211,55.43000030517578,54.869998931884766,55.40999984741211,40.28590393066406,13028300,0.0,0.0
2015-04-29,55.16999816894531,55.7599983215332,55.08000183105469,55.459999084472656,40.322265625,18144500,0.0,0.0
2015-04-30,55.650001525878906,55.650001525878906,54.779998779296875,55.099998474121094,40.0605354309082,16577800,0.0,0.0
2015-05-01,55.2599983215332,55.58000183105469,54.959999084472656,55.189998626708984,40.12596893310547,12069400,0.0,0.0
2015-05-04,55.27000045776367,55.77000045776367,55.2599983215332,55.72999954223633,40.518577575683594,9981800,0.0,0.0
2015-05-05,55.72999954223633,56.20000076293945,55.599998474121094,55.720001220703125,40.51130294799805,17068100,0.0,0.0
2015-05-06,55.43000030517578,55.599998474121094,54.45000076293945,54.91999816894531,40.200218200683594,15670700,0.375,0.0
2015-05-07,54.959999084472656,55.189998626708984,54.61000061035156,54.810001373291016,40.11970138549805,14723100,0.0,0.0
2015-05-08,55.16999816894531,56.04999923706055,55.09000015258789,56.04999923706055,41.0273551940918,17477500,0.0,0.0
2015-05-11,55.91999816894531,55.959999084472656,55.439998626708984,55.5099983215332,40.63208770751953,12922100,0.0,0.0
2015-05-12,55.310001373291016,55.63999938964844,55.0,55.470001220703125,40.602806091308594,11705900,0.0,0.0
2015-05-13,55.470001220703125,55.83000183105469,55.369998931884766,55.599998474121094,40.69795608520508,11448100,0.0,0.0
2015-05-14,55.95000076293945,56.130001068115234,55.720001220703125,56.040000915527344,41.02003479003906,11025400,0.0,0.0
2015-05-15,56.040000915527344,56.040000915527344,55.29999923706055,55.52000045776367,40.63939666748047,13323200,0.0,0.0
2015-05-18,55.58000183105469,55.97999954223633,55.54999923706055,55.75,40.80775833129883,10637300,0.0,0.0
2015-05-19,55.900001525878906,56.70000076293945,55.88999938964844,56.400001525878906,41.28354263305664,17194100,0.0,0.0
2015-05-20,56.31999969482422,56.369998931884766,55.93000030517578,56.08000183105469,41.04930114746094,13292000,0.0,0.0
2015-05-21,55.90999984741211,56.18000030517578,55.83000183105469,56.0099983215332,40.998069763183594,13466700,0.0,0.0
2015-05-22,56.040000915527344,56.22999954223633,55.9900016784668,56.0,40.99074172973633,8568800,0.0,0.0
2015-05-26,55.970001220703125,56.0,55.459999084472656,55.65999984741211,40.74188232421875,15859100,0.0,0.0
2015-05-27,55.91999816894531,56.310001373291016,55.709999084472656,56.06999969482422,41.041988372802734,12526100,0.0,0.0
2015-05-28,56.11000061035156,56.29999923706055,55.88999938964844,56.209999084472656,41.14445877075195,10348700,0.0,0.0
2015-05-29,56.25,56.2599983215332,55.68000030517578,55.959999084472656,40.96147918701172,17291500,0.0,0.0
2015-06-01,56.2400016784668,56.4900016784668,55.79999923706055,56.040000915527344,41.02003479003906,15746200,0.0,0.0
2015-06-02,56.0099983215332,56.45000076293945,55.7400016784668,56.18000030517578,41.12250518798828,13148700,0.0,0.0
2015-06-03,56.349998474121094,57.20000076293945,56.349998474121094,56.90999984741211,41.6568489074707,16197700,0.0,0.0
2015-06-04,56.529998779296875,56.88999938964844,55.93000030517578,56.13999938964844,41.093238830566406,17627100,0.0,0.0
2015-06-05,57.040000915527344,57.220001220703125,56.400001525878906,56.61000061035156,41.43726348876953,16890300,0.0,0.0
2015-06-08,56.939998626708984,56.939998626708984,56.119998931884766,56.119998931884766,41.07857894897461,14248400,0.0,0.0
2015-06-09,56.22999954223633,56.93000030517578,56.0,56.70000076293945,41.503135681152344,14669900,0.0,0.0
2015-06-10,56.97999954223633,57.56999969482422,56.90999984741211,57.209999084472656,41.876434326171875,18622400,0.0,0.0
2015-06-11,57.2599983215332,57.56999969482422,57.06999969482422,57.2599983215332,41.91304397583008,13943300,0.0,0.0
2015-06-12,57.130001068115234,57.290000915527344,56.7400016784668,57.09000015258789,41.78861999511719,13439000,0.0,0.0
2015-06-15,56.650001525878906,57.06999969482422,56.47999954223633,56.97999954223633,41.708099365234375,12920600,0.0,0.0
2015-06-16,56.849998474121094,57.2400016784668,56.72999954223633,57.220001220703125,41.88377380371094,10476100,0.0,0.0
2015-06-17,57.310001373291016,57.54999923706055,57.099998474121094,57.16999816894531,41.847164154052734,17497700,0.0,0.0
2015-06-18,57.290000915527344,57.84000015258789,57.189998626708984,57.70000076293945,42.2351188659668,18299900,0.0,0.0
2015-06-19,57.41999816894531,57.56999969482422,57.04999923706055,57.04999923706055,41.75932312011719,36241100,0.0,0.0
2015-06-22,57.58000183105469,58.040000915527344,57.529998779296875,57.90999984741211,42.38883590698242,15111200,0.0,0.0
2015-06-23,58.0,58.2599983215332,57.7599983215332,57.88999938964844,42.374183654785156,13354200,0.0,0.0
2015-06-24,57.66999816894531,58.150001525878906,57.540000915527344,57.540000915527344,42.11799621582031,16166600,0.0,0.0
2015-06-25,57.75,57.790000915527344,57.130001068115234,57.16999816894531,41.847164154052734,14053600,0.0,0.0
2015-06-26,57.34000015258789,57.58000183105469,57.290000915527344,57.439998626708984,42.0447998046875,16975900,0.0,0.0
2015-06-29,56.79999923706055,57.189998626708984,56.0099983215332,56.060001373291016,41.03466796875,19289700,0.0,0.0
2015-06-30,56.540000915527344,56.880001068115234,55.9900016784668,56.2400016784668,41.16642379760742,17346700,0.0,0.0
2015-07-01,57.09000015258789,57.20000076293945,56.61000061035156,56.90999984741211,41.6568489074707,12165300,0.0,0.0
2015-07-02,56.84000015258789,57.13999938964844,56.52000045776367,56.7400016784668,41.53242874145508,10106800,0.0,0.0
2015-07-06,56.099998474121094,56.529998779296875,56.0099983215332,56.439998626708984,41.31281661987305,11682100,0.0,0.0
2015-07-07,56.31999969482422,56.470001220703125,55.08000183105469,56.25,41.17374801635742,15831800,0.0,0.0
2015-07-08,55.84000015258789,56.16999816894531,55.209999084472656,55.25,40.441776275634766,12906600,0.0,0.0
2015-07-09,56.060001373291016,56.150001525878906,55.439998626708984,55.5,40.624755859375,13623200,0.0,0.0
2015-07-10,56.33000183105469,56.459999084472656,55.86000061035156,56.08000183105469,41.04930114746094,13269600,0.0,0.0
2015-07-13,56.560001373291016,56.7599983215332,56.41999816894531,56.7400016784668,41.53242874145508,15521800,0.0,0.0
2015-07-14,56.459999084472656,57.369998931884766,56.38999938964844,57.25,41.90572738647461,20066300,0.0,0.0
2015-07-15,57.40999984741211,58.15999984741211,57.2599983215332,57.779998779296875,42.293670654296875,17159400,0.0,0.0
2015-07-16,58.2400016784668,58.349998474121094,57.97999954223633,58.16999816894531,42.57914352416992,13194500,0.0,0.0
2015-07-17,57.970001220703125,58.04999923706055,57.4900016784668,57.939998626708984,42.41078186035156,12963900,0.0,0.0
2015-07-20,57.9900016784668,58.290000915527344,57.880001068115234,58.04999923706055,42.49130630493164,10084900,0.0,0.0
2015-07-21,58.02000045776367,58.369998931884766,57.75,57.95000076293945,42.4181022644043,12504300,0.0,0.0
2015-07-22,58.06999969482422,58.59000015258789,57.9900016784668,58.52000045776367,42.835330963134766,14871100,0.0,0.0
2015-07-23,58.72999954223633,58.77000045776367,58.06999969482422,58.209999084472656,42.608421325683594,13582200,0.0,0.0
2015-07-24,58.18000030517578,58.34000015258789,57.70000076293945,57.779998779296875,42.293670654296875,13157300,0.0,0.0
2015-07-27,57.47999954223633,57.84000015258789,57.34000015258789,57.59000015258789,42.15459060668945,15495300,0.0,0.0
2015-07-28,57.72999954223633,57.84000015258789,57.15999984741211,57.400001525878906,42.01551055908203,16730600,0.0,0.0
2015-07-29,57.599998474121094,58.130001068115234,57.41999816894531,57.959999084472656,42.4254264831543,13718400,0.0,0.0
2015-07-30,57.849998474121094,58.189998626708984,57.720001220703125,58.150001525878906,42.56450653076172,9864800,0.0,0.0
2015-07-31,58.22999954223633,58.25,57.790000915527344,57.869998931884766,42.35954284667969,12369800,0.0,0.0
2015-08-03,58.06999969482422,58.06999969482422,57.5,57.90999984741211,42.38883590698242,13085900,0.0,0.0
2015-08-04,57.77000045776367,58.15999984741211,57.709999084472656,57.81999969482422,42.32294845581055,12324700,0.0,0.0
2015-08-05,57.810001373291016,58.02000045776367,57.47999954223633,57.650001525878906,42.4739875793457,12032500,0.375,0.0
2015-08-06,57.650001525878906,57.95000076293945,57.40999984741211,57.529998779296875,42.385589599609375,12556600,0.0,0.0
2015-08-07,57.56999969482422,57.86000061035156,57.040000915527344,57.470001220703125,42.341365814208984,13596200,0.0,0.0
2015-08-10,57.79999923706055,57.97999954223633,57.68000030517578,57.939998626708984,42.68764114379883,12397500,0.0,0.0
2015-08-11,57.22999954223633,57.54999923706055,56.97999954223633,57.209999084472656,42.14979934692383,15425500,0.0,0.0
2015-08-12,56.900001525878906,56.95000076293945,56.20000076293945,56.720001220703125,41.78879928588867,21663200,0.0,0.0
2015-08-13,56.75,57.130001068115234,56.630001068115234,56.88999938964844,41.91404724121094,11868600,0.0,0.0
2015-08-14,56.88999938964844,57.369998931884766,56.81999969482422,57.33000183105469,42.238224029541016,9742500,0.0,0.0
2015-08-17,57.02000045776367,57.5,56.93000030517578,57.349998474121094,42.252960205078125,11462500,0.0,0.0
2015-08-18,57.40999984741211,57.720001220703125,57.27000045776367,57.540000915527344,42.3929443359375,10581500,0.0,0.0
2015-08-19,57.279998779296875,57.54999923706055,56.95000076293945,57.060001373291016,42.03929901123047,13744600,0.0,0.0
2015-08-20,56.459999084472656,56.58000183105469,56.11000061035156,56.119998931884766,41.34674072265625,20857700,0.0,0.0
2015-08-21,55.33000183105469,55.779998779296875,53.959999084472656,53.970001220703125,39.76272201538086,31954400,0.0,0.0
2015-08-24,49.20000076293945,53.2400016784668,47.75,51.25,37.75875473022461,40198100,0.0,0.0
2015-08-25,53.54999923706055,53.650001525878906,50.0,50.02000045776367,36.8525276184082,31041800,0.0,0.0
2015-08-26,51.560001373291016,52.40999984741211,50.58000183105469,52.29999923706055,38.53234100341797,30235800,0.0,0.0
2015-08-27,53.439998626708984,54.099998474121094,52.880001068115234,54.029998779296875,39.80693435668945,26452500,0.0,0.0
2015-08-28,53.75,53.93000030517578,53.040000915527344,53.540000915527344,39.44593048095703,18342200,0.0,0.0
2015-08-31,53.400001525878906,53.560001373291016,53.060001373291016,53.33000183105469,39.291202545166016,13842200,0.0,0.0
2015-09-01,52.11000061035156,52.31999969482422,50.529998779296875,50.9900016784668,37.56718444824219,28031700,0.0,0.0
2015-09-02,52.4900016784668,52.4900016784668,51.27000045776367,51.9900016784668,38.303955078125,20919600,0.0,0.0
2015-09-03,52.38999938964844,53.0,52.220001220703125,52.43000030517578,38.62812042236328,15719000,0.0,0.0
2015-09-04,51.79999923706055,51.81999969482422,50.7599983215332,51.290000915527344,37.788211822509766,22303800,0.0,0.0
2015-09-08,52.650001525878906,52.97999954223633,51.97999954223633,52.93000030517578,38.99650192260742,19685400,0.0,0.0
2015-09-09,53.61000061035156,53.70000076293945,52.02000045776367,52.189998626708984,38.45130157470703,16221500,0.0,0.0
2015-09-10,52.06999969482422,52.86000061035156,51.79999923706055,52.560001373291016,38.723899841308594,17996200,0.0,0.0
2015-09-11,52.34000015258789,52.65999984741211,52.029998779296875,52.619998931884766,38.768096923828125,12549400,0.0,0.0
2015-09-14,52.630001068115234,52.880001068115234,52.40999984741211,52.77000045776367,38.87862014770508,16225600,0.0,0.0
2015-09-15,53.040000915527344,53.790000915527344,52.81999969482422,53.470001220703125,39.394344329833984,14305500,0.0,0.0
2015-09-16,53.52000045776367,53.88999938964844,52.900001525878906,53.720001220703125,39.57853317260742,15218500,0.0,0.0
2015-09-17,53.70000076293945,53.90999984741211,52.029998779296875,52.209999084472656,38.46603012084961,25025800,0.0,0.0
2015-09-18,51.27000045776367,51.47999954223633,50.70000076293945,51.040000915527344,37.60403060913086,39561600,0.0,0.0
2015-09-21,51.52000045776367,51.75,51.18000030517578,51.54999923706055,37.979766845703125,16673300,0.0,0.0
2015-09-22,50.869998931884766,51.150001525878906,50.33000183105469,50.689998626708984,37.346153259277344,21761300,0.0,0.0
2015-09-23,50.880001068115234,50.939998626708984,50.5,50.779998779296875,37.412471771240234,12521200,0.0,0.0
2015-09-24,50.09000015258789,50.68000030517578,49.79999923706055,50.54999923706055,37.24302291870117,17064300,0.0,0.0
2015-09-25,51.36000061035156,51.869998931884766,51.06999969482422,51.47999954223633,37.92820739746094,18394800,0.0,0.0
2015-09-28,51.06999969482422,51.29999923706055,50.20000076293945,50.369998931884766,37.11040115356445,17647900,0.0,0.0
2015-09-29,50.470001220703125,50.959999084472656,50.0,50.88999938964844,37.493499755859375,20816400,0.0,0.0
2015-09-30,51.630001068115234,51.720001220703125,50.70000076293945,51.349998474121094,37.83242416381836,20514800,0.0,0.0
2015-10-01,51.5099983215332,51.86000061035156,50.91999816894531,51.439998626708984,37.89872741699219,15556600,0.0,0.0
2015-10-02,50.279998779296875,51.290000915527344,49.5099983215332,51.2599983215332,37.766109466552734,21630300,0.0,0.0
2015-10-05,51.709999084472656,52.56999969482422,51.5,52.40999984741211,38.613380432128906,15240700,0.0,0.0
2015-10-06,52.18000030517578,52.540000915527344,51.91999816894531,52.029998779296875,38.33342742919922,14490700,0.0,0.0
2015-10-07,52.4900016784668,52.72999954223633,51.90999984741211,52.189998626708984,38.45130157470703,13863500,0.0,0.0
2015-10-08,52.22999954223633,52.59000015258789,51.77000045776367,52.540000915527344,38.70915222167969,15384100,0.0,0.0
2015-10-09,53.02000045776367,53.06999969482422,51.97999954223633,52.13999938964844,38.414451599121094,16983100,0.0,0.0
2015-10-12,52.119998931884766,52.43000030517578,51.75,52.18000030517578,38.443931579589844,10639000,0.0,0.0
2015-10-13,52.02000045776367,52.310001373291016,51.709999084472656,51.86000061035156,38.20817565917969,16002200,0.0,0.0
2015-10-14,51.70000076293945,51.900001525878906,50.7400016784668,51.5,37.94293975830078,26269100,0.0,0.0
2015-10-15,51.97999954223633,52.70000076293945,51.7599983215332,52.689998626708984,38.81967544555664,18262400,0.0,0.0
2015-10-16,53.150001525878906,53.189998626708984,52.5099983215332,52.880001068115234,38.959651947021484,15676300,0.0,0.0
2015-10-19,52.7599983215332,53.0099983215332,52.45000076293945,52.560001373291016,38.723899841308594,15515700,0.0,0.0
2015-10-20,52.619998931884766,53.290000915527344,52.58000183105469,53.08000183105469,39.10700607299805,13583300,0.0,0.0
2015-10-21,53.040000915527344,53.86000061035156,53.029998779296875,53.119998931884766,39.13648223876953,17666700,0.0,0.0
2015-10-22,53.400001525878906,54.45000076293945,53.400001525878906,54.060001373291016,39.82903289794922,18263200,0.0,0.0
2015-10-23,54.34000015258789,54.79999923706055,54.11000061035156,54.75,40.33740234375,16924800,0.0,0.0
2015-10-26,54.7599983215332,54.810001373291016,54.15999984741211,54.290000915527344,39.99848937988281,12661400,0.0,0.0
2015-10-27,53.97999954223633,54.33000183105469,53.81999969482422,54.119998931884766,39.873226165771484,12443900,0.0,0.0
2015-10-28,54.2400016784668,55.5,54.16999816894531,55.45000076293945,40.853126525878906,16681600,0.0,0.0
2015-10-29,55.38999938964844,55.56999969482422,54.90999984741211,55.09000015258789,40.587890625,11334900,0.0,0.0
2015-10-30,55.06999969482422,55.06999969482422,54.029998779296875,54.13999938964844,39.887969970703125,18450500,0.0,0.0
2015-11-02,54.209999084472656,55.02000045776367,54.130001068115234,54.849998474121094,40.41107177734375,10992300,0.0,0.0
2015-11-03,54.68000030517578,55.150001525878906,54.45000076293945,54.93000030517578,40.47001266479492,10709100,0.0,0.0
2015-11-04,54.560001373291016,54.75,54.380001068115234,54.58000183105469,40.48857116699219,12823600,0.375,0.0
2015-11-05,54.349998474121094,55.08000183105469,54.349998474121094,54.86000061035156,40.69626998901367,12263900,0.0,0.0
2015-11-06,56.040000915527344,56.34000015258789,55.560001373291016,55.849998474121094,41.43065643310547,22376800,0.0,0.0
2015-11-09,56.08000183105469,56.220001220703125,55.13999938964844,55.470001220703125,41.148765563964844,17609700,0.0,0.0
2015-11-10,55.29999923706055,55.959999084472656,55.22999954223633,55.90999984741211,41.47517013549805,13475900,0.0,0.0
2015-11-11,56.130001068115234,56.16999816894531,55.5099983215332,55.79999923706055,41.393577575683594,10808500,0.0,0.0
2015-11-12,55.52000045776367,55.75,55.16999816894531,55.16999816894531,40.926231384277344,17552200,0.0,0.0
2015-11-13,55.02000045776367,55.36000061035156,54.33000183105469,54.56999969482422,40.481136322021484,16550200,0.0,0.0
2015-11-16,54.47999954223633,55.27000045776367,54.400001525878906,55.27000045776367,41.00040817260742,11955400,0.0,0.0
2015-11-17,55.33000183105469,55.4900016784668,54.84000015258789,54.959999084472656,40.77045440673828,11331900,0.0,0.0
2015-11-18,55.060001373291016,55.77000045776367,54.970001220703125,55.66999816894531,41.297149658203125,16612600,0.0,0.0
2015-11-19,55.77000045776367,56.06999969482422,55.459999084472656,55.970001220703125,41.519683837890625,12167600,0.0,0.0
2015-11-20,56.2599983215332,56.2599983215332,55.720001220703125,55.81999969482422,41.408416748046875,16264100,0.0,0.0
2015-11-23,55.900001525878906,56.040000915527344,55.560001373291016,55.599998474121094,41.245208740234375,9638100,0.0,0.0
2015-11-24,55.13999938964844,55.47999954223633,54.88999938964844,55.279998779296875,41.00782775878906,14156500,0.0,0.0
2015-11-25,55.459999084472656,55.52000045776367,55.099998474121094,55.220001220703125,40.96331787109375,10034400,0.0,0.0
2015-11-27,55.34000015258789,55.470001220703125,54.97999954223633,55.38999938964844,41.08942794799805,4914000,0.0,0.0
2015-11-30,55.459999084472656,55.689998626708984,55.099998474121094,55.099998474121094,40.874298095703125,15998900,0.0,0.0
2015-12-01,55.5099983215332,55.77000045776367,55.27000045776367,55.709999084472656,41.326805114746094,15543400,0.0,0.0
2015-12-02,55.79999923706055,55.79999923706055,55.0,55.08000183105469,40.85946273803711,12779900,0.0,0.0
2015-12-03,55.130001068115234,55.220001220703125,54.029998779296875,54.20000076293945,40.2066650390625,15410100,0.0,0.0
2015-12-04,54.47999954223633,55.880001068115234,54.310001373291016,55.66999816894531,41.297149658203125,19647700,0.0,0.0
2015-12-07,55.45000076293945,55.560001373291016,55.02000045776367,55.41999816894531,41.111690521240234,17991600,0.0,0.0
2015-12-08,54.97999954223633,55.209999084472656,54.279998779296875,54.400001525878906,40.355037689208984,19949500,0.0,0.0
2015-12-09,54.119998931884766,54.939998626708984,53.709999084472656,54.119998931884766,40.14730453491211,18499600,0.0,0.0
2015-12-10,54.25,54.9900016784668,53.880001068115234,54.34000015258789,40.31052780151367,14075300,0.0,0.0
2015-12-11,53.45000076293945,53.939998626708984,52.9900016784668,53.310001373291016,39.546443939208984,17815700,0.0,0.0
2015-12-14,53.31999969482422,53.56999969482422,52.75,53.20000076293945,39.46484375,22055100,0.0,0.0
2015-12-15,53.83000183105469,55.119998931884766,53.810001373291016,54.90999984741211,40.73334503173828,19056700,0.0,0.0
2015-12-16,55.209999084472656,56.040000915527344,54.81999969482422,55.849998474121094,41.43065643310547,21086800,0.0,0.0
2015-12-17,56.11000061035156,56.2400016784668,55.470001220703125,55.470001220703125,41.148765563964844,18800500,0.0,0.0
2015-12-18,55.0,55.150001525878906,53.790000915527344,53.790000915527344,39.90251922607422,31468600,0.0,0.0
2015-12-21,54.29999923706055,54.540000915527344,53.54999923706055,54.02000045776367,40.07313537597656,12993400,0.0,0.0
2015-12-22,54.36000061035156,54.5,53.70000076293945,54.34000015258789,40.31052780151367,10318100,0.0,0.0
2015-12-23,54.599998474121094,55.060001373291016,54.459999084472656,55.040000915527344,40.82979202270508,13033600,0.0,0.0
2015-12-24,54.970001220703125,55.09000015258789,54.709999084472656,54.81999969482422,40.66658020019531,4999400,0.0,0.0
2015-12-28,54.54999923706055,54.779998779296875,54.16999816894531,54.68000030517578,40.56273651123047,8288800,0.0,0.0
2015-12-29,55.11000061035156,55.349998474121094,54.9900016784668,55.290000915527344,41.01523971557617,7894900,0.0,0.0
2015-12-30,55.27000045776367,55.310001373291016,54.790000915527344,54.88999938964844,40.71851348876953,8016900,0.0,0.0
2015-12-31,54.5099983215332,54.95000076293945,54.220001220703125,54.36000061035156,40.32536315917969,10929800,0.0,0.0
2016-01-04,53.09000015258789,53.27000045776367,52.29999923706055,52.90999984741211,39.24971008300781,25985400,0.0,0.0
2016-01-05,52.93000030517578,53.27000045776367,52.54999923706055,52.88999938964844,39.234886169433594,14759600,0.0,0.0
2016-01-06,52.119998931884766,52.619998931884766,51.83000183105469,51.880001068115234,38.48564147949219,20026400,0.0,0.0
2016-01-07,51.0099983215332,51.189998626708984,50.150001525878906,50.400001525878906,37.387752532958984,30425600,0.0,0.0
2016-01-08,50.79999923706055,50.86000061035156,49.459999084472656,49.560001373291016,36.764625549316406,22981400,0.0,0.0
2016-01-11,50.18000030517578,50.33000183105469,49.63999938964844,50.09000015258789,37.15778732299805,19046400,0.0,0.0
2016-01-12,50.880001068115234,51.52000045776367,50.45000076293945,51.36000061035156,38.09989929199219,28961500,0.0,0.0
2016-01-13,51.72999954223633,51.79999923706055,49.5,49.72999954223633,36.89072036743164,22013500,0.0,0.0
2016-01-14,50.08000183105469,51.0,49.599998474121094,50.63999938964844,37.5657844543457,24569800,0.0,0.0
2016-01-15,48.59000015258789,49.63999938964844,48.130001068115234,48.81999969482422,36.215667724609375,41090400,0.0,0.0
2016-01-19,49.25,49.540000915527344,47.9900016784668,48.209999084472656,35.76315689086914,29918500,0.0,0.0
2016-01-20,47.279998779296875,48.25,46.880001068115234,47.869998931884766,35.51093673706055,40241100,0.0,0.0
2016-01-21,48.029998779296875,49.04999923706055,47.90999984741211,48.0099983215332,35.61479187011719,24272900,0.0,0.0
2016-01-22,49.029998779296875,49.27000045776367,48.560001373291016,49.02000045776367,36.36402893066406,18298700,0.0,0.0
2016-01-25,48.90999984741211,48.97999954223633,47.619998931884766,47.65999984741211,35.355159759521484,23440800,0.0,0.0
2016-01-26,47.75,48.560001373291016,47.65999984741211,48.2599983215332,35.800254821777344,18895100,0.0,0.0
2016-01-27,48.29999923706055,49.29999923706055,48.130001068115234,48.56999969482422,36.03021240234375,20441500,0.0,0.0
2016-01-28,49.099998474121094,49.400001525878906,48.599998474121094,48.91999816894531,36.28984832763672,21306600,0.0,0.0
2016-01-29,49.290000915527344,50.25,49.16999816894531,50.22999954223633,37.26163101196289,25358300,0.0,0.0
2016-02-01,50.119998931884766,50.18000030517578,49.560001373291016,49.939998626708984,37.0465087890625,17385400,0.0,0.0
2016-02-02,49.2599983215332,49.31999969482422,48.779998779296875,48.83000183105469,36.22308349609375,25593200,0.0,0.0
2016-02-03,48.45000076293945,48.5099983215332,46.5099983215332,47.599998474121094,35.58392333984375,47149700,0.375,0.0
2016-02-04,47.400001525878906,48.61000061035156,47.369998931884766,48.25,36.06982421875,30851700,0.0,0.0
2016-02-05,48.349998474121094,48.65999984741211,47.599998474121094,47.86000061035156,35.778289794921875,23733700,0.0,0.0
2016-02-08,47.11000061035156,47.34000015258789,46.060001373291016,46.5,34.76160430908203,31172100,0.0,0.0
2016-02-09,45.61000061035156,46.7599983215332,45.36000061035156,46.45000076293945,34.72423553466797,29896200,0.0,0.0
2016-02-10,46.880001068115234,47.220001220703125,46.11000061035156,46.16999816894531,34.514896392822266,19885500,0.0,0.0
2016-02-11,44.93000030517578,45.529998779296875,44.5,45.15999984741211,33.75988006591797,32570900,0.0,0.0
2016-02-12,45.959999084472656,47.38999938964844,45.93000030517578,47.310001373291016,35.36713409423828,28533900,0.0,0.0
2016-02-16,48.04999923706055,48.40999984741211,47.56999969482422,48.2400016784668,36.06236267089844,20410600,0.0,0.0
2016-02-17,48.650001525878906,48.959999084472656,47.9900016784668,48.130001068115234,35.98012924194336,18060500,0.0,0.0
2016-02-18,48.09000015258789,48.13999938964844,47.47999954223633,47.72999954223633,35.68111801147461,17162800,0.0,0.0
2016-02-19,47.400001525878906,48.16999816894531,47.34000015258789,48.09000015258789,35.950225830078125,18234900,0.0,0.0
2016-02-22,48.09000015258789,49.34000015258789,48.09000015258789,49.189998626708984,36.77253723144531,17572800,0.0,0.0
2016-02-23,48.869998931884766,48.91999816894531,47.97999954223633,48.099998474121094,35.95770263671875,15224700,0.0,0.0
2016-02-24,47.34000015258789,47.68000030517578,46.560001373291016,47.61000061035156,35.59139633178711,18595700,0.0,0.0
2016-02-25,47.709999084472656,48.15999984741211,47.709999084472656,47.75,35.69605255126953,16646200,0.0,0.0
2016-02-26,48.130001068115234,48.540000915527344,47.83000183105469,48.06999969482422,35.93526077270508,20325600,0.0,0.0
2016-02-29,48.029998779296875,48.029998779296875,46.90999984741211,46.91999816894531,35.07558822631836,24018100,0.0,0.0
2016-03-01,47.13999938964844,48.720001220703125,47.13999938964844,48.720001220703125,36.421199798583984,24758500,0.0,0.0
2016-03-02,48.84000015258789,49.56999969482422,48.61000061035156,49.56999969482422,37.05661392211914,18667700,0.0,0.0
2016-03-03,49.630001068115234,49.790000915527344,49.06999969482422,49.77000045776367,37.20612335205078,14268100,0.0,0.0
2016-03-04,50.0099983215332,50.4900016784668,49.68000030517578,50.11000061035156,37.46029281616211,18685600,0.0,0.0
2016-03-07,49.77000045776367,50.15999984741211,49.439998626708984,50.06999969482422,37.43039321899414,14386100,0.0,0.0
2016-03-08,49.61000061035156,49.65999984741211,48.91999816894531,49.04999923706055,36.667877197265625,18098200,0.0,0.0
2016-03-09,49.380001068115234,49.5,48.5099983215332,48.790000915527344,36.4735221862793,17920100,0.0,0.0
2016-03-10,48.939998626708984,49.130001068115234,47.959999084472656,48.5099983215332,36.26418685913086,18542700,0.0,0.0
2016-03-11,49.119998931884766,50.130001068115234,48.880001068115234,50.06999969482422,37.43039321899414,18318400,0.0,0.0
2016-03-14,49.970001220703125,50.06999969482422,49.439998626708984,49.880001068115234,37.288360595703125,12803900,0.0,0.0
2016-03-15,49.29999923706055,49.9900016784668,49.20000076293945,49.97999954223633,37.36312484741211,12945600,0.0,0.0
2016-03-16,49.75,50.290000915527344,49.279998779296875,49.540000915527344,37.0341911315918,16629700,0.0,0.0
2016-03-17,49.43000030517578,49.93000030517578,48.84000015258789,49.72999954223633,37.17622756958008,16002800,0.0,0.0
2016-03-18,50.439998626708984,50.70000076293945,49.93000030517578,50.540000915527344,37.78176498413086,35812100,0.0,0.0
2016-03-21,50.5,50.75,50.16999816894531,50.66999816894531,37.87894058227539,13543200,0.0,0.0
2016-03-22,50.209999084472656,50.58000183105469,50.0,50.369998931884766,37.6546630859375,13907000,0.0,0.0
2016-03-23,50.18000030517578,50.33000183105469,49.70000076293945,49.7599983215332,37.19865036010742,13648100,0.0,0.0
2016-03-24,49.02000045776367,49.08000183105469,48.52000045776367,48.900001525878906,36.55575942993164,20871100,0.0,0.0
2016-03-28,49.040000915527344,49.040000915527344,48.54999923706055,48.70000076293945,36.4062385559082,18478100,0.0,0.0
2016-03-29,48.619998931884766,48.650001525878906,47.84000015258789,48.04999923706055,35.92032241821289,24459500,0.0,0.0
2016-03-30,48.400001525878906,49.15999984741211,48.150001525878906,48.650001525878906,36.36886215209961,16794200,0.0,0.0
2016-03-31,48.599998474121094,48.84000015258789,48.27000045776367,48.36000061035156,36.15207290649414,16397600,0.0,0.0
2016-04-01,48.22999954223633,48.58000183105469,47.779998779296875,48.45000076293945,36.21934127807617,14321400,0.0,0.0
2016-04-04,48.41999816894531,48.66999816894531,48.20000076293945,48.5,36.25672912597656,12110200,0.0,0.0
2016-04-05,48.08000183105469,48.09000015258789,47.459999084472656,47.5099983215332,35.51663589477539,18297700,0.0,0.0
2016-04-06,47.38999938964844,48.130001068115234,47.220001220703125,48.08000183105469,35.9427604675293,17214400,0.0,0.0
2016-04-07,47.709999084472656,47.779998779296875,46.619998931884766,46.93000030517578,35.083065032958984,17593100,0.0,0.0
2016-04-08,47.349998474121094,47.650001525878906,46.970001220703125,47.06999969482422,35.1877326965332,12236500,0.0,0.0
2016-04-11,47.11000061035156,47.709999084472656,47.0,47.029998779296875,35.15781021118164,15113500,0.0,0.0
2016-04-12,47.13999938964844,47.83000183105469,46.95000076293945,47.77000045776367,35.71099853515625,18772600,0.0,0.0
2016-04-13,48.290000915527344,49.25,48.27000045776367,49.029998779296875,36.65293502807617,26311900,0.0,0.0
2016-04-14,48.29999923706055,49.29999923706055,48.16999816894531,48.790000915527344,36.4735221862793,30067900,0.0,0.0
2016-04-15,48.619998931884766,48.939998626708984,48.060001373291016,48.25,36.06982421875,24885200,0.0,0.0
2016-04-18,48.25,48.880001068115234,47.90999984741211,48.84000015258789,36.510894775390625,18225800,0.0,0.0
2016-04-19,49.0099983215332,49.91999816894531,48.97999954223633,49.880001068115234,37.288360595703125,18673400,0.0,0.0
2016-04-20,49.97999954223633,50.52000045776367,49.7599983215332,50.45000076293945,37.714481353759766,22647700,0.0,0.0
2016-04-21,50.54999923706055,50.779998779296875,49.93000030517578,50.04999923706055,37.41544723510742,20255400,0.0,0.0
2016-04-22,50.04999923706055,50.7400016784668,50.04999923706055,50.619998931884766,37.84156036376953,16365700,0.0,0.0
2016-04-25,50.310001373291016,50.599998474121094,50.119998931884766,50.5099983215332,37.75932693481445,11689100,0.0,0.0
2016-04-26,50.5099983215332,50.9900016784668,50.45000076293945,50.91999816894531,38.06582260131836,13333500,0.0,0.0
2016-04-27,50.869998931884766,51.40999984741211,50.720001220703125,50.93000030517578,38.07331466674805,15342700,0.0,0.0
2016-04-28,50.5099983215332,50.93000030517578,50.20000076293945,50.40999984741211,37.68456268310547,15506300,0.0,0.0
2016-04-29,50.459999084472656,50.459999084472656,49.68000030517578,49.97999954223633,37.36312484741211,17887000,0.0,0.0
2016-05-02,50.279998779296875,50.70000076293945,50.150001525878906,50.59000015258789,37.81913757324219,14780300,0.0,0.0
2016-05-03,49.86000061035156,50.130001068115234,49.540000915527344,50.0,37.37807083129883,16246400,0.0,0.0
2016-05-04,49.060001373291016,49.27000045776367,48.68000030517578,48.939998626708984,36.865848541259766,22402500,0.38,0.0
2016-05-05,48.970001220703125,49.189998626708984,48.77000045776367,48.959999084472656,36.880897521972656,15953600,0.0,0.0
2016-05-06,48.709999084472656,49.119998931884766,48.650001525878906,49.02000045776367,36.92610168457031,14189600,0.0,0.0
2016-05-09,49.02000045776367,49.220001220703125,48.810001373291016,48.880001068115234,36.820640563964844,13877000,0.0,0.0
2016-05-10,49.0,49.5099983215332,49.0,49.400001525878906,37.21234130859375,14234400,0.0,0.0
2016-05-11,49.36000061035156,49.720001220703125,49.08000183105469,49.08000183105469,36.97130584716797,17344300,0.0,0.0
2016-05-12,49.34000015258789,49.58000183105469,49.04999923706055,49.20000076293945,37.06169128417969,13589600,0.0,0.0
2016-05-13,49.099998474121094,49.43000030517578,48.209999084472656,48.2400016784668,36.338531494140625,25251700,0.0,0.0
2016-05-16,48.119998931884766,48.630001068115234,47.939998626708984,48.27000045776367,36.36113357543945,19655300,0.0,0.0
2016-05-17,48.13999938964844,48.16999816894531,47.54999923706055,47.619998931884766,35.871490478515625,21495600,0.0,0.0
2016-05-18,47.68000030517578,48.720001220703125,47.619998931884766,48.650001525878906,36.64738845825195,30028200,0.0,0.0
2016-05-19,48.439998626708984,48.959999084472656,48.15999984741211,48.380001068115234,36.443992614746094,13604100,0.0,0.0
2016-05-20,48.619998931884766,49.209999084472656,48.560001373291016,48.75,36.722694396972656,13222800,0.0,0.0
2016-05-23,48.7599983215332,48.880001068115234,48.349998474121094,48.70000076293945,36.6850471496582,10644000,0.0,0.0
2016-05-24,49.04999923706055,49.369998931884766,48.689998626708984,49.20000076293945,37.06169128417969,16597700,0.0,0.0
2016-05-25,49.58000183105469,50.83000183105469,49.5099983215332,50.5,38.04095458984375,22478600,0.0,0.0
2016-05-26,50.52000045776367,50.65999984741211,50.400001525878906,50.54999923706055,38.07862854003906,14983300,0.0,0.0
2016-05-27,50.599998474121094,50.86000061035156,50.4900016784668,50.849998474121094,38.30461502075195,13430500,0.0,0.0
2016-05-31,51.02000045776367,51.189998626708984,50.4900016784668,50.720001220703125,38.206687927246094,19725000,0.0,0.0
2016-06-01,50.2599983215332,51.040000915527344,50.16999816894531,51.0,38.41759490966797,16774300,0.0,0.0
2016-06-02,50.959999084472656,51.11000061035156,50.709999084472656,51.11000061035156,38.500465393066406,14206700,0.0,0.0
2016-06-03,50.16999816894531,50.310001373291016,49.61000061035156,50.189998626708984,37.80744171142578,25452600,0.0,0.0
2016-06-06,50.2400016784668,50.869998931884766,50.189998626708984,50.4900016784668,38.03343200683594,14528500,0.0,0.0
2016-06-07,50.72999954223633,50.72999954223633,50.27000045776367,50.27000045776367,37.86769485473633,15310100,0.0,0.0
2016-06-08,50.25,50.439998626708984,49.7400016784668,50.0,37.66432189941406,18168500,0.0,0.0
2016-06-09,49.650001525878906,49.68000030517578,48.849998474121094,49.13999938964844,37.016502380371094,19464400,0.0,0.0
2016-06-10,48.4900016784668,48.709999084472656,48.16999816894531,48.34000015258789,36.41386795043945,16815300,0.0,0.0
2016-06-13,48.130001068115234,48.5099983215332,47.959999084472656,47.970001220703125,36.1351432800293,16150100,0.0,0.0
2016-06-14,47.86000061035156,48.119998931884766,46.5099983215332,46.880001068115234,35.31407165527344,25311700,0.0,0.0
2016-06-15,47.27000045776367,47.560001373291016,46.7400016784668,46.779998779296875,35.238739013671875,20142000,0.0,0.0
2016-06-16,46.470001220703125,46.86000061035156,45.959999084472656,46.849998474121094,35.29145812988281,15619300,0.0,0.0
2016-06-17,46.849998474121094,47.0,46.52000045776367,46.599998474121094,35.10313415527344,25661300,0.0,0.0
2016-06-20,47.4900016784668,47.900001525878906,46.91999816894531,46.93000030517578,35.35173797607422,19490100,0.0,0.0
2016-06-21,47.290000915527344,47.34000015258789,46.77000045776367,47.22999954223633,35.57770538330078,11731600,0.0,0.0
2016-06-22,47.150001525878906,47.58000183105469,46.93000030517578,46.970001220703125,35.381858825683594,17072100,0.0,0.0
2016-06-23,47.63999938964844,47.90999984741211,47.38999938964844,47.90999984741211,36.089942932128906,16270000,0.0,0.0
2016-06-24,45.7599983215332,46.970001220703125,45.279998779296875,45.709999084472656,34.432716369628906,46744100,0.0,0.0
2016-06-27,45.20000076293945,45.33000183105469,44.5,45.0099983215332,33.90542221069336,35030100,0.0,0.0
2016-06-28,45.88999938964844,46.11000061035156,45.34000015258789,46.099998474121094,34.72650146484375,27525700,0.0,0.0
2016-06-29,46.630001068115234,46.9900016784668,46.150001525878906,46.970001220703125,35.381858825683594,20856400,0.0,0.0
2016-06-30,47.2400016784668,47.36000061035156,46.529998779296875,47.33000183105469,35.653045654296875,22538800,0.0,0.0
2016-07-01,47.08000183105469,47.279998779296875,46.86000061035156,47.029998779296875,35.42705154418945,19013600,0.0,0.0
2016-07-05,46.70000076293945,46.7599983215332,45.810001373291016,46.209999084472656,34.809349060058594,22213000,0.0,0.0
2016-07-06,45.88999938964844,46.65999984741211,45.70000076293945,46.650001525878906,35.14080810546875,19024100,0.0,0.0
2016-07-07,46.58000183105469,47.220001220703125,46.439998626708984,46.79999923706055,35.25380325317383,17946200,0.0,0.0
2016-07-08,47.45000076293945,47.91999816894531,47.45000076293945,47.790000915527344,35.99954605102539,19775700,0.0,0.0
2016-07-11,48.099998474121094,48.45000076293945,47.939998626708984,48.08000183105469,36.21800994873047,16008700,0.0,0.0
2016-07-12,48.41999816894531,48.630001068115234,48.220001220703125,48.349998474121094,36.42140197753906,15067900,0.0,0.0
2016-07-13,48.310001373291016,48.470001220703125,47.97999954223633,48.27000045776367,36.36113357543945,14389600,0.0,0.0
2016-07-14,49.04999923706055,49.150001525878906,48.66999816894531,48.939998626708984,36.865848541259766,17578400,0.0,0.0
2016-07-15,48.849998474121094,48.880001068115234,47.40999984741211,47.709999084472656,35.939292907714844,35121000,0.0,0.0
2016-07-18,47.810001373291016,48.33000183105469,47.779998779296875,48.279998779296875,36.3686637878418,24139200,0.0,0.0
2016-07-19,48.08000183105469,48.54999923706055,48.04999923706055,48.369998931884766,36.43647384643555,15982900,0.0,0.0
2016-07-20,48.59000015258789,48.689998626708984,48.400001525878906,48.61000061035156,36.617252349853516,16569900,0.0,0.0
2016-07-21,48.650001525878906,48.810001373291016,48.290000915527344,48.29999923706055,36.38372802734375,15532000,0.0,0.0
2016-07-22,48.31999969482422,48.36000061035156,48.099998474121094,48.31999969482422,36.3988037109375,13588500,0.0,0.0
2016-07-25,48.2400016784668,48.2599983215332,47.849998474121094,48.119998931884766,36.248138427734375,12122200,0.0,0.0
2016-07-26,48.029998779296875,48.16999816894531,47.79999923706055,47.970001220703125,36.1351432800293,16130100,0.0,0.0
2016-07-27,47.95000076293945,48.220001220703125,47.779998779296875,48.0,36.157752990722656,17886800,0.0,0.0
2016-07-28,47.939998626708984,48.220001220703125,47.68000030517578,48.130001068115234,36.25567626953125,12562600,0.0,0.0
2016-07-29,47.95000076293945,48.16999816894531,47.95000076293945,47.970001220703125,36.1351432800293,13111700,0.0,0.0
2016-08-01,47.97999954223633,48.04999923706055,47.630001068115234,47.810001373291016,36.01461410522461,16026600,0.0,0.0
2016-08-02,47.65999984741211,47.83000183105469,47.38999938964844,47.70000076293945,35.931758880615234,17033100,0.0,0.0
2016-08-03,47.33000183105469,47.63999938964844,47.33000183105469,47.56999969482422,36.12158966064453,14913500,0.38,0.0
2016-08-04,47.599998474121094,48.0,47.56999969482422,47.84000015258789,36.32660675048828,14662600,0.0,0.0
2016-08-05,48.38999938964844,48.70000076293945,48.130001068115234,48.68000030517578,36.964454650878906,19064700,0.0,0.0
2016-08-08,48.779998779296875,49.04999923706055,48.7400016784668,48.90999984741211,37.139102935791016,14871600,0.0,0.0
2016-08-09,49.02000045776367,49.150001525878906,48.810001373291016,48.93000030517578,37.154293060302734,10449800,0.0,0.0
2016-08-10,48.81999969482422,48.93000030517578,48.08000183105469,48.18000030517578,36.584774017333984,16782700,0.0,0.0
2016-08-11,48.22999954223633,48.5,47.91999816894531,48.2400016784668,36.63035202026367,14614100,0.0,0.0
2016-08-12,48.04999923706055,48.08000183105469,47.83000183105469,47.900001525878906,36.37216567993164,13227500,0.0,0.0
2016-08-15,48.04999923706055,48.34000015258789,48.029998779296875,48.27000045776367,36.65312576293945,11758900,0.0,0.0
2016-08-16,48.15999984741211,48.599998474121094,48.060001373291016,48.439998626708984,36.7822265625,13957600,0.0,0.0
2016-08-17,48.369998931884766,48.65999984741211,48.310001373291016,48.61000061035156,36.911312103271484,13062900,0.0,0.0
2016-08-18,48.5,48.65999984741211,48.33000183105469,48.529998779296875,36.85055160522461,12189200,0.0,0.0
2016-08-19,48.439998626708984,48.72999954223633,48.20000076293945,48.650001525878906,36.94168472290039,12557700,0.0,0.0
2016-08-22,48.63999938964844,48.7400016784668,48.5,48.630001068115234,36.92648696899414,9212600,0.0,0.0
2016-08-23,48.63999938964844,48.75,48.38999938964844,48.40999984741211,36.759429931640625,15430200,0.0,0.0
2016-08-24,48.5,48.77000045776367,48.349998474121094,48.630001068115234,36.92648696899414,16315800,0.0,0.0
2016-08-25,48.619998931884766,48.689998626708984,48.29999923706055,48.380001068115234,36.736656188964844,13643200,0.0,0.0
2016-08-26,48.58000183105469,48.84000015258789,48.279998779296875,48.5099983215332,36.835357666015625,15527300,0.0,0.0
2016-08-29,48.75,49.75,48.689998626708984,49.560001373291016,37.6326789855957,21201400,0.0,0.0
2016-08-30,49.72999954223633,50.63999938964844,49.68000030517578,50.619998931884766,38.43757247924805,25055800,0.0,0.0
2016-08-31,50.70000076293945,50.91999816894531,50.2400016784668,50.79999923706055,38.57424545288086,24533600,0.0,0.0
2016-09-01,50.91999816894531,51.0,50.11000061035156,50.43000030517578,38.29330062866211,17017100,0.0,0.0
2016-09-02,50.45000076293945,50.65999984741211,50.18000030517578,50.54999923706055,38.3844108581543,12684000,0.0,0.0
2016-09-06,50.560001373291016,50.56999969482422,49.630001068115234,49.9900016784668,37.95918655395508,21832200,0.0,0.0
2016-09-07,49.790000915527344,50.029998779296875,49.650001525878906,49.77000045776367,37.79213333129883,12437300,0.0,0.0
2016-09-08,49.810001373291016,49.9900016784668,49.560001373291016,49.900001525878906,37.89086151123047,14169200,0.0,0.0
2016-09-09,49.4900016784668,49.86000061035156,48.720001220703125,48.720001220703125,36.99483871459961,32147200,0.0,0.0
2016-09-12,48.369998931884766,48.63999938964844,47.97999954223633,48.540000915527344,36.85816192626953,35588400,0.0,0.0
2016-09-13,47.79999923706055,47.86000061035156,46.52000045776367,46.959999084472656,35.658390045166016,59000500,0.0,0.0
2016-09-14,47.08000183105469,47.58000183105469,46.5,46.52000045776367,35.324283599853516,44841700,0.0,0.0
2016-09-15,46.119998931884766,46.349998474121094,45.189998626708984,46.150001525878906,35.0433349609375,60827800,0.0,0.0
2016-09-16,45.70000076293945,45.869998931884766,45.25,45.43000030517578,34.49662399291992,51871400,0.0,0.0
2016-09-19,45.619998931884766,46.290000915527344,45.47999954223633,46.0099983215332,34.937034606933594,33562400,0.0,0.0
2016-09-20,47.150001525878906,47.20000076293945,46.119998931884766,46.560001373291016,35.35465621948242,51510400,0.0,0.0
2016-09-21,46.5099983215332,46.540000915527344,45.33000183105469,45.83000183105469,34.800357818603516,64530200,0.0,0.0
2016-09-22,45.83000183105469,46.119998931884766,45.369998931884766,45.720001220703125,34.716819763183594,36964400,0.0,0.0
2016-09-23,45.5,45.90999984741211,45.43000030517578,45.7400016784668,34.73200225830078,28710500,0.0,0.0
2016-09-26,45.369998931884766,45.5,44.650001525878906,44.880001068115234,34.07898712158203,30938000,0.0,0.0
2016-09-27,44.790000915527344,45.099998474121094,44.65999984741211,45.09000015258789,34.238433837890625,24359000,0.0,0.0
2016-09-28,45.36000061035156,45.47999954223633,44.959999084472656,45.310001373291016,34.405494689941406,28220300,0.0,0.0
2016-09-29,45.189998626708984,45.2599983215332,44.209999084472656,44.369998931884766,33.69171142578125,45266700,0.0,0.0
2016-09-30,44.33000183105469,44.72999954223633,44.099998474121094,44.279998779296875,33.623382568359375,54117700,0.0,0.0
2016-10-03,44.119998931884766,44.15999984741211,43.560001373291016,43.83000183105469,33.28167724609375,38197700,0.0,0.0
2016-10-04,43.619998931884766,44.09000015258789,43.54999923706055,43.75,33.22093200683594,44008300,0.0,0.0
2016-10-05,43.83000183105469,45.08000183105469,43.83000183105469,44.9900016784668,34.162506103515625,40459000,0.0,0.0
2016-10-06,45.18000030517578,45.38999938964844,44.83000183105469,45.18000030517578,34.30678176879883,29878200,0.0,0.0
2016-10-07,45.20000076293945,45.45000076293945,44.93000030517578,45.33000183105469,34.420684814453125,24893600,0.0,0.0
2016-10-10,45.70000076293945,45.91999816894531,45.439998626708984,45.650001525878906,34.663673400878906,21804900,0.0,0.0
2016-10-11,45.79999923706055,45.81999969482422,45.150001525878906,45.45000076293945,34.51180648803711,25442600,0.0,0.0
2016-10-12,45.5099983215332,45.83000183105469,45.31999969482422,45.31999969482422,34.41309356689453,21780500,0.0,0.0
2016-10-13,45.2400016784668,45.2400016784668,44.279998779296875,44.75,33.980262756347656,44174600,0.0,0.0
2016-10-14,45.16999816894531,45.52000045776367,44.31999969482422,44.709999084472656,33.949886322021484,45418600,0.0,0.0
2016-10-17,44.540000915527344,44.7599983215332,44.31999969482422,44.5,33.790435791015625,18861300,0.0,0.0
2016-10-18,44.75,45.0,44.40999984741211,44.95000076293945,34.13213348388672,23877600,0.0,0.0
2016-10-19,44.86000061035156,45.529998779296875,44.86000061035156,45.2599983215332,34.367523193359375,26977000,0.0,0.0
2016-10-20,44.970001220703125,45.290000915527344,44.65999984741211,44.93000030517578,34.116947174072266,27210600,0.0,0.0
2016-10-21,44.7400016784668,45.29999923706055,44.65999984741211,45.09000015258789,34.238433837890625,21490800,0.0,0.0
2016-10-24,45.45000076293945,45.68000030517578,45.290000915527344,45.52000045776367,34.5649528503418,19303800,0.0,0.0
2016-10-25,45.470001220703125,45.79999923706055,45.40999984741211,45.720001220703125,34.716819763183594,20402000,0.0,0.0
2016-10-26,45.459999084472656,46.16999816894531,45.439998626708984,46.150001525878906,35.0433349609375,25181900,0.0,0.0
2016-10-27,46.41999816894531,46.810001373291016,46.2599983215332,46.40999984741211,35.240760803222656,25661000,0.0,0.0
2016-10-28,46.56999969482422,46.63999938964844,45.880001068115234,46.22999954223633,35.104087829589844,20882000,0.0,0.0
2016-10-31,46.400001525878906,46.560001373291016,46.0,46.0099983215332,34.937034606933594,20115900,0.0,0.0
2016-11-01,46.119998931884766,46.279998779296875,45.599998474121094,45.9900016784668,34.921844482421875,20020200,0.0,0.0
2016-11-02,45.380001068115234,45.5099983215332,45.06999969482422,45.2400016784668,34.638553619384766,19566600,0.38,0.0
2016-11-03,45.33000183105469,45.790000915527344,45.25,45.34000015258789,34.71511459350586,14982700,0.0,0.0
2016-11-04,45.36000061035156,45.41999816894531,44.4900016784668,44.599998474121094,34.14852523803711,27391600,0.0,0.0
2016-11-07,45.220001220703125,45.689998626708984,45.209999084472656,45.400001525878906,34.76105499267578,25769400,0.0,0.0
2016-11-08,45.18000030517578,45.81999969482422,44.869998931884766,45.540000915527344,34.86824417114258,19462600,0.0,0.0
2016-11-09,46.33000183105469,48.61000061035156,46.0,47.9900016784668,36.7441291809082,67615000,0.0,0.0
2016-11-10,48.93000030517578,51.93000030517578,48.790000915527344,51.630001068115234,39.531131744384766,100988800,0.0,0.0
2016-11-11,51.09000015258789,51.9900016784668,50.72999954223633,51.72999954223633,39.607704162597656,46594900,0.0,0.0
2016-11-14,51.90999984741211,54.060001373291016,51.90999984741211,53.220001220703125,40.74851989746094,59154400,0.0,0.0
2016-11-15,52.380001068115234,52.59000015258789,51.540000915527344,52.59000015258789,40.266170501708984,39437900,0.0,0.0
2016-11-16,51.790000915527344,52.16999816894531,51.36000061035156,51.68000030517578,39.56940841674805,26996200,0.0,0.0
2016-11-17,51.38999938964844,52.900001525878906,50.959999084472656,52.4900016784668,40.18960189819336,29205900,0.0,0.0
2016-11-18,52.45000076293945,52.97999954223633,51.9900016784668,52.81999969482422,40.442264556884766,29673400,0.0,0.0
2016-11-21,52.849998474121094,52.97999954223633,52.02000045776367,52.119998931884766,39.90631103515625,23587200,0.0,0.0
2016-11-22,52.43000030517578,52.58000183105469,51.810001373291016,52.220001220703125,39.982872009277344,22816900,0.0,0.0
2016-11-23,52.45000076293945,52.630001068115234,51.95000076293945,52.15999984741211,39.93691635131836,19986800,0.0,0.0
2016-11-25,52.400001525878906,52.619998931884766,52.040000915527344,52.619998931884766,40.289127349853516,9635500,0.0,0.0
2016-11-28,52.119998931884766,52.47999954223633,51.38999938964844,51.58000183105469,39.49285125732422,26518500,0.0,0.0
2016-11-29,51.560001373291016,52.130001068115234,51.560001373291016,51.86000061035156,39.707237243652344,16267300,0.0,0.0
2016-11-30,52.47999954223633,53.15999984741211,52.29999923706055,52.91999816894531,40.518821716308594,26567200,0.0,0.0
2016-12-01,53.130001068115234,54.470001220703125,53.060001373291016,54.34000015258789,41.606075286865234,35623100,0.0,0.0
2016-12-02,54.2400016784668,54.27000045776367,53.310001373291016,53.58000183105469,41.02417755126953,21894700,0.0,0.0
2016-12-05,53.900001525878906,54.529998779296875,53.869998931884766,54.349998474121094,41.61372375488281,24793900,0.0,0.0
2016-12-06,54.45000076293945,55.56999969482422,54.220001220703125,55.54999923706055,42.532527923583984,30706700,0.0,0.0
2016-12-07,55.54999923706055,57.290000915527344,55.22999954223633,57.279998779296875,43.85711669921875,46617000,0.0,0.0
2016-12-08,57.290000915527344,58.02000045776367,56.709999084472656,57.290000915527344,43.86478042602539,39828600,0.0,0.0
2016-12-09,56.90999984741211,57.2400016784668,56.4900016784668,57.13999938964844,43.749916076660156,20331200,0.0,0.0
2016-12-12,56.5,57.099998474121094,55.54999923706055,55.779998779296875,42.708621978759766,27886200,0.0,0.0
2016-12-13,55.849998474121094,56.209999084472656,55.290000915527344,55.84000015258789,42.75456237792969,24355600,0.0,0.0
2016-12-14,54.7400016784668,55.619998931884766,54.029998779296875,54.70000076293945,41.8817138671875,54590600,0.0,0.0
2016-12-15,55.16999816894531,56.25,54.900001525878906,55.189998626708984,42.25688934326172,31345900,0.0,0.0
2016-12-16,55.4900016784668,55.650001525878906,54.91999816894531,55.34000015258789,42.37173843383789,33171800,0.0,0.0
2016-12-19,55.18000030517578,55.470001220703125,54.650001525878906,55.220001220703125,42.27985382080078,16801400,0.0,0.0
2016-12-20,55.470001220703125,56.31999969482422,55.150001525878906,56.099998474121094,42.953636169433594,19245300,0.0,0.0
2016-12-21,56.09000015258789,56.09000015258789,55.63999938964844,55.709999084472656,42.655025482177734,14058400,0.0,0.0
2016-12-22,55.7599983215332,56.029998779296875,55.5,55.75,42.6856575012207,14515500,0.0,0.0
2016-12-23,55.779998779296875,55.97999954223633,55.619998931884766,55.959999084472656,42.846439361572266,8313000,0.0,0.0
2016-12-27,55.900001525878906,56.099998474121094,55.84000015258789,55.95000076293945,42.83879852294922,8893900,0.0,0.0
2016-12-28,55.97999954223633,56.08000183105469,55.27000045776367,55.31999969482422,42.35641860961914,10609100,0.0,0.0
2016-12-29,55.189998626708984,55.459999084472656,54.47999954223633,54.84000015258789,41.98891067504883,15933500,0.0,0.0
2016-12-30,54.88999938964844,55.36000061035156,54.790000915527344,55.11000061035156,42.195648193359375,15095500,0.0,0.0
2017-01-03,55.66999816894531,56.349998474121094,55.459999084472656,56.0,42.8770637512207,22063800,0.0,0.0
2017-01-04,56.15999984741211,56.310001373291016,55.61000061035156,56.04999923706055,42.915348052978516,15036100,0.0,0.0
2017-01-05,55.4900016784668,55.81999969482422,54.47999954223633,55.18000030517578,42.249244689941406,18831600,0.0,0.0
2017-01-06,55.2599983215332,55.56999969482422,54.70000076293945,55.040000915527344,42.14204025268555,18715900,0.0,0.0
2017-01-09,54.68000030517578,54.810001373291016,54.18000030517578,54.2400016784668,41.529510498046875,21794100,0.0,0.0
2017-01-10,54.349998474121094,55.18000030517578,54.2599983215332,54.619998931884766,41.8204460144043,17978200,0.0,0.0
2017-01-11,54.599998474121094,54.79999923706055,53.720001220703125,54.79999923706055,41.958282470703125,21100600,0.0,0.0
2017-01-12,54.650001525878906,54.779998779296875,53.900001525878906,54.5,41.72857666015625,20566600,0.0,0.0
2017-01-13,55.11000061035156,56.20000076293945,54.650001525878906,55.310001373291016,42.34877014160156,37231600,0.0,0.0
2017-01-17,54.79999923706055,54.959999084472656,53.58000183105469,53.779998779296875,41.177303314208984,26974400,0.0,0.0
2017-01-18,53.779998779296875,54.290000915527344,53.34000015258789,54.27000045776367,41.55247116088867,21186700,0.0,0.0
2017-01-19,54.2400016784668,54.77000045776367,53.86000061035156,54.58000183105469,41.78984451293945,20906900,0.0,0.0
2017-01-20,54.75,55.11000061035156,54.619998931884766,55.06999969482422,42.16500473022461,24160800,0.0,0.0
2017-01-23,54.709999084472656,55.0,54.150001525878906,54.25,41.53715515136719,17227400,0.0,0.0
2017-01-24,54.36000061035156,55.06999969482422,54.130001068115234,54.70000076293945,41.8817138671875,18523300,0.0,0.0
2017-01-25,55.380001068115234,56.83000183105469,55.279998779296875,56.619998931884766,43.351783752441406,32252100,0.0,0.0
2017-01-26,56.61000061035156,57.33000183105469,56.59000015258789,57.18000030517578,43.780555725097656,23769800,0.0,0.0
2017-01-27,57.029998779296875,57.11000061035156,56.40999984741211,56.59000015258789,43.32882308959961,17186200,0.0,0.0
2017-01-30,56.119998931884766,56.31999969482422,55.75,56.08000183105469,42.938331604003906,15961400,0.0,0.0
2017-01-31,55.97999954223633,56.380001068115234,55.79999923706055,56.33000183105469,43.12974548339844,22409100,0.0,0.0
2017-02-01,56.540000915527344,57.06999969482422,55.77000045776367,55.90999984741211,43.09890365600586,21157700,0.38,0.0
2017-02-02,55.56999969482422,55.959999084472656,55.400001525878906,55.75,42.97557067871094,13044400,0.0,0.0
2017-02-03,56.880001068115234,57.290000915527344,56.43000030517578,57.27000045776367,44.14727020263672,19879800,0.0,0.0
2017-02-06,57.08000183105469,57.40999984741211,56.4900016784668,56.54999923706055,43.592254638671875,13940200,0.0,0.0
2017-02-07,56.86000061035156,57.189998626708984,56.27000045776367,56.34000015258789,43.430381774902344,14937400,0.0,0.0
2017-02-08,56.209999084472656,56.209999084472656,55.16999816894531,55.630001068115234,42.8830680847168,18592200,0.0,0.0
2017-02-09,55.630001068115234,56.77000045776367,55.630001068115234,56.72999954223633,43.73101043701172,15907800,0.0,0.0
2017-02-10,57.02000045776367,57.040000915527344,56.65999984741211,56.86000061035156,43.83122634887695,12268100,0.0,0.0
2017-02-13,57.06999969482422,57.5099983215332,56.88999938964844,57.08000183105469,44.000816345214844,15325300,0.0,0.0
2017-02-14,57.130001068115234,58.0,56.9900016784668,57.97999954223633,44.69458770751953,16382900,0.0,0.0
2017-02-15,58.099998474121094,59.0099983215332,57.88999938964844,58.54999923706055,45.13397979736328,25350400,0.0,0.0
2017-02-16,58.36000061035156,58.36000061035156,57.5099983215332,58.119998931884766,44.80250930786133,14694500,0.0,0.0
2017-02-17,57.58000183105469,58.099998474121094,57.45000076293945,58.09000015258789,44.77938461303711,15783200,0.0,0.0
2017-02-21,58.25,58.630001068115234,57.900001525878906,58.25,44.9027214050293,16916800,0.0,0.0
2017-02-22,58.0,58.59000015258789,58.0,58.36000061035156,44.98752212524414,12344200,0.0,0.0
2017-02-23,58.43000030517578,58.59000015258789,58.060001373291016,58.4900016784668,45.087738037109375,13841400,0.0,0.0
2017-02-24,57.70000076293945,57.90999984741211,57.31999969482422,57.810001373291016,44.563533782958984,16379100,0.0,0.0
2017-02-27,57.810001373291016,58.25,57.709999084472656,58.060001373291016,44.75626754760742,10101000,0.0,0.0
2017-02-28,57.9900016784668,58.31999969482422,57.72999954223633,57.880001068115234,44.617496490478516,15558900,0.0,0.0
2017-03-01,59.11000061035156,59.9900016784668,59.09000015258789,59.72999954223633,46.04359817504883,25912700,0.0,0.0
2017-03-02,59.779998779296875,59.790000915527344,58.56999969482422,58.709999084472656,45.25731658935547,17578600,0.0,0.0
2017-03-03,58.849998474121094,59.2400016784668,58.66999816894531,58.88999938964844,45.39606857299805,14740000,0.0,0.0
2017-03-06,58.540000915527344,58.880001068115234,58.18000030517578,58.61000061035156,45.180233001708984,13225500,0.0,0.0
2017-03-07,58.43000030517578,58.52000045776367,58.02000045776367,58.29999923706055,44.94126510620117,13099900,0.0,0.0
2017-03-08,58.95000076293945,59.130001068115234,58.16999816894531,58.209999084472656,44.87188720703125,14711300,0.0,0.0
2017-03-09,58.45000076293945,58.869998931884766,58.20000076293945,58.70000076293945,45.24961853027344,15721500,0.0,0.0
2017-03-10,58.97999954223633,59.18000030517578,58.52000045776367,58.849998474121094,45.365234375,15120200,0.0,0.0
2017-03-13,58.83000183105469,59.029998779296875,58.52000045776367,58.70000076293945,45.24961853027344,14063500,0.0,0.0
2017-03-14,58.4900016784668,58.810001373291016,58.25,58.7599983215332,45.29585647583008,10885000,0.0,0.0
2017-03-15,58.900001525878906,59.310001373291016,58.36000061035156,58.709999084472656,45.25731658935547,17777300,0.0,0.0
2017-03-16,58.86000061035156,59.40999984741211,58.7599983215332,59.31999969482422,45.72754669189453,18468200,0.0,0.0
2017-03-17,59.369998931884766,59.40999984741211,58.52000045776367,58.66999816894531,45.226478576660156,20985700,0.0,0.0
2017-03-20,58.470001220703125,58.470001220703125,57.619998931884766,57.630001068115234,44.42478561401367,17663200,0.0,0.0
2017-03-21,57.93000030517578,57.959999084472656,55.630001068115234,55.849998474121094,43.05264663696289,31766400,0.0,0.0
2017-03-22,55.529998779296875,55.56999969482422,54.849998474121094,55.33000183105469,42.651798248291016,27740900,0.0,0.0
2017-03-23,55.22999954223633,55.9900016784668,54.97999954223633,55.25,42.59014129638672,19000000,0.0,0.0
2017-03-24,55.5,56.04999923706055,55.220001220703125,55.83000183105469,43.037235260009766,21127500,0.0,0.0
2017-03-27,54.630001068115234,55.58000183105469,54.2400016784668,55.38999938964844,42.698062896728516,16854800,0.0,0.0
2017-03-28,55.349998474121094,56.25,55.2400016784668,55.959999084472656,43.137447357177734,14878900,0.0,0.0
2017-03-29,55.939998626708984,56.09000015258789,55.54999923706055,55.66999816894531,42.913902282714844,10329100,0.0,0.0
2017-03-30,55.68000030517578,56.43000030517578,55.61000061035156,56.2400016784668,43.353294372558594,12106500,0.0,0.0
2017-03-31,56.02000045776367,56.18000030517578,55.619998931884766,55.65999984741211,42.90619659423828,11864600,0.0,0.0
2017-04-03,55.70000076293945,55.81999969482422,54.790000915527344,55.4900016784668,42.77513122558594,14550700,0.0,0.0
2017-04-04,55.29999923706055,55.33000183105469,54.97999954223633,55.20000076293945,42.55158996582031,11937400,0.0,0.0
2017-04-05,55.790000915527344,56.20000076293945,54.93000030517578,54.97999954223633,42.38199996948242,17411700,0.0,0.0
2017-04-06,54.95000076293945,55.650001525878906,54.709999084472656,55.369998931884766,42.68263626098633,10387500,0.0,0.0
2017-04-07,54.939998626708984,55.310001373291016,54.61000061035156,54.84000015258789,42.27408218383789,15848800,0.0,0.0
2017-04-10,54.9900016784668,55.25,54.31999969482422,54.540000915527344,42.04283142089844,14607700,0.0,0.0
2017-04-11,54.22999954223633,54.2599983215332,53.27000045776367,54.15999984741211,41.74990463256836,28086800,0.0,0.0
2017-04-12,53.95000076293945,54.02000045776367,53.04999923706055,53.119998931884766,40.94820022583008,25601300,0.0,0.0
2017-04-13,51.79999923706055,52.75,51.349998474121094,51.349998474121094,39.583778381347656,47982000,0.0,0.0
2017-04-17,51.63999938964844,52.7599983215332,51.2599983215332,52.720001220703125,40.63985824584961,31959100,0.0,0.0
2017-04-18,52.36000061035156,52.66999816894531,52.09000015258789,52.45000076293945,40.43171691894531,22257500,0.0,0.0
2017-04-19,52.880001068115234,53.13999938964844,52.04999923706055,52.150001525878906,40.20046615600586,17414600,0.0,0.0
2017-04-20,52.720001220703125,53.59000015258789,52.43000030517578,53.5,41.24113464355469,31552900,0.0,0.0
2017-04-21,53.38999938964844,53.84000015258789,52.95000076293945,53.0,40.85569763183594,26177300,0.0,0.0
2017-04-24,54.150001525878906,54.34000015258789,53.59000015258789,53.650001525878906,41.35675811767578,23856700,0.0,0.0
2017-04-25,54.33000183105469,55.09000015258789,54.290000915527344,54.560001373291016,42.05823516845703,27061300,0.0,0.0
2017-04-26,54.599998474121094,55.06999969482422,54.36000061035156,54.540000915527344,42.04283142089844,15915500,0.0,0.0
2017-04-27,54.540000915527344,54.650001525878906,53.90999984741211,54.439998626708984,41.96573257446289,13978000,0.0,0.0
2017-04-28,54.33000183105469,54.58000183105469,53.72999954223633,53.84000015258789,41.50320816040039,16501900,0.0,0.0
2017-05-01,54.099998474121094,54.75,53.970001220703125,54.459999084472656,41.98115539550781,13915800,0.0,0.0
2017-05-02,54.459999084472656,54.61000061035156,54.060001373291016,54.540000915527344,42.04283142089844,15634900,0.0,0.0
2017-05-03,54.0099983215332,54.88999938964844,53.95000076293945,54.849998474121094,42.578453063964844,15737100,0.38,0.0
2017-05-04,55.27000045776367,55.599998474121094,54.869998931884766,55.18000030517578,42.83462905883789,17054100,0.0,0.0
2017-05-05,55.25,55.38999938964844,54.880001068115234,55.11000061035156,42.78029251098633,13078800,0.0,0.0
2017-05-08,55.119998931884766,55.290000915527344,54.75,55.040000915527344,42.725948333740234,14242800,0.0,0.0
2017-05-09,55.13999938964844,55.369998931884766,54.45000076293945,54.68000030517578,42.446475982666016,14402900,0.0,0.0
2017-05-10,54.43000030517578,54.90999984741211,54.36000061035156,54.720001220703125,42.47753143310547,15897200,0.0,0.0
2017-05-11,54.279998779296875,54.41999816894531,53.060001373291016,53.7400016784668,41.7168083190918,32200100,0.0,0.0
2017-05-12,53.29999923706055,53.31999969482422,52.540000915527344,53.02000045776367,41.157867431640625,29642300,0.0,0.0
2017-05-15,53.060001373291016,53.41999816894531,53.02000045776367,53.31999969482422,41.39076232910156,15245000,0.0,0.0
2017-05-16,53.400001525878906,53.439998626708984,52.95000076293945,53.2599983215332,41.34418487548828,12650100,0.0,0.0
2017-05-17,53.2599983215332,53.2599983215332,51.650001525878906,52.2400016784668,40.55238723754883,33173100,0.0,0.0
2017-05-18,52.310001373291016,52.959999084472656,51.95000076293945,52.380001068115234,40.66105651855469,19790100,0.0,0.0
2017-05-19,52.56999969482422,53.34000015258789,52.38999938964844,53.060001373291016,41.18892288208008,16895000,0.0,0.0
2017-05-22,53.27000045776367,53.31999969482422,52.5,53.0099983215332,41.15010070800781,13947000,0.0,0.0
2017-05-23,53.0099983215332,53.560001373291016,52.849998474121094,53.38999938964844,41.445106506347656,11751700,0.0,0.0
2017-05-24,53.4900016784668,53.61000061035156,52.79999923706055,53.09000015258789,41.21221160888672,11304400,0.0,0.0
2017-05-25,53.25,53.25,52.56999969482422,52.779998779296875,40.97157287597656,16643800,0.0,0.0
2017-05-26,52.630001068115234,52.810001373291016,52.369998931884766,52.40999984741211,40.68435287475586,14247700,0.0,0.0
2017-05-30,52.15999984741211,52.5,51.900001525878906,52.15999984741211,40.49028396606445,19379700,0.0,0.0
2017-05-31,52.22999954223633,52.25,50.83000183105469,51.13999938964844,39.698486328125,30519700,0.0,0.0
2017-06-01,51.529998779296875,52.209999084472656,51.060001373291016,52.08000183105469,40.428184509277344,21001800,0.0,0.0
2017-06-02,51.66999816894531,52.2400016784668,51.529998779296875,51.810001373291016,40.21857833862305,19477300,0.0,0.0
2017-06-05,51.709999084472656,52.18000030517578,51.66999816894531,51.720001220703125,40.14872741699219,13663800,0.0,0.0
2017-06-06,51.31999969482422,52.029998779296875,51.2400016784668,51.810001373291016,40.21857833862305,14887500,0.0,0.0
2017-06-07,51.84000015258789,52.310001373291016,51.70000076293945,52.09000015258789,40.43594741821289,17022400,0.0,0.0
2017-06-08,52.09000015258789,53.029998779296875,51.880001068115234,52.560001373291016,40.80080032348633,22644200,0.0,0.0
2017-06-09,52.86000061035156,53.95000076293945,52.79999923706055,53.79999923706055,41.76336669921875,25750000,0.0,0.0
2017-06-12,53.97999954223633,54.59000015258789,53.939998626708984,54.09000015258789,41.98849105834961,22791400,0.0,0.0
2017-06-13,54.349998474121094,54.689998626708984,54.279998779296875,54.45000076293945,42.2679443359375,17966000,0.0,0.0
2017-06-14,54.09000015258789,54.63999938964844,53.56999969482422,54.529998779296875,42.330055236816406,16575000,0.0,0.0
2017-06-15,54.040000915527344,54.45000076293945,53.810001373291016,53.900001525878906,41.84099578857422,17232300,0.0,0.0
2017-06-16,53.93000030517578,54.2400016784668,53.650001525878906,53.88999938964844,41.833229064941406,23492700,0.0,0.0
2017-06-19,54.310001373291016,54.63999938964844,54.119998931884766,54.2400016784668,42.10493469238281,15367300,0.0,0.0
2017-06-20,54.060001373291016,54.099998474121094,53.43000030517578,53.459999084472656,41.49943542480469,13622200,0.0,0.0
2017-06-21,53.470001220703125,53.47999954223633,52.79999923706055,52.97999954223633,41.1268196105957,12653700,0.0,0.0
2017-06-22,52.79999923706055,52.88999938964844,52.220001220703125,52.4900016784668,40.746456146240234,15362200,0.0,0.0
2017-06-23,52.70000076293945,52.83000183105469,52.31999969482422,52.45000076293945,40.715396881103516,21868500,0.0,0.0
2017-06-26,52.72999954223633,53.43000030517578,52.59000015258789,52.900001525878906,41.064727783203125,12532800,0.0,0.0
2017-06-27,53.02000045776367,53.65999984741211,52.90999984741211,53.15999984741211,41.26655960083008,13496300,0.0,0.0
2017-06-28,53.61000061035156,54.41999816894531,53.52000045776367,54.33000183105469,42.174781799316406,20961700,0.0,0.0
2017-06-29,55.650001525878906,56.599998474121094,55.209999084472656,55.779998779296875,43.300384521484375,32552100,0.0,0.0
2017-06-30,56.029998779296875,56.04999923706055,55.15999984741211,55.40999984741211,43.013160705566406,16750700,0.0,0.0
2017-07-03,55.810001373291016,56.45000076293945,55.709999084472656,55.779998779296875,43.300384521484375,11825000,0.0,0.0
2017-07-05,55.970001220703125,56.02000045776367,55.34000015258789,55.779998779296875,43.300384521484375,14086900,0.0,0.0
2017-07-06,55.97999954223633,56.31999969482422,55.5,55.560001373291016,43.12959671020508,14481200,0.0,0.0
2017-07-07,55.779998779296875,55.83000183105469,55.25,55.7400016784668,43.26932907104492,11503500,0.0,0.0
2017-07-10,55.529998779296875,55.810001373291016,55.34000015258789,55.59000015258789,43.15289306640625,10979000,0.0,0.0
2017-07-11,55.65999984741211,55.709999084472656,54.81999969482422,55.040000915527344,42.725948333740234,14842700,0.0,0.0
2017-07-12,54.93000030517578,55.2400016784668,54.599998474121094,55.16999816894531,42.82685852050781,11951500,0.0,0.0
2017-07-13,55.2599983215332,55.66999816894531,55.060001373291016,55.599998474121094,43.16065979003906,14201800,0.0,0.0
2017-07-14,54.310001373291016,55.20000076293945,54.119998931884766,54.9900016784668,42.6871337890625,17949600,0.0,0.0
2017-07-17,54.900001525878906,54.97999954223633,54.439998626708984,54.709999084472656,42.46976852416992,14953600,0.0,0.0
2017-07-18,54.310001373291016,54.91999816894531,54.22999954223633,54.79999923706055,42.539642333984375,13603300,0.0,0.0
2017-07-19,54.79999923706055,55.209999084472656,54.689998626708984,54.939998626708984,42.648319244384766,12366200,0.0,0.0
2017-07-20,54.959999084472656,55.310001373291016,54.68000030517578,54.880001068115234,42.60175323486328,15123500,0.0,0.0
2017-07-21,54.43000030517578,54.619998931884766,54.099998474121094,54.16999816894531,42.05058288574219,17384500,0.0,0.0
2017-07-24,54.099998474121094,54.40999984741211,54.040000915527344,54.27000045776367,42.128211975097656,18489900,0.0,0.0
2017-07-25,55.0,55.40999984741211,54.90999984741211,55.060001373291016,42.741477966308594,20167800,0.0,0.0
2017-07-26,55.31999969482422,55.33000183105469,54.810001373291016,54.90999984741211,42.625030517578125,19686900,0.0,0.0
2017-07-27,54.86000061035156,54.959999084472656,54.38999938964844,54.709999084472656,42.46976852416992,17352600,0.0,0.0
2017-07-28,54.29999923706055,54.56999969482422,53.18000030517578,53.29999923706055,41.37522888183594,32590600,0.0,0.0
2017-07-31,53.41999816894531,54.220001220703125,53.400001525878906,53.939998626708984,41.87204360961914,20378100,0.0,0.0
2017-08-01,54.22999954223633,54.38999938964844,53.849998474121094,54.08000183105469,41.98072052001953,19350300,0.0,0.0
2017-08-02,53.540000915527344,53.959999084472656,53.45000076293945,53.619998931884766,41.925987243652344,19422100,0.39,0.0
2017-08-03,53.5,53.65999984741211,53.34000015258789,53.400001525878906,41.75396728515625,19374700,0.0,0.0
2017-08-04,53.66999816894531,53.70000076293945,51.90999984741211,52.84000015258789,41.31610870361328,44664600,0.0,0.0
2017-08-07,52.72999954223633,52.95000076293945,52.43000030517578,52.540000915527344,41.0815315246582,22673700,0.0,0.0
2017-08-08,52.31999969482422,53.29999923706055,52.220001220703125,52.709999084472656,41.214447021484375,24877800,0.0,0.0
2017-08-09,52.279998779296875,52.810001373291016,52.13999938964844,52.790000915527344,41.277015686035156,14631600,0.0,0.0
2017-08-10,52.38999938964844,52.720001220703125,51.91999816894531,51.95000076293945,40.620208740234375,18373000,0.0,0.0
2017-08-11,51.83000183105469,52.209999084472656,51.7400016784668,51.939998626708984,40.612388610839844,14714500,0.0,0.0
2017-08-14,52.369998931884766,53.09000015258789,52.34000015258789,52.84000015258789,41.31610870361328,16313200,0.0,0.0
2017-08-15,53.20000076293945,53.36000061035156,52.83000183105469,52.849998474121094,41.323917388916016,11028100,0.0,0.0
2017-08-16,53.0099983215332,53.209999084472656,52.459999084472656,52.689998626708984,41.19881057739258,11224400,0.0,0.0
2017-08-17,52.470001220703125,52.630001068115234,51.790000915527344,51.79999923706055,40.50291061401367,16814300,0.0,0.0
2017-08-18,51.630001068115234,52.13999938964844,51.380001068115234,51.68000030517578,40.409088134765625,17130600,0.0,0.0
2017-08-21,51.7400016784668,51.90999984741211,51.400001525878906,51.81999969482422,40.5185546875,13503100,0.0,0.0
2017-08-22,51.95000076293945,52.27000045776367,51.91999816894531,52.220001220703125,40.83131790161133,12984100,0.0,0.0
2017-08-23,51.83000183105469,52.47999954223633,51.79999923706055,52.029998779296875,40.68275833129883,10019500,0.0,0.0
2017-08-24,52.189998626708984,52.529998779296875,52.040000915527344,52.15999984741211,40.784400939941406,12345000,0.0,0.0
2017-08-25,52.27000045776367,52.56999969482422,51.7599983215332,51.77000045776367,40.47944641113281,15307800,0.0,0.0
2017-08-28,51.95000076293945,52.02000045776367,51.41999816894531,51.630001068115234,40.369991302490234,12425900,0.0,0.0
2017-08-29,51.209999084472656,51.5,51.130001068115234,51.41999816894531,40.20579147338867,10715500,0.0,0.0
2017-08-30,51.459999084472656,51.7400016784668,51.20000076293945,51.36000061035156,40.15887451171875,11427500,0.0,0.0
2017-08-31,51.0,51.2400016784668,50.869998931884766,51.06999969482422,39.93212890625,25231100,0.0,0.0
2017-09-01,51.060001373291016,51.4900016784668,50.93000030517578,50.970001220703125,39.853919982910156,16217700,0.0,0.0
2017-09-05,50.630001068115234,50.66999816894531,49.7599983215332,50.099998474121094,39.17366409301758,31251300,0.0,0.0
2017-09-06,50.25,50.27000045776367,49.560001373291016,49.880001068115234,39.00165557861328,26854000,0.0,0.0
2017-09-07,49.939998626708984,49.939998626708984,49.27000045776367,49.68000030517578,38.84526824951172,23367300,0.0,0.0
2017-09-08,49.61000061035156,49.97999954223633,49.43000030517578,49.58000183105469,38.76706314086914,18975700,0.0,0.0
2017-09-11,50.0,50.79999923706055,49.939998626708984,50.65999984741211,39.611541748046875,17987100,0.0,0.0
2017-09-12,50.849998474121094,51.72999954223633,50.84000015258789,51.56999969482422,40.32307052612305,17129500,0.0,0.0
2017-09-13,51.38999938964844,51.5099983215332,51.18000030517578,51.459999084472656,40.237056732177734,12617300,0.0,0.0
2017-09-14,51.540000915527344,51.720001220703125,51.08000183105469,51.290000915527344,40.10414505004883,13739400,0.0,0.0
2017-09-15,51.279998779296875,51.68000030517578,51.25,51.65999984741211,40.39345932006836,28494300,0.0,0.0
2017-09-18,51.66999816894531,52.84000015258789,51.61000061035156,52.709999084472656,41.214447021484375,20943400,0.0,0.0
2017-09-19,52.720001220703125,53.59000015258789,52.529998779296875,53.36000061035156,41.722694396972656,17047000,0.0,0.0
2017-09-20,53.38999938964844,54.11000061035156,53.279998779296875,53.75,42.02764129638672,21560400,0.0,0.0
2017-09-21,53.54999923706055,54.2400016784668,53.52000045776367,54.060001373291016,42.27003860473633,16210900,0.0,0.0
2017-09-22,53.91999816894531,54.36000061035156,53.75,54.25,42.41859436035156,18047800,0.0,0.0
2017-09-25,54.06999969482422,54.33000183105469,53.54999923706055,54.029998779296875,42.24656677246094,11595900,0.0,0.0
2017-09-26,54.099998474121094,54.279998779296875,53.7599983215332,53.79999923706055,42.06673049926758,12052500,0.0,0.0
2017-09-27,54.470001220703125,54.529998779296875,54.060001373291016,54.209999084472656,42.38732147216797,15840800,0.0,0.0
2017-09-28,54.290000915527344,54.33000183105469,53.7400016784668,54.25,42.41859436035156,14531700,0.0,0.0
2017-09-29,54.25,55.22999954223633,54.09000015258789,55.150001525878906,43.122310638427734,20872300,0.0,0.0
2017-10-02,55.15999984741211,55.470001220703125,54.86000061035156,55.470001220703125,43.37252426147461,11764400,0.0,0.0
2017-10-03,55.33000183105469,55.619998931884766,54.849998474121094,55.58000183105469,43.45854568481445,17405100,0.0,0.0
2017-10-04,55.310001373291016,55.349998474121094,54.900001525878906,54.959999084472656,42.9737434387207,14697800,0.0,0.0
2017-10-05,55.0,55.77000045776367,54.779998779296875,55.38999938964844,43.30996322631836,14560700,0.0,0.0
2017-10-06,55.47999954223633,55.68000030517578,55.220001220703125,55.58000183105469,43.45854568481445,11151200,0.0,0.0
2017-10-09,55.619998931884766,55.70000076293945,54.91999816894531,55.13999938964844,43.114498138427734,11377000,0.0,0.0
2017-10-10,55.369998931884766,55.720001220703125,55.150001525878906,55.61000061035156,43.481998443603516,12800500,0.0,0.0
2017-10-11,55.439998626708984,55.709999084472656,55.2599983215332,55.65999984741211,43.521087646484375,12843100,0.0,0.0
2017-10-12,55.689998626708984,55.709999084472656,55.060001373291016,55.209999084472656,43.16923141479492,15067500,0.0,0.0
2017-10-13,53.4900016784668,53.709999084472656,52.84000015258789,53.689998626708984,41.980712890625,35310000,0.0,0.0
2017-10-16,53.650001525878906,53.970001220703125,53.41999816894531,53.79999923706055,42.06673049926758,22802400,0.0,0.0
2017-10-17,53.97999954223633,54.0,53.119998931884766,53.189998626708984,41.58976745605469,18614700,0.0,0.0
2017-10-18,53.40999984741211,54.06999969482422,53.31999969482422,53.40999984741211,41.76177978515625,21604000,0.0,0.0
2017-10-19,53.11000061035156,53.93000030517578,53.0,53.75,42.02764129638672,12669700,0.0,0.0
2017-10-20,54.209999084472656,55.06999969482422,54.040000915527344,54.91999816894531,42.942474365234375,28407700,0.0,0.0
2017-10-23,54.75,55.040000915527344,54.70000076293945,54.90999984741211,42.93463897705078,18102100,0.0,0.0
2017-10-24,55.0,55.560001373291016,55.0,55.41999816894531,43.33343505859375,18779400,0.0,0.0
2017-10-25,55.4900016784668,55.58000183105469,54.869998931884766,55.25,43.20050811767578,17096900,0.0,0.0
2017-10-26,55.45000076293945,56.16999816894531,55.45000076293945,55.619998931884766,43.489810943603516,15979200,0.0,0.0
2017-10-27,55.22999954223633,56.040000915527344,55.130001068115234,55.869998931884766,43.68528747558594,17258600,0.0,0.0
2017-10-30,55.45000076293945,55.959999084472656,55.310001373291016,55.849998474121094,43.66963195800781,12249200,0.0,0.0
2017-10-31,55.95000076293945,56.52000045776367,55.900001525878906,56.13999938964844,43.89641189575195,14619200,0.0,0.0
2017-11-01,56.31999969482422,56.84000015258789,56.189998626708984,56.209999084472656,43.951133728027344,11678300,0.0,0.0
2017-11-02,55.79999923706055,56.52000045776367,55.349998474121094,56.47999954223633,44.47080612182617,15630000,0.39,0.0
2017-11-03,56.25,56.439998626708984,55.900001525878906,56.349998474121094,44.36843490600586,10049200,0.0,0.0
2017-11-06,56.099998474121094,56.43000030517578,56.0,56.18000030517578,44.23459243774414,10414900,0.0,0.0
2017-11-07,56.16999816894531,56.290000915527344,54.66999816894531,55.04999923706055,43.34485626220703,18679100,0.0,0.0
2017-11-08,54.79999923706055,54.9900016784668,54.04999923706055,54.2599983215332,42.72283172607422,24047100,0.0,0.0
2017-11-09,53.900001525878906,54.189998626708984,53.209999084472656,54.0,42.518123626708984,24438800,0.0,0.0
2017-11-10,54.02000045776367,54.130001068115234,53.790000915527344,53.810001373291016,42.36852264404297,13671700,0.0,0.0
2017-11-13,53.52000045776367,53.90999984741211,53.40999984741211,53.720001220703125,42.29764938354492,13447000,0.0,0.0
2017-11-14,53.52000045776367,54.099998474121094,53.31999969482422,54.040000915527344,42.54960632324219,20830100,0.0,0.0
2017-11-15,53.630001068115234,54.119998931884766,53.4900016784668,53.75,42.32127380371094,18238600,0.0,0.0
2017-11-16,53.95000076293945,54.86000061035156,53.86000061035156,54.599998474121094,42.990543365478516,26361800,0.0,0.0
2017-11-17,54.209999084472656,54.459999084472656,53.970001220703125,54.150001525878906,42.63623046875,15814800,0.0,0.0
2017-11-20,54.119998931884766,54.209999084472656,53.849998474121094,54.04999923706055,42.55748748779297,16943100,0.0,0.0
2017-11-21,54.08000183105469,54.58000183105469,53.9900016784668,54.52000045776367,42.927555084228516,13757000,0.0,0.0
2017-11-22,54.459999084472656,54.619998931884766,54.029998779296875,54.060001373291016,42.56536865234375,11421700,0.0,0.0
2017-11-24,54.189998626708984,54.310001373291016,54.0,54.09000015258789,42.58898162841797,5386500,0.0,0.0
2017-11-27,54.02000045776367,54.459999084472656,53.86000061035156,53.95000076293945,42.47874450683594,11066800,0.0,0.0
2017-11-28,53.869998931884766,55.88999938964844,53.720001220703125,55.56999969482422,43.75429153442383,25685200,0.0,0.0
2017-11-29,55.84000015258789,57.25,55.70000076293945,56.68000030517578,44.62828063964844,29631800,0.0,0.0
2017-11-30,57.029998779296875,57.33000183105469,56.380001068115234,56.470001220703125,44.46292495727539,30984400,0.0,0.0
2017-12-01,56.56999969482422,57.18000030517578,55.439998626708984,56.20000076293945,44.250335693359375,31242400,0.0,0.0
2017-12-04,57.27000045776367,57.9900016784668,57.20000076293945,57.38999938964844,45.18732452392578,28720400,0.0,0.0
2017-12-05,58.65999984741211,59.40999984741211,57.439998626708984,58.54999923706055,46.10065460205078,39754900,0.0,0.0
2017-12-06,58.68000030517578,59.099998474121094,58.119998931884766,58.56999969482422,46.11640548706055,26758300,0.0,0.0
2017-12-07,58.45000076293945,60.0,58.290000915527344,59.36000061035156,46.738441467285156,32990600,0.0,0.0
2017-12-08,59.310001373291016,59.91999816894531,59.150001525878906,59.310001373291016,46.69906234741211,22017100,0.0,0.0
2017-12-11,58.959999084472656,59.29999923706055,58.619998931884766,58.869998931884766,46.352622985839844,15876600,0.0,0.0
2017-12-12,58.709999084472656,60.560001373291016,58.709999084472656,60.33000183105469,47.5021858215332,25040400,0.0,0.0
2017-12-13,60.310001373291016,60.5,59.380001068115234,59.400001525878906,46.76993942260742,18227000,0.0,0.0
2017-12-14,59.54999923706055,59.9900016784668,59.209999084472656,59.220001220703125,46.628196716308594,14731000,0.0,0.0
2017-12-15,59.45000076293945,60.650001525878906,59.349998474121094,59.869998931884766,47.13999557495117,36467500,0.0,0.0
2017-12-18,60.439998626708984,61.130001068115234,60.369998931884766,60.91999816894531,47.966732025146484,19970900,0.0,0.0
2017-12-19,61.20000076293945,61.27000045776367,60.279998779296875,60.36000061035156,47.52581024169922,17062700,0.0,0.0
2017-12-20,60.880001068115234,61.06999969482422,60.060001373291016,60.13999938964844,47.35258102416992,16544500,0.0,0.0
2017-12-21,60.68000030517578,62.119998931884766,60.68000030517578,61.61000061035156,48.51002502441406,22130700,0.0,0.0
2017-12-22,62.0,62.2400016784668,61.189998626708984,61.54999923706055,48.46278381347656,11653200,0.0,0.0
2017-12-26,61.5,61.720001220703125,60.79999923706055,61.130001068115234,48.132080078125,11662800,0.0,0.0
2017-12-27,61.099998474121094,61.2400016784668,60.65999984741211,60.95000076293945,47.990360260009766,10010800,0.0,0.0
2017-12-28,61.029998779296875,61.310001373291016,60.90999984741211,61.29999923706055,48.26593780517578,10550900,0.0,0.0
2017-12-29,61.459999084472656,61.58000183105469,60.66999816894531,60.66999816894531,47.769893646240234,10711400,0.0,0.0
2018-01-02,61.040000915527344,61.36000061035156,60.70000076293945,61.09000015258789,48.1005859375,13819300,0.0,0.0
2018-01-03,61.220001220703125,61.77000045776367,61.099998474121094,61.560001373291016,48.47065353393555,14203700,0.0,0.0
2018-01-04,61.97999954223633,63.04999923706055,61.90999984741211,62.33000183105469,49.07693862915039,18740500,0.0,0.0
2018-01-05,62.7599983215332,62.810001373291016,62.09000015258789,62.75,49.407623291015625,14217900,0.0,0.0
2018-01-08,62.65999984741211,62.72999954223633,61.939998626708984,62.040000915527344,48.84858703613281,15569400,0.0,0.0
2018-01-09,62.29999923706055,62.77000045776367,62.06999969482422,62.2599983215332,49.02182388305664,15766500,0.0,0.0
2018-01-10,62.47999954223633,63.400001525878906,62.36000061035156,63.119998931884766,49.69895935058594,18107500,0.0,0.0
2018-01-11,63.650001525878906,63.66999816894531,62.689998626708984,63.0099983215332,49.61233901977539,22075000,0.0,0.0
2018-01-12,63.20000076293945,63.400001525878906,62.04999923706055,62.54999923706055,49.250160217285156,25886100,0.0,0.0
2018-01-16,62.790000915527344,63.150001525878906,62.18000030517578,62.5,49.210784912109375,17907800,0.0,0.0
2018-01-17,62.849998474121094,64.04000091552734,62.4900016784668,63.880001068115234,50.29736328125,23892900,0.0,0.0
2018-01-18,63.869998931884766,64.30999755859375,63.86000061035156,63.95000076293945,50.352481842041016,16305900,0.0,0.0
2018-01-19,64.1500015258789,64.26000213623047,63.83000183105469,64.22000122070312,50.565059661865234,16524000,0.0,0.0
2018-01-22,64.0,64.75,63.970001220703125,64.7300033569336,50.96662902832031,12245200,0.0,0.0
2018-01-23,64.30999755859375,64.8499984741211,64.22000122070312,64.48999786376953,50.777652740478516,12937100,0.0,0.0
2018-01-24,64.94999694824219,65.62999725341797,64.80000305175781,65.4800033569336,51.55715560913086,20180300,0.0,0.0
2018-01-25,65.69999694824219,65.8499984741211,65.4000015258789,65.6500015258789,51.69101333618164,17568700,0.0,0.0
2018-01-26,65.88999938964844,66.04000091552734,65.25,65.93000030517578,51.911468505859375,16251900,0.0,0.0
2018-01-29,65.77999877929688,66.30999755859375,65.66000366210938,65.81999969482422,51.82487106323242,16105200,0.0,0.0
2018-01-30,65.43000030517578,65.93000030517578,65.27999877929688,65.27999877929688,51.39969253540039,16158900,0.0,0.0
2018-01-31,65.2699966430664,66.0999984741211,65.16000366210938,65.77999877929688,51.79336929321289,18147900,0.0,0.0
2018-02-01,65.37000274658203,66.08999633789062,65.05999755859375,65.51000213623047,51.888431549072266,15717600,0.39,0.0
2018-02-02,65.33000183105469,65.52999877929688,63.83000183105469,64.06999969482422,50.74785232543945,18905300,0.0,0.0
2018-02-05,58.70000076293945,59.88999938964844,57.5,58.15999984741211,46.06671142578125,103394400,0.0,0.0
2018-02-06,56.90999984741211,58.5,55.869998931884766,57.279998779296875,45.36969757080078,83076900,0.0,0.0
2018-02-07,56.939998626708984,58.119998931884766,56.75,57.540000915527344,45.57563400268555,45551000,0.0,0.0
2018-02-08,57.33000183105469,57.439998626708984,55.349998474121094,55.400001525878906,43.8806037902832,43569700,0.0,0.0
2018-02-09,56.13999938964844,56.540000915527344,54.720001220703125,56.130001068115234,44.45881652832031,48904600,0.0,0.0
2018-02-12,56.36000061035156,57.119998931884766,55.880001068115234,56.5,44.751869201660156,24401300,0.0,0.0
2018-02-13,56.060001373291016,58.09000015258789,55.95000076293945,58.0,45.93998336791992,24234200,0.0,0.0
2018-02-14,57.849998474121094,59.599998474121094,57.79999923706055,59.54999923706055,47.167694091796875,23681800,0.0,0.0
2018-02-15,59.81999969482422,60.099998474121094,59.150001525878906,60.02000045776367,47.539955139160156,22397300,0.0,0.0
2018-02-16,59.66999816894531,60.43000030517578,59.66999816894531,59.95000076293945,47.48452377319336,18661900,0.0,0.0
2018-02-20,59.86000061035156,61.27000045776367,59.779998779296875,59.95000076293945,47.48452377319336,18517600,0.0,0.0
2018-02-21,59.86000061035156,60.4900016784668,59.72999954223633,59.72999954223633,47.31026077270508,19987800,0.0,0.0
2018-02-22,59.880001068115234,60.16999816894531,58.68000030517578,58.810001373291016,46.5815544128418,17948600,0.0,0.0
2018-02-23,59.06999969482422,59.2400016784668,58.349998474121094,59.16999816894531,46.86669921875,21099200,0.0,0.0
2018-02-26,59.75,60.0,58.95000076293945,59.970001220703125,47.500362396240234,16478300,0.0,0.0
2018-02-27,60.029998779296875,60.47999954223633,59.209999084472656,59.209999084472656,46.89838409423828,17024400,0.0,0.0
2018-02-28,59.470001220703125,59.81999969482422,58.31999969482422,58.40999984741211,46.26472854614258,17869100,0.0,0.0
2018-03-01,58.25,58.939998626708984,57.060001373291016,57.310001373291016,45.39345932006836,28491000,0.0,0.0
2018-03-02,56.91999816894531,57.619998931884766,56.41999816894531,57.40999984741211,45.47266387939453,22428500,0.0,0.0
2018-03-05,56.810001373291016,57.970001220703125,56.59000015258789,57.59000015258789,45.6152229309082,20560900,0.0,0.0
2018-03-06,57.709999084472656,57.869998931884766,56.63999938964844,57.06999969482422,45.203346252441406,23975900,0.0,0.0
2018-03-07,56.400001525878906,56.7400016784668,56.0099983215332,56.599998474121094,44.831077575683594,24788700,0.0,0.0
2018-03-08,56.75,57.02000045776367,56.22999954223633,56.720001220703125,44.9261360168457,16828400,0.0,0.0
2018-03-09,57.15999984741211,58.27000045776367,57.0,58.22999954223633,46.12216567993164,19051500,0.0,0.0
2018-03-12,58.27000045776367,58.560001373291016,57.959999084472656,58.02000045776367,45.95582580566406,12414800,0.0,0.0
2018-03-13,58.38999938964844,58.41999816894531,57.41999816894531,57.560001373291016,45.591468811035156,13810600,0.0,0.0
2018-03-14,57.86000061035156,57.900001525878906,56.45000076293945,56.630001068115234,44.854854583740234,12212900,0.0,0.0
2018-03-15,56.77000045776367,57.119998931884766,56.2400016784668,56.83000183105469,45.01325225830078,13277700,0.0,0.0
2018-03-16,56.9900016784668,57.16999816894531,55.869998931884766,55.900001525878906,44.27663803100586,37095000,0.0,0.0
2018-03-19,55.880001068115234,55.9900016784668,54.970001220703125,55.47999954223633,43.943973541259766,17982200,0.0,0.0
2018-03-20,55.77000045776367,55.88999938964844,54.65999984741211,54.900001525878906,43.48457336425781,26874600,0.0,0.0
2018-03-21,55.02000045776367,55.58000183105469,54.540000915527344,54.790000915527344,43.397438049316406,18997300,0.0,0.0
2018-03-22,54.209999084472656,54.279998779296875,52.18000030517578,52.529998779296875,41.60737228393555,32656300,0.0,0.0
2018-03-23,52.720001220703125,52.75,50.939998626708984,50.97999954223633,40.37967300415039,30975800,0.0,0.0
2018-03-26,51.95000076293945,52.54999923706055,51.52000045776367,52.290000915527344,41.417274475097656,26718000,0.0,0.0
2018-03-27,52.400001525878906,52.79999923706055,50.689998626708984,51.099998474121094,40.474708557128906,23669300,0.0,0.0
2018-03-28,51.15999984741211,51.93000030517578,50.95000076293945,51.47999954223633,40.77569580078125,23342500,0.0,0.0
2018-03-29,52.060001373291016,52.75,51.720001220703125,52.40999984741211,41.5123176574707,17706800,0.0,0.0
2018-04-02,52.369998931884766,52.400001525878906,50.41999816894531,51.349998474121094,40.67272186279297,23359800,0.0,0.0
2018-04-03,51.720001220703125,52.189998626708984,51.060001373291016,52.08000183105469,41.25093460083008,16646400,0.0,0.0
2018-04-04,51.130001068115234,53.040000915527344,51.0099983215332,52.90999984741211,41.90835952758789,15952700,0.0,0.0
2018-04-05,53.34000015258789,53.959999084472656,53.04999923706055,53.2599983215332,42.18558120727539,16488800,0.0,0.0
2018-04-06,52.650001525878906,52.91999816894531,51.959999084472656,52.22999954223633,41.3697509765625,22943800,0.0,0.0
2018-04-09,52.5,53.33000183105469,52.15999984741211,52.25,41.38559341430664,17032000,0.0,0.0
2018-04-10,52.9900016784668,53.060001373291016,52.119998931884766,52.619998931884766,41.67864990234375,14594700,0.0,0.0
2018-04-11,52.31999969482422,52.470001220703125,51.720001220703125,51.93000030517578,41.13212585449219,14673200,0.0,0.0
2018-04-12,52.15999984741211,53.27000045776367,52.029998779296875,52.70000076293945,41.74202346801758,19967800,0.0,0.0
2018-04-13,52.0099983215332,52.29999923706055,50.810001373291016,50.88999938964844,40.308372497558594,32054900,0.0,0.0
2018-04-16,50.59000015258789,51.34000015258789,50.310001373291016,50.79999923706055,40.237091064453125,31879100,0.0,0.0
2018-04-17,50.95000076293945,51.15999984741211,50.4900016784668,50.56999969482422,40.05492401123047,25507100,0.0,0.0
2018-04-18,50.779998779296875,50.970001220703125,50.2599983215332,50.38999938964844,39.912349700927734,21055700,0.0,0.0
2018-04-19,50.5099983215332,51.61000061035156,50.4900016784668,51.540000915527344,40.82321548461914,23678400,0.0,0.0
2018-04-20,51.93000030517578,52.81999969482422,51.81999969482422,52.560001373291016,41.63113784790039,31149300,0.0,0.0
2018-04-23,52.54999923706055,52.84000015258789,52.18000030517578,52.61000061035156,41.67073059082031,17723900,0.0,0.0
2018-04-24,52.95000076293945,53.75,52.18000030517578,52.5099983215332,41.59152603149414,23052100,0.0,0.0
2018-04-25,52.439998626708984,53.4900016784668,51.93000030517578,53.11000061035156,42.066776275634766,20978500,0.0,0.0
2018-04-26,52.9900016784668,53.11000061035156,52.2599983215332,52.439998626708984,41.53607940673828,17025800,0.0,0.0
2018-04-27,52.279998779296875,52.939998626708984,52.209999084472656,52.36000061035156,41.472713470458984,12304300,0.0,0.0
2018-04-30,52.560001373291016,53.04999923706055,51.959999084472656,51.959999084472656,41.15589141845703,17050500,0.0,0.0
2018-05-01,51.7599983215332,52.599998474121094,51.599998474121094,52.560001373291016,41.63113784790039,13903800,0.0,0.0
2018-05-02,52.380001068115234,52.869998931884766,52.060001373291016,52.189998626708984,41.33806610107422,16397200,0.0,0.0
2018-05-03,51.619998931884766,51.790000915527344,50.810001373291016,51.540000915527344,41.13057327270508,19216100,0.39,0.0
2018-05-04,51.16999816894531,52.900001525878906,51.06999969482422,52.40999984741211,41.824859619140625,16660500,0.0,0.0
2018-05-07,52.970001220703125,52.9900016784668,52.380001068115234,52.65999984741211,42.024375915527344,16259100,0.0,0.0
2018-05-08,52.720001220703125,53.709999084472656,52.630001068115234,53.189998626708984,42.44732666015625,20786200,0.0,0.0
2018-05-09,53.45000076293945,53.97999954223633,53.349998474121094,53.7599983215332,42.9022102355957,16286700,0.0,0.0
2018-05-10,54.130001068115234,54.72999954223633,53.630001068115234,54.650001525878906,43.61246871948242,20699000,0.0,0.0
2018-05-11,54.689998626708984,54.93000030517578,54.27000045776367,54.45000076293945,43.45283889770508,14424000,0.0,0.0
2018-05-14,54.779998779296875,54.81999969482422,54.33000183105469,54.47999954223633,43.47677993774414,12809100,0.0,0.0
2018-05-15,54.43000030517578,55.279998779296875,54.380001068115234,54.75,43.692256927490234,14991100,0.0,0.0
2018-05-16,54.70000076293945,55.31999969482422,54.560001373291016,55.040000915527344,43.92369842529297,16450200,0.0,0.0
2018-05-17,54.400001525878906,54.66999816894531,54.029998779296875,54.220001220703125,43.269290924072266,21622400,0.0,0.0
2018-05-18,54.150001525878906,54.41999816894531,53.689998626708984,53.70000076293945,42.85432815551758,21492700,0.0,0.0
2018-05-21,54.08000183105469,54.630001068115234,54.06999969482422,54.540000915527344,43.52467346191406,11491400,0.0,0.0
2018-05-22,54.630001068115234,55.650001525878906,54.439998626708984,55.2599983215332,44.099246978759766,17398200,0.0,0.0
2018-05-23,55.029998779296875,56.18000030517578,54.630001068115234,56.18000030517578,44.83344650268555,23566100,0.0,0.0
2018-05-24,55.869998931884766,55.900001525878906,54.439998626708984,54.66999816894531,43.6284065246582,24673400,0.0,0.0
2018-05-25,54.599998474121094,54.9900016784668,54.529998779296875,54.900001525878906,43.81196212768555,17741900,0.0,0.0
2018-05-29,54.040000915527344,54.2599983215332,52.63999938964844,52.95000076293945,42.25579071044922,31604000,0.0,0.0
2018-05-30,53.65999984741211,54.439998626708984,53.380001068115234,54.22999954223633,43.27727127075195,16416200,0.0,0.0
2018-05-31,54.209999084472656,54.380001068115234,53.79999923706055,53.9900016784668,43.085750579833984,17515900,0.0,0.0
2018-06-01,54.560001373291016,55.02000045776367,54.279998779296875,54.689998626708984,43.64437484741211,14100200,0.0,0.0
2018-06-04,54.790000915527344,55.16999816894531,54.599998474121094,54.83000183105469,43.75608825683594,10593700,0.0,0.0
2018-06-05,54.61000061035156,54.93000030517578,54.290000915527344,54.5,43.49274826049805,11883900,0.0,0.0
2018-06-06,54.720001220703125,55.630001068115234,54.65999984741211,55.58000183105469,44.3546142578125,15848200,0.0,0.0
2018-06-07,55.77000045776367,55.9900016784668,55.25,55.630001068115234,44.39453125,17299600,0.0,0.0
2018-06-08,55.560001373291016,55.77000045776367,54.97999954223633,55.68000030517578,44.43444061279297,12965900,0.0,0.0
2018-06-11,55.790000915527344,56.11000061035156,55.5,55.5099983215332,44.29875564575195,13518400,0.0,0.0
2018-06-12,55.63999938964844,55.95000076293945,55.09000015258789,55.380001068115234,44.19501876831055,13608300,0.0,0.0
2018-06-13,55.38999938964844,55.93000030517578,55.13999938964844,55.15999984741211,44.01945877075195,14901100,0.0,0.0
2018-06-14,55.33000183105469,55.349998474121094,54.47999954223633,54.7400016784668,43.684268951416016,18189100,0.0,0.0
2018-06-15,54.54999923706055,55.369998931884766,54.380001068115234,54.97999954223633,43.87580108642578,35715800,0.0,0.0
2018-06-18,54.5099983215332,55.22999954223633,54.43000030517578,55.08000183105469,43.95560836791992,17856700,0.0,0.0
2018-06-19,54.68000030517578,55.22999954223633,54.599998474121094,55.08000183105469,43.95560836791992,16654800,0.0,0.0
2018-06-20,55.459999084472656,55.59000015258789,54.439998626708984,54.47999954223633,43.47677993774414,16545600,0.0,0.0
2018-06-21,54.25,54.7599983215332,53.880001068115234,54.369998931884766,43.38901138305664,21191600,0.0,0.0
2018-06-22,54.959999084472656,55.04999923706055,53.779998779296875,53.939998626708984,43.04585266113281,24015000,0.0,0.0
2018-06-25,53.779998779296875,54.13999938964844,53.099998474121094,53.959999084472656,43.06181716918945,21069600,0.0,0.0
2018-06-26,53.900001525878906,53.939998626708984,53.02000045776367,53.43000030517578,42.63885498046875,14409100,0.0,0.0
2018-06-27,53.2400016784668,53.939998626708984,53.060001373291016,53.279998779296875,42.51914978027344,19520900,0.0,0.0
2018-06-28,53.54999923706055,53.86000061035156,53.02000045776367,53.630001068115234,42.7984733581543,13837300,0.0,0.0
2018-06-29,55.619998931884766,57.119998931884766,55.40999984741211,55.439998626708984,44.242897033691406,43888500,0.0,0.0
2018-07-02,55.20000076293945,56.380001068115234,55.06999969482422,56.31999969482422,44.94517517089844,21204900,0.0,0.0
2018-07-03,56.43000030517578,56.630001068115234,55.43000030517578,55.560001373291016,44.338680267333984,12830400,0.0,0.0
2018-07-05,55.91999816894531,56.08000183105469,55.04999923706055,55.2400016784668,44.08329391479492,16788600,0.0,0.0
2018-07-06,55.29999923706055,56.130001068115234,55.029998779296875,55.88999938964844,44.60201644897461,12389100,0.0,0.0
2018-07-09,56.189998626708984,56.970001220703125,56.0099983215332,56.77000045776367,45.30428695678711,16684000,0.0,0.0
2018-07-10,57.060001373291016,57.08000183105469,56.34000015258789,56.619998931884766,45.18457794189453,15581400,0.0,0.0
2018-07-11,56.400001525878906,56.75,55.97999954223633,56.06999969482422,44.745662689208984,15641400,0.0,0.0
2018-07-12,56.459999084472656,56.47999954223633,55.599998474121094,56.029998779296875,44.7137336730957,18236100,0.0,0.0
2018-07-13,54.7400016784668,55.790000915527344,53.630001068115234,55.36000061035156,44.17906188964844,34323400,0.0,0.0
2018-07-16,55.7400016784668,57.22999954223633,55.630001068115234,56.9900016784668,45.47984313964844,25538700,0.0,0.0
2018-07-17,56.95000076293945,57.029998779296875,56.43000030517578,56.560001373291016,45.136695861816406,21649000,0.0,0.0
2018-07-18,56.2599983215332,56.81999969482422,56.13999938964844,56.56999969482422,45.14466857910156,19913900,0.0,0.0
2018-07-19,56.2599983215332,56.880001068115234,56.02000045776367,56.33000183105469,44.953147888183594,22219400,0.0,0.0
2018-07-20,56.06999969482422,56.65999984741211,55.849998474121094,56.40999984741211,45.016990661621094,17250400,0.0,0.0
2018-07-23,56.38999938964844,58.09000015258789,56.29999923706055,58.0,46.28587341308594,24584100,0.0,0.0
2018-07-24,58.0,58.689998626708984,57.849998474121094,58.349998474121094,46.565181732177734,27245000,0.0,0.0
2018-07-25,58.099998474121094,58.5,57.849998474121094,58.22999954223633,46.469417572021484,15531100,0.0,0.0
2018-07-26,58.470001220703125,58.72999954223633,58.20000076293945,58.310001373291016,46.53324890136719,14165300,0.0,0.0
2018-07-27,58.380001068115234,58.900001525878906,58.15999984741211,58.630001068115234,46.78862380981445,17662900,0.0,0.0
2018-07-30,58.83000183105469,59.27000045776367,58.29999923706055,58.4900016784668,46.6768913269043,22699900,0.0,0.0
2018-07-31,58.61000061035156,58.709999084472656,57.20000076293945,57.290000915527344,45.71925354003906,21633800,0.0,0.0
2018-08-01,57.959999084472656,58.279998779296875,57.209999084472656,57.650001525878906,46.00654220581055,19192700,0.0,0.0
2018-08-02,57.08000183105469,58.45000076293945,57.08000183105469,58.290000915527344,46.51728439331055,13489100,0.0,0.0
2018-08-03,58.060001373291016,58.93000030517578,58.029998779296875,58.83000183105469,46.9482307434082,13720400,0.0,0.0
2018-08-06,58.58000183105469,59.029998779296875,58.189998626708984,58.88999938964844,46.99610137939453,13360500,0.0,0.0
2018-08-07,58.939998626708984,59.15999984741211,58.70000076293945,58.81999969482422,46.940250396728516,13810900,0.0,0.0
2018-08-08,58.7599983215332,59.5,58.7599983215332,59.189998626708984,47.23551940917969,13778600,0.0,0.0
2018-08-09,58.650001525878906,58.900001525878906,58.400001525878906,58.439998626708984,46.97827911376953,15859500,0.43,0.0
2018-08-10,57.380001068115234,58.41999816894531,57.380001068115234,58.04999923706055,46.66476821899414,16170100,0.0,0.0
2018-08-13,57.65999984741211,58.11000061035156,57.560001373291016,57.61000061035156,46.311058044433594,19541100,0.0,0.0
2018-08-14,57.66999816894531,58.2599983215332,57.66999816894531,58.06999969482422,46.680843353271484,14860400,0.0,0.0
2018-08-15,57.68000030517578,58.25,57.650001525878906,57.9900016784668,46.61654281616211,17378400,0.0,0.0
2018-08-16,58.13999938964844,58.810001373291016,58.04999923706055,58.65999984741211,47.15512466430664,19992500,0.0,0.0
2018-08-17,58.5099983215332,59.040000915527344,58.5099983215332,58.86000061035156,47.31591796875,13737600,0.0,0.0
2018-08-20,58.810001373291016,59.209999084472656,58.66999816894531,59.029998779296875,47.45257568359375,11403400,0.0,0.0
2018-08-21,59.0,59.529998779296875,58.939998626708984,58.959999084472656,47.396297454833984,17943500,0.0,0.0
2018-08-22,59.040000915527344,59.5,58.83000183105469,59.16999816894531,47.565101623535156,20829600,0.0,0.0
2018-08-23,59.0,59.04999923706055,58.56999969482422,58.619998931884766,47.12297821044922,19655600,0.0,0.0
2018-08-24,58.900001525878906,58.91999816894531,58.66999816894531,58.689998626708984,47.17925262451172,14366600,0.0,0.0
2018-08-27,58.869998931884766,59.47999954223633,58.7599983215332,59.099998474121094,47.50883483886719,19915200,0.0,0.0
2018-08-28,59.189998626708984,59.33000183105469,58.9900016784668,59.06999969482422,47.484718322753906,19330200,0.0,0.0
2018-08-29,59.04999923706055,59.18000030517578,58.81999969482422,58.959999084472656,47.396297454833984,14436600,0.0,0.0
2018-08-30,58.66999816894531,59.08000183105469,58.43000030517578,58.459999084472656,46.99436950683594,14800900,0.0,0.0
2018-08-31,58.27000045776367,58.540000915527344,58.06999969482422,58.47999954223633,47.010440826416016,16720200,0.0,0.0
2018-09-04,58.45000076293945,58.95000076293945,58.06999969482422,58.79999923706055,47.26767349243164,19003700,0.0,0.0
2018-09-05,58.880001068115234,59.20000076293945,58.810001373291016,58.95000076293945,47.38826370239258,22332300,0.0,0.0
2018-09-06,58.90999984741211,59.15999984741211,57.93000030517578,57.93000030517578,46.568302154541016,20756900,0.0,0.0
2018-09-07,57.91999816894531,58.06999969482422,57.349998474121094,57.400001525878906,46.14225769042969,21482400,0.0,0.0
2018-09-10,57.619998931884766,57.84000015258789,57.310001373291016,57.459999084472656,46.190486907958984,15623000,0.0,0.0
2018-09-11,57.400001525878906,57.560001373291016,57.31999969482422,57.380001068115234,46.12617874145508,22160300,0.0,0.0
2018-09-12,57.33000183105469,57.38999938964844,55.79999923706055,55.939998626708984,44.96860122680664,23868800,0.0,0.0
2018-09-13,56.0099983215332,56.25,54.9900016784668,55.0,44.212955474853516,26954800,0.0,0.0
2018-09-14,55.189998626708984,55.560001373291016,54.70000076293945,54.72999954223633,43.995914459228516,20997600,0.0,0.0
2018-09-17,54.75,54.7599983215332,53.939998626708984,54.310001373291016,43.65829086303711,21959500,0.0,0.0
2018-09-18,54.25,54.70000076293945,54.040000915527344,54.5,43.8110237121582,22055200,0.0,0.0
2018-09-19,54.4900016784668,55.45000076293945,54.279998779296875,55.220001220703125,44.38982391357422,17046200,0.0,0.0
2018-09-20,55.630001068115234,55.810001373291016,54.9900016784668,55.54999923706055,44.65507888793945,20308000,0.0,0.0
2018-09-21,55.75,55.810001373291016,54.91999816894531,54.9900016784668,44.20492172241211,36158500,0.0,0.0
2018-09-24,54.79999923706055,55.15999984741211,54.2400016784668,54.2599983215332,43.61809539794922,19604700,0.0,0.0
2018-09-25,54.29999923706055,54.689998626708984,54.20000076293945,54.22999954223633,43.59397506713867,15207400,0.0,0.0
2018-09-26,54.380001068115234,54.45000076293945,53.02000045776367,53.15999984741211,42.73384475708008,22025100,0.0,0.0
2018-09-27,53.279998779296875,53.599998474121094,52.7599983215332,52.81999969482422,42.46052169799805,19991000,0.0,0.0
2018-09-28,52.689998626708984,52.97999954223633,52.40999984741211,52.560001373291016,42.25151824951172,18588600,0.0,0.0
2018-10-01,52.7400016784668,52.79999923706055,52.15999984741211,52.25,42.002315521240234,17209000,0.0,0.0
2018-10-02,52.2400016784668,52.349998474121094,51.880001068115234,52.130001068115234,41.905845642089844,17509600,0.0,0.0
2018-10-03,52.5,52.91999816894531,52.33000183105469,52.650001525878906,42.32387161254883,18444900,0.0,0.0
2018-10-04,52.72999954223633,53.86000061035156,52.72999954223633,53.5099983215332,43.01519012451172,21417500,0.0,0.0
2018-10-05,53.70000076293945,53.86000061035156,52.97999954223633,53.189998626708984,42.75794982910156,14793000,0.0,0.0
2018-10-08,52.97999954223633,53.959999084472656,52.97999954223633,53.66999816894531,43.14381790161133,12858200,0.0,0.0
2018-10-09,53.380001068115234,53.970001220703125,52.97999954223633,53.529998779296875,43.03126907348633,15918300,0.0,0.0
2018-10-10,53.70000076293945,54.06999969482422,52.40999984741211,52.43000030517578,42.14701843261719,21875900,0.0,0.0
2018-10-11,52.380001068115234,52.84000015258789,51.0099983215332,51.439998626708984,41.351173400878906,33147900,0.0,0.0
2018-10-12,52.099998474121094,53.33000183105469,50.869998931884766,52.11000061035156,41.8897705078125,32067300,0.0,0.0
2018-10-15,52.5099983215332,53.9900016784668,52.5099983215332,53.2400016784668,42.79814529418945,34118900,0.0,0.0
2018-10-16,53.310001373291016,53.790000915527344,52.529998779296875,53.72999954223633,43.192047119140625,28227200,0.0,0.0
2018-10-17,53.560001373291016,55.0099983215332,53.189998626708984,54.459999084472656,43.778865814208984,23524200,0.0,0.0
2018-10-18,54.16999816894531,54.400001525878906,52.7599983215332,53.099998474121094,42.68561553955078,22533300,0.0,0.0
2018-10-19,53.08000183105469,53.630001068115234,52.86000061035156,52.88999938964844,42.516780853271484,19521000,0.0,0.0
2018-10-22,53.06999969482422,53.16999816894531,51.560001373291016,51.650001525878906,41.51998519897461,17621500,0.0,0.0
2018-10-23,50.84000015258789,51.95000076293945,50.470001220703125,51.560001373291016,41.44764709472656,25529800,0.0,0.0
2018-10-24,51.310001373291016,51.4900016784668,50.02000045776367,50.189998626708984,40.34633255004883,31161500,0.0,0.0
2018-10-25,50.529998779296875,52.61000061035156,50.41999816894531,51.86000061035156,41.68880081176758,29366100,0.0,0.0
2018-10-26,51.31999969482422,51.93000030517578,50.790000915527344,51.25,41.19843673706055,30053800,0.0,0.0
2018-10-29,51.880001068115234,53.150001525878906,51.59000015258789,52.22999954223633,41.98624038696289,30541300,0.0,0.0
2018-10-30,52.45000076293945,52.90999984741211,51.869998931884766,52.689998626708984,42.35602569580078,24910900,0.0,0.0
2018-10-31,53.040000915527344,54.029998779296875,53.029998779296875,53.22999954223633,42.79010009765625,23667400,0.0,0.0
2018-11-01,53.43000030517578,53.959999084472656,53.150001525878906,53.560001373291016,43.055381774902344,17654800,0.0,0.0
2018-11-02,54.209999084472656,54.630001068115234,53.11000061035156,53.61000061035156,43.095584869384766,18285600,0.0,0.0
2018-11-05,53.72999954223633,54.29999923706055,51.15999984741211,53.65999984741211,43.13576889038086,18990000,0.0,0.0
2018-11-06,53.36000061035156,53.709999084472656,52.959999084472656,53.54999923706055,43.047332763671875,20696800,0.0,0.0
2018-11-07,53.81999969482422,54.18000030517578,52.790000915527344,53.58000183105469,43.07147216796875,20668500,0.0,0.0
2018-11-08,52.900001525878906,53.599998474121094,52.86000061035156,53.15999984741211,43.079566955566406,22429200,0.43,0.0
2018-11-09,53.09000015258789,53.38999938964844,52.72999954223633,53.040000915527344,42.98231506347656,18972200,0.0,0.0
2018-11-12,53.130001068115234,53.58000183105469,52.279998779296875,52.349998474121094,42.423160552978516,19003300,0.0,0.0
2018-11-13,52.619998931884766,53.33000183105469,52.619998931884766,52.7400016784668,42.73920822143555,28102000,0.0,0.0
2018-11-14,53.13999938964844,53.290000915527344,51.4900016784668,52.150001525878906,42.26109313964844,24788400,0.0,0.0
2018-11-15,51.540000915527344,52.90999984741211,51.279998779296875,52.81999969482422,42.804039001464844,23220100,0.0,0.0
2018-11-16,52.650001525878906,53.18000030517578,52.47999954223633,52.939998626708984,42.901283264160156,18872500,0.0,0.0
2018-11-19,52.970001220703125,53.47999954223633,52.599998474121094,53.31999969482422,43.20922088623047,20215500,0.0,0.0
2018-11-20,53.04999923706055,53.2400016784668,52.36000061035156,52.540000915527344,42.57713317871094,22999200,0.0,0.0
2018-11-21,52.619998931884766,53.20000076293945,52.27000045776367,52.43000030517578,42.48799514770508,16946300,0.0,0.0
2018-11-23,51.970001220703125,52.290000915527344,51.61000061035156,51.83000183105469,42.00177001953125,11139400,0.0,0.0
2018-11-26,52.33000183105469,53.18000030517578,52.33000183105469,52.880001068115234,42.852664947509766,20581700,0.0,0.0
2018-11-27,52.689998626708984,53.31999969482422,52.45000076293945,53.189998626708984,43.10387420654297,18044600,0.0,0.0
2018-11-28,53.150001525878906,54.36000061035156,52.58000183105469,54.349998474121094,44.043914794921875,23713300,0.0,0.0
2018-11-29,53.970001220703125,54.41999816894531,53.790000915527344,54.040000915527344,43.79269790649414,14978400,0.0,0.0
2018-11-30,54.08000183105469,54.54999923706055,53.869998931884766,54.279998779296875,43.9871826171875,18939000,0.0,0.0
2018-12-03,54.779998779296875,55.040000915527344,53.599998474121094,54.2400016784668,43.95477294921875,21261700,0.0,0.0
2018-12-04,53.95000076293945,53.9900016784668,51.5099983215332,51.779998779296875,41.96123504638672,33280500,0.0,0.0
2018-12-06,50.650001525878906,51.13999938964844,50.02000045776367,51.09000015258789,41.402095794677734,40310200,0.0,0.0
2018-12-07,50.88999938964844,51.45000076293945,50.04999923706055,50.2599983215332,40.72948455810547,28510500,0.0,0.0
2018-12-10,50.06999969482422,50.06999969482422,48.29999923706055,48.79999923706055,39.54633712768555,34524600,0.0,0.0
2018-12-11,49.40999984741211,49.59000015258789,47.54999923706055,47.7599983215332,38.703529357910156,32388600,0.0,0.0
2018-12-12,48.290000915527344,48.29999923706055,46.849998474121094,47.7400016784668,38.68732833862305,42820000,0.0,0.0
2018-12-13,47.970001220703125,48.119998931884766,46.93000030517578,47.029998779296875,38.111968994140625,35227100,0.0,0.0
2018-12-14,46.54999923706055,47.4900016784668,46.380001068115234,46.540000915527344,37.714881896972656,25913000,0.0,0.0
2018-12-17,46.220001220703125,47.310001373291016,46.119998931884766,46.61000061035156,37.7716064453125,29443300,0.0,0.0
2018-12-18,46.939998626708984,47.52000045776367,46.31999969482422,46.52000045776367,37.69868087768555,26740000,0.0,0.0
2018-12-19,46.38999938964844,47.43000030517578,45.29999923706055,45.66999816894531,37.00985336303711,34287600,0.0,0.0
2018-12-20,45.400001525878906,46.77000045776367,45.33000183105469,46.040000915527344,37.309696197509766,43969900,0.0,0.0
2018-12-21,45.59000015258789,46.529998779296875,44.93000030517578,45.119998931884766,36.56414031982422,55577900,0.0,0.0
2018-12-24,44.470001220703125,45.099998474121094,43.599998474121094,43.599998474121094,35.33237075805664,18049900,0.0,0.0
2018-12-26,43.84000015258789,45.59000015258789,43.02000045776367,45.59000015258789,36.94502639770508,27770000,0.0,0.0
2018-12-27,44.720001220703125,45.529998779296875,43.849998474121094,45.529998779296875,36.89640808105469,27005300,0.0,0.0
2018-12-28,45.68000030517578,46.43000030517578,45.529998779296875,45.779998779296875,37.09900665283203,23635000,0.0,0.0
2018-12-31,45.97999954223633,46.47999954223633,45.56999969482422,46.08000183105469,37.34210968017578,16544500,0.0,0.0
2019-01-02,45.529998779296875,46.95000076293945,45.40999984741211,46.939998626708984,38.03902053833008,20295200,0.0,0.0
2019-01-03,46.650001525878906,47.349998474121094,46.369998931884766,46.56999969482422,37.739192962646484,22262000,0.0,0.0
2019-01-04,47.41999816894531,48.11000061035156,47.20000076293945,47.95000076293945,38.85750961303711,23343600,0.0,0.0
2019-01-07,47.779998779296875,48.22999954223633,47.540000915527344,47.63999938964844,38.60628128051758,21858000,0.0,0.0
2019-01-08,47.900001525878906,48.15999984741211,46.91999816894531,47.540000915527344,38.525245666503906,19702900,0.0,0.0
2019-01-09,47.5099983215332,47.97999954223633,47.08000183105469,47.79999923706055,38.73594284057617,18837700,0.0,0.0
2019-01-10,47.5,48.04999923706055,47.310001373291016,47.75,38.6954345703125,16208400,0.0,0.0
2019-01-11,47.5,48.09000015258789,47.18000030517578,47.869998931884766,38.79267501831055,20006900,0.0,0.0
2019-01-14,47.5099983215332,48.4900016784668,47.400001525878906,48.41999816894531,39.23838806152344,23827600,0.0,0.0
2019-01-15,47.599998474121094,48.25,47.0099983215332,47.66999816894531,38.63060760498047,27447600,0.0,0.0
2019-01-16,48.150001525878906,49.34000015258789,47.9900016784668,48.939998626708984,39.659786224365234,32026400,0.0,0.0
2019-01-17,48.63999938964844,49.36000061035156,48.400001525878906,49.22999954223633,39.89478302001953,25738800,0.0,0.0
2019-01-18,49.099998474121094,50.15999984741211,48.86000061035156,50.0099983215332,40.52688980102539,36380300,0.0,0.0
2019-01-22,49.77000045776367,50.099998474121094,49.630001068115234,49.86000061035156,40.405330657958984,33975200,0.0,0.0
2019-01-23,50.0,50.31999969482422,49.5,50.119998931884766,40.61602783203125,16806700,0.0,0.0
2019-01-24,49.790000915527344,50.34000015258789,49.650001525878906,49.97999954223633,40.50257873535156,17862100,0.0,0.0
2019-01-25,50.400001525878906,50.540000915527344,49.959999084472656,50.130001068115234,40.6241340637207,20183400,0.0,0.0
2019-01-28,49.77000045776367,49.900001525878906,49.20000076293945,49.81999969482422,40.37291717529297,19913100,0.0,0.0
2019-01-29,49.779998779296875,50.11000061035156,49.720001220703125,49.849998474121094,40.397216796875,11927600,0.0,0.0
2019-01-30,49.84000015258789,50.349998474121094,49.59000015258789,50.09000015258789,40.59171676635742,16885100,0.0,0.0
2019-01-31,49.279998779296875,49.41999816894531,48.65999984741211,48.90999984741211,39.994781494140625,24934700,0.45,0.0
2019-02-01,49.0,49.08000183105469,48.790000915527344,48.90999984741211,39.994781494140625,21123500,0.0,0.0
2019-02-04,48.849998474121094,49.150001525878906,48.709999084472656,49.060001373291016,40.117431640625,17547800,0.0,0.0
2019-02-05,49.27000045776367,49.31999969482422,48.75,49.27000045776367,40.289161682128906,14784900,0.0,0.0
2019-02-06,49.09000015258789,49.529998779296875,49.06999969482422,49.220001220703125,40.24827575683594,12145700,0.0,0.0
2019-02-07,49.09000015258789,49.29999923706055,47.709999084472656,48.08000183105469,39.31607437133789,24189700,0.0,0.0
2019-02-08,47.939998626708984,48.040000915527344,47.060001373291016,47.650001525878906,38.964447021484375,20641200,0.0,0.0
2019-02-11,47.869998931884766,47.959999084472656,47.380001068115234,47.650001525878906,38.964447021484375,15995900,0.0,0.0
2019-02-12,48.0099983215332,49.459999084472656,48.0099983215332,49.04999923706055,40.109256744384766,22033000,0.0,0.0
2019-02-13,49.2400016784668,49.709999084472656,48.88999938964844,49.02000045776367,40.08473205566406,13770900,0.0,0.0
2019-02-14,48.630001068115234,48.90999984741211,48.029998779296875,48.52000045776367,39.675865173339844,16456500,0.0,0.0
2019-02-15,49.09000015258789,49.41999816894531,48.4900016784668,49.220001220703125,40.24827575683594,19346200,0.0,0.0
2019-02-19,49.029998779296875,49.619998931884766,48.81999969482422,49.380001068115234,40.37910842895508,15121700,0.0,0.0
2019-02-20,49.43000030517578,49.880001068115234,49.29999923706055,49.810001373291016,40.7307243347168,16742600,0.0,0.0
2019-02-21,49.7599983215332,49.88999938964844,49.369998931884766,49.560001373291016,40.52629852294922,16938800,0.0,0.0
2019-02-22,49.599998474121094,49.75,48.95000076293945,49.02000045776367,40.08473205566406,15848200,0.0,0.0
2019-02-25,49.2599983215332,50.22999954223633,49.25,49.65999984741211,40.608070373535156,16564100,0.0,0.0
2019-02-26,49.4900016784668,50.13999938964844,49.34000015258789,49.59000015258789,40.55082321166992,16997800,0.0,0.0
2019-02-27,49.59000015258789,50.029998779296875,49.36000061035156,49.900001525878906,40.8043212890625,17455000,0.0,0.0
2019-02-28,49.97999954223633,50.130001068115234,49.72999954223633,49.88999938964844,40.796138763427734,17786600,0.0,0.0
2019-03-01,50.22999954223633,50.84000015258789,49.869998931884766,50.029998779296875,40.9106330871582,19051400,0.0,0.0
2019-03-04,50.290000915527344,50.900001525878906,49.689998626708984,50.11000061035156,40.97603988647461,16697000,0.0,0.0
2019-03-05,50.029998779296875,50.04999923706055,49.33000183105469,49.88999938964844,40.796138763427734,14235400,0.0,0.0
2019-03-06,49.970001220703125,50.220001220703125,49.68000030517578,49.81999969482422,40.7389030456543,14211000,0.0,0.0
2019-03-07,49.709999084472656,49.849998474121094,49.290000915527344,49.68000030517578,40.624420166015625,19047300,0.0,0.0
2019-03-08,49.2599983215332,49.900001525878906,49.16999816894531,49.79999923706055,40.72254180908203,17400000,0.0,0.0
2019-03-11,50.0,50.099998474121094,49.630001068115234,49.7599983215332,40.68983459472656,19471500,0.0,0.0
2019-03-12,49.779998779296875,50.04999923706055,49.540000915527344,49.650001525878906,40.599884033203125,18299300,0.0,0.0
2019-03-13,49.869998931884766,50.08000183105469,49.61000061035156,49.91999816894531,40.82066345214844,21647300,0.0,0.0
2019-03-14,50.06999969482422,50.790000915527344,49.93000030517578,50.349998474121094,41.172298431396484,20160700,0.0,0.0
2019-03-15,50.220001220703125,50.79999923706055,50.0,50.65999984741211,41.42578887939453,46117300,0.0,0.0
2019-03-18,50.84000015258789,52.06999969482422,50.83000183105469,51.72999954223633,42.300750732421875,23843300,0.0,0.0
2019-03-19,52.41999816894531,52.41999816894531,51.34000015258789,51.40999984741211,42.039085388183594,19911900,0.0,0.0
2019-03-20,51.189998626708984,51.56999969482422,50.33000183105469,50.400001525878906,41.21318054199219,20632400,0.0,0.0
2019-03-21,49.97999954223633,50.13999938964844,49.16999816894531,49.86000061035156,40.7716178894043,24132800,0.0,0.0
2019-03-22,49.25,49.470001220703125,48.0,48.310001373291016,39.504146575927734,27975800,0.0,0.0
2019-03-25,48.41999816894531,48.88999938964844,47.849998474121094,48.08000183105469,39.31607437133789,17227600,0.0,0.0
2019-03-26,48.52000045776367,49.040000915527344,48.40999984741211,49.0099983215332,40.07655715942383,16989600,0.0,0.0
2019-03-27,48.939998626708984,49.189998626708984,48.45000076293945,48.77000045776367,39.88030242919922,16912000,0.0,0.0
2019-03-28,48.72999954223633,49.220001220703125,48.349998474121094,49.09000015258789,40.14196014404297,15881600,0.0,0.0
2019-03-29,49.79999923706055,49.79999923706055,47.79999923706055,48.31999969482422,39.51231384277344,53590800,0.0,0.0
2019-04-01,48.43000030517578,48.900001525878906,48.16999816894531,48.810001373291016,39.91300582885742,42015500,0.0,0.0
2019-04-02,48.56999969482422,48.880001068115234,47.959999084472656,48.209999084472656,39.42237091064453,35393600,0.0,0.0
2019-04-03,48.470001220703125,48.869998931884766,48.08000183105469,48.86000061035156,39.95388412475586,30366300,0.0,0.0
2019-04-04,48.95000076293945,49.68000030517578,48.880001068115234,49.16999816894531,40.20738220214844,19260100,0.0,0.0
2019-04-05,49.2599983215332,49.40999984741211,48.599998474121094,48.779998779296875,39.88847732543945,23734900,0.0,0.0
2019-04-08,48.63999938964844,49.099998474121094,48.58000183105469,48.880001068115234,39.97024154663086,18875200,0.0,0.0
2019-04-09,48.68000030517578,48.70000076293945,48.02000045776367,48.13999938964844,39.3651237487793,22903500,0.0,0.0
2019-04-10,48.08000183105469,48.189998626708984,47.400001525878906,47.790000915527344,39.07892608642578,30977800,0.0,0.0
2019-04-11,47.970001220703125,48.2599983215332,47.380001068115234,47.7400016784668,39.03803634643555,33662700,0.0,0.0
2019-04-12,47.75,48.81999969482422,46.060001373291016,46.4900016784668,38.015892028808594,70271400,0.0,0.0
2019-04-15,45.869998931884766,47.060001373291016,45.65999984741211,46.77000045776367,38.24484634399414,34954000,0.0,0.0
2019-04-16,46.880001068115234,47.869998931884766,46.869998931884766,47.650001525878906,38.964447021484375,25217100,0.0,0.0
2019-04-17,47.959999084472656,47.959999084472656,46.91999816894531,47.54999923706055,38.88267135620117,25144000,0.0,0.0
2019-04-18,47.439998626708984,47.869998931884766,47.119998931884766,47.58000183105469,38.90721130371094,22416800,0.0,0.0
2019-04-22,47.40999984741211,47.5,47.099998474121094,47.2599983215332,38.64552307128906,15972600,0.0,0.0
2019-04-23,47.20000076293945,47.439998626708984,46.95000076293945,47.349998474121094,38.7191276550293,16434300,0.0,0.0
2019-04-24,47.060001373291016,47.689998626708984,47.029998779296875,47.47999954223633,38.825443267822266,17831800,0.0,0.0
2019-04-25,47.16999816894531,47.959999084472656,46.90999984741211,47.5099983215332,38.8499641418457,23042800,0.0,0.0
2019-04-26,47.52000045776367,47.97999954223633,47.400001525878906,47.959999084472656,39.21794128417969,13035500,0.0,0.0
2019-04-29,47.970001220703125,48.790000915527344,47.959999084472656,48.27000045776367,39.47144317626953,16918700,0.0,0.0
2019-04-30,48.349998474121094,48.560001373291016,48.11000061035156,48.40999984741211,39.585914611816406,18525100,0.0,0.0
2019-05-01,48.31999969482422,48.849998474121094,47.9900016784668,48.22999954223633,39.43872833251953,17542100,0.0,0.0
2019-05-02,48.349998474121094,48.4900016784668,47.849998474121094,48.29999923706055,39.49596405029297,16883000,0.0,0.0
2019-05-03,48.52000045776367,48.77000045776367,48.349998474121094,48.650001525878906,39.78218460083008,16571300,0.0,0.0
2019-05-06,47.9900016784668,48.72999954223633,47.880001068115234,48.43000030517578,39.60227584838867,19279900,0.0,0.0
2019-05-07,48.04999923706055,48.15999984741211,46.90999984741211,47.16999816894531,38.571937561035156,23919100,0.0,0.0
2019-05-08,47.060001373291016,47.310001373291016,46.810001373291016,47.0,38.43292999267578,19814400,0.0,0.0
2019-05-09,46.0,46.83000183105469,45.779998779296875,46.7400016784668,38.58979797363281,23246900,0.45,0.0
2019-05-10,46.40999984741211,47.369998931884766,46.11000061035156,47.150001525878906,38.92831039428711,19983400,0.0,0.0
2019-05-13,46.279998779296875,46.9900016784668,46.2599983215332,46.33000183105469,38.25129318237305,23304700,0.0,0.0
2019-05-14,46.380001068115234,46.93000030517578,45.97999954223633,46.4900016784668,38.383399963378906,21267600,0.0,0.0
2019-05-15,46.02000045776367,46.349998474121094,45.4900016784668,45.84000015258789,37.84673309326172,20123300,0.0,0.0
2019-05-16,45.9900016784668,46.529998779296875,45.7599983215332,45.900001525878906,37.89627456665039,20764100,0.0,0.0
2019-05-17,45.439998626708984,46.22999954223633,45.40999984741211,45.70000076293945,37.73115158081055,22273500,0.0,0.0
2019-05-20,45.619998931884766,45.90999984741211,45.29999923706055,45.45000076293945,37.52473449707031,18854000,0.0,0.0
2019-05-21,45.619998931884766,46.36000061035156,45.52000045776367,46.33000183105469,38.25129318237305,18416300,0.0,0.0
2019-05-22,46.06999969482422,46.310001373291016,45.959999084472656,46.099998474121094,38.061397552490234,13155000,0.0,0.0
2019-05-23,45.83000183105469,45.86000061035156,45.06999969482422,45.560001373291016,37.615570068359375,17643700,0.0,0.0
2019-05-24,45.7599983215332,46.349998474121094,45.59000015258789,46.16999816894531,38.11919403076172,13425500,0.0,0.0
2019-05-28,46.06999969482422,46.25,45.58000183105469,45.59000015258789,37.64033889770508,19984600,0.0,0.0
2019-05-29,45.38999938964844,45.68000030517578,45.130001068115234,45.47999954223633,37.54951095581055,16058800,0.0,0.0
2019-05-30,45.689998626708984,45.849998474121094,44.880001068115234,45.04999923706055,37.19449234008789,13775900,0.0,0.0
2019-05-31,44.529998779296875,44.86000061035156,44.220001220703125,44.369998931884766,36.6330680847168,17540500,0.0,0.0
2019-06-03,44.2400016784668,45.11000061035156,44.20000076293945,44.52000045776367,36.75690841674805,20172500,0.0,0.0
2019-06-04,45.15999984741211,45.7599983215332,45.0099983215332,45.68000030517578,37.71462631225586,21082000,0.0,0.0
2019-06-05,45.869998931884766,45.900001525878906,45.29999923706055,45.86000061035156,37.863250732421875,13705400,0.0,0.0
2019-06-06,45.7400016784668,46.189998626708984,45.45000076293945,45.91999816894531,37.912776947021484,16020500,0.0,0.0
2019-06-07,45.900001525878906,46.15999984741211,45.54999923706055,45.630001068115234,37.6733512878418,14979900,0.0,0.0
2019-06-10,46.060001373291016,46.810001373291016,46.060001373291016,46.27000045776367,38.20175552368164,15242700,0.0,0.0
2019-06-11,45.84000015258789,46.459999084472656,45.77000045776367,46.2599983215332,38.1934928894043,15078300,0.0,0.0
2019-06-12,46.0099983215332,46.27000045776367,44.779998779296875,44.90999984741211,37.07889938354492,22470400,0.0,0.0
2019-06-13,45.099998474121094,45.630001068115234,44.91999816894531,45.290000915527344,37.39263916015625,15629400,0.0,0.0
2019-06-14,45.310001373291016,45.790000915527344,44.84000015258789,45.59000015258789,37.64033889770508,16147500,0.0,0.0
2019-06-17,45.58000183105469,46.02000045776367,45.13999938964844,45.27000045776367,37.376121520996094,13420400,0.0,0.0
2019-06-18,45.25,46.38999938964844,45.060001373291016,46.099998474121094,38.061397552490234,18611100,0.0,0.0
2019-06-19,46.47999954223633,46.75,45.630001068115234,45.650001525878906,37.68986129760742,17787600,0.0,0.0
2019-06-20,45.849998474121094,45.9900016784668,45.2400016784668,45.86000061035156,37.863250732421875,19205200,0.0,0.0
2019-06-21,45.84000015258789,46.88999938964844,45.790000915527344,46.88999938964844,38.71364212036133,39186200,0.0,0.0
2019-06-24,46.54999923706055,46.689998626708984,46.22999954223633,46.27000045776367,38.20175552368164,21854400,0.0,0.0
2019-06-25,46.130001068115234,46.529998779296875,45.43000030517578,46.13999938964844,38.09442901611328,20814000,0.0,0.0
2019-06-26,46.209999084472656,46.279998779296875,45.779998779296875,45.79999923706055,37.8137092590332,17106800,0.0,0.0
2019-06-27,46.220001220703125,46.529998779296875,46.11000061035156,46.290000915527344,38.21826934814453,13391600,0.0,0.0
2019-06-28,46.810001373291016,47.70000076293945,46.79999923706055,47.31999969482422,39.068668365478516,31030900,0.0,0.0
2019-07-01,47.880001068115234,48.119998931884766,47.400001525878906,47.689998626708984,39.374141693115234,15089100,0.0,0.0
2019-07-02,47.52000045776367,47.79999923706055,46.91999816894531,47.22999954223633,38.99435043334961,12107200,0.0,0.0
2019-07-03,47.29999923706055,47.790000915527344,46.97999954223633,47.65999984741211,39.34937286376953,10438400,0.0,0.0
2019-07-05,48.099998474121094,48.189998626708984,47.66999816894531,47.77000045776367,39.44020462036133,10801600,0.0,0.0
2019-07-08,47.400001525878906,47.9900016784668,47.310001373291016,47.529998779296875,39.242042541503906,13189300,0.0,0.0
2019-07-09,47.29999923706055,47.88999938964844,47.209999084472656,47.83000183105469,39.489742279052734,12595000,0.0,0.0
2019-07-10,47.66999816894531,47.810001373291016,47.040000915527344,47.150001525878906,38.92831039428711,12784900,0.0,0.0
2019-07-11,47.209999084472656,47.58000183105469,47.060001373291016,47.13999938964844,38.920047760009766,19751400,0.0,0.0
2019-07-12,47.119998931884766,47.41999816894531,46.91999816894531,47.36000061035156,39.101688385009766,12792600,0.0,0.0
2019-07-15,47.400001525878906,47.45000076293945,46.439998626708984,46.709999084472656,38.565032958984375,21338400,0.0,0.0
2019-07-16,46.720001220703125,46.970001220703125,45.220001220703125,45.29999923706055,37.40089416503906,37548300,0.0,0.0
2019-07-17,45.20000076293945,45.75,45.13999938964844,45.209999084472656,37.32658767700195,24502100,0.0,0.0
2019-07-18,45.220001220703125,46.02000045776367,45.189998626708984,45.81999969482422,37.83021926879883,19409100,0.0,0.0
2019-07-19,45.959999084472656,46.40999984741211,45.86000061035156,46.029998779296875,38.003597259521484,21847900,0.0,0.0
2019-07-22,45.88999938964844,46.54999923706055,45.77000045776367,46.47999954223633,38.3751335144043,17972100,0.0,0.0
2019-07-23,46.68000030517578,47.59000015258789,46.65999984741211,47.20000076293945,38.96959686279297,21150200,0.0,0.0
2019-07-24,47.29999923706055,48.470001220703125,47.279998779296875,48.45000076293945,40.00162124633789,29357200,0.0,0.0
2019-07-25,48.52000045776367,48.7400016784668,48.0099983215332,48.09000015258789,39.70439147949219,20562000,0.0,0.0
2019-07-26,48.150001525878906,49.310001373291016,48.06999969482422,49.29999923706055,40.703407287597656,21641500,0.0,0.0
2019-07-29,49.380001068115234,49.56999969482422,48.18000030517578,48.279998779296875,39.861263275146484,19148600,0.0,0.0
2019-07-30,48.0099983215332,48.59000015258789,47.88999938964844,48.54999923706055,40.084190368652344,14207000,0.0,0.0
2019-07-31,48.2599983215332,48.97999954223633,48.11000061035156,48.40999984741211,39.968589782714844,23422800,0.0,0.0
2019-08-01,48.40999984741211,48.63999938964844,46.95000076293945,47.060001373291016,38.85400390625,22668600,0.0,0.0
2019-08-02,47.11000061035156,47.61000061035156,46.369998931884766,47.439998626708984,39.16773223876953,20159000,0.0,0.0
2019-08-05,46.5,46.79999923706055,45.849998474121094,46.13999938964844,38.09442901611328,27113500,0.0,0.0
2019-08-06,46.61000061035156,47.029998779296875,45.81999969482422,46.93000030517578,38.74666213989258,19446100,0.0,0.0
2019-08-07,46.06999969482422,46.150001525878906,45.22999954223633,45.810001373291016,37.821964263916016,27830000,0.0,0.0
2019-08-08,45.689998626708984,46.63999938964844,45.54999923706055,46.400001525878906,38.74037551879883,20671300,0.51,0.0
2019-08-09,46.02000045776367,46.65999984741211,45.75,46.29999923706055,38.656890869140625,19786100,0.0,0.0
2019-08-12,45.5099983215332,45.90999984741211,45.33000183105469,45.43000030517578,37.93050765991211,17364400,0.0,0.0
2019-08-13,45.61000061035156,46.41999816894531,45.2599983215332,45.959999084472656,38.37301254272461,16649100,0.0,0.0
2019-08-14,45.02000045776367,45.099998474121094,43.939998626708984,43.970001220703125,36.711517333984375,28786700,0.0,0.0
2019-08-15,44.29999923706055,44.5,43.34000015258789,43.380001068115234,36.21891403198242,27900000,0.0,0.0
2019-08-16,43.7400016784668,44.540000915527344,43.630001068115234,44.38999938964844,37.062198638916016,21196600,0.0,0.0
2019-08-19,45.130001068115234,45.470001220703125,44.93000030517578,45.25,37.780216217041016,15378100,0.0,0.0
2019-08-20,45.040000915527344,45.040000915527344,44.630001068115234,44.68000030517578,37.3043098449707,13345800,0.0,0.0
2019-08-21,44.959999084472656,45.279998779296875,44.810001373291016,45.0,37.571475982666016,13513700,0.0,0.0
2019-08-22,45.33000183105469,45.83000183105469,45.060001373291016,45.619998931884766,38.089141845703125,14703900,0.0,0.0
2019-08-23,45.20000076293945,45.650001525878906,44.09000015258789,44.41999816894531,37.08723068237305,21152500,0.0,0.0
2019-08-26,44.709999084472656,45.0,44.4900016784668,44.97999954223633,37.55479049682617,15973100,0.0,0.0
2019-08-27,45.22999954223633,45.33000183105469,44.43000030517578,44.75,37.36275863647461,15038200,0.0,0.0
2019-08-28,44.63999938964844,45.779998779296875,44.4900016784668,45.470001220703125,37.963905334472656,14740000,0.0,0.0
2019-08-29,46.0,46.4900016784668,45.779998779296875,46.189998626708984,38.56504821777344,16196600,0.0,0.0
2019-08-30,46.540000915527344,46.900001525878906,46.40999984741211,46.56999969482422,38.88232421875,15250600,0.0,0.0
2019-09-03,46.310001373291016,46.34000015258789,45.47999954223633,46.09000015258789,38.48155975341797,17224200,0.0,0.0
2019-09-04,46.540000915527344,46.70000076293945,46.279998779296875,46.5,38.82387924194336,17123100,0.0,0.0
2019-09-05,47.310001373291016,48.16999816894531,47.29999923706055,47.619998931884766,39.75898742675781,19243400,0.0,0.0
2019-09-06,47.58000183105469,47.77000045776367,47.099998474121094,47.150001525878906,39.36656951904297,18846100,0.0,0.0
2019-09-09,47.31999969482422,48.63999938964844,46.88999938964844,48.40999984741211,40.4185676574707,27651400,0.0,0.0
2019-09-10,48.06999969482422,48.93000030517578,48.06999969482422,48.310001373291016,40.3350830078125,25822400,0.0,0.0
2019-09-11,48.290000915527344,48.97999954223633,47.790000915527344,48.849998474121094,40.78593444824219,19190000,0.0,0.0
2019-09-12,48.52000045776367,49.08000183105469,48.220001220703125,48.650001525878906,40.61895751953125,24305900,0.0,0.0
2019-09-13,49.0099983215332,49.36000061035156,48.65999984741211,48.91999816894531,40.844383239746094,25142400,0.0,0.0
2019-09-16,48.459999084472656,49.0,48.400001525878906,48.97999954223633,40.89448165893555,17759700,0.0,0.0
2019-09-17,48.70000076293945,48.86000061035156,48.310001373291016,48.7599983215332,40.71080017089844,18346100,0.0,0.0
2019-09-18,48.630001068115234,49.209999084472656,48.43000030517578,48.93000030517578,40.85274124145508,20511700,0.0,0.0
2019-09-19,48.9900016784668,49.310001373291016,48.869998931884766,48.90999984741211,40.83604431152344,16887500,0.0,0.0
2019-09-20,49.06999969482422,49.29999923706055,48.61000061035156,48.630001068115234,40.60226058959961,30229400,0.0,0.0
2019-09-23,48.31999969482422,49.09000015258789,48.310001373291016,48.959999084472656,40.87778091430664,20603400,0.0,0.0
2019-09-24,48.97999954223633,49.220001220703125,48.470001220703125,48.650001525878906,40.61895751953125,21629300,0.0,0.0
2019-09-25,48.72999954223633,49.540000915527344,48.650001525878906,49.2599983215332,41.128257751464844,21313100,0.0,0.0
2019-09-26,49.25,49.369998931884766,48.81999969482422,48.869998931884766,40.802635192871094,19984000,0.0,0.0
2019-09-27,50.400001525878906,51.40999984741211,50.25,50.709999084472656,42.33889389038086,59467400,0.0,0.0
2019-09-30,50.77000045776367,50.849998474121094,50.060001373291016,50.439998626708984,42.11346435546875,26897100,0.0,0.0
2019-10-01,50.650001525878906,50.779998779296875,49.0,49.060001373291016,40.961280822753906,27249300,0.0,0.0
2019-10-02,48.720001220703125,49.040000915527344,48.369998931884766,48.470001220703125,40.46866226196289,23515900,0.0,0.0
2019-10-03,48.29999923706055,48.5099983215332,47.31999969482422,48.47999954223633,40.477020263671875,20212200,0.0,0.0
2019-10-04,48.65999984741211,49.25,48.529998779296875,49.209999084472656,41.086509704589844,15779500,0.0,0.0
2019-10-07,48.95000076293945,49.290000915527344,48.75,48.810001373291016,40.75254821777344,15691900,0.0,0.0
2019-10-08,48.25,48.349998474121094,47.540000915527344,47.81999969482422,39.925968170166016,19734000,0.0,0.0
2019-10-09,48.16999816894531,48.41999816894531,48.08000183105469,48.150001525878906,40.20149230957031,13467800,0.0,0.0
2019-10-10,48.33000183105469,49.06999969482422,48.15999984741211,48.650001525878906,40.61895751953125,18267800,0.0,0.0
2019-10-11,49.459999084472656,49.91999816894531,49.150001525878906,49.209999084472656,41.086509704589844,23024600,0.0,0.0
2019-10-14,49.09000015258789,49.45000076293945,48.97999954223633,49.27000045776367,41.136600494384766,16870500,0.0,0.0
2019-10-15,49.279998779296875,51.25,48.779998779296875,50.11000061035156,41.83793258666992,38478400,0.0,0.0
2019-10-16,50.040000915527344,50.279998779296875,49.45000076293945,49.59000015258789,41.40377426147461,23728400,0.0,0.0
2019-10-17,49.97999954223633,50.16999816894531,49.47999954223633,49.61000061035156,41.42047882080078,20560100,0.0,0.0
2019-10-18,49.34000015258789,50.220001220703125,49.31999969482422,49.970001220703125,41.72104263305664,21199500,0.0,0.0
2019-10-21,50.279998779296875,50.5,50.18000030517578,50.459999084472656,42.130165100097656,19409100,0.0,0.0
2019-10-22,50.439998626708984,51.02000045776367,50.22999954223633,50.619998931884766,42.26374816894531,18526900,0.0,0.0
2019-10-23,50.720001220703125,50.970001220703125,50.56999969482422,50.93000030517578,42.5225715637207,14173700,0.0,0.0
2019-10-24,50.65999984741211,51.20000076293945,50.65999984741211,51.099998474121094,42.664512634277344,16695400,0.0,0.0
2019-10-25,51.08000183105469,51.72999954223633,51.0,51.56999969482422,43.05692672729492,17433300,0.0,0.0
2019-10-28,51.939998626708984,52.04999923706055,51.56999969482422,51.650001525878906,43.12371826171875,23914800,0.0,0.0
2019-10-29,51.5,52.36000061035156,51.5,52.16999816894531,43.55787658691406,21063000,0.0,0.0
2019-10-30,51.880001068115234,52.279998779296875,51.619998931884766,52.029998779296875,43.44097900390625,16155900,0.0,0.0
2019-10-31,51.77000045776367,52.029998779296875,51.150001525878906,51.630001068115234,43.107025146484375,18814700,0.0,0.0
2019-11-01,52.130001068115234,52.290000915527344,51.90999984741211,52.18000030517578,43.56622314453125,16359300,0.0,0.0
2019-11-04,52.58000183105469,52.79999923706055,52.2400016784668,52.720001220703125,44.017093658447266,17559900,0.0,0.0
2019-11-05,52.7400016784668,53.5,52.7400016784668,53.29999923706055,44.50135040283203,25965300,0.0,0.0
2019-11-06,53.290000915527344,53.84000015258789,53.16999816894531,53.79999923706055,44.91880798339844,22051100,0.0,0.0
2019-11-07,53.779998779296875,54.400001525878906,53.779998779296875,54.0,45.51727294921875,23452500,0.51,0.0
2019-11-08,53.83000183105469,54.22999954223633,53.560001373291016,54.099998474121094,45.6015625,14722100,0.0,0.0
2019-11-11,53.790000915527344,54.13999938964844,53.72999954223633,54.04999923706055,45.55942153930664,10659400,0.0,0.0
2019-11-12,53.75,54.2400016784668,53.619998931884766,54.220001220703125,45.70271301269531,15187600,0.0,0.0
2019-11-13,53.810001373291016,53.900001525878906,53.209999084472656,53.290000915527344,44.91879653930664,16846800,0.0,0.0
2019-11-14,53.220001220703125,53.560001373291016,53.099998474121094,53.4900016784668,45.0873908996582,16491400,0.0,0.0
2019-11-15,53.779998779296875,53.939998626708984,53.43000030517578,53.79999923706055,45.34869384765625,15225300,0.0,0.0
2019-11-18,53.84000015258789,54.11000061035156,53.650001525878906,54.0,45.51727294921875,14374600,0.0,0.0
2019-11-19,54.099998474121094,54.33000183105469,53.869998931884766,54.029998779296875,45.542564392089844,14434100,0.0,0.0
2019-11-20,53.72999954223633,53.86000061035156,53.25,53.540000915527344,45.12953567504883,14994700,0.0,0.0
2019-11-21,53.84000015258789,53.93000030517578,53.34000015258789,53.560001373291016,45.14638900756836,16186100,0.0,0.0
2019-11-22,53.900001525878906,54.349998474121094,53.810001373291016,54.279998779296875,45.7532844543457,13823400,0.0,0.0
2019-11-25,54.529998779296875,54.529998779296875,54.040000915527344,54.209999084472656,45.69428253173828,15561000,0.0,0.0
2019-11-26,54.11000061035156,54.119998931884766,53.72999954223633,53.810001373291016,45.35711669921875,18078900,0.0,0.0
2019-11-27,54.150001525878906,54.400001525878906,54.0099983215332,54.34000015258789,45.80385971069336,16352900,0.0,0.0
2019-11-29,54.06999969482422,54.75,54.06999969482422,54.459999084472656,45.90501403808594,10508600,0.0,0.0
2019-12-02,54.310001373291016,54.439998626708984,53.54999923706055,53.619998931884766,45.196964263916016,20252700,0.0,0.0
2019-12-03,53.0099983215332,53.04999923706055,52.16999816894531,52.58000183105469,44.320335388183594,25560700,0.0,0.0
2019-12-04,52.599998474121094,53.47999954223633,52.540000915527344,53.2400016784668,44.876651763916016,18867400,0.0,0.0
2019-12-05,53.40999984741211,53.529998779296875,53.099998474121094,53.22999954223633,44.86823654174805,13499700,0.0,0.0
2019-12-06,53.86000061035156,54.40999984741211,53.689998626708984,54.369998931884766,45.829139709472656,18325700,0.0,0.0
2019-12-09,54.16999816894531,54.54999923706055,53.90999984741211,53.91999816894531,45.44984436035156,15070800,0.0,0.0
2019-12-10,53.4900016784668,53.869998931884766,53.380001068115234,53.689998626708984,45.25596237182617,15959100,0.0,0.0
2019-12-11,53.7400016784668,53.97999954223633,53.06999969482422,53.16999816894531,44.817649841308594,16834200,0.0,0.0
2019-12-12,53.369998931884766,54.54999923706055,53.099998474121094,54.36000061035156,45.820716857910156,19119500,0.0,0.0
2019-12-13,54.04999923706055,54.41999816894531,53.43000030517578,53.790000915527344,45.34025955200195,19179300,0.0,0.0
2019-12-16,54.2400016784668,54.560001373291016,54.220001220703125,54.220001220703125,45.70271301269531,19793500,0.0,0.0
2019-12-17,54.11000061035156,54.5099983215332,53.9900016784668,54.34000015258789,45.80385971069336,16723400,0.0,0.0
2019-12-18,54.459999084472656,54.459999084472656,53.630001068115234,53.66999816894531,45.239105224609375,18857000,0.0,0.0
2019-12-19,53.7400016784668,53.83000183105469,53.41999816894531,53.630001068115234,45.20540237426758,18133300,0.0,0.0
2019-12-20,54.04999923706055,54.04999923706055,53.06999969482422,53.33000183105469,44.9525260925293,66318000,0.0,0.0
2019-12-23,53.34000015258789,54.0,53.25,53.810001373291016,45.35711669921875,17637700,0.0,0.0
2019-12-24,53.95000076293945,54.040000915527344,53.7400016784668,53.81999969482422,45.36555480957031,4635500,0.0,0.0
2019-12-26,54.04999923706055,54.38999938964844,53.95000076293945,54.150001525878906,45.643714904785156,12517100,0.0,0.0
2019-12-27,54.290000915527344,54.31999969482422,53.869998931884766,53.91999816894531,45.44984436035156,9892000,0.0,0.0
2019-12-30,54.16999816894531,54.2599983215332,53.5,53.599998474121094,45.18010330200195,10900500,0.0,0.0
2019-12-31,53.529998779296875,53.81999969482422,53.459999084472656,53.79999923706055,45.34869384765625,12566000,0.0,0.0
2020-01-02,53.849998474121094,54.040000915527344,53.5099983215332,53.75,45.306549072265625,16803100,0.0,0.0
2020-01-03,53.11000061035156,53.619998931884766,52.900001525878906,53.41999816894531,45.028385162353516,15608800,0.0,0.0
2020-01-06,52.7400016784668,53.20000076293945,52.720001220703125,53.099998474121094,44.75865173339844,13200300,0.0,0.0
2020-01-07,53.04999923706055,53.04999923706055,52.470001220703125,52.65999984741211,44.38776779174805,13278600,0.0,0.0
2020-01-08,52.84000015258789,53.33000183105469,52.79999923706055,52.81999969482422,44.52262878417969,16585600,0.0,0.0
2020-01-09,53.20000076293945,53.20000076293945,52.47999954223633,52.72999954223633,44.446773529052734,20817400,0.0,0.0
2020-01-10,52.790000915527344,52.900001525878906,52.47999954223633,52.5,44.25290298461914,13777600,0.0,0.0
2020-01-13,52.5,52.5,51.83000183105469,52.11000061035156,43.92416763305664,25197600,0.0,0.0
2020-01-14,50.22999954223633,50.7400016784668,49.25,49.29999923706055,41.55557632446289,56668300,0.0,0.0
2020-01-15,48.83000183105469,48.84000015258789,47.97999954223633,48.31999969482422,40.72953414916992,47148000,0.0,0.0
2020-01-16,48.459999084472656,49.31999969482422,47.84000015258789,49.25,41.51344299316406,37020200,0.0,0.0
2020-01-17,49.369998931884766,49.41999816894531,48.529998779296875,49.18000030517578,41.454429626464844,29669200,0.0,0.0
2020-01-21,49.09000015258789,49.880001068115234,48.79999923706055,48.939998626708984,41.252132415771484,30858300,0.0,0.0
2020-01-22,49.029998779296875,49.09000015258789,48.290000915527344,48.560001373291016,40.931819915771484,20367700,0.0,0.0
2020-01-23,48.38999938964844,48.45000076293945,47.97999954223633,48.220001220703125,40.645233154296875,17297900,0.0,0.0
2020-01-24,48.189998626708984,48.209999084472656,47.18000030517578,47.56999969482422,40.09735107421875,21239600,0.0,0.0
2020-01-27,46.88999938964844,47.41999816894531,46.7400016784668,47.099998474121094,39.701168060302734,18156200,0.0,0.0
2020-01-28,47.5099983215332,47.790000915527344,47.279998779296875,47.369998931884766,39.92877197265625,16673300,0.0,0.0
2020-01-29,47.41999816894531,47.900001525878906,47.2599983215332,47.27000045776367,39.84447479248047,16166300,0.0,0.0
2020-01-30,47.16999816894531,47.95000076293945,47.040000915527344,47.90999984741211,40.38393783569336,14760200,0.0,0.0
2020-01-31,47.41999816894531,47.45000076293945,46.75,46.939998626708984,39.56631088256836,23080400,0.0,0.0
2020-02-03,47.2400016784668,47.720001220703125,47.029998779296875,47.119998931884766,39.71803665161133,15471100,0.0,0.0
2020-02-04,47.70000076293945,47.84000015258789,47.25,47.2599983215332,39.83604049682617,14973300,0.0,0.0
2020-02-05,47.900001525878906,48.400001525878906,47.779998779296875,48.310001373291016,40.72110366821289,20141800,0.0,0.0
2020-02-06,48.439998626708984,48.5,47.849998474121094,47.97999954223633,40.87444305419922,18259200,0.51,0.0
2020-02-07,47.72999954223633,48.0,47.47999954223633,47.84000015258789,40.75517272949219,13174600,0.0,0.0
2020-02-10,47.66999816894531,47.86000061035156,47.41999816894531,47.77000045776367,40.69554901123047,18124800,0.0,0.0
2020-02-11,48.08000183105469,48.34000015258789,47.939998626708984,47.9900016784668,40.88296890258789,13686100,0.0,0.0
2020-02-12,48.220001220703125,48.4900016784668,47.7599983215332,47.790000915527344,40.712581634521484,16668100,0.0,0.0
2020-02-13,47.619998931884766,48.18000030517578,47.54999923706055,48.119998931884766,40.993717193603516,12530000,0.0,0.0
2020-02-14,48.13999938964844,48.31999969482422,47.75,48.220001220703125,41.078895568847656,15526400,0.0,0.0
2020-02-18,47.970001220703125,48.119998931884766,46.529998779296875,46.9900016784668,40.03104782104492,22423800,0.0,0.0
2020-02-19,47.25,47.349998474121094,46.97999954223633,47.09000015258789,40.11626052856445,15602500,0.0,0.0
2020-02-20,47.0,47.40999984741211,46.68000030517578,47.34000015258789,40.329219818115234,15965500,0.0,0.0
2020-02-21,47.47999954223633,47.849998474121094,47.099998474121094,47.70000076293945,40.63591384887695,21729100,0.0,0.0
2020-02-24,46.58000183105469,46.95000076293945,46.2599983215332,46.38999938964844,39.51991653442383,23075900,0.0,0.0
2020-02-25,46.290000915527344,46.66999816894531,44.959999084472656,45.119998931884766,38.437984466552734,31110100,0.0,0.0
2020-02-26,45.47999954223633,45.650001525878906,44.130001068115234,44.13999938964844,37.603126525878906,27372600,0.0,0.0
2020-02-27,43.31999969482422,44.31999969482422,42.43000030517578,42.470001220703125,36.180442810058594,41180000,0.0,0.0
2020-02-28,41.310001373291016,41.869998931884766,39.75,40.849998474121094,34.80036163330078,71703000,0.0,0.0
2020-03-02,40.97999954223633,42.279998779296875,39.459999084472656,42.2599983215332,36.00153350830078,44231200,0.0,0.0
2020-03-03,42.060001373291016,42.900001525878906,40.029998779296875,40.529998779296875,34.527748107910156,45091000,0.0,0.0
2020-03-04,41.0099983215332,41.43000030517578,39.959999084472656,41.400001525878906,35.26890563964844,33881500,0.0,0.0
2020-03-05,40.0,40.0099983215332,38.56999969482422,38.900001525878906,33.13913345336914,45037900,0.0,0.0
2020-03-06,37.0,37.68000030517578,36.33000183105469,37.09000015258789,31.597183227539062,56766500,0.0,0.0
2020-03-09,33.720001220703125,34.47999954223633,32.220001220703125,32.47999954223633,27.66990852355957,53277200,0.0,0.0
2020-03-10,34.630001068115234,35.08000183105469,32.279998779296875,35.08000183105469,29.884849548339844,40078700,0.0,0.0
2020-03-11,34.04999923706055,34.27000045776367,32.0099983215332,32.33000183105469,27.542118072509766,44769500,0.0,0.0
2020-03-12,29.809999465942383,30.860000610351562,27.1200008392334,27.200000762939453,23.171842575073242,68447600,0.0,0.0
2020-03-13,30.149999618530273,31.760000228881836,27.770000457763672,30.889999389648438,26.315372467041016,78365700,0.0,0.0
2020-03-16,26.34000015258789,29.229999542236328,26.299999237060547,26.5,22.57550621032715,57466700,0.0,0.0
2020-03-17,27.6299991607666,30.6200008392334,25.889999389648438,29.6299991607666,25.241968154907227,58112800,0.0,0.0
2020-03-18,27.700000762939453,28.889999389648438,26.899999618530273,28.1200008392334,23.955598831176758,51904100,0.0,0.0
2020-03-19,27.65999984741211,29.110000610351562,26.290000915527344,28.290000915527344,24.100418090820312,53123500,0.0,0.0
2020-03-20,28.68000030517578,28.75,26.18000030517578,26.5,22.57550621032715,73915800,0.0,0.0
2020-03-23,26.260000228881836,26.8700008392334,25.110000610351562,25.25,21.5106201171875,47064100,0.0,0.0
2020-03-24,26.959999084472656,29.170000076293945,26.329999923706055,28.920000076293945,24.637115478515625,48630300,0.0,0.0
2020-03-25,29.0,30.299999237060547,27.770000457763672,28.969999313354492,24.67971420288086,53341100,0.0,0.0
2020-03-26,29.329999923706055,31.389999389648438,29.079999923706055,30.899999618530273,26.32389259338379,45494700,0.0,0.0
2020-03-27,30.020000457763672,31.290000915527344,29.079999923706055,30.280000686645508,25.79570960998535,38942800,0.0,0.0
2020-03-30,30.360000610351562,30.479999542236328,28.889999389648438,29.920000076293945,25.48902130126953,41232800,0.0,0.0
2020-03-31,29.40999984741211,29.75,28.15999984741211,28.700000762939453,24.449695587158203,36920300,0.0,0.0
2020-04-01,27.020000457763672,27.3700008392334,26.200000762939453,26.56999969482422,22.6351375579834,48497400,0.0,0.0
2020-04-02,26.469999313354492,27.530000686645508,26.3799991607666,27.219999313354492,23.188873291015625,33113500,0.0,0.0
2020-04-03,27.0,27.360000610351562,25.90999984741211,26.229999542236328,22.345495223999023,32735800,0.0,0.0
2020-04-06,27.40999984741211,28.829999923706055,27.399999618530273,28.6299991607666,24.390066146850586,36056100,0.0,0.0
2020-04-07,30.75,30.780000686645508,28.709999084472656,28.770000457763672,24.509334564208984,39229900,0.0,0.0
2020-04-08,29.34000015258789,30.479999542236328,28.68000030517578,30.280000686645508,25.79570960998535,42213700,0.0,0.0
2020-04-09,31.1200008392334,33.90999984741211,31.100000381469727,33.20000076293945,28.283279418945312,62462000,0.0,0.0
2020-04-13,33.220001220703125,33.2400016784668,31.40999984741211,31.43000030517578,26.775400161743164,36068900,0.0,0.0
2020-04-14,32.11000061035156,32.5,29.559999465942383,30.18000030517578,25.710519790649414,64267100,0.0,0.0
2020-04-15,28.770000457763672,29.110000610351562,28.219999313354492,28.440000534057617,24.22820281982422,41883900,0.0,0.0
2020-04-16,28.280000686645508,28.280000686645508,26.65999984741211,26.889999389648438,22.907745361328125,52962100,0.0,0.0
2020-04-17,28.149999618530273,28.780000686645508,27.799999237060547,28.3799991607666,24.17708969116211,46985000,0.0,0.0
2020-04-20,27.329999923706055,28.889999389648438,26.920000076293945,27.68000030517578,23.580753326416016,45441600,0.0,0.0
2020-04-21,26.899999618530273,27.25,26.5,26.84000015258789,22.86515235900879,41918700,0.0,0.0
2020-04-22,27.5,27.579999923706055,26.700000762939453,26.799999237060547,22.83107566833496,28043300,0.0,0.0
2020-04-23,26.950000762939453,27.209999084472656,26.420000076293945,26.530000686645508,22.60106086730957,38331500,0.0,0.0
2020-04-24,26.799999237060547,27.290000915527344,26.3700008392334,26.920000076293945,22.933303833007812,35135900,0.0,0.0
2020-04-27,27.3700008392334,28.579999923706055,27.15999984741211,28.40999984741211,24.202648162841797,39606100,0.0,0.0
2020-04-28,29.600000381469727,29.920000076293945,28.59000015258789,28.8700008392334,24.594526290893555,35188000,0.0,0.0
2020-04-29,30.100000381469727,30.459999084472656,29.649999618530273,30.0,25.557174682617188,38515200,0.0,0.0
2020-04-30,29.31999969482422,29.610000610351562,28.600000381469727,29.049999237060547,24.747867584228516,29506100,0.0,0.0
2020-05-01,28.5,28.530000686645508,27.280000686645508,27.59000015258789,23.50408363342285,35197600,0.0,0.0
2020-05-04,26.959999084472656,27.450000762939453,26.600000381469727,27.350000381469727,23.299625396728516,34343900,0.0,0.0
2020-05-05,27.520000457763672,27.799999237060547,26.25,26.31999969482422,22.422161102294922,56753400,0.0,0.0
2020-05-06,26.459999084472656,26.649999618530273,25.399999618530273,25.610000610351562,21.81730842590332,57732900,0.0,0.0
2020-05-07,25.59000015258789,26.100000381469727,25.139999389648438,25.229999542236328,21.930307388305664,52387000,0.51,0.0
2020-05-08,25.639999389648438,25.780000686645508,25.229999542236328,25.43000030517578,22.104150772094727,53725300,0.0,0.0
2020-05-11,25.110000610351562,25.229999542236328,24.600000381469727,24.780000686645508,21.539155960083008,51444200,0.0,0.0
2020-05-12,24.959999084472656,25.270000457763672,24.0,24.040000915527344,20.89594268798828,53560500,0.0,0.0
2020-05-13,23.950000762939453,23.950000762939453,22.0,22.530000686645508,19.583425521850586,90209900,0.0,0.0
2020-05-14,22.1299991607666,24.59000015258789,22.020000457763672,24.059999465942383,20.913326263427734,87965500,0.0,0.0
2020-05-15,23.690000534057617,23.829999923706055,23.079999923706055,23.360000610351562,20.30487632751465,51616700,0.0,0.0
2020-05-18,24.549999237060547,25.59000015258789,24.34000015258789,25.40999984741211,22.086763381958008,55684400,0.0,0.0
2020-05-19,25.0,25.149999618530273,23.920000076293945,23.950000762939453,20.817712783813477,48234300,0.0,0.0
2020-05-20,24.489999771118164,24.739999771118164,24.360000610351562,24.520000457763672,21.313159942626953,45297100,0.0,0.0
2020-05-21,24.389999389648438,24.850000381469727,24.31999969482422,24.459999084472656,21.261011123657227,28376500,0.0,0.0
2020-05-22,24.440000534057617,24.489999771118164,23.920000076293945,24.170000076293945,21.008935928344727,30415300,0.0,0.0
2020-05-26,25.049999237060547,26.510000228881836,25.040000915527344,26.260000228881836,22.825599670410156,57720300,0.0,0.0
2020-05-27,27.799999237060547,28.260000228881836,26.84000015258789,27.950000762939453,24.294574737548828,61963000,0.0,0.0
2020-05-28,28.31999969482422,28.3700008392334,27.1200008392334,27.219999313354492,23.6600399017334,51490200,0.0,0.0
2020-05-29,26.5,27.06999969482422,26.09000015258789,26.469999313354492,23.00813102722168,51336900,0.0,0.0
2020-06-01,26.610000610351562,27.59000015258789,26.3700008392334,27.09000015258789,23.54704475402832,34201700,0.0,0.0
2020-06-02,27.579999923706055,27.989999771118164,27.15999984741211,27.399999618530273,23.816503524780273,39058000,0.0,0.0
2020-06-03,28.389999389648438,29.190000534057617,28.34000015258789,28.829999923706055,25.059480667114258,50814000,0.0,0.0
2020-06-04,29.479999542236328,30.25,28.639999389648438,30.219999313354492,26.26769256591797,61839200,0.0,0.0
2020-06-05,33.88999938964844,33.88999938964844,31.459999084472656,31.670000076293945,27.528057098388672,107651200,0.0,0.0
2020-06-08,32.900001525878906,33.43000030517578,32.27000045776367,33.31999969482422,28.962261199951172,69051300,0.0,0.0
2020-06-09,32.439998626708984,33.08000183105469,31.510000228881836,32.630001068115234,28.362497329711914,51480400,0.0,0.0
2020-06-10,32.29999923706055,32.33000183105469,29.649999618530273,29.709999084472656,25.824390411376953,82090000,0.0,0.0
2020-06-11,27.200000762939453,28.43000030517578,26.700000762939453,26.790000915527344,23.286279678344727,75621300,0.0,0.0
2020-06-12,28.0,28.229999542236328,27.350000381469727,27.969999313354492,24.31195640563965,51301200,0.0,0.0
2020-06-15,26.860000610351562,28.389999389648438,26.559999465942383,28.209999084472656,24.520572662353516,48311400,0.0,0.0
2020-06-16,29.43000030517578,29.649999618530273,27.770000457763672,28.520000457763672,24.79002571105957,52985600,0.0,0.0
2020-06-17,28.5,28.549999237060547,27.350000381469727,27.450000762939453,23.859968185424805,38660800,0.0,0.0
2020-06-18,27.100000381469727,27.93000030517578,26.93000030517578,27.549999237060547,23.94689178466797,33670200,0.0,0.0
2020-06-19,28.0,28.049999237060547,27.010000228881836,27.600000381469727,23.9903507232666,71903000,0.0,0.0
2020-06-22,27.270000457763672,27.6299991607666,26.889999389648438,27.350000381469727,23.77304458618164,32808300,0.0,0.0
2020-06-23,27.780000686645508,28.290000915527344,27.190000534057617,27.229999542236328,23.66873550415039,47279100,0.0,0.0
2020-06-24,26.959999084472656,27.030000686645508,25.989999771118164,26.1200008392334,22.703908920288086,57380900,0.0,0.0
2020-06-25,25.959999084472656,27.40999984741211,25.889999389648438,27.3700008392334,23.79042625427246,45102200,0.0,0.0
2020-06-26,26.100000381469727,26.399999618530273,25.25,25.34000015258789,22.025917053222656,81172300,0.0,0.0
2020-06-29,25.59000015258789,25.899999618530273,25.260000228881836,25.700000762939453,22.338838577270508,43769200,0.0,0.0
2020-06-30,25.209999084472656,25.8700008392334,25.170000076293945,25.600000381469727,22.25191879272461,46610000,0.0,0.0
2020-07-01,25.729999542236328,25.959999084472656,24.93000030517578,25.09000015258789,21.808618545532227,37509300,0.0,0.0
2020-07-02,25.75,26.170000076293945,25.100000381469727,25.34000015258789,22.025917053222656,37013300,0.0,0.0
2020-07-06,25.81999969482422,26.020000457763672,24.979999542236328,25.489999771118164,22.156301498413086,46983100,0.0,0.0
2020-07-07,25.200000762939453,25.219999313354492,24.34000015258789,24.459999084472656,21.261011123657227,36920500,0.0,0.0
2020-07-08,24.440000534057617,24.780000686645508,24.06999969482422,24.549999237060547,21.33924102783203,38413400,0.0,0.0
2020-07-09,24.5,24.780000686645508,23.709999084472656,24.040000915527344,20.89594268798828,38118900,0.0,0.0
2020-07-10,24.18000030517578,25.530000686645508,24.149999618530273,25.469999313354492,22.138919830322266,56483300,0.0,0.0
2020-07-13,25.81999969482422,26.040000915527344,24.940000534057617,25.40999984741211,22.086763381958008,51038800,0.0,0.0
2020-07-14,23.920000076293945,24.389999389648438,23.329999923706055,24.25,21.07847785949707,118952600,0.0,0.0
2020-07-15,24.979999542236328,25.549999237060547,24.84000015258789,25.350000381469727,22.03461456298828,61714300,0.0,0.0
2020-07-16,24.90999984741211,26.09000015258789,24.81999969482422,25.459999084472656,22.130226135253906,48676800,0.0,0.0
2020-07-17,25.489999771118164,25.639999389648438,24.860000610351562,24.950000762939453,21.686927795410156,39184100,0.0,0.0
2020-07-20,24.719999313354492,24.8799991607666,24.399999618530273,24.56999969482422,21.35662078857422,38682200,0.0,0.0
2020-07-21,24.75,26.280000686645508,24.709999084472656,26.200000762939453,22.773447036743164,58395200,0.0,0.0
2020-07-22,26.1299991607666,26.350000381469727,25.81999969482422,26.260000228881836,22.825599670410156,41030500,0.0,0.0
2020-07-23,26.15999984741211,26.510000228881836,25.700000762939453,26.350000381469727,22.903823852539062,50791000,0.0,0.0
2020-07-24,26.469999313354492,26.850000381469727,26.200000762939453,26.260000228881836,22.825599670410156,39357000,0.0,0.0
2020-07-27,26.020000457763672,26.020000457763672,25.25,25.489999771118164,22.156301498413086,34761000,0.0,0.0
2020-07-28,25.329999923706055,25.700000762939453,25.329999923706055,25.530000686645508,22.19107437133789,30505200,0.0,0.0
2020-07-29,25.450000762939453,25.81999969482422,25.0,25.780000686645508,22.40837287902832,31442100,0.0,0.0
2020-07-30,25.190000534057617,25.239999771118164,24.5,24.649999618530273,21.426164627075195,51019200,0.0,0.0
2020-07-31,24.5,24.65999984741211,24.079999923706055,24.260000228881836,21.087167739868164,45537900,0.0,0.0
2020-08-03,24.25,24.5,23.899999618530273,24.290000915527344,21.11324691772461,27863700,0.0,0.0
2020-08-04,24.200000762939453,24.290000915527344,24.030000686645508,24.219999313354492,21.052398681640625,28106900,0.0,0.0
2020-08-05,24.399999618530273,24.75,24.34000015258789,24.399999618530273,21.208860397338867,32935400,0.0,0.0
2020-08-06,24.200000762939453,24.5,24.1200008392334,24.239999771118164,21.1564884185791,44670300,0.1,0.0
2020-08-07,24.1299991607666,25.219999313354492,24.0,25.06999969482422,21.880910873413086,46272400,0.0,0.0
2020-08-10,25.219999313354492,25.479999542236328,24.219999313354492,24.700000762939453,21.557973861694336,50602600,0.0,0.0
2020-08-11,25.290000915527344,26.139999389648438,25.200000762939453,25.31999969482422,22.099103927612305,55000100,0.0,0.0
2020-08-12,25.979999542236328,26.139999389648438,24.719999313354492,25.190000534057617,21.985641479492188,42868500,0.0,0.0
2020-08-13,24.950000762939453,25.229999542236328,24.68000030517578,25.020000457763672,21.83727264404297,27387800,0.0,0.0
2020-08-14,24.790000915527344,25.489999771118164,24.639999389648438,25.299999237060547,22.081645965576172,26743400,0.0,0.0
2020-08-17,25.030000686645508,25.139999389648438,24.440000534057617,24.469999313354492,21.35723114013672,36661700,0.0,0.0
2020-08-18,24.420000076293945,24.450000762939453,24.010000228881836,24.040000915527344,20.981929779052734,29680700,0.0,0.0
2020-08-19,24.010000228881836,24.389999389648438,23.84000015258789,24.06999969482422,21.00811004638672,33667800,0.0,0.0
2020-08-20,23.739999771118164,23.940000534057617,23.600000381469727,23.75,20.72882652282715,36022100,0.0,0.0
2020-08-21,23.639999389648438,23.90999984741211,23.520000457763672,23.639999389648438,20.632816314697266,27198000,0.0,0.0
2020-08-24,23.799999237060547,24.510000228881836,23.610000610351562,24.489999771118164,21.37468719482422,36906700,0.0,0.0
2020-08-25,24.739999771118164,24.889999389648438,24.299999237060547,24.610000610351562,21.47942352294922,35077300,0.0,0.0
2020-08-26,24.510000228881836,24.579999923706055,24.040000915527344,24.040000915527344,20.981929779052734,28348200,0.0,0.0
2020-08-27,23.989999771118164,24.780000686645508,23.969999313354492,24.59000015258789,21.46196746826172,36706600,0.0,0.0
2020-08-28,24.75,24.770000457763672,24.350000381469727,24.690000534057617,21.54924774169922,25797300,0.0,0.0
2020-08-31,24.489999771118164,24.510000228881836,24.09000015258789,24.149999618530273,21.07794189453125,27615500,0.0,0.0
2020-09-01,24.020000457763672,24.34000015258789,23.739999771118164,24.049999237060547,20.99065589904785,30508800,0.0,0.0
2020-09-02,24.010000228881836,24.65999984741211,23.93000030517578,24.56999969482422,21.444507598876953,40334000,0.0,0.0
2020-09-03,24.799999237060547,25.360000610351562,24.299999237060547,24.520000457763672,21.400869369506836,42349300,0.0,0.0
2020-09-04,25.0,25.190000534057617,24.25,24.790000915527344,21.63652801513672,48745000,0.0,0.0
2020-09-08,24.280000686645508,24.549999237060547,23.739999771118164,23.969999313354492,20.92083740234375,49082900,0.0,0.0
2020-09-09,24.010000228881836,24.06999969482422,23.700000762939453,23.84000015258789,20.807374954223633,49427900,0.0,0.0
2020-09-10,24.030000686645508,24.670000076293945,23.860000610351562,23.950000762939453,20.903383255004883,54211700,0.0,0.0
2020-09-11,23.920000076293945,24.31999969482422,23.709999084472656,24.270000457763672,21.18267822265625,34861100,0.0,0.0
2020-09-14,24.3799991607666,24.969999313354492,24.229999542236328,24.809999465942383,21.653982162475586,49787100,0.0,0.0
2020-09-15,24.959999084472656,25.040000915527344,24.559999465942383,24.8799991607666,21.715076446533203,41954800,0.0,0.0
2020-09-16,24.8700008392334,26.0,24.75,25.709999084472656,22.439491271972656,51768200,0.0,0.0
2020-09-17,25.229999542236328,25.43000030517578,24.899999618530273,25.110000610351562,21.91581916809082,51531300,0.0,0.0
2020-09-18,24.940000534057617,25.399999618530273,24.899999618530273,25.1299991607666,21.933273315429688,115153200,0.0,0.0
2020-09-21,24.450000762939453,24.520000457763672,23.719999313354492,24.040000915527344,20.981929779052734,56188400,0.0,0.0
2020-09-22,23.979999542236328,24.360000610351562,23.530000686645508,23.649999618530273,20.64154624938965,39839500,0.0,0.0
2020-09-23,23.780000686645508,24.1299991607666,22.829999923706055,22.829999923706055,19.92584991455078,45697700,0.0,0.0
2020-09-24,22.959999084472656,23.719999313354492,22.559999465942383,23.31999969482422,20.3535213470459,43329100,0.0,0.0
2020-09-25,23.1200008392334,23.709999084472656,23.010000228881836,23.639999389648438,20.632816314697266,30229900,0.0,0.0
2020-09-28,23.989999771118164,24.270000457763672,23.760000228881836,23.81999969482422,20.789913177490234,41103500,0.0,0.0
2020-09-29,23.719999313354492,23.719999313354492,23.06999969482422,23.260000228881836,20.30115509033203,38416300,0.0,0.0
2020-09-30,23.360000610351562,23.8700008392334,23.25,23.510000228881836,20.519351959228516,43071500,0.0,0.0
2020-10-01,23.56999969482422,23.809999465942383,23.15999984741211,23.559999465942383,20.56299591064453,38879800,0.0,0.0
2020-10-02,23.149999618530273,24.09000015258789,23.079999923706055,23.989999771118164,20.93828773498535,26238600,0.0,0.0
2020-10-05,24.219999313354492,24.600000381469727,24.219999313354492,24.450000762939453,21.339778900146484,22607500,0.0,0.0
2020-10-06,24.68000030517578,25.0,24.040000915527344,24.18000030517578,21.104124069213867,30991300,0.0,0.0
2020-10-07,24.420000076293945,24.93000030517578,24.389999389648438,24.809999465942383,21.653982162475586,34647300,0.0,0.0
2020-10-08,24.8799991607666,25.329999923706055,24.670000076293945,25.299999237060547,22.081645965576172,26483400,0.0,0.0
2020-10-09,25.389999389648438,25.510000228881836,25.010000228881836,25.299999237060547,22.081645965576172,28211300,0.0,0.0
2020-10-12,25.200000762939453,25.739999771118164,25.149999618530273,25.68000030517578,22.41330909729004,25855600,0.0,0.0
2020-10-13,25.420000076293945,25.5,24.700000762939453,24.739999771118164,21.592884063720703,29939600,0.0,0.0
2020-10-14,24.270000457763672,24.43000030517578,23.229999542236328,23.25,20.29242706298828,75388100,0.0,0.0
2020-10-15,23.059999465942383,23.09000015258789,22.75,22.950000762939453,20.03059196472168,60328600,0.0,0.0
2020-10-16,23.010000228881836,23.229999542236328,22.610000610351562,22.860000610351562,19.952035903930664,43141200,0.0,0.0
2020-10-19,22.889999389648438,22.90999984741211,22.510000228881836,22.540000915527344,19.67274284362793,37423600,0.0,0.0
2020-10-20,22.729999542236328,23.1299991607666,22.690000534057617,22.809999465942383,19.90839958190918,34751200,0.0,0.0
2020-10-21,22.81999969482422,22.950000762939453,22.600000381469727,22.700000762939453,19.81239128112793,29528300,0.0,0.0
2020-10-22,22.65999984741211,23.31999969482422,22.610000610351562,23.25,20.29242706298828,32238300,0.0,0.0
2020-10-23,23.579999923706055,23.59000015258789,23.1200008392334,23.280000686645508,20.318614959716797,24558300,0.0,0.0
2020-10-26,22.969999313354492,23.020000457763672,22.600000381469727,22.700000762939453,19.81239128112793,34034100,0.0,0.0
2020-10-27,22.610000610351562,22.610000610351562,21.81999969482422,21.81999969482422,19.044326782226562,49636500,0.0,0.0
2020-10-28,21.229999542236328,21.479999542236328,20.799999237060547,21.18000030517578,18.485746383666992,54835900,0.0,0.0
2020-10-29,21.049999237060547,21.3799991607666,20.760000228881836,21.139999389648438,18.450834274291992,46184000,0.0,0.0
2020-10-30,21.100000381469727,21.459999084472656,20.84000015258789,21.450000762939453,18.721399307250977,34592400,0.0,0.0
2020-11-02,21.700000762939453,21.979999542236328,21.190000534057617,21.899999618530273,19.114152908325195,38401200,0.0,0.0
2020-11-03,22.309999465942383,22.5,21.989999771118164,22.09000015258789,19.279985427856445,38427000,0.0,0.0
2020-11-04,21.75,22.559999465942383,21.170000076293945,21.8799991607666,19.09670066833496,47203200,0.0,0.0
2020-11-05,21.889999389648438,22.56999969482422,21.860000610351562,22.329999923706055,19.578943252563477,38319700,0.1,0.0
2020-11-06,22.5,22.56999969482422,21.84000015258789,21.90999984741211,19.210683822631836,29502900,0.0,0.0
2020-11-09,24.030000686645508,24.8700008392334,23.299999237060547,24.219999313354492,21.2360897064209,102118900,0.0,0.0
2020-11-10,24.360000610351562,24.3700008392334,23.860000610351562,24.190000534057617,21.20978355407715,49029100,0.0,0.0
2020-11-11,24.229999542236328,24.540000915527344,24.010000228881836,24.190000534057617,21.20978355407715,38309200,0.0,0.0
2020-11-12,23.90999984741211,24.149999618530273,23.559999465942383,23.809999465942383,20.876604080200195,34505900,0.0,0.0
2020-11-13,23.90999984741211,24.18000030517578,23.729999542236328,24.06999969482422,21.104568481445312,30056100,0.0,0.0
2020-11-16,24.989999771118164,25.030000686645508,24.389999389648438,24.899999618530273,21.832311630249023,36954800,0.0,0.0
2020-11-17,24.530000686645508,25.149999618530273,24.520000457763672,25.040000915527344,21.955066680908203,29490400,0.0,0.0
2020-11-18,25.149999618530273,25.950000762939453,25.059999465942383,25.059999465942383,21.972604751586914,44318300,0.0,0.0
2020-11-19,25.190000534057617,26.219999313354492,24.969999313354492,26.15999984741211,22.93708610534668,44560000,0.0,0.0
2020-11-20,26.040000915527344,26.229999542236328,25.459999084472656,25.479999542236328,22.340858459472656,38469100,0.0,0.0
2020-11-23,25.950000762939453,26.440000534057617,25.8700008392334,26.299999237060547,23.05983543395996,40691400,0.0,0.0
2020-11-24,27.459999084472656,28.729999542236328,27.34000015258789,28.610000610351562,25.08524513244629,80523400,0.0,0.0
2020-11-25,28.329999923706055,28.690000534057617,28.0,28.59000015258789,25.067705154418945,38875500,0.0,0.0
2020-11-27,28.59000015258789,28.6299991607666,28.18000030517578,28.459999084472656,24.953720092773438,20281400,0.0,0.0
2020-11-30,28.43000030517578,28.559999465942383,27.280000686645508,27.350000381469727,23.9804744720459,48211000,0.0,0.0
2020-12-01,28.149999618530273,28.68000030517578,28.040000915527344,28.059999465942383,24.603002548217773,41924200,0.0,0.0
2020-12-02,27.989999771118164,28.989999771118164,27.850000381469727,28.8700008392334,25.31321144104004,35508000,0.0,0.0
2020-12-03,28.940000534057617,29.489999771118164,28.790000915527344,29.15999984741211,25.56748390197754,41264600,0.0,0.0
2020-12-04,29.5,29.969999313354492,29.34000015258789,29.549999237060547,25.90943717956543,47168800,0.0,0.0
2020-12-07,29.420000076293945,29.6299991607666,29.06999969482422,29.34000015258789,25.72530746459961,31713000,0.0,0.0
2020-12-08,29.030000686645508,29.299999237060547,28.399999618530273,28.940000534057617,25.374591827392578,32209500,0.0,0.0
2020-12-09,29.239999771118164,29.239999771118164,28.610000610351562,29.049999237060547,25.471033096313477,35276000,0.0,0.0
2020-12-10,28.719999313354492,29.559999465942383,28.540000915527344,29.489999771118164,25.856830596923828,31730200,0.0,0.0
2020-12-11,29.020000457763672,29.389999389648438,28.670000076293945,29.079999923706055,25.497343063354492,29779100,0.0,0.0
2020-12-14,29.540000915527344,29.780000686645508,28.510000228881836,28.639999389648438,25.111541748046875,28378000,0.0,0.0
2020-12-15,29.1299991607666,29.770000457763672,28.899999618530273,29.729999542236328,26.0672550201416,38866200,0.0,0.0
2020-12-16,29.639999389648438,29.90999984741211,29.479999542236328,29.649999618530273,25.997112274169922,35204800,0.0,0.0
2020-12-17,29.799999237060547,29.899999618530273,29.440000534057617,29.469999313354492,25.83929443359375,42870500,0.0,0.0
2020-12-18,29.469999313354492,29.6200008392334,28.799999237060547,29.010000228881836,25.435964584350586,53716400,0.0,0.0
2020-12-21,29.56999969482422,29.889999389648438,28.84000015258789,29.549999237060547,25.90943717956543,52731600,0.0,0.0
2020-12-22,29.649999618530273,29.719999313354492,28.950000762939453,28.959999084472656,25.392120361328125,25655900,0.0,0.0
2020-12-23,29.280000686645508,30.489999771118164,29.270000457763672,30.350000381469727,26.61087417602539,38383700,0.0,0.0
2020-12-24,30.290000915527344,30.3799991607666,29.65999984741211,29.84000015258789,26.163707733154297,14443700,0.0,0.0
2020-12-28,30.079999923706055,30.479999542236328,29.90999984741211,29.93000030517578,26.24262046813965,21658500,0.0,0.0
2020-12-29,30.149999618530273,30.170000076293945,29.75,29.780000686645508,26.111099243164062,19584400,0.0,0.0
2020-12-30,29.799999237060547,30.040000915527344,29.649999618530273,29.75,26.084794998168945,18519300,0.0,0.0
2020-12-31,29.75,30.239999771118164,29.670000076293945,30.18000030517578,26.461816787719727,21081200,0.0,0.0
2021-01-04,30.31999969482422,30.440000534057617,29.399999618530273,29.700000762939453,26.040956497192383,31421600,0.0,0.0
2021-01-05,30.09000015258789,30.950000762939453,29.81999969482422,30.530000686645508,26.768699645996094,37360000,0.0,0.0
2021-01-06,31.899999618530273,33.0,31.790000915527344,32.689998626708984,28.66258430480957,73507500,0.0,0.0
2021-01-07,33.58000183105469,34.20000076293945,33.31999969482422,33.43000030517578,29.311416625976562,50634100,0.0,0.0
2021-01-08,33.61000061035156,33.650001525878906,32.66999816894531,33.189998626708984,29.10098648071289,32324700,0.0,0.0
2021-01-11,32.63999938964844,33.560001373291016,32.31999969482422,33.2400016784668,29.144832611083984,33739300,0.0,0.0
2021-01-12,34.0,34.52000045776367,33.65999984741211,33.939998626708984,29.758583068847656,59146400,0.0,0.0
2021-01-13,33.81999969482422,34.2599983215332,33.630001068115234,33.79999923706055,29.635835647583008,35734800,0.0,0.0
2021-01-14,34.06999969482422,35.099998474121094,34.0099983215332,34.75,30.468795776367188,55856900,0.0,0.0
2021-01-15,33.08000183105469,33.5,31.81999969482422,32.040000915527344,28.092662811279297,91993100,0.0,0.0
2021-01-19,32.40999984741211,33.040000915527344,32.279998779296875,32.630001068115234,28.609970092773438,43806800,0.0,0.0
2021-01-20,32.779998779296875,32.83000183105469,32.29999923706055,32.459999084472656,28.460920333862305,29949800,0.0,0.0
2021-01-21,32.31999969482422,32.43000030517578,31.920000076293945,32.0,28.05759620666504,28240600,0.0,0.0
2021-01-22,31.34000015258789,32.060001373291016,31.149999618530273,31.899999618530273,27.96991539001465,24476100,0.0,0.0
2021-01-25,31.8799991607666,32.349998474121094,31.6200008392334,32.2400016784668,28.268024444580078,28515500,0.0,0.0
2021-01-26,32.4900016784668,32.529998779296875,31.360000610351562,31.3799991607666,27.51397705078125,28026500,0.0,0.0
2021-01-27,30.920000076293945,31.030000686645508,29.920000076293945,30.170000076293945,26.45305061340332,45074900,0.0,0.0
2021-01-28,30.530000686645508,31.049999237060547,30.309999465942383,30.809999465942383,27.014205932617188,28770200,0.0,0.0
2021-01-29,30.770000457763672,31.190000534057617,29.81999969482422,29.8799991607666,26.198776245117188,39500800,0.0,0.0
2021-02-01,30.139999389648438,30.219999313354492,29.68000030517578,29.989999771118164,26.295228958129883,23713400,0.0,0.0
2021-02-02,30.459999084472656,31.190000534057617,30.3799991607666,30.75,26.961593627929688,25302900,0.0,0.0
2021-02-03,30.719999313354492,31.770000457763672,30.610000610351562,31.700000762939453,27.794553756713867,28507800,0.0,0.0
2021-02-04,31.8700008392334,32.849998474121094,31.799999237060547,32.65999984741211,28.726903915405273,30825400,0.1,0.0
2021-02-05,33.0,33.189998626708984,32.5099983215332,32.560001373291016,28.638946533203125,24908100,0.0,0.0
2021-02-08,32.779998779296875,33.56999969482422,30.770000457763672,33.400001525878906,29.37779426574707,29223800,0.0,0.0
2021-02-09,33.209999084472656,33.40999984741211,32.90999984741211,33.2599983215332,29.254640579223633,23539800,0.0,0.0
2021-02-10,33.47999954223633,33.689998626708984,33.09000015258789,33.20000076293945,29.20187759399414,22687000,0.0,0.0
2021-02-11,33.20000076293945,33.34000015258789,32.369998931884766,32.720001220703125,28.779674530029297,22393200,0.0,0.0
2021-02-12,32.650001525878906,33.619998931884766,32.650001525878906,33.529998779296875,29.49213218688965,34473100,0.0,0.0
2021-02-16,34.06999969482422,34.93000030517578,34.0,34.790000915527344,30.60039520263672,36468200,0.0,0.0
2021-02-17,34.34000015258789,37.45000076293945,34.029998779296875,36.59000015258789,32.18363571166992,80157700,0.0,0.0
2021-02-18,36.439998626708984,37.36000061035156,36.18000030517578,36.959999084472656,32.50907516479492,43334700,0.0,0.0
2021-02-19,37.130001068115234,37.849998474121094,37.029998779296875,37.83000183105469,33.27429962158203,39023000,0.0,0.0
2021-02-22,37.66999816894531,37.91999816894531,37.099998474121094,37.2599983215332,32.772945404052734,34690000,0.0,0.0
2021-02-23,37.59000015258789,37.77000045776367,36.599998474121094,37.13999938964844,32.667388916015625,36792500,0.0,0.0
2021-02-24,37.2400016784668,38.34000015258789,37.13999938964844,38.290000915527344,33.67890930175781,42764300,0.0,0.0
2021-02-25,38.68000030517578,38.68000030517578,37.29999923706055,37.560001373291016,33.03681564331055,37233100,0.0,0.0
2021-02-26,37.099998474121094,37.40999984741211,35.93000030517578,36.16999816894531,31.8142147064209,39468000,0.0,0.0
2021-03-01,37.11000061035156,37.41999816894531,36.7400016784668,37.09000015258789,32.6234130859375,28066100,0.0,0.0
2021-03-02,37.150001525878906,37.45000076293945,36.9900016784668,37.13999938964844,32.667388916015625,19701200,0.0,0.0
2021-03-03,37.349998474121094,38.65999984741211,37.349998474121094,37.689998626708984,33.151153564453125,35365100,0.0,0.0
2021-03-04,37.619998931884766,38.0,36.36000061035156,37.15999984741211,32.68498992919922,42932500,0.0,0.0
2021-03-05,37.869998931884766,38.119998931884766,36.34000015258789,37.43000030517578,32.9224739074707,34558300,0.0,0.0
2021-03-08,38.130001068115234,38.880001068115234,37.77000045776367,38.66999816894531,34.013145446777344,38255200,0.0,0.0
2021-03-09,38.16999816894531,38.79999923706055,37.47999954223633,38.130001068115234,33.53818130493164,35854100,0.0,0.0
2021-03-10,38.68000030517578,39.70000076293945,38.279998779296875,39.58000183105469,34.813560485839844,38437200,0.0,0.0
2021-03-11,39.220001220703125,39.59000015258789,38.61000061035156,38.880001068115234,34.197853088378906,30598700,0.0,0.0
2021-03-12,39.5,40.02000045776367,39.41999816894531,39.970001220703125,35.1566047668457,28754000,0.0,0.0
2021-03-15,40.06999969482422,40.22999954223633,39.16999816894531,39.70000076293945,34.919105529785156,25892200,0.0,0.0
2021-03-16,39.369998931884766,39.4900016784668,38.720001220703125,39.349998474121094,34.61125946044922,24668300,0.0,0.0
2021-03-17,39.68000030517578,40.439998626708984,39.209999084472656,39.84000015258789,35.04224395751953,33537000,0.0,0.0
2021-03-18,40.150001525878906,41.540000915527344,40.150001525878906,40.810001373291016,35.89543914794922,57420600,0.0,0.0
2021-03-19,39.939998626708984,40.06999969482422,39.220001220703125,39.630001068115234,34.857540130615234,60291800,0.0,0.0
2021-03-22,39.279998779296875,39.310001373291016,38.619998931884766,38.970001220703125,34.277015686035156,32206000,0.0,0.0
2021-03-23,38.5,39.04999923706055,38.04999923706055,38.2400016784668,33.634925842285156,32494400,0.0,0.0
2021-03-24,38.36000061035156,39.02000045776367,38.11000061035156,38.119998931884766,33.52937698364258,24201700,0.0,0.0
2021-03-25,37.970001220703125,39.36000061035156,37.779998779296875,39.29999923706055,34.56727600097656,28773000,0.0,0.0
2021-03-26,39.900001525878906,40.22999954223633,39.16999816894531,39.7599983215332,34.97188186645508,29156100,0.0,0.0
2021-03-29,38.58000183105469,39.349998474121094,37.900001525878906,38.439998626708984,33.81084060668945,38426900,0.0,0.0
2021-03-30,38.540000915527344,40.08000183105469,38.470001220703125,39.38999938964844,34.64644241333008,36134200,0.0,0.0
2021-03-31,39.27000045776367,39.630001068115234,38.91999816894531,39.06999969482422,34.3649787902832,25832800,0.0,0.0
2021-04-01,38.959999084472656,39.650001525878906,38.91999816894531,39.630001068115234,34.857540130615234,22706900,0.0,0.0
2021-04-05,40.029998779296875,40.33000183105469,39.31999969482422,39.47999954223633,34.72560119628906,21293400,0.0,0.0
2021-04-06,39.41999816894531,39.900001525878906,39.2599983215332,39.849998474121094,35.0510368347168,20969600,0.0,0.0
2021-04-07,39.84000015258789,40.09000015258789,39.630001068115234,39.9900016784668,35.1741828918457,19393200,0.0,0.0
2021-04-08,39.869998931884766,40.20000076293945,39.33000183105469,40.029998779296875,35.209354400634766,20845000,0.0,0.0
2021-04-09,40.34000015258789,40.790000915527344,40.25,40.5,35.62276840209961,28363600,0.0,0.0
2021-04-12,40.459999084472656,40.88999938964844,40.400001525878906,40.77000045776367,35.860260009765625,21093000,0.0,0.0
2021-04-13,40.5,40.5099983215332,39.70000076293945,39.790000915527344,34.99827194213867,29333200,0.0,0.0
2021-04-14,39.70000076293945,42.18000030517578,39.060001373291016,41.9900016784668,36.9333381652832,64926900,0.0,0.0
2021-04-15,42.099998474121094,42.2599983215332,41.029998779296875,42.2400016784668,37.15322494506836,44146300,0.0,0.0
2021-04-16,42.66999816894531,44.130001068115234,42.58000183105469,43.84000015258789,38.56055450439453,57060200,0.0,0.0
2021-04-19,43.61000061035156,44.400001525878906,43.380001068115234,43.880001068115234,38.59572982788086,39124200,0.0,0.0
2021-04-20,43.400001525878906,43.400001525878906,42.349998474121094,42.540000915527344,37.4171028137207,29734000,0.0,0.0
2021-04-21,42.2400016784668,43.36000061035156,41.77000045776367,43.2400016784668,38.032806396484375,27258000,0.0,0.0
2021-04-22,43.2599983215332,43.52000045776367,42.68000030517578,42.70000076293945,37.557823181152344,24638300,0.0,0.0
2021-04-23,42.709999084472656,44.18000030517578,42.630001068115234,43.86000061035156,38.57814025878906,28024200,0.0,0.0
2021-04-26,44.130001068115234,44.68000030517578,43.9900016784668,44.13999938964844,38.82441329956055,24606600,0.0,0.0
2021-04-27,44.38999938964844,45.220001220703125,44.20000076293945,45.09000015258789,39.66001892089844,29130200,0.0,0.0
2021-04-28,45.150001525878906,45.66999816894531,44.93000030517578,45.08000183105469,39.651214599609375,20795100,0.0,0.0
2021-04-29,45.619998931884766,46.38999938964844,45.52000045776367,46.2400016784668,40.6715202331543,26880700,0.0,0.0
2021-04-30,45.79999923706055,46.02000045776367,44.86000061035156,45.04999923706055,39.62482833862305,34176500,0.0,0.0
2021-05-03,45.45000076293945,45.650001525878906,45.06999969482422,45.47999954223633,40.00303649902344,16522700,0.0,0.0
2021-05-04,45.2599983215332,45.84000015258789,44.66999816894531,45.7400016784668,40.23173522949219,26137600,0.0,0.0
2021-05-05,45.93000030517578,46.20000076293945,45.470001220703125,45.939998626708984,40.407649993896484,19620200,0.0,0.0
2021-05-06,46.11000061035156,46.689998626708984,45.70000076293945,46.630001068115234,41.104034423828125,34271500,0.1,0.0
2021-05-07,45.93000030517578,46.619998931884766,45.54999923706055,46.540000915527344,41.02470016479492,25140400,0.0,0.0
2021-05-10,46.84000015258789,47.349998474121094,46.59000015258789,46.599998474121094,41.07758331298828,28193100,0.0,0.0
2021-05-11,46.02000045776367,46.880001068115234,45.5099983215332,45.720001220703125,40.301883697509766,31478500,0.0,0.0
2021-05-12,46.83000183105469,47.15999984741211,45.47999954223633,45.63999938964844,40.231353759765625,33392900,0.0,0.0
2021-05-13,45.4900016784668,46.790000915527344,45.310001373291016,46.400001525878906,40.90129470825195,23553400,0.0,0.0
2021-05-14,46.599998474121094,47.11000061035156,46.470001220703125,46.959999084472656,41.394920349121094,17078500,0.0,0.0
2021-05-17,46.91999816894531,47.97999954223633,46.79999923706055,47.900001525878906,42.22352600097656,25212800,0.0,0.0
2021-05-18,47.900001525878906,48.130001068115234,46.83000183105469,46.86000061035156,41.3067741394043,24126000,0.0,0.0
2021-05-19,45.939998626708984,46.31999969482422,45.369998931884766,46.16999816894531,40.69853973388672,28911100,0.0,0.0
2021-05-20,46.06999969482422,46.18000030517578,45.27000045776367,45.72999954223633,40.31068801879883,26107000,0.0,0.0
2021-05-21,45.970001220703125,46.29999923706055,45.779998779296875,45.880001068115234,40.44291305541992,27312700,0.0,0.0
2021-05-24,46.0,46.5099983215332,45.7599983215332,46.2400016784668,40.760250091552734,25707400,0.0,0.0
2021-05-25,46.38999938964844,47.02000045776367,46.040000915527344,46.09000015258789,40.62802505493164,29415300,0.0,0.0
2021-05-26,46.11000061035156,46.599998474121094,45.599998474121094,46.400001525878906,40.90129470825195,26170600,0.0,0.0
2021-05-27,46.9900016784668,47.380001068115234,46.310001373291016,46.7599983215332,41.218631744384766,42572900,0.0,0.0
2021-05-28,46.849998474121094,46.880001068115234,46.279998779296875,46.720001220703125,41.18336486816406,15760100,0.0,0.0
2021-06-01,47.15999984741211,47.40999984741211,46.790000915527344,47.2599983215332,41.65937423706055,17878600,0.0,0.0
2021-06-02,47.380001068115234,47.459999084472656,46.58000183105469,46.810001373291016,41.2626953125,18492600,0.0,0.0
2021-06-03,46.689998626708984,47.0,46.349998474121094,46.459999084472656,40.95417022705078,20206400,0.0,0.0
2021-06-04,47.060001373291016,47.099998474121094,46.5099983215332,46.959999084472656,41.394920349121094,18190300,0.0,0.0
2021-06-07,47.099998474121094,47.18000030517578,46.779998779296875,47.11000061035156,41.52714920043945,16644300,0.0,0.0
2021-06-08,46.7400016784668,47.0099983215332,46.29999923706055,46.61000061035156,41.08640670776367,21271700,0.0,0.0
2021-06-09,46.2400016784668,46.34000015258789,45.630001068115234,45.91999816894531,40.47817611694336,22617500,0.0,0.0
2021-06-10,46.470001220703125,46.650001525878906,45.0099983215332,45.09000015258789,39.74652862548828,21640000,0.0,0.0
2021-06-11,45.18000030517578,45.689998626708984,45.18000030517578,45.68000030517578,40.2666130065918,19389300,0.0,0.0
2021-06-14,45.61000061035156,45.880001068115234,44.84000015258789,45.150001525878906,39.79941940307617,25452300,0.0,0.0
2021-06-15,45.20000076293945,45.720001220703125,45.0,45.459999084472656,40.07268524169922,23865400,0.0,0.0
2021-06-16,44.95000076293945,45.959999084472656,44.31999969482422,45.56999969482422,40.169654846191406,38287700,0.0,0.0
2021-06-17,45.790000915527344,45.959999084472656,42.65999984741211,42.790000915527344,37.71910095214844,48910400,0.0,0.0
2021-06-18,41.68000030517578,42.310001373291016,41.470001220703125,41.75,36.80233383178711,61292200,0.0,0.0
2021-06-21,42.29999923706055,43.310001373291016,42.22999954223633,43.279998779296875,38.15103530883789,26444700,0.0,0.0
2021-06-22,43.40999984741211,43.869998931884766,42.86000061035156,43.540000915527344,38.38021469116211,26455200,0.0,0.0
2021-06-23,43.5,44.310001373291016,43.5,43.959999084472656,38.75044250488281,18778500,0.0,0.0
2021-06-24,44.2599983215332,45.41999816894531,44.209999084472656,45.18000030517578,39.82586669921875,27951000,0.0,0.0
2021-06-25,45.56999969482422,46.650001525878906,45.220001220703125,46.380001068115234,40.8836669921875,49074700,0.0,0.0
2021-06-28,46.0,46.06999969482422,45.09000015258789,45.790000915527344,40.363582611083984,27127500,0.0,0.0
2021-06-29,46.040000915527344,46.380001068115234,44.599998474121094,44.790000915527344,39.482086181640625,39534000,0.0,0.0
2021-06-30,44.619998931884766,45.38999938964844,44.45000076293945,45.290000915527344,39.92283248901367,18168100,0.0,0.0
2021-07-01,45.47999954223633,45.63999938964844,44.970001220703125,45.40999984741211,40.02860641479492,18658000,0.0,0.0
2021-07-02,45.29999923706055,45.40999984741211,44.84000015258789,45.06999969482422,39.72889709472656,13218500,0.0,0.0
2021-07-06,44.72999954223633,44.81999969482422,43.29999923706055,43.4900016784668,38.33614730834961,25486900,0.0,0.0
2021-07-07,43.279998779296875,43.970001220703125,43.119998931884766,43.400001525878906,38.25681686401367,21884000,0.0,0.0
2021-07-08,42.58000183105469,42.95000076293945,41.970001220703125,42.31999969482422,37.3047981262207,29148700,0.0,0.0
2021-07-09,43.18000030517578,44.11000061035156,42.849998474121094,43.90999984741211,38.70637130737305,25055900,0.0,0.0
2021-07-12,43.279998779296875,44.25,42.959999084472656,44.15999984741211,38.92675018310547,17618900,0.0,0.0
2021-07-13,43.790000915527344,44.130001068115234,43.0099983215332,43.22999954223633,38.106964111328125,25387800,0.0,0.0
2021-07-14,43.599998474121094,45.130001068115234,42.5099983215332,44.95000076293945,39.62311553955078,49618000,0.0,0.0
2021-07-15,44.59000015258789,45.38999938964844,44.369998931884766,45.0,39.66720199584961,33388100,0.0,0.0
2021-07-16,45.40999984741211,45.529998779296875,44.11000061035156,44.279998779296875,39.032527923583984,27838200,0.0,0.0
2021-07-19,42.709999084472656,43.29999923706055,42.290000915527344,43.04999923706055,37.948280334472656,43362200,0.0,0.0
2021-07-20,43.0,45.150001525878906,42.869998931884766,44.84000015258789,39.526153564453125,34556200,0.0,0.0
2021-07-21,45.290000915527344,46.150001525878906,45.209999084472656,45.79999923706055,40.37239456176758,29654600,0.0,0.0
2021-07-22,45.84000015258789,45.95000076293945,44.79999923706055,45.029998779296875,39.693641662597656,23309500,0.0,0.0
2021-07-23,45.099998474121094,45.5099983215332,44.41999816894531,44.59000015258789,39.3057975769043,23946500,0.0,0.0
2021-07-26,44.470001220703125,45.2400016784668,44.470001220703125,45.0099983215332,39.6760139465332,22976700,0.0,0.0
2021-07-27,44.59000015258789,45.380001068115234,44.27000045776367,45.13999938964844,39.790611267089844,22124500,0.0,0.0
2021-07-28,45.380001068115234,46.040000915527344,44.97999954223633,45.5099983215332,40.116764068603516,23252800,0.0,0.0
2021-07-29,45.88999938964844,46.709999084472656,45.68000030517578,46.5,40.98944854736328,24487400,0.0,0.0
2021-07-30,46.2599983215332,46.849998474121094,45.72999954223633,45.939998626708984,40.49579620361328,25794000,0.0,0.0
2021-08-02,46.040000915527344,46.810001373291016,45.56999969482422,45.790000915527344,40.363582611083984,23960700,0.0,0.0
2021-08-03,45.97999954223633,46.939998626708984,45.11000061035156,46.83000183105469,41.280338287353516,24050300,0.0,0.0
2021-08-04,46.27000045776367,46.970001220703125,46.040000915527344,46.150001525878906,40.68091583251953,22178000,0.0,0.0
2021-08-05,46.04999923706055,47.0,46.0099983215332,46.9900016784668,41.601661682128906,28092600,0.2,0.0
2021-08-06,47.5,48.9900016784668,47.45000076293945,48.77000045776367,43.17755126953125,33583900,0.0,0.0
2021-08-09,48.65999984741211,49.34000015258789,48.290000915527344,48.650001525878906,43.071311950683594,29795200,0.0,0.0
2021-08-10,48.72999954223633,49.689998626708984,48.689998626708984,49.630001068115234,43.938926696777344,28708100,0.0,0.0
2021-08-11,49.630001068115234,50.72999954223633,49.16999816894531,50.65999984741211,44.8508186340332,29203900,0.0,0.0
2021-08-12,50.7599983215332,51.25,50.560001373291016,51.150001525878906,45.284629821777344,21729900,0.0,0.0
2021-08-13,51.209999084472656,51.40999984741211,50.18000030517578,50.369998931884766,44.594078063964844,15843300,0.0,0.0
2021-08-16,49.93000030517578,49.97999954223633,48.939998626708984,49.40999984741211,43.74415969848633,22615500,0.0,0.0
2021-08-17,48.880001068115234,49.369998931884766,48.029998779296875,48.709999084472656,43.12442398071289,16887000,0.0,0.0
2021-08-18,48.36000061035156,48.97999954223633,47.900001525878906,47.970001220703125,42.46928024291992,16319300,0.0,0.0
2021-08-19,47.349998474121094,47.95000076293945,46.83000183105469,47.25,41.831851959228516,20259400,0.0,0.0
2021-08-20,47.130001068115234,47.45000076293945,46.84000015258789,47.41999816894531,41.98234939575195,15357400,0.0,0.0
2021-08-23,47.75,47.9900016784668,47.45000076293945,47.61000061035156,42.15056610107422,15551900,0.0,0.0
2021-08-24,47.75,48.369998931884766,47.709999084472656,48.36000061035156,42.81455612182617,15109100,0.0,0.0
2021-08-25,48.619998931884766,49.619998931884766,48.470001220703125,49.290000915527344,43.637916564941406,21357400,0.0,0.0
2021-08-26,49.529998779296875,49.869998931884766,48.88999938964844,49.04999923706055,43.425437927246094,21627600,0.0,0.0
2021-08-27,49.220001220703125,49.849998474121094,49.119998931884766,49.810001373291016,44.09828567504883,16873300,0.0,0.0
2021-08-30,49.7599983215332,49.810001373291016,48.349998474121094,48.40999984741211,42.85882568359375,16054100,0.0,0.0
2021-08-31,48.40999984741211,48.9900016784668,45.209999084472656,45.70000076293945,40.45958709716797,73514300,0.0,0.0
2021-09-01,45.70000076293945,45.970001220703125,43.27000045776367,43.45000076293945,38.46759796142578,84960500,0.0,0.0
2021-09-02,43.68000030517578,44.880001068115234,43.540000915527344,44.56999969482422,39.45915985107422,37629000,0.0,0.0
2021-09-03,44.4900016784668,44.5,43.81999969482422,44.16999816894531,39.10502243041992,21687500,0.0,0.0
2021-09-07,44.31999969482422,44.959999084472656,44.25,44.310001373291016,39.228973388671875,19733500,0.0,0.0
2021-09-08,44.119998931884766,44.540000915527344,43.630001068115234,43.81999969482422,38.79515838623047,21252400,0.0,0.0
2021-09-09,43.849998474121094,44.720001220703125,43.7599983215332,44.36000061035156,39.27323913574219,19776900,0.0,0.0
2021-09-10,45.0,45.25,44.189998626708984,44.33000183105469,39.24668884277344,23367400,0.0,0.0
2021-09-13,44.560001373291016,45.810001373291016,44.560001373291016,45.7599983215332,40.51270294189453,28027200,0.0,0.0
2021-09-14,46.02000045776367,46.939998626708984,45.7599983215332,46.04999923706055,40.76945114135742,36053200,0.0,0.0
2021-09-15,45.869998931884766,46.88999938964844,45.849998474121094,46.63999938964844,41.29179763793945,31535600,0.0,0.0
2021-09-16,46.900001525878906,47.27000045776367,46.0099983215332,46.279998779296875,40.97306823730469,24102400,0.0,0.0
2021-09-17,45.7400016784668,46.689998626708984,45.7400016784668,46.470001220703125,41.14127731323242,34912100,0.0,0.0
2021-09-20,45.029998779296875,45.869998931884766,44.84000015258789,45.810001373291016,40.55696487426758,30603100,0.0,0.0
2021-09-21,45.97999954223633,46.36000061035156,45.72999954223633,45.849998474121094,40.592376708984375,23049100,0.0,0.0
2021-09-22,46.4900016784668,47.689998626708984,46.470001220703125,47.08000183105469,41.681339263916016,29430700,0.0,0.0
2021-09-23,47.459999084472656,48.16999816894531,47.15999984741211,47.79999923706055,42.31877899169922,21852800,0.0,0.0
2021-09-24,47.779998779296875,48.56999969482422,47.72999954223633,47.91999816894531,42.42501449584961,20384700,0.0,0.0
2021-09-27,48.380001068115234,48.939998626708984,46.15999984741211,47.560001373291016,42.106292724609375,48927500,0.0,0.0
2021-09-28,47.0099983215332,47.029998779296875,45.06999969482422,45.91999816894531,40.65435791015625,49349100,0.0,0.0
2021-09-29,46.45000076293945,47.150001525878906,45.93000030517578,47.029998779296875,41.63706970214844,21730200,0.0,0.0
2021-09-30,47.13999938964844,47.150001525878906,46.119998931884766,46.40999984741211,41.088157653808594,22947500,0.0,0.0
2021-10-01,46.54999923706055,47.310001373291016,46.4900016784668,47.02000045776367,41.62821578979492,18021700,0.0,0.0
2021-10-04,47.02000045776367,47.689998626708984,46.66999816894531,47.02000045776367,41.62821578979492,22315200,0.0,0.0
2021-10-05,47.5,48.45000076293945,47.349998474121094,47.959999084472656,42.46043014526367,20250500,0.0,0.0
2021-10-06,47.58000183105469,48.09000015258789,47.060001373291016,47.869998931884766,42.380741119384766,17425700,0.0,0.0
2021-10-07,48.2599983215332,48.59000015258789,47.540000915527344,47.7599983215332,42.28336715698242,19272300,0.0,0.0
2021-10-08,47.869998931884766,48.34000015258789,47.65999984741211,48.0,42.4958381652832,14295400,0.0,0.0
2021-10-11,48.20000076293945,48.459999084472656,47.220001220703125,47.279998779296875,41.8584098815918,15387900,0.0,0.0
2021-10-12,47.290000915527344,47.529998779296875,46.52000045776367,46.650001525878906,41.30064392089844,18995700,0.0,0.0
2021-10-13,46.56999969482422,46.56999969482422,45.220001220703125,46.04999923706055,40.76945114135742,24150300,0.0,0.0
2021-10-14,46.68000030517578,46.88999938964844,44.83000183105469,45.310001373291016,40.11429977416992,53257700,0.0,0.0
2021-10-15,45.720001220703125,48.7400016784668,45.709999084472656,48.380001068115234,42.83226776123047,60096600,0.0,0.0
2021-10-18,48.189998626708984,49.709999084472656,48.13999938964844,49.43000030517578,43.76185607910156,33842700,0.0,0.0
2021-10-19,49.63999938964844,50.349998474121094,49.279998779296875,50.34000015258789,44.56752395629883,26500300,0.0,0.0
2021-10-20,50.189998626708984,50.38999938964844,49.709999084472656,50.15999984741211,44.40816116333008,24227900,0.0,0.0
2021-10-21,49.95000076293945,50.599998474121094,49.7599983215332,50.33000183105469,44.558658599853516,20448300,0.0,0.0
2021-10-22,50.540000915527344,51.119998931884766,50.4900016784668,50.65999984741211,44.8508186340332,21517200,0.0,0.0
2021-10-25,50.88999938964844,51.119998931884766,50.52000045776367,50.619998931884766,44.815406799316406,19330300,0.0,0.0
2021-10-26,50.72999954223633,51.099998474121094,50.36000061035156,50.630001068115234,44.824256896972656,18196300,0.0,0.0
2021-10-27,50.2599983215332,50.9900016784668,49.95000076293945,50.04999923706055,44.31077575683594,21988300,0.0,0.0
2021-10-28,50.380001068115234,51.400001525878906,50.349998474121094,51.36000061035156,45.47055435180664,26785500,0.0,0.0
2021-10-29,51.25,51.63999938964844,51.02000045776367,51.15999984741211,45.293487548828125,19788500,0.0,0.0
2021-11-01,51.560001373291016,52.0,51.27000045776367,51.709999084472656,45.7804069519043,18699000,0.0,0.0
2021-11-02,51.540000915527344,51.720001220703125,51.220001220703125,51.29999923706055,45.41742706298828,21672500,0.0,0.0
2021-11-03,51.040000915527344,52.56999969482422,51.02000045776367,52.0,46.03715515136719,24225700,0.0,0.0
2021-11-04,51.54999923706055,51.70000076293945,49.90999984741211,50.619998931884766,44.98843765258789,32005700,0.2,0.0
2021-11-05,51.0,51.61000061035156,50.400001525878906,50.439998626708984,44.82846450805664,23443200,0.0,0.0
2021-11-08,50.54999923706055,51.369998931884766,50.54999923706055,50.869998931884766,45.21062088012695,19509500,0.0,0.0
2021-11-09,50.5,50.560001373291016,49.209999084472656,49.88999938964844,44.339656829833984,28324800,0.0,0.0
2021-11-10,49.7400016784668,50.77000045776367,49.68000030517578,50.36000061035156,44.75736618041992,19827800,0.0,0.0
2021-11-11,50.41999816894531,50.90999984741211,50.220001220703125,50.59000015258789,44.9617805480957,16069700,0.0,0.0
2021-11-12,50.68000030517578,51.0,50.369998931884766,50.959999084472656,45.290618896484375,17124700,0.0,0.0
2021-11-15,51.189998626708984,51.70000076293945,50.97999954223633,51.08000183105469,45.39726638793945,20110200,0.0,0.0
2021-11-16,51.11000061035156,51.18000030517578,50.16999816894531,50.369998931884766,44.76625061035156,19244900,0.0,0.0
2021-11-17,50.41999816894531,50.689998626708984,49.529998779296875,49.84000015258789,44.29521179199219,17802700,0.0,0.0
2021-11-18,49.630001068115234,50.18000030517578,49.27000045776367,49.900001525878906,44.348541259765625,19198200,0.0,0.0
2021-11-19,49.0,49.2400016784668,47.77000045776367,48.81999969482422,43.388694763183594,30548400,0.0,0.0
2021-11-22,50.630001068115234,51.11000061035156,49.72999954223633,50.34000015258789,44.739593505859375,28549400,0.0,0.0
2021-11-23,50.709999084472656,51.7400016784668,50.70000076293945,51.400001525878906,45.68166732788086,28024400,0.0,0.0
2021-11-24,51.5099983215332,51.7400016784668,51.18000030517578,51.310001373291016,45.60167694091797,18901900,0.0,0.0
2021-11-26,49.099998474121094,49.099998474121094,47.689998626708984,48.43000030517578,43.042076110839844,29919300,0.0,0.0
2021-11-29,49.66999816894531,49.77000045776367,48.310001373291016,49.15999984741211,43.69086456298828,27677000,0.0,0.0
2021-11-30,48.11000061035156,48.5099983215332,47.31999969482422,47.779998779296875,42.46438980102539,40671700,0.0,0.0
2021-12-01,48.689998626708984,49.45000076293945,47.18000030517578,47.209999084472656,41.95781326293945,29365100,0.0,0.0
2021-12-02,47.72999954223633,49.400001525878906,47.5099983215332,48.90999984741211,43.46868133544922,29184900,0.0,0.0
2021-12-03,49.2599983215332,49.2599983215332,47.369998931884766,47.75,42.4377326965332,29221900,0.0,0.0
2021-12-06,48.97999954223633,49.900001525878906,48.709999084472656,48.810001373291016,43.37981033325195,31650100,0.0,0.0
2021-12-07,49.459999084472656,50.52000045776367,49.34000015258789,50.25,44.659603118896484,28370200,0.0,0.0
2021-12-08,50.18000030517578,50.310001373291016,49.31999969482422,49.40999984741211,43.913063049316406,19990300,0.0,0.0
2021-12-09,49.02000045776367,50.029998779296875,48.7400016784668,49.689998626708984,44.161903381347656,16927200,0.0,0.0
2021-12-10,50.290000915527344,50.599998474121094,49.58000183105469,50.20000076293945,44.61516571044922,20040900,0.0,0.0
2021-12-13,49.900001525878906,49.959999084472656,48.43000030517578,48.560001373291016,43.157623291015625,19598900,0.0,0.0
2021-12-14,48.61000061035156,49.4900016784668,48.599998474121094,48.88999938964844,43.45090103149414,17602900,0.0,0.0
2021-12-15,49.02000045776367,49.27000045776367,48.130001068115234,48.939998626708984,43.49534225463867,20284300,0.0,0.0
2021-12-16,49.720001220703125,50.81999969482422,49.310001373291016,50.29999923706055,44.70404052734375,32781100,0.0,0.0
2021-12-17,49.70000076293945,49.72999954223633,47.869998931884766,47.95000076293945,42.615482330322266,74833400,0.0,0.0
2021-12-20,47.060001373291016,47.16999816894531,46.25,46.849998474121094,41.63785934448242,29134900,0.0,0.0
2021-12-21,47.59000015258789,48.13999938964844,47.34000015258789,47.810001373291016,42.49106216430664,21249400,0.0,0.0
2021-12-22,47.7400016784668,48.31999969482422,47.619998931884766,48.029998779296875,42.68658447265625,15688000,0.0,0.0
2021-12-23,48.400001525878906,48.93000030517578,48.220001220703125,48.36000061035156,42.9798698425293,16025600,0.0,0.0
2021-12-27,48.54999923706055,48.81999969482422,48.08000183105469,48.77000045776367,43.34425354003906,11900400,0.0,0.0
2021-12-28,48.560001373291016,49.189998626708984,48.36000061035156,48.41999816894531,43.0331916809082,14320500,0.0,0.0
2021-12-29,48.599998474121094,48.86000061035156,48.369998931884766,48.45000076293945,43.059852600097656,14390700,0.0,0.0
2021-12-30,48.4900016784668,48.90999984741211,48.040000915527344,48.099998474121094,42.74879455566406,13701300,0.0,0.0
2021-12-31,48.029998779296875,48.36000061035156,47.84000015258789,47.97999954223633,42.64214324951172,12649300,0.0,0.0
2022-01-03,48.93000030517578,50.810001373291016,48.91999816894531,50.72999954223633,45.08619689941406,38978100,0.0,0.0
2022-01-04,51.58000183105469,53.150001525878906,51.52000045776367,52.75,46.8814697265625,43855100,0.0,0.0
2022-01-05,52.91999816894531,53.13999938964844,52.0,52.290000915527344,46.47264862060547,35072600,0.0,0.0
2022-01-06,53.150001525878906,53.66999816894531,52.65999984741211,53.630001068115234,47.663570404052734,29720800,0.0,0.0
2022-01-07,53.86000061035156,55.189998626708984,53.79999923706055,54.77000045776367,48.6767463684082,35149300,0.0,0.0
2022-01-10,55.5,56.060001373291016,54.47999954223633,55.349998474121094,49.19221115112305,34733500,0.0,0.0
2022-01-11,55.560001373291016,56.130001068115234,55.22999954223633,56.060001373291016,49.8232307434082,25073700,0.0,0.0
2022-01-12,56.40999984741211,56.709999084472656,55.7599983215332,56.400001525878906,50.12540054321289,34159400,0.0,0.0
2022-01-13,56.599998474121094,57.18000030517578,55.7599983215332,56.0,49.769901275634766,34037300,0.0,0.0
2022-01-14,56.849998474121094,58.869998931884766,56.38999938964844,58.060001373291016,51.60072708129883,56739600,0.0,0.0
2022-01-18,57.720001220703125,58.11000061035156,56.5099983215332,56.689998626708984,50.38314437866211,41689600,0.0,0.0
2022-01-19,57.11000061035156,57.68000030517578,55.470001220703125,55.56999969482422,49.38774490356445,34970200,0.0,0.0
2022-01-20,55.720001220703125,56.380001068115234,54.90999984741211,55.0,48.88115692138672,26972800,0.0,0.0
2022-01-21,54.5,55.0,53.130001068115234,53.66999816894531,47.699127197265625,38357600,0.0,0.0
2022-01-24,52.72999954223633,53.4900016784668,51.18000030517578,53.31999969482422,47.3880615234375,48451400,0.0,0.0
2022-01-25,52.66999816894531,53.72999954223633,51.54999923706055,53.59000015258789,47.62801742553711,40858700,0.0,0.0
2022-01-26,53.90999984741211,54.91999816894531,53.43000030517578,54.13999938964844,48.11683654785156,39687100,0.0,0.0
2022-01-27,54.599998474121094,55.5099983215332,53.22999954223633,53.7599983215332,47.77911376953125,34209200,0.0,0.0
2022-01-28,53.61000061035156,54.220001220703125,52.77000045776367,54.189998626708984,48.16127014160156,35519700,0.0,0.0
2022-01-31,53.81999969482422,54.04999923706055,53.029998779296875,53.79999923706055,47.814666748046875,34657500,0.0,0.0
2022-02-01,54.720001220703125,55.810001373291016,53.9900016784668,55.599998474121094,49.41440200805664,35870200,0.0,0.0
2022-02-02,55.27000045776367,56.04999923706055,54.959999084472656,55.93000030517578,49.70769500732422,29037100,0.0,0.0
2022-02-03,55.84000015258789,56.290000915527344,54.72999954223633,55.16999816894531,49.25239181518555,25227400,0.25,0.0
2022-02-04,56.040000915527344,57.040000915527344,55.470001220703125,56.33000183105469,50.287967681884766,33622100,0.0,0.0
2022-02-07,56.40999984741211,57.88999938964844,55.90999984741211,57.33000183105469,51.18070602416992,37480100,0.0,0.0
2022-02-08,58.0,58.97999954223633,57.79999923706055,58.75,52.44839096069336,39099600,0.0,0.0
2022-02-09,58.70000076293945,59.380001068115234,58.34000015258789,59.060001373291016,52.725154876708984,25883100,0.0,0.0
2022-02-10,59.54999923706055,60.29999923706055,58.79999923706055,59.04999923706055,52.71622085571289,36092000,0.0,0.0
2022-02-11,58.52000045776367,60.2400016784668,57.90999984741211,58.310001373291016,52.05560302734375,38650500,0.0,0.0
2022-02-14,58.5099983215332,58.650001525878906,57.18000030517578,57.849998474121094,51.64493179321289,32680500,0.0,0.0
2022-02-15,59.119998931884766,59.31999969482422,58.09000015258789,58.380001068115234,52.11809158325195,18224600,0.0,0.0
2022-02-16,57.90999984741211,58.880001068115234,57.54999923706055,58.13999938964844,51.90382385253906,22057200,0.0,0.0
2022-02-17,57.150001525878906,57.529998779296875,55.7599983215332,56.150001525878906,50.127281188964844,24946500,0.0,0.0
2022-02-18,56.150001525878906,56.720001220703125,55.369998931884766,55.630001068115234,49.663055419921875,22137900,0.0,0.0
2022-02-22,55.56999969482422,56.119998931884766,54.70000076293945,55.279998779296875,49.3505973815918,26887800,0.0,0.0
2022-02-23,55.849998474121094,56.02000045776367,53.7599983215332,53.95000076293945,48.16325759887695,21860700,0.0,0.0
2022-02-24,51.7599983215332,52.83000183105469,50.68000030517578,52.709999084472656,47.05625915527344,40917600,0.0,0.0
2022-02-25,53.16999816894531,54.439998626708984,53.09000015258789,54.11000061035156,48.306087493896484,27493500,0.0,0.0
2022-02-28,52.630001068115234,53.400001525878906,52.209999084472656,53.369998931884766,47.64546203613281,31094800,0.0,0.0
2022-03-01,52.439998626708984,52.720001220703125,50.0099983215332,50.290000915527344,44.89582824707031,54135500,0.0,0.0
2022-03-02,51.31999969482422,52.81999969482422,51.0,52.220001220703125,46.61882019042969,34894300,0.0,0.0
2022-03-03,52.349998474121094,52.560001373291016,50.939998626708984,51.2400016784668,45.74393844604492,24159700,0.0,0.0
2022-03-04,50.040000915527344,50.060001373291016,48.18000030517578,48.790000915527344,43.55672836303711,35871600,0.0,0.0
2022-03-07,48.58000183105469,48.58000183105469,45.77000045776367,45.810001373291016,40.896358489990234,56332500,0.0,0.0
2022-03-08,46.68000030517578,48.20000076293945,46.349998474121094,46.459999084472656,41.47663879394531,60018100,0.0,0.0
2022-03-09,48.790000915527344,49.75,48.349998474121094,49.15999984741211,43.88703536987305,34560200,0.0,0.0
2022-03-10,48.2599983215332,49.56999969482422,47.849998474121094,49.0099983215332,43.75312423706055,26178800,0.0,0.0
2022-03-11,49.66999816894531,50.0,48.43000030517578,48.470001220703125,43.27104949951172,23707100,0.0,0.0
2022-03-14,49.65999984741211,50.380001068115234,49.29999923706055,49.86000061035156,44.5119514465332,28166600,0.0,0.0
2022-03-15,50.15999984741211,50.630001068115234,49.33000183105469,50.11000061035156,44.73513412475586,25080600,0.0,0.0
2022-03-16,51.04999923706055,52.220001220703125,50.72999954223633,51.599998474121094,46.06531524658203,34672800,0.0,0.0
2022-03-17,51.02000045776367,51.4900016784668,50.22999954223633,51.47999954223633,45.958187103271484,29930300,0.0,0.0
2022-03-18,50.849998474121094,51.540000915527344,50.040000915527344,51.41999816894531,45.90463638305664,60963400,0.0,0.0
2022-03-21,51.65999984741211,51.79999923706055,50.61000061035156,51.13999938964844,45.6546516418457,23411500,0.0,0.0
2022-03-22,52.40999984741211,54.20000076293945,52.29999923706055,53.38999938964844,47.663326263427734,28625600,0.0,0.0
2022-03-23,52.7599983215332,53.04999923706055,51.099998474121094,51.119998931884766,45.636802673339844,27988700,0.0,0.0
2022-03-24,51.709999084472656,51.81999969482422,50.90999984741211,51.33000183105469,45.82427978515625,19677800,0.0,0.0
2022-03-25,51.470001220703125,52.59000015258789,51.40999984741211,52.560001373291016,46.92234420776367,19130900,0.0,0.0
2022-03-28,52.029998779296875,52.11000061035156,50.779998779296875,51.810001373291016,46.25279235839844,24115400,0.0,0.0
2022-03-29,53.060001373291016,53.29999923706055,51.52000045776367,51.599998474121094,46.06531524658203,20915000,0.0,0.0
2022-03-30,51.529998779296875,51.68000030517578,49.790000915527344,50.11000061035156,44.73513412475586,30913800,0.0,0.0
2022-03-31,49.75,50.43000030517578,48.43000030517578,48.459999084472656,43.26211929321289,31238500,0.0,0.0
2022-04-01,49.25,49.470001220703125,47.83000183105469,48.709999084472656,43.485313415527344,29989900,0.0,0.0
2022-04-04,48.45000076293945,48.65999984741211,47.61000061035156,48.459999084472656,43.26211929321289,23778300,0.0,0.0
2022-04-05,47.90999984741211,48.900001525878906,47.77000045776367,48.119998931884766,42.958595275878906,21757300,0.0,0.0
2022-04-06,47.689998626708984,48.08000183105469,47.400001525878906,47.88999938964844,42.75325393676758,26001200,0.0,0.0
2022-04-07,48.15999984741211,48.29999923706055,46.58000183105469,47.7400016784668,42.61935043334961,29486500,0.0,0.0
2022-04-08,48.0,48.88999938964844,47.93000030517578,48.72999954223633,43.50315856933594,23659800,0.0,0.0
2022-04-11,48.939998626708984,50.189998626708984,48.91999816894531,49.33000183105469,44.03881072998047,27041000,0.0,0.0
2022-04-12,49.68000030517578,49.900001525878906,48.0,48.41999816894531,43.226402282714844,25791900,0.0,0.0
2022-04-13,47.540000915527344,48.619998931884766,47.45000076293945,48.540000915527344,43.333534240722656,20645300,0.0,0.0
2022-04-14,45.88999938964844,47.81999969482422,45.029998779296875,46.349998474121094,41.378440856933594,65583200,0.0,0.0
2022-04-18,46.220001220703125,47.58000183105469,46.150001525878906,47.16999816894531,42.11048126220703,26120900,0.0,0.0
2022-04-19,47.38999938964844,48.189998626708984,47.33000183105469,47.83000183105469,42.6996955871582,19753300,0.0,0.0
2022-04-20,48.47999954223633,49.369998931884766,48.31999969482422,48.650001525878906,43.431739807128906,25893000,0.0,0.0
2022-04-21,49.150001525878906,49.4900016784668,47.599998474121094,47.779998779296875,42.655052185058594,19027600,0.0,0.0
2022-04-22,47.689998626708984,47.91999816894531,46.2599983215332,46.34000015258789,41.369510650634766,21676800,0.0,0.0
2022-04-25,45.7599983215332,45.970001220703125,44.529998779296875,45.83000183105469,40.91421890258789,30045500,0.0,0.0
2022-04-26,45.15999984741211,46.0,44.560001373291016,44.58000183105469,39.79829788208008,21527400,0.0,0.0
2022-04-27,44.40999984741211,45.189998626708984,44.13999938964844,44.58000183105469,39.79829788208008,19520900,0.0,0.0
2022-04-28,45.040000915527344,45.310001373291016,44.310001373291016,45.16999816894531,40.32500457763672,17431000,0.0,0.0
2022-04-29,45.040000915527344,45.400001525878906,43.5099983215332,43.630001068115234,38.95018768310547,27149400,0.0,0.0
2022-05-02,43.869998931884766,44.040000915527344,42.61000061035156,43.66999816894531,38.98590087890625,25009300,0.0,0.0
2022-05-03,43.900001525878906,44.63999938964844,43.65999984741211,44.15999984741211,39.42333984375,21545300,0.0,0.0
2022-05-04,44.310001373291016,46.130001068115234,44.18000030517578,45.97999954223633,41.04812240600586,29468000,0.0,0.0
2022-05-05,45.0,45.060001373291016,43.45000076293945,44.7599983215332,40.177433013916016,29978600,0.25,0.0
2022-05-06,44.61000061035156,44.880001068115234,43.52000045776367,44.54999923706055,39.98893737792969,27035300,0.0,0.0
2022-05-09,43.970001220703125,44.540000915527344,43.22999954223633,43.959999084472656,39.45933532714844,27132700,0.0,0.0
2022-05-10,44.38999938964844,44.709999084472656,42.189998626708984,43.08000183105469,38.669437408447266,25276100,0.0,0.0
2022-05-11,43.11000061035156,44.5099983215332,42.4900016784668,42.56999969482422,38.21164321899414,25291600,0.0,0.0
2022-05-12,42.22999954223633,42.40999984741211,40.91999816894531,41.810001373291016,37.52946090698242,30171700,0.0,0.0
2022-05-13,42.45000076293945,43.189998626708984,42.279998779296875,42.63999938964844,38.274478912353516,21253200,0.0,0.0
2022-05-16,42.400001525878906,42.66999816894531,41.70000076293945,42.209999084472656,37.88850784301758,16837400,0.0,0.0
2022-05-17,42.9900016784668,43.81999969482422,42.959999084472656,43.709999084472656,39.234928131103516,23340500,0.0,0.0
2022-05-18,43.290000915527344,43.310001373291016,41.88999938964844,42.11000061035156,37.79874038696289,27351300,0.0,0.0
2022-05-19,41.70000076293945,42.310001373291016,41.56999969482422,42.0,37.70000457763672,25211900,0.0,0.0
2022-05-20,42.5099983215332,42.790000915527344,40.7400016784668,41.66999816894531,37.40378952026367,35410400,0.0,0.0
2022-05-23,42.72999954223633,44.31999969482422,42.72999954223633,43.81999969482422,39.333675384521484,27979100,0.0,0.0
2022-05-24,43.689998626708984,43.77000045776367,42.63999938964844,43.290000915527344,38.85793685913086,23996000,0.0,0.0
2022-05-25,43.09000015258789,44.459999084472656,43.029998779296875,44.119998931884766,39.602962493896484,22343900,0.0,0.0
2022-05-26,44.83000183105469,45.7599983215332,44.75,45.599998474121094,40.93143081665039,23502500,0.0,0.0
2022-05-27,45.70000076293945,46.04999923706055,45.45000076293945,45.88999938964844,41.191741943359375,19482600,0.0,0.0
2022-05-31,45.34000015258789,46.27000045776367,45.0,45.77000045776367,41.08403778076172,40727400,0.0,0.0
2022-06-01,45.959999084472656,46.06999969482422,44.400001525878906,45.15999984741211,40.53649139404297,20417900,0.0,0.0
2022-06-02,45.119998931884766,45.43000030517578,44.5099983215332,45.33000183105469,40.6890869140625,14633300,0.0,0.0
2022-06-03,44.83000183105469,45.33000183105469,44.61000061035156,44.81999969482422,40.23129653930664,12572400,0.0,0.0
2022-06-06,45.34000015258789,45.88999938964844,44.959999084472656,45.119998931884766,40.50057601928711,11867200,0.0,0.0
2022-06-07,44.7599983215332,45.540000915527344,44.630001068115234,45.470001220703125,40.81474685668945,13281600,0.0,0.0
2022-06-08,44.880001068115234,45.06999969482422,44.22999954223633,44.630001068115234,40.06074905395508,12364400,0.0,0.0
2022-06-09,44.58000183105469,44.630001068115234,42.63999938964844,42.66999816894531,38.30140686035156,20142400,0.0,0.0
2022-06-10,41.029998779296875,41.439998626708984,40.02000045776367,40.08000183105469,35.976585388183594,27619300,0.0,0.0
2022-06-13,38.97999954223633,39.68000030517578,38.77000045776367,38.9900016784668,34.998172760009766,27553800,0.0,0.0
2022-06-14,38.77000045776367,39.29999923706055,37.0099983215332,37.43000030517578,33.59789276123047,36817600,0.0,0.0
2022-06-15,38.0,38.65999984741211,37.33000183105469,38.16999816894531,34.262123107910156,31358100,0.0,0.0
2022-06-16,37.36000061035156,37.72999954223633,36.540000915527344,37.650001525878906,33.79536437988281,37991500,0.0,0.0
2022-06-17,37.83000183105469,38.970001220703125,37.5,38.47999954223633,34.54039001464844,59114300,0.0,0.0
2022-06-21,39.86000061035156,39.939998626708984,38.869998931884766,38.9900016784668,34.998172760009766,24884700,0.0,0.0
2022-06-22,38.38999938964844,39.06999969482422,38.310001373291016,38.599998474121094,34.648094177246094,18631700,0.0,0.0
2022-06-23,38.060001373291016,38.36000061035156,37.150001525878906,37.900001525878906,34.0197639465332,23143800,0.0,0.0
2022-06-24,38.68000030517578,41.099998474121094,38.5099983215332,40.7599983215332,36.58695983886719,39407700,0.0,0.0
2022-06-27,40.84000015258789,40.9900016784668,39.900001525878906,40.2400016784668,36.12019729614258,16996800,0.0,0.0
2022-06-28,40.970001220703125,41.560001373291016,40.08000183105469,40.18000030517578,36.06634521484375,18136600,0.0,0.0
2022-06-29,40.27000045776367,40.529998779296875,39.54999923706055,39.709999084472656,35.64445495605469,15778700,0.0,0.0
2022-06-30,39.06999969482422,39.709999084472656,38.279998779296875,39.16999816894531,35.15973663330078,20425700,0.0,0.0
2022-07-01,38.720001220703125,40.08000183105469,38.459999084472656,39.91999816894531,35.83295440673828,15333900,0.0,0.0
2022-07-05,39.0,40.119998931884766,38.5099983215332,40.099998474121094,35.994529724121094,19144500,0.0,0.0
2022-07-06,39.61000061035156,40.029998779296875,38.91999816894531,39.5,35.45595169067383,17014100,0.0,0.0
2022-07-07,40.209999084472656,40.4900016784668,39.72999954223633,40.119998931884766,36.01248550415039,21060400,0.0,0.0
2022-07-08,40.29999923706055,40.70000076293945,39.86000061035156,40.18000030517578,36.06634521484375,14437500,0.0,0.0
2022-07-11,39.66999816894531,40.0099983215332,39.2400016784668,39.790000915527344,35.716270446777344,13111600,0.0,0.0
2022-07-12,39.08000183105469,40.470001220703125,39.0099983215332,39.599998474121094,35.54572296142578,15127300,0.0,0.0
2022-07-13,39.08000183105469,39.349998474121094,38.40999984741211,39.06999969482422,35.06997299194336,14116800,0.0,0.0
2022-07-14,38.09000015258789,38.75,37.43000030517578,38.7400016784668,34.773773193359375,24355300,0.0,0.0
2022-07-15,39.400001525878906,41.810001373291016,39.22999954223633,41.130001068115234,36.9190788269043,40328300,0.0,0.0
2022-07-18,41.93000030517578,42.790000915527344,41.02000045776367,41.189998626708984,36.97293472290039,17991300,0.0,0.0
2022-07-19,41.880001068115234,43.06999969482422,41.75,42.900001525878906,38.50786590576172,25724200,0.0,0.0
2022-07-20,42.540000915527344,43.029998779296875,42.36000061035156,42.720001220703125,38.346290588378906,19111200,0.0,0.0
2022-07-21,42.47999954223633,43.369998931884766,42.279998779296875,43.279998779296875,38.848960876464844,17809000,0.0,0.0
2022-07-22,43.16999816894531,43.529998779296875,42.689998626708984,43.16999816894531,38.75021743774414,15965400,0.0,0.0
2022-07-25,43.529998779296875,43.90999984741211,43.209999084472656,43.5,39.04643630981445,20297900,0.0,0.0
2022-07-26,43.11000061035156,43.68000030517578,42.810001373291016,42.900001525878906,38.50786590576172,15446700,0.0,0.0
2022-07-27,42.97999954223633,43.970001220703125,42.689998626708984,43.709999084472656,39.234928131103516,19498400,0.0,0.0
2022-07-28,43.54999923706055,43.83000183105469,42.709999084472656,43.31999969482422,38.884864807128906,14527300,0.0,0.0
2022-07-29,43.310001373291016,44.349998474121094,43.310001373291016,43.869998931884766,39.37854766845703,17512700,0.0,0.0
2022-08-01,43.439998626708984,44.15999984741211,43.15999984741211,43.540000915527344,39.082340240478516,13668300,0.0,0.0
2022-08-02,43.4900016784668,43.540000915527344,42.86000061035156,42.880001068115234,38.48991394042969,17764000,0.0,0.0
2022-08-03,43.38999938964844,44.56999969482422,43.25,43.88999938964844,39.39649963378906,17359500,0.0,0.0
2022-08-04,43.5,43.599998474121094,42.63999938964844,42.77000045776367,38.6553955078125,15062800,0.3,0.0
2022-08-05,42.58000183105469,44.29999923706055,42.529998779296875,43.7599983215332,39.55015563964844,16021000,0.0,0.0
2022-08-08,43.970001220703125,44.189998626708984,43.130001068115234,43.189998626708984,39.03498077392578,12879700,0.0,0.0
2022-08-09,43.220001220703125,43.790000915527344,42.9900016784668,43.400001525878906,39.224796295166016,10489500,0.0,0.0
2022-08-10,44.040000915527344,44.70000076293945,44.040000915527344,44.33000183105469,40.0653190612793,14037600,0.0,0.0
2022-08-11,45.0,45.61000061035156,44.88999938964844,45.25,40.896812438964844,14038800,0.0,0.0
2022-08-12,45.52000045776367,45.959999084472656,45.189998626708984,45.939998626708984,41.52043151855469,10706000,0.0,0.0
2022-08-15,45.40999984741211,45.81999969482422,44.90999984741211,45.75,41.348697662353516,11070300,0.0,0.0
2022-08-16,45.58000183105469,46.31999969482422,45.349998474121094,46.060001373291016,41.62887954711914,12234100,0.0,0.0
2022-08-17,45.720001220703125,46.310001373291016,45.54999923706055,46.13999938964844,41.70118713378906,13151700,0.0,0.0
2022-08-18,46.13999938964844,46.20000076293945,45.7599983215332,46.13999938964844,41.70118713378906,7885900,0.0,0.0
2022-08-19,45.900001525878906,46.02000045776367,45.040000915527344,45.349998474121094,40.987186431884766,13142900,0.0,0.0
2022-08-22,44.599998474121094,44.7400016784668,44.119998931884766,44.40999984741211,40.13761520385742,12391400,0.0,0.0
2022-08-23,44.459999084472656,44.959999084472656,44.279998779296875,44.369998931884766,40.10146713256836,10475100,0.0,0.0
2022-08-24,44.33000183105469,44.70000076293945,44.02000045776367,44.63999938964844,40.34550476074219,11706700,0.0,0.0
2022-08-25,44.790000915527344,45.52000045776367,44.43000030517578,45.38999938964844,41.02334213256836,11783200,0.0,0.0
2022-08-26,45.58000183105469,45.720001220703125,43.939998626708984,43.970001220703125,39.739952087402344,13405200,0.0,0.0
2022-08-29,43.79999923706055,44.31999969482422,43.58000183105469,43.91999816894531,39.694759368896484,12504900,0.0,0.0
2022-08-30,44.2599983215332,44.439998626708984,43.54999923706055,44.13999938964844,39.893592834472656,14365000,0.0,0.0
2022-08-31,44.279998779296875,44.59000015258789,43.61000061035156,43.709999084472656,39.50495529174805,22609100,0.0,0.0
2022-09-01,43.65999984741211,43.7400016784668,42.79999923706055,43.70000076293945,39.49592590332031,13173000,0.0,0.0
2022-09-02,44.29999923706055,44.79999923706055,43.16999816894531,43.380001068115234,39.20670700073242,13025900,0.0,0.0
2022-09-06,43.709999084472656,43.880001068115234,42.36000061035156,42.880001068115234,38.75481033325195,14708700,0.0,0.0
2022-09-07,42.540000915527344,43.90999984741211,42.25,43.84000015258789,39.622459411621094,19475800,0.0,0.0
2022-09-08,43.619998931884766,45.2599983215332,43.34000015258789,45.22999954223633,40.87873077392578,18500300,0.0,0.0
2022-09-09,45.5099983215332,45.810001373291016,45.25,45.33000183105469,40.969120025634766,12875500,0.0,0.0
2022-09-12,45.68000030517578,46.13999938964844,45.2599983215332,45.529998779296875,41.14987564086914,12127900,0.0,0.0
2022-09-13,44.349998474121094,44.529998779296875,43.040000915527344,43.220001220703125,39.062110900878906,21124900,0.0,0.0
2022-09-14,43.25,43.61000061035156,42.25,43.279998779296875,39.116329193115234,15067800,0.0,0.0
2022-09-15,43.400001525878906,44.689998626708984,43.349998474121094,44.13999938964844,39.893592834472656,13173200,0.0,0.0
2022-09-16,43.70000076293945,44.060001373291016,43.33000183105469,43.939998626708984,39.71283721923828,21238800,0.0,0.0
2022-09-19,43.43000030517578,44.61000061035156,43.40999984741211,44.31999969482422,40.056270599365234,11324100,0.0,0.0
2022-09-20,43.88999938964844,44.290000915527344,43.09000015258789,43.40999984741211,39.23382568359375,19503900,0.0,0.0
2022-09-21,43.65999984741211,43.810001373291016,42.2400016784668,42.27000045776367,38.203495025634766,19207100,0.0,0.0
2022-09-22,42.4900016784668,42.5099983215332,41.439998626708984,41.52000045776367,37.5256462097168,15499000,0.0,0.0
2022-09-23,40.81999969482422,40.97999954223633,39.70000076293945,40.40999984741211,36.52242660522461,23316200,0.0,0.0
2022-09-26,40.13999938964844,40.540000915527344,39.34000015258789,40.0099983215332,36.160919189453125,21420000,0.0,0.0
2022-09-27,40.209999084472656,40.59000015258789,39.40999984741211,40.029998779296875,36.178993225097656,17541400,0.0,0.0
2022-09-28,39.900001525878906,41.060001373291016,39.900001525878906,40.810001373291016,36.883949279785156,16033500,0.0,0.0
2022-09-29,40.15999984741211,40.689998626708984,39.77000045776367,40.5,36.60377883911133,14811300,0.0,0.0
2022-09-30,40.63999938964844,41.13999938964844,40.18000030517578,40.220001220703125,36.3507194519043,21182200,0.0,0.0
2022-10-03,41.290000915527344,41.79999923706055,40.63999938964844,41.58000183105469,37.57988357543945,16827600,0.0,0.0
2022-10-04,42.15999984741211,43.59000015258789,42.15999984741211,43.540000915527344,39.351318359375,18601300,0.0,0.0
2022-10-05,42.83000183105469,43.540000915527344,42.560001373291016,43.310001373291016,39.1434440612793,15873400,0.0,0.0
2022-10-06,42.869998931884766,43.13999938964844,42.209999084472656,42.2400016784668,38.17638397216797,15634800,0.0,0.0
2022-10-07,42.029998779296875,42.119998931884766,41.38999938964844,41.790000915527344,37.76967239379883,17186700,0.0,0.0
2022-10-10,41.939998626708984,42.11000061035156,41.150001525878906,41.45000076293945,37.46239471435547,10973700,0.0,0.0
2022-10-11,41.220001220703125,41.31999969482422,40.060001373291016,40.22999954223633,36.35974884033203,19135900,0.0,0.0
2022-10-12,40.2400016784668,41.220001220703125,39.959999084472656,40.5099983215332,36.61281204223633,16469900,0.0,0.0
2022-10-13,39.75,42.66999816894531,39.75,42.380001068115234,38.30290985107422,23808700,0.0,0.0
2022-10-14,43.79999923706055,44.93000030517578,43.130001068115234,43.16999816894531,39.01690673828125,33954200,0.0,0.0
2022-10-17,44.65999984741211,45.189998626708984,43.88999938964844,43.959999084472656,39.73090744018555,24507000,0.0,0.0
2022-10-18,45.11000061035156,45.29999923706055,43.81999969482422,44.66999816894531,40.37260055541992,24810400,0.0,0.0
2022-10-19,44.18000030517578,44.52000045776367,43.29999923706055,43.619998931884766,39.423622131347656,17876800,0.0,0.0
2022-10-20,43.68000030517578,44.43000030517578,43.5,43.650001525878906,39.45073699951172,17572700,0.0,0.0
2022-10-21,43.63999938964844,44.880001068115234,43.56999969482422,44.83000183105469,40.51721954345703,18632800,0.0,0.0
2022-10-24,44.95000076293945,45.529998779296875,44.83000183105469,45.20000076293945,40.85161590576172,16154300,0.0,0.0
2022-10-25,44.779998779296875,45.599998474121094,44.369998931884766,45.369998931884766,41.0052604675293,16362200,0.0,0.0
2022-10-26,45.65999984741211,46.209999084472656,45.470001220703125,45.70000076293945,41.30352020263672,15010800,0.0,0.0
2022-10-27,46.02000045776367,46.4900016784668,45.54999923706055,45.650001525878906,41.258331298828125,14655500,0.0,0.0
2022-10-28,45.90999984741211,46.4900016784668,45.470001220703125,46.349998474121094,41.890987396240234,14990400,0.0,0.0
2022-10-31,46.13999938964844,46.52000045776367,45.97999954223633,45.9900016784668,41.565616607666016,14000000,0.0,0.0
2022-11-01,46.58000183105469,47.060001373291016,46.2599983215332,46.95000076293945,42.43326950073242,22409100,0.0,0.0
2022-11-02,46.880001068115234,47.54999923706055,46.4900016784668,46.880001068115234,42.369991302490234,29246700,0.0,0.0
2022-11-03,46.20000076293945,46.20000076293945,45.40999984741211,45.540000915527344,41.42399978637695,17140100,0.3,0.0
2022-11-04,46.33000183105469,46.90999984741211,45.900001525878906,46.7400016784668,42.51553726196289,27082500,0.0,0.0
2022-11-07,47.130001068115234,47.81999969482422,46.810001373291016,47.06999969482422,42.815711975097656,17713300,0.0,0.0
2022-11-08,47.25,47.470001220703125,46.720001220703125,47.18000030517578,42.915771484375,14842700,0.0,0.0
2022-11-09,46.79999923706055,47.0,45.95000076293945,45.970001220703125,41.81513595581055,18318700,0.0,0.0
2022-11-10,47.02000045776367,48.11000061035156,46.93000030517578,47.95000076293945,43.616172790527344,23091900,0.0,0.0
2022-11-11,48.099998474121094,48.36000061035156,47.33000183105469,47.54999923706055,43.25233459472656,18076600,0.0,0.0
2022-11-14,47.20000076293945,47.56999969482422,46.869998931884766,46.869998931884766,42.633792877197266,13929900,0.0,0.0
2022-11-15,47.380001068115234,47.5099983215332,46.2400016784668,46.709999084472656,42.488250732421875,19076000,0.0,0.0
2022-11-16,46.66999816894531,46.849998474121094,46.029998779296875,46.209999084472656,42.0334358215332,14713300,0.0,0.0
2022-11-17,45.720001220703125,46.16999816894531,45.470001220703125,45.9900016784668,41.83332443237305,11350900,0.0,0.0
2022-11-18,46.720001220703125,46.77000045776367,45.970001220703125,46.5,42.2972297668457,10515300,0.0,0.0
2022-11-21,46.380001068115234,47.09000015258789,46.380001068115234,46.84000015258789,42.60649108886719,11656800,0.0,0.0
2022-11-22,47.130001068115234,47.400001525878906,46.90999984741211,47.11000061035156,42.85210037231445,11684900,0.0,0.0
2022-11-23,47.119998931884766,47.5,46.9900016784668,47.33000183105469,43.05221939086914,10878500,0.0,0.0
2022-11-25,47.36000061035156,47.63999938964844,47.02000045776367,47.439998626708984,43.15227127075195,4913300,0.0,0.0
2022-11-28,47.119998931884766,47.75,46.91999816894531,46.97999954223633,42.733848571777344,12492600,0.0,0.0
2022-11-29,47.18000030517578,47.650001525878906,47.040000915527344,47.56999969482422,43.2705192565918,13344900,0.0,0.0
2022-11-30,47.31999969482422,47.95000076293945,46.13999938964844,47.95000076293945,43.616172790527344,26417000,0.0,0.0
2022-12-01,47.93000030517578,48.18000030517578,46.459999084472656,46.869998931884766,42.633792877197266,15980300,0.0,0.0
2022-12-02,46.38999938964844,46.52000045776367,44.880001068115234,45.939998626708984,41.787845611572266,29820400,0.0,0.0
2022-12-05,45.70000076293945,45.880001068115234,43.619998931884766,43.65999984741211,39.71390914916992,32574600,0.0,0.0
2022-12-06,43.68000030517578,43.849998474121094,42.65999984741211,43.400001525878906,39.477420806884766,25961400,0.0,0.0
2022-12-07,43.09000015258789,43.34000015258789,42.439998626708984,42.45000076293945,38.61328125,24114900,0.0,0.0
2022-12-08,42.709999084472656,42.88999938964844,42.11000061035156,42.58000183105469,38.73153305053711,17161400,0.0,0.0
2022-12-09,42.33000183105469,42.91999816894531,42.31999969482422,42.5,38.65876388549805,16023700,0.0,0.0
2022-12-12,42.599998474121094,42.93000030517578,42.11000061035156,42.86000061035156,38.9862174987793,18428900,0.0,0.0
2022-12-13,43.880001068115234,44.08000183105469,42.11000061035156,42.619998931884766,38.76791000366211,31496000,0.0,0.0
2022-12-14,42.59000015258789,43.22999954223633,41.95000076293945,42.18000030517578,38.367679595947266,22044400,0.0,0.0
2022-12-15,41.41999816894531,41.709999084472656,41.0099983215332,41.369998931884766,37.63089370727539,16766600,0.0,0.0
2022-12-16,41.029998779296875,41.45000076293945,40.849998474121094,41.189998626708984,37.467159271240234,29836200,0.0,0.0
2022-12-19,41.34000015258789,41.90999984741211,41.11000061035156,41.81999969482422,38.04021453857422,17454200,0.0,0.0
2022-12-20,41.290000915527344,42.560001373291016,40.970001220703125,40.97999954223633,37.27613830566406,25415400,0.0,0.0
2022-12-21,41.36000061035156,41.63999938964844,40.91999816894531,41.119998931884766,37.40348815917969,20170800,0.0,0.0
2022-12-22,40.709999084472656,40.7400016784668,40.02000045776367,40.68000030517578,37.00325393676758,17382700,0.0,0.0
2022-12-23,40.689998626708984,41.0,40.45000076293945,40.97999954223633,37.27613830566406,10167500,0.0,0.0
2022-12-27,41.0099983215332,41.13999938964844,40.61000061035156,41.040000915527344,37.33072280883789,10297400,0.0,0.0
2022-12-28,40.939998626708984,41.380001068115234,40.86000061035156,41.119998931884766,37.40348815917969,11889400,0.0,0.0
2022-12-29,41.150001525878906,41.400001525878906,41.060001373291016,41.33000183105469,37.59450912475586,11597100,0.0,0.0
2022-12-30,41.11000061035156,41.43000030517578,40.9900016784668,41.290000915527344,37.5581169128418,10021500,0.0,0.0
2023-01-03,41.61000061035156,42.13999938964844,41.45000076293945,41.790000915527344,38.01293182373047,15944300,0.0,0.0
2023-01-04,42.2599983215332,43.060001373291016,42.22999954223633,42.650001525878906,38.79521179199219,18943600,0.0,0.0
2023-01-05,42.58000183105469,42.630001068115234,41.93000030517578,42.41999816894531,38.58598709106445,12380700,0.0,0.0
2023-01-06,42.59000015258789,43.0,42.099998474121094,42.79999923706055,38.931644439697266,15247000,0.0,0.0
2023-01-09,43.119998931884766,43.130001068115234,42.15999984741211,42.38999938964844,38.55869674682617,21225600,0.0,0.0
2023-01-10,42.66999816894531,42.880001068115234,42.02000045776367,42.36000061035156,38.53141403198242,18348800,0.0,0.0
2023-01-11,42.380001068115234,42.83000183105469,42.02000045776367,42.7400016784668,38.8770751953125,18272100,0.0,0.0
2023-01-12,43.04999923706055,43.54999923706055,42.79999923706055,42.83000183105469,38.95893096923828,20940400,0.0,0.0
2023-01-13,41.380001068115234,44.36000061035156,40.459999084472656,44.220001220703125,40.22330093383789,41649700,0.0,0.0
2023-01-17,43.84000015258789,44.369998931884766,43.18000030517578,44.119998931884766,40.13233947753906,25473900,0.0,0.0
2023-01-18,43.959999084472656,44.61000061035156,43.29999923706055,43.380001068115234,39.45922088623047,20278000,0.0,0.0
2023-01-19,42.90999984741211,43.20000076293945,42.52000045776367,42.95000076293945,39.068084716796875,18565300,0.0,0.0
2023-01-20,43.08000183105469,43.939998626708984,42.7599983215332,43.91999816894531,39.950416564941406,23237200,0.0,0.0
2023-01-23,43.939998626708984,45.18000030517578,43.869998931884766,45.029998779296875,40.96009063720703,19692000,0.0,0.0
2023-01-24,44.90999984741211,45.20000076293945,44.369998931884766,44.45000076293945,40.43251419067383,13697200,0.0,0.0
2023-01-25,44.04999923706055,45.41999816894531,44.029998779296875,45.34000015258789,41.242069244384766,17285300,0.0,0.0
2023-01-26,45.529998779296875,45.900001525878906,45.15999984741211,45.810001373291016,41.669593811035156,16724600,0.0,0.0
2023-01-27,45.810001373291016,46.369998931884766,45.810001373291016,46.119998931884766,41.951568603515625,18161800,0.0,0.0
2023-01-30,45.90999984741211,46.650001525878906,45.810001373291016,46.290000915527344,42.106204986572266,19427400,0.0,0.0
2023-01-31,46.31999969482422,46.880001068115234,46.060001373291016,46.869998931884766,42.633792877197266,22840400,0.0,0.0
2023-02-01,46.65999984741211,47.79999923706055,46.470001220703125,47.33000183105469,43.05221939086914,21874600,0.0,0.0
2023-02-02,47.31999969482422,47.56999969482422,46.43000030517578,47.22999954223633,43.23529815673828,19058000,0.3,0.0
2023-02-03,47.0,48.040000915527344,46.95000076293945,47.58000183105469,43.55569076538086,17346900,0.0,0.0
2023-02-06,47.2599983215332,47.7599983215332,47.150001525878906,47.68000030517578,43.647239685058594,15948900,0.0,0.0
2023-02-07,47.439998626708984,48.40999984741211,47.349998474121094,48.130001068115234,44.05917739868164,21764800,0.0,0.0
2023-02-08,47.70000076293945,48.61000061035156,47.61000061035156,48.25,44.16901779174805,18070500,0.0,0.0
2023-02-09,48.470001220703125,48.630001068115234,47.4900016784668,47.56999969482422,43.54653549194336,17362100,0.0,0.0
2023-02-10,47.40999984741211,47.709999084472656,46.97999954223633,47.5099983215332,43.49161911010742,18929000,0.0,0.0
2023-02-13,47.34000015258789,48.150001525878906,47.130001068115234,48.130001068115234,44.05917739868164,16451700,0.0,0.0
2023-02-14,47.93000030517578,48.84000015258789,47.75,48.5,44.39788055419922,16844400,0.0,0.0
2023-02-15,47.91999816894531,48.2599983215332,47.70000076293945,47.970001220703125,43.91270446777344,12854000,0.0,0.0
2023-02-16,47.599998474121094,47.810001373291016,47.189998626708984,47.220001220703125,43.22614669799805,12631700,0.0,0.0
2023-02-17,47.09000015258789,47.56999969482422,47.02000045776367,47.4900016784668,43.47330856323242,13463800,0.0,0.0
2023-02-21,47.06999969482422,47.06999969482422,45.970001220703125,46.2400016784668,42.32902908325195,13652700,0.0,0.0
2023-02-22,45.95000076293945,46.22999954223633,45.689998626708984,46.0099983215332,42.11848449707031,13402900,0.0,0.0
2023-02-23,46.119998931884766,46.439998626708984,45.790000915527344,46.25,42.33818435668945,14783600,0.0,0.0
2023-02-24,45.84000015258789,46.7599983215332,45.70000076293945,46.619998931884766,42.6768913269043,16040300,0.0,0.0
2023-02-27,46.939998626708984,47.43000030517578,46.720001220703125,46.779998779296875,42.8233528137207,15468200,0.0,0.0
2023-02-28,46.66999816894531,47.029998779296875,46.540000915527344,46.77000045776367,42.814205169677734,18627200,0.0,0.0
2023-03-01,46.5,46.91999816894531,46.25,46.68000030517578,42.731815338134766,13382200,0.0,0.0
2023-03-02,46.459999084472656,46.619998931884766,45.380001068115234,45.79999923706055,41.92625045776367,19115000,0.0,0.0
2023-03-03,46.02000045776367,46.97999954223633,45.90999984741211,46.849998474121094,42.88744354248047,14947200,0.0,0.0
2023-03-06,46.880001068115234,47.18000030517578,46.5099983215332,46.630001068115234,42.6860466003418,14236000,0.0,0.0
2023-03-07,46.189998626708984,46.27000045776367,44.119998931884766,44.45000076293945,40.690425872802734,24056800,0.0,0.0
2023-03-08,44.2599983215332,44.560001373291016,43.599998474121094,43.84000015258789,40.132015228271484,14852000,0.0,0.0
2023-03-09,43.439998626708984,43.529998779296875,40.83000183105469,41.130001068115234,37.6512336730957,33599800,0.0,0.0
2023-03-10,40.58000183105469,42.36000061035156,39.72999954223633,41.36000061035156,37.861778259277344,55435400,0.0,0.0
2023-03-13,39.79999923706055,40.54999923706055,38.209999084472656,38.40999984741211,35.161293029785156,78806900,0.0,0.0
2023-03-14,41.5,41.599998474121094,39.369998931884766,40.16999816894531,36.77242660522461,52855100,0.0,0.0
2023-03-15,38.29999923706055,38.97999954223633,38.08000183105469,38.849998474121094,35.5640754699707,47324600,0.0,0.0
2023-03-16,38.630001068115234,40.060001373291016,38.150001525878906,39.29999923706055,35.976016998291016,40388800,0.0,0.0
2023-03-17,38.7599983215332,38.7599983215332,37.529998779296875,37.7599983215332,34.56625747680664,47403800,0.0,0.0
2023-03-20,38.119998931884766,38.45000076293945,37.45000076293945,37.47999954223633,34.30995559692383,34283700,0.0,0.0
2023-03-21,38.599998474121094,38.959999084472656,38.36000061035156,38.47999954223633,35.22536849975586,34664700,0.0,0.0
2023-03-22,38.709999084472656,38.709999084472656,37.189998626708984,37.20000076293945,34.05363082885742,22994400,0.0,0.0
2023-03-23,37.4900016784668,37.63999938964844,36.5099983215332,36.61000061035156,33.51354217529297,30239900,0.0,0.0
2023-03-24,36.0,36.47999954223633,35.25,36.22999954223633,33.165679931640625,35694800,0.0,0.0
2023-03-27,37.02000045776367,37.689998626708984,36.959999084472656,37.470001220703125,34.30080032348633,27454600,0.0,0.0
2023-03-28,37.36000061035156,37.59000015258789,36.869998931884766,37.18000030517578,34.03532409667969,15270000,0.0,0.0
2023-03-29,37.599998474121094,38.0099983215332,37.29999923706055,37.970001220703125,34.75851821899414,20789100,0.0,0.0
2023-03-30,38.29999923706055,38.5,37.16999816894531,37.380001068115234,34.218414306640625,22340400,0.0,0.0
2023-03-31,37.72999954223633,37.95000076293945,37.310001373291016,37.380001068115234,34.218414306640625,30287900,0.0,0.0
2023-04-03,37.52000045776367,38.15999984741211,37.400001525878906,37.720001220703125,34.52965545654297,21541000,0.0,0.0
2023-04-04,37.70000076293945,37.79999923706055,36.38999938964844,36.810001373291016,33.696624755859375,21942700,0.0,0.0
2023-04-05,36.5,37.0099983215332,36.27000045776367,36.88999938964844,33.76985168457031,15486900,0.0,0.0
2023-04-06,37.11000061035156,38.099998474121094,37.060001373291016,37.900001525878906,34.694427490234375,23484900,0.0,0.0
2023-04-10,37.70000076293945,38.709999084472656,37.61000061035156,38.630001068115234,35.36268615722656,27005800,0.0,0.0
2023-04-11,38.77000045776367,39.540000915527344,38.709999084472656,39.369998931884766,36.040096282958984,25116100,0.0,0.0
2023-04-12,39.41999816894531,39.849998474121094,38.88999938964844,39.189998626708984,35.87531661987305,20252900,0.0,0.0
2023-04-13,39.31999969482422,39.68000030517578,39.040000915527344,39.65999984741211,36.305572509765625,22397800,0.0,0.0
2023-04-14,39.75,40.5099983215332,39.119998931884766,39.63999938964844,36.28725814819336,40963100,0.0,0.0
2023-04-17,39.83000183105469,41.29999923706055,39.560001373291016,41.29999923706055,37.80685806274414,31445100,0.0,0.0
2023-04-18,41.209999084472656,42.060001373291016,41.13999938964844,41.869998931884766,38.328643798828125,27892300,0.0,0.0
2023-04-19,41.970001220703125,42.40999984741211,41.790000915527344,42.2400016784668,38.6673469543457,23310500,0.0,0.0
2023-04-20,41.869998931884766,42.04999923706055,41.45000076293945,41.66999816894531,38.145565032958984,19265500,0.0,0.0
2023-04-21,41.209999084472656,41.400001525878906,40.209999084472656,41.2400016784668,37.75192642211914,23975300,0.0,0.0
2023-04-24,41.130001068115234,41.599998474121094,41.040000915527344,41.45000076293945,37.944175720214844,17327800,0.0,0.0
2023-04-25,40.70000076293945,41.060001373291016,40.38999938964844,40.54999923706055,37.12029266357422,20728000,0.0,0.0
2023-04-26,40.2400016784668,40.45000076293945,39.2400016784668,39.459999084472656,36.12248229980469,26915600,0.0,0.0
2023-04-27,39.529998779296875,39.779998779296875,39.31999969482422,39.65999984741211,36.305572509765625,21695800,0.0,0.0
2023-04-28,39.25,39.91999816894531,38.959999084472656,39.75,36.38795471191406,20193000,0.0,0.0
2023-05-01,40.4900016784668,41.18000030517578,40.189998626708984,40.38999938964844,36.973819732666016,26564300,0.0,0.0
2023-05-02,40.0099983215332,40.0099983215332,38.31999969482422,38.84000015258789,35.5549201965332,36239500,0.0,0.0
2023-05-03,39.029998779296875,39.66999816894531,38.61000061035156,38.650001525878906,35.38098907470703,25202700,0.0,0.0
2023-05-04,37.68000030517578,38.08000183105469,36.400001525878906,36.720001220703125,33.877193450927734,53247000,0.3,0.0
2023-05-05,37.459999084472656,38.279998779296875,37.33000183105469,37.939998626708984,35.00273895263672,27039700,0.0,0.0
2023-05-08,38.43000030517578,38.779998779296875,38.150001525878906,38.380001068115234,35.408668518066406,22735400,0.0,0.0
2023-05-09,37.939998626708984,38.66999816894531,37.77000045776367,38.540000915527344,35.5562858581543,18999100,0.0,0.0
2023-05-10,39.20000076293945,39.22999954223633,37.900001525878906,38.279998779296875,35.31641387939453,17941600,0.0,0.0
2023-05-11,37.7599983215332,38.47999954223633,37.40999984741211,38.33000183105469,35.3625373840332,18536200,0.0,0.0
2023-05-12,38.459999084472656,38.529998779296875,37.18000030517578,37.4900016784668,34.58757019042969,17658600,0.0,0.0
2023-05-15,37.599998474121094,39.099998474121094,37.459999084472656,38.77000045776367,35.76847457885742,24405800,0.0,0.0
2023-05-16,38.68000030517578,38.77000045776367,38.31999969482422,38.38999938964844,35.41789245605469,21821200,0.0,0.0
2023-05-17,38.9900016784668,40.61000061035156,38.88999938964844,40.459999084472656,37.32764434814453,29241600,0.0,0.0
2023-05-18,40.31999969482422,40.31999969482422,39.56999969482422,40.209999084472656,37.09699249267578,27213900,0.0,0.0
2023-05-19,40.33000183105469,40.459999084472656,39.619998931884766,40.029998779296875,36.930931091308594,19774900,0.0,0.0
2023-05-22,40.20000076293945,41.22999954223633,40.099998474121094,40.97999954223633,37.80738830566406,27519400,0.0,0.0
2023-05-23,41.0099983215332,42.119998931884766,40.97999954223633,41.209999084472656,38.01957321166992,26116600,0.0,0.0
2023-05-24,40.88999938964844,41.290000915527344,40.68000030517578,40.869998931884766,37.70589828491211,21193700,0.0,0.0
2023-05-25,40.619998931884766,41.290000915527344,40.52000045776367,40.900001525878906,37.733577728271484,17691800,0.0,0.0
2023-05-26,40.900001525878906,41.52000045776367,40.7599983215332,41.22999954223633,38.03802490234375,17399400,0.0,0.0
2023-05-30,41.2400016784668,41.41999816894531,40.34000015258789,40.97999954223633,37.80738830566406,14752600,0.0,0.0
2023-05-31,40.290000915527344,40.470001220703125,39.29999923706055,39.810001373291016,36.727962493896484,27221100,0.0,0.0
2023-06-01,40.209999084472656,40.529998779296875,39.68000030517578,40.060001373291016,36.95860290527344,17079400,0.0,0.0
2023-06-02,40.619998931884766,41.54999923706055,40.380001068115234,41.2400016784668,38.04724884033203,16906100,0.0,0.0
2023-06-05,41.15999984741211,41.15999984741211,40.439998626708984,40.45000076293945,37.31841278076172,18443900,0.0,0.0
2023-06-06,40.400001525878906,41.619998931884766,40.2599983215332,41.2599983215332,38.065704345703125,18825100,0.0,0.0
2023-06-07,41.45000076293945,42.13999938964844,40.9900016784668,42.06999969482422,38.812992095947266,17781800,0.0,0.0
2023-06-08,41.70000076293945,42.400001525878906,41.560001373291016,42.369998931884766,39.08976745605469,17157300,0.0,0.0
2023-06-09,42.33000183105469,42.470001220703125,42.029998779296875,42.130001068115234,38.868350982666016,11098900,0.0,0.0
2023-06-12,42.11000061035156,42.7599983215332,41.40999984741211,41.83000183105469,38.591575622558594,19433400,0.0,0.0
2023-06-13,41.68000030517578,43.34000015258789,41.529998779296875,42.650001525878906,39.34809494018555,18864000,0.0,0.0
2023-06-14,42.75,42.9900016784668,41.9900016784668,42.08000183105469,38.82222366333008,14826100,0.0,0.0
2023-06-15,41.81999969482422,42.41999816894531,41.619998931884766,42.36000061035156,39.080543518066406,14188200,0.0,0.0
2023-06-16,42.58000183105469,42.7400016784668,42.060001373291016,42.18000030517578,38.91447067260742,36422100,0.0,0.0
2023-06-20,42.119998931884766,42.13999938964844,41.34000015258789,41.88999938964844,38.64692687988281,16679600,0.0,0.0
2023-06-21,41.849998474121094,41.959999084472656,41.529998779296875,41.650001525878906,38.425514221191406,11686500,0.0,0.0
2023-06-22,41.54999923706055,41.630001068115234,40.91999816894531,41.060001373291016,37.88119125366211,11504400,0.0,0.0
2023-06-23,40.529998779296875,40.7400016784668,40.29999923706055,40.61000061035156,37.46603012084961,18952000,0.0,0.0
2023-06-26,40.779998779296875,41.220001220703125,40.459999084472656,40.59000015258789,37.44757080078125,13618500,0.0,0.0
2023-06-27,40.619998931884766,41.060001373291016,40.34000015258789,40.90999984741211,37.7427978515625,11749600,0.0,0.0
2023-06-28,40.91999816894531,40.939998626708984,40.380001068115234,40.619998931884766,37.47524642944336,13959600,0.0,0.0
2023-06-29,41.47999954223633,42.5099983215332,41.369998931884766,42.45000076293945,39.16358184814453,23956300,0.0,0.0
2023-06-30,42.95000076293945,43.220001220703125,42.619998931884766,42.68000030517578,39.375770568847656,20062200,0.0,0.0
2023-07-03,42.880001068115234,43.599998474121094,42.7400016784668,43.400001525878906,40.0400276184082,9249100,0.0,0.0
2023-07-05,43.22999954223633,43.619998931884766,42.77000045776367,43.47999954223633,40.113834381103516,15722200,0.0,0.0
2023-07-06,43.220001220703125,43.310001373291016,42.2400016784668,42.88999938964844,39.56951141357422,14978600,0.0,0.0
2023-07-07,42.59000015258789,43.43000030517578,42.59000015258789,42.77000045776367,39.45880126953125,13506500,0.0,0.0
2023-07-10,42.709999084472656,42.9900016784668,42.279998779296875,42.31999969482422,39.04364013671875,16675800,0.0,0.0
2023-07-11,42.349998474121094,42.93000030517578,42.06999969482422,42.7400016784668,39.431121826171875,15401100,0.0,0.0
2023-07-12,43.310001373291016,43.849998474121094,43.0099983215332,43.2599983215332,39.910865783691406,13998300,0.0,0.0
2023-07-13,43.470001220703125,43.7599983215332,43.29999923706055,43.709999084472656,40.32602310180664,18034800,0.0,0.0
2023-07-14,44.75,45.310001373291016,43.29999923706055,43.560001373291016,40.18764114379883,30897600,0.0,0.0
2023-07-17,43.560001373291016,45.130001068115234,43.54999923706055,44.7400016784668,41.276283264160156,25173900,0.0,0.0
2023-07-18,44.77000045776367,45.70000076293945,44.599998474121094,45.599998474121094,42.0697135925293,24183200,0.0,0.0
2023-07-19,45.93000030517578,46.56999969482422,45.540000915527344,46.2599983215332,42.67860794067383,18932700,0.0,0.0
2023-07-20,46.369998931884766,47.2400016784668,46.209999084472656,47.130001068115234,43.48125076293945,18927200,0.0,0.0
2023-07-21,47.18000030517578,47.209999084472656,45.95000076293945,45.959999084472656,42.401832580566406,16215400,0.0,0.0
2023-07-24,45.970001220703125,46.83000183105469,45.959999084472656,46.41999816894531,42.82622146606445,12053200,0.0,0.0
2023-07-25,46.38999938964844,46.63999938964844,45.43000030517578,45.47999954223633,41.95899963378906,13537400,0.0,0.0
2023-07-26,46.47999954223633,46.83000183105469,46.11000061035156,46.439998626708984,42.84467315673828,19520900,0.0,0.0
2023-07-27,46.560001373291016,47.16999816894531,45.58000183105469,45.77000045776367,42.2265510559082,19509600,0.0,0.0
2023-07-28,46.04999923706055,46.22999954223633,45.56999969482422,46.13999938964844,42.567901611328125,12616400,0.0,0.0
2023-07-31,46.34000015258789,46.68000030517578,45.86000061035156,46.15999984741211,42.58635330200195,11696600,0.0,0.0
2023-08-01,46.0099983215332,46.15999984741211,45.34000015258789,45.709999084472656,42.17119598388672,12699200,0.0,0.0
2023-08-02,45.099998474121094,45.16999816894531,44.560001373291016,45.099998474121094,41.608421325683594,13911700,0.0,0.0
2023-08-03,44.709999084472656,45.38999938964844,44.5099983215332,45.150001525878906,41.98033905029297,12145400,0.35,0.0
2023-08-04,45.099998474121094,45.70000076293945,44.709999084472656,44.849998474121094,41.701393127441406,10840800,0.0,0.0
2023-08-07,45.18000030517578,45.459999084472656,44.91999816894531,45.060001373291016,41.89665222167969,10860300,0.0,0.0
2023-08-08,43.97999954223633,44.54999923706055,43.380001068115234,44.47999954223633,41.35736846923828,14520000,0.0,0.0
2023-08-09,44.220001220703125,44.25,43.56999969482422,43.720001220703125,40.650726318359375,11973800,0.0,0.0
2023-08-10,44.0,44.38999938964844,43.619998931884766,43.66999816894531,40.6042366027832,11982200,0.0,0.0
2023-08-11,43.5099983215332,43.849998474121094,43.380001068115234,43.72999954223633,40.6600227355957,7316000,0.0,0.0
2023-08-14,43.529998779296875,43.90999984741211,43.27000045776367,43.7400016784668,40.6693229675293,10677000,0.0,0.0
2023-08-15,43.130001068115234,43.2599983215332,42.52000045776367,42.72999954223633,39.730224609375,13835900,0.0,0.0
2023-08-16,42.65999984741211,42.72999954223633,42.13999938964844,42.220001220703125,39.25602722167969,10076700,0.0,0.0
2023-08-17,42.470001220703125,42.75,42.2599983215332,42.470001220703125,39.48847961425781,12686000,0.0,0.0
2023-08-18,42.099998474121094,42.790000915527344,42.04999923706055,42.5,39.51637268066406,10797300,0.0,0.0
2023-08-21,42.650001525878906,42.869998931884766,42.119998931884766,42.4900016784668,39.507080078125,12600400,0.0,0.0
2023-08-22,42.459999084472656,42.56999969482422,41.43000030517578,41.5,38.586578369140625,13634500,0.0,0.0
2023-08-23,41.560001373291016,41.63999938964844,41.220001220703125,41.61000061035156,38.6888542175293,11927400,0.0,0.0
2023-08-24,41.45000076293945,42.18000030517578,41.38999938964844,41.43000030517578,38.52149200439453,10363300,0.0,0.0
2023-08-25,41.63999938964844,41.79999923706055,40.77000045776367,41.22999954223633,38.335533142089844,12534700,0.0,0.0
2023-08-28,41.40999984741211,42.06999969482422,41.290000915527344,41.880001068115234,38.939903259277344,10314500,0.0,0.0
2023-08-29,41.869998931884766,42.369998931884766,41.650001525878906,42.0,39.051475524902344,14404800,0.0,0.0
2023-08-30,42.060001373291016,42.130001068115234,41.470001220703125,41.540000915527344,38.6237678527832,12536300,0.0,0.0
2023-08-31,41.68000030517578,41.709999084472656,41.11000061035156,41.290000915527344,38.391319274902344,21534900,0.0,0.0
2023-09-01,41.54999923706055,41.9900016784668,41.5099983215332,41.650001525878906,38.72603988647461,12890300,0.0,0.0
2023-09-05,41.650001525878906,42.279998779296875,41.310001373291016,41.540000915527344,38.6237678527832,14337200,0.0,0.0
2023-09-06,41.209999084472656,41.400001525878906,40.599998474121094,41.02000045776367,38.1402702331543,18775400,0.0,0.0
2023-09-07,40.72999954223633,41.02000045776367,40.29999923706055,40.43000030517578,37.59169387817383,13801000,0.0,0.0
2023-09-08,40.45000076293945,41.119998931884766,40.33000183105469,41.0,38.12166976928711,13921200,0.0,0.0
2023-09-11,41.380001068115234,41.720001220703125,41.209999084472656,41.33000183105469,38.42850875854492,15053800,0.0,0.0
2023-09-12,41.40999984741211,42.970001220703125,41.27000045776367,42.540000915527344,39.553565979003906,18393900,0.0,0.0
2023-09-13,42.709999084472656,42.880001068115234,42.119998931884766,42.25,39.28392028808594,15274200,0.0,0.0
2023-09-14,42.810001373291016,43.38999938964844,42.70000076293945,43.04999923706055,40.02775192260742,20764500,0.0,0.0
2023-09-15,42.66999816894531,43.310001373291016,42.61000061035156,42.95000076293945,39.934783935546875,47371800,0.0,0.0
2023-09-18,42.9900016784668,43.599998474121094,42.77000045776367,43.43000030517578,40.38108444213867,15849700,0.0,0.0
2023-09-19,43.54999923706055,43.7400016784668,42.900001525878906,43.220001220703125,40.18582534790039,15318100,0.0,0.0
2023-09-20,43.400001525878906,43.720001220703125,42.81999969482422,42.869998931884766,39.86039733886719,16788100,0.0,0.0
2023-09-21,42.75,43.16999816894531,42.290000915527344,42.31999969482422,39.3490104675293,14990500,0.0,0.0
2023-09-22,42.33000183105469,42.38999938964844,41.150001525878906,41.22999954223633,38.335533142089844,16780300,0.0,0.0
2023-09-25,40.880001068115234,41.619998931884766,40.77000045776367,41.560001373291016,38.642364501953125,10624000,0.0,0.0
2023-09-26,41.04999923706055,41.310001373291016,40.36000061035156,40.650001525878906,37.79624938964844,15219400,0.0,0.0
2023-09-27,40.630001068115234,41.20000076293945,40.459999084472656,40.86000061035156,37.99150085449219,11815500,0.0,0.0
2023-09-28,40.84000015258789,41.20000076293945,40.720001220703125,40.90999984741211,38.037994384765625,12454600,0.0,0.0
2023-09-29,41.20000076293945,41.38999938964844,40.58000183105469,40.86000061035156,37.99150085449219,13124500,0.0,0.0
2023-10-02,40.70000076293945,40.7599983215332,39.439998626708984,39.61000061035156,36.829261779785156,15102000,0.0,0.0
2023-10-03,39.380001068115234,39.470001220703125,38.470001220703125,38.66999816894531,35.95524978637695,19252900,0.0,0.0
2023-10-04,38.5099983215332,39.11000061035156,38.38999938964844,38.970001220703125,36.234188079833984,14343500,0.0,0.0
2023-10-05,38.7599983215332,39.41999816894531,38.599998474121094,39.29999923706055,36.54102325439453,11820600,0.0,0.0
2023-10-06,38.88999938964844,39.88999938964844,38.7599983215332,39.689998626708984,36.90364456176758,13976800,0.0,0.0
2023-10-09,39.11000061035156,39.79999923706055,39.099998474121094,39.70000076293945,36.912940979003906,12096600,0.0,0.0
2023-10-10,39.91999816894531,40.380001068115234,39.720001220703125,39.81999969482422,37.02451705932617,14429700,0.0,0.0
2023-10-11,40.0099983215332,40.209999084472656,39.25,39.689998626708984,36.90364456176758,14835900,0.0,0.0
2023-10-12,39.689998626708984,40.0099983215332,39.31999969482422,39.7400016784668,36.95013427734375,14878100,0.0,0.0
2023-10-13,40.83000183105469,41.63999938964844,40.470001220703125,40.959999084472656,38.08448028564453,28077900,0.0,0.0
2023-10-16,41.470001220703125,42.16999816894531,41.400001525878906,41.650001525878906,38.72603988647461,18419000,0.0,0.0
2023-10-17,41.43000030517578,42.369998931884766,41.43000030517578,41.97999954223633,39.032875061035156,16982300,0.0,0.0
2023-10-18,41.70000076293945,41.939998626708984,41.349998474121094,41.529998779296875,38.614463806152344,16053200,0.0,0.0
2023-10-19,41.47999954223633,42.220001220703125,41.15999984741211,41.18000030517578,38.289039611816406,16120300,0.0,0.0
2023-10-20,41.04999923706055,41.09000015258789,39.939998626708984,40.27000045776367,37.442928314208984,17498900,0.0,0.0
2023-10-23,40.2599983215332,40.380001068115234,39.41999816894531,39.47999954223633,36.70838165283203,13785800,0.0,0.0
2023-10-24,39.619998931884766,39.83000183105469,39.2400016784668,39.279998779296875,36.52241516113281,15097800,0.0,0.0
2023-10-25,39.06999969482422,39.209999084472656,38.58000183105469,39.029998779296875,36.28997802734375,13849000,0.0,0.0
2023-10-26,39.02000045776367,39.97999954223633,38.97999954223633,39.650001525878906,36.866451263427734,15480300,0.0,0.0
2023-10-27,39.380001068115234,39.40999984741211,38.619998931884766,38.7599983215332,36.03893280029297,13582800,0.0,0.0
2023-10-30,39.099998474121094,39.59000015258789,38.689998626708984,39.43000030517578,36.66189193725586,14141900,0.0,0.0
2023-10-31,39.63999938964844,39.810001373291016,39.2400016784668,39.77000045776367,36.97802734375,11919200,0.0,0.0
2023-11-01,39.959999084472656,39.97999954223633,39.279998779296875,39.61000061035156,36.829261779785156,19850300,0.0,0.0
2023-11-02,39.7400016784668,40.540000915527344,39.38999938964844,40.5099983215332,38.001861572265625,19998500,0.35,0.0
2023-11-03,41.16999816894531,41.86000061035156,41.06999969482422,41.619998931884766,39.04313659667969,16147500,0.0,0.0
2023-11-06,41.790000915527344,41.790000915527344,41.150001525878906,41.34000015258789,38.78047561645508,15148600,0.0,0.0
2023-11-07,41.18000030517578,41.20000076293945,40.7400016784668,41.040000915527344,38.49905014038086,13796900,0.0,0.0
2023-11-08,41.06999969482422,41.189998626708984,40.43000030517578,40.97999954223633,38.44276809692383,19418700,0.0,0.0
2023-11-09,41.29999923706055,41.380001068115234,40.27000045776367,40.400001525878906,37.898681640625,14006500,0.0,0.0
2023-11-10,40.630001068115234,40.95000076293945,40.36000061035156,40.88999938964844,38.358341217041016,14706600,0.0,0.0
2023-11-13,40.7400016784668,41.060001373291016,40.529998779296875,40.77000045776367,38.245765686035156,12159700,0.0,0.0
2023-11-14,41.5,42.380001068115234,41.459999084472656,42.08000183105469,39.47466278076172,20183800,0.0,0.0
2023-11-15,42.06999969482422,43.029998779296875,42.06999969482422,42.84000015258789,40.1876106262207,17268100,0.0,0.0
2023-11-16,42.81999969482422,42.959999084472656,41.9900016784668,42.529998779296875,39.89680480957031,16931200,0.0,0.0
2023-11-17,42.83000183105469,42.9900016784668,42.439998626708984,42.959999084472656,40.3001823425293,13893800,0.0,0.0
2023-11-20,42.86000061035156,42.95000076293945,42.5099983215332,42.790000915527344,40.14070129394531,10369100,0.0,0.0
2023-11-21,42.63999938964844,42.72999954223633,42.150001525878906,42.599998474121094,39.962467193603516,16078400,0.0,0.0
2023-11-22,42.65999984741211,42.83000183105469,42.400001525878906,42.779998779296875,40.13132095336914,11862200,0.0,0.0
2023-11-24,42.79999923706055,43.11000061035156,42.72999954223633,42.91999816894531,40.26264572143555,5287200,0.0,0.0
2023-11-27,42.63999938964844,43.029998779296875,42.52000045776367,43.02000045776367,40.35646057128906,15715000,0.0,0.0
2023-11-28,42.970001220703125,43.45000076293945,42.790000915527344,43.369998931884766,40.684791564941406,15332900,0.0,0.0
2023-11-29,43.689998626708984,44.13999938964844,43.630001068115234,43.779998779296875,41.069400787353516,16746000,0.0,0.0
2023-11-30,43.810001373291016,44.75,43.47999954223633,44.59000015258789,41.829254150390625,23247500,0.0,0.0
2023-12-01,44.5099983215332,45.2400016784668,44.380001068115234,45.02000045776367,42.23263931274414,18116100,0.0,0.0
2023-12-04,44.709999084472656,45.33000183105469,44.52000045776367,45.119998931884766,42.32644271850586,13424000,0.0,0.0
2023-12-05,44.95000076293945,44.970001220703125,44.40999984741211,44.4900016784668,41.735450744628906,14531700,0.0,0.0
2023-12-06,44.79999923706055,45.25,44.43000030517578,44.5,41.74482727050781,18923800,0.0,0.0
2023-12-07,44.790000915527344,45.439998626708984,44.650001525878906,45.400001525878906,42.589107513427734,18787800,0.0,0.0
2023-12-08,45.36000061035156,46.34000015258789,45.119998931884766,46.099998474121094,43.245765686035156,20238400,0.0,0.0
2023-12-11,45.900001525878906,46.220001220703125,45.56999969482422,46.0,43.15195846557617,21116900,0.0,0.0
2023-12-12,45.939998626708984,46.7599983215332,45.810001373291016,46.470001220703125,43.59286117553711,19787100,0.0,0.0
2023-12-13,46.5,47.779998779296875,46.349998474121094,47.7599983215332,44.802982330322266,26549100,0.0,0.0
2023-12-14,48.439998626708984,50.54999923706055,48.439998626708984,50.5099983215332,47.38273239135742,41115400,0.0,0.0
2023-12-15,50.099998474121094,50.77000045776367,49.91999816894531,50.310001373291016,47.19511032104492,44099200,0.0,0.0
2023-12-18,50.40999984741211,50.47999954223633,49.529998779296875,49.65999984741211,46.585357666015625,20531700,0.0,0.0
2023-12-19,49.66999816894531,50.31999969482422,49.310001373291016,50.09000015258789,46.98872756958008,20556400,0.0,0.0
2023-12-20,49.83000183105469,50.56999969482422,49.290000915527344,49.34000015258789,46.2851676940918,20481500,0.0,0.0
2023-12-21,49.619998931884766,49.83000183105469,49.130001068115234,49.45000076293945,46.388362884521484,11127700,0.0,0.0
2023-12-22,49.65999984741211,49.86000061035156,49.09000015258789,49.18000030517578,46.13506317138672,10450400,0.0,0.0
2023-12-26,49.15999984741211,49.66999816894531,49.029998779296875,49.63999938964844,46.56658935546875,8856600,0.0,0.0
2023-12-27,49.40999984741211,49.56999969482422,49.150001525878906,49.33000183105469,46.27579116821289,12536700,0.0,0.0
2023-12-28,49.13999938964844,49.650001525878906,49.09000015258789,49.47999954223633,46.416500091552734,9872600,0.0,0.0
2023-12-29,49.349998474121094,49.58000183105469,49.209999084472656,49.220001220703125,46.1725959777832,11733600,0.0,0.0
2024-01-02,49.04999923706055,49.7599983215332,48.81999969482422,49.33000183105469,46.27579116821289,14916000,0.0,0.0
2024-01-03,49.09000015258789,49.09000015258789,48.31999969482422,48.68000030517578,45.66603469848633,21653600,0.0,0.0
2024-01-04,48.81999969482422,49.86000061035156,48.77000045776367,49.279998779296875,46.2288818359375,15917500,0.0,0.0
2024-01-05,49.400001525878906,50.470001220703125,49.290000915527344,49.91999816894531,46.829254150390625,15074800,0.0,0.0
2024-01-08,49.380001068115234,49.9900016784668,49.150001525878906,49.91999816894531,46.829254150390625,15119700,0.0,0.0
2024-01-09,49.439998626708984,49.459999084472656,49.04999923706055,49.290000915527344,46.23826217651367,13625200,0.0,0.0
2024-01-10,49.0,49.119998931884766,48.61000061035156,49.08000183105469,46.041263580322266,11849800,0.0,0.0
2024-01-11,48.88999938964844,49.08000183105469,48.34000015258789,49.040000915527344,46.00373840332031,21049200,0.0,0.0
2024-01-12,47.95000076293945,48.779998779296875,47.0,47.400001525878906,44.46527862548828,30454100,0.0,0.0
2024-01-16,46.77000045776367,47.060001373291016,46.220001220703125,46.81999969482422,43.92118835449219,25209900,0.0,0.0
2024-01-17,46.2400016784668,47.060001373291016,46.209999084472656,46.66999816894531,43.78047561645508,17445600,0.0,0.0
2024-01-18,46.54999923706055,46.619998931884766,46.119998931884766,46.439998626708984,43.56471252441406,17901300,0.0,0.0
2024-01-19,46.630001068115234,48.18000030517578,46.380001068115234,48.119998931884766,45.14070129394531,25606900,0.0,0.0
2024-01-22,48.22999954223633,48.93000030517578,48.15999984741211,48.529998779296875,45.52531051635742,19372200,0.0,0.0
2024-01-23,48.650001525878906,49.220001220703125,48.400001525878906,49.119998931884766,46.07878494262695,16422100,0.0,0.0
2024-01-24,49.369998931884766,50.09000015258789,49.25,49.4900016784668,46.425880432128906,17776000,0.0,0.0
2024-01-25,49.68000030517578,49.939998626708984,49.5,49.880001068115234,46.7917366027832,17979600,0.0,0.0
2024-01-26,49.84000015258789,50.5,49.77000045776367,50.31999969482422,47.20448684692383,19211100,0.0,0.0
2024-01-29,50.15999984741211,50.66999816894531,49.9900016784668,50.349998474121094,47.23263168334961,16725200,0.0,0.0
2024-01-30,50.630001068115234,51.27000045776367,50.619998931884766,51.189998626708984,48.02062225341797,14736800,0.0,0.0
2024-01-31,51.0099983215332,51.439998626708984,50.15999984741211,50.18000030517578,47.07316207885742,20394400,0.0,0.0
2024-02-01,49.81999969482422,49.970001220703125,47.880001068115234,48.72999954223633,46.03401565551758,27566100,0.35,0.0
2024-02-02,48.5,49.56999969482422,48.060001373291016,49.15999984741211,46.44022750854492,19329000,0.0,0.0
2024-02-05,48.61000061035156,48.91999816894531,48.2400016784668,48.70000076293945,46.005672454833984,14202700,0.0,0.0
2024-02-06,48.52000045776367,49.119998931884766,48.0099983215332,48.290000915527344,45.61836242675781,13926600,0.0,0.0
2024-02-07,48.45000076293945,48.599998474121094,47.45000076293945,48.47999954223633,45.79784393310547,15839600,0.0,0.0
2024-02-08,48.18000030517578,48.5,48.060001373291016,48.349998474121094,45.6750373840332,10839200,0.0,0.0
2024-02-09,48.220001220703125,48.27000045776367,47.470001220703125,48.060001373291016,45.40107727050781,16594000,0.0,0.0
2024-02-12,48.0,49.290000915527344,47.880001068115234,48.91999816894531,46.213504791259766,14101900,0.0,0.0
2024-02-13,48.400001525878906,48.709999084472656,47.59000015258789,48.2400016784668,45.57112121582031,13660100,0.0,0.0
2024-02-14,48.599998474121094,48.720001220703125,47.959999084472656,48.529998779296875,45.84507751464844,12683400,0.0,0.0
2024-02-15,48.72999954223633,52.45000076293945,48.619998931884766,52.040000915527344,49.160888671875,46473600,0.0,0.0
2024-02-16,51.939998626708984,52.31999969482422,51.31999969482422,51.90999984741211,49.0380744934082,24359700,0.0,0.0
2024-02-20,51.5,52.2400016784668,51.27000045776367,51.77000045776367,48.90583038330078,19839100,0.0,0.0
2024-02-21,51.63999938964844,52.68000030517578,51.130001068115234,52.65999984741211,49.74658966064453,18562500,0.0,0.0
2024-02-22,52.83000183105469,53.90999984741211,52.75,53.369998931884766,50.41730499267578,20467900,0.0,0.0
2024-02-23,53.529998779296875,54.02000045776367,53.41999816894531,53.86000061035156,50.88020324707031,20863500,0.0,0.0
2024-02-26,53.75,54.560001373291016,53.68000030517578,54.130001068115234,51.13526153564453,18099900,0.0,0.0
2024-02-27,54.279998779296875,54.88999938964844,54.2400016784668,54.810001373291016,51.777645111083984,19548200,0.0,0.0
2024-02-28,54.7400016784668,55.41999816894531,54.56999969482422,54.720001220703125,51.69261932373047,20045200,0.0,0.0
2024-02-29,55.040000915527344,55.70000076293945,54.939998626708984,55.59000015258789,52.51448440551758,28335600,0.0,0.0
2024-03-01,55.400001525878906,55.75,54.900001525878906,55.060001373291016,52.01380920410156,17761000,0.0,0.0
2024-03-04,54.869998931884766,56.560001373291016,54.72999954223633,55.810001373291016,52.72231674194336,19483500,0.0,0.0
2024-03-05,55.709999084472656,57.099998474121094,55.43000030517578,56.599998474121094,53.468605041503906,21786100,0.0,0.0
2024-03-06,56.81999969482422,57.38999938964844,56.27000045776367,57.11000061035156,53.95038986206055,25418600,0.0,0.0
2024-03-07,57.04999923706055,57.68000030517578,56.869998931884766,57.0,53.84648132324219,18116300,0.0,0.0
2024-03-08,57.209999084472656,57.540000915527344,56.880001068115234,57.06999969482422,53.912601470947266,17872500,0.0,0.0
2024-03-11,56.779998779296875,57.349998474121094,56.52000045776367,57.09000015258789,53.93150329589844,16622000,0.0,0.0
2024-03-12,57.25,58.11000061035156,57.099998474121094,57.61000061035156,54.42273712158203,23622800,0.0,0.0
2024-03-13,57.619998931884766,58.439998626708984,57.619998931884766,57.81999969482422,54.62110900878906,17444900,0.0,0.0
2024-03-14,57.869998931884766,58.130001068115234,57.119998931884766,57.369998931884766,54.19601058959961,24851100,0.0,0.0
2024-03-15,56.86000061035156,58.29999923706055,56.86000061035156,57.5099983215332,54.3282585144043,40782800,0.0,0.0
2024-03-18,57.599998474121094,57.83000183105469,57.11000061035156,57.77000045776367,54.573875427246094,16376500,0.0,0.0
2024-03-19,57.650001525878906,57.939998626708984,56.91999816894531,57.0099983215332,53.855918884277344,14504800,0.0,0.0
2024-03-20,56.619998931884766,57.5099983215332,56.279998779296875,57.29999923706055,54.129878997802734,22841600,0.0,0.0
2024-03-21,57.59000015258789,58.119998931884766,57.45000076293945,57.849998474121094,54.649452209472656,18141700,0.0,0.0
2024-03-22,57.810001373291016,58.02000045776367,57.119998931884766,57.130001068115234,53.96928787231445,13736600,0.0,0.0
2024-03-25,57.08000183105469,57.33000183105469,56.369998931884766,56.72999954223633,53.59141159057617,15028200,0.0,0.0
2024-03-26,57.13999938964844,57.150001525878906,56.59000015258789,56.68000030517578,53.5441780090332,11445900,0.0,0.0
2024-03-27,56.380001068115234,57.63999938964844,56.380001068115234,57.61000061035156,54.42273712158203,13762800,0.0,0.0
2024-03-28,57.65999984741211,58.08000183105469,57.560001373291016,57.959999084472656,54.75335693359375,14619000,0.0,0.0
2024-04-01,57.880001068115234,57.880001068115234,57.2599983215332,57.61000061035156,54.42273712158203,11039500,0.0,0.0
2024-04-02,57.36000061035156,58.0,57.189998626708984,57.349998474121094,54.17710876464844,14632900,0.0,0.0
2024-04-03,57.20000076293945,57.959999084472656,56.849998474121094,57.130001068115234,53.96928787231445,13226500,0.0,0.0
2024-04-04,57.72999954223633,58.0,56.540000915527344,56.68000030517578,53.5441780090332,12361900,0.0,0.0
2024-04-05,56.630001068115234,57.619998931884766,56.56999969482422,57.400001525878906,54.2243537902832,11081000,0.0,0.0
2024-04-08,57.380001068115234,57.97999954223633,57.310001373291016,57.790000915527344,54.5927734375,15308800,0.0,0.0
2024-04-09,57.70000076293945,57.9900016784668,56.869998931884766,57.58000183105469,54.39439010620117,10643800,0.0,0.0
2024-04-10,56.790000915527344,57.29999923706055,56.41999816894531,56.939998626708984,53.789791107177734,16475200,0.0,0.0
2024-04-11,56.97999954223633,57.0,55.630001068115234,56.689998626708984,53.553627014160156,18995600,0.0,0.0
2024-04-12,55.970001220703125,57.0,55.34000015258789,56.470001220703125,53.34579849243164,27876700,0.0,0.0
2024-04-15,57.61000061035156,57.97999954223633,56.7400016784668,56.970001220703125,53.818138122558594,19407500,0.0,0.0
2024-04-16,56.900001525878906,56.959999084472656,55.65999984741211,56.40999984741211,53.28912353515625,25620000,0.0,0.0
2024-04-17,56.880001068115234,57.630001068115234,56.650001525878906,57.18000030517578,54.016517639160156,18867700,0.0,0.0
2024-04-18,57.630001068115234,59.130001068115234,57.220001220703125,58.7400016784668,55.490211486816406,24468500,0.0,0.0
2024-04-19,59.0,60.849998474121094,58.86000061035156,60.349998474121094,57.011138916015625,34334300,0.0,0.0
2024-04-22,60.400001525878906,61.4900016784668,60.34000015258789,61.099998474121094,57.71964645385742,21753400,0.0,0.0
2024-04-23,61.16999816894531,61.7599983215332,60.810001373291016,60.939998626708984,57.5684928894043,21731200,0.0,0.0
2024-04-24,60.599998474121094,60.95000076293945,60.04999923706055,60.599998474121094,57.24729919433594,19731600,0.0,0.0
2024-04-25,60.61000061035156,60.959999084472656,59.599998474121094,59.93000030517578,56.614376068115234,24002500,0.0,0.0
2024-04-26,59.779998779296875,60.43000030517578,59.380001068115234,59.90999984741211,56.595489501953125,18785900,0.0,0.0
2024-04-29,59.86000061035156,60.29999923706055,59.36000061035156,59.79999923706055,56.4915657043457,15338400,0.0,0.0
2024-04-30,59.599998474121094,59.9900016784668,59.29999923706055,59.31999969482422,56.038124084472656,18007700,0.0,0.0
2024-05-01,59.58000183105469,60.150001525878906,59.33000183105469,59.52000045776367,56.2270622253418,16365400,0.0,0.0
2024-05-02,60.119998931884766,60.150001525878906,59.31999969482422,59.83000183105469,56.51991653442383,15329500,0.0,0.0
2024-05-03,60.029998779296875,60.2599983215332,59.119998931884766,59.939998626708984,56.623817443847656,17298500,0.0,0.0
2024-05-06,60.470001220703125,60.880001068115234,59.84000015258789,60.189998626708984,56.859989166259766,16240100,0.0,0.0
2024-05-07,60.279998779296875,60.61000061035156,60.060001373291016,60.2599983215332,56.926109313964844,16268200,0.0,0.0
2024-05-08,60.150001525878906,61.43000030517578,60.099998474121094,61.22999954223633,57.84245300292969,18718400,0.0,0.0
2024-05-09,60.7400016784668,61.369998931884766,60.47999954223633,61.279998779296875,58.22249984741211,14224300,0.35,0.0
2024-05-10,61.459999084472656,61.970001220703125,61.459999084472656,61.88999938964844,58.80206298828125,14428200,0.0,0.0
2024-05-13,61.959999084472656,62.16999816894531,61.209999084472656,61.2599983215332,58.203495025634766,15203500,0.0,0.0
2024-05-14,61.560001373291016,61.9900016784668,61.02000045776367,61.88999938964844,58.80206298828125,14499600,0.0,0.0
2024-05-15,62.20000076293945,62.54999923706055,61.869998931884766,62.34000015258789,59.22960662841797,17489600,0.0,0.0
2024-05-16,62.45000076293945,62.47999954223633,60.970001220703125,61.060001373291016,58.01347732543945,21104100,0.0,0.0
2024-05-17,61.40999984741211,61.630001068115234,60.88999938964844,61.08000183105469,58.032470703125,15795800,0.0,0.0
2024-05-20,60.97999954223633,61.790000915527344,60.59000015258789,60.70000076293945,57.67142868041992,15029000,0.0,0.0
2024-05-21,60.81999969482422,61.70000076293945,60.779998779296875,61.459999084472656,58.39350891113281,18422100,0.0,0.0
2024-05-22,61.29999923706055,61.45000076293945,60.5099983215332,60.93000030517578,57.889957427978516,10340500,0.0,0.0
2024-05-23,60.75,60.779998779296875,59.36000061035156,59.68000030517578,56.70232391357422,13056100,0.0,0.0
2024-05-24,60.040000915527344,60.38999938964844,59.869998931884766,60.209999084472656,57.20587921142578,9913000,0.0,0.0
2024-05-28,59.970001220703125,60.18000030517578,59.189998626708984,59.47999954223633,56.51230239868164,11276300,0.0,0.0
2024-05-29,58.869998931884766,58.939998626708984,58.41999816894531,58.75,55.818729400634766,12835000,0.0,0.0
2024-05-30,58.81999969482422,59.38999938964844,58.599998474121094,59.209999084472656,56.255775451660156,13580800,0.0,0.0
2024-05-31,59.27000045776367,59.9900016784668,58.970001220703125,59.91999816894531,56.93035125732422,25386600,0.0,0.0
2024-06-03,60.20000076293945,60.20000076293945,58.599998474121094,59.34000015258789,56.37928771972656,13206500,0.0,0.0
2024-06-04,58.81999969482422,59.47999954223633,58.34000015258789,58.70000076293945,55.771217346191406,12520700,0.0,0.0
2024-06-05,58.86000061035156,58.91999816894531,58.130001068115234,58.68000030517578,55.752220153808594,11199100,0.0,0.0
2024-06-06,58.779998779296875,59.0,57.5,57.72999954223633,54.8496208190918,18587400,0.0,0.0
2024-06-07,57.56999969482422,58.68000030517578,57.56999969482422,58.36000061035156,55.44818878173828,14466700,0.0,0.0
2024-06-10,57.900001525878906,58.130001068115234,57.369998931884766,57.93000030517578,55.03963851928711,12787500,0.0,0.0
2024-06-11,57.75,57.75,56.5099983215332,57.130001068115234,54.27955627441406,19197800,0.0,0.0
2024-06-12,58.279998779296875,58.45000076293945,57.15999984741211,57.29999923706055,54.441070556640625,16929800,0.0,0.0
2024-06-13,57.45000076293945,57.619998931884766,56.689998626708984,57.27000045776367,54.412567138671875,15963700,0.0,0.0
2024-06-14,56.9900016784668,57.61000061035156,56.619998931884766,57.400001525878906,54.53609085083008,15375400,0.0,0.0
2024-06-17,57.209999084472656,58.25,57.06999969482422,58.2400016784668,55.33417892456055,18361100,0.0,0.0
2024-06-18,58.209999084472656,59.04999923706055,57.900001525878906,59.04999923706055,56.103759765625,15547400,0.0,0.0
2024-06-20,58.7400016784668,59.20000076293945,58.59000015258789,58.959999084472656,56.018253326416016,11985500,0.0,0.0
2024-06-21,58.29999923706055,58.459999084472656,57.31999969482422,58.099998474121094,55.20115661621094,62732600,0.0,0.0
2024-06-24,58.4900016784668,59.459999084472656,58.27000045776367,59.0099983215332,56.065757751464844,16198300,0.0,0.0
2024-06-25,58.77000045776367,59.0,57.18000030517578,57.20000076293945,54.34606170654297,26726900,0.0,0.0
2024-06-26,57.220001220703125,57.79999923706055,56.83000183105469,57.0099983215332,54.1655387878418,30425700,0.0,0.0
2024-06-27,56.40999984741211,57.470001220703125,56.33000183105469,57.41999816894531,54.55508041381836,13832200,0.0,0.0
2024-06-28,58.09000015258789,59.45000076293945,58.09000015258789,59.38999938964844,56.426795959472656,31074500,0.0,0.0
2024-07-01,59.61000061035156,60.61000061035156,59.56999969482422,60.59000015258789,57.566925048828125,14470200,0.0,0.0
2024-07-02,60.4900016784668,61.18000030517578,60.13999938964844,60.970001220703125,57.92796325683594,9543700,0.0,0.0
2024-07-03,61.0,61.13999938964844,60.15999984741211,60.65999984741211,57.63343048095703,6698800,0.0,0.0
2024-07-05,60.5,60.65999984741211,59.11000061035156,59.619998931884766,56.645320892333984,11436300,0.0,0.0
2024-07-08,59.970001220703125,60.40999984741211,58.65999984741211,59.0099983215332,56.065757751464844,12480000,0.0,0.0
2024-07-09,59.08000183105469,60.41999816894531,58.91999816894531,59.880001068115234,56.89234161376953,12233800,0.0,0.0
2024-07-10,59.540000915527344,59.9900016784668,59.380001068115234,59.720001220703125,56.740325927734375,12097200,0.0,0.0
2024-07-11,59.400001525878906,60.709999084472656,59.279998779296875,60.15999984741211,57.15837478637695,16852800,0.0,0.0
2024-07-12,56.20000076293945,56.91999816894531,55.599998474121094,56.540000915527344,53.718994140625,53042800,0.0,0.0
2024-07-15,57.04999923706055,58.2400016784668,57.040000915527344,57.72999954223633,54.8496208190918,27277300,0.0,0.0
2024-07-16,58.040000915527344,60.619998931884766,57.529998779296875,60.2400016784668,57.2343864440918,25577300,0.0,0.0
2024-07-17,60.15999984741211,61.0,59.88999938964844,60.90999984741211,57.87095260620117,17371100,0.0,0.0
2024-07-18,60.619998931884766,60.81999969482422,58.9900016784668,59.2400016784668,56.284278869628906,17739000,0.0,0.0
2024-07-19,59.29999923706055,59.77000045776367,59.11000061035156,59.22999954223633,56.274776458740234,12362800,0.0,0.0
2024-07-22,59.2599983215332,59.38999938964844,58.540000915527344,59.13999938964844,56.18927001953125,13638600,0.0,0.0
2024-07-23,59.20000076293945,59.90999984741211,59.040000915527344,59.66999816894531,56.69282531738281,10927800,0.0,0.0
2024-07-24,59.77000045776367,60.209999084472656,59.369998931884766,59.439998626708984,56.47429656982422,10777100,0.0,0.0
2024-07-25,59.560001373291016,60.72999954223633,59.45000076293945,59.70000076293945,56.72132873535156,14119600,0.0,0.0
2024-07-26,59.849998474121094,60.45000076293945,59.56999969482422,60.38999938964844,57.376895904541016,12538900,0.0,0.0
2024-07-29,60.7400016784668,60.83000183105469,59.349998474121094,59.59000015258789,56.6168212890625,8986200,0.0,0.0
2024-07-30,60.459999084472656,60.72999954223633,59.88999938964844,60.0099983215332,57.0158576965332,11503900,0.0,0.0
2024-07-31,59.81999969482422,60.119998931884766,59.20000076293945,59.34000015258789,56.37928771972656,11535800,0.0,0.0
2024-08-01,59.2599983215332,59.34000015258789,56.52000045776367,56.880001068115234,54.04203414916992,17752700,0.0,0.0
2024-08-02,55.18000030517578,55.56999969482422,52.79999923706055,53.2599983215332,50.60264587402344,27642600,0.0,0.0
2024-08-05,51.29999923706055,52.400001525878906,50.150001525878906,52.119998931884766,49.51952362060547,28594000,0.0,0.0
2024-08-06,52.279998779296875,52.959999084472656,52.04999923706055,52.36000061035156,49.7475471496582,18723500,0.0,0.0
2024-08-07,53.150001525878906,53.4900016784668,52.150001525878906,52.290000915527344,49.6810417175293,18407500,0.0,0.0
2024-08-08,52.970001220703125,53.31999969482422,52.650001525878906,52.7599983215332,50.127586364746094,16176000,0.0,0.0
2024-08-09,52.29999923706055,52.83000183105469,52.06999969482422,52.7599983215332,50.51053237915039,11669000,0.4,0.0
2024-08-12,52.90999984741211,53.470001220703125,51.68000030517578,52.060001373291016,49.84038543701172,18090100,0.0,0.0
2024-08-13,52.36000061035156,52.959999084472656,51.810001373291016,52.869998931884766,50.6158447265625,12268600,0.0,0.0
2024-08-14,53.029998779296875,53.779998779296875,52.720001220703125,53.65999984741211,51.37216567993164,13217200,0.0,0.0
2024-08-15,54.5,55.16999816894531,54.43000030517578,54.56999969482422,52.24336624145508,16549400,0.0,0.0
2024-08-16,54.779998779296875,55.43000030517578,54.61000061035156,55.33000183105469,52.97096252441406,19173900,0.0,0.0
2024-08-19,55.349998474121094,56.459999084472656,55.2599983215332,56.45000076293945,54.043209075927734,12792900,0.0,0.0
2024-08-20,56.029998779296875,56.720001220703125,55.91999816894531,56.150001525878906,53.75600051879883,12533500,0.0,0.0
2024-08-21,56.439998626708984,56.45000076293945,55.20000076293945,55.459999084472656,53.095420837402344,13691700,0.0,0.0
2024-08-22,55.70000076293945,56.369998931884766,55.65999984741211,55.959999084472656,53.574100494384766,15683000,0.0,0.0
2024-08-23,56.41999816894531,57.400001525878906,56.31999969482422,56.70000076293945,54.28255081176758,17074400,0.0,0.0
2024-08-26,57.02000045776367,57.150001525878906,56.540000915527344,56.720001220703125,54.301700592041016,9478800,0.0,0.0
2024-08-27,56.709999084472656,56.91999816894531,56.15999984741211,56.2599983215332,53.86130905151367,7638500,0.0,0.0
2024-08-28,56.060001373291016,57.36000061035156,56.029998779296875,57.06999969482422,54.63677215576172,11905200,0.0,0.0
2024-08-29,57.310001373291016,57.77000045776367,56.5099983215332,57.349998474121094,54.90483474731445,9283300,0.0,0.0
2024-08-30,57.45000076293945,58.58000183105469,57.380001068115234,58.470001220703125,55.97708511352539,20377300,0.0,0.0
2024-09-03,58.619998931884766,58.95000076293945,57.900001525878906,58.369998931884766,55.88134765625,15933600,0.0,0.0
2024-09-04,58.4900016784668,59.0,57.720001220703125,58.119998931884766,55.64200973510742,10985800,0.0,0.0
2024-09-05,58.619998931884766,58.68000030517578,56.540000915527344,56.86000061035156,54.435726165771484,18301000,0.0,0.0
2024-09-06,56.68000030517578,56.779998779296875,53.689998626708984,54.0,51.69766616821289,21853800,0.0,0.0
2024-09-09,54.72999954223633,55.08000183105469,54.43000030517578,54.59000015258789,52.26251220703125,17134800,0.0,0.0
2024-09-10,56.0,56.099998474121094,53.380001068115234,53.95000076293945,51.649803161621094,24650000,0.0,0.0
2024-09-11,53.720001220703125,53.86000061035156,52.43000030517578,53.72999954223633,51.43917465209961,17322000,0.0,0.0
2024-09-12,53.72999954223633,54.34000015258789,50.220001220703125,51.56999969482422,49.37127685546875,42594200,0.0,0.0
2024-09-13,51.86000061035156,53.040000915527344,51.75,52.779998779296875,50.52968215942383,24762000,0.0,0.0
2024-09-16,52.810001373291016,53.93000030517578,52.810001373291016,53.790000915527344,51.49662780761719,18066200,0.0,0.0
2024-09-17,53.970001220703125,55.06999969482422,53.970001220703125,54.5099983215332,52.1859245300293,15885200,0.0,0.0
2024-09-18,54.459999084472656,55.189998626708984,54.099998474121094,54.2599983215332,51.94657897949219,20109000,0.0,0.0
2024-09-19,55.0099983215332,56.0099983215332,54.650001525878906,55.79999923706055,53.420921325683594,21399000,0.0,0.0
2024-09-20,55.349998474121094,56.290000915527344,54.880001068115234,56.290000915527344,53.89003372192383,45276000,0.0,0.0
2024-09-23,56.2599983215332,56.52000045776367,54.900001525878906,55.11000061035156,52.76034164428711,14759300,0.0,0.0
2024-09-24,55.119998931884766,55.189998626708984,53.790000915527344,54.15999984741211,51.85084533691406,16365600,0.0,0.0
2024-09-25,54.279998779296875,54.33000183105469,53.40999984741211,53.61000061035156,51.32429122924805,10555700,0.0,0.0
2024-09-26,54.040000915527344,57.11000061035156,53.31999969482422,56.38999938964844,53.98576736450195,34463400,0.0,0.0
2024-09-27,56.619998931884766,56.619998931884766,55.79999923706055,55.900001525878906,53.51666259765625,13530400,0.0,0.0
2024-09-30,55.65999984741211,56.52000045776367,55.47999954223633,56.4900016784668,54.081504821777344,16284200,0.0,0.0
2024-10-01,56.0,56.029998779296875,55.20000076293945,55.38999938964844,53.028404235839844,11069400,0.0,0.0
2024-10-02,55.33000183105469,55.810001373291016,54.91999816894531,55.29999923706055,52.94224166870117,9007200,0.0,0.0
2024-10-03,55.08000183105469,55.209999084472656,54.40999984741211,54.97999954223633,52.63588333129883,8135300,0.0,0.0
2024-10-04,55.9900016784668,57.130001068115234,55.97999954223633,56.959999084472656,54.531463623046875,14582800,0.0,0.0
2024-10-07,57.22999954223633,57.630001068115234,56.79999923706055,57.15999984741211,54.72294235229492,11177800,0.0,0.0
2024-10-08,58.279998779296875,58.279998779296875,57.27000045776367,57.29999923706055,54.856971740722656,12073000,0.0,0.0
2024-10-09,57.31999969482422,57.72999954223633,57.06999969482422,57.540000915527344,55.08673858642578,12415300,0.0,0.0
2024-10-10,57.720001220703125,58.38999938964844,57.349998474121094,57.75,55.28778076171875,12744000,0.0,0.0
2024-10-11,59.959999084472656,61.720001220703125,59.91999816894531,60.9900016784668,58.389644622802734,37049200,0.0,0.0
2024-10-14,61.27000045776367,63.349998474121094,60.939998626708984,62.15999984741211,59.509761810302734,30758800,0.0,0.0
2024-10-15,62.90999984741211,63.81999969482422,62.22999954223633,63.029998779296875,60.34266662597656,24693400,0.0,0.0
2024-10-16,63.2400016784668,64.08000183105469,63.119998931884766,63.88999938964844,61.16599655151367,17412600,0.0,0.0
2024-10-17,64.48999786376953,64.72000122070312,63.5,64.37999725341797,61.63509750366211,15073500,0.0,0.0
2024-10-18,64.41000366210938,64.77999877929688,63.83000183105469,64.36000061035156,61.6159553527832,19234000,0.0,0.0
2024-10-21,64.4800033569336,64.69000244140625,63.91999816894531,64.0199966430664,61.290462493896484,15603400,0.0,0.0
2024-10-22,64.0199966430664,65.20999908447266,64.0,64.80999755859375,62.04676818847656,26164900,0.0,0.0
2024-10-23,64.7699966430664,65.05000305175781,63.86000061035156,64.55999755859375,61.80743408203125,18380900,0.0,0.0
2024-10-24,64.61000061035156,65.56999969482422,64.33000183105469,65.43000030517578,62.640342712402344,18393300,0.0,0.0
2024-10-25,65.8499984741211,65.94999694824219,64.25,64.52999877929688,61.778709411621094,14855500,0.0,0.0
2024-10-28,65.0,65.75,64.80999755859375,65.61000061035156,62.81266784667969,16158900,0.0,0.0
2024-10-29,65.48999786376953,66.0,65.23999786376953,65.30000305175781,62.51588821411133,13205500,0.0,0.0
2024-10-30,65.12999725341797,66.4000015258789,65.12999725341797,65.41000366210938,62.62120056152344,16021700,0.0,0.0
2024-10-31,65.0999984741211,65.75,64.62999725341797,64.91999816894531,62.15208053588867,12963200,0.0,0.0
2024-11-01,65.22000122070312,65.58000183105469,64.62000274658203,64.68000030517578,61.92231750488281,13313900,0.0,0.0
2024-11-04,64.55999755859375,64.6500015258789,63.04999923706055,63.70000076293945,60.98410415649414,12607400,0.0,0.0
2024-11-05,64.0,64.5,63.619998931884766,64.06999969482422,61.33832931518555,13447200,0.0,0.0
2024-11-06,73.30000305175781,74.2699966430664,69.94999694824219,72.47000122070312,69.38018798828125,63689100,0.0,0.0
2024-11-07,71.63999938964844,71.66999816894531,69.73999786376953,69.81999969482422,66.84317016601562,18681200,0.0,0.0
2024-11-08,70.01000213623047,70.12999725341797,69.36000061035156,70.04000091552734,67.4401626586914,14270900,0.4,0.0
2024-11-11,71.0199966430664,73.25,71.0199966430664,72.55999755859375,69.86660766601562,17117800,0.0,0.0
2024-11-12,72.77999877929688,73.37000274658203,72.11000061035156,72.5999984741211,69.90512084960938,17848200,0.0,0.0
2024-11-13,72.75,73.95999908447266,72.66000366210938,72.7699966430664,70.06881713867188,18823000,0.0,0.0
2024-11-14,72.8499984741211,73.47000122070312,72.51000213623047,72.80000305175781,70.09771728515625,13654800,0.0,0.0
2024-11-15,73.0,74.41000366210938,72.88999938964844,74.33999633789062,71.58053588867188,18837000,0.0,0.0
2024-11-18,74.5,74.69999694824219,73.72000122070312,74.08999633789062,71.3398208618164,18439600,0.0,0.0
2024-11-19,73.62000274658203,74.16000366210938,73.12999725341797,73.43000030517578,70.70431518554688,15412900,0.0,0.0
2024-11-20,73.66999816894531,73.77999877929688,72.43000030517578,73.58000183105469,70.84876251220703,14415400,0.0,0.0
2024-11-21,73.94000244140625,76.04000091552734,73.94000244140625,74.83000183105469,72.05236053466797,20068200,0.0,0.0
2024-11-22,74.56999969482422,76.08000183105469,74.55000305175781,75.95999908447266,73.14041137695312,14997400,0.0,0.0
2024-11-25,76.19999694824219,77.30999755859375,75.97000122070312,76.9000015258789,74.04552459716797,28636600,0.0,0.0
2024-11-26,77.5,78.12999725341797,76.36000061035156,77.3499984741211,74.47880554199219,19139100,0.0,0.0
2024-11-27,77.37000274658203,77.79000091552734,76.43000030517578,77.20999908447266,74.34400939941406,19793900,0.0,0.0
2024-11-29,77.69000244140625,78.04000091552734,76.13999938964844,76.16999816894531,73.34261322021484,9785000,0.0,0.0
2024-12-02,76.94999694824219,76.94999694824219,74.80000305175781,75.27999877929688,72.48564147949219,18274500,0.0,0.0
2024-12-03,75.80999755859375,75.8499984741211,74.0199966430664,74.13999938964844,71.38796997070312,15047900,0.0,0.0
2024-12-04,74.05000305175781,74.25,72.70999908447266,73.05999755859375,70.34806060791016,14301100,0.0,0.0
2024-12-05,73.4000015258789,74.61000061035156,73.0999984741211,73.66000366210938,70.92578125,17766700,0.0,0.0
2024-12-06,73.98999786376953,74.72000122070312,73.7300033569336,74.33000183105469,71.57090759277344,14798100,0.0,0.0
2024-12-09,74.30999755859375,74.55000305175781,72.41999816894531,72.62000274658203,69.92439270019531,15517500,0.0,0.0
2024-12-10,73.5,73.5,71.9000015258789,72.05000305175781,69.37554168701172,12277100,0.0,0.0
2024-12-11,72.58999633789062,72.91999816894531,71.44999694824219,71.5999984741211,68.94224548339844,11867400,0.0,0.0
2024-12-12,71.87999725341797,72.05999755859375,70.79000091552734,70.80000305175781,68.17194366455078,12446700,0.0,0.0
2024-12-13,70.8499984741211,71.05000305175781,70.0199966430664,70.44000244140625,67.82530975341797,16794500,0.0,0.0
2024-12-16,70.47000122070312,72.29000091552734,69.81999969482422,71.9800033569336,69.30815124511719,24602500,0.0,0.0
2024-12-17,71.05000305175781,71.54000091552734,70.37999725341797,70.80999755859375,68.18156433105469,15595900,0.0,0.0
2024-12-18,70.61000061035156,71.5,68.61000061035156,68.76000213623047,66.20767211914062,21201200,0.0,0.0
2024-12-19,69.4000015258789,70.69000244140625,68.66999816894531,68.8499984741211,66.29434204101562,16444600,0.0,0.0
2024-12-20,69.16999816894531,71.04000091552734,68.7699966430664,70.33999633789062,67.72901916503906,50113400,0.0,0.0
2024-12-23,69.72000122070312,70.69000244140625,69.62000274658203,70.54000091552734,67.92159271240234,11817000,0.0,0.0
2024-12-24,70.66999816894531,71.58999633789062,70.54000091552734,71.58999633789062,68.93260955810547,4442700,0.0,0.0
2024-12-26,71.43000030517578,71.83999633789062,71.11000061035156,71.76000213623047,69.09630584716797,6964300,0.0,0.0
2024-12-27,71.18000030517578,71.73999786376953,70.62999725341797,71.11000061035156,68.47044372558594,7219500,0.0,0.0
2024-12-30,70.41000366210938,70.80000305175781,69.7699966430664,70.41000366210938,67.79641723632812,8443800,0.0,0.0
2024-12-31,70.52999877929688,70.91999816894531,70.05999755859375,70.23999786376953,67.63274383544922,7031500,0.0,0.0
2025-01-02,70.4800033569336,71.20999908447266,69.76000213623047,70.19000244140625,67.5845947265625,8303300,0.0,0.0
2025-01-03,70.3499984741211,71.41999816894531,69.73999786376953,71.30999755859375,68.66300201416016,9152800,0.0,0.0
2025-01-06,71.93000030517578,73.25,71.52999877929688,72.02999877929688,69.35629272460938,15565600,0.0,0.0
2025-01-07,72.97000122070312,73.12999725341797,71.51000213623047,71.58999633789062,68.93260955810547,13522000,0.0,0.0
2025-01-08,71.51000213623047,72.08000183105469,71.05999755859375,71.56999969482422,68.91336059570312,16544700,0.0,0.0
2025-01-10,70.9000015258789,70.93000030517578,69.33999633789062,69.95999908447266,67.36312866210938,14466600,0.0,0.0
2025-01-13,69.9000015258789,70.61000061035156,69.55999755859375,70.52999877929688,67.9119644165039,10439800,0.0,0.0
2025-01-14,71.45999908447266,71.45999908447266,70.29000091552734,71.19000244140625,68.54747009277344,21909800,0.0,0.0
2025-01-15,75.36000061035156,76.81999969482422,73.6500015258789,75.94999694824219,73.13077545166016,33482900,0.0,0.0
2025-01-16,75.8499984741211,76.44000244140625,74.69000244140625,75.94999694824219,73.13077545166016,22897900,0.0,0.0
2025-01-17,75.9800033569336,77.25,75.5,77.08000183105469,74.21883392333984,20673700,0.0,0.0
2025-01-21,77.69000244140625,78.29000091552734,77.33000183105469,77.8499984741211,74.96025085449219,21057700,0.0,0.0
2025-01-22,77.56999969482422,77.80999755859375,76.86000061035156,77.54000091552734,74.6617660522461,11669500,0.0,0.0
2025-01-23,77.70999908447266,78.30000305175781,77.02999877929688,77.43000030517578,74.55583953857422,12981800,0.0,0.0
2025-01-24,77.0,77.6500015258789,77.0,77.31999969482422,74.4499282836914,10393200,0.0,0.0
2025-01-27,77.4000015258789,78.04000091552734,76.88999938964844,77.94000244140625,75.04691314697266,10637100,0.0,0.0
2025-01-28,77.87000274658203,78.1500015258789,77.16999816894531,77.87999725341797,74.98912811279297,11562000,0.0,0.0
2025-01-29,77.75,78.9800033569336,77.61000061035156,78.37000274658203,75.46095275878906,9175400,0.0,0.0
2025-01-30,79.1500015258789,79.23999786376953,78.08000183105469,78.81999969482422,75.89424133300781,11276000,0.0,0.0
2025-01-31,78.69000244140625,79.29000091552734,78.30999755859375,78.80000305175781,75.87498474121094,14980600,0.0,0.0
2025-02-03,77.2300033569336,78.51000213623047,77.0199966430664,78.13999938964844,75.23948669433594,12395200,0.0,0.0
2025-02-04,79.83999633789062,79.8499984741211,78.44000244140625,79.47000122070312,76.5201187133789,14665200,0.0,0.0
2025-02-05,79.66000366210938,80.3499984741211,79.18000030517578,80.05000305175781,77.0785903930664,17931000,0.0,0.0
2025-02-06,80.5,81.5,79.91000366210938,81.41999816894531,78.39773559570312,16988900,0.0,0.0
2025-02-07,81.2699966430664,81.30000305175781,79.08999633789062,80.66999816894531,78.05907440185547,17951400,0.4,0.0
2025-02-10,80.45999908447266,80.56999969482422,78.25,79.0999984741211,76.53987884521484,18357400,0.0,0.0
2025-02-11,78.7699966430664,79.97000122070312,77.80999755859375,79.63999938964844,77.0624008178711,16682800,0.0,0.0
2025-02-12,79.19999694824219,79.72000122070312,78.83000183105469,79.25,76.68502044677734,13440500,0.0,0.0
2025-02-13,79.43000030517578,79.66000366210938,78.61000061035156,78.8499984741211,76.2979736328125,10093400,0.0,0.0
2025-02-14,79.2300033569336,80.33999633789062,78.88999938964844,79.9800033569336,77.39141082763672,17521300,0.0,0.0
2025-02-18,79.98999786376953,80.94999694824219,79.48999786376953,80.77999877929688,78.1655044555664,15318300,0.0,0.0
2025-02-19,80.31999969482422,80.6500015258789,79.97000122070312,80.3499984741211,77.7494125366211,13917400,0.0,0.0
2025-02-20,80.11000061035156,80.27999877929688,78.0199966430664,78.62999725341797,76.08509063720703,14807100,0.0,0.0
2025-02-21,78.91000366210938,79.44999694824219,77.33000183105469,77.5,74.99166107177734,18205400,0.0,0.0
2025-02-24,77.97000122070312,78.5199966430664,76.41000366210938,77.22000122070312,74.72071838378906,12989700,0.0,0.0
2025-02-25,77.87000274658203,78.04000091552734,74.93000030517578,76.0,73.54020690917969,15683000,0.0,0.0
2025-02-26,76.3499984741211,77.7699966430664,76.2699966430664,76.44999694824219,73.97563934326172,13466800,0.0,0.0
2025-02-27,76.98999786376953,77.91999816894531,76.37999725341797,76.62000274658203,74.14015197753906,13744400,0.0,0.0
2025-02-28,77.04000091552734,78.41999816894531,76.58999633789062,78.31999969482422,75.78511810302734,24698800,0.0,0.0
2025-03-03,78.86000061035156,78.9800033569336,76.31999969482422,77.02999877929688,74.53687286376953,18013400,0.0,0.0
2025-03-04,75.47000122070312,75.6500015258789,71.33999633789062,73.30000305175781,70.92759704589844,28858200,0.0,0.0
2025-03-05,73.20999908447266,74.62999725341797,72.44000244140625,74.16000366210938,71.759765625,20422000,0.0,0.0
2025-03-06,73.79000091552734,73.88999938964844,71.62999725341797,72.6500015258789,70.29863739013672,19460400,0.0,0.0
2025-03-07,72.25,72.25,68.0999984741211,71.05000305175781,68.75042724609375,21256900,0.0,0.0
2025-03-10,69.55000305175781,69.55000305175781,65.5199966430664,66.77999877929688,64.61862182617188,27582900,0.0,0.0
2025-03-11,66.83000183105469,68.01000213623047,65.79000091552734,67.27999877929688,65.10243225097656,24310700,0.0,0.0
2025-03-12,68.80000305175781,69.48999786376953,67.69999694824219,68.93000030517578,66.69904327392578,18462300,0.0,0.0
2025-03-13,69.62999725341797,69.72000122070312,68.30999755859375,68.45999908447266,66.24424743652344,17471500,0.0,0.0
2025-03-14,69.45999908447266,71.06999969482422,69.25,70.8499984741211,68.55689239501953,15762300,0.0,0.0
2025-03-17,70.47000122070312,71.55999755859375,70.08000183105469,70.83999633789062,68.54722595214844,11185000,0.0,0.0
2025-03-18,71.01000213623047,71.4800033569336,70.38999938964844,71.11000061035156,68.8084945678711,11102100,0.0,0.0
2025-03-19,71.13999938964844,73.83000183105469,70.83000183105469,72.76000213623047,70.40508270263672,14453200,0.0,0.0
2025-03-20,71.83999633789062,73.37000274658203,71.77999877929688,72.5199966430664,70.1728515625,12388300,0.0,0.0
2025-03-21,71.95999908447266,72.77999877929688,71.1500015258789,72.5199966430664,70.1728515625,32647100,0.0,0.0
2025-03-24,73.63999938964844,74.52999877929688,73.33999633789062,74.27999877929688,71.8758773803711,10688900,0.0,0.0
2025-03-25,74.47000122070312,74.66000366210938,73.83000183105469,74.23999786376953,71.8371810913086,9499100,0.0,0.0
2025-03-26,74.38999938964844,75.37999725341797,73.12000274658203,73.47000122070312,71.09210205078125,10848100,0.0,0.0
2025-03-27,73.56999969482422,73.56999969482422,72.22000122070312,72.27999877929688,69.94061279296875,10457600,0.0,0.0
2025-03-28,72.2699966430664,72.55000305175781,69.94999694824219,70.69000244140625,68.4020767211914,13555200,0.0,0.0
2025-03-31,69.9000015258789,72.06999969482422,69.55999755859375,71.79000091552734,69.46647644042969,14855300,0.0,0.0
2025-04-01,70.83999633789062,71.62999725341797,70.11000061035156,71.30999755859375,69.00200653076172,10661000,0.0,0.0
2025-04-02,70.55999755859375,72.47000122070312,70.22000122070312,72.26000213623047,69.92125701904297,8854100,0.0,0.0
2025-04-03,67.77999877929688,68.72000122070312,65.41000366210938,65.66999816894531,63.54454803466797,25880300,0.0,0.0
2025-04-04,62.75,63.56999969482422,59.709999084472656,60.97999954223633,59.006343841552734,31050800,0.0,0.0
2025-04-07,60.689998626708984,64.33000183105469,58.41999816894531,62.16999816894531,60.1578254699707,41305800,0.0,0.0
2025-04-08,64.69000244140625,65.62999725341797,60.880001068115234,62.08000183105469,60.070743560791016,27374200,0.0,0.0
2025-04-09,60.63999938964844,67.19000244140625,59.43000030517578,66.33000183105469,64.18319702148438,42744800,0.0,0.0
2025-04-10,64.94999694824219,65.0,61.4900016784668,63.11000061035156,61.067405700683594,29026000,0.0,0.0
2025-04-11,61.540000915527344,63.619998931884766,59.650001525878906,62.5099983215332,60.48682403564453,33867000,0.0,0.0
2025-04-14,63.15999984741211,64.01000213623047,62.400001525878906,63.099998474121094,61.0577278137207,28057800,0.0,0.0
2025-04-15,63.439998626708984,65.41999816894531,63.29999923706055,64.54000091552734,62.45111846923828,20903300,0.0,0.0
2025-04-16,63.88999938964844,64.9800033569336,63.369998931884766,63.97999954223633,61.909244537353516,17351000,0.0,0.0
2025-04-17,64.37999725341797,65.70999908447266,64.06999969482422,64.70999908447266,62.61561965942383,18961800,0.0,0.0
2025-04-21,64.19999694824219,65.16000366210938,63.400001525878906,64.01000213623047,61.93827438354492,17859100,0.0,0.0
2025-04-22,64.70999908447266,66.41000366210938,64.70999908447266,66.2300033569336,64.08642578125,17536600,0.0,0.0
2025-04-23,67.44000244140625,69.5,67.44000244140625,67.94000244140625,65.74108123779297,20678800,0.0,0.0
2025-04-24,67.69999694824219,69.8499984741211,67.5,69.55999755859375,67.30863952636719,18420900,0.0,0.0
2025-04-25,69.06999969482422,70.19000244140625,69.0,69.7300033569336,67.47314453125,17775900,0.0,0.0
2025-04-28,69.80999755859375,70.55999755859375,68.66999816894531,69.43000030517578,67.18286895751953,16694100,0.0,0.0
2025-04-29,68.94999694824219,71.33999633789062,68.94999694824219,71.0999984741211,68.7988052368164,24563600,0.0,0.0
2025-04-30,69.66999816894531,71.41000366210938,69.33000183105469,71.01000213623047,68.71172332763672,23953000,0.0,0.0
2025-05-01,70.76000213623047,72.47000122070312,70.43000030517578,71.80999755859375,69.48583221435547,19672500,0.0,0.0
2025-05-02,73.0,74.16000366210938,72.87000274658203,73.80000305175781,71.41141510009766,18347400,0.0,0.0
2025-05-05,73.3499984741211,74.88999938964844,73.04000091552734,73.8499984741211,71.45980072021484,16070400,0.0,0.0
2025-05-06,73.13999938964844,74.19000244140625,72.55999755859375,73.4800033569336,71.10177612304688,18095100,0.0,0.0
2025-05-07,73.5999984741211,74.30000305175781,72.9800033569336,73.18000030517578,70.81147766113281,14310300,0.0,0.0
2025-05-08,73.69000244140625,73.98999786376953,72.62999725341797,73.30999755859375,70.9372787475586,19957500,0.0,0.0
2025-05-09,73.13999938964844,73.23999786376953,72.02999877929688,72.44999694824219,70.48971557617188,11136900,0.4,0.0
2025-05-12,74.98999786376953,75.25,74.06999969482422,74.87999725341797,72.85396575927734,20425500,0.0,0.0
2025-05-13,75.44000244140625,76.58000183105469,74.97000122070312,75.98999786376953,73.9339370727539,13635100,0.0,0.0
2025-05-14,76.23999786376953,76.48999786376953,75.83000183105469,76.27999877929688,74.2160873413086,14067100,0.0,0.0
2025-05-15,76.05999755859375,76.5199966430664,75.31999969482422,75.58999633789062,73.54475402832031,15303900,0.0,0.0
2025-05-16,75.55999755859375,76.3499984741211,75.37000274658203,76.18000030517578,74.1187973022461,13864600,0.0,0.0
2025-05-19,75.5999984741211,76.41000366210938,75.43000030517578,76.05999755859375,74.0020523071289,12720500,0.0,0.0
2025-05-20,75.4800033569336,75.87000274658203,75.06999969482422,75.5199966430664,73.47664642333984,10655600,0.0,0.0
2025-05-21,74.94000244140625,75.12999725341797,73.08999633789062,73.19000244140625,71.20970153808594,17711300,0.0,0.0
2025-05-22,73.13999938964844,73.88999938964844,72.4800033569336,73.38999938964844,71.40428924560547,9717000,0.0,0.0
2025-05-23,71.9000015258789,73.19000244140625,71.9000015258789,72.83000183105469,70.85944366455078,9260900,0.0,0.0
2025-05-27,73.61000061035156,74.08999633789062,73.05000305175781,73.98999786376953,71.98805236816406,11014100,0.0,0.0
2025-05-28,74.19999694824219,74.36000061035156,73.33000183105469,73.7300033569336,71.7350845336914,8711100,0.0,0.0
2025-05-29,74.41000366210938,75.08000183105469,73.33000183105469,74.51000213623047,72.49398803710938,14016600,0.0,0.0
2025-05-30,74.19999694824219,74.80000305175781,73.7300033569336,74.77999877929688,72.75667572021484,17042000,0.0,0.0
2025-06-02,74.26000213623047,74.75,73.2699966430664,74.72000122070312,72.69830322265625,11237500,0.0,0.0
2025-06-03,74.72000122070312,75.83000183105469,74.37000274658203,75.6500015258789,73.60314178466797,13193500,0.0,0.0
2025-06-04,77.69999694824219,78.80000305175781,75.37999725341797,75.37999725341797,73.34043884277344,29578000,0.0,0.0
2025-06-05,75.61000061035156,75.76000213623047,74.18000030517578,74.9000015258789,72.87342834472656,20138400,0.0,0.0
2025-06-06,76.1500015258789,76.76000213623047,75.83000183105469,76.33000183105469,74.26473999023438,10988000,0.0,0.0
2025-06-09,76.55000305175781,76.69999694824219,75.93000030517578,76.45999908447266,74.39122009277344,13453200,0.0,0.0
2025-06-10,76.16000366210938,76.3499984741211,75.12999725341797,75.44999694824219,73.40853881835938,14892900,0.0,0.0
2025-06-11,75.54000091552734,75.72000122070312,74.56999969482422,74.93000030517578,72.90262603759766,16442400,0.0,0.0
2025-06-12,74.33000183105469,74.5199966430664,73.16999816894531,74.01000213623047,72.00751495361328,14522500,0.0,0.0
2025-06-13,72.91999816894531,73.79000091552734,71.93000030517578,72.36000061035156,70.40215301513672,21168300,0.0,0.0
2025-06-16,73.4000015258789,73.72000122070312,72.93000030517578,73.1500015258789,71.1707763671875,16231500,0.0,0.0
2025-06-17,72.77999877929688,73.20999908447266,72.30000305175781,72.5,70.53836822509766,14156800,0.0,0.0
2025-06-18,72.6500015258789,75.13999938964844,72.56999969482422,74.73999786376953,72.71775817871094,23498300,0.0,0.0
2025-06-20,75.23999786376953,75.77999877929688,75.06999969482422,75.4000015258789,73.35990905761719,27677500,0.0,0.0
2025-06-23,75.12999725341797,77.02999877929688,74.81999969482422,77.01000213623047,74.92633819580078,17375700,0.0,0.0
2025-06-24,77.72000122070312,78.75,77.72000122070312,78.11000061035156,75.99656677246094,16342300,0.0,0.0
2025-06-25,78.27999877929688,79.30999755859375,77.98999786376953,79.06999969482422,76.93060302734375,13954500,0.0,0.0
2025-06-26,79.44000244140625,80.0999984741211,79.19000244140625,79.95999908447266,77.79651641845703,18214800,0.0,0.0
2025-06-27,80.0,80.1500015258789,78.95999908447266,79.5,77.34896850585938,21324200,0.0,0.0
2025-06-30,80.4800033569336,81.0999984741211,79.91000366210938,80.12000274658203,77.95219421386719,21685800,0.0,0.0
2025-07-01,80.05000305175781,81.51000213623047,79.91000366210938,81.48999786376953,79.28512573242188,20967100,0.0,0.0
2025-07-02,81.91999816894531,82.4000015258789,81.25,82.36000061035156,80.13158416748047,15195100,0.0,0.0
2025-07-03,82.63999938964844,83.94999694824219,82.5,83.5999984741211,81.3380355834961,11237300,0.0,0.0
2025-07-07,82.97000122070312,83.58999633789062,81.5,82.33999633789062,80.11212158203125,18156000,0.0,0.0
2025-07-08,82.30000305175781,82.41999816894531,81.02999877929688,81.58999633789062,79.38241577148438,18303400,0.0,0.0
2025-07-09,82.43000030517578,82.5199966430664,81.45999908447266,81.79000091552734,79.57701110839844,16135400,0.0,0.0
2025-07-10,81.61000061035156,82.73999786376953,81.61000061035156,82.36000061035156,80.13158416748047,14348100,0.0,0.0
2025-07-11,81.75,82.68000030517578,81.43000030517578,82.55000305175781,80.31645202636719,12583100,0.0,0.0
2025-07-14,82.19999694824219,83.5199966430664,82.12000274658203,83.43000030517578,81.1726303100586,20194200,0.0,0.0
2025-07-15,80.75,81.08000183105469,77.72000122070312,78.86000061035156,76.72628784179688,53938000,0.0,0.0
2025-07-16,78.88999938964844,80.08000183105469,78.20999908447266,79.91000366210938,77.74788665771484,30567500,0.0,0.0
2025-07-17,79.45999908447266,80.6500015258789,79.0999984741211,79.70999908447266,77.55329132080078,21837600,0.0,0.0
2025-07-18,79.8499984741211,80.7699966430664,78.87999725341797,80.63999938964844,78.4581298828125,21236000,0.0,0.0
2025-07-21,80.75,81.45999908447266,80.16999816894531,80.27999877929688,78.10785675048828,14506600,0.0,0.0
2025-07-22,80.27999877929688,82.58999633789062,80.27999877929688,82.37999725341797,80.15103912353516,22437000,0.0,0.0
2025-07-23,83.0,83.93000030517578,82.61000061035156,83.69999694824219,81.43533325195312,19379200,0.0,0.0
2025-07-24,83.83999633789062,84.83000183105469,83.12000274658203,83.87000274658203,81.6007308959961,19031200,0.0,0.0
2025-07-25,84.12000274658203,84.45999908447266,83.2300033569336,84.31999969482422,82.03855895996094,14072400,0.0,0.0
2025-07-28,84.31999969482422,84.5,82.70999908447266,83.06999969482422,80.82238006591797,10627100,0.0,0.0
2025-07-29,83.62999725341797,83.69999694824219,82.19999694824219,82.6500015258789,80.41374206542969,12478200,0.0,0.0
2025-07-30,82.98999786376953,83.08999633789062,81.30999755859375,81.77999877929688,79.56727600097656,15579100,0.0,0.0
2025-07-31,81.3499984741211,81.93000030517578,80.33000183105469,80.62999725341797,78.44839477539062,14813900,0.0,0.0
2025-08-01,79.19000244140625,79.3499984741211,77.4000015258789,77.77999877929688,75.67549896240234,16071300,0.0,0.0
2025-08-04,78.5199966430664,78.52999877929688,76.91000366210938,77.58000183105469,75.48092651367188,13892100,0.0,0.0
2025-08-05,78.33999633789062,78.3499984741211,76.16000366210938,77.95999908447266,75.85063171386719,15765100,0.0,0.0
2025-08-06,77.91000366210938,78.81999969482422,77.55999755859375,77.61000061035156,75.51010131835938,14157000,0.0,0.0
2025-08-07,78.27999877929688,78.30000305175781,76.77999877929688,77.05000305175781,74.96525573730469,13105600,0.0,0.0
2025-08-08,77.11000061035156,78.18000030517578,76.3499984741211,77.8499984741211,76.18858337402344,14123000,0.45,0.0
2025-08-11,78.01000213623047,78.08999633789062,77.2300033569336,77.58999633789062,75.93412780761719,14408100,0.0,0.0
2025-08-12,78.22000122070312,79.55999755859375,78.1500015258789,79.4800033569336,77.78379821777344,14365200,0.0,0.0
2025-08-13,79.68000030517578,79.72000122070312,77.0999984741211,77.88999938964844,76.22772979736328,14415100,0.0,0.0
2025-08-14,78.27999877929688,79.58000183105469,77.70999908447266,79.41000366210938,77.71529388427734,16051500,0.0,0.0
2025-08-15,79.54000091552734,79.6500015258789,77.01000213623047,77.0999984741211,75.45458221435547,15380400,0.0,0.0
2025-08-18,76.98999786376953,77.5999984741211,76.91000366210938,77.44000244140625,75.78733825683594,11660900,0.0,0.0
2025-08-19,77.16000366210938,77.7699966430664,77.02999877929688,77.52999877929688,75.87541198730469,10118500,0.0,0.0
2025-08-20,77.47000122070312,78.4800033569336,76.58999633789062,78.16000366210938,76.4919662475586,12101900,0.0,0.0
2025-08-21,77.87999725341797,78.06999969482422,77.08000183105469,77.83000183105469,76.16901397705078,9102700,0.0,0.0
2025-08-22,78.33999633789062,79.30999755859375,78.12999725341797,79.0999984741211,77.41191101074219,11282600,0.0,0.0
2025-08-25,78.87999725341797,80.5,78.87000274658203,80.19000244140625,78.47864532470703,12017000,0.0,0.0
2025-08-26,79.81999969482422,81.62999725341797,79.77999877929688,81.51000213623047,79.77046966552734,14936600,0.0,0.0
2025-08-27,81.26000213623047,83.20999908447266,81.23999786376953,82.5,80.73934936523438,15567700,0.0,0.0
2025-08-28,82.87999725341797,83.12999725341797,81.91999816894531,81.9800033569336,80.2304458618164,13963200,0.0,0.0
2025-08-29,81.97000122070312,82.80999755859375,81.80000305175781,82.18000030517578,80.4261703491211,12041200,0.0,0.0
2025-09-02,81.70999908447266,81.81999969482422,80.44000244140625,81.77999877929688,80.03470611572266,13326000,0.0,0.0
2025-09-03,81.7300033569336,82.01000213623047,80.0199966430664,80.51000213623047,78.79181671142578,11174000,0.0,0.0
2025-09-04,80.75,82.12999725341797,80.22000122070312,81.83000183105469,80.0836410522461,10822300,0.0,0.0
2025-09-05,81.63999938964844,82.0199966430664,78.69999694824219,78.95999908447266,77.27488708496094,20661400,0.0,0.0
2025-09-08,78.98999786376953,79.79000091552734,78.55999755859375,79.13999938964844,77.4510498046875,17107000,0.0,0.0
2025-09-09,79.30999755859375,81.45999908447266,79.0,80.76000213623047,79.0364761352539,17157300,0.0,0.0
2025-09-10,80.66000366210938,81.23999786376953,79.91000366210938,80.30000305175781,78.58629608154297,16460200,0.0,0.0
2025-09-11,80.19999694824219,81.38999938964844,79.77999877929688,81.25,79.51602172851562,17785800,0.0,0.0
2025-09-12,81.0999984741211,81.63999938964844,80.79000091552734,81.45999908447266,79.72154235839844,10498300,0.0,0.0
2025-09-15,81.61000061035156,81.81999969482422,81.12999725341797,81.41000366210938,79.672607421875,9563200,0.0,0.0
2025-09-16,81.55999755859375,81.61000061035156,80.08000183105469,81.38999938964844,79.65303039550781,10705900,0.0,0.0
2025-09-17,81.22000122070312,82.72000122070312,80.54000091552734,82.4800033569336,80.71977996826172,14746100,0.0,0.0
2025-09-18,82.56999969482422,83.5199966430664,81.94000244140625,83.5,81.71800231933594,13021100,0.0,0.0
2025-09-19,83.83000183105469,84.93000030517578,82.93000030517578,84.63999938964844,82.83367919921875,36482400,0.0,0.0
2025-09-22,83.87999725341797,85.27999877929688,83.73999786376953,85.16000366210938,83.34257507324219,14545000,0.0,0.0
2025-09-23,85.1500015258789,86.66000366210938,83.66999816894531,84.37000274658203,82.56944274902344,14818500,0.0,0.0
2025-09-24,84.6500015258789,85.37000274658203,83.66000366210938,84.11000061035156,82.31498718261719,9478700,0.0,0.0
2025-09-25,83.69000244140625,84.66000366210938,83.55999755859375,84.31999969482422,82.5205078125,8514900,0.0,0.0
2025-09-26,84.69000244140625,85.63999938964844,84.55999755859375,85.01000213623047,83.1957778930664,8502600,0.0,0.0
2025-09-29,84.69999694824219,85.19000244140625,84.04000091552734,84.6500015258789,82.84346008300781,9833700,0.0,0.0
2025-09-30,84.66000366210938,85.12000274658203,82.66000366210938,83.81999969482422,82.03117370605469,11429000,0.0,0.0
2025-10-01,83.0999984741211,83.5999984741211,80.7699966430664,80.87000274658203,79.14412689208984,16961900,0.0,0.0
2025-10-02,80.69999694824219,81.05000305175781,80.04000091552734,80.5,78.78202819824219,11420000,0.0,0.0
2025-10-03,81.0199966430664,81.69000244140625,80.44000244140625,80.66999816894531,78.94840240478516,10124900,0.0,0.0
2025-10-06,80.55999755859375,81.45999908447266,79.56999969482422,80.69000244140625,78.96797180175781,12837700,0.0,0.0
2025-10-07,80.87000274658203,81.36000061035156,80.54000091552734,81.13999938964844,79.40836334228516,10371300,0.0,0.0
2025-10-08,81.26000213623047,81.33000183105469,79.54000091552734,79.7300033569336,78.02845764160156,11277400,0.0,0.0
2025-10-09,79.91000366210938,80.75,79.41999816894531,79.88999938964844,78.1850357055664,8432200,0.0,0.0
2025-10-10,79.61000061035156,80.44000244140625,77.62000274658203,77.62000274658203,75.96349334716797,16004300,0.0,0.0
2025-10-13,78.73999786376953,79.2300033569336,78.27999877929688,78.91999816894531,77.2357406616211,14229300,0.0,0.0
2025-10-14,82.5199966430664,86.05999755859375,80.38999938964844,84.55999755859375,82.75537109375,36260600,0.0,0.0
2025-10-15,85.16999816894531,87.47000122070312,85.16000366210938,86.45999908447266,84.61483764648438,22909400,0.0,0.0
2025-10-16,86.98999786376953,87.43000030517578,83.0,84.0,82.20732879638672,22715600,0.0,0.0
2025-10-17,84.44999694824219,84.52999877929688,82.30999755859375,83.27999877929688,81.50270080566406,18799000,0.0,0.0
2025-10-20,83.62000274658203,86.13999938964844,83.08999633789062,86.0199966430664,84.1842269897461,15777200,0.0,0.0
2025-10-21,86.12000274658203,87.30999755859375,84.66000366210938,84.76000213623047,82.95112609863281,20101100,0.0,0.0
2025-10-22,85.1500015258789,85.16000366210938,83.13999938964844,83.87999725341797,82.08989715576172,18955000,0.0,0.0
2025-10-23,84.30999755859375,85.4800033569336,83.75,84.45999908447266,82.65751647949219,14157800,0.0,0.0
2025-10-24,84.80000305175781,86.87999725341797,84.76000213623047,86.41000366210938,84.56590270996094,14011400,0.0,0.0
2025-10-27,86.9000015258789,87.33999633789062,86.30999755859375,87.01000213623047,85.1530990600586,11682000,0.0,0.0
2025-10-28,87.05999755859375,87.30000305175781,85.77999877929688,86.9000015258789,85.04544067382812,13201000,0.0,0.0
2025-10-29,86.81999969482422,87.23999786376953,85.66999816894531,86.0,84.1646499633789,16444400,0.0,0.0
2025-10-30,86.08000183105469,87.26000213623047,85.87999725341797,85.98999786376953,84.15486145019531,14830000,0.0,0.0
2025-10-31,85.4800033569336,87.3499984741211,85.01000213623047,86.97000122070312,85.11394500732422,14776700,0.0,0.0
2025-11-03,87.13999938964844,87.88999938964844,85.8499984741211,87.30000305175781,85.43690490722656,12769300,0.0,0.0
2025-11-04,87.0,88.5,85.87999725341797,87.12999725341797,85.2705307006836,16737700,0.0,0.0
2025-11-05,87.37999725341797,88.30000305175781,85.91000366210938,86.94999694824219,85.09437561035156,15609400,0.0,0.0
2025-11-06,86.9000015258789,87.33999633789062,85.5199966430664,86.04000091552734,84.20379638671875,16800200,0.0,0.0
2025-11-07,85.11000061035156,86.08999633789062,84.04000091552734,86.04000091552734,84.6465072631836,15612100,0.45,0.0
2025-11-10,86.29000091552734,87.0,85.44999694824219,86.0999984741211,84.70553588867188,13138200,0.0,0.0
2025-11-11,86.11000061035156,87.05999755859375,86.05000305175781,86.19000244140625,84.7940902709961,13851500,0.0,0.0
2025-11-12,86.30999755859375,88.63999938964844,85.94000244140625,86.26000213623047,84.86294555664062,16775200,0.0,0.0
2025-11-13,86.16000366210938,86.88999938964844,84.47000122070312,84.69999694824219,83.32820892333984,15708000,0.0,0.0
2025-11-14,84.44999694824219,85.3499984741211,82.95999908447266,85.05000305175781,83.67254638671875,15397300,0.0,0.0
2025-11-17,84.69000244140625,85.05000305175781,82.54000091552734,83.41999816894531,82.06893920898438,14457100,0.0,0.0
2025-11-18,83.41999816894531,84.76000213623047,82.93000030517578,83.86000061035156,82.50181579589844,14233900,0.0,0.0
2025-11-19,83.9800033569336,84.81999969482422,83.61000061035156,84.16000366210938,82.79695892333984,10959600,0.0,0.0
2025-11-20,85.05999755859375,86.04000091552734,82.31999969482422,82.4000015258789,81.06546020507812,12135800,0.0,0.0
2025-11-21,82.7699966430664,83.62999725341797,81.05000305175781,83.11000061035156,81.76396179199219,16169500,0.0,0.0
2025-11-24,83.08999633789062,85.08999633789062,82.41000366210938,84.66000366210938,83.28886413574219,27574500,0.0,0.0
2025-11-25,84.52999877929688,85.54000091552734,83.61000061035156,85.0999984741211,83.72172546386719,12966400,0.0,0.0
2025-11-26,85.41999816894531,86.38999938964844,85.12999725341797,85.55999755859375,84.17427825927734,9304300,0.0,0.0
2025-11-28,85.63999938964844,86.5199966430664,85.30999755859375,85.8499984741211,84.45957946777344,6545000,0.0,0.0
2025-12-01,85.83000183105469,86.55999755859375,85.16999816894531,85.4000015258789,84.01687622070312,9794000,0.0,0.0
2025-12-02,85.69000244140625,86.79000091552734,85.27999877929688,86.31999969482422,84.9219741821289,9484000,0.0,0.0
2025-12-03,86.26000213623047,89.38999938964844,86.26000213623047,89.3499984741211,87.90289306640625,14439300,0.0,0.0
2025-12-04,89.4000015258789,90.62999725341797,89.31999969482422,90.20999908447266,88.74897003173828,13433000,0.0,0.0
2025-12-05,89.98999786376953,91.11000061035156,89.55000305175781,89.83000183105469,88.3751220703125,11210900,0.0,0.0
2025-12-08,89.83000183105469,91.0199966430664,89.1500015258789,90.05999755859375,88.60140228271484,13267300,0.0,0.0
2025-12-09,90.23999786376953,90.25,88.77999877929688,88.88999938964844,87.45035552978516,17101700,0.0,0.0
2025-12-10,88.94000244140625,90.87000274658203,88.19000244140625,90.69000244140625,89.22119903564453,22729100,0.0,0.0
2025-12-11,90.54000091552734,93.41999816894531,90.22000122070312,92.58999633789062,91.09041595458984,15505100,0.0,0.0
2025-12-12,93.12000274658203,93.41999816894531,92.12000274658203,92.76000213623047,91.25767517089844,12532800,0.0,0.0
2025-12-15,93.58000183105469,94.26000213623047,92.48999786376953,92.9000015258789,91.3954086303711,13885200,0.0,0.0
2025-12-16,93.08000183105469,93.16999816894531,91.43000030517578,92.19000244140625,90.6968994140625,12981100,0.0,0.0
2025-12-17,92.76000213623047,93.33000183105469,92.47000122070312,92.58999633789062,91.09041595458984,14819000,0.0,0.0
2025-12-18,93.02999877929688,93.88999938964844,91.29000091552734,91.4800033569336,89.9984130859375,11844100,0.0,0.0
2025-12-19,91.61000061035156,93.12999725341797,91.5999984741211,93.01000213623047,91.50363159179688,37783900,0.0,0.0
2025-12-22,93.19999694824219,94.38999938964844,93.05000305175781,94.27999877929688,92.7530517578125,9512300,0.0,0.0
2025-12-23,94.23999786376953,94.68000030517578,94.02999877929688,94.47000122070312,92.93997955322266,8642100,0.0,0.0
2025-12-24,94.6500015258789,95.8499984741211,94.47000122070312,95.30000305175781,93.75653076171875,5506800,0.0,0.0
2025-12-26,95.36000061035156,95.47000122070312,94.72000122070312,95.26000213623047,93.71717834472656,5169400,0.0,0.0
2025-12-29,95.36000061035156,95.61000061035156,94.37000274658203,94.5199966430664,92.98916625976562,8624200,0.0,0.0
2025-12-30,94.7300033569336,94.87999725341797,93.98999786376953,94.30999755859375,92.78256225585938,6417800,0.0,0.0
2025-12-31,94.5,94.68000030517578,93.12000274658203,93.19999694824219,91.69054412841797,7919300,0.0,0.0
2026-01-02,93.30000305175781,95.3499984741211,92.80999755859375,95.19999694824219,93.65814971923828,9242600,0.0,0.0
2026-01-05,95.08999633789062,97.76000213623047,94.9800033569336,96.37999725341797,94.81903839111328,14384000,0.0,0.0
2026-01-06,95.4000015258789,96.55000305175781,95.06999969482422,96.38999938964844,94.8288803100586,12329200,0.0,0.0
2026-01-07,95.70999908447266,95.88999938964844,93.6500015258789,94.29000091552734,92.76289367675781,14589500,0.0,0.0
2026-01-08,94.26000213623047,96.16000366210938,94.19000244140625,95.5999984741211,94.05167388916016,12406000,0.0,0.0
2026-01-09,95.80999755859375,96.56999969482422,95.26000213623047,95.94999694824219,94.39600372314453,10261300,0.0,0.0
2026-01-12,94.83000183105469,95.54000091552734,93.88999938964844,94.95999908447266,93.42204284667969,15958100,0.0,0.0
2026-01-13,95.29000091552734,95.75,93.05999755859375,93.55999755859375,92.04470825195312,21998600,0.0,0.0
2026-01-14,90.75,90.80000305175781,88.05999755859375,89.25,87.80451965332031,33803900,0.0,0.0
2026-01-15,89.33999633789062,89.91000366210938,88.36000061035156,88.95999908447266,87.51921081542969,21738600,0.0,0.0
2026-01-16,88.95999908447266,89.69000244140625,88.08000183105469,88.37999725341797,86.9486083984375,26981600,0.0,0.0
2026-01-20,87.26000213623047,88.63999938964844,86.27999877929688,86.66000366210938,85.2564697265625,19353500,0.0,0.0
2026-01-21,86.5,87.55999755859375,86.02999877929688,86.12000274658203,84.72521209716797,17606700,0.0,0.0
2026-01-22,86.43000030517578,89.0,86.43000030517578,88.04000091552734,86.61412048339844,19668900,0.0,0.0
2026-01-23,87.5,87.70999908447266,86.02999877929688,86.95999908447266,85.5516128540039,15227500,0.0,0.0
2026-01-26,87.0999984741211,88.29000091552734,87.0999984741211,88.05000305175781,86.62395477294922,13047400,0.0,0.0
2026-01-27,88.1500015258789,89.06999969482422,87.4800033569336,88.70999908447266,87.27326202392578,15105000,0.0,0.0
2026-01-28,88.62000274658203,89.05999755859375,86.83999633789062,88.02999877929688,86.60427856445312,16395700,0.0,0.0
2026-01-29,88.69000244140625,90.63999938964844,88.54000091552734,90.63999938964844,89.17200469970703,21497000,0.0,0.0
2026-01-30,90.20999908447266,91.05000305175781,89.75,90.48999786376953,89.0244369506836,18306900,0.0,0.0
2026-02-02,90.16000366210938,92.80000305175781,89.9000015258789,92.2699966430664,90.77560424804688,13835200,0.0,0.0
2026-02-03,92.70999908447266,94.79000091552734,91.9000015258789,92.30999755859375,90.8149642944336,18099000,0.0,0.0
2026-02-04,92.6500015258789,93.91000366210938,92.52999877929688,93.13999938964844,91.63152313232422,12382800,0.0,0.0
2026-02-05,92.8499984741211,93.05999755859375,90.91000366210938,92.01000213623047,90.51982116699219,12641300,0.0,0.0
2026-02-06,92.75,94.6500015258789,92.55999755859375,93.97000122070312,92.9024429321289,13205700,0.45,0.0
2026-02-09,93.75,95.08999633789062,89.0,94.61000061035156,93.53517150878906,20544800,0.0,0.0
2026-02-10,94.30999755859375,95.01000213623047,89.75,91.91000366210938,90.86585235595703,20148400,0.0,0.0
2026-02-11,92.6500015258789,93.08000183105469,88.5,88.94999694824219,87.9394760131836,15461700,0.0,0.0
2026-02-12,89.30999755859375,89.97000122070312,85.83000183105469,86.29000091552734,85.3096923828125,16858200,0.0,0.0
2026-02-13,85.68000030517578,87.44999694824219,85.08999633789062,86.9800033569336,85.99185943603516,12425000,0.0,0.0
2026-02-17,87.83000183105469,88.83999633789062,87.30999755859375,87.4000015258789,86.4070816040039,12361900,0.0,0.0
2026-02-18,87.81999969482422,89.4000015258789,87.6500015258789,88.55999755859375,87.55389404296875,8250900,0.0,0.0
2026-02-19,87.83999633789062,88.16000366210938,86.5999984741211,87.56999969482422,86.57514953613281,10427300,0.0,0.0
2026-02-20,87.36000061035156,88.70999908447266,86.13999938964844,88.69999694824219,87.69231414794922,14255000,0.0,0.0
2026-02-23,88.16999816894531,88.5999984741211,83.77999877929688,85.1500015258789,84.18264770507812,20607000,0.0,0.0
2026-02-24,84.4000015258789,85.19000244140625,82.47000122070312,84.56999969482422,83.6092300415039,18817700,0.0,0.0
2026-02-25,85.19000244140625,86.91999816894531,84.97000122070312,86.76000213623047,85.77435302734375,16620700,0.0,0.0
2026-02-26,86.88999938964844,88.31999969482422,85.58000183105469,86.30000305175781,85.319580078125,18768400,0.0,0.0
2026-02-27,84.66999816894531,84.81999969482422,80.44999694824219,81.44999694824219,80.52467346191406,29145000,0.0,0.0
2026-03-02,79.1500015258789,83.06999969482422,78.94000244140625,82.58000183105469,81.641845703125,21834300,0.0,0.0
2026-03-03,81.0,83.48999786376953,79.8499984741211,82.52999877929688,81.5924072265625,19018600,0.0,0.0
2026-03-04,82.69000244140625,84.04000091552734,82.02999877929688,83.93000030517578,82.97650909423828,18061200,0.0,0.0
2026-03-05,83.6500015258789,83.80000305175781,81.19000244140625,82.11000061035156,81.17717742919922,20939200,0.0,0.0
2026-03-06,80.26000213623047,80.56999969482422,77.94000244140625,80.41999816894531,79.50637817382812,16798900,0.0,0.0
2026-03-09,79.43000030517578,79.79000091552734,76.86000061035156,78.83000183105469,77.9344482421875,24959500,0.0,0.0
2026-03-10,78.94999694824219,79.80000305175781,77.44999694824219,78.30000305175781,77.41046905517578,18481700,0.0,0.0
2026-03-11,78.05000305175781,78.2300033569336,76.5,76.87999725341797,76.00659942626953,17497300,0.0,0.0
2026-03-12,75.4800033569336,75.54000091552734,74.6500015258789,75.25,74.39511108398438,24794100,0.0,0.0
2026-03-13,75.6500015258789,76.20999908447266,74.02999877929688,74.0999984741211,73.2581787109375,15496900,0.0,0.0
2026-03-16,74.83000183105469,75.88999938964844,74.37000274658203,75.75,74.88943481445312,17836300,0.0,0.0
2026-03-17,76.5,77.16999816894531,75.81999969482422,76.2300033569336,75.36398315429688,18173400,0.0,0.0
2026-03-18,75.80999755859375,76.88999938964844,75.80999755859375,76.19000244140625,75.3244400024414,12951200,0.0,0.0
2026-03-19,75.68000030517578,76.80000305175781,74.68000030517578,76.38999938964844,75.52216339111328,18744400,0.0,0.0
2026-03-20,76.4000015258789,77.91999816894531,76.20999908447266,77.5999984741211,76.71841430664062,40461100,0.0,0.0
2026-03-23,79.48999786376953,79.80000305175781,78.12000274658203,78.27999877929688,77.39068603515625,15320800,0.0,0.0
2026-03-24,77.62999725341797,80.47000122070312,77.58000183105469,79.61000061035156,78.70558166503906,19134300,0.0,0.0
2026-03-25,79.51000213623047,80.79000091552734,79.33000183105469,80.26000213623047,79.34820556640625,17213400,0.0,0.0
2026-03-26,79.88999938964844,80.30000305175781,78.72000122070312,79.0199966430664,78.12227630615234,15430500,0.0,0.0
2026-03-27,78.62000274658203,78.62999725341797,76.86000061035156,77.19000244140625,76.31307983398438,13674900,0.0,0.0
2026-03-30,77.87999725341797,78.22000122070312,76.48999786376953,76.80000305175781,75.92750549316406,14311500,0.0,0.0
2026-03-31,77.83000183105469,79.73999786376953,77.44999694824219,79.61000061035156,78.70558166503906,19097600,0.0,0.0
2026-04-01,81.19000244140625,81.69999694824219,80.18000030517578,80.56999969482422,79.65467834472656,14979400,0.0,0.0
2026-04-02,79.41000366210938,80.83999633789062,78.69000244140625,80.5999984741211,79.68433380126953,10001800,0.0,0.0
2026-04-06,80.95999908447266,81.87000274658203,80.76000213623047,81.8499984741211,80.92013549804688,7069200,0.0,0.0
2026-04-07,81.41000366210938,82.08999633789062,80.9000015258789,81.75,80.82127380371094,8820900,0.0,0.0
2026-04-08,84.5,85.7300033569336,84.25,84.66000366210938,83.69821166992188,15130300,0.0,0.0
2026-04-09,84.44999694824219,86.1500015258789,84.44000244140625,86.0199966430664,85.04275512695312,10496100,0.0,0.0
2026-04-10,85.83000183105469,85.9000015258789,84.98999786376953,85.4000015258789,84.4298095703125,7946200,0.0,0.0
2026-04-13,84.58999633789062,86.69999694824219,84.06999969482422,86.63999938964844,85.65571594238281,14506600,0.0,0.0
2026-04-14,83.0199966430664,83.16000366210938,80.31999969482422,81.69999694824219,80.77183532714844,32845600,0.0,0.0
2026-04-15,80.91999816894531,81.69000244140625,80.1500015258789,80.29000091552734,79.37785339355469,31494000,0.0,0.0
2026-04-16,80.08999633789062,81.87000274658203,80.0,81.25,80.32695007324219,20713300,0.0,0.0
2026-04-17,82.12999725341797,82.5999984741211,81.02999877929688,81.41000366210938,80.48513793945312,24033900,0.0,0.0
2026-04-20,81.55000305175781,82.41000366210938,81.23999786376953,81.97000122070312,81.03877258300781,14240500,0.0,0.0
2026-04-21,82.1500015258789,83.0999984741211,81.19999694824219,81.55000305175781,80.62354278564453,17387300,0.0,0.0
2026-04-22,81.55000305175781,81.87999725341797,80.16999816894531,80.58000183105469,79.66455841064453,13724200,0.0,0.0
2026-04-23,80.55999755859375,81.37000274658203,79.73999786376953,80.51000213623047,79.5953598022461,13906500,0.0,0.0
2026-04-24,80.11000061035156,80.37000274658203,79.25,79.41999816894531,78.51773834228516,15419600,0.0,0.0
2026-04-27,79.38999938964844,80.88999938964844,79.33999633789062,80.55999755859375,79.64478302001953,20114400,0.0,0.0
2026-04-28,81.31999969482422,81.94999694824219,80.94000244140625,81.5,80.57411193847656,14826700,0.0,0.0
2026-04-29,81.23999786376953,82.0,80.69999694824219,81.51000213623047,80.58399200439453,19930700,0.0,0.0
2026-04-30,80.81999969482422,82.62999725341797,80.01000213623047,82.2300033569336,81.29582214355469,13535900,0.0,0.0
2026-05-01,82.25,82.66000366210938,80.80999755859375,80.80999755859375,79.8919448852539,14632700,0.0,0.0
2026-05-04,80.58000183105469,80.87000274658203,79.18000030517578,79.18000030517578,78.28047180175781,12968800,0.0,0.0
2026-05-05,79.4000015258789,80.11000061035156,79.01000213623047,79.88999938964844,78.9823989868164,11379900,0.0,0.0
2026-05-06,80.79000091552734,81.4800033569336,80.3499984741211,80.41999816894531,79.50637817382812,14347500,0.0,0.0
2026-05-07,80.69000244140625,81.01000213623047,78.69000244140625,79.16000366210938,78.26069641113281,19094800,0.0,0.0
2026-05-08,79.0,79.02999877929688,75.55000305175781,75.63999938964844,75.20821380615234,31062100,0.45,0.0
2026-05-11,75.66999816894531,75.72000122070312,73.19000244140625,73.58000183105469,73.15998077392578,25403900,0.0,0.0
2026-05-12,73.9000015258789,75.25,72.87000274658203,75.18000030517578,74.75084686279297,21003400,0.0,0.0
2026-05-13,74.1500015258789,74.76000213623047,73.27999877929688,73.52999877929688,73.11026000976562,16343900,0.0,0.0
2026-05-14,73.9800033569336,74.48999786376953,73.22000122070312,73.79000091552734,73.36878204345703,19388500,0.0,0.0
2026-05-15,73.94000244140625,74.05999755859375,72.77999877929688,73.41999816894531,73.00088500976562,16479000,0.0,0.0
2026-05-18,73.33000183105469,74.7699966430664,73.33000183105469,74.37000274658203,73.94547271728516,16934200,0.0,0.0
2026-05-19,74.4800033569336,75.3499984741211,73.8499984741211,74.55000305175781,74.12444305419922,18649800,0.0,0.0
2026-05-20,74.88999938964844,76.30000305175781,73.9800033569336,75.80999755859375,75.37724304199219,14695300,0.0,0.0
2026-05-21,75.58999633789062,76.05999755859375,74.91000366210938,75.91999816894531,75.48661804199219,9433400,0.0,0.0
2026-05-22,76.36000061035156,76.8499984741211,76.12000274658203,76.4000015258789,75.96388244628906,8728900,0.0,0.0
2026-05-26,76.91000366210938,77.66999816894531,76.7699966430664,77.5199966430664,77.07748413085938,21956700,0.0,0.0
2026-05-27,77.12999725341797,77.70999908447266,75.18000030517578,76.11000061035156,75.675537109375,15575700,0.0,0.0
2026-05-28,75.83999633789062,77.62000274658203,75.3499984741211,76.6500015258789,76.21245574951172,14146700,0.0,0.0
2026-05-29,76.62000274658203,77.75,76.33999633789062,77.54000091552734,77.09737396240234,22322900,0.0,0.0
2026-06-01,76.75,78.0199966430664,76.5,77.16999816894531,76.72948455810547,15566900,0.0,0.0
2026-06-02,76.80999755859375,79.54000091552734,76.72000122070312,79.44000244140625,78.98652648925781,19447400,0.0,0.0
2026-06-03,78.87999725341797,79.12999725341797,77.4000015258789,78.68000030517578,78.23086547851562,15236600,0.0,0.0
2026-06-04,79.97000122070312,81.88999938964844,79.72000122070312,81.62000274658203,81.15408325195312,19452100,0.0,0.0
2026-06-05,82.1500015258789,82.44999694824219,81.44999694824219,81.94000244140625,81.47225952148438,15110600,0.0,0.0
2026-06-08,81.80999755859375,82.54000091552734,80.83000183105469,80.95999908447266,80.49784851074219,11481200,0.0,0.0
2026-06-09,81.25,82.55999755859375,80.93000030517578,82.0,81.53191375732422,15565500,0.0,0.0
2026-06-10,81.8499984741211,83.18000030517578,81.44999694824219,81.97000122070312,81.50208282470703,12580800,0.0,0.0
2026-06-11,82.55000305175781,82.91000366210938,80.83000183105469,82.4000015258789,81.92962646484375,10929900,0.0,0.0
2026-06-12,82.93000030517578,84.0999984741211,82.62000274658203,83.7300033569336,83.25203704833984,10526000,0.0,0.0
2026-06-15,84.41999816894531,84.93000030517578,83.02999877929688,83.13999938964844,82.6654052734375,14526900,0.0,0.0
2026-06-16,84.0,85.05999755859375,83.94000244140625,85.05000305175781,84.56450653076172,12400500,0.0,0.0
2026-06-17,85.12999725341797,87.08000183105469,83.58999633789062,83.80999755859375,83.33157348632812,19403500,0.0,0.0
2026-06-18,84.93000030517578,85.56999969482422,81.94999694824219,82.19999694824219,81.73076629638672,36738600,0.0,0.0
2026-06-22,82.72000122070312,84.12999725341797,82.69000244140625,83.83999633789062,83.36140441894531,18657600,0.0,0.0
2026-06-23,84.01000213623047,84.33000183105469,83.05000305175781,84.12999725341797,83.64974975585938,11612300,0.0,0.0
2026-06-24,84.19000244140625,84.48999786376953,83.51000213623047,84.30000305175781,83.81878662109375,11424900,0.0,0.0
2026-06-25,84.27999877929688,86.30000305175781,84.27999877929688,84.73999786376953,84.25627136230469,11403800,0.0,0.0
2026-06-26,84.83000183105469,85.16000366210938,83.0999984741211,83.86000061035156,83.38129425048828,20829300,0.0,0.0
2026-06-29,83.76000213623047,84.58000183105469,83.47000122070312,83.51000213623047,83.03329467773438,16658300,0.0,0.0
2026-06-30,83.69999694824219,83.80000305175781,82.5199966430664,82.63999938964844,82.16825866699219,17283400,0.0,0.0
2026-07-01,82.83000183105469,86.05000305175781,82.75,85.94000244140625,85.44942474365234,14670600,0.0,0.0
2026-07-02,86.61000061035156,86.80000305175781,85.08999633789062,85.51000213623047,85.0218734741211,10782000,0.0,0.0
2026-07-06,86.0,87.62999725341797,85.91999816894531,87.44999694824219,86.95079803466797,9914200,0.0,0.0
2026-07-07,88.02999877929688,88.56999969482422,86.88999938964844,87.18000030517578,86.68234252929688,10029500,0.0,0.0
2026-07-08,86.5199966430664,86.7699966430664,85.0999984741211,85.55999755859375,85.07158660888672,9978600,0.0,0.0
2026-07-09,85.8499984741211,87.44999694824219,85.6500015258789,86.91000366210938,86.41388702392578,13324900,0.0,0.0
2026-07-10,87.5,87.83999633789062,86.6500015258789,87.16000366210938,86.66246032714844,14054800,0.0,0.0
2026-07-13,87.88999938964844,88.01000213623047,86.11000061035156,87.66999816894531,87.16954040527344,15026800,0.0,0.0
2026-07-14,84.8499984741211,88.68000030517578,83.83000183105469,85.29000091552734,84.80313110351562,38943000,0.0,0.0
2026-07-15,85.94000244140625,87.62999725341797,85.69999694824219,87.51000213623047,87.01045989990234,28730300,0.0,0.0
2026-07-16,87.94999694824219,88.9000015258789,87.20999908447266,88.06999969482422,87.5672607421875,20161000,0.0,0.0
2026-07-17,87.73999786376953,89.79000091552734,86.5,87.51000213623047,87.01045989990234,22762700,0.0,0.0
2026-07-20,87.87999725341797,88.56999969482422,86.05999755859375,86.33000183105469,85.83719635009766,17536100,0.0,0.0
2026-07-21,86.68000030517578,88.26000213623047,85.88999938964844,87.73999786376953,87.23914337158203,17605300,0.0,0.0
2026-07-22,88.19000244140625,88.19000244140625,86.25,86.41999816894531,85.92668151855469,15478700,0.0,0.0
2026-07-23,85.77999877929688,86.48999786376953,85.0999984741211,86.19000244140625,85.697998046875,11220700,0.0,0.0
2026-07-24,85.94999694824219,86.94999694824219,85.69999694824219,86.30999755859375,85.81730651855469,11871400,0.0,0.0
2026-07-27,87.30000305175781,87.9000015258789,86.9000015258789,87.2699966430664,86.7718276977539,10379300,0.0,0.0
2026-07-28,87.75,88.22000122070312,86.41000366210938,86.87000274658203,86.37411499023438,16570500,0.0,0.0
2026-07-29,86.8499984741211,87.0199966430664,83.70999908447266,83.87000274658203,83.39124298095703,18076900,0.0,0.0
2026-07-30,84.58000183105469,85.58000183105469,84.0199966430664,85.43000030517578,84.94232940673828,15139000,0.0,0.0
2026-07-31,86.0,86.73999786376953,85.44000244140625,86.44999694824219,85.95650482177734,14776700,0.0,0.0
2026-08-03,87.55999755859375,87.97000122070312,86.41000366210938,87.88999938964844,87.38829040527344,11180000,0.0,0.0
2026-08-04,87.55999755859375,89.43000030517578,87.37000274658203,88.38999938964844,87.88543701171875,16454100,0.0,0.0
2026-08-05,89.2300033569336,89.62000274658203,88.83999633789062,89.16999816894531,88.66098022460938,9613300,0.0,0.0
2026-08-06,89.83999633789062,90.16999816894531,87.19999694824219,87.58999633789062,87.08999633789062,13095000,0.0,0.0
2026-08-07,86.45999908447266,87.36000061035156,86.04000091552734,87.25,87.25,7391000,0.5,0.0
2026-08-10,86.91000366210938,87.80999755859375,86.56999969482422,87.5199966430664,87.5199966430664,12927700,0.0,0.0
2026-08-11,87.62000274658203,88.5,87.25,87.44999694824219,87.44999694824219,11059400,0.0,0.0
2026-08-12,88.0,89.22000122070312,87.4000015258789,88.93000030517578,88.93000030517578,14441100,0.0,0.0
2026-08-13,89.36000061035156,89.5,87.77999877929688,88.11000061035156,88.11000061035156,10459200,0.0,0.0
2026-08-14,88.06999969482422,88.83999633789062,87.76000213623047,88.81999969482422,88.81999969482422,8788100,0.0,0.0
2026-08-17,88.72000122070312,89.52999877929688,87.4800033569336,87.54000091552734,87.54000091552734,14586000,0.0,0.0
2026-08-18,88.30000305175781,88.30000305175781,86.8499984741211,87.4000015258789,87.4000015258789,8219400,0.0,0.0
2026-08-19,87.41000366210938,87.41000366210938,85.58000183105469,85.94000244140625,85.94000244140625,10692400,0.0,0.0
2026-08-20,85.62000274658203,85.66999816894531,83.62000274658203,83.69999694824219,83.69999694824219,13730000,0.0,0.0
2026-08-21,84.5,85.0,83.4800033569336,83.83999633789062,83.83999633789062,13304500,0.0,0.0
2026-08-24,84.22000122070312,85.68000030517578,84.0199966430664,84.72000122070312,84.72000122070312,7948400,0.0,0.0
2026-08-25,84.9800033569336,85.1500015258789,83.87999725341797,84.79000091552734,84.79000091552734,8984500,0.0,0.0
2026-08-26,84.98999786376953,85.58999633789062,84.0999984741211,85.2300033569336,85.2300033569336,9896500,0.0,0.0
2026-08-27,84.76000213623047,85.29000091552734,83.72000122070312,84.97000122070312,84.97000122070312,10844000,0.0,0.0
2026-08-28,85.41000366210938,86.72000122070312,85.19999694824219,86.69000244140625,86.69000244140625,12024000,0.0,0.0
2026-08-31,86.29000091552734,87.08999633789062,85.87999725341797,86.38999938964844,86.38999938964844,19125600,0.0,0.0
2026-09-01,86.44000244140625,87.94000244140625,86.01000213623047,87.04000091552734,87.04000091552734,19322900,0.0,0.0
2026-09-02,87.75,90.08999633789062,87.58000183105469,89.2699966430664,89.2699966430664,20602400,0.0,0.0
2026-09-03,89.80000305175781,90.33999633789062,88.68000030517578,89.19000244140625,89.19000244140625,13206000,0.0,0.0
2026-09-04,88.75,90.12999725341797,88.7300033569336,89.97000122070312,89.97000122070312,8003900,0.0,0.0
2026-09-08,89.63999938964844,89.7300033569336,87.95999908447266,87.95999908447266,87.95999908447266,9752600,0.0,0.0
2026-09-09,87.55999755859375,89.94000244140625,87.19999694824219,89.66999816894531,89.66999816894531,14583100,0.0,0.0
2026-09-10,89.6500015258789,89.98999786376953,88.6500015258789,89.44999694824219,89.44999694824219,13089100,0.0,0.0
2026-09-11,90.73999786376953,91.16000366210938,89.76000213623047,90.29000091552734,90.29000091552734,12927800,0.0,0.0
2026-09-14,90.16999816894531,90.4800033569336,87.37999725341797,88.70999908447266,88.70999908447266,15725100,0.0,0.0
2026-09-15,90.5199966430664,91.98999786376953,87.91000366210938,89.72000122070312,89.72000122070312,15940800,0.0,0.0
2026-09-16,89.72000122070312,89.72000122070312,86.0999984741211,87.05000305175781,87.05000305175781,13555700,0.0,0.0
2026-09-17,87.7699966430664,87.88999938964844,85.79000091552734,86.88999938964844,86.88999938964844,12615700,0.0,0.0
2026-09-18,86.26000213623047,86.73999786376953,85.94999694824219,86.12000274658203,86.12000274658203,25025000,0.0,0.0
2026-09-21,86.83000183105469,87.1500015258789,86.2300033569336,86.54000091552734,86.54000091552734,9707100,0.0,0.0
2026-09-22,86.62000274658203,86.62000274658203,82.79000091552734,83.1500015258789,83.1500015258789,15861400,0.0,0.0
2026-09-23,82.75,83.4000015258789,81.80999755859375,81.9000015258789,81.9000015258789,14614600,0.0,0.0
2026-09-24,81.79000091552734,82.54000091552734,80.94999694824219,82.18000030517578,82.18000030517578,12231600,0.0,0.0
2026-09-25,82.30000305175781,83.0999984741211,81.73999786376953,82.97000122070312,82.97000122070312,9451500,0.0,0.0
2026-09-28,82.69999694824219,82.88999938964844,80.58000183105469,80.80999755859375,80.80999755859375,13108800,0.0,0.0
2026-09-29,80.62000274658203,81.12999725341797,80.12000274658203,80.4800033569336,80.4800033569336,12884500,0.0,0.0
2026-09-30,80.25,80.87999725341797,79.81999969482422,80.05000305175781,80.05000305175781,17820200,0.0,0.0
2026-10-01,79.3499984741211,80.33000183105469,78.0,80.25,80.25,17491100,0.0,0.0
2026-10-02,80.31999969482422,80.73999786376953,79.80999755859375,80.44999694824219,80.44999694824219,10115200,0.0,0.0
